brand,style_code,title,url,category,category_house,lines,composition,lead_fibre,lead_pct,elastane_pct,pure,single_fibre,note
Aether Apparel,silance-snow-shell-jacket-atlas-blue,Silance Snow-Shell Jacket,https://aetherapparel.com/products/silance-snow-shell-jacket-atlas-blue,outerwear,Outerwear - Snow,Snow,Shell 1: 100% Nylon | Shell 2: 100% Polyester,polyamide,100,0,synthetic,polyamide,Shell 1 used; 3 live colourway listings; Made in Vietnam; $925
Aether Apparel,silance-snow-shell-pant-atlas-blue,Silance Snow-Shell Pant,https://aetherapparel.com/products/silance-snow-shell-pant-atlas-blue,trousers,Bottoms - Snow,Snow,Shell 1: 100% Nylon | Shell 2: 100% Polyester,polyamide,100,0,synthetic,polyamide,Shell 1 used; 3 live colourway listings; Made in Vietnam; $625
Aether Apparel,anchorage-down-jacket-onyx-black,Anchorage Down Jacket,https://aetherapparel.com/products/anchorage-down-jacket-onyx-black,outerwear,Outerwear - Snow,Snow,"90% Recycled Nylon, 10% Elastane",polyamide,90,10,synthetic,-,1 live colourway listings; Made in Vietnam; $1095
Aether Apparel,nordic-jacket-2-0-total-eclipse,Nordic Jacket 2.0,https://aetherapparel.com/products/nordic-jacket-2-0-total-eclipse,outerwear,Outerwear - Snow,Snow,"Shell 1: 89% Nylon, 11% Polyurethane | Shell 2: 75% Wool, 25% Polyamide | Lining: 90% Nylon, 10% Elastane | Fill: 90% Recycled Duck Down, 10% Recycled Duck Feather",polyamide,89,0,synthetic,-,Shell 1 used; 3 live colourway listings; Made in Vietnam; $895
Aether Apparel,rex-down-jacket-saville-green,Rex Down Jacket,https://aetherapparel.com/products/rex-down-jacket-saville-green,outerwear,Outerwear,-,"90% Nylon, 10% Elastane | Lining: 90% Nylon, 10% Elastane | Baffle: 100% Polyester | Fill: 90% Goose Down, 10% Feather | Premium Italian brushed-cotton fabric at interior collar",polyamide,90,10,synthetic,-,3 live colourway listings; Made in China; $750
Aether Apparel,alpine-half-zip-seamless-base-layer-graphite,Alpine Half-Zip Seamless Base Layer,https://aetherapparel.com/products/alpine-half-zip-seamless-base-layer-graphite,underwear-swim,Base Layers,Base Layers,"53% Merino Wool, 42% Polyamide, 5% Elastane",wool,53,5,blend,-,1 live colourway listings; Made in Portugal; $165
Aether Apparel,alpine-seamless-base-layer-crew-onyx-black,Alpine Seamless Base Layer Crew,https://aetherapparel.com/products/alpine-seamless-base-layer-crew-onyx-black,underwear-swim,Base Layers,Base Layers,"53% Merino Wool, 42% Polyamide, 5% Elastane",wool,53,5,blend,-,2 live colourway listings; Made in Portugal; $155
Aether Apparel,alpine-seamless-base-layer-pant-onyx-black,Alpine Seamless Base Layer Pant,https://aetherapparel.com/products/alpine-seamless-base-layer-pant-onyx-black,underwear-swim,Base Layers,Base Layers,"53% Merino Wool, 42% Polyamide, 5% Elastane",wool,53,5,blend,-,2 live colourway listings; Made in Portugal; $155
Aether Apparel,maxwell-insulated-trench-onyx-black,Maxwell Insulated Trench,https://aetherapparel.com/products/maxwell-insulated-trench-onyx-black,outerwear,Outerwear - Insulated,-,"Two-layer Dermizax™ balance 4-way stretch | 89% nylon, 11% polyurethane",polyamide,89,0,synthetic,-,2 live colourway listings; Made in Vietnam; $895
Aether Apparel,coastal-waffle-sweater-heather-grey,Coastal Waffle Sweater,https://aetherapparel.com/products/coastal-waffle-sweater-heather-grey,knitwear,Sweaters,-,"58% cashmere, 39% recycled cashmere, 2% nylon, 1% elastane",cashmere,97,1,blend,-,recycled + virgin cashmere summed; 2 live colourway listings; Made in China; $550
Aether Apparel,monza-wool-jacket-2-0-charcoal-grey,Monza Wool Jacket 2.0,https://aetherapparel.com/products/monza-wool-jacket-2-0-charcoal-grey,outerwear,Outerwear - Insulated,-,"80% virgin wool, 20% polyamide",wool,80,0,blend,-,2 live colourway listings; Made in Vietnam; $650
Aether Apparel,strata-wool-pant-charcoal-heather,Strata Wool Pant,https://aetherapparel.com/products/strata-wool-pant-charcoal-heather,trousers,Bottoms - Woven Pants,-,"70% wool, 30% polyamide",wool,70,0,blend,-,2 live colourway listings; Made in Portugal; $395
Aether Apparel,alder-chambray-button-down-black,Alder Chambray Button-Down,https://aetherapparel.com/products/alder-chambray-button-down-black,shirts,Woven Tops,-,100% cotton,cotton,100,0,natural,cotton,3 live colourway listings; Made in Sri Lanka; $175
Aether Apparel,milton-chore-jacket-forest-green,Milton Chore Jacket,https://aetherapparel.com/products/milton-chore-jacket-forest-green,outerwear,Outerwear - Non-insulated,-,"48% Polyamide, 40% Polyester, 12% Polyurethane",polyamide,48,0,synthetic,-,2 live colourway listings; Made in Vietnam; $495
Aether Apparel,pioneer-blanket-button-down-bone,Pioneer Heavyweight Button-Down,https://aetherapparel.com/products/pioneer-blanket-button-down-bone,shirts,Woven Tops,-,"Manteco® Italian fabric | 76% cotton, 24% polyester",cotton,76,0,blend,-,Manteco named (mill); 4 live colourway listings; Made in Sri Lanka; $325
Aether Apparel,nova-insulated-button-down-ash-brown,Nova Insulated Button-Down,https://aetherapparel.com/products/nova-insulated-button-down-ash-brown,shirts,Woven Tops,-,"75% virgin wool, 25% polyamide | Content: 70% wool, 30% Polyamide",wool,75,0,blend,-,"page gives two contents: 75/25 then ""Content: 70% wool, 30% Polyamide""; first used; 3 live colourway listings; Made in Vietnam; $425"
Aether Apparel,daley-waffle-henley-bone,Daley Waffle Henley,https://aetherapparel.com/products/daley-waffle-henley-bone,tees-polos,Knit Tops,-,Shell: 100% Cotton | Rib: 100% Cotton,cotton,100,0,natural,cotton,3 live colourway listings; Made in Portugal; $145
Aether Apparel,daley-waffle-shirt-forest-green,Daley Waffle Shirt,https://aetherapparel.com/products/daley-waffle-shirt-forest-green,tees-polos,Knit Tops,-,Shell: 100% Cotton | Rib: 100% Cotton,cotton,100,0,natural,cotton,3 live colourway listings; Made in Portugal; $135
Aether Apparel,caden-work-shirt-ash-brown,Caden Work Shirt,https://aetherapparel.com/products/caden-work-shirt-ash-brown,shirts,Woven Tops,-,100% Cotton,cotton,100,0,natural,cotton,5 live colourway listings; Made in Sri Lanka; $195
Aether Apparel,flint-chino-pant-ash-brown,Flint Chino Pant,https://aetherapparel.com/products/flint-chino-pant-ash-brown,trousers,Bottoms - Woven Pants,-,"98% organic cotton, 2% elastane",cotton,98,2,blend,-,1 live colourway listings; Made in Portugal; $225
Aether Apparel,porter-5-pocket-pant-bone,Porter 5-Pocket Pant,https://aetherapparel.com/products/porter-5-pocket-pant-bone,trousers,Bottoms - Knit Pants,-,100% cotton,cotton,100,0,natural,cotton,4 live colourway listings; Made in Portugal; $225
Aether Apparel,pacer-jacket-onyx-black,Pacer Jacket,https://aetherapparel.com/products/pacer-jacket-onyx-black,outerwear,Outerwear - Insulated,-,"Plain weave taffeta | Shell: 57% polyester, 43% recycled polyester | Rib: 65% polyester, 35% cotton",polyester,100,0,synthetic,polyester,"first line ""Plain weave taffeta"" has no fibre; Shell line used; 3 live colourway listings; Made in Vietnam; $450"
Aether Apparel,alto-jacket-2-0-autumn-orange,Alto Jacket 2.0,https://aetherapparel.com/products/alto-jacket-2-0-autumn-orange,outerwear,Outerwear - Insulated,-,Content: 100% polyester,polyester,100,0,synthetic,polyester,4 live colourway listings; Made in Vietnam; $525
Aether Apparel,hybrid-tech-anorak-onyx-black,Hybrid Tech Anorak,https://aetherapparel.com/products/hybrid-tech-anorak-onyx-black,outerwear,Outerwear - Insulated,-,"Main Body: 52% polyester, 38% nylon, 10% spandex | Combo Fabric: 100% recycled polyester",polyester,52,10,synthetic,-,2 live colourway listings; Made in Vietnam; $395
Aether Apparel,hybrid-tech-full-zip-2-0-saville-green,Hybrid Tech Full-Zip 2.0,https://aetherapparel.com/products/hybrid-tech-full-zip-2-0-saville-green,outerwear,Outerwear - Insulated,-,"Main Body: 52% polyester, 38% nylon, 10% spandex | Combo Fabric: 100% recycled polyester",polyester,52,10,synthetic,-,2 live colourway listings; Made in Vietnam; $425
Aether Apparel,benson-full-zip-sweater-onyx-black,Benson Full-Zip Sweater,https://aetherapparel.com/products/benson-full-zip-sweater-onyx-black,knitwear,Sweaters,-,100% extra fine merino wool,wool,100,0,natural,wool,3 live colourway listings; Made in China; $550
Aether Apparel,sawyer-cashmere-full-zip-heather-grey,Sawyer Cashmere Full-Zip,https://aetherapparel.com/products/sawyer-cashmere-full-zip-heather-grey,knitwear,Sweaters,-,"60% cashmere, 40% recycled cashmere | Contrast: 100% polyester",cashmere,100,0,natural,cashmere,2 live colourway listings; Made in China; $625
Aether Apparel,sutherlin-full-zip-fleece-charcoal-heather,Sutherlin Full-Zip Fleece,https://aetherapparel.com/products/sutherlin-full-zip-fleece-charcoal-heather,sweats,Fleece,-,"Polartec® micro fleece fabric | 61% recycled polyester, 39% polyester",polyester,100,0,synthetic,polyester,3 live colourway listings; Made in Vietnam; $275
Aether Apparel,sutherlin-pant-forest-green,Sutherlin Pant,https://aetherapparel.com/products/sutherlin-pant-forest-green,sweats,Bottoms - Fleece Pants,-,"61% recycled polyester, 39% polyester",polyester,100,0,synthetic,polyester,3 live colourway listings; Made in Portugal; $225
Aether Apparel,corbin-sweater-portal-blue,Corbin Sweater,https://aetherapparel.com/products/corbin-sweater-portal-blue,knitwear,Sweaters,-,100% extra fine merino wool,wool,100,0,natural,wool,7 live colourway listings; Made in China; $295
Aether Apparel,riley-full-zip-sweater-forest-green,Riley Full-Zip Sweater,https://aetherapparel.com/products/riley-full-zip-sweater-forest-green,knitwear,Sweaters,-,100% merino wool,wool,100,0,natural,wool,5 live colourway listings; Made in China; $450
Aether Apparel,aero-crewneck-sweater-2-0-lino-tan,Aero Crewneck Sweater 2.0,https://aetherapparel.com/products/aero-crewneck-sweater-2-0-lino-tan,knitwear,Sweaters,-,"50% organic cotton, 50% upcycled cotton | Soft and textured jersey-knit stitch",cotton,100,0,natural,cotton,3 live colourway listings; Made in China; $245
Aether Apparel,walden-tech-pant-saville-green,Walden Tech Pant,https://aetherapparel.com/products/walden-tech-pant-saville-green,trousers,Bottoms - Woven Pants,-,"80% recycled polyester, 20% polyester",polyester,100,0,synthetic,polyester,3 live colourway listings; Made in Vietnam; $265
Aether Apparel,launch-vest-sky-grey,Launch Vest,https://aetherapparel.com/products/launch-vest-sky-grey,outerwear,Outerwear - Vests,-,"85% nylon, 15% spandex; pre-baffled",polyamide,85,15,synthetic,-,4 live colourway listings; Made in Vietnam; $375
Aether Apparel,m-phase-vest-total-eclipse,M Phase Vest,https://aetherapparel.com/products/m-phase-vest-total-eclipse,outerwear,Outerwear - Vests,-,"Shell: 100% polyester | Contrast: 90% cotton, 10% cashmere",polyester,100,0,synthetic,polyester,Shell line used; 2 live colourway listings; Made in Vietnam; $550
Aether Apparel,prospect-packable-down-jacket-sky-grey,Prospect Packable Down Jacket,https://aetherapparel.com/products/prospect-packable-down-jacket-sky-grey,outerwear,Outerwear - Insulated,-,100% nylon,polyamide,100,0,synthetic,polyamide,4 live colourway listings; Made in Vietnam; $525
Aether Apparel,storm-all-weather-jacket-fern-green,Storm All-Weather Jacket,https://aetherapparel.com/products/storm-all-weather-jacket-fern-green,outerwear,Outerwear - Non-insulated,-,Front: 100% Polyester | Back: 100% Nylon,polyester,100,0,synthetic,polyester,4 live colourway listings; Made in Vietnam; $395
Aether Apparel,reeves-down-poncho-onyx-black,Reeves Down Poncho,https://aetherapparel.com/products/reeves-down-poncho-onyx-black,outerwear,Outerwear - Insulated,-,"90% recycled nylon, 10% elastane",polyamide,90,10,synthetic,-,1 live colourway listings; Made in Vietnam; $450
Aether Apparel,monte-jersey-hoodie-2-0-bone,Monte Jersey Hoodie 2.0,https://aetherapparel.com/products/monte-jersey-hoodie-2-0-bone,sweats,Fleece,-,100% cotton,cotton,100,0,natural,cotton,3 live colourway listings; Made in Mexico; $225
Aether Apparel,rylan-sweatpant-bone,Rylan Sweatpant,https://aetherapparel.com/products/rylan-sweatpant-bone,sweats,Bottoms - Fleece Pants,-,100% cotton,cotton,100,0,natural,cotton,4 live colourway listings; Made in Portugal; $225
Aether Apparel,rylan-cuffed-sweatpant-saville-green,Rylan Cuffed Sweatpant,https://aetherapparel.com/products/rylan-cuffed-sweatpant-saville-green,sweats,Bottoms - Fleece Pants,-,"100% Cotton | Rib: 95% Cotton, 5% Elastane",cotton,100,0,natural,cotton,rib elastane excluded (trim); 4 live colourway listings; Made in Portugal; $225
Aether Apparel,rylan-crewneck-sweatshirt-saville-green,Rylan Crewneck Sweatshirt,https://aetherapparel.com/products/rylan-crewneck-sweatshirt-saville-green,sweats,Fleece - Tops,-,"100% Cotton  | Rib: 95% Cotton, 5% Elastane",cotton,100,0,natural,cotton,rib elastane excluded (trim); 4 live colourway listings; Made in Portugal; $225
Aether Apparel,harlow-long-sleeve-premium-tee-total-eclipse,Harlow Long-Sleeve Premium Tee,https://aetherapparel.com/products/harlow-long-sleeve-premium-tee-total-eclipse,tees-polos,Knit Tops,-,100% Cotton,cotton,100,0,natural,cotton,4 live colourway listings; Made in Portugal; $115
Aether Apparel,gabriel-articulated-chino-stretch-desert-tan,Gabriel Articulated Chino Stretch,https://aetherapparel.com/products/gabriel-articulated-chino-stretch-desert-tan,trousers,Bottoms - Woven Pants,-,"50% Organic Cotton, 48% Cotton, 2% Lycra",cotton,98,2,blend,-,3 live colourway listings; Made in Portugal; $275
Aether Apparel,pacific-hooded-sun-shirt-portal-blue,Pacific Hooded Sun Shirt,https://aetherapparel.com/products/pacific-hooded-sun-shirt-portal-blue,shirts,Woven Tops,-,100% recycled polyester,polyester,100,0,synthetic,polyester,3 live colourway listings; Made in Vietnam; $195
Aether Apparel,pacific-crewneck-sun-shirt-sky-grey,Pacific Crewneck Sun Shirt,https://aetherapparel.com/products/pacific-crewneck-sun-shirt-sky-grey,shirts,Woven Tops,-,100% recycled polyester,polyester,100,0,synthetic,polyester,3 live colourway listings; Made in Vietnam; $175
Aether Apparel,adventure-performance-long-sleeve-tee-portal-blue,Adventure Performance Long-Sleeve Tee,https://aetherapparel.com/products/adventure-performance-long-sleeve-tee-portal-blue,tees-polos,Woven Tops,-,"Ease Cool nylon | 88% microfiber nylon, 12% spandex",polyamide,88,12,synthetic,-,3 live colourway listings; Made in Vietnam; $135
Aether Apparel,adventure-performance-short-sleeve-tee-white,Adventure Performance Short-Sleeve Tee,https://aetherapparel.com/products/adventure-performance-short-sleeve-tee-white,tees-polos,Woven Tops,-,"Ease Cool nylon | 88% microfiber nylon, 12% spandex",polyamide,88,12,synthetic,-,3 live colourway listings; Made in Vietnam; $115
Aether Apparel,velo-short-onyx-black,Velo Short,https://aetherapparel.com/products/velo-short-onyx-black,shorts,Bottoms - Woven Shorts,-,"89% Nylon, 11% Elastane",polyamide,89,11,synthetic,-,3 live colourway listings; Made in Vietnam; $225
Aether Apparel,rogue-hybrid-short-graphite,Rogue Hybrid Short,https://aetherapparel.com/products/rogue-hybrid-short-graphite,shorts,Bottoms - Woven Shorts,-,"Bi-stretch recycled polyester | 45% polyester, 45% recycled polyester, 10% elastane | Liner: 88% microfiber nylon, 12% spandex (Ease Cool Nylon)",polyester,90,10,synthetic,-,3 live colourway listings; Made in Vietnam; $225
Aether Apparel,aires-lightweight-windbreaker-onyx-black,Aires Lightweight Windbreaker,https://aetherapparel.com/products/aires-lightweight-windbreaker-onyx-black,outerwear,Outerwear - Non-Insulated,-,100% recycled vintage-peached nylon,polyamide,100,0,synthetic,polyamide,2 live colourway listings; Made in Vietnam; $395
Aether Apparel,landon-jacket-bone,Landon Jacket,https://aetherapparel.com/products/landon-jacket-bone,outerwear,Outerwear - Non-insulated,-,"66% Nylon, 34% Recycled Nylon",polyamide,100,0,synthetic,polyamide,3 live colourway listings; Made in Vietnam; $395
Aether Apparel,emerson-button-down-light-blue,Emerson Button Down,https://aetherapparel.com/products/emerson-button-down-light-blue,shirts,Woven Tops,-,"100% lightweight, garment-washed chambray cotton",cotton,100,0,natural,cotton,2 live colourway listings; Made in Sri Lanka; $275
Aether Apparel,rocklin-half-zip-portal-blue,Rocklin Half-Zip,https://aetherapparel.com/products/rocklin-half-zip-portal-blue,sweats,Knit Tops,-,"8% Spandex, 92% Recycled Polyester | 85% Recycled Nylon, 15% Spandex",polyester,92,8,synthetic,-,first composition used; second panel 85% recycled nylon 15% spandex; 2 live colourway listings; Made in Vietnam; $275
Aether Apparel,sutherlin-half-zip-fleece-forest-green,Sutherlin Half-Zip Fleece,https://aetherapparel.com/products/sutherlin-half-zip-fleece-forest-green,sweats,Fleece,-,"Polartec® micro fleece fabric | 61% recycled polyester, 39% polyester",polyester,100,0,synthetic,polyester,3 live colourway listings; Made in Vietnam; $250
Aether Apparel,m-phase-full-zip-bone,M Phase Full-Zip,https://aetherapparel.com/products/m-phase-full-zip-bone,outerwear,Midlayers,-,"100% polyester, water-resistant woven shell fabric | Cotton-cashmere blend (90% cotton, 10% cashmere) at sleeves and side panels",polyester,100,0,synthetic,polyester,main woven shell; 90/10 cotton-cashmere at sleeves/sides not main; 3 live colourway listings; Made in China; $595
Aether Apparel,eco-insulated-jacket-bone,Eco Insulated Jacket,https://aetherapparel.com/products/eco-insulated-jacket-bone,outerwear,Midlayers,-,100% recycled polyester ripstop fabric from Japan | PFC-free C0 DWR,polyester,100,0,synthetic,polyester,4 live colourway listings; Made in China; $275
Aether Apparel,eco-insulated-vest-onyx-black,Eco Insulated Vest,https://aetherapparel.com/products/eco-insulated-vest-onyx-black,outerwear,Outerwear - Vests,-,100% recycled polyester ripstop fabric from Japan | PFC-free C0 DWR,polyester,100,0,synthetic,polyester,4 live colourway listings; Made in China; $250
Aether Apparel,mulholland-motorcycle-jacket-special-edition-onyx-black,Mulholland Motorcycle Jacket,https://aetherapparel.com/products/mulholland-motorcycle-jacket-special-edition-onyx-black,outerwear,Outerwear - Moto,Motorcycle,"100% heavy waterproof, 3-layered Japanese nylon | EN 17092-4:2020 (Class A) | Removable D3O® Ghost™ L1 shoulder, elbow and back pads — CE level 1",polyamide,100,0,synthetic,polyamide,"""100% ... Japanese nylon""; Mulholland handle is ""special-edition"" but sold in main range; 4 live colourway listings; Made in Vietnam; $650"
Aether Apparel,ramble-motorcycle-pant-3-0-onyx-black,Ramble Motorcycle Pant 3.0,https://aetherapparel.com/products/ramble-motorcycle-pant-3-0-onyx-black,trousers,Bottoms - Moto,Motorcycle,"56% Nylon, 24 % Polyester, 12% Elastane, 8% polyurethane | 3-layer Schoeller® woven fabric | Removable D3O® Ghost™ L2 hip and knee pads — CE level 2",polyamide,56,12,synthetic,-,Schoeller named; 2 live colourway listings; Made in Vietnam; $550
Aether Apparel,frontier-hooded-shell-jacket-gunmetal,Frontier Hooded Shell Jacket,https://aetherapparel.com/products/frontier-hooded-shell-jacket-gunmetal,outerwear,Outerwear - Non-insulated,-,100% Polyester,polyester,100,0,synthetic,polyester,3 live colourway listings; Made in Vietnam; $435
Aether Apparel,frontier-pant-gunmetal,Frontier Pant,https://aetherapparel.com/products/frontier-pant-gunmetal,trousers,Bottoms - Woven Pants,-,100% Polyester,polyester,100,0,synthetic,polyester,3 live colourway listings; Made in Vietnam; $375
Aether Apparel,harlow-premium-tee-onyx-black,Harlow Premium Tee,https://aetherapparel.com/products/harlow-premium-tee-onyx-black,tees-polos,Knit Tops,-,100% Cotton,cotton,100,0,natural,cotton,4 live colourway listings; Made in Portugal; $105
Aether Apparel,launch-full-zip-jacket-nh-portal-blue,Launch Full-Zip Jacket,https://aetherapparel.com/products/launch-full-zip-jacket-nh-portal-blue,outerwear,Outerwear - Insulated,-,85% nylon 15% spandex; pre-baffled,polyamide,85,15,synthetic,-,4 live colourway listings; Made in Vietnam; $425
Aether Apparel,launch-full-zip-hooded-jacket-fern-green,Launch Full-Zip Hooded Jacket,https://aetherapparel.com/products/launch-full-zip-hooded-jacket-fern-green,outerwear,Outerwear - Insulated,-,Pre-baffled fabric construction,ND,ND,ND,undisclosed,-,"""Pre-baffled fabric construction"" only; 3 live colourway listings; Made in China; $450"
Aether Apparel,wallace-rain-parka-onyx-black,Wallace Rain Parka,https://aetherapparel.com/products/wallace-rain-parka-onyx-black,outerwear,Outerwear - Non-insulated,-,"3L Sorona Stretch | 40% Sorona, 60% Polyester",polyester,100,0,synthetic,polyester,Sorona (PTT) read as polyester; 2 live colourway listings; Made in Vietnam; $550
Aether Apparel,mojave-motorcycle-jacket-2-0-stone-brown,Mojave Motorcycle Jacket 2.0,https://aetherapparel.com/products/mojave-motorcycle-jacket-2-0-stone-brown,outerwear,Outerwear - Moto,Motorcycle,100% Cotton  | Removable D3O® Ghost™ L2 shoulder and elbow pads — CE level 2 | Removable D3O Air L2 back pad -- CE level 2,cotton,100,0,natural,cotton,2 live colourway listings; Made in Vietnam; $595
Aether Apparel,mojave-motorcycle-pant-2-0-stone-brown,Mojave Motorcycle Pant 2.0,https://aetherapparel.com/products/mojave-motorcycle-pant-2-0-stone-brown,trousers,Bottoms - Moto,Motorcycle,100% Cotton  | Removable D3O® Ghost™ L2 hip and knee pads — CE level 2,cotton,100,0,natural,cotton,2 live colourway listings; Made in Vietnam; $475
Aether Apparel,gage-cotton-pant-fern-green,Gage Cotton Pant,https://aetherapparel.com/products/gage-cotton-pant-fern-green,trousers,Bottoms - Woven Pants,-,100% Cotton,cotton,100,0,natural,cotton,3 live colourway listings; Made in Vietnam; $285
Aether Apparel,slub-pocket-tee-2-0-gunmetal,Slub Pocket Tee 2.0,https://aetherapparel.com/products/slub-pocket-tee-2-0-gunmetal,tees-polos,Knit Tops,-,Textured slub fabric | 100% Cotton,cotton,100,0,natural,cotton,4 live colourway listings; Made in Portugal; $95
Aether Apparel,slub-pocket-long-sleeve-tee-2-0-portal-blue,Slub Pocket Long-Sleeve Tee 2.0,https://aetherapparel.com/products/slub-pocket-long-sleeve-tee-2-0-portal-blue,tees-polos,Knit Tops,-,Textured Slub Fabric | 100% Cotton,cotton,100,0,natural,cotton,4 live colourway listings; Made in Portugal; $105
Aether Apparel,standard-tee-white,Standard Tee,https://aetherapparel.com/products/standard-tee-white,tees-polos,Knit Tops,-,100% Cotton,cotton,100,0,natural,cotton,5 live colourway listings; Made in Portugal; $75
Aether Apparel,eco-space-hoodie-autumn-orange,Eco Space Hoodie,https://aetherapparel.com/products/eco-space-hoodie-autumn-orange,outerwear,Midlayers,-,100% recycled polyester ripstop fabric from Japan | PFC-free C0 DWR,polyester,100,0,synthetic,polyester,4 live colourway listings; Made in China; $295
Aether Apparel,graphic-tee-aether-logo-white,Graphic Tee: AETHER Logo,https://aetherapparel.com/products/graphic-tee-aether-logo-white,tees-polos,Woven Tops,-,100% Organic tanquis cotton,cotton,100,0,natural,cotton,"""tanquis"" as written (Tanguis cotton); 2 live colourway listings; Made in Peru; $60"
Aether Apparel,line-rain-poncho-total-eclipse,Line Rain Poncho,https://aetherapparel.com/products/line-rain-poncho-total-eclipse,outerwear,Outerwear - Non-insulated,-,"86% polyamide, 14% spandex | Waterproof, 3-layered",polyamide,86,14,synthetic,-,2 live colourway listings; Made in China; $550
Aether Apparel,monte-half-zip-sweatshirt-total-eclipse,Monte Half-Zip Sweatshirt,https://aetherapparel.com/products/monte-half-zip-sweatshirt-total-eclipse,sweats,Sweaters,-,100% organic (BCI) cotton,cotton,100,0,natural,cotton,3 live colourway listings; Made in Mexico; $225
Aether Apparel,lyon-sweater-gunmetal,Lyon Sweater,https://aetherapparel.com/products/lyon-sweater-gunmetal,knitwear,Sweaters,-,"80% extra fine merino wool, 20% nylon | Merino-wool blend yarn",wool,80,0,blend,-,3 live colourway listings; Made in China; $375
Aether Apparel,benson-crewneck-sweater-total-eclipse,Benson Crewneck Sweater,https://aetherapparel.com/products/benson-crewneck-sweater-total-eclipse,knitwear,Sweaters,-,"100% extra-fine merino wool | Top-applied, water repellent woven back yoke and shoulders",wool,100,0,natural,wool,2 live colourway listings; Made in China; $395
Aether Apparel,benson-hooded-sweater-oatmeal,Benson Hooded Sweater,https://aetherapparel.com/products/benson-hooded-sweater-oatmeal,knitwear,Sweaters,-,"100% extra-fine merino wool | Top-applied, water repellent woven back yoke and shoulders",wool,100,0,natural,wool,2 live colourway listings; Made in China; $425
Aether Apparel,emery-pima-polo-summit-blue,Emery Pima Polo,https://aetherapparel.com/products/emery-pima-polo-summit-blue,tees-polos,Knit Tops,-,"100% pima cotton jersey sourced from Pima, Peru under Global Organic Textile Standards (GOTS-certified)",cotton,100,0,natural,cotton,6 live colourway listings; Made in Peru; $135
Aether Apparel,polar-base-layer-crew-onyx-black,Polar Base Layer Crew,https://aetherapparel.com/products/polar-base-layer-crew-onyx-black,underwear-swim,Base Layers,Base Layers,"Polartec® Power Grid™ Fabric | 84% polyester, 16% spandex",polyester,84,16,synthetic,-,1 live colourway listings; Made in USA; $145
Aether Apparel,polar-base-layer-pant-onyx-black,Polar Base Layer Pant,https://aetherapparel.com/products/polar-base-layer-pant-onyx-black,underwear-swim,Base Layers,Base Layers,"Polartec®  Power Grid™ fabric | 84% polyester, 16% spandex",polyester,84,16,synthetic,-,1 live colourway listings; Made in USA; $135
Aether Apparel,emery-pima-henley-onyx-black,Emery Pima Henley,https://aetherapparel.com/products/emery-pima-henley-onyx-black,tees-polos,Knit Tops,-,"100% pima cotton jersey sourced from Pima, Peru under Global Organic Textile Standards (GOTS-certified)",cotton,100,0,natural,cotton,3 live colourway listings; Made in Peru; $135
Aether Apparel,down-poncho-command-green,Down Poncho,https://aetherapparel.com/products/down-poncho-command-green,outerwear,Outerwear - Insulated,-,Matte woven shell and lining,ND,ND,ND,undisclosed,-,"""Matte woven shell and lining"" only; 2 live colourway listings; Made in China; $375"
Aether Apparel,brighton-insulated-snow-jacket-autumn-orange,Brighton Insulated Snow Jacket,https://aetherapparel.com/products/brighton-insulated-snow-jacket-autumn-orange,outerwear,Outerwear - Snow,Snow,Shell: Toray Dermizax™ 3L Protect | Lining: 100% Recycled Micro Ripstop Polyester,ND,ND,ND,undisclosed,-,"only ""Toray Dermizax 3L Protect"" (membrane name) stated for shell; no fibre; 3 live colourway listings; Made in Vietnam; $925"
Aether Apparel,ridge-snow-shell-jacket-onyx-black,Ridge Snow-Shell Jacket,https://aetherapparel.com/products/ridge-snow-shell-jacket-onyx-black,outerwear,Outerwear - Snow,Snow,3L Snow Stretch,ND,ND,ND,undisclosed,-,"""3L Snow Stretch"" only; no fibre; 3 live colourway listings; Made in Vietnam; $750"
Aether Apparel,maverick-snow-shell-jacket-fern-green,Maverick Snow-Shell Jacket,https://aetherapparel.com/products/maverick-snow-shell-jacket-fern-green,outerwear,Outerwear - Snow,Snow,"Toray Dermizax™ 3L Protect | 3L contrast ripstop combo at front, back and sleeve panels",ND,ND,ND,undisclosed,-,Dermizax membrane named; no fibre; 3 live colourway listings; Made in Vietnam; $895
Aether Apparel,stealth-snow-bib-graphite,Stealth Snow Bib,https://aetherapparel.com/products/stealth-snow-bib-graphite,trousers,Bottoms - Snow,Snow,"Shell 1: 85% nylon, 15% lycra | Shell 2: 100% nylon | Contrast shell: 100% nylon | Lining: 90% nylon, 10% elastane",polyamide,85,15,synthetic,-,Shell 1 used; 2 live colourway listings; Made in China; $695
Aether Apparel,ridge-insulated-snow-pant-bone,Ridge Insulated Snow Pant,https://aetherapparel.com/products/ridge-insulated-snow-pant-bone,trousers,Bottoms - Snow,Snow,3L Snow Stretch |  and lined with 100% recycled micro ripstop fabric,ND,ND,ND,undisclosed,-,"""3L Snow Stretch"" only; 2 live colourway listings; Made in Vietnam; $550"
Aether Apparel,maverick-snow-shell-pant-portal-blue,Maverick Snow-Shell Pant,https://aetherapparel.com/products/maverick-snow-shell-pant-portal-blue,trousers,Bottoms - Snow,Snow,Toray Dermizax™ 3L Protect,ND,ND,ND,undisclosed,-,Dermizax membrane named; no fibre; 3 live colourway listings; Made in Vietnam; $595
Aether Apparel,catalina-submersible-short-onyx-black,Catalina Submersible Short,https://aetherapparel.com/products/catalina-submersible-short-onyx-black,shorts,Bottoms - Woven Shorts,-,"Recycled stretch woven fabric | 49% polyester, 38% recycled polyester, 13% spandex",polyester,87,13,synthetic,-,"amphibious ""submersible"" short; counted as shorts not swim; 2 live colourway listings; Made in Vietnam; $195"
Ariat,AC_POLO_M_APP,AC Classic Fit Polo,https://www.ariat.com/AC_POLO_M_APP.html,tees-polos,T-Shirts & Polos,-,100% Polyester,polyester,100,0,synthetic,polyester,-
Ariat,CALDWELL_SWEATER_M_APP,Caldwell Full Zip Sweater,https://www.ariat.com/CALDWELL_SWEATER_M_APP.html,knitwear,Sweaters (from title; nav files them under Sweatshirts & Hoodies),Caldwell,100% Polyester,polyester,100,0,synthetic,polyester,category assigned from title
Ariat,CRIUS_VEST_M_APP,Crius Insulated Vest,https://www.ariat.com/CRIUS_VEST_M_APP.html,outerwear,Jackets & Vests,-,100% Polyester,polyester,100,0,synthetic,polyester,-
Ariat,FR_AC_CREW_LS_M_APP,FR AC Crew T-Shirt,https://www.ariat.com/FR_AC_CREW_LS_M_APP.html,tees-polos,T-Shirts & Polos,FR,100% Cotton,cotton,100,0,natural,cotton,-
Ariat,FR_AIR_CREW_LS_M_APP,FR Air Crew T-Shirt,https://www.ariat.com/FR_AIR_CREW_LS_M_APP.html,tees-polos,T-Shirts & Polos,FR,ND,ND,ND,ND,undisclosed,-,PDP Materials accordion read; no fibre composition stated
Ariat,FR_AIR_HENLEY_LS_M_APP,FR Air Henley,https://www.ariat.com/FR_AIR_HENLEY_LS_M_APP.html,tees-polos,T-Shirts & Polos,FR,ND,ND,ND,ND,undisclosed,-,PDP Materials accordion read; no fibre composition stated
Ariat,FR_BELL_WORK_SHIRT_M_APP,FR Bell Work Shirt,https://www.ariat.com/FR_BELL_WORK_SHIRT_M_APP.html,shirts,Button Down Shirts,FR,"88% Cotton, 12% Nylon",cotton,88,0,blend,-,-
Ariat,FR_FULL_ZIP_HOODIE_M_APP,FR DuraStretch Full Zip Hoodie,https://www.ariat.com/FR_FULL_ZIP_HOODIE_M_APP.html,sweats,Sweatshirts & Hoodies,FR;DuraStretch,"95% Cotton, 5% Spandex",cotton,95,5,blend,-,-
Ariat,FR_H2OPROOF_JACKET_M_APP,FR H2O Waterproof Insulated Jacket,https://www.ariat.com/FR_H2OPROOF_JACKET_M_APP.html,outerwear,Jackets & Vests,FR,"50% Modacrylic, 32% Cotton, 9% Nylon, 8% Polyarylate, 1% Antistatic",other-synthetic,50,0,blend,-,-
Ariat,FR_M4_LOW_RISE_M_APP,FR M4 Relaxed Basic Boot Cut Jean,https://www.ariat.com/FR_M4_LOW_RISE_M_APP.html,denim,Jeans,FR;M4,100% Cotton,cotton,100,0,natural,cotton,-
Ariat,FR_M4_RIDGELINE_M_APP,FR M4 Relaxed Ridgeline Boot Cut Jean,https://www.ariat.com/FR_M4_RIDGELINE_M_APP.html,denim,Jeans,FR;M4,100% Cotton,cotton,100,0,natural,cotton,-
Ariat,FR_M4_WORKHORSE_M_APP,FR M4 Relaxed Workhorse Boot Cut Pant,https://www.ariat.com/FR_M4_WORKHORSE_M_APP.html,trousers,Pants,FR;M4,"88% Cotton, 12% Nylon",cotton,88,0,blend,-,-
Ariat,FR_M4_WRKHRSE_DNIM_M_APP,FR M4 Relaxed Workhorse Boot Cut Jean,https://www.ariat.com/FR_M4_WRKHRSE_DNIM_M_APP.html,denim,Jeans,FR;M4,100% Cotton,cotton,100,0,natural,cotton,-
Ariat,FR_M5_LOW_STRAIGHT_M_APP,FR M5 Straight Basic Straight Leg Jeans,https://www.ariat.com/FR_M5_LOW_STRAIGHT_M_APP.html,denim,Jeans,FR;M5,100% Cotton,cotton,100,0,natural,cotton,-
Ariat,FR_POLARTEC_1_4_Z_M_APP,FR Polartec 1/4 Zip Top,https://www.ariat.com/FR_POLARTEC_1_4_Z_M_APP.html,tees-polos,T-Shirts & Polos,FR,"45% Rayon, 40% Modacrylic, 15% Aramid",viscose,45,0,blend,-,-
Ariat,FR_POLARTEC_LS_B_L_M_APP,FR Polartec Baselayer,https://www.ariat.com/FR_POLARTEC_LS_B_L_M_APP.html,tees-polos,T-Shirts & Polos,FR,"72% Modacrylic, 28% Rayon",other-synthetic,72,0,blend,-,-
Ariat,FR_REV_1_4_ZIP_M_APP,FR Rev 1/4 Zip Top,https://www.ariat.com/FR_REV_1_4_ZIP_M_APP.html,tees-polos,T-Shirts & Polos,FR,100% Cotton,cotton,100,0,natural,cotton,-
Ariat,FR_SOLID_VENT_SHRT_M_APP,FR Solid Vent Work Shirt,https://www.ariat.com/FR_SOLID_VENT_SHRT_M_APP.html,shirts,Button Down Shirts,FR,"88% Cotton, 12% Nylon",cotton,88,0,blend,-,-
Ariat,FR_SOLID_WORK_SHT_M_APP,FR Solid Work Shirt,https://www.ariat.com/FR_SOLID_WORK_SHT_M_APP.html,shirts,Button Down Shirts,FR,"88% Cotton, 12% Nylon",cotton,88,0,blend,-,-
Ariat,FR_WORKHORSE_JKT_M_APP,FR Workhorse Insulated Jacket,https://www.ariat.com/FR_WORKHORSE_JKT_M_APP.html,outerwear,Jackets & Vests,FR,"88% Cotton, 12% Nylon",cotton,88,0,blend,-,-
Ariat,FR_WORKHORSE_VEST_M_APP,FR Workhorse Insulated Vest,https://www.ariat.com/FR_WORKHORSE_VEST_M_APP.html,outerwear,Jackets & Vests,FR,"88% Cotton, 12% Nylon",cotton,88,0,blend,-,-
Ariat,FR_WORK_CREW_LS_M_APP,FR Work Crew T-Shirt,https://www.ariat.com/FR_WORK_CREW_LS_M_APP.html,tees-polos,T-Shirts & Polos,FR,100% Cotton,cotton,100,0,natural,cotton,-
Ariat,FR_WORK_HENLEY_LS_M_APP,FR Henley Top,https://www.ariat.com/FR_WORK_HENLEY_LS_M_APP.html,tees-polos,T-Shirts & Polos,FR,100% Cotton,cotton,100,0,natural,cotton,-
Ariat,FR_WORK_SHIRT_M_APP,FR Basic Work Shirt,https://www.ariat.com/FR_WORK_SHIRT_M_APP.html,shirts,Button Down Shirts,FR,"88% Cotton, 12% Nylon",cotton,88,0,blend,-,-
Ariat,M2_GRANITE_M_APP,M2 Relaxed Legacy Boot Cut Jean,https://www.ariat.com/M2_GRANITE_M_APP.html,denim,Jeans,M2,100% Cotton,cotton,100,0,natural,cotton,-
Ariat,M2_LEGACY_STRETCH_M_APP,M2 Relaxed Stretch Legacy Boot Cut Jean,https://www.ariat.com/M2_LEGACY_STRETCH_M_APP.html,denim,Jeans,M2,"99% Cotton, 1% Spandex",cotton,99,1,blend,-,-
Ariat,M2_STIRLING_M_APP,M2 Relaxed Stirling Stretch Boot Cut Jean,https://www.ariat.com/M2_STIRLING_M_APP.html,denim,Jeans,M2,"99% Cotton, 1% Spandex",cotton,99,1,blend,-,-
Ariat,M4_ADKINS_M_APP,M4 Relaxed Adkins Boot Cut Jean,https://www.ariat.com/M4_ADKINS_M_APP.html,denim,Jeans,M4,"99% Cotton, 1% Spandex",cotton,99,1,blend,-,-
Ariat,M4_COLTRANE_M_APP,M4 Relaxed Coltrane Boot Cut Jean,https://www.ariat.com/M4_COLTRANE_M_APP.html,denim,Jeans,M4,100% Cotton,cotton,100,0,natural,cotton,-
Ariat,M4_LOWRISE_GULCH_M_APP,M4 Relaxed Boundary Boot Cut Jeans,https://www.ariat.com/M4_LOWRISE_GULCH_M_APP.html,denim,Jeans,M4,100% Cotton,cotton,100,0,natural,cotton,-
Ariat,M4_LOW_RISE_BOOT_M_APP,Rebar M4 Relaxed DuraStretch Edge Boot Cut Jean,https://www.ariat.com/M4_LOW_RISE_BOOT_M_APP.html,denim,Jeans,Rebar;M4;DuraStretch,"67% Cotton, 32% Polyester, 1% Spandex",cotton,67,1,blend,-,-
Ariat,M4_LOW_RISE_M_APP,M4 Relaxed Scoundrel Boot Cut Jean,https://www.ariat.com/M4_LOW_RISE_M_APP.html,denim,Jeans,M4,100% Cotton,cotton,100,0,natural,cotton,-
Ariat,M4_ROADHOUSE_M_APP,M4 Legacy Boot Cut Jean,https://www.ariat.com/M4_ROADHOUSE_M_APP.html,denim,Jeans,M4,100% Cotton,cotton,100,0,natural,cotton,-
Ariat,M5_GULCH_M_APP,M5 Straight Boundary Straight Leg Jeans,https://www.ariat.com/M5_GULCH_M_APP.html,denim,Jeans,M5,100% Cotton,cotton,100,0,natural,cotton,-
Ariat,M5_LEGACY_STRETCH_M_APP,M5 Straight Legacy Straight Leg Jeans,https://www.ariat.com/M5_LEGACY_STRETCH_M_APP.html,denim,Jeans,M5,"99% Cotton, 1% Spandex",cotton,99,1,blend,-,-
Ariat,M5_SLIM_STRAIGHT_M_APP,Rebar M5 Straight DuraStretch Edge Stackable Straight Leg Jean,https://www.ariat.com/M5_SLIM_STRAIGHT_M_APP.html,denim,Jeans,Rebar;M5;DuraStretch,"67% Cotton, 32% Polyester, 1% Spandex",cotton,67,1,blend,-,-
Ariat,M5_STRAIGHT_M_APP,M5 Slim Ridgeline Stackable Straight Leg Jean,https://www.ariat.com/M5_STRAIGHT_M_APP.html,denim,Jeans,M5,100% Cotton,cotton,100,0,natural,cotton,-
Ariat,NEW_TEAM_SOFTSHELL_M_APP,New Team Softshell Jacket,https://www.ariat.com/NEW_TEAM_SOFTSHELL_M_APP.html,outerwear,Jackets & Vests,-,"92% Polyester, 8% Spandex",polyester,92,8,synthetic,-,-
Ariat,P11442_M_APP,Rebar M4 Relaxed DuraStretch Basic Boot Cut Jean,https://www.ariat.com/P11442_M_APP.html,denim,Jeans,Rebar;M4;DuraStretch,"67% Cotton, 32% Polyester, 1% Spandex",cotton,67,1,blend,-,-
Ariat,P15596_M_APP,FR Hi-Vis Full Zip Hoodie,https://www.ariat.com/P15596_M_APP.html,sweats,Sweatshirts & Hoodies,FR,"48% Modacrylic, 37% Lyocell, 10% Twaron®, 5% Spandex",other-synthetic,48,5,blend,-,-
Ariat,P15609_M_APP,Rebar DuraCanvas Vest,https://www.ariat.com/P15609_M_APP.html,outerwear,Jackets & Vests,Rebar,"68% Cotton, 32% Polyester",cotton,68,0,blend,-,-
Ariat,P15611_M_APP,Rebar DuraCanvas Jacket,https://www.ariat.com/P15611_M_APP.html,outerwear,Jackets & Vests,Rebar,"68% Cotton, 32% Polyester",cotton,68,0,blend,-,-
Ariat,P15614_M_APP,Rebar Flannel DuraStretch Work Shirt,https://www.ariat.com/P15614_M_APP.html,shirts,Button Down Shirts,Rebar;DuraStretch,"97% Cotton, 3% Spandex",cotton,97,3,blend,-,-
Ariat,P15686_M_APP,M4 Stretch Legacy Boot Cut Jean,https://www.ariat.com/P15686_M_APP.html,denim,Jeans,M4,"99% Cotton, 1% Spandex",cotton,99,1,blend,-,-
Ariat,P15716_M_APP,Patriot Hoodie,https://www.ariat.com/P15716_M_APP.html,sweats,Sweatshirts & Hoodies,-,"52% Cotton, 48% Polyester",cotton,52,0,blend,-,-
Ariat,P15785_M_APP,FR Vernon Jacket,https://www.ariat.com/P15785_M_APP.html,outerwear,Jackets & Vests,FR,"50% Modacrylic, 32% Cotton, 10% Nylon, 8% Polyarylate",other-synthetic,50,0,blend,-,-
Ariat,P15817_M_APP,FR Featherlight Work Shirt,https://www.ariat.com/P15817_M_APP.html,shirts,Button Down Shirts,FR,"74% Meta-aramid, 20% Modacrylic, 5% Para-aramid, 1% antistatic",other-synthetic,79,0,synthetic,-,-
Ariat,P15977_M_APP,Pro Series Dayne Classic Fit Shirt,https://www.ariat.com/P15977_M_APP.html,shirts,Button Down Shirts,Pro Series,"85% Cotton, 15% Polyester",cotton,85,0,blend,-,-
Ariat,P15990_M_APP,FR Insulated Overall 2.0 Bib,https://www.ariat.com/P15990_M_APP.html,other,Workwear bibs/overalls,FR,"88% Cotton, 12% Nylon",cotton,88,0,blend,-,-
Ariat,P16029_M_APP,FR Hi-Vis Waterproof Insulated Jacket,https://www.ariat.com/P16029_M_APP.html,outerwear,Jackets & Vests,FR,"50% Modacrylic, 32% Cotton, 9% Nylon, 8% Polyarylate, 1% Antistatic",other-synthetic,50,0,blend,-,-
Ariat,P16037_M_APP,M7 Rocker Stretch Legacy Stackable Straight Leg Jean,https://www.ariat.com/P16037_M_APP.html,denim,Jeans,M7,"99% Cotton, 1% Spandex",cotton,99,1,blend,-,-
Ariat,P16041_M_APP,FR DuraStretch Patriot Hoodie,https://www.ariat.com/P16041_M_APP.html,sweats,Sweatshirts & Hoodies,FR;DuraStretch,ND,ND,ND,ND,undisclosed,-,PDP Materials accordion read; no fibre composition stated
Ariat,P16136_M_APP,M4 Stretch Preston Boot Cut Jean,https://www.ariat.com/P16136_M_APP.html,denim,Jeans,M4,"99% Cotton, 1% Spandex",cotton,99,1,blend,-,-
Ariat,P16139_M_APP,FR M4 Relaxed Stretch DuraLight Basic Boot Cut Jean,https://www.ariat.com/P16139_M_APP.html,denim,Jeans,FR;M4,"69% Cotton, 30% Modacrylic, 1% Spandex",cotton,69,1,blend,-,-
Ariat,P16140_M_APP,FR M4 Relaxed Stretch DuraLight Boundary Boot Cut Jean,https://www.ariat.com/P16140_M_APP.html,denim,Jeans,FR;M4,"69% Cotton, 30% Modacrylic, 1% Spandex",cotton,69,1,blend,-,-
Ariat,P16409_M_APP,FR Hi-Vis T-Shirt,https://www.ariat.com/P16409_M_APP.html,tees-polos,T-Shirts & Polos,FR,"50% Modacrylic, 40% Lyocel, 10% Twaron®",other-synthetic,50,0,blend,-,-
Ariat,P16445_M_APP,Rebar Cotton Strong T-Shirt,https://www.ariat.com/P16445_M_APP.html,tees-polos,T-Shirts & Polos,Rebar,"Heathered Colors: 60% Cotton, 40% Polyester",cotton,60,0,blend,-,first-listed colour group (Heathered) used; solid colours stated 100% cotton on some styles
Ariat,P16450_M_APP,Rebar Made Tough DuraStretch Work Shirt,https://www.ariat.com/P16450_M_APP.html,shirts,Button Down Shirts,Rebar;DuraStretch,"98% Cotton, 2% Spandex",cotton,98,2,blend,-,-
Ariat,P16530_M_APP,M7 Rocker Concord Stretch Stackable Straight Leg Jean,https://www.ariat.com/P16530_M_APP.html,denim,Jeans,M7,"99% Cotton, 1% Spandex",cotton,99,1,blend,-,-
Ariat,P16595_M_APP,Rebar Made Tough VentTEK DuraStretch Work Shirt,https://www.ariat.com/P16595_M_APP.html,shirts,Button Down Shirts,Rebar;TEK;DuraStretch,"92% Polyester, 8% Spandex",polyester,92,8,synthetic,-,-
Ariat,P16726_M_APP,Rebar M4 Relaxed DuraStretch Washed Twill Dungaree Boot Cut Pant,https://www.ariat.com/P16726_M_APP.html,trousers,Pants,Rebar;M4;DuraStretch,ND,ND,ND,ND,undisclosed,-,PDP Materials accordion read; no fibre composition stated
Ariat,P16777_M_APP,FR M4 Relaxed DuraLight Ripstop Boot Cut Pant,https://www.ariat.com/P16777_M_APP.html,trousers,Pants,FR;M4,"54% Meta-aramid, 40% Modacrylic, 5% Para-aramid, 1% Antistatic",other-synthetic,59,0,synthetic,-,-
Ariat,P16788_M_APP,FR Work Crew T-Shirt,https://www.ariat.com/P16788_M_APP.html,tees-polos,T-Shirts & Polos,FR,100% Cotton,cotton,100,0,natural,cotton,-
Ariat,P16944_M_APP,Wrinkle Free Solid Pinpoint Oxford Classic Fit Shirt,https://www.ariat.com/P16944_M_APP.html,shirts,Button Down Shirts,-,ND,ND,ND,ND,undisclosed,-,PDP Materials accordion read; no fibre composition stated
Ariat,P17327_M_APP,FR M5 Straight DuraStretch Truckee Straight Leg Jean,https://www.ariat.com/P17327_M_APP.html,denim,Jeans,FR;M5;DuraStretch,"98% Cotton, 2% Elastane",cotton,98,2,blend,-,-
Ariat,P17757_M_APP,FR Crius Insulated Vest,https://www.ariat.com/P17757_M_APP.html,outerwear,Jackets & Vests,FR,"48% Cotton, 33% Modacrylic, 12% Polyester, 7% Nylon",cotton,48,0,blend,-,-
Ariat,P17758_M_APP,FR Team Logo Softshell Jacket,https://www.ariat.com/P17758_M_APP.html,outerwear,Jackets & Vests,FR,"50% Modacrylic, 32% Cotton, 10% Nylon, 8% Polyarylate",other-synthetic,50,0,blend,-,-
Ariat,P17767_M_APP,FR DuraLight Cordura Canvas Jacket,https://www.ariat.com/P17767_M_APP.html,outerwear,Jackets & Vests,FR,ND,ND,ND,ND,undisclosed,-,PDP Materials accordion read; no fibre composition stated
Ariat,P17768_M_APP,FR DuraLight Cordura Canvas Vest,https://www.ariat.com/P17768_M_APP.html,outerwear,Jackets & Vests,FR,"74% Cotton, 24% Nylon, 2% Spandex",cotton,74,2,blend,-,-
Ariat,P17774_M_APP,FR Solid Twill DuraStretch Work Shirt,https://www.ariat.com/P17774_M_APP.html,shirts,Button Down Shirts,FR;DuraStretch,"89% Cotton, 9% Nylon, 2% Spandex",cotton,89,2,blend,-,-
Ariat,P17780_M_APP,Rebar All-Weather Full Zip Hoodie,https://www.ariat.com/P17780_M_APP.html,sweats,Sweatshirts & Hoodies,Rebar,"60% Cotton, 40% Polyester",cotton,60,0,blend,-,-
Ariat,P17782_M_APP,Rebar Workman Graphic Hoodie,https://www.ariat.com/P17782_M_APP.html,sweats,Sweatshirts & Hoodies,Rebar,"60% Cotton, 40% Polyester",cotton,60,0,blend,-,-
Ariat,P17787_M_APP,Rebar Washed DuraCanvas Insulated Vest,https://www.ariat.com/P17787_M_APP.html,outerwear,Jackets & Vests,Rebar,"68% Cotton, 30% Polyester, 2% Spandex",cotton,68,2,blend,-,-
Ariat,P17803_M_APP,Crius Insulated Jacket,https://www.ariat.com/P17803_M_APP.html,outerwear,Jackets & Vests,-,ND,ND,ND,ND,undisclosed,-,PDP Materials accordion read; no fibre composition stated
Ariat,P17806_M_APP,Caldwell 1/4 Zip Sweater,https://www.ariat.com/P17806_M_APP.html,knitwear,Sweaters (from title; nav files them under Sweatshirts & Hoodies),Caldwell,100% Polyester,polyester,100,0,synthetic,polyester,category assigned from title
Ariat,P17899_M_APP,M2 Traditional Relaxed Grayson Boot Cut Jean,https://www.ariat.com/P17899_M_APP.html,denim,Jeans,M2,"99% Cotton, 1% Spandex",cotton,99,1,blend,-,-
Ariat,P17984_M_APP,FR Roughneck Skull Logo T-Shirt,https://www.ariat.com/P17984_M_APP.html,tees-polos,T-Shirts & Polos,FR,ND,ND,ND,ND,undisclosed,-,PDP Materials accordion read; no fibre composition stated
Ariat,P18157_M_APP,Tri Factor Grip Knee Patch Breech,https://www.ariat.com/P18157_M_APP.html,trousers,Pants,-,"75% Nylon, 25% Spandex",polyamide,75,25,synthetic,-,-
Ariat,P18177_M_APP,FR M5 Straight DuraStretch DuraLight Cordura Canvas Straight Pant,https://www.ariat.com/P18177_M_APP.html,trousers,Pants,FR;M5;DuraStretch,"74% Cotton, 24% CORDURA® Nylon, 2% Spandex",cotton,74,2,blend,-,-
Ariat,P18179_M_APP,Rebar M4 Relaxed DuraStretch Basic Stackable Straight Leg Jean,https://www.ariat.com/P18179_M_APP.html,denim,Jeans,Rebar;M4;DuraStretch,"67% Cotton, 32% Polyester, 1% Spandex",cotton,67,1,blend,-,-
Ariat,P18182_M_APP,FR M4 Relaxed DuraStretch Lineup Straight Leg Jean,https://www.ariat.com/P18182_M_APP.html,denim,Jeans,FR;M4;DuraStretch,"98% Cotton, 2% Spandex",cotton,98,2,blend,-,-
Ariat,P18530_M_APP,M2 Relaxed Stretch Stillwell Boot Cut Jean,https://www.ariat.com/P18530_M_APP.html,denim,Jeans,M2,"99% Cotton, 1% Spandex",cotton,99,1,blend,-,-
Ariat,P18541_M_APP,M7 Rocker Stretch Coltrane Stackable Straight Leg Jean,https://www.ariat.com/P18541_M_APP.html,denim,Jeans,M7,"99% Cotton, 1% Spandex",cotton,99,1,blend,-,-
Ariat,P18804_M_APP,Speranza Knee Patch Breech,https://www.ariat.com/P18804_M_APP.html,trousers,Pants,-,"72% Nylon, 28% Spandex",polyamide,72,28,synthetic,-,-
Ariat,P18825_M_APP,Speranza Show Coat,https://www.ariat.com/P18825_M_APP.html,tailoring,Show coats / blazer (from title),-,"Premium Italian fabric: 72% Nylon, 28% Spandex",polyamide,72,28,synthetic,-,category assigned from title
Ariat,P18847_M_APP,Rebar M4 Relaxed Made Tough DuraStretch Straight Leg Pants,https://www.ariat.com/P18847_M_APP.html,trousers,Pants,Rebar;M4;DuraStretch,ND,ND,ND,ND,undisclosed,-,PDP Materials accordion read; no fibre composition stated
Ariat,P18848_M_APP,"Rebar DuraStretch Made Tough 10"" Short",https://www.ariat.com/P18848_M_APP.html,shorts,Shorts (from title; nav Pants & Shorts),Rebar;DuraStretch,"99% Cotton, 1% Spandex",cotton,99,1,blend,-,category assigned from title
Ariat,P18862_M_APP,M5 Slim Stretch Adkins Stackable Straight Leg Jean,https://www.ariat.com/P18862_M_APP.html,denim,Jeans,M5,"99% Cotton, 1% Spandex",cotton,99,1,blend,-,-
Ariat,P18915_M_APP,FR M4 Relaxed Stretch DuraLight Jett Boot Cut Jean,https://www.ariat.com/P18915_M_APP.html,denim,Jeans,FR;M4,"69% Cotton, 30% Modacrylic, 1% Spandex",cotton,69,1,blend,-,-
Ariat,P19082_M_APP,M4 Stretch Legacy Stackable Straight Leg Jean,https://www.ariat.com/P19082_M_APP.html,denim,Jeans,M4,"99% Cotton, 1% Spandex",cotton,99,1,blend,-,-
Ariat,P19224_M_APP,TEK Show Shirt,https://www.ariat.com/P19224_M_APP.html,tees-polos,T-Shirts & Polos,TEK,"90% Polyester, 10% Spandex",polyester,90,10,synthetic,-,-
Ariat,P19407_M_APP,Coastal Waterproof Jacket,https://www.ariat.com/P19407_M_APP.html,outerwear,Jackets & Vests,-,100% Polyester,polyester,100,0,synthetic,polyester,-
Ariat,P19713_M_APP,Rebar M4 Relaxed DuraStretch Made Tough Double Front Straight Pant,https://www.ariat.com/P19713_M_APP.html,trousers,Pants,Rebar;M4;DuraStretch,"99% Cotton, 1% Spandex",cotton,99,1,blend,-,-
Ariat,P19974_M_APP,Rebar Valiant Stretch Canvas Water Resistant Insulated Jacket,https://www.ariat.com/P19974_M_APP.html,outerwear,Jackets & Vests,Rebar,"95% Polyester, 5% Spandex",polyester,95,5,synthetic,-,-
Ariat,P19976_M_APP,FR Baselayer T-Shirt,https://www.ariat.com/P19976_M_APP.html,tees-polos,T-Shirts & Polos,FR,ND,ND,ND,ND,undisclosed,-,PDP Materials accordion read; no fibre composition stated
Ariat,P20032_M_APP,M7 Rocker Stretch Stirling Stackable Straight Leg Jean,https://www.ariat.com/P20032_M_APP.html,denim,Jeans,M7,"99% Cotton, 1% Spandex",cotton,99,1,blend,-,-
Ariat,P20042_M_APP,Rebar Heat Fighter T-Shirt,https://www.ariat.com/P20042_M_APP.html,tees-polos,T-Shirts & Polos,Rebar,100% Polyester,polyester,100,0,synthetic,polyester,-
Ariat,P20043_M_APP,Rebar Heat Fighter T-Shirt,https://www.ariat.com/P20043_M_APP.html,tees-polos,T-Shirts & Polos,Rebar,100% Polyester,polyester,100,0,synthetic,polyester,-
Ariat,P20069_M_APP,FR Plaid Featherlight Work Shirt,https://www.ariat.com/P20069_M_APP.html,shirts,Button Down Shirts,FR,"50% Viscose, 33% Meta-aramid, 10% Nylon, 5% Kevlar®, 2% Antistatic",viscose,50,0,blend,-,-
Ariat,P20093_M_APP,M4 Stretch Shoreway Stackable Straight Leg Jean,https://www.ariat.com/P20093_M_APP.html,denim,Jeans,M4,"99% Cotton, 1% Spandex",cotton,99,1,blend,-,-
Ariat,P20096_M_APP,M5 Slim Stretch Coltrane Stackable Straight Leg Jean,https://www.ariat.com/P20096_M_APP.html,denim,Jeans,M5,"99% Cotton, 1% Spandex",cotton,99,1,blend,-,-
Ariat,P20299_M_APP,Rebar DuraCanvas Stretch Insulated Bib,https://www.ariat.com/P20299_M_APP.html,other,Workwear bibs/overalls,Rebar,"68% Cotton, 30% Polyester, 2% Spandex",cotton,68,2,blend,-,-
Ariat,P20306_M_APP,FR Rev Pullover Hoodie,https://www.ariat.com/P20306_M_APP.html,sweats,Sweatshirts & Hoodies,FR,100% Cotton,cotton,100,0,natural,cotton,-
Ariat,P20320_M_APP,Rebar Cotton Strong Roughneck T-Shirt,https://www.ariat.com/P20320_M_APP.html,tees-polos,T-Shirts & Polos,Rebar,"Heathered Colors: 60% Cotton, 40% Polyester",cotton,60,0,blend,-,first-listed colour group (Heathered) used; solid colours stated 100% cotton on some styles
Ariat,P20371_M_APP,M2 Relaxed Stretch Adkins Boot Cut Jean,https://www.ariat.com/P20371_M_APP.html,denim,Jeans,M2,"99% Cotton, 1% Spandex",cotton,99,1,blend,-,-
Ariat,P20685_M_APP,New Team Softshell MEXICO Jacket,https://www.ariat.com/P20685_M_APP.html,outerwear,Jackets & Vests,-,"92% Polyester, 8% Elastane",polyester,92,8,synthetic,-,-
Ariat,P21037_M_APP,FR DuraLight Cordura Canvas Field Jacket,https://www.ariat.com/P21037_M_APP.html,outerwear,Jackets & Vests,FR,"74% Cotton, 24% Nylon, 2% Spandex",cotton,74,2,blend,-,-
Ariat,P21328_M_APP,Denim Retro Fit Shirt,https://www.ariat.com/P21328_M_APP.html,shirts,Button Down Shirts,-,100% Cotton,cotton,100,0,natural,cotton,-
Ariat,P21587_M_APP,TEK Long Sleeve Show Shirt,https://www.ariat.com/P21587_M_APP.html,tees-polos,T-Shirts & Polos,TEK,"90% Polyester, 10% Spandex",polyester,90,10,synthetic,-,-
Ariat,P21708_M_APP,FR Canvas Unlined Bib,https://www.ariat.com/P21708_M_APP.html,other,Workwear bibs/overalls,FR,100% Cotton,cotton,100,0,natural,cotton,-
Ariat,P21709_M_APP,FR M7 DuraStretch Adkins Straight Leg Jean,https://www.ariat.com/P21709_M_APP.html,denim,Jeans,FR;M7;DuraStretch,"98% Cotton, 2% Spandex",cotton,98,2,blend,-,-
Ariat,P21710_M_APP,FR M7 Slim DuraStretch Workhorse Straight Leg Jean,https://www.ariat.com/P21710_M_APP.html,denim,Jeans,FR;M7;DuraStretch,"98% Cotton, 2% Spandex",cotton,98,2,blend,-,-
Ariat,P21712_M_APP,Rebar M7 Slim DuraStretch Basic Stackable Straight Leg Jean,https://www.ariat.com/P21712_M_APP.html,denim,Jeans,Rebar;M7;DuraStretch,"67% Cotton, 32% Polyester, 1% Spandex",cotton,67,1,blend,-,-
Ariat,P21713_M_APP,Rebar M7 Slim DuraStretch Edge Straight Jean,https://www.ariat.com/P21713_M_APP.html,denim,Jeans,Rebar;M7;DuraStretch,"67% Cotton, 32% Polyester, 1% Spandex",cotton,67,1,blend,-,-
Ariat,P21719_M_APP,"Rebar DuraStretch Made Tough Cargo 11"" Short",https://www.ariat.com/P21719_M_APP.html,shorts,Shorts (from title; nav Pants & Shorts),Rebar;DuraStretch,"98% Cotton, 2% Spandex",cotton,98,2,blend,-,category assigned from title
Ariat,P21720_M_APP,Rebar DuraCanvas Unlined Bib,https://www.ariat.com/P21720_M_APP.html,other,Workwear bibs/overalls,Rebar,"68% Cotton, 30% Polyester, 2% Spandex",cotton,68,2,blend,-,-
Ariat,P21737_M_APP,FR Combat Stretch Patriot 1/4 Zip Work Shirt,https://www.ariat.com/P21737_M_APP.html,tees-polos,T-Shirts & Polos,FR,"93% Supima® cotton, 7% Spandex",cotton,93,7,blend,-,-
Ariat,P21742_M_APP,FR Air Rig Life Graphic T-Shirt,https://www.ariat.com/P21742_M_APP.html,tees-polos,T-Shirts & Polos,FR,100% Cotton,cotton,100,0,natural,cotton,-
Ariat,P21743_M_APP,FR Air Life on the Line Graphic Top,https://www.ariat.com/P21743_M_APP.html,tees-polos,T-Shirts & Polos,FR,100% Cotton,cotton,100,0,natural,cotton,-
Ariat,P21749_M_APP,FR Vented Work Shirt,https://www.ariat.com/P21749_M_APP.html,shirts,Button Down Shirts,FR,"88% Cotton, 12% Nylon",cotton,88,0,blend,-,-
Ariat,P21816_M_APP,Solid Twill Fitted Shirt,https://www.ariat.com/P21816_M_APP.html,shirts,Button Down Shirts,-,100% Cotton,cotton,100,0,natural,cotton,-
Ariat,P21817_M_APP,Team Logo Twill Fitted Shirt,https://www.ariat.com/P21817_M_APP.html,shirts,Button Down Shirts,Team,100% Cotton,cotton,100,0,natural,cotton,-
Ariat,P22135_M_APP,Charger 2.0 Classic Fit Polo,https://www.ariat.com/P22135_M_APP.html,tees-polos,T-Shirts & Polos,-,ND,ND,ND,ND,undisclosed,-,PDP Materials accordion read; no fibre composition stated
Ariat,P22212_M_APP,TerrainLite VentTEK Outbound Classic Fit Shirt,https://www.ariat.com/P22212_M_APP.html,shirts,Button Down Shirts,TEK,ND,ND,ND,ND,undisclosed,-,PDP Materials accordion read; no fibre composition stated
Ariat,P22355_M_APP,M4 Relaxed Stockton Straight Leg Jean,https://www.ariat.com/P22355_M_APP.html,denim,Jeans,M4,"67% Cotton, 32% Polyester, 1% Spandex",cotton,67,1,blend,-,-
Ariat,P22847_M_APP,Team Logo Twill Fitted Shirt,https://www.ariat.com/P22847_M_APP.html,shirts,Button Down Shirts,Team,100% Cotton,cotton,100,0,natural,cotton,-
Ariat,P22909_M_APP,Rebar Cloud 9 Insulated Jacket,https://www.ariat.com/P22909_M_APP.html,outerwear,Jackets & Vests,Rebar,100% Polyester,polyester,100,0,synthetic,polyester,-
Ariat,P22977_M_APP,Rebar Roughneck Pullover Hoodie,https://www.ariat.com/P22977_M_APP.html,sweats,Sweatshirts & Hoodies,Rebar,"60% Cotton, 40% Polyester",cotton,60,0,blend,-,-
Ariat,P23004_M_APP,FR M5 Straight DuraLight Stretch Coltrane Straight Leg Jean,https://www.ariat.com/P23004_M_APP.html,denim,Jeans,FR;M5,"69% Cotton, 30% Modacrylic, 1% Spandex",cotton,69,1,blend,-,-
Ariat,P23014_M_APP,Rebar M7 DuraStretch Made Tough Straight Pant,https://www.ariat.com/P23014_M_APP.html,trousers,Pants,Rebar;M7;DuraStretch,"98% Cotton, 2% Spandex",cotton,98,2,blend,-,-
Ariat,P23108_M_APP,M2 Traditional Relaxed Owens Boot Cut Jean,https://www.ariat.com/P23108_M_APP.html,denim,Jeans,M2,"99% Cotton, 1% Spandex",cotton,99,1,blend,-,-
Ariat,P23304_M_APP,Rebar Workman 1/4 Zip Hoodie,https://www.ariat.com/P23304_M_APP.html,sweats,Sweatshirts & Hoodies,Rebar,"60% Cotton, 40% Polyester",cotton,60,0,blend,-,-
Ariat,P24009_M_APP,M7 Grizzly Straight Jean,https://www.ariat.com/P24009_M_APP.html,denim,Jeans,M7,"95% Cotton, 4% Estrerell-P, 1% Lycra® Spandex",cotton,95,1,blend,-,-
Ariat,P24015_M_APP,Rebar Hi-Vis ANSI T-Shirt,https://www.ariat.com/P24015_M_APP.html,tees-polos,T-Shirts & Polos,Rebar,100% Polyester,polyester,100,0,synthetic,polyester,-
Ariat,P24092_M_APP,Rebar Stormshell Lightweight Waterproof Jacket,https://www.ariat.com/P24092_M_APP.html,outerwear,Jackets & Vests,Rebar,ND,ND,ND,ND,undisclosed,-,PDP Materials accordion read; no fibre composition stated
Ariat,P24214_M_APP,FR Stretch Camo Baseball T-Shirt,https://www.ariat.com/P24214_M_APP.html,tees-polos,T-Shirts & Polos,FR,"93% Supima cotton, 7% Spandex",cotton,93,7,blend,-,-
Ariat,P24216_M_APP,FR Max Protect Inherent T-Shirt,https://www.ariat.com/P24216_M_APP.html,tees-polos,T-Shirts & Polos,FR,"50% Modacrylic, 40% Lyocel, 10% Twaron",other-synthetic,50,0,blend,-,-
Ariat,P24217_M_APP,FR Stretch Logo T-Shirt,https://www.ariat.com/P24217_M_APP.html,tees-polos,T-Shirts & Polos,FR,"93% Supima cotton, 7% Spandex",cotton,93,7,blend,-,-
Ariat,P24219_M_APP,M7 Slim Legacy Straight Jean,https://www.ariat.com/P24219_M_APP.html,denim,Jeans,M7,"99% Cotton, 1% Spandex",cotton,99,1,blend,-,-
Ariat,P24233_M_APP,Rebar M5 DuraStretch Basic Stackable Straight Leg Jean,https://www.ariat.com/P24233_M_APP.html,denim,Jeans,Rebar;M5;DuraStretch,"67% Cotton, 32% Polyester, 1% Spandex",cotton,67,1,blend,-,-
Ariat,P24234_M_APP,Rebar M7 Slim DuraStretch Workhorse Straight Leg Jean,https://www.ariat.com/P24234_M_APP.html,denim,Jeans,Rebar;M7;DuraStretch,"67% Cotton, 32% Polyester, 1% Spandex",cotton,67,1,blend,-,-
Ariat,P24235_M_APP,Rebar DuraStretch Denim Utility Short,https://www.ariat.com/P24235_M_APP.html,shorts,Shorts (from title; nav Pants & Shorts),Rebar;DuraStretch,"67% Cotton, 32% Polyester, 1% Spandex",cotton,67,1,blend,-,category assigned from title
Ariat,P24236_M_APP,FR M5 Straight DuraLight Ripstop Straight Leg Pant,https://www.ariat.com/P24236_M_APP.html,trousers,Pants,FR;M5,"54% Meta-aramid, 40% Modacrylic, 5% Para-aramid, 1% Anti-static",other-synthetic,59,0,synthetic,-,-
Ariat,P24240_M_APP,FR M7 Slim Stretch DuraLight Shoreway Straight Leg Jean,https://www.ariat.com/P24240_M_APP.html,denim,Jeans,FR;M7,"69% Cotton, 30% Modacrylic, 1% Spandex",cotton,69,1,blend,-,-
Ariat,P24423_M_APP,Whitman Scrub Top,https://www.ariat.com/P24423_M_APP.html,other,Scrubs,-,"72% Recycled Polyester, 21% Rayon, 7% Spandex",polyester,72,7,blend,-,-
Ariat,P24425_M_APP,Derham 6 Pocket Scrub Top,https://www.ariat.com/P24425_M_APP.html,other,Scrubs,-,"72% Recycled Polyester, 21% Rayon, 7% Spandex",polyester,72,7,blend,-,-
Ariat,P24427_M_APP,Jacobi Utility Stretch Scrub Pant,https://www.ariat.com/P24427_M_APP.html,other,Scrubs,-,"72% Recycled Polyester, 21% Rayon, 7% Spandex",polyester,72,7,blend,-,-
Ariat,P24429_M_APP,Drew Cargo Stretch Jogger Scrub Pant,https://www.ariat.com/P24429_M_APP.html,other,Scrubs,-,"72% Recycled Polyester, 21% Rayon, 7% Spandex",polyester,72,7,blend,-,-
Ariat,P24533_M_APP,All Over Print Polo,https://www.ariat.com/P24533_M_APP.html,tees-polos,T-Shirts & Polos,-,ND,ND,ND,ND,undisclosed,-,PDP Materials accordion read; no fibre composition stated
Ariat,P24539_M_APP,Charger 2.0 Fitted Polo,https://www.ariat.com/P24539_M_APP.html,tees-polos,T-Shirts & Polos,-,ND,ND,ND,ND,undisclosed,-,PDP Materials accordion read; no fibre composition stated
Ariat,P24546_M_APP,VentTEK Outbound Classic Fit Shirt,https://www.ariat.com/P24546_M_APP.html,shirts,Button Down Shirts,TEK,ND,ND,ND,ND,undisclosed,-,PDP Materials accordion read; no fibre composition stated
Ariat,P24547_M_APP,TerrainLite VentTEK Outbound Fitted Shirt,https://www.ariat.com/P24547_M_APP.html,shirts,Button Down Shirts,TEK,ND,ND,ND,ND,undisclosed,-,PDP Materials accordion read; no fibre composition stated
Ariat,P24827_M_APP,FR M7 Slim DuraStretch Basic Straight Leg Jean,https://www.ariat.com/P24827_M_APP.html,denim,Jeans,FR;M7;DuraStretch,"98% Cotton, 2% Spandex",cotton,98,2,blend,-,-
Ariat,P24988_M_APP,M4 Relaxed 3D Goldfield Boot Cut Jean,https://www.ariat.com/P24988_M_APP.html,denim,Jeans,M4,"67% Cotton, 32% Polyester, 1% Spandex",cotton,67,1,blend,-,-
Ariat,P24995_M_APP,M8 Modern Sebastian Slim Straight Leg Jeans,https://www.ariat.com/P24995_M_APP.html,denim,Jeans,M8,"92% Cotton, 4% Elasterell-p, 4% Spandex",cotton,92,4,blend,-,-
Ariat,P25318_M_APP,Rebar Workman DuraCanvas Hoodie,https://www.ariat.com/P25318_M_APP.html,sweats,Sweatshirts & Hoodies,Rebar,"60% Cotton, 40% Polyester",cotton,60,0,blend,-,-
Ariat,P25319_M_APP,Rebar DriTEK DuraStretch Insulated Jacket,https://www.ariat.com/P25319_M_APP.html,outerwear,Jackets & Vests,Rebar;DuraStretch,"91% Polyester, 9% Spandex",polyester,91,9,synthetic,-,-
Ariat,P25320_M_APP,Rebar Cloud 9 Insulated Vest,https://www.ariat.com/P25320_M_APP.html,outerwear,Jackets & Vests,Rebar,100% Polyester,polyester,100,0,synthetic,polyester,-
Ariat,P25380_M_APP,FR Born For This T-Shirt,https://www.ariat.com/P25380_M_APP.html,tees-polos,T-Shirts & Polos,FR,ND,ND,ND,ND,undisclosed,-,PDP Materials accordion read; no fibre composition stated
Ariat,P25383_M_APP,FR Durastrech Fleece 1/2 Zip Job Shirt,https://www.ariat.com/P25383_M_APP.html,sweats,Sweatshirts & Hoodies,FR,"95% Cotton, 5% Spandex",cotton,95,5,blend,-,-
Ariat,P25391_M_APP,FR M5 Straight DuraLight Stretch Basic Straight Leg Jean,https://www.ariat.com/P25391_M_APP.html,denim,Jeans,FR;M5,"69% Cotton, 30% Modacrylic, 1% Spandex",cotton,69,1,blend,-,-
Ariat,P25392_M_APP,FR Hi-Vis Waterproof Bib,https://www.ariat.com/P25392_M_APP.html,other,Workwear bibs/overalls,FR,"50% Modacrylic, 32% Cotton, 9% Nylon, 8% Polyarylate, 1% Antistatic",other-synthetic,50,0,blend,-,-
Ariat,P25498_M_APP,Rebar Stormshell Waterproof Pant,https://www.ariat.com/P25498_M_APP.html,trousers,Pants,Rebar,100% Polyester,polyester,100,0,synthetic,polyester,-
Ariat,P25500_M_APP,FR Hi-Vis Hooded Waterproof Jacket,https://www.ariat.com/P25500_M_APP.html,outerwear,Jackets & Vests,FR,"50% Modacrylic, 32% Cotton, 9% Nylon, 8% Polyarylate, 1% Antistatic",other-synthetic,50,0,blend,-,-
Ariat,P25501_M_APP,FR DuraStretch Trucker Jacket,https://www.ariat.com/P25501_M_APP.html,outerwear,Jackets & Vests,FR;DuraStretch,"98% Cotton, 2% Elastane",cotton,98,2,blend,-,-
Ariat,P25502_M_APP,FR Vernon Hi-Vis Softshell Jacket,https://www.ariat.com/P25502_M_APP.html,outerwear,Jackets & Vests,FR,"50% Modacrylic, 32% Cotton, 9% Nylon, 8% Polyarylate, 1% Antistatic",other-synthetic,50,0,blend,-,-
Ariat,P25503_M_APP,FR Air Inherent Work Shirt,https://www.ariat.com/P25503_M_APP.html,shirts,Button Down Shirts,FR,"47% Lyocell, 38% Modacrylic, 15% Aramid",lyocell,47,0,blend,-,-
Ariat,P25505_M_APP,Rebar M5 Straight DuraStretch DriTEK Softshell Straight Leg Pant,https://www.ariat.com/P25505_M_APP.html,trousers,Pants,Rebar;M5;DuraStretch,"91% Polyester, 9% Spandex",polyester,91,9,synthetic,-,-
Ariat,P25693_M_APP,Rebar WorkTek Hi-Vis Full Zip Hoodie,https://www.ariat.com/P25693_M_APP.html,sweats,Sweatshirts & Hoodies,Rebar,100% Polyester,polyester,100,0,synthetic,polyester,-
Ariat,P25702_M_APP,Ariat Logo Hoodie,https://www.ariat.com/P25702_M_APP.html,sweats,Sweatshirts & Hoodies,-,"52% Cotton, 48% Polyester",cotton,52,0,blend,-,-
Ariat,P25739_M_APP,Galen Fleece Scrub Jacket,https://www.ariat.com/P25739_M_APP.html,other,Scrubs,-,"95% Recycled Polyester, 5% Spandex",polyester,95,5,synthetic,-,-
Ariat,P25740_M_APP,Galen Fleece Scrub Vest,https://www.ariat.com/P25740_M_APP.html,other,Scrubs,-,"95% Recycled Polyester, 5% Spandex",polyester,95,5,synthetic,-,-
Ariat,P25742_M_APP,VentTEK Underscrub Baselayer,https://www.ariat.com/P25742_M_APP.html,other,Scrubs,TEK,"83% Recycled Polyester, 17% Spandex",polyester,83,17,synthetic,-,-
Ariat,P25743_M_APP,Conrad Utility Scrub Jacket,https://www.ariat.com/P25743_M_APP.html,other,Scrubs,-,"94% Polyester, 6% Spandex",polyester,94,6,synthetic,-,-
Ariat,P25795_M_APP,Crius Hooded Insulated Jacket,https://www.ariat.com/P25795_M_APP.html,outerwear,Jackets & Vests,-,ND,ND,ND,ND,undisclosed,-,PDP Materials accordion read; no fibre composition stated
Ariat,P25866_M_APP,Caldwell Reinforced Snap Sweater,https://www.ariat.com/P25866_M_APP.html,knitwear,Sweaters (from title; nav files them under Sweatshirts & Hoodies),Caldwell,ND,ND,ND,ND,undisclosed,-,PDP Materials accordion read; no fibre composition stated
Ariat,P25887_M_APP,Rebar M5 Straight DuraStretch Washed Twill Dungaree Straight Leg Pant,https://www.ariat.com/P25887_M_APP.html,trousers,Pants,Rebar;M5;DuraStretch,"98% Cotton, 2% Spandex",cotton,98,2,blend,-,-
Ariat,P26099_M_APP,Rebar DuraStretch Utility Softshell Shirt Jacket,https://www.ariat.com/P26099_M_APP.html,outerwear,Jackets & Vests,Rebar;DuraStretch,ND,ND,ND,ND,undisclosed,-,PDP Materials accordion read; no fibre composition stated
Ariat,P26319_M_APP,M5 Straight Marston Straight Jean,https://www.ariat.com/P26319_M_APP.html,denim,Jeans,M5,"73% Cotton, 25% Recycled Polyester, 2% Spandex",cotton,73,2,blend,-,-
Ariat,P26322_M_APP,M7 Slim Toro Straight Jean,https://www.ariat.com/P26322_M_APP.html,denim,Jeans,M7,"99% Cotton, 1% Spandex",cotton,99,1,blend,-,-
Ariat,P26414_M_APP,Clement Shirt,https://www.ariat.com/P26414_M_APP.html,shirts,Button Down Shirts,-,ND,ND,ND,ND,undisclosed,-,PDP Materials accordion read; no fibre composition stated
Ariat,P26476_M_APP,M4 Relaxed Hugo Boot Cut Jean,https://www.ariat.com/P26476_M_APP.html,denim,Jeans,M4,"92% Cotton, 4% Elasterell-p, 4% Spandex",cotton,92,4,blend,-,-
Ariat,P26480_M_APP,M7 Slim Wessley Straight Jean,https://www.ariat.com/P26480_M_APP.html,denim,Jeans,M7,"92% Cotton, 4% Elasterell-p, 4% Spandex",cotton,92,4,blend,-,-
Ariat,P26554_M_APP,Rebar M5 Straight DuraStretch Edge Straight Leg Jean,https://www.ariat.com/P26554_M_APP.html,denim,Jeans,Rebar;M5;DuraStretch,"67% Cotton, 32% Polyester, 1% Spandex",cotton,67,1,blend,-,-
Ariat,P26555_M_APP,"Rebar WorkFlow Ultralight 9"" DuraStretch Shorts",https://www.ariat.com/P26555_M_APP.html,shorts,Shorts (from title; nav Pants & Shorts),Rebar;DuraStretch,ND,ND,ND,ND,undisclosed,-,PDP Materials accordion read; no fibre composition stated
Ariat,P26556_M_APP,Rebar Hi-Vis Pull-On DuraStretch Straight Leg Pants,https://www.ariat.com/P26556_M_APP.html,trousers,Pants,Rebar;DuraStretch,"86% Polyester, 14% Spandex",polyester,86,14,synthetic,-,-
Ariat,P26560_M_APP,FR M7 Slim Duralight Stretch Basic Straight Jean,https://www.ariat.com/P26560_M_APP.html,denim,Jeans,FR;M7,"69% Cotton, 30% Modacrylic, 1% Spandex",cotton,69,1,blend,-,-
Ariat,P26562_M_APP,FR M4 Relaxed Crossfire Straight Pant,https://www.ariat.com/P26562_M_APP.html,trousers,Pants,FR;M4,"51% Cotton, 40% Lyocell, 9% Sulfonyl polyphenylene sulfide",cotton,51,0,blend,-,-
Ariat,P26563_M_APP,FR M7 Slim Hi-Vis Duralight Twill DuraStretch Straight Leg Pants,https://www.ariat.com/P26563_M_APP.html,trousers,Pants,FR;M7;DuraStretch,"51% Cotton, 37% Modacrylic, 9% Sulfonyl polyphenylene sulfide, 2% Spandex, 1% Antistatic",cotton,51,2,blend,-,-
Ariat,P26580_M_APP,Rebar Hi-Vis ANSI T-Shirt,https://www.ariat.com/P26580_M_APP.html,tees-polos,T-Shirts & Polos,Rebar,100% Polyester,polyester,100,0,synthetic,polyester,-
Ariat,P26586_M_APP,Rebar Made Tough VentTEK DuraStretch Work Shirt,https://www.ariat.com/P26586_M_APP.html,shirts,Button Down Shirts,Rebar;TEK;DuraStretch,"91% Polyester, 9% Spandex",polyester,91,9,synthetic,-,-
Ariat,P26596_M_APP,FR Air Refinery Row Graphic Henley Top,https://www.ariat.com/P26596_M_APP.html,tees-polos,T-Shirts & Polos,FR,100% Cotton,cotton,100,0,natural,cotton,-
Ariat,P26642_M_APP,Rebar Weatherproof Convertible Jacket,https://www.ariat.com/P26642_M_APP.html,outerwear,Jackets & Vests,Rebar,"79% Nylon, 12% Elastane, 9% Polyester",polyamide,79,12,synthetic,-,-
Ariat,P27058_M_APP,Rebar Workman Born For This T-Shirt,https://www.ariat.com/P27058_M_APP.html,tees-polos,T-Shirts & Polos,Rebar,"60% Cotton, 40% Polyester",cotton,60,0,blend,-,-
Ariat,P27351_M_APP,Tek Short,https://www.ariat.com/P27351_M_APP.html,shorts,Shorts (from title; nav Pants & Shorts),TEK,"92% Polyester, 8% Spandex",polyester,92,8,synthetic,-,category assigned from title
Ariat,P27756_M_APP,Woodside Vest,https://www.ariat.com/P27756_M_APP.html,outerwear,Jackets & Vests,-,100% Recycled Polyester,polyester,100,0,synthetic,polyester,-
Ariat,P27762_M_APP,Stinson Shirt Jacket,https://www.ariat.com/P27762_M_APP.html,outerwear,Jackets & Vests,-,100% recycled nylon shell,polyamide,100,0,synthetic,polyamide,-
Ariat,P27778_M_APP,Two24 Bolinas 1/4 Zip Sweater,https://www.ariat.com/P27778_M_APP.html,knitwear,Sweaters (from title; nav files them under Sweatshirts & Hoodies),Two24,100% Wool,wool,100,0,natural,wool,category assigned from title
Ariat,P27817_M_APP,Rebar Workman Duracanvas 1/4 Zip Sweatshirt,https://www.ariat.com/P27817_M_APP.html,sweats,Sweatshirts & Hoodies,Rebar,"60% Cotton, 40% Polyester",cotton,60,0,blend,-,-
Ariat,P27819_M_APP,Rebar WorkTek Reinforced Full Zip Hoodie,https://www.ariat.com/P27819_M_APP.html,sweats,Sweatshirts & Hoodies,Rebar,100% Polyester,polyester,100,0,synthetic,polyester,-
Ariat,P27820_M_APP,Rebar Hi-Vis Softshell Jacket,https://www.ariat.com/P27820_M_APP.html,outerwear,Jackets & Vests,Rebar,"96% Polyester, 4% Elastane",polyester,96,4,synthetic,-,-
Ariat,P27840_M_APP,M4 Relaxed Hansen Boot Cut Jean,https://www.ariat.com/P27840_M_APP.html,denim,Jeans,M4,"67% Cotton, 32% Polyester, 1% Spandex",cotton,67,1,blend,-,-
Ariat,P27900_M_APP,Rebar M4 Relaxed Made Tough Cargo Straight Pant,https://www.ariat.com/P27900_M_APP.html,trousers,Pants,Rebar;M4,"98% Cotton, 2% Elastane",cotton,98,2,blend,-,-
Ariat,P27901_M_APP,Rebar M5 Straight Made Tough Knee Guardian Straight,https://www.ariat.com/P27901_M_APP.html,trousers,Pants,Rebar;M5,"98% Cotton, 2% Elastane",cotton,98,2,blend,-,-
Ariat,P27906_M_APP,Grizzly 2.0 Canvas Conceal and Carry Jacket,https://www.ariat.com/P27906_M_APP.html,outerwear,Jackets & Vests,-,"57% Cotton, 35% Polyester, 8% Nylon",cotton,57,0,blend,-,-
Ariat,P27969_M_APP,Rebar Gridwork Baselayer 1/4 Zip T-Shirt,https://www.ariat.com/P27969_M_APP.html,tees-polos,T-Shirts & Polos,Rebar,"97% Polyester, 3% Elastane",polyester,97,3,synthetic,-,-
Ariat,P27971_M_APP,Rebar Stretch Canvas Bomber Jacket,https://www.ariat.com/P27971_M_APP.html,outerwear,Jackets & Vests,Rebar,"68% Cotton, 30% Polyester, 2% Elastane",cotton,68,2,blend,-,-
Ariat,P27982_M_APP,M4 Relaxed Pro Series Ray Boot Cut Jeans,https://www.ariat.com/P27982_M_APP.html,denim,Jeans,M4;Pro Series,"67% Cotton, 32% Polyester, 1% Elastane",cotton,67,1,blend,-,-
Ariat,P28319_M_APP,Vernon Sherpa 2.0 Jacket,https://www.ariat.com/P28319_M_APP.html,outerwear,Jackets & Vests,-,ND,ND,ND,ND,undisclosed,-,PDP Materials accordion read; no fibre composition stated
Ariat,P28801_M_APP,M4 Relaxed Derek Boot Cut Jean,https://www.ariat.com/P28801_M_APP.html,denim,Jeans,M4,"67% Cotton, 32% Polyester, 1% Elastane",cotton,67,1,blend,-,-
Ariat,P28805_M_APP,M5 Straight Pro Series Ray Straight Leg Jeans,https://www.ariat.com/P28805_M_APP.html,denim,Jeans,M5;Pro Series,"67% Cotton, 32% Polyester, 1% Elastane",cotton,67,1,blend,-,-
Ariat,P28808_M_APP,M7 Slim Ezra Straight Jean,https://www.ariat.com/P28808_M_APP.html,denim,Jeans,M7,100% Cotton,cotton,100,0,natural,cotton,-
Ariat,P28809_M_APP,M7 Slim Pro Series Ray Straight Leg Jean,https://www.ariat.com/P28809_M_APP.html,denim,Jeans,M7;Pro Series,"67% Cotton, 32% Polyester, 1% Elastane",cotton,67,1,blend,-,-
Ariat,P29010_M_APP,Rebar Sunblocker Hooded T-Shirt,https://www.ariat.com/P29010_M_APP.html,tees-polos,T-Shirts & Polos,Rebar,100% Polyester,polyester,100,0,synthetic,polyester,-
Ariat,P29020_M_APP,Rebar Made Tough 360 Airflow Work Shirt,https://www.ariat.com/P29020_M_APP.html,shirts,Button Down Shirts,Rebar,100% Polyester,polyester,100,0,synthetic,polyester,-
Ariat,P29085_M_APP,FR M5 Straight DuraStretch DuraStretch Basic Straight Jean,https://www.ariat.com/P29085_M_APP.html,denim,Jeans,FR;M5;DuraStretch,"98% Cotton, 2% Elastane",cotton,98,2,blend,-,-
Ariat,P29154_M_APP,Printed 360 Airflow Classic Fit Polo,https://www.ariat.com/P29154_M_APP.html,tees-polos,T-Shirts & Polos,-,"92% Polyester, 8% Elastane",polyester,92,8,synthetic,-,-
Ariat,P29156_M_APP,Lightweight Retro Hoodie,https://www.ariat.com/P29156_M_APP.html,sweats,Sweatshirts & Hoodies,-,100% Cotton,cotton,100,0,natural,cotton,-
Ariat,P29322_M_APP,Two24 Napa Shirt,https://www.ariat.com/P29322_M_APP.html,shirts,Button Down Shirts,Two24,"55% Cotton, 25% Nylon, 16% Lyocell, 4% Elastane",cotton,55,4,blend,-,-
Ariat,P29477_M_APP,Rebar Foreman Polo,https://www.ariat.com/P29477_M_APP.html,tees-polos,T-Shirts & Polos,Rebar,"60% Cotton, 40% Polyester",cotton,60,0,blend,-,-
Ariat,P29538_M_APP,Classic Denim Shirt,https://www.ariat.com/P29538_M_APP.html,shirts,Button Down Shirts,-,100% Cotton,cotton,100,0,natural,cotton,-
Ariat,P29628_M_APP,M2 Traditional Relaxed Pro Series Ray Boot Cut Jean,https://www.ariat.com/P29628_M_APP.html,denim,Jeans,M2;Pro Series,"67% Cotton, 32% Polyester, 1% Elastane",cotton,67,1,blend,-,-
Ariat,P29658_M_APP,360 Airflow Classic Fit Shirt,https://www.ariat.com/P29658_M_APP.html,shirts,Button Down Shirts,-,100% Polyester,polyester,100,0,synthetic,polyester,-
Ariat,P29803_M_APP,Rebar M4 Relaxed Cordura Twill Cargo Straight Pant,https://www.ariat.com/P29803_M_APP.html,trousers,Pants,Rebar;M4,"56% Cotton, 37% CORDURA® Nylon, 4% Elasterell-P, 3% Elastane",cotton,56,3,blend,-,-
Ariat,P30162_M_APP,Denim Trucker Jacket,https://www.ariat.com/P30162_M_APP.html,outerwear,Jackets & Vests,-,100% Cotton,cotton,100,0,natural,cotton,-
Ariat,P30339_M_APP,Rion StretchShell Insulated Jacket,https://www.ariat.com/P30339_M_APP.html,outerwear,Jackets & Vests,-,"88% Polyester, 12% Elastane",polyester,88,12,synthetic,-,-
Ariat,P30404_M_APP,Relentless Amarillo Shirt Jacket,https://www.ariat.com/P30404_M_APP.html,outerwear,Jackets & Vests,-,"85% Polyester, 12% Rayon, 3% Elastane",polyester,85,3,blend,-,-
Ariat,P30428_M_APP,Rebar Gridwork Crewneck T-Shirt,https://www.ariat.com/P30428_M_APP.html,tees-polos,T-Shirts & Polos,Rebar,"97% Polyester, 3% Elastane",polyester,97,3,synthetic,-,-
Ariat,P30438_M_APP,Rebar All-Weather Sherpa-Lined Full Zip Hoodie,https://www.ariat.com/P30438_M_APP.html,sweats,Sweatshirts & Hoodies,Rebar,"60% Cotton, 40% Polyester",cotton,60,0,blend,-,-
Ariat,P30440_M_APP,Rebar Hi-Vis Hoodie,https://www.ariat.com/P30440_M_APP.html,sweats,Sweatshirts & Hoodies,Rebar,100% Polyester,polyester,100,0,synthetic,polyester,-
Ariat,P30447_M_APP,Rebar M5 Straight DuraStretch Made Tough Straight Pant,https://www.ariat.com/P30447_M_APP.html,trousers,Pants,Rebar;M5;DuraStretch,"98% Cotton, 2% Elastane",cotton,98,2,blend,-,-
Ariat,P30449_M_APP,Rebar M4 Relaxed Rail DuraStretch Boot Cut Jeans,https://www.ariat.com/P30449_M_APP.html,denim,Jeans,Rebar;M4;DuraStretch,"67% Cotton, 32% Polyester, 1% Elastane",cotton,67,1,blend,-,-
Ariat,P30450_M_APP,Rebar M5 Straight Rail DuraStretch Straight Leg Jeans,https://www.ariat.com/P30450_M_APP.html,denim,Jeans,Rebar;M5;DuraStretch,"67% Cotton, 32% Polyester, 1% Elastane",cotton,67,1,blend,-,-
Ariat,P30451_M_APP,Rebar M7 Slim Rail DuraStretch Straight Leg Jeans,https://www.ariat.com/P30451_M_APP.html,denim,Jeans,Rebar;M7;DuraStretch,"67% Cotton, 32% Polyester, 1% Elastane",cotton,67,1,blend,-,-
Ariat,P30455_M_APP,FR M4 Relaxed DuraStretch DuraLight Remming Boot Cut Jean,https://www.ariat.com/P30455_M_APP.html,denim,Jeans,FR;M4;DuraStretch,"69% Cotton, 30% Modacrylic, 1% Elastane",cotton,69,1,blend,-,-
Ariat,P30456_M_APP,FR M5 Straight DuraStretch DuraLight Owens Straight Jean,https://www.ariat.com/P30456_M_APP.html,denim,Jeans,FR;M5;DuraStretch,"69% Cotton, 30% Modacrylic, 1% Elastane",cotton,69,1,blend,-,-
Ariat,P30461_M_APP,FR Primo Baselayer,https://www.ariat.com/P30461_M_APP.html,tees-polos,T-Shirts & Polos,FR,"50% Modacrylic, 40% Lyocell, 10% Twaron®",other-synthetic,50,0,blend,-,-
Ariat,P30462_M_APP,FR Primo 1/4 Zip Baselayer,https://www.ariat.com/P30462_M_APP.html,tees-polos,T-Shirts & Polos,FR,"50% Modacrylic, 40% Lyocell, 10% Twaron®",other-synthetic,50,0,blend,-,-
Ariat,P30463_M_APP,FR Pima T-Shirt,https://www.ariat.com/P30463_M_APP.html,tees-polos,T-Shirts & Polos,FR,"93% Supima Cotton, 7% Elastane",cotton,93,7,blend,-,-
Ariat,P30464_M_APP,FR Primo Hooded T-Shirt,https://www.ariat.com/P30464_M_APP.html,tees-polos,T-Shirts & Polos,FR,"50% Modacrylic, 40% Lyocell, 10% Twaron®",other-synthetic,50,0,blend,-,-
Ariat,P30466_M_APP,FR Work Hard Live Free T-Shirt,https://www.ariat.com/P30466_M_APP.html,tees-polos,T-Shirts & Polos,FR,100% Cotton,cotton,100,0,natural,cotton,-
Ariat,P30468_M_APP,FR Primo Fleece 2.0 Hoodie,https://www.ariat.com/P30468_M_APP.html,sweats,Sweatshirts & Hoodies,FR,"48% Modacrylic, 37% Lyocell, 10% Para-Aramid, 5% Elastane",other-synthetic,48,5,blend,-,-
Ariat,P30469_M_APP,FR Primo Fleece 2.0 1/4 Zip Sweater,https://www.ariat.com/P30469_M_APP.html,knitwear,Sweaters (from title; nav files them under Sweatshirts & Hoodies),FR,"48% Modacrylic, 37% Lyocell, 10% Para-Aramid, 5% Elastane",other-synthetic,48,5,blend,-,category assigned from title
Ariat,P30470_M_APP,FR DuraStretch Pullover Hoodie,https://www.ariat.com/P30470_M_APP.html,sweats,Sweatshirts & Hoodies,FR;DuraStretch,"95% Cotton, 5% Elastane",cotton,95,5,blend,-,-
Ariat,P30471_M_APP,FR DuraStretch Smoke Hoodie,https://www.ariat.com/P30471_M_APP.html,sweats,Sweatshirts & Hoodies,FR;DuraStretch,"95% Cotton, 5% Elastane",cotton,95,5,blend,-,-
Ariat,P30474_M_APP,FR Basic Insulated Jacket,https://www.ariat.com/P30474_M_APP.html,outerwear,Jackets & Vests,FR,100% Cotton,cotton,100,0,natural,cotton,-
Ariat,P30475_M_APP,FR Basic Insulated Vest,https://www.ariat.com/P30475_M_APP.html,outerwear,Jackets & Vests,FR,100% Cotton,cotton,100,0,natural,cotton,-
Ariat,P30476_M_APP,FR Primo Reinforced Jacket,https://www.ariat.com/P30476_M_APP.html,outerwear,Jackets & Vests,FR,"48% Modacrylic, 37% Lyocell, 10% Para-Aramid, 5% Elastane",other-synthetic,48,5,blend,-,-
Ariat,P30478_M_APP,FR Sierra Work Shirt,https://www.ariat.com/P30478_M_APP.html,shirts,Button Down Shirts,FR,"88% Cotton, 12% Nylon",cotton,88,0,blend,-,-
Ariat,P30490_M_APP,Rebar Washed Twill Work Shirt,https://www.ariat.com/P30490_M_APP.html,shirts,Button Down Shirts,Rebar,100% Cotton,cotton,100,0,natural,cotton,-
Ariat,P30493_M_APP,Rebar Cordura Ripstop Insulated Jacket,https://www.ariat.com/P30493_M_APP.html,outerwear,Jackets & Vests,Rebar,100% CORDURA® Nylon,polyamide,100,0,synthetic,polyamide,-
Ariat,P30494_M_APP,Rebar Cordura Ripstop Insulated Shirt Jacket,https://www.ariat.com/P30494_M_APP.html,outerwear,Jackets & Vests,Rebar,100% Cordura® Nylon,polyamide,100,0,synthetic,polyamide,-
Ariat,P30496_M_APP,Rebar Canvas Shirt Jacket,https://www.ariat.com/P30496_M_APP.html,outerwear,Jackets & Vests,Rebar,100% Cotton,cotton,100,0,natural,cotton,-
Ariat,P30662_M_APP,Odessa Sherpa Jacket,https://www.ariat.com/P30662_M_APP.html,outerwear,Jackets & Vests,-,100% Polyester,polyester,100,0,synthetic,polyester,-
Ariat,P30678_M_APP,Color Block Hoodie,https://www.ariat.com/P30678_M_APP.html,sweats,Sweatshirts & Hoodies,-,"60% Cotton, 40% Polyester",cotton,60,0,blend,-,-
Ariat,P30840_M_APP,FR Hi-Vis Hoodie,https://www.ariat.com/P30840_M_APP.html,sweats,Sweatshirts & Hoodies,FR,"48% Modacrylic, 37% Lyocell, 10% Para-Aramid, 5% Elastane",other-synthetic,48,5,blend,-,-
Ariat,P30915_M_APP,Rebar Cotton Strong WHLF T-Shirt,https://www.ariat.com/P30915_M_APP.html,tees-polos,T-Shirts & Polos,Rebar,100% Cotton,cotton,100,0,natural,cotton,-
Ariat,P31275_M_APP,FR Olympic Work Shirt,https://www.ariat.com/P31275_M_APP.html,shirts,Button Down Shirts,FR,"88% Cotton, 12% Nylon",cotton,88,0,blend,-,-
Ariat,P31276_M_APP,FR Cloud 9 2.0 Insulated Vest,https://www.ariat.com/P31276_M_APP.html,outerwear,Jackets & Vests,FR,"51% Cotton, 40% Modacrylic, 9% Sulfonyl Polyphenylene Sulfide",cotton,51,0,blend,-,-
Ariat,P31277_M_APP,FR Cloud 9 2.0 Insulated Jacket,https://www.ariat.com/P31277_M_APP.html,outerwear,Jackets & Vests,FR,"51% Cotton, 40% Modacrylic, 9% Sulfonyl Polyphenylene Sulfide",cotton,51,0,blend,-,-
Ariat,P31446_M_APP,Hyde Retro Fit Shirt,https://www.ariat.com/P31446_M_APP.html,shirts,Button Down Shirts,-,100% Cotton,cotton,100,0,natural,cotton,-
Ariat,P31572_M_APP,Rebar Cordura Ripstop Lightweight Insulated Jacket,https://www.ariat.com/P31572_M_APP.html,outerwear,Jackets & Vests,Rebar,100% CORDURA® Nylon,polyamide,100,0,synthetic,polyamide,-
Ariat,P31726_M_APP,Hex Fleece 1/2 Zip Baselayer,https://www.ariat.com/P31726_M_APP.html,sweats,Sweatshirts & Hoodies,-,"93% Polyester, 7% Elastane",polyester,93,7,synthetic,-,-
Ariat,P31848_M_APP,Wilton Sweatshirt,https://www.ariat.com/P31848_M_APP.html,sweats,Sweatshirts & Hoodies,-,"60% Organic Cotton, 35% Modal, 5% Elastane",cotton,60,5,blend,-,-
Ariat,P31940_M_APP,Pro Series Team Packer Fitted Shirt,https://www.ariat.com/P31940_M_APP.html,shirts,Button Down Shirts,Pro Series,"85% Cotton, 15% Recycled Polyester",cotton,85,0,blend,-,-
Ariat,P31959_M_APP,Wrinkle Free Solid Fitted Shirt,https://www.ariat.com/P31959_M_APP.html,shirts,Button Down Shirts,-,100% Cotton,cotton,100,0,natural,cotton,-
Ariat,P32148_M_APP,M8 Modern Ashton Straight Leg Jeans,https://www.ariat.com/P32148_M_APP.html,denim,Jeans,M8,"99% Cotton, 1% Lycra® Spandex Elastane",cotton,99,1,blend,-,-
Ariat,P32191_M_APP,TerrainLite VentTEK Western Classic Fit Snap Shirt,https://www.ariat.com/P32191_M_APP.html,shirts,Button Down Shirts,TEK,100% Polyester,polyester,100,0,synthetic,polyester,-
Ariat,P32203_M_APP,Rebar Cotton Strong Standard Pocket T-Shirt,https://www.ariat.com/P32203_M_APP.html,tees-polos,T-Shirts & Polos,Rebar,"Heathered Colors: 60% Cotton, 40% Polyester",cotton,60,0,blend,-,first-listed colour group (Heathered) used; solid colours stated 100% cotton on some styles
Ariat,P32211_M_APP,Rebar Cotton Strong Hardhead T-Shirt,https://www.ariat.com/P32211_M_APP.html,tees-polos,T-Shirts & Polos,Rebar,"Heathered Colors: 60% Cotton, 40% Polyester",cotton,60,0,blend,-,first-listed colour group (Heathered) used; solid colours stated 100% cotton on some styles
Ariat,P32219_M_APP,Rebar Workman Brickyard T-Shirt,https://www.ariat.com/P32219_M_APP.html,tees-polos,T-Shirts & Polos,Rebar,"60% Cotton, 40% Polyester",cotton,60,0,blend,-,-
Ariat,P32222_M_APP,Rebar Workman Hardhead Hoodie,https://www.ariat.com/P32222_M_APP.html,sweats,Sweatshirts & Hoodies,Rebar,"60% Cotton, 40% Polyester",cotton,60,0,blend,-,-
Ariat,P32243_M_APP,FR Lever Work Shirt,https://www.ariat.com/P32243_M_APP.html,shirts,Button Down Shirts,FR,"88% Cotton, 12% Nylon",cotton,88,0,blend,-,-
Ariat,P32245_M_APP,FR Hardhead T-Shirt,https://www.ariat.com/P32245_M_APP.html,tees-polos,T-Shirts & Polos,FR,100% Cotton,cotton,100,0,natural,cotton,-
Ariat,P32247_M_APP,FR DuraStretch Work Hard Live Free Hoodie,https://www.ariat.com/P32247_M_APP.html,sweats,Sweatshirts & Hoodies,FR;DuraStretch,"95% Cotton, 5% Elastane",cotton,95,5,blend,-,-
Ariat,P32251_M_APP,Rebar M5 Straight DuraStretch Cargo Pant,https://www.ariat.com/P32251_M_APP.html,trousers,Pants,Rebar;M5;DuraStretch,"98% Cotton, 2% Elastane",cotton,98,2,blend,-,-
Ariat,P32252_M_APP,Rebar M8 Modern DuraStretch Cargo Pant,https://www.ariat.com/P32252_M_APP.html,trousers,Pants,Rebar;M8;DuraStretch,"98% Cotton, 2% Elastane",cotton,98,2,blend,-,-
Ariat,P32301_M_APP,"Rebar DuraStretch Made Tough 8"" Short",https://www.ariat.com/P32301_M_APP.html,shorts,Shorts (from title; nav Pants & Shorts),Rebar;DuraStretch,"98% Cotton, 2% Elastane",cotton,98,2,blend,-,category assigned from title
Ariat,P32302_M_APP,Rebar Cotton Strong Standard T-Shirt,https://www.ariat.com/P32302_M_APP.html,tees-polos,T-Shirts & Polos,Rebar,"Heathered Colors: 60% Cotton, 40% Polyester",cotton,60,0,blend,-,first-listed colour group (Heathered) used; solid colours stated 100% cotton on some styles
Ariat,P32307_M_APP,Two24 Shaldon Polo,https://www.ariat.com/P32307_M_APP.html,tees-polos,T-Shirts & Polos,Two24,"53% Organic Cotton, 47% Polyester",cotton,53,0,blend,-,-
Ariat,P32310_M_APP,Draycott Shirt,https://www.ariat.com/P32310_M_APP.html,shirts,Button Down Shirts,-,100% Cotton,cotton,100,0,natural,cotton,-
Ariat,P32387_M_APP,Rebar Heat Fighter Staple T-Shirt,https://www.ariat.com/P32387_M_APP.html,tees-polos,T-Shirts & Polos,Rebar,100% Polyester,polyester,100,0,synthetic,polyester,-
Ariat,P32419_M_APP,Rebar Made Tough Shop Jacket,https://www.ariat.com/P32419_M_APP.html,outerwear,Jackets & Vests,Rebar,"98% Cotton, 2% Elastane",cotton,98,2,blend,-,-
Ariat,P32503_M_APP,Ariat Shield Flag T-Shirt,https://www.ariat.com/P32503_M_APP.html,tees-polos,T-Shirts & Polos,-,"52% Cotton, 48% Polyester",cotton,52,0,blend,-,-
Ariat,P32754_M_APP,Ariat Chinelos Hex Classic Fit T-Shirt,https://www.ariat.com/P32754_M_APP.html,tees-polos,T-Shirts & Polos,-,100% Cotton,cotton,100,0,natural,cotton,-
Ariat,P33001_M_APP,M2 Traditional Relaxed Pro Series Ray Boot Cut Jeans,https://www.ariat.com/P33001_M_APP.html,denim,Jeans,M2;Pro Series,"67% Cotton, 32% Polyester, 1% Elastane",cotton,67,1,blend,-,-
Ariat,P33019_M_APP,"Tek 7"" Short",https://www.ariat.com/P33019_M_APP.html,shorts,Shorts (from title; nav Pants & Shorts),TEK,100% Polyester,polyester,100,0,synthetic,polyester,category assigned from title
Ariat,P33093_M_APP,Ariat Stipple Steer Classic Fit T-Shirt,https://www.ariat.com/P33093_M_APP.html,tees-polos,T-Shirts & Polos,-,100% Cotton,cotton,100,0,natural,cotton,-
Ariat,P33106_M_APP,Standard Twill Classic Fit Shirt,https://www.ariat.com/P33106_M_APP.html,shirts,Button Down Shirts,-,100% Cotton,cotton,100,0,natural,cotton,-
Ariat,P33217_M_APP,Team EQ 1/2 Zip Pullover,https://www.ariat.com/P33217_M_APP.html,sweats,Sweatshirts & Hoodies,Team,"96% Recycled Polyester, 4% Elastane",polyester,96,4,synthetic,-,-
Ariat,P33223_M_APP,UltraPuff Down Vest,https://www.ariat.com/P33223_M_APP.html,outerwear,Jackets & Vests,-,100% Nylon,polyamide,100,0,synthetic,polyamide,-
Ariat,P33225_M_APP,Rion StretchShell Insulated Vest,https://www.ariat.com/P33225_M_APP.html,outerwear,Jackets & Vests,-,"88% Polyester, 12% Elastane",polyester,88,12,synthetic,-,-
Ariat,P33228_M_APP,Traverse Hiking Pants,https://www.ariat.com/P33228_M_APP.html,trousers,Pants,-,"90% Nylon, 10% Elastane",polyamide,90,10,synthetic,-,-
Ariat,P33234_M_APP,Outer Banks Waterproof Jacket,https://www.ariat.com/P33234_M_APP.html,outerwear,Jackets & Vests,-,100% Polyester,polyester,100,0,synthetic,polyester,-
Ariat,P33328_M_APP,Caldwell 1/4 Button Sweater,https://www.ariat.com/P33328_M_APP.html,knitwear,Sweaters (from title; nav files them under Sweatshirts & Hoodies),Caldwell,100% Polyester,polyester,100,0,synthetic,polyester,category assigned from title
Ariat,P33329_M_APP,Western Sherpa Jacket,https://www.ariat.com/P33329_M_APP.html,outerwear,Jackets & Vests,-,100% Polyester,polyester,100,0,synthetic,polyester,-
Ariat,P33331_M_APP,Caldwell Sherpa Vest,https://www.ariat.com/P33331_M_APP.html,outerwear,Jackets & Vests,Caldwell,100% Polyester,polyester,100,0,synthetic,polyester,-
Ariat,P33332_M_APP,Basis Fleece Pullover,https://www.ariat.com/P33332_M_APP.html,sweats,Sweatshirts & Hoodies,-,100% Polyester,polyester,100,0,synthetic,polyester,-
Ariat,P33334_M_APP,Polar Bear Mock Sweater,https://www.ariat.com/P33334_M_APP.html,knitwear,Sweaters (from title; nav files them under Sweatshirts & Hoodies),-,100% Recycled Polyester,polyester,100,0,synthetic,polyester,category assigned from title
Ariat,P33335_M_APP,Ariat Eagle Large Hoodie,https://www.ariat.com/P33335_M_APP.html,sweats,Sweatshirts & Hoodies,-,"52% Cotton, 48% Polyester",cotton,52,0,blend,-,-
Ariat,P33344_M_APP,Ariat Embossed Logo Hoodie,https://www.ariat.com/P33344_M_APP.html,sweats,Sweatshirts & Hoodies,-,"52% Cotton, 48% Polyester",cotton,52,0,blend,-,-
Ariat,P33347_M_APP,Sendero When Life Gives You Agaves Hoodie,https://www.ariat.com/P33347_M_APP.html,sweats,Sweatshirts & Hoodies,-,"52% Cotton, 48% Polyester",cotton,52,0,blend,-,-
Ariat,P33349_M_APP,Pioneer Stretchshell Jacket,https://www.ariat.com/P33349_M_APP.html,outerwear,Jackets & Vests,-,"88% Polyester, 12% Elastane",polyester,88,12,synthetic,-,-
Ariat,P33350_M_APP,Pioneer Stretchshell Vest,https://www.ariat.com/P33350_M_APP.html,outerwear,Jackets & Vests,-,"88% Polyester, 12% Elastane",polyester,88,12,synthetic,-,-
Ariat,P33351_M_APP,Quilted Shirt Jacket,https://www.ariat.com/P33351_M_APP.html,outerwear,Jackets & Vests,-,100% Recycled Polyester,polyester,100,0,synthetic,polyester,-
Ariat,P33352_M_APP,Field Insulated Jacket,https://www.ariat.com/P33352_M_APP.html,outerwear,Jackets & Vests,-,100% Polyester,polyester,100,0,synthetic,polyester,-
Ariat,P33353_M_APP,Field Insulated Vest,https://www.ariat.com/P33353_M_APP.html,outerwear,Jackets & Vests,-,100% Polyester,polyester,100,0,synthetic,polyester,-
Ariat,P33354_M_APP,Wylie Vest,https://www.ariat.com/P33354_M_APP.html,outerwear,Jackets & Vests,-,100% Polyester,polyester,100,0,synthetic,polyester,-
Ariat,P33356_M_APP,Retro Corduroy Shirt Jacket,https://www.ariat.com/P33356_M_APP.html,outerwear,Jackets & Vests,Retro,"98% Cotton, 2% Elastane",cotton,98,2,blend,-,-
Ariat,P33357_M_APP,Holbrook Retro Shirt Jacket,https://www.ariat.com/P33357_M_APP.html,outerwear,Jackets & Vests,-,100% Cotton,cotton,100,0,natural,cotton,-
Ariat,P33361_M_APP,Canvas Rancher Vest,https://www.ariat.com/P33361_M_APP.html,outerwear,Jackets & Vests,-,100% Cotton,cotton,100,0,natural,cotton,-
Ariat,P33365_M_APP,Western Quilted Vest,https://www.ariat.com/P33365_M_APP.html,outerwear,Jackets & Vests,-,100% Cotton,cotton,100,0,natural,cotton,-
Ariat,P33387_M_APP,Drayham Jacket,https://www.ariat.com/P33387_M_APP.html,outerwear,Jackets & Vests,-,100% Cotton,cotton,100,0,natural,cotton,-
Ariat,P33393_M_APP,Heddon Sweater,https://www.ariat.com/P33393_M_APP.html,knitwear,Sweaters (from title; nav files them under Sweatshirts & Hoodies),-,100% Merino Wool,wool,100,0,natural,wool,category assigned from title
Ariat,P33414_M_APP,Wrinkle Free Refined Slub Classic Fit Shirt,https://www.ariat.com/P33414_M_APP.html,shirts,Button Down Shirts,-,100% Cotton,cotton,100,0,natural,cotton,-
Ariat,P33533_M_APP,FR Air Lineman T-Shirt,https://www.ariat.com/P33533_M_APP.html,tees-polos,T-Shirts & Polos,FR,100% Cotton,cotton,100,0,natural,cotton,-
Ariat,P33540_M_APP,FR M4 Relaxed Lightweight Cargo DuraStretch Straight Leg Pants,https://www.ariat.com/P33540_M_APP.html,trousers,Pants,FR;M4;DuraStretch,"98% Cotton, 2% Elastane",cotton,98,2,blend,-,-
Ariat,P33541_M_APP,FR Rev Full Zip Hoodie,https://www.ariat.com/P33541_M_APP.html,sweats,Sweatshirts & Hoodies,FR,100% Cotton,cotton,100,0,natural,cotton,-
Ariat,P33542_M_APP,FR DuraStretch Heavyweight Fleece Full Zip Hoodie,https://www.ariat.com/P33542_M_APP.html,sweats,Sweatshirts & Hoodies,FR;DuraStretch,"76% Cotton, 19% Polyester, 5% Elastane",cotton,76,5,blend,-,-
Ariat,P33543_M_APP,FR DuraStretch Hard Head Hoodie,https://www.ariat.com/P33543_M_APP.html,sweats,Sweatshirts & Hoodies,FR;DuraStretch,"95% Cotton, 5% Elastane",cotton,95,5,blend,-,-
Ariat,P33548_M_APP,FR Connery Work Shirt,https://www.ariat.com/P33548_M_APP.html,shirts,Button Down Shirts,FR,"88% Cotton, 12% Nylon",cotton,88,0,blend,-,-
Ariat,P33553_M_APP,Rebar Cotton Strong Standard Pocket T-Shirt,https://www.ariat.com/P33553_M_APP.html,tees-polos,T-Shirts & Polos,Rebar,"Heathered Colors: 60% Cotton, 40% Polyester",cotton,60,0,blend,-,first-listed colour group (Heathered) used; solid colours stated 100% cotton on some styles
Ariat,P33556_M_APP,Rebar Cotton Strong Standard Logo Pocket T-Shirt,https://www.ariat.com/P33556_M_APP.html,tees-polos,T-Shirts & Polos,Rebar,"Heathered Colors: 60% Cotton, 40% Polyester",cotton,60,0,blend,-,first-listed colour group (Heathered) used; solid colours stated 100% cotton on some styles
Ariat,P33557_M_APP,Rebar Cotton Strong Hardhead T-Shirt,https://www.ariat.com/P33557_M_APP.html,tees-polos,T-Shirts & Polos,Rebar,100% Cotton,cotton,100,0,natural,cotton,-
Ariat,P33561_M_APP,Rebar Workman Logo T-Shirt,https://www.ariat.com/P33561_M_APP.html,tees-polos,T-Shirts & Polos,Rebar,"60% Cotton, 40% Polyester",cotton,60,0,blend,-,-
Ariat,P33562_M_APP,Rebar Workman Born For This T-Shirt,https://www.ariat.com/P33562_M_APP.html,tees-polos,T-Shirts & Polos,Rebar,"60% Cotton, 40% Polyester",cotton,60,0,blend,-,-
Ariat,P33564_M_APP,Rebar Workman Graveyard T-Shirt,https://www.ariat.com/P33564_M_APP.html,tees-polos,T-Shirts & Polos,Rebar,"60% Cotton, 40% Polyester",cotton,60,0,blend,-,-
Ariat,P33565_M_APP,Rebar Workman Bolt Skull T-Shirt,https://www.ariat.com/P33565_M_APP.html,tees-polos,T-Shirts & Polos,Rebar,"60% Cotton, 40% Polyester",cotton,60,0,blend,-,-
Ariat,P33585_M_APP,Rebar Lightweight Logo Hoodie,https://www.ariat.com/P33585_M_APP.html,sweats,Sweatshirts & Hoodies,Rebar,"52% Cotton, 48% Polyester",cotton,52,0,blend,-,-
Ariat,P33592_M_APP,Rebar Workman Bare Knuckle Hoodie,https://www.ariat.com/P33592_M_APP.html,sweats,Sweatshirts & Hoodies,Rebar,"60% Cotton, 40% Polyester",cotton,60,0,blend,-,-
Ariat,P33593_M_APP,Rebar Workman Bolt Hoodie,https://www.ariat.com/P33593_M_APP.html,sweats,Sweatshirts & Hoodies,Rebar,"60% Cotton, 40% Polyester",cotton,60,0,blend,-,-
Ariat,P33594_M_APP,Rebar Cordura Ripstop Lightweight Insulated Vest,https://www.ariat.com/P33594_M_APP.html,outerwear,Jackets & Vests,Rebar,100% Cordura® Nylon,polyamide,100,0,synthetic,polyamide,-
Ariat,P33596_M_APP,Rebar Flannel Insulated Shirt Jacket,https://www.ariat.com/P33596_M_APP.html,outerwear,Jackets & Vests,Rebar,100% Cotton,cotton,100,0,natural,cotton,-
Ariat,P33604_M_APP,Rebar Lightweight Sweatshirt,https://www.ariat.com/P33604_M_APP.html,sweats,Sweatshirts & Hoodies,Rebar,"52% Cotton, 48% Polyester",cotton,52,0,blend,-,-
Ariat,P33605_M_APP,FR M4 Relaxed Lightweight DuraStretch Boot Cut Jeans,https://www.ariat.com/P33605_M_APP.html,denim,Jeans,FR;M4;DuraStretch,"99% Cotton, 1% Elastane",cotton,99,1,blend,-,-
Ariat,P33606_M_APP,FR M5 Straight Enduro DuraStretch Straight Leg Jeans,https://www.ariat.com/P33606_M_APP.html,denim,Jeans,FR;M5;DuraStretch,"99% Cotton, 1% Elastane",cotton,99,1,blend,-,-
Ariat,P33607_M_APP,FR M7 Slim Enduro DuraStretch Straight Leg Jeans,https://www.ariat.com/P33607_M_APP.html,denim,Jeans,FR;M7;DuraStretch,"99% Cotton, 1% Elastane",cotton,99,1,blend,-,-
Ariat,P33783_M_APP,Wrinkle Free Abel Classic Fit Shirt,https://www.ariat.com/P33783_M_APP.html,shirts,Button Down Shirts,-,100% Cotton,cotton,100,0,natural,cotton,-
Ariat,P33798_M_APP,Thell Classic Fit Shirt,https://www.ariat.com/P33798_M_APP.html,shirts,Button Down Shirts,-,100% Cotton,cotton,100,0,natural,cotton,-
Ariat,P33801_M_APP,Maximus Modern Fit Shirt,https://www.ariat.com/P33801_M_APP.html,shirts,Button Down Shirts,-,"97% Cotton, 3% Elastane",cotton,97,3,blend,-,-
Ariat,P33802_M_APP,McClain Modern Fit Shirt,https://www.ariat.com/P33802_M_APP.html,shirts,Button Down Shirts,-,"97% Cotton, 3% Elastane",cotton,97,3,blend,-,-
Ariat,P33803_M_APP,Matias Modern Fit Shirt,https://www.ariat.com/P33803_M_APP.html,shirts,Button Down Shirts,-,"97% Cotton, 3% Elastane",cotton,97,3,blend,-,-
Ariat,P33809_M_APP,Horne Retro Fit Shirt,https://www.ariat.com/P33809_M_APP.html,shirts,Button Down Shirts,-,100% Cotton,cotton,100,0,natural,cotton,-
Ariat,P33812_M_APP,Team Pablo Classic Fit Shirt,https://www.ariat.com/P33812_M_APP.html,shirts,Button Down Shirts,Team,100% Cotton,cotton,100,0,natural,cotton,-
Ariat,P33838_M_APP,Wren Classic Fit Shirt,https://www.ariat.com/P33838_M_APP.html,shirts,Button Down Shirts,-,100% Cotton,cotton,100,0,natural,cotton,-
Ariat,P33839_M_APP,William Classic Fit Shirt,https://www.ariat.com/P33839_M_APP.html,shirts,Button Down Shirts,-,100% Cotton,cotton,100,0,natural,cotton,-
Ariat,P33882_M_APP,Stable 2.0 Insulated Jacket,https://www.ariat.com/P33882_M_APP.html,outerwear,Jackets & Vests,-,100% Recycled Polyester,polyester,100,0,synthetic,polyester,-
Ariat,P33885_M_APP,Team EQ Jacket,https://www.ariat.com/P33885_M_APP.html,outerwear,Jackets & Vests,Team,"92% Recycled Polyester, 8% Elastane",polyester,92,8,synthetic,-,-
Ariat,P34097_M_APP,Southwestern Color Block Hoodie,https://www.ariat.com/P34097_M_APP.html,sweats,Sweatshirts & Hoodies,-,"60% Cotton, 40% Polyester",cotton,60,0,blend,-,-
Ariat,P34123_M_APP,Sentinel Jacket,https://www.ariat.com/P34123_M_APP.html,outerwear,Jackets & Vests,-,100% Polyester,polyester,100,0,synthetic,polyester,-
Ariat,P34124_M_APP,Sentinel Vest,https://www.ariat.com/P34124_M_APP.html,outerwear,Jackets & Vests,-,100% Polyester,polyester,100,0,synthetic,polyester,-
Ariat,P34147_M_APP,Logo Softshell Jacket,https://www.ariat.com/P34147_M_APP.html,outerwear,Jackets & Vests,-,"94% Recycled Polyester, 6% Elastane",polyester,94,6,synthetic,-,-
Ariat,P34148_M_APP,Logo Softshell Vest,https://www.ariat.com/P34148_M_APP.html,outerwear,Jackets & Vests,-,"94% Recycled Polyester, 6% Elastane",polyester,94,6,synthetic,-,-
Ariat,P34149_M_APP,Patriot Flag Softshell Jacket,https://www.ariat.com/P34149_M_APP.html,outerwear,Jackets & Vests,-,"94% Recycled Polyester, 6% Elastane",polyester,94,6,synthetic,-,-
Ariat,P34150_M_APP,Patriot Flag Softshell Vest,https://www.ariat.com/P34150_M_APP.html,outerwear,Jackets & Vests,-,"94% Recycled Polyester, 6% Elastane",polyester,94,6,synthetic,-,-
Ariat,P34151_M_APP,Vernon Softshell Jacket,https://www.ariat.com/P34151_M_APP.html,outerwear,Jackets & Vests,-,"94% Recycled Polyester, 6% Elastane",polyester,94,6,synthetic,-,-
Ariat,P34152_M_APP,Vernon Softshell Vest,https://www.ariat.com/P34152_M_APP.html,outerwear,Jackets & Vests,-,"94% Recycled Polyester, 6% Elastane",polyester,94,6,synthetic,-,-
Ariat,P34182_W_M_APP,Sendero Stockton Jacket,https://www.ariat.com/P34182_W_M_APP.html,outerwear,Jackets & Vests,-,"68% Cotton, 30% Polyester, 2% Elastane",cotton,68,2,blend,-,-
Ariat,P34322_M_APP,Ariat Straight Shooter T-Shirt,https://www.ariat.com/P34322_M_APP.html,tees-polos,T-Shirts & Polos,-,100% Cotton,cotton,100,0,natural,cotton,-
Ariat,P34327_M_APP,Ariat Underlands Camo Badge T-Shirt,https://www.ariat.com/P34327_M_APP.html,tees-polos,T-Shirts & Polos,-,100% Cotton,cotton,100,0,natural,cotton,-
Ariat,P34337_M_APP,Ariat Eagle Large T-Shirt,https://www.ariat.com/P34337_M_APP.html,tees-polos,T-Shirts & Polos,-,100% Cotton,cotton,100,0,natural,cotton,-
Ariat,P34373_M_APP,Lightweight Twill Classic Fit Shirt,https://www.ariat.com/P34373_M_APP.html,shirts,Button Down Shirts,-,100% Cotton,cotton,100,0,natural,cotton,-
Ariat,P34415_M_APP,FR Hi-Vis Air Inherent Classic Fit Work Shirt,https://www.ariat.com/P34415_M_APP.html,shirts,Button Down Shirts,FR,"48% Lyocell, 40% Modacrylic, 12% Aramid",lyocell,48,0,blend,-,-
Ariat,P34540_M_APP,SolVeil 1/4 Zip Baselayer,https://www.ariat.com/P34540_M_APP.html,tees-polos,T-Shirts & Polos,-,"71% Nylon, 29% Elastane",polyamide,71,29,synthetic,-,-
Ariat,P34560_M_APP,Ariat Rattler Warning T-Shirt,https://www.ariat.com/P34560_M_APP.html,tees-polos,T-Shirts & Polos,-,100% Cotton,cotton,100,0,natural,cotton,-
Ariat,P34576_M_APP,Compel Show Coat,https://www.ariat.com/P34576_M_APP.html,tailoring,Show coats / blazer (from title),-,"73% Nylon, 27% Elastane",polyamide,73,27,synthetic,-,category assigned from title
Ariat,P34582_M_APP,Compel Knee Patch Breeches,https://www.ariat.com/P34582_M_APP.html,trousers,Pants,-,"75% Nylon, 25% Elastane",polyamide,75,25,synthetic,-,-
Ariat,P34586_M_APP,Rebar Made Tough 360 Airflow Work Shirt,https://www.ariat.com/P34586_M_APP.html,shirts,Button Down Shirts,Rebar,100% Polyester,polyester,100,0,synthetic,polyester,-
Ariat,P34589_M_APP,Rebar Cotton Strong Skull T-Shirt,https://www.ariat.com/P34589_M_APP.html,tees-polos,T-Shirts & Polos,Rebar,"Heathered colors: 60% Cotton, 40% Polyester",cotton,60,0,blend,-,first-listed colour group (Heathered) used; solid colours stated 100% cotton on some styles
Ariat,P34593_M_APP,Rebar Heat Fighter Label Long Sleeve T-Shirt,https://www.ariat.com/P34593_M_APP.html,tees-polos,T-Shirts & Polos,Rebar,100% Polyester,polyester,100,0,synthetic,polyester,-
Ariat,P34594_M_APP,Rebar Heat Fighter Roughneck T-Shirt,https://www.ariat.com/P34594_M_APP.html,tees-polos,T-Shirts & Polos,Rebar,100% Polyester,polyester,100,0,synthetic,polyester,-
Ariat,P34626_M_APP,FR Gehrig Logo Work Shirt,https://www.ariat.com/P34626_M_APP.html,shirts,Button Down Shirts,FR,"88% Cotton, 12% Nylon",cotton,88,0,blend,-,-
Ariat,P34636_M_APP,FR Baselayer Hooded T-Shirt,https://www.ariat.com/P34636_M_APP.html,tees-polos,T-Shirts & Polos,FR,"55% Supima Cotton, 30% Modal, 8% Polyester, 7% Elastane",cotton,55,7,blend,-,-
Ariat,P34660_M_APP,M4 Relaxed Acclimatize Dayne Boot Cut Jean,https://www.ariat.com/P34660_M_APP.html,denim,Jeans,M4,"80% Cotton, 19% Polyester, 1% Elastane",cotton,80,1,blend,-,-
Ariat,P34663_M_APP,M5 Straight Calico Straight Leg Jean,https://www.ariat.com/P34663_M_APP.html,denim,Jeans,M5,"99% Cotton, 1% Elastane",cotton,99,1,blend,-,-
Ariat,P34664_M_APP,M5 Straight Acclimatize Gideon Straight Leg Jean,https://www.ariat.com/P34664_M_APP.html,denim,Jeans,M5,"80% Cotton, 19% Polyester, 1% Elastane",cotton,80,1,blend,-,-
Ariat,P34685_M_APP,Rebar Sunblocker Outdoor Hooded Classic Fit Long Sleeve T-Shirt,https://www.ariat.com/P34685_M_APP.html,tees-polos,T-Shirts & Polos,Rebar,100% Polyester,polyester,100,0,synthetic,polyester,-
Ariat,P34704_M_APP,Wrinkle Free Pinpoint Oxford Classic Fit Snap Shirt,https://www.ariat.com/P34704_M_APP.html,shirts,Button Down Shirts,-,100% Cotton,cotton,100,0,natural,cotton,-
Ariat,P34718_M_APP,Everything Classic Fit Shirt,https://www.ariat.com/P34718_M_APP.html,shirts,Button Down Shirts,-,"58% Cotton, 35% Polyester, 7% Elastane",cotton,58,7,blend,-,-
Ariat,P34719_M_APP,Jacquard Printed Fitted Polo,https://www.ariat.com/P34719_M_APP.html,tees-polos,T-Shirts & Polos,-,100% Polyester,polyester,100,0,synthetic,polyester,-
Ariat,P34721_M_APP,Performance Windbreaker Jacket,https://www.ariat.com/P34721_M_APP.html,outerwear,Jackets & Vests,-,100% Polyester,polyester,100,0,synthetic,polyester,-
Ariat,P34743_M_APP,Retro Hesper Fitted Snap Shirt,https://www.ariat.com/P34743_M_APP.html,shirts,Button Down Shirts,Retro,100% Cotton,cotton,100,0,natural,cotton,-
Ariat,P34744_M_APP,Retro Hesperus Fitted Snap Shirt,https://www.ariat.com/P34744_M_APP.html,shirts,Button Down Shirts,Retro,100% Cotton,cotton,100,0,natural,cotton,-
Ariat,P34752_M_APP,Jaziel Fitted Shirt,https://www.ariat.com/P34752_M_APP.html,shirts,Button Down Shirts,-,100% Cotton,cotton,100,0,natural,cotton,-
Ariat,P34755_M_APP,Lightweight Twill Classic Fit Shirt,https://www.ariat.com/P34755_M_APP.html,shirts,Button Down Shirts,-,100% Cotton,cotton,100,0,natural,cotton,-
Ariat,P34764_M_APP,Wrinkle Free Andy Classic Fit Shirt,https://www.ariat.com/P34764_M_APP.html,shirts,Button Down Shirts,-,100% Cotton,cotton,100,0,natural,cotton,-
Ariat,P34769_M_APP,Wrinkle Free Case Classic Fit Shirt,https://www.ariat.com/P34769_M_APP.html,shirts,Button Down Shirts,-,100% Cotton,cotton,100,0,natural,cotton,-
Ariat,P34776_M_APP,Printed VentTEK Classic Fit Shirt,https://www.ariat.com/P34776_M_APP.html,shirts,Button Down Shirts,TEK,100% Polyester,polyester,100,0,synthetic,polyester,-
Ariat,P34777_M_APP,Printed VentTEK Outbound Classic Fit Shirt,https://www.ariat.com/P34777_M_APP.html,shirts,Button Down Shirts,TEK,100% Polyester,polyester,100,0,synthetic,polyester,-
Ariat,P34778_M_APP,Printed VentTEK Outbound Classic Fit Shirt,https://www.ariat.com/P34778_M_APP.html,shirts,Button Down Shirts,TEK,100% Polyester,polyester,100,0,synthetic,polyester,-
Ariat,P34779_M_APP,Printed VentTEK Outbound Fitted Shirt,https://www.ariat.com/P34779_M_APP.html,shirts,Button Down Shirts,TEK,100% Polyester,polyester,100,0,synthetic,polyester,-
Ariat,P34780_M_APP,Printed VentTEK Western Yoke Classic Fit Snap Shirt,https://www.ariat.com/P34780_M_APP.html,shirts,Button Down Shirts,TEK,100% Polyester,polyester,100,0,synthetic,polyester,-
Ariat,P34781_M_APP,Printed Western VentTEK Classic Fit Snap Shirt,https://www.ariat.com/P34781_M_APP.html,shirts,Button Down Shirts,TEK,100% Polyester,polyester,100,0,synthetic,polyester,-
Ariat,P34782_M_APP,Printed VentTEK Western Fitted Snap Shirt,https://www.ariat.com/P34782_M_APP.html,shirts,Button Down Shirts,TEK,100% Polyester,polyester,100,0,synthetic,polyester,-
Ariat,P34783_M_APP,"The Weekender 6"" Shorts",https://www.ariat.com/P34783_M_APP.html,shorts,Shorts (from title; nav Pants & Shorts),-,"87% Polyester, 13% Elastane",polyester,87,13,synthetic,-,category assigned from title
Ariat,P34811_M_APP,Ariat College Bronc Classic Fit T-Shirt,https://www.ariat.com/P34811_M_APP.html,tees-polos,T-Shirts & Polos,-,100% Cotton,cotton,100,0,natural,cotton,-
Ariat,P34813_M_APP,Ariat Split Freedom Painted Classic Fit T-Shirt,https://www.ariat.com/P34813_M_APP.html,tees-polos,T-Shirts & Polos,-,100% Cotton,cotton,100,0,natural,cotton,-
Ariat,P34833_M_APP,Ariat Country and Western Lockup Classic Fit T-Shirt,https://www.ariat.com/P34833_M_APP.html,tees-polos,T-Shirts & Polos,-,100% Cotton,cotton,100,0,natural,cotton,-
Ariat,P34835_M_APP,Ariat Proven Stamp Classic Fit T-Shirt,https://www.ariat.com/P34835_M_APP.html,tees-polos,T-Shirts & Polos,-,100% Cotton,cotton,100,0,natural,cotton,-
Ariat,P34836_M_APP,Ariat Whiskey Uno Classic Fit T-Shirt,https://www.ariat.com/P34836_M_APP.html,tees-polos,T-Shirts & Polos,-,100% Cotton,cotton,100,0,natural,cotton,-
Ariat,P34838_M_APP,Ariat Cowboy Up Classic Fit T-Shirt,https://www.ariat.com/P34838_M_APP.html,tees-polos,T-Shirts & Polos,-,100% Cotton,cotton,100,0,natural,cotton,-
Ariat,P34839_M_APP,Ariat Traditional Eagle LOTF Classic Fit T-Shirt,https://www.ariat.com/P34839_M_APP.html,tees-polos,T-Shirts & Polos,-,100% Cotton,cotton,100,0,natural,cotton,-
Ariat,P34840_M_APP,Ariat Bison Wander Flag Classic Fit T-Shirt,https://www.ariat.com/P34840_M_APP.html,tees-polos,T-Shirts & Polos,-,100% Cotton,cotton,100,0,natural,cotton,-
Ariat,P34909_M_APP,Wagoner Lightweight Jacket,https://www.ariat.com/P34909_M_APP.html,outerwear,Jackets & Vests,-,100% Polyester,polyester,100,0,synthetic,polyester,-
Ariat,P34931_M_APP,Rebar Lightweight Duct Logo Hoodie,https://www.ariat.com/P34931_M_APP.html,sweats,Sweatshirts & Hoodies,Rebar,"52% Cotton, 48% Polyester",cotton,52,0,blend,-,-
Ariat,P34965_M_APP,Ariat Patriot Stripe T-Shirt,https://www.ariat.com/P34965_M_APP.html,tees-polos,T-Shirts & Polos,-,100% Polyester,polyester,100,0,synthetic,polyester,-
Ariat,P35002_M_APP,FR Hi-Vis Colorblock Hoodie,https://www.ariat.com/P35002_M_APP.html,sweats,Sweatshirts & Hoodies,FR,"50% Modacrylic, 40% Lyocell, 10% Twaron®",other-synthetic,50,0,blend,-,-
Ariat,P35040_M_APP,M4 Relaxed Hansen Boot Cut Jeans,https://www.ariat.com/P35040_M_APP.html,denim,Jeans,M4,"99% Cotton, 1% Elastane",cotton,99,1,blend,-,-
Ariat,P35041_M_APP,Rebar Sunblocker Printed Craft Hooded Long Sleeve T-Shirt,https://www.ariat.com/P35041_M_APP.html,tees-polos,T-Shirts & Polos,Rebar,100% Polyester,polyester,100,0,synthetic,polyester,-
Ariat,P35042_M_APP,Rebar Sunblocker Printed Long Sleeve T-Shirt,https://www.ariat.com/P35042_M_APP.html,tees-polos,T-Shirts & Polos,Rebar,100% Polyester,polyester,100,0,synthetic,polyester,-
Ariat,P35069_M_APP,All Over Print Heathered Fitted Polo,https://www.ariat.com/P35069_M_APP.html,tees-polos,T-Shirts & Polos,-,"95% Polyester, 5% Elastane",polyester,95,5,synthetic,-,-
Ariat,P35071_M_APP,360 Airflow Classic Fit Polo,https://www.ariat.com/P35071_M_APP.html,tees-polos,T-Shirts & Polos,-,"88% Polyester, 12% Elastane",polyester,88,12,synthetic,-,-
Ariat,P35102_M_APP,Retro Camp Classic Fit Shirt,https://www.ariat.com/P35102_M_APP.html,shirts,Button Down Shirts,Retro,100% Cotton,cotton,100,0,natural,cotton,-
Ariat,P35110_M_APP,Everything Classic Fit Shirt,https://www.ariat.com/P35110_M_APP.html,shirts,Button Down Shirts,-,"58% Cotton, 35% Polyester, 7% Elastane",cotton,58,7,blend,-,-
Ariat,P35117_M_APP,Pro Series Jason Classic Fit Shirt,https://www.ariat.com/P35117_M_APP.html,shirts,Button Down Shirts,Pro Series,"85% Cotton, 15% Recycled Polyester",cotton,85,0,blend,-,-
Ariat,P35118_M_APP,Pro Series Teddy Classic Fit Shirt,https://www.ariat.com/P35118_M_APP.html,shirts,Button Down Shirts,Pro Series,"82% Cotton, 18% Recycled Polyester",cotton,82,0,blend,-,-
Ariat,P35131_M_APP,Pro Series Tully Classic Fit Shirt,https://www.ariat.com/P35131_M_APP.html,shirts,Button Down Shirts,Pro Series,"82% Cotton, 18% Recycled Polyester",cotton,82,0,blend,-,-
Ariat,P35146_M_APP,Teague Classic Fit Shirt,https://www.ariat.com/P35146_M_APP.html,shirts,Button Down Shirts,-,100% Cotton,cotton,100,0,natural,cotton,-
Ariat,P35147_M_APP,Taber Classic Fit Shirt,https://www.ariat.com/P35147_M_APP.html,shirts,Button Down Shirts,-,100% Cotton,cotton,100,0,natural,cotton,-
Ariat,P35152_M_APP,Philly Classic Fit Shirt,https://www.ariat.com/P35152_M_APP.html,shirts,Button Down Shirts,-,100% Cotton,cotton,100,0,natural,cotton,-
Ariat,P35155_M_APP,Jordi Fitted Shirt,https://www.ariat.com/P35155_M_APP.html,shirts,Button Down Shirts,-,100% Cotton,cotton,100,0,natural,cotton,-
Ariat,P35165_M_APP,Pratt Classic Fit Shirt,https://www.ariat.com/P35165_M_APP.html,shirts,Button Down Shirts,-,100% Cotton,cotton,100,0,natural,cotton,-
Ariat,P35168_M_APP,Packert Classic Fit Shirt,https://www.ariat.com/P35168_M_APP.html,shirts,Button Down Shirts,-,100% Cotton,cotton,100,0,natural,cotton,-
Ariat,P35172_M_APP,Pro Series Tobin Classic Fit Snap Shirt,https://www.ariat.com/P35172_M_APP.html,shirts,Button Down Shirts,Pro Series,"85% Cotton, 15% Recycled Polyester",cotton,85,0,blend,-,-
Ariat,P35181_M_APP,Truth Fitted Snap Shirt,https://www.ariat.com/P35181_M_APP.html,shirts,Button Down Shirts,-,100% Cotton,cotton,100,0,natural,cotton,-
Ariat,P35187_M_APP,Team Jericho Classic Fit Shirt,https://www.ariat.com/P35187_M_APP.html,shirts,Button Down Shirts,Team,100% Cotton,cotton,100,0,natural,cotton,-
Ariat,P35198_M_APP,Team Wael Fitted Shirt,https://www.ariat.com/P35198_M_APP.html,shirts,Button Down Shirts,Team,100% Cotton,cotton,100,0,natural,cotton,-
Ariat,P35200_M_APP,Team Welles Fitted Shirt,https://www.ariat.com/P35200_M_APP.html,shirts,Button Down Shirts,Team,100% Cotton,cotton,100,0,natural,cotton,-
Ariat,P35205_M_APP,Wrinkle Free Cal Classic Fit Shirt,https://www.ariat.com/P35205_M_APP.html,shirts,Button Down Shirts,-,100% Cotton,cotton,100,0,natural,cotton,-
Ariat,P35229_M_APP,Retro Hart Fitted Snap Shirt,https://www.ariat.com/P35229_M_APP.html,shirts,Button Down Shirts,Retro,100% Cotton,cotton,100,0,natural,cotton,-
Ariat,P35236_M_APP,Retro Hawthorne Fitted Snap Shirt,https://www.ariat.com/P35236_M_APP.html,shirts,Button Down Shirts,Retro,100% Cotton,cotton,100,0,natural,cotton,-
Ariat,P35242_M_APP,Pro Series Stevie Classic Fit Shirt,https://www.ariat.com/P35242_M_APP.html,shirts,Button Down Shirts,Pro Series,"82% Cotton, 18% Recycled Polyester",cotton,82,0,blend,-,-
Ariat,P35259_M_APP,Pro Series Bobby Classic Fit Shirt,https://www.ariat.com/P35259_M_APP.html,shirts,Button Down Shirts,Pro Series,"82% Cotton, 18% Recycled Polyester",cotton,82,0,blend,-,-
Ariat,P35272_M_APP,Britton Classic Fit Shirt,https://www.ariat.com/P35272_M_APP.html,shirts,Button Down Shirts,-,100% Cotton,cotton,100,0,natural,cotton,-
Ariat,P35273_M_APP,Bennie Classic Fit Shirt,https://www.ariat.com/P35273_M_APP.html,shirts,Button Down Shirts,-,100% Cotton,cotton,100,0,natural,cotton,-
Ariat,P35275_M_APP,Bowman Classic Fit Shirt,https://www.ariat.com/P35275_M_APP.html,shirts,Button Down Shirts,-,100% Cotton,cotton,100,0,natural,cotton,-
Ariat,P35279_M_APP,Berne Fitted Shirt,https://www.ariat.com/P35279_M_APP.html,shirts,Button Down Shirts,-,100% Cotton,cotton,100,0,natural,cotton,-
Ariat,P35281_M_APP,Brad Fitted Shirt,https://www.ariat.com/P35281_M_APP.html,shirts,Button Down Shirts,-,100% Cotton,cotton,100,0,natural,cotton,-
Ariat,P35286_M_APP,Baxter Classic Fit Shirt,https://www.ariat.com/P35286_M_APP.html,shirts,Button Down Shirts,-,100% Cotton,cotton,100,0,natural,cotton,-
Ariat,P35288_M_APP,Berke Classic Fit Shirt,https://www.ariat.com/P35288_M_APP.html,shirts,Button Down Shirts,-,100% Cotton,cotton,100,0,natural,cotton,-
Ariat,P35300_M_APP,Pro Series Frasier Fitted Snap Shirt,https://www.ariat.com/P35300_M_APP.html,shirts,Button Down Shirts,Pro Series,"85% Cotton, 15% Recycled Polyester",cotton,85,0,blend,-,-
Ariat,P35305_M_APP,Floyd Fitted Snap Shirt,https://www.ariat.com/P35305_M_APP.html,shirts,Button Down Shirts,-,100% Cotton,cotton,100,0,natural,cotton,-
Ariat,P35317_M_APP,Wrinkle Free Waverly Classic Fit Shirt,https://www.ariat.com/P35317_M_APP.html,shirts,Button Down Shirts,-,100% Cotton,cotton,100,0,natural,cotton,-
Ariat,P35322_M_APP,Wrinkle Free Wolfe Classic Fit Shirt,https://www.ariat.com/P35322_M_APP.html,shirts,Button Down Shirts,-,100% Cotton,cotton,100,0,natural,cotton,-
Ariat,P35323_M_APP,Wrinkle Free Wilkes Classic Fit Shirt,https://www.ariat.com/P35323_M_APP.html,shirts,Button Down Shirts,-,100% Cotton,cotton,100,0,natural,cotton,-
Ariat,P35324_M_APP,Wrinkle Free Webb Classic Fit Shirt,https://www.ariat.com/P35324_M_APP.html,shirts,Button Down Shirts,-,100% Cotton,cotton,100,0,natural,cotton,-
Ariat,P35326_M_APP,Wrinkle Free Wally Fitted Shirt,https://www.ariat.com/P35326_M_APP.html,shirts,Button Down Shirts,-,100% Cotton,cotton,100,0,natural,cotton,-
Ariat,P35337_M_APP,Wrinkle Free Wolcott Classic Fit Shirt,https://www.ariat.com/P35337_M_APP.html,shirts,Button Down Shirts,-,100% Cotton,cotton,100,0,natural,cotton,-
Ariat,P35340_M_APP,Wrinkle Free Winchester Classic Fit Shirt,https://www.ariat.com/P35340_M_APP.html,shirts,Button Down Shirts,-,100% Cotton,cotton,100,0,natural,cotton,-
Ariat,P35341_M_APP,Wrinkle Free Welsh Classic Fit Shirt,https://www.ariat.com/P35341_M_APP.html,shirts,Button Down Shirts,-,100% Cotton,cotton,100,0,natural,cotton,-
Ariat,P35342_M_APP,Wrinkle Free Willem Classic Fit Shirt,https://www.ariat.com/P35342_M_APP.html,shirts,Button Down Shirts,-,100% Cotton,cotton,100,0,natural,cotton,-
Ariat,P35343_M_APP,Wrinkle Free Dion Classic Fit Snap Shirt,https://www.ariat.com/P35343_M_APP.html,shirts,Button Down Shirts,-,100% Cotton,cotton,100,0,natural,cotton,-
Ariat,P35344_M_APP,Wrinkle Free Draco Classic Fit Snap Shirt,https://www.ariat.com/P35344_M_APP.html,shirts,Button Down Shirts,-,100% Cotton,cotton,100,0,natural,cotton,-
Ariat,P35345_M_APP,Wrinkle Free Dennis Fitted Snap Shirt,https://www.ariat.com/P35345_M_APP.html,shirts,Button Down Shirts,-,100% Cotton,cotton,100,0,natural,cotton,-
Ariat,P35349_M_APP,FR Hi-Vis Colorblock Long Sleeve T-Shirt,https://www.ariat.com/P35349_M_APP.html,tees-polos,T-Shirts & Polos,FR,"50% Modacrylic, 40% Lyocell, 10% Twaron",other-synthetic,50,0,blend,-,-
Ariat,P35374_M_APP,Team Logo Standard Twill Classic Fit Shirt,https://www.ariat.com/P35374_M_APP.html,shirts,Button Down Shirts,Team,100% Cotton,cotton,100,0,natural,cotton,-
Ariat,P35526_M_APP,Retro Camp Classic Fit Shirt,https://www.ariat.com/P35526_M_APP.html,shirts,Button Down Shirts,Retro,"84% Cotton, 16% Linen",cotton,84,0,natural,-,-
Ariat,P35527_M_APP,Retro Camp Classic Fit Shirt,https://www.ariat.com/P35527_M_APP.html,shirts,Button Down Shirts,Retro,100% Cotton,cotton,100,0,natural,cotton,-
Ariat,P35609_M_APP,Classic Cowboy Shirt,https://www.ariat.com/P35609_M_APP.html,shirts,Button Down Shirts,-,100% Cotton,cotton,100,0,natural,cotton,-
Ariat,P35614_M_APP,M3 Loose Jesse Straight Leg Jeans,https://www.ariat.com/P35614_M_APP.html,denim,Jeans,M3,100% Cotton,cotton,100,0,natural,cotton,-
Ariat,P35615_M_APP,M2 Traditional Relaxed Ryder Boot Cut Jeans,https://www.ariat.com/P35615_M_APP.html,denim,Jeans,M2,"99% Cotton, 1% Elastane",cotton,99,1,blend,-,-
Ariat,P35617_M_APP,M4 Relaxed Darian Boot Cut Jeans,https://www.ariat.com/P35617_M_APP.html,denim,Jeans,M4,"67% Cotton, 32% Polyester, 1% Elastane",cotton,67,1,blend,-,-
Ariat,P35618_M_APP,M4 Relaxed Gus Boot Cut Jeans,https://www.ariat.com/P35618_M_APP.html,denim,Jeans,M4,"99% Cotton, 1% Elastane",cotton,99,1,blend,-,-
Ariat,P35620_M_APP,M5 Straight Judd Straight Leg Jeans,https://www.ariat.com/P35620_M_APP.html,denim,Jeans,M5,100% Cotton,cotton,100,0,natural,cotton,-
Ariat,P35621_M_APP,M7 Slim Trent Classic Rise Straight Leg Jeans,https://www.ariat.com/P35621_M_APP.html,denim,Jeans,M7,"99% Cotton, 1% Elastane",cotton,99,1,blend,-,-
Ariat,P35622_M_APP,M3 Loose Kipp Straight Leg Jeans,https://www.ariat.com/P35622_M_APP.html,denim,Jeans,M3,"99% Cotton, 1% Elastane",cotton,99,1,blend,-,-
Ariat,P35642_M_APP,M7 Slim Jackson Straight Leg Jeans,https://www.ariat.com/P35642_M_APP.html,denim,Jeans,M7,100% Cotton,cotton,100,0,natural,cotton,-
Ariat,P35644_M_APP,M7 Slim Oliver Straight Leg Jeans,https://www.ariat.com/P35644_M_APP.html,denim,Jeans,M7,"99% Cotton, 1% Elastane",cotton,99,1,blend,-,-
Ariat,P35646_M_APP,M8 Modern Brock Slim Straight Leg Jeans,https://www.ariat.com/P35646_M_APP.html,denim,Jeans,M8,"99% Cotton, 1% Elastane",cotton,99,1,blend,-,-
Ariat,P35657_M_APP,Monty Modern Fit Shirt,https://www.ariat.com/P35657_M_APP.html,shirts,Button Down Shirts,-,"96% Cotton, 4% Elastane",cotton,96,4,blend,-,-
Ariat,P35659_M_APP,Macsen Modern Fit Shirt,https://www.ariat.com/P35659_M_APP.html,shirts,Button Down Shirts,-,"96% Cotton, 4% Elastane",cotton,96,4,blend,-,-
Ariat,P35662_M_APP,Matt Modern Fit Shirt,https://www.ariat.com/P35662_M_APP.html,shirts,Button Down Shirts,-,"96% Cotton, 4% Elastane",cotton,96,4,blend,-,-
Ariat,P35663_M_APP,Maxus Modern Fit Shirt,https://www.ariat.com/P35663_M_APP.html,shirts,Button Down Shirts,-,"96% Cotton, 4% Elastane",cotton,96,4,blend,-,-
Ariat,P35664_M_APP,M7 Slim Ray Classic Rise Pro Series Straight Leg Jeans,https://www.ariat.com/P35664_M_APP.html,denim,Jeans,M7;Pro Series,"71% Cotton, 28% Recycled Polyester, 1% Elastane",cotton,71,1,blend,-,-
Ariat,P35858_M_APP,M7 Slim Tex Classic Rise Straight Leg Jeans,https://www.ariat.com/P35858_M_APP.html,denim,Jeans,M7,100% Cotton,cotton,100,0,natural,cotton,-
Ariat,P35865_M_APP,Sawtooth Denim Retro Fit Shirt,https://www.ariat.com/P35865_M_APP.html,shirts,Button Down Shirts,-,ND,ND,ND,ND,undisclosed,-,PDP Materials accordion read; no fibre composition stated
Ariat,P35866_M_APP,Denim Trucker Jacket,https://www.ariat.com/P35866_M_APP.html,outerwear,Jackets & Vests,-,100% Cotton,cotton,100,0,natural,cotton,-
Ariat,P35897_M_APP,FR Air Eagle Skull Long Sleeve T-Shirt,https://www.ariat.com/P35897_M_APP.html,tees-polos,T-Shirts & Polos,FR,100% Cotton,cotton,100,0,natural,cotton,-
Ariat,P35899_M_APP,Rebar Workman Bearded Skull Hoodie,https://www.ariat.com/P35899_M_APP.html,sweats,Sweatshirts & Hoodies,Rebar,"60% Cotton, 40% Polyester",cotton,60,0,blend,-,-
Ariat,P35912_M_APP,FR Air Rig Life Flag Long Sleeve T-Shirt,https://www.ariat.com/P35912_M_APP.html,tees-polos,T-Shirts & Polos,FR,100% Cotton,cotton,100,0,natural,cotton,-
Ariat,P35917_M_APP,FR Colorblock Baseball Long Sleeve T-Shirt,https://www.ariat.com/P35917_M_APP.html,tees-polos,T-Shirts & Polos,FR,"93% Supima Cotton, 7% Elastane",cotton,93,7,blend,-,-
Ariat,P35919_M_APP,FR M2 Traditional Relaxed Basic DuraStretch Boot Cut Jeans,https://www.ariat.com/P35919_M_APP.html,denim,Jeans,FR;M2;DuraStretch,"99% Cotton, 1% Elastane",cotton,99,1,blend,-,-
Ariat,P35920_M_APP,FR M5 Straight DuraLight Workhorse Stretch Straight Leg Jeans,https://www.ariat.com/P35920_M_APP.html,denim,Jeans,FR;M5,"69% Cotton, 30% Modacrylic, 1% Elastane",cotton,69,1,blend,-,-
Ariat,P35922_M_APP,FR DuraStretch Life on the Line Full Zip Hoodie,https://www.ariat.com/P35922_M_APP.html,sweats,Sweatshirts & Hoodies,FR;DuraStretch,"95% Cotton, 5% Elastane",cotton,95,5,blend,-,-
Ariat,P35923_M_APP,FR DuraStretch New Rig Life Full Zip Hoodie,https://www.ariat.com/P35923_M_APP.html,sweats,Sweatshirts & Hoodies,FR;DuraStretch,"95% Cotton, 5% Elastane",cotton,95,5,blend,-,-
Ariat,P35924_M_APP,FR Flannel Insulated Shirt Jacket,https://www.ariat.com/P35924_M_APP.html,outerwear,Jackets & Vests,FR,"88% Cotton, 12% Nylon",cotton,88,0,blend,-,-
Ariat,P35930_M_APP,Rebar Cotton Strong Eagle Skull Long Sleeve T-Shirt,https://www.ariat.com/P35930_M_APP.html,tees-polos,T-Shirts & Polos,Rebar,100% Cotton,cotton,100,0,natural,cotton,-
Ariat,P35931_M_APP,Rebar Heat Fighter Logo Long Sleeve T-Shirt,https://www.ariat.com/P35931_M_APP.html,tees-polos,T-Shirts & Polos,Rebar,100% Polyester,polyester,100,0,synthetic,polyester,-
Ariat,P35933_M_APP,Rebar Workman Bearded Skull Long Sleeve T-Shirt,https://www.ariat.com/P35933_M_APP.html,tees-polos,T-Shirts & Polos,Rebar,"60% Cotton, 40% Polyester",cotton,60,0,blend,-,-
Ariat,P35936_M_APP,Rebar Stormshell Unisex Waterproof Pants,https://www.ariat.com/P35936_M_APP.html,trousers,Pants,Rebar,100% Polyester,polyester,100,0,synthetic,polyester,-
Ariat,P35937_M_APP,Rebar Workman Logo Sweatpants,https://www.ariat.com/P35937_M_APP.html,trousers,Pants,Rebar,"60% Cotton, 40% Polyester",cotton,60,0,blend,-,-
Ariat,P35940_M_APP,Rebar M2 Traditional Relaxed Rail DuraStretch Boot Cut Jeans,https://www.ariat.com/P35940_M_APP.html,denim,Jeans,Rebar;M2;DuraStretch,"69% Cotton, 30% Polyester, 1% Elastane",cotton,69,1,blend,-,-
Ariat,P35942_M_APP,Rebar Durastretch Utility Softshell Hoodie,https://www.ariat.com/P35942_M_APP.html,sweats,Sweatshirts & Hoodies,Rebar;DuraStretch,"94% Polyester, 6% Elastane",polyester,94,6,synthetic,-,-
Ariat,P35943_M_APP,Rebar Cordura Ripstop Lightweight Insulated Shirt Jacket,https://www.ariat.com/P35943_M_APP.html,outerwear,Jackets & Vests,Rebar,100% CORDURA® Nylon,polyamide,100,0,synthetic,polyamide,-
Ariat,P35944_M_APP,Rebar Workman Duracanvas Shirt Jacket,https://www.ariat.com/P35944_M_APP.html,sweats,Sweatshirts & Hoodies,Rebar,"60% Cotton, 40% Polyester",cotton,60,0,blend,-,-
Ariat,P35945_M_APP,Rebar Made Tough Flannel Lined Shop Jacket,https://www.ariat.com/P35945_M_APP.html,outerwear,Jackets & Vests,Rebar,"98% Cotton, 2% Elastane",cotton,98,2,blend,-,-
Ariat,P35946_M_APP,Rebar Stormshell Waterproof Insulated Jacket,https://www.ariat.com/P35946_M_APP.html,outerwear,Jackets & Vests,Rebar,100% Polyester,polyester,100,0,synthetic,polyester,-
Ariat,P35947_M_APP,Rebar Flannel Twill Snap Work Shirt,https://www.ariat.com/P35947_M_APP.html,shirts,Button Down Shirts,Rebar,100% Cotton,cotton,100,0,natural,cotton,-
Ariat,P35948_M_APP,LunaVeil 1/4 Zip Baselayer,https://www.ariat.com/P35948_M_APP.html,tees-polos,T-Shirts & Polos,-,"85% Recycled Polyester, 15% Elastane",polyester,85,15,synthetic,-,-
Ariat,P35961_M_APP,Martine Hoodie,https://www.ariat.com/P35961_M_APP.html,sweats,Sweatshirts & Hoodies,-,"57% Organic Cotton, 38% Recycled Polyester, 5% Elastane",cotton,57,5,blend,-,-
Ariat,P35980_M_APP,Two24 Woodgate Vest,https://www.ariat.com/P35980_M_APP.html,outerwear,Jackets & Vests,Two24,100% Recycled Polyester,polyester,100,0,synthetic,polyester,-
Ariat,P36097_M_APP,"Rebar M4 Relaxed Denim 10"" DuraStretch Shorts",https://www.ariat.com/P36097_M_APP.html,shorts,Shorts (from title; nav Pants & Shorts),Rebar;M4;DuraStretch,"73% Cotton, 25% Polyester, 2% Elastane",cotton,73,2,blend,-,category assigned from title
Ariat,P36120_M_APP,M7 Slim Hansen Classic Rise Straight Leg Jeans,https://www.ariat.com/P36120_M_APP.html,denim,Jeans,M7,"67% Cotton, 32% Polyester, 1% Elastane",cotton,67,1,blend,-,-
Ariat,P36121_M_APP,Titan Insulated Jacket,https://www.ariat.com/P36121_M_APP.html,outerwear,Jackets & Vests,-,100% Polyester,polyester,100,0,synthetic,polyester,-
Ariat,P36122_M_APP,Stretchshell Shirt Jacket,https://www.ariat.com/P36122_M_APP.html,outerwear,Jackets & Vests,-,"88% Polyester, 12% Elastane",polyester,88,12,synthetic,-,-
Ariat,P36123_M_APP,Barn Jacket,https://www.ariat.com/P36123_M_APP.html,outerwear,Jackets & Vests,-,100% Cotton,cotton,100,0,natural,cotton,-
Ariat,P36124_M_APP,Canvas Rancher Trucker Jacket,https://www.ariat.com/P36124_M_APP.html,outerwear,Jackets & Vests,-,100% Cotton,cotton,100,0,natural,cotton,-
Ariat,P36125_M_APP,Waxed Cotton Shirt Jacket,https://www.ariat.com/P36125_M_APP.html,outerwear,Jackets & Vests,-,100% Cotton,cotton,100,0,natural,cotton,-
Ariat,P36127_M_APP,Menswear Shirt Jacket,https://www.ariat.com/P36127_M_APP.html,outerwear,Jackets & Vests,-,100% Cotton,cotton,100,0,natural,cotton,-
Ariat,P36128_M_APP,Bench Made Goat Suede Shirt Jacket,https://www.ariat.com/P36128_M_APP.html,outerwear,Jackets & Vests,-,100% Leather,leather,100,0,natural,leather,-
Ariat,P36129_M_APP,Bench Made Goat Suede Puffer Vest,https://www.ariat.com/P36129_M_APP.html,outerwear,Jackets & Vests,-,100% Leather,leather,100,0,natural,leather,-
Ariat,P36131_M_APP,ToughStock Washed Heavyweight Fleece Hoodie,https://www.ariat.com/P36131_M_APP.html,sweats,Sweatshirts & Hoodies,-,100% Cotton,cotton,100,0,natural,cotton,-
Ariat,P36132_M_APP,ToughStock Washed Heavyweight Fleece 1/4 Zip Sweatshirt,https://www.ariat.com/P36132_M_APP.html,sweats,Sweatshirts & Hoodies,-,100% Cotton,cotton,100,0,natural,cotton,-
Ariat,P36133_M_APP,ToughStock Washed Heavyweight Fleece Joggers,https://www.ariat.com/P36133_M_APP.html,trousers,Pants,-,100% Cotton,cotton,100,0,natural,cotton,-
Ariat,P36134_M_APP,Ariat Steer Freedom T-Shirt,https://www.ariat.com/P36134_M_APP.html,tees-polos,T-Shirts & Polos,-,100% Cotton,cotton,100,0,natural,cotton,-
Ariat,P36135_M_APP,Ariat Stitched Eagle T-Shirt,https://www.ariat.com/P36135_M_APP.html,tees-polos,T-Shirts & Polos,-,100% Cotton,cotton,100,0,natural,cotton,-
Ariat,P36136_M_APP,Ariat Nineties Cowboy T-Shirt,https://www.ariat.com/P36136_M_APP.html,tees-polos,T-Shirts & Polos,-,100% Cotton,cotton,100,0,natural,cotton,-
Ariat,P36137_M_APP,Ariat Fort Knox Locks T-Shirt,https://www.ariat.com/P36137_M_APP.html,tees-polos,T-Shirts & Polos,-,100% Cotton,cotton,100,0,natural,cotton,-
Ariat,P36139_M_APP,Ariat Grazers T-Shirt,https://www.ariat.com/P36139_M_APP.html,tees-polos,T-Shirts & Polos,-,100% Cotton,cotton,100,0,natural,cotton,-
Ariat,P36140_M_APP,Ariat Buenos Dias T-Shirt,https://www.ariat.com/P36140_M_APP.html,tees-polos,T-Shirts & Polos,-,100% Cotton,cotton,100,0,natural,cotton,-
Ariat,P36142_M_APP,Ariat Cowboy Way Up T-Shirt,https://www.ariat.com/P36142_M_APP.html,tees-polos,T-Shirts & Polos,-,100% Cotton,cotton,100,0,natural,cotton,-
Ariat,P36144_M_APP,Ariat Tobacco Tough T-Shirt,https://www.ariat.com/P36144_M_APP.html,tees-polos,T-Shirts & Polos,-,100% Cotton,cotton,100,0,natural,cotton,-
Ariat,P36146_M_APP,Ariat Monument Gaucho T-Shirt,https://www.ariat.com/P36146_M_APP.html,tees-polos,T-Shirts & Polos,-,100% Cotton,cotton,100,0,natural,cotton,-
Ariat,P36148_M_APP,Ariat Desert Skull T-Shirt,https://www.ariat.com/P36148_M_APP.html,tees-polos,T-Shirts & Polos,-,100% Cotton,cotton,100,0,natural,cotton,-
Ariat,P36149_M_APP,Ariat Eagle Thunder T-Shirt,https://www.ariat.com/P36149_M_APP.html,tees-polos,T-Shirts & Polos,-,100% Cotton,cotton,100,0,natural,cotton,-
Ariat,P36150_M_APP,Ariat Bison Brother T-Shirt,https://www.ariat.com/P36150_M_APP.html,tees-polos,T-Shirts & Polos,-,100% Cotton,cotton,100,0,natural,cotton,-
Ariat,P36154_M_APP,Ariat Leather Diamond T-Shirt,https://www.ariat.com/P36154_M_APP.html,tees-polos,T-Shirts & Polos,-,100% Cotton,cotton,100,0,natural,cotton,-
Ariat,P36158_M_APP,Ariat Pitted Logo T-Shirt,https://www.ariat.com/P36158_M_APP.html,tees-polos,T-Shirts & Polos,-,100% Cotton,cotton,100,0,natural,cotton,-
Ariat,P36161_M_APP,Ariat American Talon T-Shirt,https://www.ariat.com/P36161_M_APP.html,tees-polos,T-Shirts & Polos,-,100% Cotton,cotton,100,0,natural,cotton,-
Ariat,P36163_M_APP,Ariat Full Throttle T-Shirt,https://www.ariat.com/P36163_M_APP.html,tees-polos,T-Shirts & Polos,-,100% Cotton,cotton,100,0,natural,cotton,-
Ariat,P36166_M_APP,Ariat Frontier Crafted T-Shirt,https://www.ariat.com/P36166_M_APP.html,tees-polos,T-Shirts & Polos,-,100% Cotton,cotton,100,0,natural,cotton,-
Ariat,P36168_M_APP,Ariat Rope and Ride T-Shirt,https://www.ariat.com/P36168_M_APP.html,tees-polos,T-Shirts & Polos,-,100% Cotton,cotton,100,0,natural,cotton,-
Ariat,P36170_M_APP,Ariat Cojiba Serape T-Shirt,https://www.ariat.com/P36170_M_APP.html,tees-polos,T-Shirts & Polos,-,100% Cotton,cotton,100,0,natural,cotton,-
Ariat,P36171_M_APP,Ariat Lockup Flag Painted T-Shirt,https://www.ariat.com/P36171_M_APP.html,tees-polos,T-Shirts & Polos,-,100% Cotton,cotton,100,0,natural,cotton,-
Ariat,P36172_M_APP,Ariat Best Longhorn T-Shirt,https://www.ariat.com/P36172_M_APP.html,tees-polos,T-Shirts & Polos,-,100% Cotton,cotton,100,0,natural,cotton,-
Ariat,P36173_M_APP,Ariat Mountain Bull T-Shirt,https://www.ariat.com/P36173_M_APP.html,tees-polos,T-Shirts & Polos,-,100% Cotton,cotton,100,0,natural,cotton,-
Ariat,P36174_M_APP,Ariat Southwest Cross Badge T-Shirt,https://www.ariat.com/P36174_M_APP.html,tees-polos,T-Shirts & Polos,-,100% Cotton,cotton,100,0,natural,cotton,-
Ariat,P36175_M_APP,Ariat Ranch Royalty T-Shirt,https://www.ariat.com/P36175_M_APP.html,tees-polos,T-Shirts & Polos,-,100% Cotton,cotton,100,0,natural,cotton,-
Ariat,P36176_M_APP,Ariat Medallion Standard Long Sleeve T-Shirt,https://www.ariat.com/P36176_M_APP.html,tees-polos,T-Shirts & Polos,-,100% Cotton,cotton,100,0,natural,cotton,-
Ariat,P36177_M_APP,Ariat Desert Wanderer Circle Long Sleeve T-Shirt,https://www.ariat.com/P36177_M_APP.html,tees-polos,T-Shirts & Polos,-,100% Cotton,cotton,100,0,natural,cotton,-
Ariat,P36178_M_APP,Ariat Bison Legend Flag ToughStock Boxy T-Shirt,https://www.ariat.com/P36178_M_APP.html,tees-polos,T-Shirts & Polos,-,"95% Cotton, 5% Elastane",cotton,95,5,blend,-,-
Ariat,P36179_M_APP,Ariat Buffalo Bandana ToughStock Boxy T-Shirt,https://www.ariat.com/P36179_M_APP.html,tees-polos,T-Shirts & Polos,-,"95% Cotton, 5% Elastane",cotton,95,5,blend,-,-
Ariat,P36191_M_APP,Ariat Archstar Hoodie,https://www.ariat.com/P36191_M_APP.html,sweats,Sweatshirts & Hoodies,-,"52% Cotton, 48% Polyester",cotton,52,0,blend,-,-
Ariat,P36192_M_APP,Ariat Bison Bureau Hoodie,https://www.ariat.com/P36192_M_APP.html,sweats,Sweatshirts & Hoodies,-,"52% Cotton, 48% Polyester",cotton,52,0,blend,-,-
Ariat,P36195_M_APP,Ariat Freedom Eagle Hoodie,https://www.ariat.com/P36195_M_APP.html,sweats,Sweatshirts & Hoodies,-,"52% Cotton, 48% Polyester",cotton,52,0,blend,-,-
Ariat,P36196_M_APP,Ariat Leather Diamond Hoodie,https://www.ariat.com/P36196_M_APP.html,sweats,Sweatshirts & Hoodies,-,"52% Cotton, 48% Polyester",cotton,52,0,blend,-,-
Ariat,P36197_M_APP,Ariat Bison Archer Hoodie,https://www.ariat.com/P36197_M_APP.html,sweats,Sweatshirts & Hoodies,-,"52% Cotton, 48% Polyester",cotton,52,0,blend,-,-
Ariat,P36199_M_APP,Ariat Mesa Motif Hoodie,https://www.ariat.com/P36199_M_APP.html,sweats,Sweatshirts & Hoodies,-,"52% Cotton, 48% Polyester",cotton,52,0,blend,-,-
Ariat,P36200_M_APP,Ariat Rustic Eagle Hoodie,https://www.ariat.com/P36200_M_APP.html,sweats,Sweatshirts & Hoodies,-,"52% Cotton, 48% Polyester",cotton,52,0,blend,-,-
Ariat,P36201_M_APP,Ariat Ropers Delight Hoodie,https://www.ariat.com/P36201_M_APP.html,sweats,Sweatshirts & Hoodies,-,"52% Cotton, 48% Polyester",cotton,52,0,blend,-,-
Ariat,P36202_M_APP,Ariat Official Quality Hoodie,https://www.ariat.com/P36202_M_APP.html,sweats,Sweatshirts & Hoodies,-,"52% Cotton, 48% Polyester",cotton,52,0,blend,-,-
Ariat,P36203_M_APP,Ariat Roped Out Desert Badge Hoodie,https://www.ariat.com/P36203_M_APP.html,sweats,Sweatshirts & Hoodies,-,"52% Cotton, 48% Polyester",cotton,52,0,blend,-,-
Ariat,P36210_M_APP,Retro Canvas Shirt Jacket,https://www.ariat.com/P36210_M_APP.html,outerwear,Jackets & Vests,Retro,100% Cotton,cotton,100,0,natural,cotton,-
Ariat,P36211_M_APP,Retro Shirt Jacket,https://www.ariat.com/P36211_M_APP.html,outerwear,Jackets & Vests,Retro,"100% Cotton exterior, 100% Polyester lining",cotton,100,0,natural,cotton,shell read; lining excluded
Ariat,P36212_M_APP,Retro Shirt Jacket,https://www.ariat.com/P36212_M_APP.html,outerwear,Jackets & Vests,Retro,100% Cotton,cotton,100,0,natural,cotton,-
Ariat,P36213_M_APP,Retro Shirt Jacket,https://www.ariat.com/P36213_M_APP.html,outerwear,Jackets & Vests,Retro,100% Cotton,cotton,100,0,natural,cotton,-
Ariat,P36219_M_APP,Team Logo Twill Fitted Shirt,https://www.ariat.com/P36219_M_APP.html,shirts,Button Down Shirts,Team,100% Cotton,cotton,100,0,natural,cotton,-
Ariat,P36221_M_APP,Team Dixon Classic Fit Shirt,https://www.ariat.com/P36221_M_APP.html,shirts,Button Down Shirts,Team,100% Cotton,cotton,100,0,natural,cotton,-
Ariat,P36222_M_APP,Team Dusty Classic Fit Shirt,https://www.ariat.com/P36222_M_APP.html,shirts,Button Down Shirts,Team,100% Cotton,cotton,100,0,natural,cotton,-
Ariat,P36223_M_APP,Team Dawson Classic Fit Shirt,https://www.ariat.com/P36223_M_APP.html,shirts,Button Down Shirts,Team,100% Cotton,cotton,100,0,natural,cotton,-
Ariat,P36224_M_APP,Team Dakota Classic Fit Shirt,https://www.ariat.com/P36224_M_APP.html,shirts,Button Down Shirts,Team,100% Cotton,cotton,100,0,natural,cotton,-
Ariat,P36226_M_APP,Team Eric Fitted Shirt,https://www.ariat.com/P36226_M_APP.html,shirts,Button Down Shirts,Team,100% Cotton,cotton,100,0,natural,cotton,-
Ariat,P36227_M_APP,Team Emory Fitted Shirt,https://www.ariat.com/P36227_M_APP.html,shirts,Button Down Shirts,Team,100% Cotton,cotton,100,0,natural,cotton,-
Ariat,P36230_M_APP,Pro Series Wilber Classic Fit Shirt,https://www.ariat.com/P36230_M_APP.html,shirts,Button Down Shirts,Pro Series,"82% Cotton, 18% Recycled Polyester",cotton,82,0,blend,-,-
Ariat,P36231_M_APP,Pro Series Walter Classic Fit Shirt,https://www.ariat.com/P36231_M_APP.html,shirts,Button Down Shirts,Pro Series,"82% Cotton, 18% Recycled Polyester",cotton,82,0,blend,-,-
Ariat,P36232_M_APP,Pro Series Jake Classic Fit Shirt,https://www.ariat.com/P36232_M_APP.html,shirts,Button Down Shirts,Pro Series,"82% Cotton, 18% Recycled Polyester",cotton,82,0,blend,-,-
Ariat,P36233_M_APP,Pro Series Jarvis Classic Fit Shirt,https://www.ariat.com/P36233_M_APP.html,shirts,Button Down Shirts,Pro Series,"82% Cotton, 18% Recycled Polyester",cotton,82,0,blend,-,-
Ariat,P36236_M_APP,Pro Series Jetta Classic Fit Shirt,https://www.ariat.com/P36236_M_APP.html,shirts,Button Down Shirts,Pro Series,"82% Cotton, 18% Recycled Polyester",cotton,82,0,blend,-,-
Ariat,P36238_M_APP,Pro Series Jaren Classic Fit Shirt,https://www.ariat.com/P36238_M_APP.html,shirts,Button Down Shirts,Pro Series,"82% Cotton, 18% Recycled Polyester",cotton,82,0,blend,-,-
Ariat,P36239_M_APP,Pro Series Jiles Classic Fit Shirt,https://www.ariat.com/P36239_M_APP.html,shirts,Button Down Shirts,Pro Series,"82% Cotton, 18% Recycled Polyester",cotton,82,0,blend,-,-
Ariat,P36241_M_APP,Pro Series Darius Classic Fit Shirt,https://www.ariat.com/P36241_M_APP.html,shirts,Button Down Shirts,Pro Series,"82% Cotton, 18% Recycled Polyester",cotton,82,0,blend,-,-
Ariat,P36243_M_APP,Pro Series Dave Classic Fit Shirt,https://www.ariat.com/P36243_M_APP.html,shirts,Button Down Shirts,Pro Series,"82% Cotton, 18% Recycled Polyester",cotton,82,0,blend,-,-
Ariat,P36244_M_APP,Pro Series Delaney Classic Fit Shirt,https://www.ariat.com/P36244_M_APP.html,shirts,Button Down Shirts,Pro Series,"82% Cotton, 18% Recycled Polyester",cotton,82,0,blend,-,-
Ariat,P36250_M_APP,Pro Series Wolfgang Classic Fit Snap Shirt,https://www.ariat.com/P36250_M_APP.html,shirts,Button Down Shirts,Pro Series,"82% Cotton, 18% Recycled Polyester",cotton,82,0,blend,-,-
Ariat,P36252_M_APP,Pro Series Wes Fitted Shirt,https://www.ariat.com/P36252_M_APP.html,shirts,Button Down Shirts,Pro Series,"82% Cotton, 18% Recycled Polyester",cotton,82,0,blend,-,-
Ariat,P36259_M_APP,Pro Series West Fitted Snap Shirt,https://www.ariat.com/P36259_M_APP.html,shirts,Button Down Shirts,Pro Series,"82% Cotton, 18% Recycled Polyester",cotton,82,0,blend,-,-
Ariat,P36260_M_APP,Pro Series Willis Fitted Snap Shirt,https://www.ariat.com/P36260_M_APP.html,shirts,Button Down Shirts,Pro Series,"82% Cotton, 18% Recycled Polyester",cotton,82,0,blend,-,-
Ariat,P36263_M_APP,Perez Classic Fit Shirt,https://www.ariat.com/P36263_M_APP.html,shirts,Button Down Shirts,-,100% Cotton,cotton,100,0,natural,cotton,-
Ariat,P36268_M_APP,Campbell Classic Fit Shirt,https://www.ariat.com/P36268_M_APP.html,shirts,Button Down Shirts,-,100% Cotton,cotton,100,0,natural,cotton,-
Ariat,P36270_M_APP,Canaan Classic Fit Shirt,https://www.ariat.com/P36270_M_APP.html,shirts,Button Down Shirts,-,100% Cotton,cotton,100,0,natural,cotton,-
Ariat,P36272_M_APP,Canyon Classic Fit Shirt,https://www.ariat.com/P36272_M_APP.html,shirts,Button Down Shirts,-,100% Cotton,cotton,100,0,natural,cotton,-
Ariat,P36275_M_APP,Contstantine Classic Fit Shirt,https://www.ariat.com/P36275_M_APP.html,shirts,Button Down Shirts,-,100% Cotton,cotton,100,0,natural,cotton,-
Ariat,P36277_M_APP,Chad Classic Fit Shirt,https://www.ariat.com/P36277_M_APP.html,shirts,Button Down Shirts,-,100% Cotton,cotton,100,0,natural,cotton,-
Ariat,P36282_M_APP,Luthor Classic Fit Shirt,https://www.ariat.com/P36282_M_APP.html,shirts,Button Down Shirts,-,100% Cotton,cotton,100,0,natural,cotton,-
Ariat,P36283_M_APP,Larsen Classic Fit Shirt,https://www.ariat.com/P36283_M_APP.html,shirts,Button Down Shirts,-,100% Cotton,cotton,100,0,natural,cotton,-
Ariat,P36284_M_APP,Lester Classic Fit Shirt,https://www.ariat.com/P36284_M_APP.html,shirts,Button Down Shirts,-,100% Cotton,cotton,100,0,natural,cotton,-
Ariat,P36286_M_APP,Lovato Classic Fit Shirt,https://www.ariat.com/P36286_M_APP.html,shirts,Button Down Shirts,-,100% Cotton,cotton,100,0,natural,cotton,-
Ariat,P36293_M_APP,Chester Classic Fit Snap Shirt,https://www.ariat.com/P36293_M_APP.html,shirts,Button Down Shirts,-,100% Cotton,cotton,100,0,natural,cotton,-
Ariat,P36294_M_APP,Pilar Classic Fit Snap Shirt,https://www.ariat.com/P36294_M_APP.html,shirts,Button Down Shirts,-,100% Cotton,cotton,100,0,natural,cotton,-
Ariat,P36295_M_APP,Piety Classic Fit Snap Shirt,https://www.ariat.com/P36295_M_APP.html,shirts,Button Down Shirts,-,100% Cotton,cotton,100,0,natural,cotton,-
Ariat,P36296_M_APP,Claude Fitted Shirt,https://www.ariat.com/P36296_M_APP.html,shirts,Button Down Shirts,-,100% Cotton,cotton,100,0,natural,cotton,-
Ariat,P36297_M_APP,Crow Fitted Shirt,https://www.ariat.com/P36297_M_APP.html,shirts,Button Down Shirts,-,100% Cotton,cotton,100,0,natural,cotton,-
Ariat,P36303_M_APP,Pauly Fitted Shirt,https://www.ariat.com/P36303_M_APP.html,shirts,Button Down Shirts,-,100% Cotton,cotton,100,0,natural,cotton,-
Ariat,P36304_M_APP,Clovis Fitted Snap Shirt,https://www.ariat.com/P36304_M_APP.html,shirts,Button Down Shirts,-,100% Cotton,cotton,100,0,natural,cotton,-
Ariat,P36311_M_APP,Retro Harmon Fitted Snap Shirt,https://www.ariat.com/P36311_M_APP.html,shirts,Button Down Shirts,Retro,100% Cotton,cotton,100,0,natural,cotton,-
Ariat,P36312_M_APP,Retro Hatford Fitted Snap Shirt,https://www.ariat.com/P36312_M_APP.html,shirts,Button Down Shirts,Retro,100% Cotton,cotton,100,0,natural,cotton,-
Ariat,P36314_M_APP,Retro Herron Fitted Snap Shirt,https://www.ariat.com/P36314_M_APP.html,shirts,Button Down Shirts,Retro,100% Cotton,cotton,100,0,natural,cotton,-
Ariat,P36315_M_APP,Retro Haywood Fitted Snap Shirt,https://www.ariat.com/P36315_M_APP.html,shirts,Button Down Shirts,Retro,100% Cotton,cotton,100,0,natural,cotton,-
Ariat,P36316_M_APP,Retro Hercules Fitted Snap Shirt,https://www.ariat.com/P36316_M_APP.html,shirts,Button Down Shirts,Retro,100% Cotton,cotton,100,0,natural,cotton,-
Ariat,P36325_M_APP,Wrinkle Free Barlow Classic Fit Shirt,https://www.ariat.com/P36325_M_APP.html,shirts,Button Down Shirts,-,100% Cotton,cotton,100,0,natural,cotton,-
Ariat,P36326_M_APP,Wrinkle Free Barnaby Classic Fit Shirt,https://www.ariat.com/P36326_M_APP.html,shirts,Button Down Shirts,-,100% Cotton,cotton,100,0,natural,cotton,-
Ariat,P36327_M_APP,Wrinkle Free Bartlet Classic Fit Shirt,https://www.ariat.com/P36327_M_APP.html,shirts,Button Down Shirts,-,100% Cotton,cotton,100,0,natural,cotton,-
Ariat,P36328_M_APP,Wrinkle Free Baptiste Classic Fit Shirt,https://www.ariat.com/P36328_M_APP.html,shirts,Button Down Shirts,-,100% Cotton,cotton,100,0,natural,cotton,-
Ariat,P36329_M_APP,Wrinkle Free Walter Classic Fit Shirt,https://www.ariat.com/P36329_M_APP.html,shirts,Button Down Shirts,-,100% Cotton,cotton,100,0,natural,cotton,-
Ariat,P36331_M_APP,Wrinkle Free Wes Classic Fit Shirt,https://www.ariat.com/P36331_M_APP.html,shirts,Button Down Shirts,-,100% Cotton,cotton,100,0,natural,cotton,-
Ariat,P36333_M_APP,Wrinkle Free Ward Classic Fit Shirt,https://www.ariat.com/P36333_M_APP.html,shirts,Button Down Shirts,-,100% Cotton,cotton,100,0,natural,cotton,-
Ariat,P36336_M_APP,Wrinkle Free Reed Classic Fit Shirt,https://www.ariat.com/P36336_M_APP.html,shirts,Button Down Shirts,-,100% Cotton,cotton,100,0,natural,cotton,-
Ariat,P36338_M_APP,Wrinkle Free Reliance Classic Fit Shirt,https://www.ariat.com/P36338_M_APP.html,shirts,Button Down Shirts,-,100% Cotton,cotton,100,0,natural,cotton,-
Ariat,P36348_M_APP,Wrinkle Free Bryton Fitted Shirt,https://www.ariat.com/P36348_M_APP.html,shirts,Button Down Shirts,-,100% Cotton,cotton,100,0,natural,cotton,-
Ariat,P36349_M_APP,Wrinkle Free Barrette Fitted Shirt,https://www.ariat.com/P36349_M_APP.html,shirts,Button Down Shirts,-,100% Cotton,cotton,100,0,natural,cotton,-
Ariat,P36350_M_APP,Wrinkle Free Bern Fitted Shirt,https://www.ariat.com/P36350_M_APP.html,shirts,Button Down Shirts,-,100% Cotton,cotton,100,0,natural,cotton,-
Ariat,P36355_M_APP,Wrinkle Free Randolph Fitted Shirt,https://www.ariat.com/P36355_M_APP.html,shirts,Button Down Shirts,-,100% Cotton,cotton,100,0,natural,cotton,-
Ariat,P36356_M_APP,Wrinkle Free Bram Fitted Snap Shirt,https://www.ariat.com/P36356_M_APP.html,shirts,Button Down Shirts,-,100% Cotton,cotton,100,0,natural,cotton,-
Ariat,P36357_M_APP,Wrinkle Free Brennon Fitted Snap Shirt,https://www.ariat.com/P36357_M_APP.html,shirts,Button Down Shirts,-,100% Cotton,cotton,100,0,natural,cotton,-
Ariat,P36358_M_APP,Wrinkle Free Braven Fitted Snap Shirt,https://www.ariat.com/P36358_M_APP.html,shirts,Button Down Shirts,-,100% Cotton,cotton,100,0,natural,cotton,-
Ariat,P36361_M_APP,Everything Classic Fit Snap Shirt,https://www.ariat.com/P36361_M_APP.html,shirts,Button Down Shirts,-,"58% Cotton, 35% Polyester, 7% Elastane",cotton,58,7,blend,-,-
Ariat,P36362_M_APP,Everything Classic Fit Snap Shirt,https://www.ariat.com/P36362_M_APP.html,shirts,Button Down Shirts,-,"58% Cotton, 35% Polyester, 7% Elastane",cotton,58,7,blend,-,-
Ariat,P36380_M_APP,M2 Traditional Relaxed Chet Boot Cut Jeans,https://www.ariat.com/P36380_M_APP.html,denim,Jeans,M2,100% Cotton,cotton,100,0,natural,cotton,-
Ariat,P36381_M_APP,M3 Loose Shawn Straight Leg Jeans,https://www.ariat.com/P36381_M_APP.html,denim,Jeans,M3,100% Cotton,cotton,100,0,natural,cotton,-
Ariat,P36383_M_APP,M4 Relaxed Thornton Boot Cut Jeans,https://www.ariat.com/P36383_M_APP.html,denim,Jeans,M4,"99% Cotton, 1% Elastane",cotton,99,1,blend,-,-
Ariat,P36384_M_APP,M4 Relaxed Landon Straight Leg Jeans,https://www.ariat.com/P36384_M_APP.html,denim,Jeans,M4,"99% Cotton, 1% Elastane",cotton,99,1,blend,-,-
Ariat,P36385_M_APP,M5 Straight Norman Straight Leg Jeans,https://www.ariat.com/P36385_M_APP.html,denim,Jeans,M5,"99% Cotton, 1% Elastane",cotton,99,1,blend,-,-
Ariat,P36386_M_APP,M4 Relaxed Tobias Boot Cut Jeans,https://www.ariat.com/P36386_M_APP.html,denim,Jeans,M4,"67% Cotton, 32% Polyester, 1% Elastane",cotton,67,1,blend,-,-
Ariat,P36387_M_APP,M5 Straight Oliver Straight Leg Jeans,https://www.ariat.com/P36387_M_APP.html,denim,Jeans,M5,"95% Cotton, 4% Elasterell-P, 1% Lycra® Spandex Elastane",cotton,95,1,blend,-,-
Ariat,P36388_M_APP,M7 Slim Adam Classic Rise Straight Leg Jeans,https://www.ariat.com/P36388_M_APP.html,denim,Jeans,M7,100% Cotton,cotton,100,0,natural,cotton,-
Ariat,P36390_M_APP,M7 Slim Bolt Straight Leg Jeans,https://www.ariat.com/P36390_M_APP.html,denim,Jeans,M7,"99% Cotton, 1% Elastane",cotton,99,1,blend,-,-
Ariat,P36391_M_APP,M8 Modern Crosby Straight Leg Jeans,https://www.ariat.com/P36391_M_APP.html,denim,Jeans,M8,"99% Cotton, 1% Elastane",cotton,99,1,blend,-,-
Ariat,P36392_M_APP,M8 Modern Carlington Slim Straight Leg Jeans,https://www.ariat.com/P36392_M_APP.html,denim,Jeans,M8,"99% Cotton, 1% Elastane",cotton,99,1,blend,-,-
Ariat,P36440_M_APP,Ariat Stripe Patriotic Badge T-Shirt,https://www.ariat.com/P36440_M_APP.html,tees-polos,T-Shirts & Polos,-,100% Cotton,cotton,100,0,natural,cotton,-
Ariat,P36441_M_APP,Ariat Outline Shop T-Shirt,https://www.ariat.com/P36441_M_APP.html,tees-polos,T-Shirts & Polos,-,100% Cotton,cotton,100,0,natural,cotton,-
Ariat,P36442_M_APP,Ariat Banner Badge T-Shirt,https://www.ariat.com/P36442_M_APP.html,tees-polos,T-Shirts & Polos,-,100% Cotton,cotton,100,0,natural,cotton,-
Ariat,P36497_M_APP,Retro Haas Fitted Snap Shirt,https://www.ariat.com/P36497_M_APP.html,shirts,Button Down Shirts,Retro,100% Cotton,cotton,100,0,natural,cotton,-
Ariat,P36499_M_APP,Retro Heinz Fitted Snap Shirt,https://www.ariat.com/P36499_M_APP.html,shirts,Button Down Shirts,Retro,100% Cotton,cotton,100,0,natural,cotton,-
Ariat,P36500_M_APP,Retro Hynes Fitted Snap Shirt,https://www.ariat.com/P36500_M_APP.html,shirts,Button Down Shirts,Retro,100% Cotton,cotton,100,0,natural,cotton,-
Ariat,P36501_M_APP,Ariat Cowboy Approved ToughStock Boxy T-Shirt,https://www.ariat.com/P36501_M_APP.html,tees-polos,T-Shirts & Polos,-,"95% Cotton, 5% Elastane",cotton,95,5,blend,-,-
Ariat,P36502_M_APP,Ariat Apex Freedom Eagle ToughStock Boxy T-Shirt,https://www.ariat.com/P36502_M_APP.html,tees-polos,T-Shirts & Polos,-,"95% Cotton, 5% Elastane",cotton,95,5,blend,-,-
Ariat,P36503_M_APP,Ariat Real Cowboy ToughStock Boxy T-Shirt,https://www.ariat.com/P36503_M_APP.html,tees-polos,T-Shirts & Polos,-,"95% Cotton, 5% Elastane",cotton,95,5,blend,-,-
Ariat,P36504_M_APP,All Over Print Camo ToughStock Boxy T-Shirt,https://www.ariat.com/P36504_M_APP.html,tees-polos,T-Shirts & Polos,-,"95% Cotton, 5% Elastane",cotton,95,5,blend,-,-
Ariat,P36508_M_APP,FrontierTough VentTEK Western Fitted Snap Shirt,https://www.ariat.com/P36508_M_APP.html,shirts,Button Down Shirts,TEK,"90% Nylon, 10% Elastane",polyamide,90,10,synthetic,-,-
Ariat,P36657_M_APP,St. Thomas Shirt Jacket,https://www.ariat.com/P36657_M_APP.html,outerwear,Jackets & Vests,-,100% Cotton,cotton,100,0,natural,cotton,-
Ariat,P36712_M_APP,FR Stanley Work Shirt,https://www.ariat.com/P36712_M_APP.html,shirts,Button Down Shirts,FR,"88% Cotton, 12% Nylon",cotton,88,0,blend,-,-
Ariat,P36713_M_APP,FR Logan Work Shirt,https://www.ariat.com/P36713_M_APP.html,shirts,Button Down Shirts,FR,"88% Cotton, 12% Nylon",cotton,88,0,blend,-,-
Ariat,P36715_M_APP,FR Ty Logo Work Shirt,https://www.ariat.com/P36715_M_APP.html,shirts,Button Down Shirts,FR,"88% Cotton, 12% Nylon",cotton,88,0,blend,-,-
Ariat,P36716_M_APP,FR Andre Snap Work Shirt,https://www.ariat.com/P36716_M_APP.html,shirts,Button Down Shirts,FR,"88% Cotton, 12% Nylon",cotton,88,0,blend,-,-
Ariat,P36717_M_APP,FR Tom Snap Work Shirt,https://www.ariat.com/P36717_M_APP.html,shirts,Button Down Shirts,FR,"88% Cotton, 12% Nylon",cotton,88,0,blend,-,-
Ariat,P36718_M_APP,FR Rob Retro Fit Snap Work Shirt,https://www.ariat.com/P36718_M_APP.html,shirts,Button Down Shirts,FR,"88% Cotton, 12% Nylon",cotton,88,0,blend,-,-
Ariat,P36952_M_APP,Sherpa Lined Shirt Jacket,https://www.ariat.com/P36952_M_APP.html,outerwear,Jackets & Vests,-,"81% Cotton, 19% Tencel",cotton,81,0,blend,-,-
Ariat,P36953_M_APP,Flannel Lined Trucker Jacket,https://www.ariat.com/P36953_M_APP.html,outerwear,Jackets & Vests,-,"99% Cotton, 1% Elastane",cotton,99,1,blend,-,-
Ariat,P36954_M_APP,Classic Fit Sawtooth Denim Shirt,https://www.ariat.com/P36954_M_APP.html,shirts,Button Down Shirts,-,100% Cotton,cotton,100,0,natural,cotton,-
Ariat,P36961_M_APP,M4 Relaxed Lincoln Boot Cut Jeans,https://www.ariat.com/P36961_M_APP.html,denim,Jeans,M4,"67% Cotton, 32% Polyester, 1% Elastane",cotton,67,1,blend,-,-
Ariat,P36962_M_APP,M4 Relaxed Jack Boot Cut Jeans,https://www.ariat.com/P36962_M_APP.html,denim,Jeans,M4,100% Cotton,cotton,100,0,natural,cotton,-
Ariat,P36963_M_APP,Baggy Fit Ryan Jeans,https://www.ariat.com/P36963_M_APP.html,denim,Jeans,-,"98% Cotton, 2% Elastane",cotton,98,2,blend,-,-
Ariat,P36964_M_APP,Baggy Fit Amos Jeans,https://www.ariat.com/P36964_M_APP.html,denim,Jeans,-,100% Cotton,cotton,100,0,natural,cotton,-
Ariat,P36965_M_APP,M4 Relaxed Crawford Boot Cut Jeans,https://www.ariat.com/P36965_M_APP.html,denim,Jeans,M4,"99% Cotton, 1% Elastane",cotton,99,1,blend,-,-
Ariat,P36967_M_APP,M5 Straight Jonathan Straight Leg Jeans,https://www.ariat.com/P36967_M_APP.html,denim,Jeans,M5,"99% Cotton, 1% Elastane",cotton,99,1,blend,-,-
Ariat,P36969_M_APP,M8 Slim Mike Taper Jeans,https://www.ariat.com/P36969_M_APP.html,denim,Jeans,M8,"69% Cotton, 30% Polyester, 1% Elastane",cotton,69,1,blend,-,-
Ariat,P36970_M_APP,M7 Slim Garth Classic Rise Straight Leg Jeans,https://www.ariat.com/P36970_M_APP.html,denim,Jeans,M7,"99% Cotton, 1% Elastane",cotton,99,1,blend,-,-
Ariat,P36971_M_APP,M7 Slim Christopher Straight Leg Jeans,https://www.ariat.com/P36971_M_APP.html,denim,Jeans,M7,"99% Cotton, 1% Elastane",cotton,99,1,blend,-,-
Ariat,P36972_M_APP,M4 Relaxed Grizzly Boot Cut Jeans,https://www.ariat.com/P36972_M_APP.html,denim,Jeans,M4,"99% Cotton, 1% Elastane",cotton,99,1,blend,-,-
Ariat,P36973_M_APP,M7 Slim Casper Straight Leg Jeans,https://www.ariat.com/P36973_M_APP.html,denim,Jeans,M7,"99% Cotton, 1% Elastane",cotton,99,1,blend,-,-
Ariat,P36974_M_APP,M2 Traditional Relaxed Marlon Boot Cut Jeans,https://www.ariat.com/P36974_M_APP.html,denim,Jeans,M2,"99% Cotton, 1% Elastane",cotton,99,1,blend,-,-
Ariat,P36975_M_APP,M2 Traditional Relaxed Ryler Boot Cut Jeans,https://www.ariat.com/P36975_M_APP.html,denim,Jeans,M2,"99% Cotton, 1% Elastane",cotton,99,1,blend,-,-
Ariat,P36976_M_APP,M4 Relaxed Rick Straight Leg Jeans,https://www.ariat.com/P36976_M_APP.html,denim,Jeans,M4,100% Cotton,cotton,100,0,natural,cotton,-
Ariat,P36977_M_APP,M4 Relaxed Steven Boot Cut Jeans,https://www.ariat.com/P36977_M_APP.html,denim,Jeans,M4,"99% Cotton, 1% Elastane",cotton,99,1,blend,-,-
Ariat,P36978_M_APP,M8 Slim Hansen Taper Jeans,https://www.ariat.com/P36978_M_APP.html,denim,Jeans,M8,"99% Cotton, 1% Elastane",cotton,99,1,blend,-,-
Ariat,P36995_M_APP,Larkspur Classic Fit Shirt,https://www.ariat.com/P36995_M_APP.html,shirts,Button Down Shirts,-,100% Cotton,cotton,100,0,natural,cotton,-
Ariat,P36996_M_APP,Laine Classic Fit Shirt,https://www.ariat.com/P36996_M_APP.html,shirts,Button Down Shirts,-,100% Cotton,cotton,100,0,natural,cotton,-
Ariat,P37054_M_APP,FrontierTough VentTEK Western Fitted Snap Shirt,https://www.ariat.com/P37054_M_APP.html,shirts,Button Down Shirts,TEK,"90% Nylon, 10% Elastane",polyamide,90,10,synthetic,-,-
Ariat,P37142_M_APP,Retro Handorf Corduroy Fitted Snap Shirt,https://www.ariat.com/P37142_M_APP.html,shirts,Button Down Shirts,Retro,100% Cotton,cotton,100,0,natural,cotton,-
Ariat,P37291_M_APP,Wylie Jacket,https://www.ariat.com/P37291_M_APP.html,outerwear,Jackets & Vests,-,100% Polyester,polyester,100,0,synthetic,polyester,-
Ariat,P37897_M_APP,M2 Traditional Relaxed Beckett Boot Cut Jeans,https://www.ariat.com/P37897_M_APP.html,denim,Jeans,M2,"99% Cotton, 1% Elastane",cotton,99,1,blend,-,-
Ariat,P37898_M_APP,M4 Relaxed Xavier Boot Cut Jeans,https://www.ariat.com/P37898_M_APP.html,denim,Jeans,M4,100% Cotton,cotton,100,0,natural,cotton,-
Ariat,P37902_M_APP,M5 Straight Kenneth Jeans,https://www.ariat.com/P37902_M_APP.html,denim,Jeans,M5,"99% Cotton, 1% Elastane",cotton,99,1,blend,-,-
Ariat,P37903_M_APP,M5 Straight Reid Jeans,https://www.ariat.com/P37903_M_APP.html,denim,Jeans,M5,100% Cotton,cotton,100,0,natural,cotton,-
Ariat,P37968_M_APP,Ariat Geo Flag T-Shirt,https://www.ariat.com/P37968_M_APP.html,tees-polos,T-Shirts & Polos,-,100% Cotton,cotton,100,0,natural,cotton,-
Ariat,P37973_M_APP,Ariat USA Simple Seal T-Shirt,https://www.ariat.com/P37973_M_APP.html,tees-polos,T-Shirts & Polos,-,100% Cotton,cotton,100,0,natural,cotton,-
Ariat,P37975_M_APP,Ariat Freedom Flow T-Shirt,https://www.ariat.com/P37975_M_APP.html,tees-polos,T-Shirts & Polos,-,100% Cotton,cotton,100,0,natural,cotton,-
Ariat,P38036_M_APP,Retro Waffle Button Down Fitted Shirt,https://www.ariat.com/P38036_M_APP.html,shirts,Button Down Shirts,Retro,100% Cotton,cotton,100,0,natural,cotton,-
Ariat,P38271_M_APP,Titan Insulated Vest,https://www.ariat.com/P38271_M_APP.html,outerwear,Jackets & Vests,-,100% Polyester,polyester,100,0,synthetic,polyester,-
Ariat,P38608_M_APP,Rebar Workman Eagle Skull Hoodie,https://www.ariat.com/P38608_M_APP.html,sweats,Sweatshirts & Hoodies,Rebar,"60% Cotton, 40% Polyester",cotton,60,0,blend,-,-
Ariat,P38955_M_APP,Bench Made Lamb Leather Puffer Vest,https://www.ariat.com/P38955_M_APP.html,outerwear,Jackets & Vests,-,100% Leather,leather,100,0,natural,leather,-
Ariat,P39025_M_APP,Denim Blazer,https://www.ariat.com/P39025_M_APP.html,tailoring,Show coats / blazer (from title),-,Denim style: 100% Cotton,cotton,100,0,natural,cotton,category assigned from title
Ariat,REBAR_CAN_SFSL_JKT_M_APP,Rebar Stretch Canvas Softshell Jacket,https://www.ariat.com/REBAR_CAN_SFSL_JKT_M_APP.html,outerwear,Jackets & Vests,Rebar,"95% Nylon, 5% Spandex",polyamide,95,5,synthetic,-,-
Ariat,REBAR_LOGO_HOODIE_M_APP,Rebar Workman Hoodie,https://www.ariat.com/REBAR_LOGO_HOODIE_M_APP.html,sweats,Sweatshirts & Hoodies,Rebar,"60% Cotton, 40% Polyester",cotton,60,0,blend,-,-
Ariat,REBAR_LOGO_TSHIRT_M_APP,Rebar Workman Logo,https://www.ariat.com/REBAR_LOGO_TSHIRT_M_APP.html,tees-polos,T-Shirts & Polos,Rebar,"60% Cotton, 40% Polyester",cotton,60,0,blend,-,-
Ariat,REBAR_M3_LOOSE_M_APP,Rebar M3 Loose DuraStretch Basic Stackable Straight Leg Jean,https://www.ariat.com/REBAR_M3_LOOSE_M_APP.html,denim,Jeans,Rebar;M3;DuraStretch,"67% Cotton, 32% Polyester, 1% Spandex",cotton,67,1,blend,-,-
Ariat,REBAR_M4_WORKHORSE_M_APP,Rebar M4 Relaxed Workhorse DuraStretch Boot Cut Jeans,https://www.ariat.com/REBAR_M4_WORKHORSE_M_APP.html,denim,Jeans,Rebar;M4;DuraStretch,"67% Cotton, 32% Polyester, 1% Spandex",cotton,67,1,blend,-,-
Ariat,REBAR_SS_CREW_M_APP,Rebar Workman T-Shirt,https://www.ariat.com/REBAR_SS_CREW_M_APP.html,tees-polos,T-Shirts & Polos,Rebar,"60% Cotton, 40% Polyester",cotton,60,0,blend,-,-
Ariat,REBAR_SS_TSHIRT_M_APP,Rebar Workman T-Shirt,https://www.ariat.com/REBAR_SS_TSHIRT_M_APP.html,tees-polos,T-Shirts & Polos,Rebar,"60% Cotton, 40% Polyester",cotton,60,0,blend,-,-
Ariat,REBAR_ZIP_HOODIE_M_APP,Rebar Workman Full Zip Hoodie,https://www.ariat.com/REBAR_ZIP_HOODIE_M_APP.html,sweats,Sweatshirts & Hoodies,Rebar,"60% Cotton, 40% Polyester",cotton,60,0,blend,-,-
Ariat,SOLID_TWILL_M_APP,Solid Twill Classic Fit Shirt,https://www.ariat.com/SOLID_TWILL_M_APP.html,shirts,Button Down Shirts,-,100% Cotton,cotton,100,0,natural,cotton,-
Ariat,TEAM_LOGO_LS_TWILL_M_APP,Team Logo Twill Classic Fit Shirt,https://www.ariat.com/TEAM_LOGO_LS_TWILL_M_APP.html,shirts,Button Down Shirts,Team,ND,ND,ND,ND,undisclosed,-,PDP Materials accordion read; no fibre composition stated
Ariat,TEK_POLO_M_APP,TEK Polo,https://www.ariat.com/TEK_POLO_M_APP.html,tees-polos,T-Shirts & Polos,TEK,ND,ND,ND,ND,undisclosed,-,PDP Materials accordion read; no fibre composition stated
Ariat,VENTTEK_PERF_SS_M_APP,VentTEK Classic Fit Shirt,https://www.ariat.com/VENTTEK_PERF_SS_M_APP.html,shirts,Button Down Shirts,TEK,ND,ND,ND,ND,undisclosed,-,PDP Materials accordion read; no fibre composition stated
Ariat,WF_SOLID_SHIRT_M_APP,Wrinkle Free Solid Classic Fit Shirt,https://www.ariat.com/WF_SOLID_SHIRT_M_APP.html,shirts,Button Down Shirts,-,100% Cotton,cotton,100,0,natural,cotton,-
Asics,2031F585,MENS RELAXED TRAIN TEE,https://www.asics.com/us/en-us/mens-relaxed-train-tee/p/ANA_2031F585-400.html,tees-polos,Men's Sports Tops & T-Shirt,-,ND,ND,ND,ND,undisclosed,-,title from URL slug; fibre or material named without percentage: cotton
Asics,2011D587,LIMITED SERIES WINTER SHORT SLEEVE JACKET,https://www.asics.com/us/en-us/limited-series-winter-short-sleeve-jacket/p/ANA_2011D587-001.html,outerwear,Men's Jackets & Outerwear,LIMITED SERIES,ND,ND,ND,ND,undisclosed,-,title from URL slug; fibre or material named without percentage: primaloft
Asics,2011D581,LIMITED SERIES ROAD INSULATED TIGHT,https://www.asics.com/us/en-us/limited-series-road-insulated-tight/p/ANA_2011D581-001.html,trousers,Men's Workout Pants & Tights,LIMITED SERIES;ROAD,ND,ND,ND,ND,undisclosed,-,title from URL slug; fibre or material named without percentage: primaloft
Asics,2011D637,ROAD WINTER PANT,https://www.asics.com/us/en-us/road-winter-pant/p/ANA_2011D637-001.html,trousers,Men's Workout Pants & Tights,ROAD,ND,ND,ND,ND,undisclosed,-,title from URL slug; no composition on page
Asics,2011D617,ROAD LITE SHOW SHORT SLEEVE TOP,https://www.asics.com/us/en-us/road-lite-show-short-sleeve-top/p/ANA_2011D617-001.html,tees-polos,Men's Sports Tops & T-Shirt,LITE SHOW;ROAD,ND,ND,ND,ND,undisclosed,-,title from URL slug; no composition on page
Asics,2011D597,LIMITED SERIES ROAD INSULATE LONG SLEEVE TOP,https://www.asics.com/us/en-us/limited-series-road-insulate-long-sleeve-top/p/ANA_2011D597-100.html,tees-polos,Men's Sports Tops & T-Shirt,LIMITED SERIES;ROAD,ND,ND,ND,ND,undisclosed,-,title from URL slug; fibre or material named without percentage: merino wool
Asics,2011D689,ROAD LITE SHOW 12 ZIP LONG SLEEVE TOP,https://www.asics.com/us/en-us/road-lite-show-12-zip-long-sleeve-top/p/ANA_2011D689-500.html,tees-polos,Men's Sports Tops & T-Shirt,LITE SHOW;ROAD,ND,ND,ND,ND,undisclosed,-,title from URL slug; no composition on page
Asics,2011D598,ROAD WINTER TIGHT,https://www.asics.com/us/en-us/road-winter-tight/p/ANA_2011D598-001.html,trousers,Men's Workout Pants & Tights,ROAD,ND,ND,ND,ND,undisclosed,-,title from URL slug; no composition on page
Asics,2033C483,RUN THE SEASON TEE,https://www.asics.com/us/en-us/run-the-season-tee/p/ANA_2033C483-001.html,tees-polos,Unisex Short Sleeve Shirts,-,ND,ND,ND,ND,undisclosed,-,gender tag Unisex; listed in men's clothing; title from URL slug; fibre or material named without percentage: cotton
Asics,2033C482,TRAIL RUN TEE,https://www.asics.com/us/en-us/trail-run-tee/p/ANA_2033C482-422.html,tees-polos,Unisex Short Sleeve Shirts,-,ND,ND,ND,ND,undisclosed,-,gender tag Unisex; listed in men's clothing; title from URL slug; fibre or material named without percentage: cotton
Asics,2033C484,ASICS HOLIDAY TEE,https://www.asics.com/us/en-us/asics-holiday-tee/p/ANA_2033C484-400.html,tees-polos,Unisex Short Sleeve Shirts,-,ND,ND,ND,ND,undisclosed,-,gender tag Unisex; listed in men's clothing; title from URL slug; fibre or material named without percentage: cotton
Asics,2011D590,ROAD LITE SHOW JACKET,https://www.asics.com/us/en-us/road-lite-show-jacket/p/ANA_2011D590-501.html,outerwear,Men's Jackets & Outerwear,LITE SHOW;ROAD,ND,ND,ND,ND,undisclosed,-,title from URL slug; no composition on page
Asics,2011D580,ROAD WINTER JACKET,https://www.asics.com/us/en-us/road-winter-jacket/p/ANA_2011D580-001.html,outerwear,Men's Jackets & Outerwear,ROAD,ND,ND,ND,ND,undisclosed,-,title from URL slug; fibre or material named without percentage: primaloft
Asics,2011D596,LIMITED SERIES ROAD INSULATE JACKET,https://www.asics.com/us/en-us/limited-series-road-insulate-jacket/p/ANA_2011D596-001.html,outerwear,Men's Jackets & Outerwear,LIMITED SERIES;ROAD,ND,ND,ND,ND,undisclosed,-,title from URL slug; fibre or material named without percentage: primaloft
Asics,2011D090,ROAD WINTER GILET,https://www.asics.com/us/en-us/road-winter-gilet/p/ANA_2011D090-400.html,outerwear,Men's Jackets & Outerwear,ROAD,ND,ND,ND,ND,undisclosed,-,title from URL slug; no composition on page
Asics,2011D658,LIMITED SERIES METARUN SHORT SLEEVE TOP,https://www.asics.com/us/en-us/limited-series-metarun-short-sleeve-top/p/ANA_2011D658-100.html,tees-polos,Men's Sports Tops & T-Shirt,METARUN;LIMITED SERIES,ND,ND,ND,ND,undisclosed,-,title from URL slug; no composition on page
Asics,2011D659,LIMITED SERIES METARUN SINGLET,https://www.asics.com/us/en-us/limited-series-metarun-singlet/p/ANA_2011D659-100.html,tees-polos,Men's Sports Tops & T-Shirt,METARUN;LIMITED SERIES,ND,ND,ND,ND,undisclosed,-,title from URL slug; no composition on page
Asics,2011D668,LIMITED SERIES METARUN SPLIT SHORT,https://www.asics.com/us/en-us/limited-series-metarun-split-short/p/ANA_2011D668-100.html,shorts,Men's Shorts,METARUN;LIMITED SERIES,ND,ND,ND,ND,undisclosed,-,title from URL slug; no composition on page
Asics,2033C014,HERITAGE HEAVY COTTON GRAPHIC TEE,https://www.asics.com/us/en-us/heritage-heavy-cotton-graphic-tee/p/ANA_2033C014-002.html,tees-polos,Unisex Short Sleeve Shirts,HERITAGE,ND,ND,ND,ND,undisclosed,-,gender tag Unisex; listed in men's clothing; title from URL slug; fibre or material named without percentage: cotton
Asics,2011D508,METARUN SINGLET,https://www.asics.com/us/en-us/metarun-singlet/p/ANA_2011D508-800.html,tees-polos,Men's Sports Tops & T-Shirt,METARUN,This garment’s main fabric contains 65% recycled polyester,polyester,65,ND,undisclosed,-,"title from URL slug; partial statement: main fabric 65% recycled polyester, remainder not stated; lead fibre determinable (>50%), elastane not stated"
Asics,2041A418,MATCH SHORT SLEEVE TOP NIGHT ENERGY,https://www.asics.com/us/en-us/match-short-sleeve-top-night-energy/p/ANA_2041A418-500.html,tees-polos,Men's Sports Tops & T-Shirt,MATCH,ND,ND,ND,ND,undisclosed,-,title from URL slug; no composition on page
Asics,2041A414,MATCH PANT,https://www.asics.com/us/en-us/match-pant/p/ANA_2041A414-400.html,trousers,Men's Workout Pants & Tights,MATCH,ND,ND,ND,ND,undisclosed,-,title from URL slug; no composition on page
Asics,2041A415,MATCH LONG SLEEVE TOP,https://www.asics.com/us/en-us/match-long-sleeve-top/p/ANA_2041A415-250.html,tees-polos,Men's Sports Tops & T-Shirt,MATCH,ND,ND,ND,ND,undisclosed,-,title from URL slug; no composition on page
Asics,2011D243,ASICS SILVER SPLIT SHORT,https://www.asics.com/us/en-us/asics-silver-split-short/p/ANA_2011D243-001.html,shorts,Men's Shorts,ASICS SILVER,ND,ND,ND,ND,undisclosed,-,title from URL slug; no composition on page
Asics,2031F546,PUFFER JACKET,https://www.asics.com/us/en-us/puffer-jacket/p/ANA_2031F546-400.html,outerwear,Men's Jackets & Outerwear,-,ND,ND,ND,ND,undisclosed,-,title from URL slug; no composition on page
Asics,2091A811,METASPEED SINGLET,https://www.asics.com/us/en-us/metaspeed-singlet/p/ANA_2091A811-001.html,tees-polos,Men's Sports Tops & T-Shirt,METASPEED,ND,ND,ND,ND,undisclosed,-,"title from URL slug; states at least 50% recycled main material, fibre unnamed"
Asics,2041A419,MATCH JACQUARD SHORT SLEEVE TOP,https://www.asics.com/us/en-us/match-jacquard-short-sleeve-top/p/ANA_2041A419-500.html,tees-polos,Men's Sports Tops & T-Shirt,MATCH,ND,ND,ND,ND,undisclosed,-,title from URL slug; no composition on page
Asics,2011D586,FUJITRAIL ELITE SHORT,https://www.asics.com/us/en-us/fujitrail-elite-short/p/ANA_2011D586-700.html,shorts,Men's Shorts,FUJITRAIL,ND,ND,ND,ND,undisclosed,-,title from URL slug; no composition on page
Asics,2011D583,FUJITRAIL ELITE WATERPROOF JACKET,https://www.asics.com/us/en-us/fujitrail-elite-waterproof-jacket/p/ANA_2011D583-001.html,outerwear,Men's Jackets & Outerwear,FUJITRAIL,ND,ND,ND,ND,undisclosed,-,title from URL slug; no composition on page
Asics,2031F519,MENS BLUEPRINT TEE,https://www.asics.com/us/en-us/mens-blueprint-tee/p/ANA_2031F519-400.html,tees-polos,Men's Sports Tops & T-Shirt,-,ND,ND,ND,ND,undisclosed,-,title from URL slug; no composition on page
Asics,2031F552,REFINED TEXTURE FLEECE FULL ZIP TOP,https://www.asics.com/us/en-us/refined-texture-fleece-full-zip-top/p/ANA_2031F552-001.html,sweats,Men's Sports Tops & T-Shirt,-,ND,ND,ND,ND,undisclosed,-,title from URL slug; no composition on page
Asics,2011D244,ASICS SILVER LONG SLEEVE TOP,https://www.asics.com/us/en-us/asics-silver-long-sleeve-top/p/ANA_2011D244-400.html,tees-polos,Men's Sports Tops & T-Shirt,ASICS SILVER,ND,ND,ND,ND,undisclosed,-,"title from URL slug; states at least 50% recycled main material, fibre unnamed"
Asics,2031F551,REFINED TEXTURE FLEECE HALF ZIP LONG SLEEVE TOP,https://www.asics.com/us/en-us/refined-texture-fleece-half-zip-long-sleeve-top/p/ANA_2031F551-250.html,sweats,Men's Sports Tops & T-Shirt,-,ND,ND,ND,ND,undisclosed,-,title from URL slug; no composition on page
Asics,2011D437,ROAD PANT,https://www.asics.com/us/en-us/road-pant/p/ANA_2011D437-001.html,trousers,Men's Workout Pants & Tights,ROAD,ND,ND,ND,ND,undisclosed,-,title from URL slug; no composition on page
Asics,2041A339,COURT SHORT SLEEVE TOP,https://www.asics.com/us/en-us/court-short-sleeve-top/p/ANA_2041A339-600.html,tees-polos,Men's T-Shirts & Tops,COURT,ND,ND,ND,ND,undisclosed,-,"title from URL slug; states at least 50% recycled main material, fibre unnamed"
Asics,2031F353,RUN CITY TEE,https://www.asics.com/us/en-us/run-city-tee/p/ANA_2031F353-540.html,tees-polos,Men's Sports Tops & T-Shirt,-,ND,ND,ND,ND,undisclosed,-,title from URL slug; no composition on page
Asics,2011D247,ROAD 5IN SHORT,https://www.asics.com/us/en-us/road-5in-short/p/ANA_2011D247-301.html,shorts,Men's Shorts,ROAD,ND,ND,ND,ND,undisclosed,-,"title from URL slug; states at least 50% recycled main material, fibre unnamed"
Asics,2011D240,ASICS SILVER SINGLET,https://www.asics.com/us/en-us/asics-silver-singlet/p/ANA_2011D240-001.html,tees-polos,Men's Sports Tops & T-Shirt,ASICS SILVER,ND,ND,ND,ND,undisclosed,-,"title from URL slug; states at least 50% recycled main material, fibre unnamed"
Asics,2011D527,FUJITRAIL LOGO SHORT SLEEVE TOP,https://www.asics.com/us/en-us/fujitrail-logo-short-sleeve-top/p/ANA_2011D527-100.html,tees-polos,Men's Sports Tops & T-Shirt,FUJITRAIL,ND,ND,ND,ND,undisclosed,-,"title from URL slug; states at least 50% recycled main material, fibre unnamed"
Asics,2011D510,METARUN SHORT SLEEVE TOP,https://www.asics.com/us/en-us/metarun-short-sleeve-top/p/ANA_2011D510-001.html,tees-polos,Men's Sports Tops & T-Shirt,METARUN,ND,ND,ND,ND,undisclosed,-,"title from URL slug; states at least 50% recycled main material, fibre unnamed"
Asics,2041A421,MATCH LASER CUT 7IN SHORT,https://www.asics.com/us/en-us/match-laser-cut-7in-short/p/ANA_2041A421-400.html,shorts,Men's Pants & Tights,MATCH,ND,ND,ND,ND,undisclosed,-,title from URL slug; no composition on page
Asics,2031F314,ACTIADAPT PACKABLE SHORT SLEEVE TOP,https://www.asics.com/us/en-us/actiadapt-packable-short-sleeve-top/p/ANA_2031F314-001.html,tees-polos,Men's Sports Tops & T-Shirt,-,ND,ND,ND,ND,undisclosed,-,"title from URL slug; states at least 50% recycled main material, fibre unnamed"
Asics,2041A340,COURT POLO,https://www.asics.com/us/en-us/court-polo/p/ANA_2041A340-400.html,tees-polos,Men's T-Shirts & Tops,COURT,ND,ND,ND,ND,undisclosed,-,"title from URL slug; states at least 50% recycled main material, fibre unnamed"
Asics,2011D356,ROAD SEAMLESS LONG SLEEVE TOP,https://www.asics.com/us/en-us/road-seamless-long-sleeve-top/p/ANA_2011D356-400.html,tees-polos,Men's Sports Tops & T-Shirt,ROAD,ND,ND,ND,ND,undisclosed,-,"title from URL slug; fibre or material named without percentage: recycled polyester; states at least 50% recycled main material, fibre unnamed"
Asics,2031F556,ASICS LOGO FLEECE 7IN SHORT,https://www.asics.com/us/en-us/asics-logo-fleece-7in-short/p/ANA_2031F556-020.html,shorts,Men's Shorts,-,ND,ND,ND,ND,undisclosed,-,title from URL slug; fibre or material named without percentage: polyester
Asics,2011D359,ROAD WINTER LONG SLEEVE HOODIE,https://www.asics.com/us/en-us/road-winter-long-sleeve-hoodie/p/ANA_2011D359-400.html,sweats,Men's Hoodies & Sweatshirts,ROAD,ND,ND,ND,ND,undisclosed,-,"title from URL slug; fibre or material named without percentage: recycled polyester; states at least 50% recycled main material, fibre unnamed"
Asics,2031F315,REFINED TEXTURE SHORT SLEEVE TOP,https://www.asics.com/us/en-us/refined-texture-short-sleeve-top/p/ANA_2031F315-020.html,tees-polos,Men's Sports Tops & T-Shirt,-,ND,ND,ND,ND,undisclosed,-,title from URL slug; no composition on page
Asics,2031F470,FLEECE RELAXED PULLOVER HOODIE,https://www.asics.com/us/en-us/fleece-relaxed-pullover-hoodie/p/ANA_2031F470-300.html,sweats,Men's Hoodies & Sweatshirts,-,ND,ND,ND,ND,undisclosed,-,title from URL slug; fibre or material named without percentage: cotton
Asics,2033C451,ASICS TENNIS TEE,https://www.asics.com/us/en-us/asics-tennis-tee/p/ANA_2033C451-311.html,tees-polos,Unisex Short Sleeve Shirts,-,ND,ND,ND,ND,undisclosed,-,gender tag Unisex; listed in men's clothing; title from URL slug; fibre or material named without percentage: cotton
Asics,2011D459,ICON LONG SLEEVE 12 ZIP TOP,https://www.asics.com/us/en-us/icon-long-sleeve-12-zip-top/p/ANA_2011D459-100.html,tees-polos,Men's Sports Tops & T-Shirt,-,ND,ND,ND,ND,undisclosed,-,"title from URL slug; states at least 50% recycled main material, fibre unnamed"
Asics,2041A420,MATCH JACQUARD POLO SHORT SLEEVE TOP,https://www.asics.com/us/en-us/match-jacquard-polo-short-sleeve-top/p/ANA_2041A420-401.html,tees-polos,Men's Sports Tops & T-Shirt,MATCH,ND,ND,ND,ND,undisclosed,-,title from URL slug; no composition on page
Asics,2041A424,PADEL COURT SHORT SLEEVE TOP,https://www.asics.com/us/en-us/padel-court-short-sleeve-top/p/ANA_2041A424-300.html,tees-polos,Men's Sports Tops & T-Shirt,COURT;PADEL,ND,ND,ND,ND,undisclosed,-,title from URL slug; no composition on page
Asics,2011D456,ICON JACKET,https://www.asics.com/us/en-us/icon-jacket/p/ANA_2011D456-001.html,outerwear,Men's Jackets & Outerwear,-,ND,ND,ND,ND,undisclosed,-,"title from URL slug; states at least 50% recycled main material, fibre unnamed"
Asics,2011D248,ROAD 7IN SHORT,https://www.asics.com/us/en-us/road-7in-short/p/ANA_2011D248-001.html,shorts,Men's Shorts,ROAD,ND,ND,ND,ND,undisclosed,-,"title from URL slug; states at least 50% recycled main material, fibre unnamed"
Asics,2011D355,ROAD SEAMLESS SHORT SLEEVE TOP,https://www.asics.com/us/en-us/road-seamless-short-sleeve-top/p/ANA_2011D355-400.html,tees-polos,Men's Sports Tops & T-Shirt,ROAD,ND,ND,ND,ND,undisclosed,-,"title from URL slug; fibre or material named without percentage: recycled polyester; states at least 50% recycled main material, fibre unnamed"
Asics,2011D453,ROAD SHORT SLEEVE TOP,https://www.asics.com/us/en-us/road-short-sleeve-top/p/ANA_2011D453-800.html,tees-polos,Men's Sports Tops & T-Shirt,ROAD,ND,ND,ND,ND,undisclosed,-,"title from URL slug; states at least 50% recycled main material, fibre unnamed"
Asics,2031F468,FLEECE FULL ZIP HOODIE,https://www.asics.com/us/en-us/fleece-full-zip-hoodie/p/ANA_2031F468-300.html,sweats,Men's Hoodies & Sweatshirts,-,ND,ND,ND,ND,undisclosed,-,title from URL slug; no composition on page
Asics,2031F331,STRETCH WOVEN 5IN SHORT,https://www.asics.com/us/en-us/stretch-woven-5in-short/p/ANA_2031F331-001.html,shorts,Men's Shorts,-,ND,ND,ND,ND,undisclosed,-,title from URL slug; fibre or material named without percentage: polyester
Asics,2031F469,FLEECE CREW NECK TOP,https://www.asics.com/us/en-us/fleece-crew-neck-top/p/ANA_2031F469-300.html,sweats,Men's Sports Tops & T-Shirt,-,ND,ND,ND,ND,undisclosed,-,title from URL slug; no composition on page
Asics,2011D245,ROAD 2N1 5IN SHORT,https://www.asics.com/us/en-us/road-2n1-5in-short/p/ANA_2011D245-001.html,shorts,Men's Shorts,ROAD,ND,ND,ND,ND,undisclosed,-,"title from URL slug; states at least 50% recycled main material, fibre unnamed"
Asics,2041A417,MATCH JACKET,https://www.asics.com/us/en-us/match-jacket/p/ANA_2041A417-400.html,outerwear,Men's Jackets & Outerwear,MATCH,ND,ND,ND,ND,undisclosed,-,title from URL slug; no composition on page
Asics,2041A381,GAME POLO SHORT SLEEVE TOP,https://www.asics.com/us/en-us/game-polo-short-sleeve-top/p/ANA_2041A381-100.html,tees-polos,Men's Sports Tops & T-Shirt,GAME,ND,ND,ND,ND,undisclosed,-,"title from URL slug; states at least 50% recycled main material, fibre unnamed"
Asics,2011D512,ROAD FADE SHORT SLEEVE TOP,https://www.asics.com/us/en-us/road-fade-short-sleeve-top/p/ANA_2011D512-400.html,tees-polos,Men's Sports Tops & T-Shirt,ROAD,ND,ND,ND,ND,undisclosed,-,"title from URL slug; states at least 50% recycled main material, fibre unnamed"
Asics,2041A382,GAME 7IN SHORT,https://www.asics.com/us/en-us/game-7in-short/p/ANA_2041A382-100.html,shorts,Men's Shorts,GAME,ND,ND,ND,ND,undisclosed,-,"title from URL slug; states at least 50% recycled main material, fibre unnamed"
Asics,2041A344,COURT 7IN SHORT,https://www.asics.com/us/en-us/court-7in-short/p/ANA_2041A344-100.html,shorts,Men's Pants & Tights,COURT,ND,ND,ND,ND,undisclosed,-,"title from URL slug; states at least 50% recycled main material, fibre unnamed"
Asics,2011D478,ROAD SINGLET,https://www.asics.com/us/en-us/road-singlet/p/ANA_2011D478-001.html,tees-polos,Men's Sports Tops & T-Shirt,ROAD,ND,ND,ND,ND,undisclosed,-,"title from URL slug; states at least 50% recycled main material, fibre unnamed"
Asics,2041A379,GAME SHORT SLEEVE TOP,https://www.asics.com/us/en-us/game-short-sleeve-top/p/ANA_2041A379-300.html,tees-polos,Men's Sports Tops & T-Shirt,GAME,ND,ND,ND,ND,undisclosed,-,"title from URL slug; states at least 50% recycled main material, fibre unnamed"
Asics,2011D360,ROAD WINTER SEAMLESS LONG SLEEVE TOP,https://www.asics.com/us/en-us/road-winter-seamless-long-sleeve-top/p/ANA_2011D360-200.html,tees-polos,Men's Sports Tops & T-Shirt,ROAD,ND,ND,ND,ND,undisclosed,-,"title from URL slug; partial statement only: ""31% wool content""; fibre or material named without percentage: wool,recycled polyester; states at least 50% recycled main material, fibre unnamed"
Asics,2031F471,ASICS LOGO FLEECE PANT,https://www.asics.com/us/en-us/asics-logo-fleece-pant/p/ANA_2031F471-300.html,trousers,Men's Workout Pants & Tights,-,ND,ND,ND,ND,undisclosed,-,title from URL slug; fibre or material named without percentage: polyester
Asics,2011D525,FUJITRAIL LOGO LONG SLEEVE TOP,https://www.asics.com/us/en-us/fujitrail-logo-long-sleeve-top/p/ANA_2011D525-001.html,tees-polos,Men's Trail Running Shoes,FUJITRAIL,ND,ND,ND,ND,undisclosed,-,"house classification reads ""Men's Trail Running Shoes"" on a garment; categorised from title; title from URL slug; states at least 50% recycled main material, fibre unnamed"
Asics,2011D435,METARUN LEGEND JACKET,https://www.asics.com/us/en-us/metarun-legend-jacket/p/ANA_2011D435-400.html,outerwear,Men's Jackets & Outerwear,METARUN,ND,ND,ND,ND,undisclosed,-,"title from URL slug; states at least 50% recycled main material, fibre unnamed"
Asics,2011D524,FUJITRAIL PACKABLE JACKET,https://www.asics.com/us/en-us/fujitrail-packable-jacket/p/ANA_2011D524-400.html,outerwear,Men's Jackets & Outerwear,FUJITRAIL,ND,ND,ND,ND,undisclosed,-,"title from URL slug; states at least 50% recycled main material, fibre unnamed"
Asics,2011D526,FUJITRAIL ALL OVER PRINT 5IN SHORT,https://www.asics.com/us/en-us/fujitrail-all-over-print-5in-short/p/ANA_2011D526-400.html,shorts,Men's Trail Running Shoes,FUJITRAIL,ND,ND,ND,ND,undisclosed,-,"house classification reads ""Men's Trail Running Shoes"" on a garment; categorised from title; title from URL slug; states at least 50% recycled main material, fibre unnamed"
Asics,2011D246,ROAD 2N1 7IN SHORT,https://www.asics.com/us/en-us/road-2n1-7in-short/p/ANA_2011D246-501.html,shorts,Men's Shorts,ROAD,ND,ND,ND,ND,undisclosed,-,"title from URL slug; states at least 50% recycled main material, fibre unnamed"
Asics,2011D084,ROAD PACKABLE JACKET,https://www.asics.com/us/en-us/road-packable-jacket/p/ANA_2011D084-700.html,outerwear,Men's Jackets & Outerwear,ROAD,ND,ND,ND,ND,undisclosed,-,"title from URL slug; states at least 50% recycled main material, fibre unnamed"
Asics,2011D434,LIMITED SERIES WIND BREAKER JACKET,https://www.asics.com/us/en-us/limited-series-wind-breaker-jacket/p/ANA_2011D434-001.html,outerwear,Men's Jackets & Outerwear,LIMITED SERIES,ND,ND,ND,ND,undisclosed,-,"title from URL slug; fibre or material named without percentage: nylon; states at least 50% recycled main material, fibre unnamed"
Asics,2041A388,MATCH 7IN SHORT,https://www.asics.com/us/en-us/match-7in-short/p/ANA_2041A388-400.html,shorts,Men's Shorts,MATCH,ND,ND,ND,ND,undisclosed,-,"title from URL slug; states at least 50% recycled main material, fibre unnamed"
Asics,2041A390,MATCH POLO SHORT SLEEVE TOP,https://www.asics.com/us/en-us/match-polo-short-sleeve-top/p/ANA_2041A390-100.html,tees-polos,Men's Sports Tops & T-Shirt,MATCH,ND,ND,ND,ND,undisclosed,-,"title from URL slug; states at least 50% recycled main material, fibre unnamed"
Asics,2041A392,MATCH SHORT SLEEVE TOP,https://www.asics.com/us/en-us/match-short-sleeve-top/p/ANA_2041A392-400.html,tees-polos,Men's Sports Tops & T-Shirt,MATCH,ND,ND,ND,ND,undisclosed,-,"title from URL slug; states at least 50% recycled main material, fibre unnamed"
Asics,2011A951,MENS 7IN 2 IN 1 SHORT,https://www.asics.com/us/en-us/mens-7in-2-in-1-short/p/ANA_2011A951-001.html,shorts,Men's Shorts,-,ND,ND,ND,ND,undisclosed,-,title from URL slug; no composition on page
Asics,2033C017,HERITAGE DOUBLE WEAVE 7IN SHORT,https://www.asics.com/us/en-us/heritage-double-weave-7in-short/p/ANA_2033C017-020.html,shorts,Shorts,HERITAGE,ND,ND,ND,ND,undisclosed,-,gender tag Unisex; listed in men's clothing; title from URL slug; no composition on page
Asics,2033C016,HERITAGE DOUBLE WEAVE PANT,https://www.asics.com/us/en-us/heritage-double-weave-pant/p/ANA_2033C016-020.html,trousers,Pants,HERITAGE,ND,ND,ND,ND,undisclosed,-,gender tag Unisex; listed in men's clothing; title from URL slug; no composition on page
Asics,2033C001,HERITAGE TRACK PANT,https://www.asics.com/us/en-us/heritage-track-pant/p/ANA_2033C001-001.html,trousers,Pants,HERITAGE,ND,ND,ND,ND,undisclosed,-,gender tag Unisex; listed in men's clothing; title from URL slug; fibre or material named without percentage: cotton
Asics,MB3612RT,MENS FP PANT,https://www.asics.com/us/en-us/mens-fp-pant/p/ANA_MB3612RT-0904.html,trousers,Men's Workout Pants & Tights,-,ND,ND,ND,ND,undisclosed,-,title from URL slug; no composition on page
Asics,2011A620,MENS SHORT SLEEVE HTHR TECH TOP,https://www.asics.com/us/en-us/mens-short-sleeve-hthr-tech-top/p/ANA_2011A620-060.html,tees-polos,Men's Sports Tops & T-Shirt,-,ND,ND,ND,ND,undisclosed,-,title from URL slug; no composition on page
Asics,2033B999,HERITAGE TRACK JACKET,https://www.asics.com/us/en-us/heritage-track-jacket/p/ANA_2033B999-001.html,outerwear,Outerwear,HERITAGE,ND,ND,ND,ND,undisclosed,-,gender tag Unisex; listed in men's clothing; title from URL slug; fibre or material named without percentage: cotton
Asics,2033C003,HERITAGE 7IN SHORT,https://www.asics.com/us/en-us/heritage-7in-short/p/ANA_2033C003-400.html,shorts,Shorts,HERITAGE,ND,ND,ND,ND,undisclosed,-,gender tag Unisex; listed in men's clothing; title from URL slug; fibre or material named without percentage: cotton
Asics,2033C004,HERITAGE HEAVY COTTON RUN CITY TEE,https://www.asics.com/us/en-us/heritage-heavy-cotton-run-city-tee/p/ANA_2033C004-101.html,tees-polos,Unisex Short Sleeve Shirts,HERITAGE,ND,ND,ND,ND,undisclosed,-,gender tag Unisex; listed in men's clothing; title from URL slug; fibre or material named without percentage: cotton
Asics,2033C002,HERITAGE CREW NECK TOP,https://www.asics.com/us/en-us/heritage-crew-neck-top/p/ANA_2033C002-400.html,sweats,Unisex Short Sleeve Shirts,HERITAGE,ND,ND,ND,ND,undisclosed,-,gender tag Unisex; listed in men's clothing; title from URL slug; fibre or material named without percentage: cotton
Asics,2011D522,ROAD FADE SINGLET,https://www.asics.com/us/en-us/road-fade-singlet/p/ANA_2011D522-401.html,tees-polos,Men's Sports Tops & T-Shirt,ROAD,ND,ND,ND,ND,undisclosed,-,"title from URL slug; states at least 50% recycled main material, fibre unnamed"
Asics,2091A817,METASPEED TIGHT,https://www.asics.com/us/en-us/metaspeed-tight/p/ANA_2091A817-415.html,trousers,Men's Workout Pants & Tights,METASPEED,ND,ND,ND,ND,undisclosed,-,title from URL slug; no composition on page
Asics,2091A853,ACTIBREEZE LIGHT SHORT,https://www.asics.com/us/en-us/actibreeze-light-short/p/ANA_2091A853-001.html,shorts,Men's Shorts,ACTIBREEZE,ND,ND,ND,ND,undisclosed,-,title from URL slug; no composition on page
Asics,2091A815,LIGHT KNIT SHORT SLEEVE TOP,https://www.asics.com/us/en-us/light-knit-short-sleeve-top/p/ANA_2091A815-415.html,tees-polos,Men's Sports Tops & T-Shirt,-,ND,ND,ND,ND,undisclosed,-,"title from URL slug; states at least 50% recycled main material, fibre unnamed"
Asics,2031F318,COMFORT CORE STRETCH WOVEN PANT,https://www.asics.com/us/en-us/comfort-core-stretch-woven-pant/p/ANA_2031F318-001.html,trousers,Men's Workout Pants & Tights,-,ND,ND,ND,ND,undisclosed,-,title from URL slug; fibre or material named without percentage: nylon
Asics,2031F313,ACTIADAPT PACKABLE JACKET,https://www.asics.com/us/en-us/actiadapt-packable-jacket/p/ANA_2031F313-001.html,outerwear,Men's Jackets & Outerwear,-,ND,ND,ND,ND,undisclosed,-,title from URL slug; no composition on page
Asics,2031F319,COMFORT CORE  STRETCH WOVEN 7IN SHORT,https://www.asics.com/us/en-us/comfort-core--stretch-woven-7in-short/p/ANA_2031F319-001.html,shorts,Men's Shorts,-,ND,ND,ND,ND,undisclosed,-,title from URL slug; fibre or material named without percentage: nylon
Asics,2041A389,MATCH LASER CUT 7IN SHORT,https://www.asics.com/us/en-us/match-laser-cut-7in-short/p/ANA_2041A389-300.html,shorts,Men's Shorts,MATCH,ND,ND,ND,ND,undisclosed,-,"title from URL slug; states at least 50% recycled main material, fibre unnamed"
Asics,2011D447,METARUN SPLIT SHORT,https://www.asics.com/us/en-us/metarun-split-short/p/ANA_2011D447-400.html,shorts,Men's Shorts,METARUN,This garment’s main fabric contains 65% recycled polyester,polyester,65,ND,undisclosed,-,"title from URL slug; partial statement: main fabric 65% recycled polyester, remainder not stated; lead fibre determinable (>50%), elastane not stated"
Asics,2041A391,MATCH JACQUARD SHORT SLEEVE TOP,https://www.asics.com/us/en-us/match-jacquard-short-sleeve-top/p/ANA_2041A391-700.html,tees-polos,Men's Sports Tops & T-Shirt,MATCH,ND,ND,ND,ND,undisclosed,-,"title from URL slug; states at least 50% recycled main material, fibre unnamed"
Asics,2011D436,METARUN 5IN SHORT,https://www.asics.com/us/en-us/metarun-5in-short/p/ANA_2011D436-001.html,shorts,Men's Shorts,METARUN,ND,ND,ND,ND,undisclosed,-,"title from URL slug; states at least 50% recycled main material, fibre unnamed"
Asics,2011D454,ROAD TIGHT,https://www.asics.com/us/en-us/road-tight/p/ANA_2011D454-001.html,trousers,Men's Workout Pants & Tights,ROAD,ND,ND,ND,ND,undisclosed,-,"title from URL slug; states at least 50% recycled main material, fibre unnamed"
Asics,2011D265,FUJITRAIL ELITE WATERPROOF JACKET,https://www.asics.com/us/en-us/fujitrail-elite-waterproof-jacket/p/ANA_2011D265-300.html,outerwear,Men's Jackets & Outerwear,FUJITRAIL,ND,ND,ND,ND,undisclosed,-,"title from URL slug; states at least 50% recycled main material, fibre unnamed"
Asics,2041A393,MATCH PANT,https://www.asics.com/us/en-us/match-pant/p/ANA_2041A393-300.html,trousers,Men's Workout Pants & Tights,MATCH,ND,ND,ND,ND,undisclosed,-,"title from URL slug; states at least 50% recycled main material, fibre unnamed"
Asics,2041A385,PADEL COURT ALL OVER PRINT SHORT SLEEVE TOP,https://www.asics.com/us/en-us/padel-court-all-over-print-short-sleeve-top/p/ANA_2041A385-300.html,tees-polos,Men's Sports Tops & T-Shirt,COURT;PADEL,ND,ND,ND,ND,undisclosed,-,title from URL slug; no composition on page
Asics,2011D528,FUJITRAIL SINGLET,https://www.asics.com/us/en-us/fujitrail-singlet/p/ANA_2011D528-400.html,tees-polos,Men's Sports Tops & T-Shirt,FUJITRAIL,ND,ND,ND,ND,undisclosed,-,"title from URL slug; states at least 50% recycled main material, fibre unnamed"
Asics,2041A409,MATCH LONG SLEEVE TOP,https://www.asics.com/us/en-us/match-long-sleeve-top/p/ANA_2041A409-100.html,tees-polos,Men's Sports Tops & T-Shirt,MATCH,ND,ND,ND,ND,undisclosed,-,"title from URL slug; states at least 50% recycled main material, fibre unnamed"
Asics,2031F320,SHORT SLEEVE POLO SHIRT,https://www.asics.com/us/en-us/short-sleeve-polo-shirt/p/ANA_2031F320-400.html,tees-polos,Men's Sports Tops & T-Shirt,-,ND,ND,ND,ND,undisclosed,-,title from URL slug; fibre or material named without percentage: polyester
Asics,2031F317,REFINED TEXTURE SHORT SLEEVE POLO SHIRT,https://www.asics.com/us/en-us/refined-texture-short-sleeve-polo-shirt/p/ANA_2031F317-001.html,tees-polos,Men's Sports Tops & T-Shirt,-,ND,ND,ND,ND,undisclosed,-,title from URL slug; no composition on page
Asics,2011D255,METASPEED BASELAYER TOP,https://www.asics.com/us/en-us/metaspeed-baselayer-top/p/ANA_2011D255-001.html,tees-polos,Men's Sports Tops & T-Shirt,METASPEED,ND,ND,ND,ND,undisclosed,-,title from URL slug; no composition on page
Asics,2161A103,MENS THERMOPOLIS TM 14 ZIP,https://www.asics.com/us/en-us/mens-thermopolis-tm-14-zip/p/ANA_2161A103-99.html,tees-polos,Men's Sports Tops & T-Shirt,THERMOPOLIS,"80% Polyester, 20% Spandex",polyester,80,20,synthetic,-,title from URL slug; composition from Materials & Technology list (productSpecs.technology)
Asics,2031E473,ASICS SPIRAL EMBROIDERY POLO SHIRT,https://www.asics.com/us/en-us/asics-spiral-embroidery-polo-shirt/p/ANA_2031E473-001.html,tees-polos,Men's Sports Tops & T-Shirt,-,ND,ND,ND,ND,undisclosed,-,title from URL slug; fibre or material named without percentage: cotton
Asics,2031F332,STRETCH WOVEN PANT,https://www.asics.com/us/en-us/stretch-woven-pant/p/ANA_2031F332-400.html,trousers,Men's Workout Pants & Tights,-,ND,ND,ND,ND,undisclosed,-,title from URL slug; fibre or material named without percentage: polyester
Asics,2031F316,REFINED TEXTURE LONG SLEEVE TOP,https://www.asics.com/us/en-us/refined-texture-long-sleeve-top/p/ANA_2031F316-400.html,tees-polos,Men's Sports Tops & T-Shirt,-,ND,ND,ND,ND,undisclosed,-,title from URL slug; no composition on page
Asics,2161A104,MENS THERMOPOLIS FLEECE TM TAPERED PANT,https://www.asics.com/us/en-us/mens-thermopolis-fleece-tm-tapered-pant/p/ANA_2161A104-50.html,trousers,Men's Workout Pants & Tights,THERMOPOLIS,"85% Polyester, 15% Spandex",polyester,85,15,synthetic,-,title from URL slug; composition from Materials & Technology list (productSpecs.technology)
Asics,2011C980,METARUN PACKABLE GILET,https://www.asics.com/us/en-us/metarun-packable-gilet/p/ANA_2011C980-200.html,outerwear,Men's Jackets & Outerwear,METARUN,100% nylon fabric,polyamide,100,0,synthetic,polyamide,title from URL slug; composition from Materials & Technology list (productSpecs.technology)
Asics,2041A394,MATCH JACKET,https://www.asics.com/us/en-us/match-jacket/p/ANA_2041A394-300.html,outerwear,Men's Jackets & Outerwear,MATCH,ND,ND,ND,ND,undisclosed,-,"title from URL slug; states at least 50% recycled main material, fibre unnamed"
Asics,2041A387,MATCH JACQUARD POLO SHORT SLEEVE TOP,https://www.asics.com/us/en-us/match-jacquard-polo-short-sleeve-top/p/ANA_2041A387-300.html,tees-polos,Men's Sports Tops & T-Shirt,MATCH,ND,ND,ND,ND,undisclosed,-,"title from URL slug; states at least 50% recycled main material, fibre unnamed"
Asics,2011D264,FUJITRAIL ELITE SHORT SLEEVE TOP,https://www.asics.com/us/en-us/fujitrail-elite-short-sleeve-top/p/ANA_2011D264-400.html,tees-polos,Men's Sports Tops & T-Shirt,FUJITRAIL,ND,ND,ND,ND,undisclosed,-,"title from URL slug; states at least 50% recycled main material, fibre unnamed"
Asics,2011D445,ROAD GRAPHIC LONG SLEEVE TOP,https://www.asics.com/us/en-us/road-graphic-long-sleeve-top/p/ANA_2011D445-100.html,tees-polos,Men's Sports Tops & T-Shirt,ROAD,ND,ND,ND,ND,undisclosed,-,"title from URL slug; states at least 50% recycled main material, fibre unnamed"
Asics,2011C754,MENS LITE SHOW PANT,https://www.asics.com/us/en-us/mens-lite-show-pant/p/ANA_2011C754-401.html,trousers,Men's Workout Pants & Tights,LITE SHOW,ND,ND,ND,ND,undisclosed,-,"title from URL slug; states at least 50% recycled main material, fibre unnamed"
Asics,2011C870,WINTER RUN PANT,https://www.asics.com/us/en-us/winter-run-pant/p/ANA_2011C870-001.html,trousers,Men's Workout Pants & Tights,-,ND,ND,ND,ND,undisclosed,-,title from URL slug; no composition on page
Asics,2031F584,WAFFLE KNIT HALF ZIP,https://www.asics.com/us/en-us/waffle-knit-half-zip/p/ANA_2031F584-257.html,tees-polos,Men's Sports Tops & T-Shirt,-,"92% POLYESTER, 8% SPANDEX",polyester,92,8,synthetic,-,title from URL slug; composition from Materials & Technology list (productSpecs.technology)
Asics,2011D361,LIMITED SERIES LITE SHOW JACKET,https://www.asics.com/us/en-us/limited-series-lite-show-jacket/p/ANA_2011D361-001.html,outerwear,Men's Jackets & Outerwear,LITE SHOW;LIMITED SERIES,ND,ND,ND,ND,undisclosed,-,"title from URL slug; fibre or material named without percentage: recycled polyester; states at least 50% recycled main material, fibre unnamed"
Asics,2031F520,MENS NEON CITY TEE,https://www.asics.com/us/en-us/mens-neon-city-tee/p/ANA_2031F520-001.html,tees-polos,Men's Sports Tops & T-Shirt,-,ND,ND,ND,ND,undisclosed,-,title from URL slug; fibre or material named without percentage: cotton
Asics,2031F524,MENS COUNTRY MOUNTAIN TEE,https://www.asics.com/us/en-us/mens-country-mountain-tee/p/ANA_2031F524-342.html,tees-polos,Men's Sports Tops & T-Shirt,-,ND,ND,ND,ND,undisclosed,-,title from URL slug; no composition on page
Asics,2031F120,ACTIBREEZE JACQUARD LONG SLEEVE TOP,https://www.asics.com/us/en-us/actibreeze-jacquard-long-sleeve-top/p/ANA_2031F120-001.html,tees-polos,Men's Sports Tops & T-Shirt,ACTIBREEZE,ND,ND,ND,ND,undisclosed,-,"title from URL slug; states at least 50% recycled main material, fibre unnamed"
Asics,2031E894,ACTIBREEZE VENTED KNIT 7IN SHORT,https://www.asics.com/us/en-us/actibreeze-vented-knit-7in-short/p/ANA_2031E894-400.html,shorts,Men's Shorts,ACTIBREEZE,ND,ND,ND,ND,undisclosed,-,"title from URL slug; states at least 50% recycled main material, fibre unnamed"
Asics,2033B983,ASICS TRACK CLUB RELAXED PULLOVER JACKET,https://www.asics.com/us/en-us/asics-track-club-relaxed-pullover-jacket/p/ANA_2033B983-001.html,outerwear,Outerwear,ASICS TRACK CLUB,ND,ND,ND,ND,undisclosed,-,"gender tag Unisex; listed in men's clothing; title from URL slug; states at least 50% recycled main material, fibre unnamed"
Asics,2011D087,ROAD WINTER JACKET,https://www.asics.com/us/en-us/road-winter-jacket/p/ANA_2011D087-001.html,outerwear,Men's Jackets & Outerwear,ROAD,ND,ND,ND,ND,undisclosed,-,"title from URL slug; fibre or material named without percentage: recycled polyester; states at least 50% recycled main material, fibre unnamed"
Asics,2031F133,DRY KNIT 7IN SHORT,https://www.asics.com/us/en-us/dry-knit-7in-short/p/ANA_2031F133-700.html,shorts,Men's Shorts,-,ND,ND,ND,ND,undisclosed,-,title from URL slug; no composition on page
Asics,2031F123,ACTIBREEZE PANEL JACQUARD SHORT SLEEVE TOP,https://www.asics.com/us/en-us/actibreeze-panel-jacquard-short-sleeve-top/p/ANA_2031F123-001.html,tees-polos,Men's Sports Tops & T-Shirt,ACTIBREEZE,ND,ND,ND,ND,undisclosed,-,"title from URL slug; states at least 50% recycled main material, fibre unnamed"
Asics,2031E886,ACTIBREEZE JACQUARD JACKET,https://www.asics.com/us/en-us/actibreeze-jacquard-jacket/p/ANA_2031E886-001.html,outerwear,Men's Jackets & Outerwear,ACTIBREEZE,ND,ND,ND,ND,undisclosed,-,title from URL slug; no composition on page
Asics,2031E458,MOBILITY KNIT JACKET,https://www.asics.com/us/en-us/mobility-knit-jacket/p/ANA_2031E458-001.html,outerwear,Men's Jackets & Outerwear,-,ND,ND,ND,ND,undisclosed,-,title from URL slug; no composition on page
Asics,2031E887,ACTIBREEZE WOVEN PANT,https://www.asics.com/us/en-us/actibreeze-woven-pant/p/ANA_2031E887-022.html,trousers,Men's Workout Pants & Tights,ACTIBREEZE,ND,ND,ND,ND,undisclosed,-,"title from URL slug; states at least 50% recycled main material, fibre unnamed"
Asics,2031E890,ACTIBREEZE JACQUARD SLEEVELESS TOP,https://www.asics.com/us/en-us/actibreeze-jacquard-sleeveless-top/p/ANA_2031E890-300.html,tees-polos,Men's Sports Tops & T-Shirt,ACTIBREEZE,ND,ND,ND,ND,undisclosed,-,"title from URL slug; states at least 50% recycled main material, fibre unnamed"
Asics,2011D345,SPORT WINTER TIGHT,https://www.asics.com/us/en-us/sport-winter-tight/p/ANA_2011D345-400.html,trousers,Men's Workout Pants & Tights,-,ND,ND,ND,ND,undisclosed,-,title from URL slug; no composition on page
Asics,2031E459,MOBILITY KNIT PANTS,https://www.asics.com/us/en-us/mobility-knit-pants/p/ANA_2031E459-001.html,trousers,Men's Workout Pants & Tights,-,ND,ND,ND,ND,undisclosed,-,title from URL slug; no composition on page
Asics,2031E891,ACTIBREEZE VENTED MESH POLO SHIRT,https://www.asics.com/us/en-us/actibreeze-vented-mesh-polo-shirt/p/ANA_2031E891-300.html,tees-polos,Men's Sports Tops & T-Shirt,ACTIBREEZE,ND,ND,ND,ND,undisclosed,-,"title from URL slug; states at least 50% recycled main material, fibre unnamed"
Asics,2031E907,DOUBLE WEAVE PANT,https://www.asics.com/us/en-us/double-weave-pant/p/ANA_2031E907-001.html,trousers,Men's Workout Pants & Tights,-,ND,ND,ND,ND,undisclosed,-,"title from URL slug; states at least 50% recycled main material, fibre unnamed"
Asics,2031E892,ACTIBREEZE WOVEN 7IN SHORT,https://www.asics.com/us/en-us/actibreeze-woven-7in-short/p/ANA_2031E892-001.html,shorts,Men's Shorts,ACTIBREEZE,ND,ND,ND,ND,undisclosed,-,"title from URL slug; states at least 50% recycled main material, fibre unnamed"
Asics,2031E905,STRETCH KNIT JOGGER PANT,https://www.asics.com/us/en-us/stretch-knit-jogger-pant/p/ANA_2031E905-300.html,trousers,Men's Workout Pants & Tights,-,ND,ND,ND,ND,undisclosed,-,"title from URL slug; states at least 50% recycled main material, fibre unnamed"
Asics,2011D089,ROAD WINTER TIGHT,https://www.asics.com/us/en-us/road-winter-tight/p/ANA_2011D089-400.html,trousers,Men's Workout Pants & Tights,ROAD,ND,ND,ND,ND,undisclosed,-,"title from URL slug; fibre or material named without percentage: recycled polyester; states at least 50% recycled main material, fibre unnamed"
Asics,2031F200,ALL OVER PRINT 7IN SHORT,https://www.asics.com/us/en-us/all-over-print-7in-short/p/ANA_2031F200-020.html,shorts,Men's Shorts,-,ND,ND,ND,ND,undisclosed,-,title from URL slug; no composition on page
Asics,2031E893,DOUBLE WEAVE RELAXED PULL OVER JACKET,https://www.asics.com/us/en-us/double-weave-relaxed-pull-over-jacket/p/ANA_2031E893-020.html,outerwear,Men's Jackets & Outerwear,-,ND,ND,ND,ND,undisclosed,-,"title from URL slug; states at least 50% recycled main material, fibre unnamed"
Asics,2041A352,MATCH SHORT SLEEVE TOP NIGHT ENERGY,https://www.asics.com/us/en-us/match-short-sleeve-top-night-energy/p/ANA_2041A352-001.html,tees-polos,Men's T-Shirts & Tops,MATCH,ND,ND,ND,ND,undisclosed,-,"title from URL slug; states at least 50% recycled main material, fibre unnamed"
Asics,2031F460,TENNIS CITY TEE,https://www.asics.com/us/en-us/tennis-city-tee/p/ANA_2031F460-001.html,tees-polos,Men's T-Shirts & Tops,-,ND,ND,ND,ND,undisclosed,-,title from URL slug; no composition on page
Asics,2011D231,ASICS SILVER TIGHT,https://www.asics.com/us/en-us/asics-silver-tight/p/ANA_2011D231-001.html,trousers,Men's Workout Pants & Tights,ASICS SILVER,ND,ND,ND,ND,undisclosed,-,"title from URL slug; states at least 50% recycled main material, fibre unnamed"
Asics,2031E908,SWEAT CREW NECK TOP,https://www.asics.com/us/en-us/sweat-crew-neck-top/p/ANA_2031E908-253.html,sweats,Men's Hoodies & Sweatshirts,-,ND,ND,ND,ND,undisclosed,-,title from URL slug; fibre or material named without percentage: cotton
Asics,2011D267,FUJITRAIL ELITE SPRINTER,https://www.asics.com/us/en-us/fujitrail-elite-sprinter/p/ANA_2011D267-001.html,shorts,Men's Shorts,FUJITRAIL,ND,ND,ND,ND,undisclosed,-,"title from URL slug; states at least 50% recycled main material, fibre unnamed"
Asics,2031F341,SPORT WINTER POLAR FLEECE JACKET,https://www.asics.com/us/en-us/sport-winter-polar-fleece-jacket/p/ANA_2031F341-001.html,outerwear,Men's Jackets & Outerwear,-,ND,ND,ND,ND,undisclosed,-,title from URL slug; no composition on page
Asics,2031E696,GRAPHIC  RELAX FIT TEE,https://www.asics.com/us/en-us/graphic--relax-fit-tee/p/ANA_2031E696-250.html,tees-polos,Men's Sports Tops & T-Shirt,-,ND,ND,ND,ND,undisclosed,-,title from URL slug; fibre or material named without percentage: cotton
Asics,2011D395,MENS 7IN PR LYTE SHORT,https://www.asics.com/us/en-us/mens-7in-pr-lyte-short/p/ANA_2011D395-259.html,shorts,Men's Shorts,-,ND,ND,ND,ND,undisclosed,-,title from URL slug; no composition on page
Asics,2031E699,SWEAT RELAX PULL OVER HOODIE,https://www.asics.com/us/en-us/sweat-relax-pull-over-hoodie/p/ANA_2031E699-253.html,sweats,Men's Hoodies & Sweatshirts,-,ND,ND,ND,ND,undisclosed,-,title from URL slug; fibre or material named without percentage: cotton
Asics,2041A353,GAME ALL OVER PRINT SHORT SLEEVE TOP,https://www.asics.com/us/en-us/game-all-over-print-short-sleeve-top/p/ANA_2041A353-100.html,tees-polos,Men's T-Shirts & Tops,GAME,ND,ND,ND,ND,undisclosed,-,"title from URL slug; states at least 50% recycled main material, fibre unnamed"
Asics,2011D286,METARUN SHORT SLEEVE TOP,https://www.asics.com/us/en-us/metarun-short-sleeve-top/p/ANA_2011D286-500.html,tees-polos,Men's Sports Tops & T-Shirt,METARUN,ND,ND,ND,ND,undisclosed,-,"title from URL slug; states at least 50% recycled main material, fibre unnamed"
Asics,2011D343,SPORT WINTER 12 ZIP TOP,https://www.asics.com/us/en-us/sport-winter-12-zip-top/p/ANA_2011D343-300.html,tees-polos,Men's Sports Tops & T-Shirt,-,ND,ND,ND,ND,undisclosed,-,title from URL slug; no composition on page
Asics,2011D358,ROAD LITE SHOW PACKABLE JACKET,https://www.asics.com/us/en-us/road-lite-show-packable-jacket/p/ANA_2011D358-001.html,outerwear,Men's Jackets & Outerwear,LITE SHOW;ROAD,ND,ND,ND,ND,undisclosed,-,"title from URL slug; fibre or material named without percentage: recycled polyester; states at least 50% recycled main material, fibre unnamed"
Asics,2011D234,ASICS SILVER 2N1 7IN SHORT,https://www.asics.com/us/en-us/asics-silver-2n1-7in-short/p/ANA_2011D234-001.html,shorts,Men's Shorts,ASICS SILVER,ND,ND,ND,ND,undisclosed,-,"title from URL slug; states at least 50% recycled main material, fibre unnamed"
Asics,2031F523,MENS PARKS EXPLORER II TEE,https://www.asics.com/us/en-us/mens-parks-explorer-ii-tee/p/ANA_2031F523-682.html,tees-polos,Men's Sports Tops & T-Shirt,-,ND,ND,ND,ND,undisclosed,-,title from URL slug; no composition on page
Asics,2041A320,MATCH ACTIBREEZE SHORT SLEEVE TOP,https://www.asics.com/us/en-us/match-actibreeze-short-sleeve-top/p/ANA_2041A320-400.html,tees-polos,Men's T-Shirts & Tops,ACTIBREEZE;MATCH,ND,ND,ND,ND,undisclosed,-,"title from URL slug; states at least 50% recycled main material, fibre unnamed"
Asics,2031D145,ASICS STRIPE SHORT SLEEVE TEE,https://www.asics.com/us/en-us/asics-stripe-short-sleeve-tee/p/ANA_2031D145-308.html,tees-polos,Unisex Short Sleeve Shirts,-,ND,ND,ND,ND,undisclosed,-,gender tag Unisex; listed in men's clothing; title from URL slug; fibre or material named without percentage: cotton
Asics,2031E909,SWEAT LONG PANT,https://www.asics.com/us/en-us/sweat-long-pant/p/ANA_2031E909-001.html,trousers,Men's Workout Pants & Tights,-,ND,ND,ND,ND,undisclosed,-,title from URL slug; fibre or material named without percentage: cotton
Asics,2041A365,MATCH ACTIBREEZE POLO SHIRT,https://www.asics.com/us/en-us/match-actibreeze-polo-shirt/p/ANA_2041A365-400.html,tees-polos,Men's T-Shirts & Tops,ACTIBREEZE;MATCH,ND,ND,ND,ND,undisclosed,-,"title from URL slug; states at least 50% recycled main material, fibre unnamed"
Asics,2041A357,MATCH 7IN SHORT,https://www.asics.com/us/en-us/match-7in-short/p/ANA_2041A357-100.html,shorts,Men's Pants & Tights,MATCH,ND,ND,ND,ND,undisclosed,-,"title from URL slug; states at least 50% recycled main material, fibre unnamed"
Asics,2011D352,SPORT RUN PANT,https://www.asics.com/us/en-us/sport-run-pant/p/ANA_2011D352-020.html,trousers,Men's Workout Pants & Tights,-,ND,ND,ND,ND,undisclosed,-,title from URL slug; no composition on page
Asics,2011D028,MENS PR POLY COTTON TEE,https://www.asics.com/us/en-us/mens-pr-poly-cotton-tee/p/ANA_2011D028-438.html,tees-polos,Men's Sports Tops & T-Shirt,-,ND,ND,ND,ND,undisclosed,-,title from URL slug; fibre or material named without percentage: cotton
Asics,2031E472,ASICS SPIRAL EMBROIDERY TEE,https://www.asics.com/us/en-us/asics-spiral-embroidery-tee/p/ANA_2031E472-301.html,tees-polos,Men's Sports Tops & T-Shirt,-,ND,ND,ND,ND,undisclosed,-,title from URL slug; fibre or material named without percentage: cotton
Asics,2031B500,PAINTBRUSH SHORT SLEEVE TEE,https://www.asics.com/us/en-us/paintbrush-short-sleeve-tee/p/ANA_2031B500-497.html,tees-polos,Unisex Short Sleeve Shirts,-,52% COTTON/ 48% POLYESTER,cotton,52,0,blend,-,gender tag Unisex; listed in men's clothing; title from URL slug; composition from Materials & Technology list (productSpecs.technology)
Asics,2041A336,MATCH JACKET,https://www.asics.com/us/en-us/match-jacket/p/ANA_2041A336-125.html,outerwear,Men's T-Shirts & Tops,MATCH,ND,ND,ND,ND,undisclosed,-,"title from URL slug; states at least 50% recycled main material, fibre unnamed"
Asics,2011D238,ASICS ICON 7IN SHORT,https://www.asics.com/us/en-us/asics-icon-7in-short/p/ANA_2011D238-400.html,shorts,Men's Shorts,-,ND,ND,ND,ND,undisclosed,-,"title from URL slug; states at least 50% recycled main material, fibre unnamed"
Asics,2011D121,METARUN WATERPROOF JACKET,https://www.asics.com/us/en-us/metarun-waterproof-jacket/p/ANA_2011D121-001.html,outerwear,Men's Jackets & Outerwear,METARUN,ND,ND,ND,ND,undisclosed,-,"title from URL slug; fibre or material named without percentage: recycled polyester; states at least 50% recycled main material, fibre unnamed"
Asics,2011D390,FUJITRAIL LOGO SHORT SLEEVE TOP,https://www.asics.com/us/en-us/fujitrail-logo-short-sleeve-top/p/ANA_2011D390-001.html,tees-polos,Men's Sports Tops & T-Shirt,FUJITRAIL,ND,ND,ND,ND,undisclosed,-,"title from URL slug; states at least 50% recycled main material, fibre unnamed"
Asics,2031F201,HEAVY WEIGHT KNIT STRAIGHT PANT,https://www.asics.com/us/en-us/heavy-weight-knit-straight-pant/p/ANA_2031F201-300.html,trousers,Men's Workout Pants & Tights,-,ND,ND,ND,ND,undisclosed,-,title from URL slug; fibre or material named without percentage: cotton
Asics,2011D233,ASICS SILVER 2N1 5IN SHORT,https://www.asics.com/us/en-us/asics-silver-2n1-5in-short/p/ANA_2011D233-001.html,shorts,Men's Shorts,ASICS SILVER,ND,ND,ND,ND,undisclosed,-,"title from URL slug; states at least 50% recycled main material, fibre unnamed"
Asics,2091A807,METASPEED SINGLET,https://www.asics.com/us/en-us/metaspeed-singlet/p/ANA_2091A807-605.html,tees-polos,Men's Sports Tops & T-Shirt,METASPEED,ND,ND,ND,ND,undisclosed,-,"title from URL slug; states at least 50% recycled main material, fibre unnamed"
Asics,2011D396,MENS 5IN PR LYTE SHORT,https://www.asics.com/us/en-us/mens-5in-pr-lyte-short/p/ANA_2011D396-066.html,shorts,Men's Shorts,-,ND,ND,ND,ND,undisclosed,-,title from URL slug; no composition on page
Asics,2011D237,ASICS ICON JACKET,https://www.asics.com/us/en-us/asics-icon-jacket/p/ANA_2011D237-100.html,outerwear,Men's Jackets & Outerwear,-,ND,ND,ND,ND,undisclosed,-,"title from URL slug; states at least 50% recycled main material, fibre unnamed"
Asics,2041A343,COURT 9IN SHORT,https://www.asics.com/us/en-us/court-9in-short/p/ANA_2041A343-001.html,shorts,Men's Pants & Tights,COURT,ND,ND,ND,ND,undisclosed,-,"title from URL slug; states at least 50% recycled main material, fibre unnamed"
Asics,2033B944,UNISEX ASICS WANDER SHORT SLEEVE TEE,https://www.asics.com/us/en-us/unisex-asics-wander-short-sleeve-tee/p/ANA_2033B944-265.html,tees-polos,Unisex Short Sleeve Shirts,-,ND,ND,ND,ND,undisclosed,-,gender tag Unisex; listed in men's clothing; title from URL slug; no composition on page
Asics,2041A349,PADEL COURT SHORT SLEEVE TOP,https://www.asics.com/us/en-us/padel-court-short-sleeve-top/p/ANA_2041A349-001.html,tees-polos,Men's T-Shirts & Tops,COURT;PADEL,ND,ND,ND,ND,undisclosed,-,"title from URL slug; states at least 50% recycled main material, fibre unnamed"
Asics,2031F357,SUNSHINE TEE,https://www.asics.com/us/en-us/sunshine-tee/p/ANA_2031F357-062.html,tees-polos,Men's T-Shirts & Tops,-,ND,ND,ND,ND,undisclosed,-,title from URL slug; no composition on page
Asics,2031F464,ASICS RUN CLUB TEE,https://www.asics.com/us/en-us/asics-run-club-tee/p/ANA_2031F464-001.html,tees-polos,Men's T-Shirts & Tops,-,ND,ND,ND,ND,undisclosed,-,title from URL slug; no composition on page
Asics,2031F202,HEAVY WEIGHT RELAXED POCKET TEE,https://www.asics.com/us/en-us/heavy-weight-relaxed-pocket-tee/p/ANA_2031F202-300.html,tees-polos,Men's Sports Tops & T-Shirt,-,ND,ND,ND,ND,undisclosed,-,title from URL slug; fibre or material named without percentage: cotton
Asics,2031F358,MIRROR SERENITY TEE,https://www.asics.com/us/en-us/mirror-serenity-tee/p/ANA_2031F358-400.html,tees-polos,Men's Sports Tops & T-Shirt,-,ND,ND,ND,ND,undisclosed,-,title from URL slug; no composition on page
Asics,2011D239,ASICS ICON SHORT SLEEVE TOP,https://www.asics.com/us/en-us/asics-icon-short-sleeve-top/p/ANA_2011D239-400.html,tees-polos,Men's Sports Tops & T-Shirt,-,ND,ND,ND,ND,undisclosed,-,"title from URL slug; states at least 50% recycled main material, fibre unnamed"
Asics,2031E698,ASICS SPIRAL RELAX EMBROIDERY TEE,https://www.asics.com/us/en-us/asics-spiral-relax-embroidery-tee/p/ANA_2031E698-700.html,tees-polos,Men's Sports Tops & T-Shirt,-,ND,ND,ND,ND,undisclosed,-,title from URL slug; fibre or material named without percentage: cotton
Asics,2033B861,UNISEX ASICS TRAIL TEE,https://www.asics.com/us/en-us/unisex-asics-trail-tee/p/ANA_2033B861-342.html,tees-polos,Unisex Short Sleeve Shirts,-,ND,ND,ND,ND,undisclosed,-,gender tag Unisex; listed in men's clothing; title from URL slug; no composition on page
Asics,2031E476,SWEAT FULL ZIP HOODIE,https://www.asics.com/us/en-us/sweat-full-zip-hoodie/p/ANA_2031E476-402.html,sweats,Men's Hoodies & Sweatshirts,-,ND,ND,ND,ND,undisclosed,-,title from URL slug; no composition on page
Asics,2041A350,PADEL COURT 7IN SHORT,https://www.asics.com/us/en-us/padel-court-7in-short/p/ANA_2041A350-001.html,shorts,Men's Pants & Tights,COURT;PADEL,ND,ND,ND,ND,undisclosed,-,"title from URL slug; states at least 50% recycled main material, fibre unnamed"
Asics,2011A760,XG SHORT SLEEVE LOCKUP LOGO TEE,https://www.asics.com/us/en-us/xg-short-sleeve-lockup-logo-tee/p/ANA_2011A760-340.html,tees-polos,Unisex Short Sleeve Shirts,-,52% COTTON/ 48% POLYESTER,cotton,52,0,blend,-,gender tag Unisex; listed in men's clothing; title from URL slug; composition from Materials & Technology list (productSpecs.technology)
Asics,2011C992,ROAD SHORT SLEEVE TOP,https://www.asics.com/us/en-us/road-short-sleeve-top/p/ANA_2011C992-001.html,tees-polos,Men's Sports Tops & T-Shirt,ROAD,ND,ND,ND,ND,undisclosed,-,"title from URL slug; states at least 50% recycled main material, fibre unnamed"
Asics,2041A321,MATCH LONG SLEEVE 12 ZIP TOP,https://www.asics.com/us/en-us/match-long-sleeve-12-zip-top/p/ANA_2041A321-100.html,tees-polos,Men's Sports Tops & T-Shirt,MATCH,ND,ND,ND,ND,undisclosed,-,"title from URL slug; states at least 50% recycled main material, fibre unnamed"
Asics,2031F518,MENS DESERT TRAILS 77 TEE,https://www.asics.com/us/en-us/mens-desert-trails-77-tee/p/ANA_2031F518-255.html,tees-polos,Men's Sports Tops & T-Shirt,-,ND,ND,ND,ND,undisclosed,-,title from URL slug; no composition on page
Asics,2011D235,ASICS SILVER JACKET,https://www.asics.com/us/en-us/asics-silver-jacket/p/ANA_2011D235-001.html,outerwear,Men's Jackets & Outerwear,ASICS SILVER,ND,ND,ND,ND,undisclosed,-,"title from URL slug; states at least 50% recycled main material, fibre unnamed"
Asics,2011D392,FUJITRAIL ALL OVER PRINT 5IN SHORT,https://www.asics.com/us/en-us/fujitrail-all-over-print-5in-short/p/ANA_2011D392-001.html,shorts,Men's Trail Running Shoes,FUJITRAIL,ND,ND,ND,ND,undisclosed,-,"house classification reads ""Men's Trail Running Shoes"" on a garment; categorised from title; title from URL slug; states at least 50% recycled main material, fibre unnamed"
Asics,2031E910,DOUBLE WEAVE 7IN SHORT,https://www.asics.com/us/en-us/double-weave-7in-short/p/ANA_2031E910-001.html,shorts,Men's Shorts,-,ND,ND,ND,ND,undisclosed,-,"title from URL slug; states at least 50% recycled main material, fibre unnamed"
Asics,2031E903,ASICS LOGO SWEAT SHORT,https://www.asics.com/us/en-us/asics-logo-sweat-short/p/ANA_2031E903-001.html,shorts,Men's Shorts,-,ND,ND,ND,ND,undisclosed,-,title from URL slug; fibre or material named without percentage: cotton
Asics,2031E888,ACTIBREEZE JACQUARD SHORT SLEEVE TOP,https://www.asics.com/us/en-us/actibreeze-jacquard-short-sleeve-top/p/ANA_2031E888-022.html,tees-polos,Men's Sports Tops & T-Shirt,ACTIBREEZE,ND,ND,ND,ND,undisclosed,-,"title from URL slug; states at least 50% recycled main material, fibre unnamed"
Asics,2031E904,HEAVY WEIGHT KNIT STRAIGHT PANT,https://www.asics.com/us/en-us/heavy-weight-knit-straight-pant/p/ANA_2031E904-022.html,trousers,Men's Workout Pants & Tights,-,ND,ND,ND,ND,undisclosed,-,title from URL slug; fibre or material named without percentage: cotton
Asics,2031E926,ASICS SPIRAL EMBROIDERY WOVEN PANT,https://www.asics.com/us/en-us/asics-spiral-embroidery-woven-pant/p/ANA_2031E926-402.html,trousers,Men's Workout Pants & Tights,-,ND,ND,ND,ND,undisclosed,-,"title from URL slug; states at least 50% recycled main material, fibre unnamed"
Asics,2031E889,ACTIBREEZE VENTED MESH SHORT SLEEVE TOP,https://www.asics.com/us/en-us/actibreeze-vented-mesh-short-sleeve-top/p/ANA_2031E889-300.html,tees-polos,Men's Sports Tops & T-Shirt,ACTIBREEZE,ND,ND,ND,ND,undisclosed,-,"title from URL slug; states at least 50% recycled main material, fibre unnamed"
Asics,2031F354,ASICS TENNIS TEE,https://www.asics.com/us/en-us/asics-tennis-tee/p/ANA_2031F354-342.html,tees-polos,Men's Sports Tops & T-Shirt,-,ND,ND,ND,ND,undisclosed,-,title from URL slug; no composition on page
Asics,2031F352,PARKS EXPLORER TEE,https://www.asics.com/us/en-us/parks-explorer-tee/p/ANA_2031F352-265.html,tees-polos,Men's Sports Tops & T-Shirt,-,ND,ND,ND,ND,undisclosed,-,title from URL slug; no composition on page
Asics,2031F067,ATC SWEAT RELAXED PULLOVER HOODIE,https://www.asics.com/us/en-us/atc-sweat-relaxed-pullover-hoodie/p/ANA_2031F067-253.html,sweats,Men's Hoodies & Sweatshirts,-,ND,ND,ND,ND,undisclosed,-,title from URL slug; fibre or material named without percentage: cotton
Asics,2031C585,1977 MTN TEE,https://www.asics.com/us/en-us/1977-mtn-tee/p/ANA_2031C585-210.html,tees-polos,Unisex Short Sleeve Shirts,-,"50% Cotton, 50% Polyester",cotton,50,0,blend,-,gender tag Unisex; listed in men's clothing; title from URL slug; composition from Materials & Technology list (productSpecs.technology)
Asics,2041A341,COURT WARM UP PANT,https://www.asics.com/us/en-us/court-warm-up-pant/p/ANA_2041A341-400.html,trousers,Men's Workout Pants & Tights,COURT,ND,ND,ND,ND,undisclosed,-,"title from URL slug; states at least 50% recycled main material, fibre unnamed"
Asics,2041A342,COURT WARM UP JACKET,https://www.asics.com/us/en-us/court-warm-up-jacket/p/ANA_2041A342-400.html,outerwear,Men's Jackets & Outerwear,COURT,ND,ND,ND,ND,undisclosed,-,"title from URL slug; states at least 50% recycled main material, fibre unnamed"
Asics,2011D229,ASICS SILVER WOVEN PANT,https://www.asics.com/us/en-us/asics-silver-woven-pant/p/ANA_2011D229-001.html,trousers,Men's Workout Pants & Tights,ASICS SILVER,ND,ND,ND,ND,undisclosed,-,"title from URL slug; states at least 50% recycled main material, fibre unnamed"
Asics,2011D287,METARUN  SINGLET,https://www.asics.com/us/en-us/metarun--singlet/p/ANA_2011D287-001.html,tees-polos,Men's Sports Tops & T-Shirt,METARUN,ND,ND,ND,ND,undisclosed,-,"title from URL slug; states at least 50% recycled main material, fibre unnamed"
Asics,2041A322,MATCH ACTIBREEZE POLO SHIRT,https://www.asics.com/us/en-us/match-actibreeze-polo-shirt/p/ANA_2041A322-100.html,tees-polos,Men's T-Shirts & Tops,ACTIBREEZE;MATCH,ND,ND,ND,ND,undisclosed,-,"title from URL slug; states at least 50% recycled main material, fibre unnamed"
Asics,2011D268,FUJITRAIL ELITE SHORT,https://www.asics.com/us/en-us/fujitrail-elite-short/p/ANA_2011D268-001.html,shorts,Men's Trail Running Shoes,FUJITRAIL,ND,ND,ND,ND,undisclosed,-,"house classification reads ""Men's Trail Running Shoes"" on a garment; categorised from title; title from URL slug; states at least 50% recycled main material, fibre unnamed"
Asics,2011D242,ASICS SILVER SHORT SLEEVE TOP,https://www.asics.com/us/en-us/asics-silver-short-sleeve-top/p/ANA_2011D242-401.html,tees-polos,Men's Sports Tops & T-Shirt,ASICS SILVER,ND,ND,ND,ND,undisclosed,-,"title from URL slug; states at least 50% recycled main material, fibre unnamed"
Asics,2161A305,MENS TEAM POLO,https://www.asics.com/us/en-us/mens-team-polo/p/ANA_2161A305-051.html,tees-polos,Men's Sports Tops & T-Shirt,-,ND,ND,ND,ND,undisclosed,-,title from URL slug; fibre or material named without percentage: polyester
Asics,2011C987,FUJITRAIL LOGO LONG SLEEVE TOP,https://www.asics.com/us/en-us/fujitrail-logo-long-sleeve-top/p/ANA_2011C987-201.html,tees-polos,Men's Sports Tops & T-Shirt,FUJITRAIL,ND,ND,ND,ND,undisclosed,-,"title from URL slug; partial statement only: ""Light and quick-drying, it is made with at least 50% recycled materials of the primary material""; states at least 50% recycled main material, fibre unnamed"
Asics,2011C991,FUJITRAIL PACKABLE JACKET,https://www.asics.com/us/en-us/fujitrail-packable-jacket/p/ANA_2011C991-300.html,outerwear,Men's Jackets & Outerwear,FUJITRAIL,ND,ND,ND,ND,undisclosed,-,"title from URL slug; states at least 50% recycled main material, fibre unnamed"
Asics,2011D284,LIMITED SERIES ROAD PACKABLE JACKET,https://www.asics.com/us/en-us/limited-series-road-packable-jacket/p/ANA_2011D284-200.html,outerwear,Men's Jackets & Outerwear,LIMITED SERIES;ROAD,ND,ND,ND,ND,undisclosed,-,"title from URL slug; states at least 50% recycled main material, fibre unnamed"
Asics,2011D096,ROAD LITE SHOW PACKABLE JACKET,https://www.asics.com/us/en-us/road-lite-show-packable-jacket/p/ANA_2011D096-400.html,outerwear,Men's Jackets & Outerwear,LITE SHOW;ROAD,ND,ND,ND,ND,undisclosed,-,"title from URL slug; fibre or material named without percentage: recycled polyester; states at least 50% recycled main material, fibre unnamed"
Asics,2011D098,ROAD LITE SHOW TIGHT,https://www.asics.com/us/en-us/road-lite-show-tight/p/ANA_2011D098-001.html,trousers,Men's Workout Pants & Tights,LITE SHOW;ROAD,ND,ND,ND,ND,undisclosed,-,"title from URL slug; fibre or material named without percentage: recycled polyester; states at least 50% recycled main material, fibre unnamed"
Asics,2011D094,ROAD LITE SHOW 12 ZIP TOP,https://www.asics.com/us/en-us/road-lite-show-12-zip-top/p/ANA_2011D094-001.html,tees-polos,Men's Sports Tops & T-Shirt,LITE SHOW;ROAD,ND,ND,ND,ND,undisclosed,-,"title from URL slug; fibre or material named without percentage: recycled polyester; states at least 50% recycled main material, fibre unnamed"
Asics,2011C011,MENS THERMOPOLIS QUARTER ZIP,https://www.asics.com/us/en-us/mens-thermopolis-quarter-zip/p/ANA_2011C011-506.html,tees-polos,Men's Sports Tops & T-Shirt,THERMOPOLIS,ND,ND,ND,ND,undisclosed,-,title from URL slug; no composition on page
Asics,2031E613,SHORT SLEEVE POLO SHIRT,https://www.asics.com/us/en-us/short-sleeve-polo-shirt/p/ANA_2031E613-403.html,tees-polos,Men's Sports Tops & T-Shirt,-,ND,ND,ND,ND,undisclosed,-,title from URL slug; no composition on page
Asics,2011D097,ROAD PANT,https://www.asics.com/us/en-us/road-pant/p/ANA_2011D097-001.html,trousers,Men's Workout Pants & Tights,ROAD,ND,ND,ND,ND,undisclosed,-,title from URL slug; no composition on page
Asics,2041A303,MENS GAME POLO SHIRT,https://www.asics.com/us/en-us/mens-game-polo-shirt/p/ANA_2041A303-100.html,tees-polos,Men's T-Shirts & Tops,GAME,ND,ND,ND,ND,undisclosed,-,"title from URL slug; fibre or material named without percentage: recycled polyester; states at least 50% recycled main material, fibre unnamed"
Asics,2011C983,ROAD SPRINTER,https://www.asics.com/us/en-us/road-sprinter/p/ANA_2011C983-001.html,shorts,Men's Shorts,ROAD,ND,ND,ND,ND,undisclosed,-,"title from URL slug; states at least 50% recycled main material, fibre unnamed"
Asics,2041A288,MENS CLASSIC GRAPHIC TEE,https://www.asics.com/us/en-us/mens-classic-graphic-tee/p/ANA_2041A288-419.html,tees-polos,Men's T-Shirts & Tops,-,ND,ND,ND,ND,undisclosed,-,"title from URL slug; states at least 50% recycled main material, fibre unnamed"
Asics,2041A201,RESOLUTION SHORT,https://www.asics.com/us/en-us/resolution-short/p/ANA_2041A201-0190.html,shorts,Men's Pants & Tights,-,100% Polyester,polyester,100,0,synthetic,polyester,title from URL slug; composition from Materials & Technology list (productSpecs.technology)
Asics,2041A290,MENS CLASSIC 7IN SHORT,https://www.asics.com/us/en-us/mens-classic-7in-short/p/ANA_2041A290-001.html,shorts,Men's Pants & Tights,-,ND,ND,ND,ND,undisclosed,-,"title from URL slug; states at least 50% recycled main material, fibre unnamed"
Asics,2031E454,ACTIBREEZE JACQUARD SHORT SLEEVE TOP,https://www.asics.com/us/en-us/actibreeze-jacquard-short-sleeve-top/p/ANA_2031E454-001.html,tees-polos,Men's Sports Tops & T-Shirt,ACTIBREEZE,ND,ND,ND,ND,undisclosed,-,"title from URL slug; states at least 50% recycled main material, fibre unnamed"
Asics,2031E211,BRUSHED FLEECE PANTS,https://www.asics.com/us/en-us/brushed-fleece-pants/p/ANA_2031E211-301.html,trousers,Men's Workout Pants & Tights,-,ND,ND,ND,ND,undisclosed,-,"title from URL slug; states at least 50% recycled main material, fibre unnamed"
Asics,2011C762,MENS 7IN PR LYTE SHORT 2.0,https://www.asics.com/us/en-us/mens-7in-pr-lyte-short-2.0/p/ANA_2011C762-031.html,shorts,Men's Shorts,-,ND,ND,ND,ND,undisclosed,-,title from URL slug; no composition on page
Asics,2011C761,MENS 5IN PR LYTE SHORT 2.0,https://www.asics.com/us/en-us/mens-5in-pr-lyte-short-2.0/p/ANA_2011C761-031.html,shorts,Men's Shorts,-,ND,ND,ND,ND,undisclosed,-,title from URL slug; no composition on page
Asics,2031A613,MENS FRENCH TERRY JOGGER,https://www.asics.com/us/en-us/mens-french-terry-jogger/p/ANA_2031A613-051.html,trousers,Men's Workout Pants & Tights,-,100% Polyester,polyester,100,0,synthetic,polyester,title from URL slug; composition from Materials & Technology list (productSpecs.technology)
Asics,2041A200,RESOLUTION SHORT SLEEVE CREW,https://www.asics.com/us/en-us/resolution-short-sleeve-crew/p/ANA_2041A200-0190.html,tees-polos,Men's T-Shirts & Tops,-,"88% Polyester, 12% Spandex",polyester,88,12,synthetic,-,title from URL slug; composition from Materials & Technology list (productSpecs.technology)
Balmain,HH3TFC95WB50,Embroidered Balmain Vintage bomber jacket,https://us.balmain.com/en-us/products/hh3tfc95wb50uny-green-hh3tfc95wb50uny,outerwear,outerwear,Balmain Vintage,100% merino wool,wool,100,0,natural,wool,made in Italy; single colourway listing; US price $2990
Balmain,HH3PO132WD49,Wool trousers with elasticated waist,https://us.balmain.com/en-us/products/hh3po132wd497kh-green-hh3po132wd497kh,trousers,pants-shorts,-,100% virgin wool,wool,100,0,natural,wool,made in Portugal; single colourway listing; US price $990
Balmain,HH3KD185KK38,Merino wool jumper with diamond pattern,https://us.balmain.com/en-us/products/hh3kd185kk38aaa-multicolor-hh3kd185kk38aaa,knitwear,knitwear,-,100% virgin wool,wool,100,0,natural,wool,made in France; single colourway listing; US price $1190
Balmain,HH3GB085BD85,Cotton polo shirt with leather Balmain Vintage label,https://us.balmain.com/en-us/products/hh3gb085bd85umr-green-hh3gb085bd85umr,tees-polos,polos-shirts,Balmain Vintage,100% organic cotton,cotton,100,0,natural,cotton,made in Portugal; single colourway listing; US price $690
Balmain,HH3JR007BD86,Hoodie with Balmain Vintage leather label,https://us.balmain.com/en-us/products/hh3jr007bd86umr-green-hh3jr007bd86umr,sweats,sweat-shirts,Balmain Vintage,100% organic cotton,cotton,100,0,natural,cotton,made in Portugal; single colourway listing; US price $1090
Balmain,HH3HS391WD49,Wool overshirt with leather Balmain Vintage label,https://us.balmain.com/en-us/products/hh3hs391wd497kh-green-hh3hs391wd497kh,shirts,polos-shirts,Balmain Vintage,100% virgin wool,wool,100,0,natural,wool,made in Portugal; single colourway listing; US price $1290
Balmain,HH3EG000BD85,T-shirt with Balmain Vintage leather label,https://us.balmain.com/en-us/products/hh3eg000bd85umr-green-hh3eg000bd85umr,tees-polos,t-shirts,Balmain Vintage,100% organic cotton,cotton,100,0,natural,cotton,made in Portugal; single colourway listing; US price $590
Balmain,HH1EG255BD67,Printed Balmain Bloom T-shirt,https://us.balmain.com/en-us/products/printed-balmain-bloom-t-shirt-khaki-hh1eg255bd67umr,tees-polos,t-shirts,-,100% cotton,cotton,100,0,natural,cotton,made in Portugal; single colourway listing; US price $550
Balmain,HH1TFC65VI85,Balmain bomber jacket in textured nylon,https://us.balmain.com/en-us/products/balmain-bomber-jacket-in-textured-nylon-black-hh1tfc65vi850pa,outerwear,outerwear,-,62% viscose 38% polyamide,viscose,62,0,blend,-,made in Italy; single colourway listing; US price $3590
Balmain,HH1JT250GF69,Embroidered Balmain Insect hoodie,https://us.balmain.com/en-us/products/embroidered-balmain-insect-hoodie-black-hh1jt250gf69eah,sweats,sweat-shirts,Balmain Insect,100% cotton,cotton,100,0,natural,cotton,made in Portugal; single colourway listing; US price $1150
Balmain,HH1HL061VI85,Balmain Paris shirt in textured nylon,https://us.balmain.com/en-us/products/balmain-paris-shirt-in-textured-nylon-black-hh1hl061vi850pa,shirts,polos-shirts,-,62% viscose 38% polyamide,viscose,62,0,blend,-,made in Italy; single colourway listing; US price $1250
Balmain,HH1GC075BD59,Balmain Vintage Utility polo,https://us.balmain.com/en-us/products/balmain-vintage-utility-polo-black-hh1gc075bd59eap,tees-polos,polos-shirts,Balmain Vintage;Balmain Vintage Utility,100% cotton,cotton,100,0,natural,cotton,made in Portugal; single colourway listing; US price $1390
Balmain,HH1TP190XM28,Padded nylon and leather jacket,https://us.balmain.com/en-us/products/padded-nylon-and-leather-jacket-black-hh1tp190xm280pa,outerwear,outerwear,-,100% polyamide,polyamide,100,0,synthetic,polyamide,made in Italy; single colourway listing; US price $2750
Balmain,HH1GC060BD77,Embroidered Balmain Insect polo,https://us.balmain.com/en-us/products/embroidered-balmain-insect-polo-blue-hh1gc060bd77sqs,tees-polos,polos-shirts,Balmain Insect,100% cotton,cotton,100,0,natural,cotton,made in Portugal; single colourway listing; US price $720
Balmain,HH1EG007BD77,Embroidered Balmain Insect T-shirt,https://us.balmain.com/en-us/products/embroidered-balmain-insect-t-shirt-black-hh1eg007bd77eah,tees-polos,t-shirts,Balmain Insect,100% cotton,cotton,100,0,natural,cotton,made in Portugal; single colourway listing; US price $490
Balmain,HH1MI130DG26,Blue denim carpenter jeans,https://us.balmain.com/en-us/products/blue-denim-carpenter-jeans-blue-hh1mi130dg266ff,denim,denim,-,100% cotton,cotton,100,0,natural,cotton,made in Italy; single colourway listing; US price $1390
Balmain,HH1TD605XM07,Tweed biker jacket,https://us.balmain.com/en-us/products/tweed-biker-jacket-black-hh1td605xm070pa,outerwear,jackets-blazers; outerwear,-,67% cotton 33% polyamide,cotton,67,0,blend,-,made in Italy; single colourway listing; US price $3590; house lists under jackets-blazers+outerwear; assigned by garment
Balmain,HH1TH891WD69,Wool twill overshirt,https://us.balmain.com/en-us/products/wool-twill-overshirt-black-hh1th891wd690pa,shirts,polos-shirts,-,100% virgin wool,wool,100,0,natural,wool,made in Italy; single colourway listing; US price $1950
Balmain,HH1ED006BD68,Flocked Balmain Quilted tank top,https://us.balmain.com/en-us/products/flocked-balmain-quilted-tank-top-white-hh1ed006bd68gab,tees-polos,t-shirts,-,100% cotton,cotton,100,0,natural,cotton,made in Portugal; single colourway listing; US price $390
Balmain,GH1MI105DG10,Biker jeans in vintage denim,https://us.balmain.com/en-us/products/biker-jeans-in-vintage-denim-blue-gh1mi105dg106aw,denim,denim,-,100% cotton,cotton,100,0,natural,cotton,made in Italy; single colourway listing; US price $1550
Balmain,HH1EG230GF69,Embroidered Balmain Insect T-shirt,https://us.balmain.com/en-us/products/embroidered-balmain-insect-t-shirt-white-hh1eg230gf69gsr,tees-polos,t-shirts,Balmain Insect,100% cotton,cotton,100,0,natural,cotton,made in Portugal; single colourway listing; US price $650
Balmain,HH1PQ485CG55,Cotton cargo pants,https://us.balmain.com/en-us/products/cotton-cargo-pants-beige-hh1pq485cg550an,trousers,pants-shorts,-,100% cotton,cotton,100,0,natural,cotton,made in Italy; single colourway listing; US price $1290
Balmain,HH1KD200KK33,Wool Balmain Vintage Utility jumper,https://us.balmain.com/en-us/products/wool-balmain-vintage-utility-jumper-blue-hh1kd200kk336du,knitwear,knitwear,Balmain Vintage;Balmain Vintage Utility,100% merino wool,wool,100,0,natural,wool,made in France; single colourway listing; US price $1650
Balmain,GH1EG000BD45,Printed Balmain Paris T-shirt,https://us.balmain.com/en-us/products/printed-balmain-paris-t-shirt-white-gh1eg000bd45gab,tees-polos,t-shirts,-,100% cotton,cotton,100,0,natural,cotton,made in Portugal; 3 colourway listing(s) collapsed on 12-char model+fabric code; US price $550
Balmain,HH1SE494CG55,Cotton twill 1-button jacket,https://us.balmain.com/en-us/products/cotton-twill-1-button-jacket-khaki-hh1se494cg557fw,tailoring,jackets-blazers,-,100% cotton,cotton,100,0,natural,cotton,made in Italy; single colourway listing; US price $2750
Balmain,HH1PO130CG55,Cotton twill trousers,https://us.balmain.com/en-us/products/cotton-twill-trousers-khaki-hh1po130cg557fw,trousers,pants-shorts,-,100% cotton,cotton,100,0,natural,cotton,made in Portugal; single colourway listing; US price $950
Balmain,HH1KH050KJ53,PB turtleneck jumper in cotton and silk,https://us.balmain.com/en-us/products/pb-turtleneck-jumper-in-cotton-and-silk-black-hh1kh050kj53equ,knitwear,knitwear,-,54% silk 44% cotton 1% polyamide 1% elastane,silk,54,1,blend,-,made in Italy; single colourway listing; US price $1050
Balmain,HH1EG000BD61,Pack of 2 Balmain Vintage T-shirts,https://us.balmain.com/en-us/products/pack-of-2-balmain-vintage-t-shirts-black-hh1eg000bd61eap,tees-polos,t-shirts,Balmain Vintage,100% cotton,cotton,100,0,natural,cotton,made in Portugal; single colourway listing; US price $490
Balmain,HH1GC055BD64,Printed Balmain Vine polo,https://us.balmain.com/en-us/products/printed-balmain-vine-polo-white-hh1gc055bd64gab,tees-polos,polos-shirts,-,100% cotton,cotton,100,0,natural,cotton,made in Portugal; single colourway listing; US price $720
Balmain,HH1ML138DG10,Loose-fit jeans in Vintage blue denim,https://us.balmain.com/en-us/products/loose-fit-jeans-in-vintage-blue-denim-blue-hh1ml138dg106aw,denim,denim,-,100% cotton,cotton,100,0,natural,cotton,made in Italy; single colourway listing; US price $1190
Balmain,HH1EG230GF62,Printed Balmain Flower T-shirt,https://us.balmain.com/en-us/products/printed-balmain-flower-t-shirt-black-hh1eg230gf62eab,tees-polos,t-shirts,-,100% cotton,cotton,100,0,natural,cotton,made in Portugal; single colourway listing; US price $590
Balmain,HH1PQ485WD69,Wool twill cargo pants,https://us.balmain.com/en-us/products/wool-twill-cargo-pants-black-hh1pq485wd690pa,trousers,pants-shorts,-,100% virgin wool,wool,100,0,natural,wool,made in Italy; single colourway listing; US price $1650
Balmain,HH1SI910PD58,Embroidered wool and crystal Balmain Insect jacket,https://us.balmain.com/en-us/products/embroidered-wool-and-crystal-balmain-insect-jacket-black-hh1si910pd58eah,tailoring,jackets-blazers,Balmain Insect,100% virgin wool,wool,100,0,natural,wool,made in France; single colourway listing; US price $6250
Balmain,HH1PO130WD49,Wool trousers,https://us.balmain.com/en-us/products/wool-trousers-black-hh1po130wd490pa,trousers,pants-shorts,-,100% virgin wool,wool,100,0,natural,wool,made in Portugal; single colourway listing; US price $990
Balmain,HH1TFC80PD63,Embroidered velvet Balmain Insect bomber jacket,https://us.balmain.com/en-us/products/embroidered-velvet-balmain-insect-bomber-jacket-black-hh1tfc80pd63eah,outerwear,jackets-blazers; outerwear,Balmain Insect,100% cupro,cupro,100,0,cellulosic,cupro,made in India; single colourway listing; US price $6790; house lists under jackets-blazers+outerwear; assigned by garment
Balmain,HH1EG280PD63,Embroidered Balmain Insect T-shirt,https://us.balmain.com/en-us/products/embroidered-balmain-insect-t-shirt-black-hh1eg280pd63eah,tees-polos,t-shirts,Balmain Insect,100% cotton,cotton,100,0,natural,cotton,made in India; single colourway listing; US price $1390
Balmain,HH1HS600LE35,Leather overshirt,https://us.balmain.com/en-us/products/leather-overshirt-black-hh1hs600le350pa,shirts,polos-shirts,-,100% lambskin leather,leather,100,0,natural,leather,made in Turkey; single colourway listing; US price $3790
Balmain,HH1PO132WD49,Wool trousers with elasticated waist,https://us.balmain.com/en-us/products/wool-trousers-with-elasticated-waist-black-hh1po132wd490pa,trousers,pants-shorts,-,100% virgin wool,wool,100,0,natural,wool,made in Portugal; single colourway listing; US price $990
Balmain,GH1TH880CG52,Monogram tweed overshirt,https://us.balmain.com/en-us/products/monogram-tweed-overshirt-black-gh1th880cg520pa,shirts,polos-shirts,-,41% cotton 33% polyamide 11% polyester 8% cotton 7% viscose,cotton,41,0,blend,-,made in Poland; single colourway listing; US price $2550; cotton listed twice (41%+8%); lead read as first-listed 41% cotton
Balmain,HH1HS555CG72,Balmain Paris shirt in cotton poplin,https://us.balmain.com/en-us/products/balmain-paris-shirt-in-cotton-poplin-black-hh1hs555cg720pa,shirts,polos-shirts,-,100% cotton,cotton,100,0,natural,cotton,made in Portugal; 2 colourway listing(s) collapsed on 12-char model+fabric code; US price $850
Balmain,HH1GB110KK29,Balmain Vintage Utility ribbed knit polo,https://us.balmain.com/en-us/products/balmain-vintage-utility-ribbed-knit-polo-khaki-hh1gb110kk297kh,tees-polos,polos-shirts; knitwear,Balmain Vintage;Balmain Vintage Utility,100% merino wool,wool,100,0,natural,wool,made in France; single colourway listing; US price $1490; house lists under polos-shirts+knitwear; assigned by garment
Balmain,HH1PB125CG55,Cotton cargo Bermuda shorts,https://us.balmain.com/en-us/products/cotton-cargo-bermuda-shorts-beige-hh1pb125cg550an,shorts,pants-shorts,-,100% cotton,cotton,100,0,natural,cotton,made in Italy; single colourway listing; US price $1250
Balmain,HH1EG000BD72,Pack of 2 Balmain Vintage T-shirts,https://us.balmain.com/en-us/products/pack-of-2-balmain-vintage-t-shirts-white-hh1eg000bd72gab,tees-polos,t-shirts,Balmain Vintage,100% cotton,cotton,100,0,natural,cotton,made in Portugal; single colourway listing; US price $490
Balmain,HH1JQ130BD60,Embroidered Balmain Vintage sweatshirt,https://us.balmain.com/en-us/products/embroidered-balmain-vintage-sweatshirt-black-hh1jq130bd60eap,sweats,sweat-shirts,Balmain Vintage,100% cotton,cotton,100,0,natural,cotton,made in Portugal; single colourway listing; US price $790
Balmain,HH1EF000BD59,Embroidered Balmain Vintage T-shirt,https://us.balmain.com/en-us/products/embroidered-balmain-vintage-t-shirt-beige-hh1ef000bd59ghy,tees-polos,t-shirts,Balmain Vintage,100% cotton,cotton,100,0,natural,cotton,made in Portugal; single colourway listing; US price $450
Balmain,HH1MA046DF97,Light blue denim Bermuda shorts,https://us.balmain.com/en-us/products/light-blue-denim-bermuda-shorts-blue-hh1ma046df976aw,shorts,denim,-,100% cotton,cotton,100,0,natural,cotton,made in Italy; single colourway listing; US price $890
Balmain,HH1EC025BD10,Embroidered Balmain Paris tank top,https://us.balmain.com/en-us/products/embroidered-balmain-paris-tank-top-white-hh1ec025bd10gab,tees-polos,t-shirts,-,100% cotton,cotton,100,0,natural,cotton,made in Portugal; 2 colourway listing(s) collapsed on 12-char model+fabric code; US price $390
Balmain,HH1TFC51CG55,Cotton Balmain Vintage bomber jacket,https://us.balmain.com/en-us/products/cotton-balmain-vintage-bomber-jacket-beige-hh1tfc51cg550an,outerwear,jackets-blazers; outerwear,Balmain Vintage,100% cotton,cotton,100,0,natural,cotton,made in Italy; single colourway listing; US price $2350; house lists under jackets-blazers+outerwear; assigned by garment
Balmain,HH1MI115DG26,Straight-leg Blue denim jeans,https://us.balmain.com/en-us/products/straight-leg-blue-denim-jeans-blue-hh1mi115dg266ff,denim,denim,-,100% cotton,cotton,100,0,natural,cotton,made in Italy; single colourway listing; US price $950
Balmain,HH1HL060CG75,Balmain Vintage shirt in herringbone poplin,https://us.balmain.com/en-us/products/balmain-vintage-shirt-in-herringbone-poplin-blue-hh1hl060cg756hy,shirts,polos-shirts,Balmain Vintage,77% cotton 23% polyester,cotton,77,0,blend,-,made in Portugal; single colourway listing; US price $850
Balmain,HH1KD185KK30,Balmain Vintage knit jumper,https://us.balmain.com/en-us/products/balmain-vintage-knit-jumper-blue-hh1kd185kk306hy,knitwear,knitwear,Balmain Vintage,100% cotton,cotton,100,0,natural,cotton,made in Italy; single colourway listing; US price $1350
Balmain,HH1HN130VJ04,Printed Foulard pyjama shirt,https://us.balmain.com/en-us/products/printed-foulard-pyjama-shirt-beige-hh1hn130vj04gyk,shirts,polos-shirts,-,100% viscose,viscose,100,0,cellulosic,viscose,made in Italy; single colourway listing; US price $1190
Balmain,HH1PA145VJ07,Printed Foulard pyjama shorts,https://us.balmain.com/en-us/products/printed-foulard-pyjama-shorts-beige-hh1pa145vj07gyk,shorts,pants-shorts,-,100% viscose,viscose,100,0,cellulosic,viscose,made in Italy; single colourway listing; US price $990
Balmain,HH1GB045KK30,Balmain Vintage knit polo,https://us.balmain.com/en-us/products/balmain-vintage-knit-polo-white-hh1gb045kk300fa,tees-polos,polos-shirts; knitwear,Balmain Vintage,100% cotton,cotton,100,0,natural,cotton,made in Italy; single colourway listing; US price $1190; house lists under polos-shirts+knitwear; assigned by garment
Balmain,HH1GB045KK24,Embroidered Balmain Vintage polo,https://us.balmain.com/en-us/products/embroidered-balmain-vintage-polo-beige-hh1gb045kk240fr,tees-polos,polos-shirts; knitwear,Balmain Vintage,100% cotton,cotton,100,0,natural,cotton,made in Italy; 2 colourway listing(s) collapsed on 12-char model+fabric code; US price $990; house lists under polos-shirts+knitwear; assigned by garment
Balmain,HH1TD580LE43,Textured leather biker jacket,https://us.balmain.com/en-us/products/textured-leather-biker-jacket-black-hh1td580le430pa,outerwear,jackets-blazers; outerwear,-,100% calfskin leather,leather,100,0,natural,leather,made in Turkey; single colourway listing; US price $3990; house lists under jackets-blazers+outerwear; assigned by garment
Balmain,HH1EG275BD65,Printed Balmain Vine T-shirt,https://us.balmain.com/en-us/products/printed-balmain-vine-t-shirt-white-hh1eg275bd65gab,tees-polos,t-shirts,-,100% cotton,cotton,100,0,natural,cotton,made in Portugal; single colourway listing; US price $590
Balmain,HH1JQ130BD65,Printed Balmain Vine sweatshirt,https://us.balmain.com/en-us/products/printed-balmain-vine-sweatshirt-black-hh1jq130bd65eab,sweats,sweat-shirts,-,100% cotton,cotton,100,0,natural,cotton,made in Portugal; single colourway listing; US price $750
Balmain,HH1JT280BD59,Balmain Vintage Utility hoodie,https://us.balmain.com/en-us/products/balmain-vintage-utility-hoodie-black-hh1jt280bd59eap,sweats,sweat-shirts,Balmain Vintage;Balmain Vintage Utility,100% cotton,cotton,100,0,natural,cotton,made in Portugal; single colourway listing; US price $1950
Balmain,GH1GB085BC87,Embroidered cotton polo,https://us.balmain.com/en-us/products/embroidered-cotton-polo-black-gh1gb085bc87eab,tees-polos,polos-shirts,-,100% cotton,cotton,100,0,natural,cotton,made in Portugal; 2 colourway listing(s) collapsed on 12-char model+fabric code; US price $590
Balmain,DH1EG000JC97,PB Labyrinth jacquard T-shirt,https://us.balmain.com/en-us/products/pb-labyrinth-jacquard-t-shirt-black-dh1eg000jc97gfe,tees-polos,t-shirts,-,95% cotton 5% elastane,cotton,95,5,blend,-,made in Portugal; single colourway listing; US price $590
Balmain,EH1GC027BC90,Monogram polo,https://us.balmain.com/en-us/products/monogram-polo-black-eh1gc027bc90gfe,tees-polos,polos-shirts,-,95% cotton 5% elastane,cotton,95,5,blend,-,made in Portugal; single colourway listing; US price $890
Balmain,HH1SN095WD49,Wool 2-button jacket,https://us.balmain.com/en-us/products/wool-2-button-jacket-black-hh1sn095wd490pa,tailoring,jackets-blazers,-,100% virgin wool,wool,100,0,natural,wool,made in Portugal; single colourway listing; US price $2750
Balmain,GH1MI105DG13,Biker jeans in black vintage denim,https://us.balmain.com/en-us/products/biker-jeans-in-black-vintage-denim-black-gh1mi105dg130pc,denim,denim,-,100% cotton,cotton,100,0,natural,cotton,made in Italy; single colourway listing; US price $1550
Balmain,HH1ML138DF97,Loose-fit jeans in Light blue denim,https://us.balmain.com/en-us/products/loose-fit-jeans-in-light-blue-denim-blue-hh1ml138df976aw,denim,denim,-,100% cotton,cotton,100,0,natural,cotton,made in Italy; single colourway listing; US price $920
Balmain,HH1SC520XM04,Cropped sequin velvet jacket,https://us.balmain.com/en-us/products/cropped-sequin-velvet-jacket-black-hh1sc520xm040pa,tailoring,jackets-blazers,-,100% polyester,polyester,100,0,synthetic,polyester,made in France; single colourway listing; US price $4150
Balmain,HH1KM020KI87,Eco-cashmere cardigan,https://us.balmain.com/en-us/products/eco-cashmere-cardigan-white-hh1km020ki870pa,knitwear,knitwear,-,50% virgin wool 50% cashmere,wool,50,0,natural,-,made in France; single colourway listing; US price $1790
Balmain,GH1PO130WD49,Wool straight-leg trousers,https://us.balmain.com/en-us/products/wool-straight-leg-trousers-black-gh1po130wd490pa,trousers,pants-shorts,-,100% virgin wool,wool,100,0,natural,wool,made in Portugal; single colourway listing; US price $1090
Balmain,HH1EG000BD60,Vintage Balmain embroidered T-shirt,https://us.balmain.com/en-us/products/vintage-balmain-embroidered-t-shirt-blue-hh1eg000bd60sqm,tees-polos,t-shirts,Balmain Vintage,100% cotton,cotton,100,0,natural,cotton,made in Portugal; single colourway listing; US price $590
Balmain,HH1SJ075MI27,2-button jacket in wool and satin,https://us.balmain.com/en-us/products/2-button-jacket-in-wool-and-satin-black-hh1sj075mi27eap,tailoring,jackets-blazers,-,100% virgin wool,wool,100,0,natural,wool,made in Italy; single colourway listing; US price $3590
Balmain,GH1HS496CG39,Cotton poplin shirt,https://us.balmain.com/en-us/products/cotton-poplin-shirt-white-1-gh1hs496cg390fb,shirts,polos-shirts,-,100% cotton,cotton,100,0,natural,cotton,made in Italy; 2 colourway listing(s) collapsed on 12-char model+fabric code; US price $850
Balmain,HH1UA156WC70,Wool pea coat,https://us.balmain.com/en-us/products/wool-pea-coat-navy-hh1ua156wc706uc,outerwear,outerwear,-,80% virgin wool 20% polyamide,wool,80,0,blend,-,made in Italy; single colourway listing; US price $3590
Balmain,GH0PO140WD49,Wool twill trousers with wide knife pleats,https://us.balmain.com/en-us/products/wool-twill-trousers-with-wide-knife-pleats-black-gh0po140wd490pa,trousers,pants-shorts,-,100% virgin wool,wool,100,0,natural,wool,made in Portugal; single colourway listing; US price $1290
Balmain,HH1TF999LE35,Shearling leather bomber jacket,https://us.balmain.com/en-us/products/shearling-leather-bomber-jacket-green-hh1tf999le35ujk,outerwear,jackets-blazers; outerwear,-,100% lambskin leather,leather,100,0,natural,leather,made in Turkey; single colourway listing; US price $5990; house lists under jackets-blazers+outerwear; assigned by garment
Balmain,HH1HS001SF50,Printed silk shirt,https://us.balmain.com/en-us/products/printed-silk-shirt-multicolor-hh1hs001sf50aaa,shirts,polos-shirts,-,100% silk,silk,100,0,natural,silk,made in Italy; single colourway listing; US price $1650
Balmain,GH1MI120DG10,Slim straight-leg jeans in vintage denim,https://us.balmain.com/en-us/products/slim-straight-leg-jeans-in-vintage-denim-blue-gh1mi120dg106aw,denim,denim,-,100% cotton,cotton,100,0,natural,cotton,made in Italy; single colourway listing; US price $1050
Balmain,HH1HB065DF97,Light blue denim shirt,https://us.balmain.com/en-us/products/light-blue-denim-shirt-blue-hh1hb065df976aw,shirts,polos-shirts; denim,-,100% cotton,cotton,100,0,natural,cotton,made in Italy; single colourway listing; US price $1190; house lists under polos-shirts+denim; assigned by garment
Balmain,GH1EG000BC87,Embroidered PB Logo T-shirt,https://us.balmain.com/en-us/products/embroidered-pb-logo-t-shirt-khaki-gh1eg000bc87uln,tees-polos,t-shirts,-,38% modal 37% cotton 19% polyamide 6% elastane,modal,38,6,blend,-,made in Portugal; 3 colourway listing(s) collapsed on 12-char model+fabric code; US price $490
Balmain,BWB641790286,Printed swim shorts,https://us.balmain.com/en-us/products/printed-swim-shorts-beige-bwb641790286,underwear-swim,swimwear,-,100% polyester,polyester,100,0,synthetic,polyester,made in Italy; single colourway listing; US price $350
Balmain,BWB791810403,Swim shorts,https://us.balmain.com/en-us/products/swim-shorts-navy-bwb791810403,underwear-swim,swimwear,-,100% polyester,polyester,100,0,synthetic,polyester,made in Italy; single colourway listing; US price $380
Balmain,BWB791790482,Swim shorts with Balmain College logo,https://us.balmain.com/en-us/products/swim-shorts-with-balmain-college-logo-navy-bwb791790482,underwear-swim,swimwear,-,100% polyester,polyester,100,0,synthetic,polyester,made in Italy; single colourway listing; US price $380
Balmain,GH1GB044KJ53,Embroidered cotton polo,https://us.balmain.com/en-us/products/embroidered-cotton-polo-navy-gh1gb044kj53siv,tees-polos,polos-shirts,-,55% silk 45% cotton,silk,55,0,natural,-,made in Italy; 2 colourway listing(s) collapsed on 12-char model+fabric code; US price $890
Balmain,BWB641810361,Swim shorts,https://us.balmain.com/en-us/products/swim-shorts-green-bwb641810361,underwear-swim,swimwear,-,100% polyester,polyester,100,0,synthetic,polyester,made in Italy; single colourway listing; US price $350
Balmain,HBWB351510001,Monogram Swim Briefs in Nylon Elastane,https://us.balmain.com/en-us/products/hbwb351510001-black-hbwb351510001,underwear-swim,swimwear,-,81% Polyamide 19% Elastane,polyamide,81,19,synthetic,-,made in Italy; single colourway listing; US price $325
Balmain,BWB671880456,Balmain embroidered swim shorts,https://us.balmain.com/en-us/products/bwb671880456-blue-bwb671880456,underwear-swim,swimwear,-,100% Polyamide,polyamide,100,0,synthetic,polyamide,made in Italy; single colourway listing; US price $380
Balmain,BWB641900600,PB embroidered swim shorts,https://us.balmain.com/en-us/products/bwb641900600-blue-bwb641900600,underwear-swim,swimwear,-,52% Polyamide 48% Polyester,polyamide,52,0,synthetic,-,made in Italy; single colourway listing; US price $355
Balmain,HBWB641500001,Monogram Swim Shorts,https://us.balmain.com/en-us/products/hbwb641500001-black-hbwb641500001,underwear-swim,swimwear,-,71% Polyester 29% Polyamide,polyester,71,0,synthetic,-,made in Italy; single colourway listing; US price $495
Balmain,HH1UD430MI50,Long wool and velvet coat,https://us.balmain.com/en-us/products/long-wool-and-velvet-coat-black-hh1ud430mi50eap,outerwear,outerwear,-,100% virgin wool,wool,100,0,natural,wool,made in Bulgaria; single colourway listing; US price $3990
Balmain,HH1SI915WD49,Wool 2-button jacket,https://us.balmain.com/en-us/products/wool-2-button-jacket-black-hh1si915wd490pa,tailoring,jackets-blazers,-,100% virgin wool,wool,100,0,natural,wool,made in Italy; single colourway listing; US price $2990
Balmain,GH1KD000KJ53,Fine silk and cotton jumper,https://us.balmain.com/en-us/products/fine-silk-and-cotton-jumper-black-gh1kd000kj53equ,knitwear,knitwear,-,54% silk 44% cotton 1% elastane 1% polyamide,silk,54,1,blend,-,made in Italy; single colourway listing; US price $990
Balmain,GH1KD010KI87,Fine eco-cashmere jumper,https://us.balmain.com/en-us/products/fine-eco-cashmere-jumper-black-gh1kd010ki870pa,knitwear,knitwear,-,50% cashmere 50% virgin wool,cashmere,50,0,natural,-,made in France; single colourway listing; US price $1590
Balmain,HH1TFC85PD59,Satin bomber jacket with frogging,https://us.balmain.com/en-us/products/satin-bomber-jacket-with-frogging-black-hh1tfc85pd59sqn,outerwear,jackets-blazers; outerwear,-,100% viscose,viscose,100,0,cellulosic,viscose,made in India; single colourway listing; US price $9100; house lists under jackets-blazers+outerwear; assigned by garment
Balmain,HH1HL040CG72,Balmain Paris shirt in cotton poplin,https://us.balmain.com/en-us/products/balmain-paris-shirt-in-cotton-poplin-white-hh1hl040cg720fb,shirts,polos-shirts,-,100% cotton,cotton,100,0,natural,cotton,made in Portugal; single colourway listing; US price $790
Balmain,FH1EG000BC90,Monogram jacquard T-shirt,https://us.balmain.com/en-us/products/monogram-jacquard-t-shirt-black-fh1eg000bc90gfe,tees-polos,t-shirts,-,95% cotton 5% elastane,cotton,95,5,blend,-,made in Portugal; single colourway listing; US price $590
Belstaff,100021,CIRCUIT JACKET,https://belstaff.com/en-us/products/circuit-jacket-black,outerwear,Jackets,-,Shell: 100% Polyamide,polyamide,100,0,synthetic,polyamide,2 colourway listings collapsed
Belstaff,100034,FIELDMASTER ICON JACKET,https://belstaff.com/en-us/products/fieldmaster-jacket-dark-navy,outerwear,Jackets,Icons;Waxed Jackets,Exterior: 100% Cotton,cotton,100,0,natural,cotton,-
Belstaff,100035,GANGSTER ICON JACKET,https://belstaff.com/en-us/products/gangster-jacket-1-black,outerwear,Jackets,Icons,Leather: 100% Calf,leather,100,0,natural,leather,-
Belstaff,100036,OUTLAW ICON JACKET,https://belstaff.com/en-us/products/outlaw-jacket-black,outerwear,Jackets,Icons,Exterior: 100% Calf,leather,100,0,natural,leather,-
Belstaff,100037,TRIALMASTER PANTHER ICON JACKET,https://belstaff.com/en-us/products/trialmaster-panther-jacket-black,outerwear,Jackets,Icons,Exterior: 100% Calf Leather,leather,100,0,natural,leather,-
Belstaff,100038,V RACER JACKET,https://belstaff.com/en-us/products/v-racer-jacket-black-1,outerwear,Jackets,-,Outer: 100% sheep leather,leather,100,0,natural,leather,-
Belstaff,100049,BELSTAFF SWEATSHIRT,https://belstaff.com/en-us/products/belstaff-sweatshirt-dark-ink,sweats,Sweatshirts,-,External Fabric: 100% Cotton,cotton,100,0,natural,cotton,3 colourway listings collapsed
Belstaff,100050,BELSTAFF FULL ZIP SWEATSHIRT,https://belstaff.com/en-us/products/belstaff-full-zip-sweatshirt-dark-ink,sweats,Sweatshirts,-,External Fabric: 100% Cotton,cotton,100,0,natural,cotton,-
Belstaff,100054,BELSTAFF LONG SLEEVED T-SHIRT,https://belstaff.com/en-us/products/belstaff-long-sleeved-t-shirt-dark-sand,tees-polos,T-Shirts,-,Main material: 100% Cotton,cotton,100,0,natural,cotton,-
Belstaff,100055,BELSTAFF T-SHIRT,https://belstaff.com/en-us/products/belstaff-t-shirt-silver-birch,tees-polos,T-Shirts,-,Main material: 100% Cotton,cotton,100,0,natural,cotton,2 colourway listings collapsed
Belstaff,100127,TEMPLE MOTORCYCLE JACKET,https://belstaff.com/en-us/products/temple-motorcycle-jacket-black,outerwear,Jackets,-,Belstaff technical nylon,polyamide,ND,ND,synthetic,-,"named fibre(s), no percentage published; lead = first-named fibre; 2 colourway listings collapsed"
Belstaff,100150,ARIEL MOTORCYCLE JACKET,https://belstaff.com/en-us/products/ariel-motorcycle-jacket-black,outerwear,Jackets,Waxed Jackets,ND,ND,ND,ND,undisclosed,-,"Millerain technical waxed cotton named as a cloth with no fibre split; the same cloth reads 65% polyester / 35% cotton on Crosby, Convoy, Ariel 104970 and Temple 104975, so not read as cotton"
Belstaff,101397,BELSTAFF LONG SLEEVED POLO,https://belstaff.com/en-us/products/belstaff-long-sleeved-polo-2-dark-ink,tees-polos,Polo Shirts,-,100% Cotton,cotton,100,0,natural,cotton,2 colourway listings collapsed
Belstaff,101516,BELSTAFF POLO,https://belstaff.com/en-us/products/belstaff-polo-dusk-pink-1,tees-polos,Polo Shirts,-,"Body: 100% Cotton, Rib: 100% Cotton",cotton,100,0,natural,cotton,-
Belstaff,102936,WATCH ZIP CARDIGAN,https://belstaff.com/en-us/products/watch-zip-cardigan-dark-ink,knitwear,Cardigans,-,100% wool,wool,100,0,natural,wool,3 colourway listings collapsed
Belstaff,102937,WATCH CREWNECK JUMPER,https://belstaff.com/en-us/products/watch-crewneck-jumper-black,knitwear,Jumpers,-,100% wool,wool,100,0,natural,wool,3 colourway listings collapsed
Belstaff,103001,BELSTAFF QUARTER ZIP SWEATSHIRT,https://belstaff.com/en-us/products/belstaff-quarter-zip-sweatshirt-silver-birch,sweats,Sweatshirts,-,Main material: 100% Cotton,cotton,100,0,natural,cotton,-
Belstaff,103855,MANSION MOTORCYCLE SHIRT,https://belstaff.com/en-us/products/mansion-shirt-black,shirts,Shirts,-,high tenacity polyester cotton canvas shell (description),polyester,ND,ND,blend,-,"named fibre(s), no percentage published; lead = first-named fibre; 2 colourway listings collapsed"
Belstaff,104160,RACEMASTER ICON JACKET,https://belstaff.com/en-us/products/racemaster-jacket-faded-olive-2,outerwear,Jackets,Icons;Waxed Jackets,100% cotton,cotton,100,0,natural,cotton,3 colourway listings collapsed
Belstaff,104304,BELSTAFF SWEATPANT,https://belstaff.com/en-us/products/belstaff-sweatpants-black-1,sweats,Sweatpants,-,100% cotton,cotton,100,0,natural,cotton,2 colourway listings collapsed
Belstaff,104305,BELSTAFF SWEATSHORTS,https://belstaff.com/en-us/products/belstaff-sweatshorts-black-1,shorts,Shorts,-,100% cotton,cotton,100,0,natural,cotton,2 colourway listings collapsed
Belstaff,104429,PENDULUM JACKET,https://belstaff.com/en-us/products/pendulum-jacket-dark-ink,outerwear,Jackets,-,"Shell Face: 90% Polyester, 10% Elastane",polyester,90,10,synthetic,-,-
Belstaff,104515,WATCH ROLLNECK JUMPER,https://belstaff.com/en-us/products/watch-rollneck-jumper-pale-stone,knitwear,Jumpers,-,100% Wool,wool,100,0,natural,wool,-
Belstaff,104537,SCALE SHIRT,https://belstaff.com/en-us/products/scale-shirt-black,shirts,Shirts,-,100% Cotton,cotton,100,0,natural,cotton,2 colourway listings collapsed
Belstaff,104544,WILDER JACKET,https://belstaff.com/en-us/products/wilder-jacket-ebony-dark-sandstone,outerwear,Jackets,-,"Body: 100% Dyed lambskin, Trims: Cow leather",leather,100,0,natural,leather,-
Belstaff,104691,TRIALMASTER MOTORCYCLE JACKET,https://belstaff.com/en-us/products/trialmaster-motorcycle-jacket-olive-green-1,outerwear,Jackets,Icons;Waxed Jackets,"52% cotton, 48% polyester",cotton,52,0,blend,-,3 colourway listings collapsed
Belstaff,104768,SCALE SHORT SLEEVE SHIRT,https://belstaff.com/en-us/products/scale-short-sleeve-shirt-dark-ink,shirts,Shirts,-,100% Cotton,cotton,100,0,natural,cotton,2 colourway listings collapsed
Belstaff,104898,CONVOY MOTORCYCLE JACKET,https://belstaff.com/en-us/products/convoy-jacket-black,outerwear,Jackets,Waxed Jackets,"65% polyester, 35% cotton",polyester,65,0,blend,-,-
Belstaff,104903,VANGUARD MOTORCYCLE JACKET,https://belstaff.com/en-us/products/vanguard-jacket-black,outerwear,Jackets,-,100% cow leather,leather,100,0,natural,leather,-
Belstaff,104967,BROOKLANDS MOTORCYCLE JACKET,https://belstaff.com/en-us/products/brooklands-motorcycle-jacket-black,outerwear,Jackets,Waxed Jackets,"52% cotton, 48% polyester",cotton,52,0,blend,-,4 colourway listings collapsed
Belstaff,104968,CROSBY MOTORCYCLE JACKET,https://belstaff.com/en-us/products/crosby-motorcycle-jacket-black-1,outerwear,Jackets,Waxed Jackets,"65% polyester, 35% cotton",polyester,65,0,blend,-,4 colourway listings collapsed
Belstaff,104970,ARIEL MOTORCYCLE JACKET,https://belstaff.com/en-us/products/ariel-motorcycle-jacket-black-1,outerwear,Jackets,Waxed Jackets,"65% polyester, 35% cotton",polyester,65,0,blend,-,-
Belstaff,104975,TEMPLE MOTORCYCLE JACKET,https://belstaff.com/en-us/products/temple-jacket-waxed-cotton-black,outerwear,Jackets,Waxed Jackets,65% polyester 35% cotton,polyester,65,0,blend,-,-
Belstaff,104980,POPLAR MOTORCYCLE JEANS,https://belstaff.com/en-us/products/poplar-motorcycle-jeans-washed-indigo,denim,Jeans,-,"64% cotton, 12% polyamide, 2% lycra, 22% polyester",cotton,64,2,blend,-,-
Belstaff,104999,TIPPED POLO,https://belstaff.com/en-us/products/tipped-polo-black,tees-polos,Polo Shirts,-,"Body: 100% Cotton, Rib: 100% Cotton",cotton,100,0,natural,cotton,2 colourway listings collapsed
Belstaff,105237,ALLOY T-SHIRT,https://belstaff.com/en-us/products/alloy-t-shirt-black,tees-polos,T-Shirts,-,"Body: 96% Cotton, 4% Elastane",cotton,96,4,blend,-,5 colourway listings collapsed
Belstaff,105238,ALLOY QUARTER ZIP SWEATSHIRT,https://belstaff.com/en-us/products/alloy-quarter-zip-sweatshirt-black,sweats,Sweatshirts,-,Body: 100% Cotton,cotton,100,0,natural,cotton,-
Belstaff,105240,ALLOY POLO,https://belstaff.com/en-us/products/alloy-polo-black,tees-polos,Polo Shirts,-,"Body: 96% Cotton, 4% Elastane",cotton,96,4,blend,-,5 colourway listings collapsed
Belstaff,105292,MILFORD COAT,https://belstaff.com/en-us/products/milford-coat-black-2,outerwear,Coats,-,"Shell: 75% Wool, 20% Polyamide, 5% Cashmere",wool,75,0,blend,-,3 colourway listings collapsed
Belstaff,105293,CIRCUIT JACKET,https://belstaff.com/en-us/products/circuit-jacket-black-1,outerwear,Jackets,-,"Shell: 100% polyamide, Lining: 100% polyamide",polyamide,100,0,synthetic,polyamide,2 colourway listings collapsed
Belstaff,105294,CIRCUIT GILET,https://belstaff.com/en-us/products/circuit-gilet-black-1,outerwear,Gilets,-,"Shell: 100% polyamide, Lining: 100% polyamide",polyamide,100,0,synthetic,polyamide,2 colourway listings collapsed
Belstaff,105295,ICON GILET,https://belstaff.com/en-us/products/icon-gilet-black-1,outerwear,Gilets,Icons,"Shell: 100% polyester, Lining: 100% polyester, Filling: 100% polyester",polyester,100,0,synthetic,polyester,4 colourway listings collapsed
Belstaff,105300,FIELDMASTER JACKET,https://belstaff.com/en-us/products/fieldmaster-jacket-mid-blue,outerwear,Jackets,Icons;Waxed Jackets,6 oz. waxed cotton,cotton,ND,ND,natural,-,"named fibre(s), no percentage published; lead = first-named fibre; 4 colourway listings collapsed"
Belstaff,105301,GANGSTER ICON JACKET,https://belstaff.com/en-us/products/gangster-jacket-black-1,outerwear,Jackets,Icons,Shell: 100% cow leather,leather,100,0,natural,leather,-
Belstaff,105303,KELBROOK ZIP CARDIGAN,https://belstaff.com/en-us/products/kelbrook-zip-cardigan-black-3,knitwear,Cardigans,-,"Body: 100% wool, Woven: 100% polyester, Filling: 100% polyester",wool,100,0,natural,wool,2 colourway listings collapsed
Belstaff,105304,KERRIGAN CREWNECK JUMPER,https://belstaff.com/en-us/products/kerrigan-crewneck-jumper-black,knitwear,Jumpers,-,"Body: 100% wool, Woven: 100% polyester, Filling: 100% polyester",wool,100,0,natural,wool,3 colourway listings collapsed
Belstaff,105306,RACEMASTER ICON JACKET,https://belstaff.com/en-us/products/racemaster-jacket-oxblood-26,outerwear,Jackets,Icons;Waxed Jackets,6oz waxed cotton,cotton,ND,ND,natural,-,"named fibre(s), no percentage published; lead = first-named fibre; 4 colourway listings collapsed"
Belstaff,105310,TRIALMASTER JACKET,https://belstaff.com/en-us/products/trialmaster-jacket-oxblood,outerwear,Jackets,Icons;Waxed Jackets,"Shell: 100% Cotton, Body Lining: 100% Cotton",cotton,100,0,natural,cotton,4 colourway listings collapsed
Belstaff,105312,TRIALMASTER PANTHER ICON JACKET,https://belstaff.com/en-us/products/trialmaster-panther-jacket-black-2,outerwear,Jackets,Icons,Exterior: 100% Calf Leather,leather,100,0,natural,leather,-
Belstaff,105313,OUTLAW ICON JACKET,https://belstaff.com/en-us/products/outlaw-jacket-black-1,outerwear,Jackets,Icons,Shell: 100% Cow Leather,leather,100,0,natural,leather,-
Belstaff,105314,PENDULUM JACKET,https://belstaff.com/en-us/products/pendulum-jacket-black-1,outerwear,Jackets,-,"Shell Face: 90% Polyester, 10% Elastane",polyester,90,10,synthetic,-,3 colourway listings collapsed
Belstaff,105325,MILFORD PEACOAT,https://belstaff.com/en-us/products/milford-peacoat-ink-blue,outerwear,Coats,-,"Shell: 75% Wool, 20% Polyamide, 5% Cashmere",wool,75,0,blend,-,2 colourway listings collapsed
Belstaff,105376,BROOKLANDS MOTORCYCLE JACKET,https://belstaff.com/en-us/products/brooklands-motorcycle-jacket-antique-black-1,outerwear,Jackets,-,100% cow leather,leather,100,0,natural,leather,2 colourway listings collapsed
Belstaff,105377,TRIALMASTER MOTORCYCLE JACKET,https://belstaff.com/en-us/products/trialmaster-motorcycle-jacket-burnt-cuero-1,outerwear,Jackets,Icons,100% cow leather,leather,100,0,natural,leather,2 colourway listings collapsed
Belstaff,105428,RALLY SHORT,https://belstaff.com/en-us/products/rally-short-black,shorts,Shorts,-,Shell: 100% Cotton,cotton,100,0,natural,cotton,-
Belstaff,105437,PISTON TRUCKER JACKET,https://belstaff.com/en-us/products/piston-trucker-jacket-washed-black,outerwear,Jackets,-,Shell: 100% Cotton,cotton,100,0,natural,cotton,-
Belstaff,105443,MARKER JACKET,https://belstaff.com/en-us/products/marker-jacket-black,outerwear,Jackets,-,A full grain lamb leather with a tumbled finish,leather,ND,ND,natural,-,"named fibre(s), no percentage published; lead = first-named fibre"
Belstaff,105534,TAMAR MOTORCYCLE JACKET,https://belstaff.com/en-us/products/tamar-motorcycle-jacket-black,outerwear,Jackets,-,Armaflex 4-way stretch nylon; nylon polyurethane yarns (description),polyamide,ND,ND,synthetic,-,"named fibre(s), no percentage published; lead = first-named fibre; 2 colourway listings collapsed"
Belstaff,105580,ROBERTS MOTORCYCLE JACKET,https://belstaff.com/en-us/products/roberts-motorcycle-jacket-black-2,outerwear,Jackets,-,"Shell: 65% Polyester, 35% Cotton",polyester,65,0,blend,-,2 colourway listings collapsed
Belstaff,105581,MANSION MOTORCYCLE OVERSHIRT,https://belstaff.com/en-us/products/mansion-motorcycle-overshirt-belstaff-olive-black,shirts,Overshirts,-,"Shell: 47% Cotton, 20% Nylon, 16% Polyamide, 16% Polyester, 1% Elastane",cotton,47,1,blend,-,Nylon 20% + Polyamide 16% summed as polyamide 36%; cotton leads
Belstaff,105598,KELBY ZIP CARDIGAN,https://belstaff.com/en-us/products/kelby-zip-cardigan-black-3,knitwear,Cardigans,-,"Body: 100% Wool, Woven: 100% Polyester, Filling: 100% Polyester",wool,100,0,natural,wool,3 colourway listings collapsed
Belstaff,105599,KILMINGTON QUARTER ZIP JUMPER,https://belstaff.com/en-us/products/kilmington-quarter-zip-jumper-black-2,knitwear,Jumpers,-,"Body: 100% wool, Woven: 100% polyester, Filling: 100% polyester",wool,100,0,natural,wool,3 colourway listings collapsed
Belstaff,105803,SIDELINE JACKET,https://belstaff.com/en-us/products/sideline-jacket-faded-olive,outerwear,Jackets,Waxed Jackets,"Shell: 100% Cotton, Lining: 100% Cotton",cotton,100,0,natural,cotton,4 colourway listings collapsed
Belstaff,105804,GROUND JACKET,https://belstaff.com/en-us/products/ground-jacket-black,outerwear,Jackets,Waxed Jackets,"Shell: 100% Cotton, Lining: 100% Cotton",cotton,100,0,natural,cotton,4 colourway listings collapsed
Belstaff,105810,INCLINE JACKET,https://belstaff.com/en-us/products/incline-jacket-black,outerwear,Jackets,Waxed Jackets,"Shell: 100% Cotton, Body lining: 100% Cotton",cotton,100,0,natural,cotton,2 colourway listings collapsed
Belstaff,105816,CONTROL JACKET,https://belstaff.com/en-us/products/control-jacket-black,outerwear,Jackets,-,"Shell: 100% Nylon, Lining: 100% Nylon",polyamide,100,0,synthetic,polyamide,-
Belstaff,105830,PILOT JACKET,https://belstaff.com/en-us/products/pilot-jacket-black,outerwear,Jackets,-,Shell: Sheep Leather (Ovis Aries Aries),leather,ND,ND,natural,-,"named fibre(s), no percentage published; lead = first-named fibre"
Belstaff,105831,TRACK RACER,https://belstaff.com/en-us/products/track-racer-black,outerwear,Jackets,-,Main: Sheep leather,leather,ND,ND,natural,-,"named fibre(s), no percentage published; lead = first-named fibre"
Belstaff,105834,COMPETITOR JACKET,https://belstaff.com/en-us/products/competitor-jacket-black,outerwear,Jackets,-,Shell: 100% Cow leather,leather,100,0,natural,leather,-
Belstaff,105845,STREET SHIRT,https://belstaff.com/en-us/products/street-shirt-dark-ink,shirts,Shirts,-,100% Cotton,cotton,100,0,natural,cotton,3 colourway listings collapsed
Belstaff,105849,ROUTE CARGO,https://belstaff.com/en-us/products/route-cargo-black,trousers,Trousers,-,"Shell: 98% Cotton, 2% Elastane",cotton,98,2,blend,-,3 colourway listings collapsed
Belstaff,105852,B69 JEAN,https://belstaff.com/en-us/products/b69-jean-blue-black,denim,Jeans,-,Shell: 100% Cotton,cotton,100,0,natural,cotton,-
Belstaff,105858,KYLE POLO,https://belstaff.com/en-us/products/kyle-polo-black,knitwear,Jumpers,-,100% Extra fine merino wool,wool,100,0,natural,wool,2 colourway listings collapsed
Belstaff,105871,COMMANDER CREWNECK JUMPER,https://belstaff.com/en-us/products/commander-crewneck-jumper-black,knitwear,Jumpers,-,100% Compact organic cotton,cotton,100,0,natural,cotton,5 colourway listings collapsed
Belstaff,105872,COMMANDER QUARTER ZIP JUMPER,https://belstaff.com/en-us/products/commander-quarter-zip-jumper-black,knitwear,Jumpers,-,100% Compact organic cotton,cotton,100,0,natural,cotton,4 colourway listings collapsed
Belstaff,105882,CURATOR COLLARED SWEATSHIRT,https://belstaff.com/en-us/products/curator-collared-sweatshirt-silver-birch,sweats,Jumpers,-,"68% Supima cotton, 32% Cotton",cotton,100,0,natural,cotton,-
Belstaff,105883,CURATOR CREWNECK SWEATSHIRT,https://belstaff.com/en-us/products/curator-crewneck-sweatshirt-silver-birch,sweats,Sweatshirts,-,Supima Cotton,cotton,ND,ND,natural,-,"named fibre(s), no percentage published; lead = first-named fibre"
Belstaff,105884,CURATOR POLO,https://belstaff.com/en-us/products/curator-polo-dark-ink,tees-polos,Polo Shirts,-,100% Supima cotton,cotton,100,0,natural,cotton,4 colourway listings collapsed
Belstaff,105895,BORDER T-SHIRT,https://belstaff.com/en-us/products/border-t-shirt-black,tees-polos,T-Shirts,-,100% Cotton,cotton,100,0,natural,cotton,3 colourway listings collapsed
Belstaff,105905,COMPETITION CREWNECK JUMPER,https://belstaff.com/en-us/products/competition-crewneck-jumper-charcoal-melange,knitwear,Jumpers,-,100% Fine merino wool,wool,100,0,natural,wool,-
Belstaff,105945,WATCH QUARTER ZIP JUMPER,https://belstaff.com/en-us/products/watch-quarter-zip-jumper-black,knitwear,Jumpers,-,Body: 100% Extrafine merino wool,wool,100,0,natural,wool,2 colourway listings collapsed
Belstaff,105946,B48 JEAN,https://belstaff.com/en-us/products/b48-jean-washed-indigo,denim,Jeans,-,Shell: 100% Cotton,cotton,100,0,natural,cotton,-
Belstaff,105980,HUMBER MOTORCYCLE JACKET,https://belstaff.com/en-us/products/humber-motorcycle-jacket-olive-green,outerwear,Jackets,Waxed Jackets,"Shell: 52% Cotton, 48% Polyester",cotton,52,0,blend,-,2 colourway listings collapsed
Belstaff,106037,BELSTAFF LOGO T-SHIRT,https://belstaff.com/en-us/products/belstaff-logo-t-shirt-black,tees-polos,T-Shirts,-,Main material: 100% Cotton,cotton,100,0,natural,cotton,3 colourway listings collapsed
Belstaff,106039,STEEL T-SHIRT,https://belstaff.com/en-us/products/steel-t-shirt-dark-ink,tees-polos,T-Shirts,-,Main material: 100% Cotton,cotton,100,0,natural,cotton,4 colourway listings collapsed
Belstaff,106040,STEEL POLO,https://belstaff.com/en-us/products/steel-polo-dark-ink,tees-polos,Polo Shirts,-,Main material: 100% Mercerised cotton,cotton,100,0,natural,cotton,3 colourway listings collapsed
Belstaff,106065,B81 JEAN,https://belstaff.com/en-us/products/b81-jean-washed-indigo,denim,Jeans,-,"Shell: 99% Cotton, 1% Elastane",cotton,99,1,blend,-,-
Belstaff,106066,B81 JEAN,https://belstaff.com/en-us/products/b81-jean-washed-black,denim,Jeans,-,"Shell: 98% Cotton, 2% Elastane",cotton,98,2,blend,-,-
Belstaff,106077,B69 JEAN,https://belstaff.com/en-us/products/b69-jean-washed-indigo,denim,Jeans,-,"Shell: 99% Cotton, 1% Elastane",cotton,99,1,blend,-,-
Belstaff,106078,B69 JEAN,https://belstaff.com/en-us/products/b69-jean-washed-black,denim,Jeans,-,Shell: 100% Cotton,cotton,100,0,natural,cotton,-
Belstaff,106079,B69 JEAN,https://belstaff.com/en-us/products/b69-jean-light-wash-indigo,denim,Jeans,-,"Shell: 99% Cotton, 1% Elastane",cotton,99,1,blend,-,-
Belstaff,106101,CHASSIS GILET,https://belstaff.com/en-us/products/chassis-gilet-black,outerwear,Gilets,-,Body: 85% Polyamide (recycled) 15% Elastane,polyamide,85,15,synthetic,-,feed Material tag says Cotton; DETAILS composition used; 4 colourway listings collapsed
Belstaff,106105,CARGO OVERSHIRT,https://belstaff.com/en-us/products/cargo-overshirt-black,shirts,Overshirts,-,"72% cotton, 28% polyamide",cotton,72,0,blend,-,6 colourway listings collapsed
Belstaff,106107,CARRIER JACKET,https://belstaff.com/en-us/products/carrier-jacket-black,outerwear,Jackets,-,"Shell: 72% cotton, 28% polyamide",cotton,72,0,blend,-,-
Belstaff,106138,WATCH SWEATER LIGHT,https://belstaff.com/en-us/products/watch-sweater-light-lichen,knitwear,Jumpers,-,100% cotton,cotton,100,0,natural,cotton,-
Belstaff,106139,WATCH FULL ZIP LIGHT,https://belstaff.com/en-us/products/watch-full-zip-light-lichen,knitwear,Cardigans,-,100% cotton,cotton,100,0,natural,cotton,2 colourway listings collapsed
Belstaff,106165,STREET SHIRT,https://belstaff.com/en-us/products/street-shirt-dark-ink-1,shirts,Shirts,-,100% organic cotton,cotton,100,0,natural,cotton,4 colourway listings collapsed
Belstaff,106181,COAST KNITTED JUMPER,https://belstaff.com/en-us/products/coast-knitted-jumper-dark-ink,knitwear,Jumpers,-,"58% silk, 42% cotton",silk,58,0,natural,-,2 colourway listings collapsed
Belstaff,106183,COAST KNITTED POLO,https://belstaff.com/en-us/products/coast-knitted-polo-dark-ink-1,knitwear,Polo Shirts,-,"58% silk, 42% cotton",silk,58,0,natural,-,3 colourway listings collapsed
Belstaff,106243,COMPETITION T-SHIRT,https://belstaff.com/en-us/products/competition-t-shirt-black,tees-polos,T-Shirts,-,Main material: 100% cotton,cotton,100,0,natural,cotton,3 colourway listings collapsed
Belstaff,106246,CONTAINER OVERSHIRT,https://belstaff.com/en-us/products/container-overshirt-dark-ink,shirts,Overshirts,-,"72% cotton, 28% polyamide",cotton,72,0,blend,-,3 colourway listings collapsed
Belstaff,106282,3 PACK T-SHIRT,https://belstaff.com/en-us/products/3-pack-t-shirt-black-dark-ink-white,tees-polos,T-Shirts,-,100% cotton,cotton,100,0,natural,cotton,-
Belstaff,106342,CHASSIS JACKET,https://belstaff.com/en-us/products/chassis-jacket-dark-ink,outerwear,Jackets,-,"Body: 85% polyamide (recycled), 15% elastane",polyamide,85,15,synthetic,-,feed Material tag says Cotton; DETAILS composition used; 4 colourway listings collapsed
Belstaff,106346,B81 JEAN,https://belstaff.com/en-us/products/b81-jean-indigo,denim,Jeans,-,Shell: 99% cotton 1% elastane,cotton,99,1,blend,-,-
Belstaff,106376,BELSTAFF X REPRESENT RACE JACKET,https://belstaff.com/en-us/products/represent-race-jacket-black,outerwear,Jackets,-,Shell: 100% Cow Leather,leather,100,0,natural,leather,Belstaff x Represent collaboration
Belstaff,106378,B69 JEAN,https://belstaff.com/en-us/products/b69-jean-black,denim,Jeans,-,100% Cotton,cotton,100,0,natural,cotton,-
Belstaff,106379,B69 JEAN,https://belstaff.com/en-us/products/b69-jean-indigo,denim,Jeans,-,"Shell: 99% Cotton, 1% Elastane",cotton,99,1,blend,-,-
Belstaff,106380,SUPERSENIA COAT,https://belstaff.com/en-us/products/supersenia-coat-dark-fawn,outerwear,Coats,Phoenix collection,Italian cotton twill,cotton,ND,ND,natural,-,"named fibre(s), no percentage published; lead = first-named fibre"
Belstaff,106427,COMPOUND JACKET,https://belstaff.com/en-us/products/compound-jacket-petrol,outerwear,Jackets,-,750 fill power down filed nylon,polyamide,ND,ND,synthetic,-,"named fibre(s), no percentage published; lead = first-named fibre; 4 colourway listings collapsed"
Belstaff,106428,COMPOUND GILET,https://belstaff.com/en-us/products/compound-gilet-dark-ink,outerwear,Gilets,-,750 fill power down filed nylon,polyamide,ND,ND,synthetic,-,"named fibre(s), no percentage published; lead = first-named fibre; 4 colourway listings collapsed"
Belstaff,106429,ATLAS JACKET,https://belstaff.com/en-us/products/atlas-jacket-khaki-green,outerwear,Jackets,-,ND,ND,ND,ND,undisclosed,-,details name only the down fill (750 power down-filled); shell not stated; 2 colourway listings collapsed
Belstaff,106433,OVERLAND JACKET,https://belstaff.com/en-us/products/overland-jacket-atlantic-grey,outerwear,Jackets,-,compact technical cotton (description); Cotton,cotton,ND,ND,natural,-,"named fibre(s), no percentage published; lead = first-named fibre; 2 colourway listings collapsed"
Belstaff,106439,MARSH JACKET,https://belstaff.com/en-us/products/marsh-jacket-khaki-green,outerwear,Jackets,-,Shell: 70% Polyamide (Recycled) & 30% Polyamide,polyamide,100,0,synthetic,polyamide,2 colourway listings collapsed
Belstaff,106441,CHASE JACKET,https://belstaff.com/en-us/products/chase-jacket-petrol,outerwear,Jackets,-,Shell: 70% Polyamide (Recycled) 30% Polyamide,polyamide,100,0,synthetic,polyamide,2 colourway listings collapsed
Belstaff,106442,PEMBROKE JACKET,https://belstaff.com/en-us/products/pembroke-jacket-faded-olive,outerwear,Jackets,-,100% polyster (recycled),polyester,100,0,synthetic,polyester,3 colourway listings collapsed
Belstaff,106446,TRAIL OVERSHIRT,https://belstaff.com/en-us/products/trail-overshirt-charcoal-twill,shirts,Overshirts,-,crafted from wool (description),wool,ND,ND,natural,-,"named fibre(s), no percentage published; lead = first-named fibre"
Belstaff,106447,COMPETITOR JACKET,https://belstaff.com/en-us/products/competitor-jacket-dark-maple-brown,outerwear,Jackets,-,Shell: 100% Sheep leather,leather,100,0,natural,leather,-
Belstaff,106448,TRAIL JACKET,https://belstaff.com/en-us/products/trail-jacket-bark-26,outerwear,Jackets,-,goat suede (description),leather,ND,ND,natural,-,"named fibre(s), no percentage published; lead = first-named fibre; 2 colourway listings collapsed"
Belstaff,106450,NORTHWIND SHEARLING JACKET,https://belstaff.com/en-us/products/northwind-shearling-jacket-dark-maple-brown,outerwear,Jackets,-,English shearling with dense wool and fine-grain leather (description),leather,ND,ND,natural,-,"named fibre(s), no percentage published; lead = first-named fibre; 2 colourway listings collapsed"
Belstaff,106452,HIGHLAND SHEARLING JACKET,https://belstaff.com/en-us/products/highland-shearling-jacket-black,outerwear,Jackets,-,English shearling with dense wool and fine-grain leather (description),leather,ND,ND,natural,-,"named fibre(s), no percentage published; lead = first-named fibre; 2 colourway listings collapsed"
Belstaff,106453,COLDEN MERINO QUARTER ZIP,https://belstaff.com/en-us/products/colden-merino-quarter-zip-pale-stone,knitwear,Jumpers,-,Extra-fine merino,wool,ND,ND,natural,-,"named fibre(s), no percentage published; lead = first-named fibre; 3 colourway listings collapsed"
Belstaff,106454,COLDEN MERINO CREW NECK,https://belstaff.com/en-us/products/colden-merino-crew-neck-dark-ink,knitwear,Jumpers,-,Extra-fine merino,wool,ND,ND,natural,-,"named fibre(s), no percentage published; lead = first-named fibre; 3 colourway listings collapsed"
Belstaff,106462,COMMANDER FULL ZIP,https://belstaff.com/en-us/products/commander-full-zip-dark-ink,knitwear,Cardigans,-,certified organic mercerised cotton (description),cotton,ND,ND,natural,-,"named fibre(s), no percentage published; lead = first-named fibre; 3 colourway listings collapsed"
Belstaff,106466,WESTPORT QUARTER ZIP,https://belstaff.com/en-us/products/westport-q-zip-charcoal-melange,knitwear,Jumpers,-,Cotton Wool Cable Knit,cotton,ND,ND,natural,-,"named fibre(s), no percentage published; lead = first-named fibre; 3 colourway listings collapsed"
Belstaff,106467,WESTPORT CREW NECK,https://belstaff.com/en-us/products/westport-crew-neck-dark-ink,knitwear,Jumpers,-,Cotton Wool Cable Knit,cotton,ND,ND,natural,-,"named fibre(s), no percentage published; lead = first-named fibre; 4 colourway listings collapsed"
Belstaff,106469,COMPOUND CARDIGAN DOWN,https://belstaff.com/en-us/products/compound-cardigan-down-black,knitwear,Cardigans,-,ND,ND,ND,ND,undisclosed,-,details name only Down Fill; description names merino sleeves; body shell not stated; 3 colourway listings collapsed
Belstaff,106471,OUTPOST SHIRT COTTON HERRINGBONE,https://belstaff.com/en-us/products/outpost-shirt-cotton-herringbone-pale-stone,shirts,Shirts,-,Cotton Herringbone,cotton,ND,ND,natural,-,"named fibre(s), no percentage published; lead = first-named fibre; 3 colourway listings collapsed"
Belstaff,106472,OUTPOST SHIRT BRUSHED COTTON FLANNEL,https://belstaff.com/en-us/products/outpost-shirt-brushed-cotton-flannel-black,shirts,Shirts,-,100% Cotton,cotton,100,0,natural,cotton,2 colourway listings collapsed
Belstaff,106473,RAVINE COTTON CORDUROY,https://belstaff.com/en-us/products/ravine-cotton-corduroy-petrol,shirts,Shirts,-,"80%Cotton 20%, Recycled Polyester",cotton,80,0,blend,-,3 colourway listings collapsed
Belstaff,106479,PISTON TRUCKER JACKET,https://belstaff.com/en-us/products/piston-trucker-jacket-charcoal,outerwear,Jackets,-,ND,ND,ND,ND,undisclosed,-,washed denim (cloth name only)
Belstaff,106481,WINCHESTER JACKET,https://belstaff.com/en-us/products/winchester-jacket-dark-brown,outerwear,Jackets,Phoenix collection,Italian goat leather (description),leather,ND,ND,natural,-,"named fibre(s), no percentage published; lead = first-named fibre"
Belstaff,106482,BUXTON JACKET,https://belstaff.com/en-us/products/buxton-jacket-dark-brown,outerwear,Jackets,Phoenix collection,finest Italian lambskin and merino wool (description),leather,ND,ND,natural,-,"named fibre(s), no percentage published; lead = first-named fibre"
Belstaff,106487,LINCOLN QUARTER ZIP,https://belstaff.com/en-us/products/lincoln-q-zip-pale-stone,knitwear,Jumpers,Phoenix collection,wool-and-cashmere blend (description),wool,ND,ND,natural,-,"named fibre(s), no percentage published; lead = first-named fibre; 2 colourway listings collapsed"
Belstaff,106488,HARROW CABLE KNIT CREW,https://belstaff.com/en-us/products/harrow-cable-knit-crew-dusty-taupe,knitwear,Jumpers,Phoenix collection,"superfine, RWS-certified wool (description)",wool,ND,ND,natural,-,"named fibre(s), no percentage published; lead = first-named fibre; 2 colourway listings collapsed"
Belstaff,106489,CASTLE OVERSHIRT,https://belstaff.com/en-us/products/castle-overshirt-charcoal,shirts,Overshirts,Phoenix collection,"Shell: 100% Wool, Contrast: 100% Cotton",wool,100,0,natural,wool,2 colourway listings collapsed
Belstaff,106490,TRENTHAM TROUSER,https://belstaff.com/en-us/products/trentham-trouser-dusty-taupe,trousers,Trousers,Phoenix collection,cotton corduroy from the Duca Visconti di Modrone Mill (description),cotton,ND,ND,natural,-,"named fibre(s), no percentage published; lead = first-named fibre"
Belstaff,106491,COMPETITION MOMENTUM T-SHIRT NEW GRAPHIC,https://belstaff.com/en-us/products/competition-momentum-t-shirt-new-graphic-mist-blue,tees-polos,T-Shirts,-,100% Cotton,cotton,100,0,natural,cotton,2 colourway listings collapsed
Belstaff,106492,COMPETITION MOMENTUM HOODIE NEW GRAPHIC,https://belstaff.com/en-us/products/competition-momentum-hoodie-new-graphic-mist-blue,sweats,Hoodies,-,100% Cotton,cotton,100,0,natural,cotton,2 colourway listings collapsed
Belstaff,106493,COMPETITION LONGSLEEVE T SHIRT,https://belstaff.com/en-us/products/competition-longsleeve-t-shirt-mist-blue,tees-polos,T-Shirts,-,100% Cotton,cotton,100,0,natural,cotton,2 colourway listings collapsed
Belstaff,106494,COMPETITION SPRAY GRAPHIC KNIT,https://belstaff.com/en-us/products/competition-spray-graphic-knit-concrete,knitwear,Jumpers,-,wool and recycled fabrics (description),wool,ND,ND,blend,-,"named fibre(s), no percentage published; lead = first-named fibre"
Belstaff,106495,ALLOY TIPPED POLO,https://belstaff.com/en-us/products/alloy-tipped-polo-dark-ink,tees-polos,Polo Shirts,-,"96% Cotton, 4% Elastane",cotton,96,4,blend,-,2 colourway listings collapsed
Belstaff,106496,VALLEY GARMENT DYE SWEAT,https://belstaff.com/en-us/products/valley-garment-dye-sweat-khaki-green,sweats,Sweatshirts,-,100% Cotton,cotton,100,0,natural,cotton,3 colourway listings collapsed
Belstaff,106497,VALLEY GARMENT DYE T-SHIRT COTTON,https://belstaff.com/en-us/products/valley-garment-dye-t-shirt-cotton-washed-black,tees-polos,T-Shirts,-,100% Cotton,cotton,100,0,natural,cotton,3 colourway listings collapsed
Belstaff,106498,VALLEY GARMENT DYE POLO COTTON,https://belstaff.com/en-us/products/valley-garment-dye-polo-cotton-petrol,tees-polos,Polo Shirts,-,100% Cotton,cotton,100,0,natural,cotton,3 colourway listings collapsed
Belstaff,106502,CURATOR PIQUE T-SHIRT,https://belstaff.com/en-us/products/curator-pique-t-shirt-army-olive,tees-polos,T-Shirts,-,Supima Cotton,cotton,ND,ND,natural,-,"named fibre(s), no percentage published; lead = first-named fibre; 3 colourway listings collapsed"
Belstaff,106508,BLUR T-SHIRT COTTON,https://belstaff.com/en-us/products/blur-t-shirt-cotton-dark-ink,tees-polos,T-Shirts,-,100% Cotton,cotton,100,0,natural,cotton,5 colourway listings collapsed
Belstaff,106514,3 PACK T-SHIRT,https://belstaff.com/en-us/products/3-pack-t-shirt-olive-khaki-green-pale-stone,tees-polos,T-Shirts,-,100% cotton,cotton,100,0,natural,cotton,3 colourway listings collapsed
Belstaff,106515,COMPETITION HOODIE,https://belstaff.com/en-us/products/competition-hoodie-concrete,sweats,Hoodies,-,100% cotton,cotton,100,0,natural,cotton,-
Belstaff,106525,TRIALMASTER PANTHER JACKET,https://belstaff.com/en-us/products/trialmaster-panther-jacket-dark-dusty-taupe,outerwear,Jackets,-,hand-waxed leather (description),leather,ND,ND,natural,-,"named fibre(s), no percentage published; lead = first-named fibre"
Belstaff,106526,GANGSTER JACKET,https://belstaff.com/en-us/products/gangster-jacket-dark-dusty-taupe,outerwear,Jackets,-,"hand-waxed, water-resistant leather (description)",leather,ND,ND,natural,-,"named fibre(s), no percentage published; lead = first-named fibre"
Belstaff,106528,B81 JEAN,https://belstaff.com/en-us/products/b81-jean-black,denim,Jeans,-,"Shell: 99% & Cotton 1%, Elastane",cotton,99,1,blend,-,-
Belstaff,106529,B48 JEAN,https://belstaff.com/en-us/products/b48-jean-indigo,denim,Jeans,-,ND,ND,ND,ND,undisclosed,-,denim (cloth name only)
Belstaff,106537,VALVE CORD ZIP OVERSHIRT,https://belstaff.com/en-us/products/valve-cord-zip-overshirt-black,shirts,Overshirts,-,ND,ND,ND,ND,undisclosed,-,Garment Dye Corduroy (cloth name only); 2 colourway listings collapsed
Belstaff,106539,COLDEN KNITTED POLO,https://belstaff.com/en-us/products/colden-knitted-polo-black,knitwear,Polo Shirts,-,Extra-fine merino,wool,ND,ND,natural,-,"named fibre(s), no percentage published; lead = first-named fibre; 2 colourway listings collapsed"
Belstaff,106545,TOURER OVERSHIRT,https://belstaff.com/en-us/products/tourer-overshirt-petrol,shirts,Overshirts,-,100% Polyamide,polyamide,100,0,synthetic,polyamide,3 colourway listings collapsed
Belstaff,106550,WINTERBROOK JACKET,https://belstaff.com/en-us/products/winterbrook-jacket-dark-brown-sand,outerwear,Jackets,-,"Body: 100% Dyed lambskin, Trims: Cow leather",leather,100,0,natural,leather,-
Belstaff,106551,GARMENT DYE ASPECT CREW NECK,https://belstaff.com/en-us/products/garment-dye-aspect-crew-neck-khaki-green,knitwear,Jumpers,-,Italian merino wool (description),wool,ND,ND,natural,-,"named fibre(s), no percentage published; lead = first-named fibre; 2 colourway listings collapsed"
Belstaff,106552,GARMENT DYE ASPECT QUARTER ZIP,https://belstaff.com/en-us/products/garment-dye-aspect-q-zip-khaki-green,knitwear,Jumpers,-,100% extra fine merino wool mulesing free,wool,100,0,natural,wool,2 colourway listings collapsed
Belstaff,106553,GARMENT DYE ASPECT FULL ZIP,https://belstaff.com/en-us/products/garment-dye-aspect-full-zip-petrol,knitwear,Cardigans,-,resin-dyed merino wool (description),wool,ND,ND,natural,-,"named fibre(s), no percentage published; lead = first-named fibre; 2 colourway listings collapsed"
Belstaff,106554,CLIPPER SWIMSHORT,https://belstaff.com/en-us/products/clipper-swimshort-black-1,underwear-swim,Shorts,-,a mix of cotton and nylon (description),cotton,ND,ND,blend,-,"named fibre(s), no percentage published; lead = first-named fibre"
Belstaff,106555,TRAIL OVERSHIRT,https://belstaff.com/en-us/products/trail-overshirt-dark-ink,shirts,Overshirts,-,crafted from wool (description),wool,ND,ND,natural,-,"named fibre(s), no percentage published; lead = first-named fibre"
Belstaff,106564,TIPPED POLO,https://belstaff.com/en-us/products/tipped-polo-oxblood,tees-polos,Polo Shirts,-,"Body: 100% Cotton, Rib: 100% Cotton",cotton,100,0,natural,cotton,5 colourway listings collapsed
Belstaff,106565,BELSTAFF T-SHIRT,https://belstaff.com/en-us/products/belstaff-t-shirt-oxblood,tees-polos,T-Shirts,-,Main material: 100% Cotton,cotton,100,0,natural,cotton,9 colourway listings collapsed
Belstaff,106566,BELSTAFF LONG SLEEVED T-SHIRT,https://belstaff.com/en-us/products/belstaff-long-sleeved-t-shirt-pale-stone,tees-polos,T-Shirts,-,Main material: 100% Cotton,cotton,100,0,natural,cotton,6 colourway listings collapsed
Belstaff,106567,BELSTAFF LONG SLEEVED POLO,https://belstaff.com/en-us/products/belstaff-long-sleeved-polo-mist-blue,tees-polos,Polo Shirts,-,100% Cotton,cotton,100,0,natural,cotton,3 colourway listings collapsed
Belstaff,106568,BELSTAFF SWEATSHIRT,https://belstaff.com/en-us/products/belstaff-sweatshirt-mist-blue,sweats,Sweatshirts,-,Main material: 100% Cotton,cotton,100,0,natural,cotton,7 colourway listings collapsed
Belstaff,106570,BELSTAFF QUARTER ZIP SWEATSHIRT,https://belstaff.com/en-us/products/belstaff-quarter-zip-sweatshirt-oxblood,sweats,Sweatshirts,-,100% loopback cotton,cotton,100,0,natural,cotton,7 colourway listings collapsed
Belstaff,106571,BELSTAFF POLO,https://belstaff.com/en-us/products/belstaff-polo-pale-stone,tees-polos,Polo Shirts,-,"Body: 100% Cotton, Rib: 100% Cotton",cotton,100,0,natural,cotton,6 colourway listings collapsed
Belstaff,106572,BELSTAFF FULL ZIP HOODIE,https://belstaff.com/en-us/products/belstaff-full-zip-hoodie-atlantic-grey,sweats,Hoodies,-,External Fabric: 100% Cotton,cotton,100,0,natural,cotton,3 colourway listings collapsed
Belstaff,106573,BELSTAFF SWEATPANT,https://belstaff.com/en-us/products/belstaff-sweatpants-pale-stone,sweats,Sweatpants,-,100% cotton,cotton,100,0,natural,cotton,3 colourway listings collapsed
Belstaff,106574,BELSTAFF HOODIE,https://belstaff.com/en-us/products/belstaff-hoodie-oxblood,sweats,Hoodies,-,Cotton fleece,cotton,ND,ND,natural,-,"named fibre(s), no percentage published; lead = first-named fibre; 3 colourway listings collapsed"
Belstaff,106575,BELSTAFF FULL ZIP SWEATSHIRT,https://belstaff.com/en-us/products/belstaff-full-zip-sweatshirt-oxblood,sweats,Sweatshirts,-,External Fabric: 100% Cotton,cotton,100,0,natural,cotton,4 colourway listings collapsed
Belstaff,106576,BELSTAFF SWEATSHORTS,https://belstaff.com/en-us/products/belstaff-sweatshorts-mist-blue,shorts,Shorts,-,100% cotton,cotton,100,0,natural,cotton,3 colourway listings collapsed
Belstaff,106686,SNOWFIELD COAT,https://belstaff.com/en-us/products/snowfield-coat-dark-brown-sand,outerwear,Coats,-,"Body: 100% Dyed lambskin, Trims: Cow leather",leather,100,0,natural,leather,-
Belstaff,106737,CONSOLE MIXED MEDIA JACKET,https://belstaff.com/en-us/products/console-mixed-media-atlantic-grey,outerwear,Jackets,-,Milano Stitch 100% Cotton,cotton,100,0,natural,cotton,2 colourway listings collapsed
Belstaff,106790,MOUNT JACKET,https://belstaff.com/en-us/products/mount-jacket-black,outerwear,Jackets,Waxed Jackets,6oz. waxed cotton,cotton,ND,ND,natural,-,"named fibre(s), no percentage published; lead = first-named fibre; 2 colourway listings collapsed"
Belstaff,106848,3 PACK BOXER BRIEF SET,https://belstaff.com/en-us/products/3-pc-boxer-brief-set-black-1,underwear-swim,Underwear - M,-,"Main Composition: 95% Cotton, 5% Lyca",cotton,95,5,blend,-,2 colourway listings collapsed
Bogner,254-1120-9134,Corbin corduroy ski pants,https://www.bogner.com/en-us/p/bogner-sport-corbin-corduroy-ski-pants/254-1120-9134-268.html,trousers,Bottoms > Ski Pants,BOGNER Sport,"Shell 1 1. Layer: 88% Polyester, 12% Polyamide",polyester,88,0,synthetic,-,"main fabric line (Shell 1, 1. Layer) as written; full multi-part composition on PDP"
Bogner,254-1121-9796,Tim ski trousers,https://www.bogner.com/en-us/p/bogner-sport-tim-ski-trousers/254-1121-9796-753.html,trousers,Bottoms > Ski Pants,BOGNER Sport,"Shell 1 1. Layer: 92% Polyester, 8% Elastane",polyester,92,8,synthetic,-,"main fabric line (Shell 1, 1. Layer) as written; full multi-part composition on PDP"
Bogner,254-3107-8343,Minho down ski jacket,https://www.bogner.com/en-us/p/bogner-sport-minho-down-ski-jacket/254-3107-8343-026.html,outerwear,Outerwear > Ski Jackets,BOGNER Sport,"Shell 1 1. Layer: 77% Polyamide, 23% Elastane",polyamide,77,23,synthetic,-,2 colourway URLs collapsed
Bogner,254-3115-6269,Jervis down ski jacket,https://www.bogner.com/en-us/p/bogner-sport-jervis-down-ski-jacket/254-3115-6269-026.html,outerwear,Outerwear > Ski Jackets,BOGNER Sport,"Shell 1 1. Layer: 88% Polyamide, 12% Elastane",polyamide,88,12,synthetic,-,3 colourway URLs collapsed
Bogner,254-3116-6269,Henik down ski jacket,https://www.bogner.com/en-us/p/bogner-sport-henik-down-ski-jacket/254-3116-6269-268.html,outerwear,Outerwear > Ski Jackets,BOGNER Sport,"Shell 1 1. Layer: 88% Polyamide, 12% Elastane",polyamide,88,12,synthetic,-,"main fabric line (Shell 1, 1. Layer) as written; full multi-part composition on PDP"
Bogner,254-5109-9791,First Layer Chester,https://www.bogner.com/en-us/p/bogner-sport-first-layer-chester/254-5109-9791-026.html,other,First Layers,BOGNER Sport,"Shell 1 1. Layer: 84% Polyamide, 16% Elastane",polyamide,84,16,synthetic,-,"main fabric line (Shell 1, 1. Layer) as written; full multi-part composition on PDP"
Bogner,254-5116-9791,First Layer Jannik,https://www.bogner.com/en-us/p/bogner-sport-first-layer-jannik/254-5116-9791-554.html,other,First Layers,BOGNER Sport,"Shell 1 1. Layer: 84% Polyamide, 16% Elastane",polyamide,84,16,synthetic,-,"main fabric line (Shell 1, 1. Layer) as written; full multi-part composition on PDP"
Bogner,254-5116-9792,First Layer Jannik,https://www.bogner.com/en-us/p/bogner-sport-first-layer-jannik/254-5116-9792-753.html,other,First Layers,BOGNER Sport,"Shell 1 1. Layer: 77% Polyester, 23% Elastane",polyester,77,23,synthetic,-,"main fabric line (Shell 1, 1. Layer) as written; full multi-part composition on PDP"
Bogner,262-1201-7926,Denny cargo sweatshorts,https://www.bogner.com/en-us/p/bogner-sport-denny-cargo-sweatshorts/262-1201-7926-464.html,sweats,Sweatshirts / Sweatpants,BOGNER Sport,"Shell 1 1. Layer: 50% Cotton, 28% Polyester, 22% Elastane",cotton,50,22,blend,-,on sale $149; regular $250; 2 colourway URLs collapsed
Bogner,262-1202-7926,Alec sweatpants,https://www.bogner.com/en-us/p/bogner-sport-alec-sweatpants/262-1202-7926-464.html,sweats,Sweatshirts / Sweatpants,BOGNER Sport,"Shell 1 1. Layer: 50% Cotton, 28% Polyester, 22% Elastane",cotton,50,22,blend,-,on sale $175; regular $290; 2 colourway URLs collapsed
Bogner,262-1231-7861,Novak functional pants,https://www.bogner.com/en-us/p/bogner-sport-novak-functional-pants/262-1231-7861-770.html,trousers,Bottoms > Technical Pants,BOGNER Sport,Shell 1 1. Layer: 100% Elastomultiester,elastomultiester,100,0,synthetic,elastomultiester,on sale $149; regular $250; 2 colourway URLs collapsed
Bogner,262-1234-9373,Anjo functional pants,https://www.bogner.com/en-us/p/bogner-sport-anjo-functional-pants/262-1234-9373-464.html,trousers,Bottoms > Technical Pants,BOGNER Sport,Shell 1 1. Layer: 100% Polyester (Recycled),polyester,100,0,synthetic,polyester,on sale $149; regular $250; 2 colourway URLs collapsed
Bogner,262-1236-9373,Nahil functional pants,https://www.bogner.com/en-us/p/bogner-sport-nahil-functional-pants/262-1236-9373-464.html,trousers,Bottoms > Technical Pants,BOGNER Sport,Shell 1 1. Layer: 100% Polyester (Recycled),polyester,100,0,synthetic,polyester,on sale $175; regular $290; 2 colourway URLs collapsed
Bogner,262-1241-9432,Varan functional shorts,https://www.bogner.com/en-us/p/bogner-sport-varan-functional-shorts/262-1241-9432-464.html,shorts,Bottoms > Technical Pants,BOGNER Sport,"Shell 1 1. Layer: 83% Polyamide, 17% Elastane",polyamide,83,17,synthetic,-,on sale $149; regular $250
Bogner,262-1242-9373,Gordie functional shorts,https://www.bogner.com/en-us/p/bogner-sport-gordie-functional-shorts/262-1242-9373-349.html,shorts,Bottoms > Technical Pants,BOGNER Sport,Shell 1 1. Layer: 100% Polyester (Recycled),polyester,100,0,synthetic,polyester,on sale $129; regular $220; 3 colourway URLs collapsed
Bogner,262-1244-7861,Jeras functional shorts,https://www.bogner.com/en-us/p/bogner-sport-jeras-functional-shorts/262-1244-7861-770.html,shorts,Bottoms > Technical Pants,BOGNER Sport,Shell 1 1. Layer: 100% Elastomultiester,elastomultiester,100,0,synthetic,elastomultiester,on sale $129; regular $220
Bogner,262-1245-1278,Lanzo functional shorts,https://www.bogner.com/en-us/p/bogner-sport-lanzo-functional-shorts/262-1245-1278-464.html,shorts,Bottoms > Bermudas / Shorts,BOGNER Sport,"Shell 1 1. Layer: 85% Polyamide (Recycled), 15% Elastane",polyamide,85,15,synthetic,-,on sale $175; regular $290; 2 colourway URLs collapsed
Bogner,262-1246-9373,Warin functional shorts,https://www.bogner.com/en-us/p/bogner-sport-warin-functional-shorts/262-1246-9373-464.html,shorts,Bottoms > Technical Pants,BOGNER Sport,Shell 1 1. Layer: 100% Polyester (Recycled),polyester,100,0,synthetic,polyester,on sale $129; regular $220; 3 colourway URLs collapsed
Bogner,262-3221-1212,Hybrid jacket Aarin,https://www.bogner.com/en-us/p/bogner-sport-hybrid-jacket-aarin/262-3221-1212-464.html,outerwear,Outerwear > Technical Jackets,BOGNER Sport,"Shell 1 1. Layer: 82% Polyamide, 18% Elastane",polyamide,82,18,synthetic,-,on sale $415; regular $690
Bogner,262-3223-9418,Windbreaker Cagri,https://www.bogner.com/en-us/p/bogner-sport-windbreaker-cagri/262-3223-9418-777.html,outerwear,Outerwear > Technical Jackets,BOGNER Sport,Shell 1 1. Layer: 100% Polyester,polyester,100,0,synthetic,polyester,on sale $389; regular $650
Bogner,262-3224-9374,Bolek functional jacket,https://www.bogner.com/en-us/p/bogner-sport-bolek-functional-jacket/262-3224-9374-464.html,outerwear,Outerwear > Technical Jackets,BOGNER Sport,Shell 1 1. Layer: 100% Polyester,polyester,100,0,synthetic,polyester,on sale $389; regular $650
Bogner,262-3247-1213,Dane hybrid vest,https://www.bogner.com/en-us/p/bogner-sport-dane-hybrid-vest/262-3247-1213-464.html,outerwear,Outerwear > Vests,BOGNER Sport,Shell 1 1. Layer: 100% Polyester,polyester,100,0,synthetic,polyester,on sale $295; regular $490
Bogner,262-5203-9623,Arik functional short-sleeved top,https://www.bogner.com/en-us/p/bogner-sport-arik-functional-short-sleeved-top/262-5203-9623-753.html,tees-polos,T-Shirts / Polo Shirts,BOGNER Sport,"Shell 1 1. Layer: 96% Polyester, 4% Elastane",polyester,96,4,synthetic,-,on sale $119; regular $200; 3 colourway URLs collapsed
Bogner,262-5205-6844,Fabius functional short-sleeved top,https://www.bogner.com/en-us/p/bogner-sport-fabius-functional-short-sleeved-top/262-5205-6844-343.html,tees-polos,T-Shirts / Polo Shirts,BOGNER Sport,"Shell 1 1. Layer: 85% Polyester, 15% Elastane",polyester,85,15,synthetic,-,on sale $129; regular $220; 3 colourway URLs collapsed
Bogner,262-5206-1306,Jannes polo shirt,https://www.bogner.com/en-us/p/bogner-sport-jannes-polo-shirt/262-5206-1306-464.html,tees-polos,T-Shirts / Polo Shirts,BOGNER Sport,"Shell 1 1. Layer: 50% Cotton, 50% Polyamide",cotton,50,0,blend,-,on sale $129; regular $220
Bogner,262-5207-8061,Valentin functional short-sleeved top,https://www.bogner.com/en-us/p/bogner-sport-valentin-functional-short-sleeved-top/262-5207-8061-A91.html,tees-polos,T-Shirts / Polo Shirts,BOGNER Sport,"Shell 1 1. Layer: 85% Polyester, 15% Elastane",polyester,85,15,synthetic,-,on sale $149; regular $250; 2 colourway URLs collapsed
Bogner,262-5208-8061,Taron functional short-sleeved top,https://www.bogner.com/en-us/p/bogner-sport-taron-functional-short-sleeved-top/262-5208-8061-A21.html,tees-polos,T-Shirts / Polo Shirts,BOGNER Sport,"Shell 1 1. Layer: 85% Polyester, 15% Elastane",polyester,85,15,synthetic,-,on sale $129; regular $220; 2 colourway URLs collapsed
Bogner,262-5210-1352,Antonio functional short-sleeved top,https://www.bogner.com/en-us/p/bogner-sport-antonio-functional-short-sleeved-top/262-5210-1352-209.html,tees-polos,T-Shirts / Polo Shirts,BOGNER Sport,"Shell 1 1. Layer: 50% Polyamide, 50% Cotton",polyamide,50,0,blend,-,on sale $129; regular $220; 2 colourway URLs collapsed
Bogner,262-5211-6844,Cody functional short-sleeved top,https://www.bogner.com/en-us/p/bogner-sport-cody-functional-short-sleeved-top/262-5211-6844-209.html,tees-polos,T-Shirts / Polo Shirts,BOGNER Sport,"Shell 1 1. Layer: 85% Polyester, 15% Elastane",polyester,85,15,synthetic,-,on sale $119; regular $200; 4 colourway URLs collapsed
Bogner,262-5212-9507,Casimir functional short-sleeved top,https://www.bogner.com/en-us/p/bogner-sport-casimir-functional-short-sleeved-top/262-5212-9507-464.html,tees-polos,T-Shirts / Polo Shirts,BOGNER Sport,"Shell 1 1. Layer: 91% Polyester, 9% Elastane",polyester,91,9,synthetic,-,on sale $129; regular $220; 2 colourway URLs collapsed
Bogner,262-5218-9623,Cuno functional short-sleeved top,https://www.bogner.com/en-us/p/bogner-sport-cuno-functional-short-sleeved-top/262-5218-9623-770.html,tees-polos,T-Shirts / Polo Shirts,BOGNER Sport,"Shell 1 1. Layer: 96% Polyester, 4% Elastane",polyester,96,4,synthetic,-,on sale $129; regular $220; 2 colourway URLs collapsed
Bogner,262-8214-7926,Ernesto jersey jacket,https://www.bogner.com/en-us/p/bogner-sport-ernesto-jersey-jacket/262-8214-7926-753.html,sweats,Sweatshirts / Sweatpants,BOGNER Sport,"Shell 1 1. Layer: 50% Cotton, 28% Polyester, 22% Elastane",cotton,50,22,blend,-,on sale $269; regular $450
Bogner,262-8216-6531,Semir functional jacket,https://www.bogner.com/en-us/p/bogner-sport-semir-functional-jacket/262-8216-6531-464.html,outerwear,Outerwear > Technical Jackets,BOGNER Sport,"Shell 1 1. Layer: 90% Polyester, 10% Elastane",polyester,90,10,synthetic,-,on sale $235; regular $390
Bogner,262-8219-9432,Holke functional jacket,https://www.bogner.com/en-us/p/bogner-sport-holke-functional-jacket/262-8219-9432-349.html,outerwear,Outerwear > Technical Jackets,BOGNER Sport,"Shell 1 1. Layer: 83% Polyamide, 17% Elastane",polyamide,83,17,synthetic,-,on sale $355; regular $590
Bogner,262-8220-7268,Mahdi functional vest,https://www.bogner.com/en-us/p/bogner-sport-mahdi-functional-vest/262-8220-7268-464.html,outerwear,Outerwear > Vests,BOGNER Sport,"Shell 1 1. Layer: 88% Polyester, 12% Elastane",polyester,88,12,synthetic,-,on sale $189; regular $320
Bogner,262-8221-7268,Olan functional jacket,https://www.bogner.com/en-us/p/bogner-sport-olan-functional-jacket/262-8221-7268-181.html,outerwear,Outerwear > Technical Jackets,BOGNER Sport,"Shell 1 1. Layer: 88% Polyester, 12% Elastane",polyester,88,12,synthetic,-,on sale $235; regular $390; 2 colourway URLs collapsed
Bogner,262-8233-9522,Maxim knitted polo shirt,https://www.bogner.com/en-us/p/bogner-sport-maxim-knitted-polo-shirt/262-8233-9522-464.html,tees-polos,T-Shirts / Polo Shirts,BOGNER Sport,"Shell 1 1. Layer: 77% Viscose, 23% Polyester",viscose,77,0,blend,-,on sale $209; regular $350
Bogner,262-8234-8958,Levin pullover,https://www.bogner.com/en-us/p/bogner-sport-levin-pullover/262-8234-8958-464.html,knitwear,Knitwear,BOGNER Sport,"Shell 1 1. Layer: 60% Virgin wool, 40% Polyester",wool,60,0,blend,-,on sale $235; regular $390
Bogner,264-1113-9758,Firat Flannel Ski Pants,https://www.bogner.com/en-us/p/bogner-sport-firat-flannel-ski-pants/264-1113-9758-012.html,trousers,Bottoms > Ski Pants,BOGNER Sport,"Shell 1 1. Layer: 49% Polyester, 42% Viscose, 7% Virgin wool, 2% Elastane",polyester,49,2,blend,-,"main fabric line (Shell 1, 1. Layer) as written; full multi-part composition on PDP"
Bogner,264-1115-7505,Chace Sweatpants,https://www.bogner.com/en-us/p/bogner-sport-chace-sweatpants/264-1115-7505-764.html,sweats,Sweatshirts / Sweatpants,BOGNER Sport,"Shell 1 1. Layer: 94% Polyamide, 6% Elastane",polyamide,94,6,synthetic,-,2 colourway URLs collapsed
Bogner,264-1116-1951,Corven Cord Ski Pants,https://www.bogner.com/en-us/p/bogner-sport-corven-cord-ski-pants/264-1116-1951-850.html,trousers,Bottoms > Ski Pants,BOGNER Sport,Shell 1 1. Layer: 100% Polyester,polyester,100,0,synthetic,polyester,"main fabric line (Shell 1, 1. Layer) as written; full multi-part composition on PDP"
Bogner,264-1117-1909,Berke Ski Pants,https://www.bogner.com/en-us/p/bogner-sport-berke-ski-pants/264-1117-1909-268.html,trousers,Bottoms > Ski Pants,BOGNER Sport,Shell 1 1. Layer: 100% Polyester,polyester,100,0,synthetic,polyester,"main fabric line (Shell 1, 1. Layer) as written; full multi-part composition on PDP"
Bogner,264-1118-1905,Thore Ski Pants,https://www.bogner.com/en-us/p/bogner-sport-thore-ski-pants/264-1118-1905-026.html,trousers,Bottoms > Ski Pants,BOGNER Sport,"Shell 1 1. Layer: 88% Polyamide, 12% Elastane",polyamide,88,12,synthetic,-,3 colourway URLs collapsed
Bogner,264-1121-1905,Tim Ski Pants,https://www.bogner.com/en-us/p/bogner-sport-tim-ski-pants/264-1121-1905-026.html,trousers,Bottoms > Ski Pants,BOGNER Sport,"Shell 1 1. Layer: 88% Polyamide, 12% Elastane",polyamide,88,12,synthetic,-,5 colourway URLs collapsed
Bogner,264-1121-1906,Tim Ski Pants,https://www.bogner.com/en-us/p/bogner-sport-tim-ski-pants/264-1121-1906-753.html,trousers,Bottoms > Ski Pants,BOGNER Sport,"Shell 1 1. Layer: 88% Polyester, 12% Elastane",polyester,88,12,synthetic,-,"main fabric line (Shell 1, 1. Layer) as written; full multi-part composition on PDP"
Bogner,264-1121-2349,Tim Ski Pants,https://www.bogner.com/en-us/p/bogner-sport-tim-ski-pants/264-1121-2349-753.html,trousers,Bottoms > Ski Pants,BOGNER Sport,"Shell 1 1. Layer: 92% Polyester, 8% Elastane",polyester,92,8,synthetic,-,2 colourway URLs collapsed
Bogner,264-1123-1938,Jett Denim Ski Pants,https://www.bogner.com/en-us/p/bogner-sport-jett-denim-ski-pants/264-1123-1938-464.html,trousers,Bottoms > Ski Pants,BOGNER Sport,Shell 1 1. Layer: 100% Polyester,polyester,100,0,synthetic,polyester,"main fabric line (Shell 1, 1. Layer) as written; full multi-part composition on PDP"
Bogner,264-1146-1980,Bryan Flannel Pants,https://www.bogner.com/en-us/p/bogner-sport-bryan-flannel-pants/264-1146-1980-825.html,trousers,Sweatshirts / Sweatpants,BOGNER Sport,"Shell 1 1. Layer: 50% Viscose, 43% Polyester, 4% Elastane, 3% Polyamide",viscose,50,4,blend,-,"main fabric line (Shell 1, 1. Layer) as written; full multi-part composition on PDP"
Bogner,264-1148-1906,Bond Cargo Ski Pants,https://www.bogner.com/en-us/p/bogner-sport-bond-cargo-ski-pants/264-1148-1906-753.html,trousers,Bottoms > Ski Pants,BOGNER Sport,"Shell 1 1. Layer: 88% Polyester, 12% Elastane",polyester,88,12,synthetic,-,"main fabric line (Shell 1, 1. Layer) as written; full multi-part composition on PDP"
Bogner,264-1402-8372,Felipe Cord Ski Pants,https://www.bogner.com/en-us/p/fire-ice-felipe-cord-ski-pants/264-1402-8372-762.html,trousers,Bottoms > Ski Pants,FIRE+ICE,Shell 1 1. Layer: 100% Polyester,polyester,100,0,synthetic,polyester,"main fabric line (Shell 1, 1. Layer) as written; full multi-part composition on PDP"
Bogner,264-1415-1912,Aurel Functional Pants,https://www.bogner.com/en-us/p/fire-ice-aurel-functional-pants/264-1415-1912-762.html,trousers,Bottoms > Technical Pants,FIRE+ICE,Shell 1 1. Layer: 100% Polyester (Recycled),polyester,100,0,synthetic,polyester,2 colourway URLs collapsed
Bogner,264-1431-7240,Fadi Cotton Sweatpants,https://www.bogner.com/en-us/p/fire-ice-fadi-cotton-sweatpants/264-1431-7240-117.html,sweats,Sweatshirts / Sweatpants,FIRE+ICE,Shell 1 1. Layer: 100% Cotton,cotton,100,0,natural,cotton,2 colourway URLs collapsed
Bogner,264-1432-7575,Scott Ski Pants,https://www.bogner.com/en-us/p/fire-ice-scott-ski-pants/264-1432-7575-026.html,trousers,Bottoms > Ski Pants,FIRE+ICE,Shell 1 1. Layer: 100% Polyester (Recycled),polyester,100,0,synthetic,polyester,4 colourway URLs collapsed
Bogner,264-1433-9788,Broder Fleece Pants,https://www.bogner.com/en-us/p/fire-ice-broder-fleece-pants/264-1433-9788-026.html,sweats,Sweatshirts / Sweatpants,FIRE+ICE,"Shell 1 1. Layer: 76% Polyester (Recycled), 24% Polyester",polyester,100,0,synthetic,polyester,2 colourway URLs collapsed
Bogner,264-1436-2256,Solomun Ski Pants,https://www.bogner.com/en-us/p/fire-ice-solomun-ski-pants/264-1436-2256-026.html,trousers,Bottoms > Ski Pants,FIRE+ICE,"Shell 1 1. Layer: 84% Polyamide, 16% Elastane",polyamide,84,16,synthetic,-,3 colourway URLs collapsed
Bogner,264-1447-1132,Nic Ski Pants,https://www.bogner.com/en-us/p/fire-ice-nic-ski-pants/264-1447-1132-468.html,trousers,Bottoms > Ski Pants,FIRE+ICE,"Shell 1 1. Layer: 87% Polyamide, 13% Elastane",polyamide,87,13,synthetic,-,2 colourway URLs collapsed
Bogner,264-1448-8517,Pedro Cotton Sweatpants,https://www.bogner.com/en-us/p/fire-ice-pedro-cotton-sweatpants/264-1448-8517-026.html,sweats,Sweatshirts / Sweatpants,FIRE+ICE,Shell 1 1. Layer: 100% Cotton,cotton,100,0,natural,cotton,2 colourway URLs collapsed
Bogner,264-1811-9768,Riley Business wool mix pants,https://www.bogner.com/en-us/p/bogner-riley-business-wool-mix-pants/264-1811-9768-464.html,trousers,Bottoms > Casual Pants,BOGNER,"Shell 1 1. Layer: 43% Wool, 24% Polyester, 20% Polyamide, 12% Viscose, 1% Elastane",wool,43,1,blend,-,2 colourway URLs collapsed
Bogner,264-1814-1079,Boris Flannel Pants,https://www.bogner.com/en-us/p/bogner-boris-flannel-pants/264-1814-1079-464.html,trousers,Sweatshirts / Sweatpants,BOGNER,"Shell 1 1. Layer: 32% Polyester, 25% Polyamide, 25% Viscose, 14% Wool, 4% Elastane",polyester,32,4,blend,-,"main fabric line (Shell 1, 1. Layer) as written; full multi-part composition on PDP"
Bogner,264-1834-1897,Chinos Riley Casual,https://www.bogner.com/en-us/p/bogner-chinos-riley-casual/264-1834-1897-464.html,trousers,Bottoms > Casual Pants,BOGNER,"Shell 1 1. Layer: 57% Cotton, 38% Polyamide, 5% Elastane",cotton,57,5,blend,-,2 colourway URLs collapsed
Bogner,264-1839-2937,Sergio Virgin Wool-Blend Pants,https://www.bogner.com/en-us/p/bogner-sergio-virgin-wool-blend-pants/264-1839-2937-021.html,trousers,Bottoms > Casual Pants,BOGNER,"Shell 1 1. Layer: 99% Virgin wool, 1% Elastane",wool,99,1,blend,-,"main fabric line (Shell 1, 1. Layer) as written; full multi-part composition on PDP"
Bogner,264-1841-3611,Riley Casual Corduroy Pants,https://www.bogner.com/en-us/p/bogner-riley-casual-corduroy-pants/264-1841-3611-837.html,trousers,Bottoms > Casual Pants,BOGNER,"Shell 1 1. Layer: 98% Cotton, 2% Elastane",cotton,98,2,blend,-,"main fabric line (Shell 1, 1. Layer) as written; full multi-part composition on PDP"
Bogner,264-1843-6888,Bruno Cargo Pants,https://www.bogner.com/en-us/p/bogner-bruno-cargo-pants/264-1843-6888-026.html,trousers,Bottoms > Casual Pants,BOGNER,"Shell 1 1. Layer: 97% Cotton, 3% Elastane",cotton,97,3,blend,-,3 colourway URLs collapsed
Bogner,264-1858-3611,Travis Corduroy Pants,https://www.bogner.com/en-us/p/bogner-travis-corduroy-pants/264-1858-3611-820.html,trousers,Bottoms > Casual Pants,BOGNER,"Shell 1 1. Layer: 98% Cotton, 2% Elastane",cotton,98,2,blend,-,2 colourway URLs collapsed
Bogner,264-1870-5253,Shawn Sweatpants,https://www.bogner.com/en-us/p/bogner-shawn-sweatpants/264-1870-5253-778.html,sweats,Sweatshirts / Sweatpants,BOGNER,"Shell 1 1. Layer: 40% Cotton, 39% Modal, 13% Polyamide, 8% Elastane",cotton,40,8,blend,-,2 colourway URLs collapsed
Bogner,264-1871-1927,Barny corduroy pants,https://www.bogner.com/en-us/p/bogner-barny-corduroy-pants/264-1871-1927-778.html,trousers,Bottoms > Casual Pants,BOGNER,Shell 1 1. Layer: 100% Polyester,polyester,100,0,synthetic,polyester,"main fabric line (Shell 1, 1. Layer) as written; full multi-part composition on PDP"
Bogner,264-1876-1916,Lars knitted trousers,https://www.bogner.com/en-us/p/bogner-lars-knitted-trousers/264-1876-1916-464.html,trousers,Knitwear,BOGNER,"Shell 1 1. Layer: 89% Cotton, 6% Cashmere, 5% Polyamide",cotton,89,0,blend,-,"main fabric line (Shell 1, 1. Layer) as written; full multi-part composition on PDP"
Bogner,264-1881-5253,Fred Jersey Pants,https://www.bogner.com/en-us/p/bogner-fred-jersey-pants/264-1881-5253-837.html,sweats,Sweatshirts / Sweatpants,BOGNER,"Shell 1 1. Layer: 40% Cotton, 39% Modal, 13% Polyamide, 8% Elastane",cotton,40,8,blend,-,2 colourway URLs collapsed
Bogner,264-1883-6812,Willy Sweatpants,https://www.bogner.com/en-us/p/bogner-willy-sweatpants/264-1883-6812-021.html,sweats,Sweatshirts / Sweatpants,BOGNER,"Shell 1 1. Layer: 88% Cotton, 12% Polyester",cotton,88,0,blend,-,"main fabric line (Shell 1, 1. Layer) as written; full multi-part composition on PDP"
Bogner,264-3125-1905,Bahri Ski Jacket,https://www.bogner.com/en-us/p/bogner-sport-bahri-ski-jacket/264-3125-1905-268.html,outerwear,Outerwear > Ski Jackets,BOGNER Sport,"Shell 1 1. Layer: 88% Polyamide, 12% Elastane",polyamide,88,12,synthetic,-,2 colourway URLs collapsed
Bogner,264-3126-1909,Jasper Ski Jacket,https://www.bogner.com/en-us/p/bogner-sport-jasper-ski-jacket/264-3126-1909-268.html,outerwear,Outerwear > Ski Jackets,BOGNER Sport,Shell 1 1. Layer: 100% Polyester,polyester,100,0,synthetic,polyester,"main fabric line (Shell 1, 1. Layer) as written; full multi-part composition on PDP"
Bogner,264-3129-1905,Corsin Cord Ski Jacket,https://www.bogner.com/en-us/p/bogner-sport-corsin-cord-ski-jacket/264-3129-1905-850.html,outerwear,Outerwear > Ski Jackets,BOGNER Sport,"Shell 1 1. Layer: 88% Polyamide, 12% Elastane",polyamide,88,12,synthetic,-,"main fabric line (Shell 1, 1. Layer) as written; full multi-part composition on PDP"
Bogner,264-3131-1905,Camden Down Ski Jacket,https://www.bogner.com/en-us/p/bogner-sport-camden-down-ski-jacket/264-3131-1905-026.html,outerwear,Outerwear > Ski Jackets,BOGNER Sport,"Shell 1 1. Layer: 88% Polyamide, 12% Elastane",polyamide,88,12,synthetic,-,"main fabric line (Shell 1, 1. Layer) as written; full multi-part composition on PDP"
Bogner,264-3134-1905,Hennik Ski Jacket,https://www.bogner.com/en-us/p/bogner-sport-hennik-ski-jacket/264-3134-1905-026.html,outerwear,Outerwear > Ski Jackets,BOGNER Sport,"Shell 1 1. Layer: 88% Polyamide, 12% Elastane",polyamide,88,12,synthetic,-,"main fabric line (Shell 1, 1. Layer) as written; full multi-part composition on PDP"
Bogner,264-3134-1906,Hennik Ski Jacket,https://www.bogner.com/en-us/p/bogner-sport-hennik-ski-jacket/264-3134-1906-753.html,outerwear,Outerwear > Ski Jackets,BOGNER Sport,"Shell 1 1. Layer: 88% Polyester, 12% Elastane",polyester,88,12,synthetic,-,"main fabric line (Shell 1, 1. Layer) as written; full multi-part composition on PDP"
Bogner,264-3136-1905,Felis Ski Jacket,https://www.bogner.com/en-us/p/bogner-sport-felis-ski-jacket/264-3136-1905-368.html,outerwear,Outerwear > Ski Jackets,BOGNER Sport,"Shell 1 1. Layer: 88% Polyamide, 12% Elastane",polyamide,88,12,synthetic,-,3 colourway URLs collapsed
Bogner,264-3138-1905,Mace Down Jacket,https://www.bogner.com/en-us/p/bogner-sport-mace-down-jacket/264-3138-1905-764.html,outerwear,Outerwear > Down / Quilting,BOGNER Sport,"Shell 1 1. Layer: 88% Polyamide, 12% Elastane",polyamide,88,12,synthetic,-,"main fabric line (Shell 1, 1. Layer) as written; full multi-part composition on PDP"
Bogner,264-3139-9758,Flave Flannel Jacket,https://www.bogner.com/en-us/p/bogner-sport-flave-flannel-jacket/264-3139-9758-012.html,outerwear,Outerwear > Down / Quilting,BOGNER Sport,"Shell 1 1. Layer: 49% Polyester, 42% Viscose, 7% Virgin wool, 2% Elastane",polyester,49,2,blend,-,"main fabric line (Shell 1, 1. Layer) as written; full multi-part composition on PDP"
Bogner,264-3148-1906,Bond Ski Jacket,https://www.bogner.com/en-us/p/bogner-sport-bond-ski-jacket/264-3148-1906-753.html,outerwear,Outerwear > Ski Jackets,BOGNER Sport,"Shell 1 1. Layer: 88% Polyester, 12% Elastane",polyester,88,12,synthetic,-,"main fabric line (Shell 1, 1. Layer) as written; full multi-part composition on PDP"
Bogner,264-3401-8372,Flint Corduroy Ski Jacket,https://www.bogner.com/en-us/p/fire-ice-flint-corduroy-ski-jacket/264-3401-8372-762.html,outerwear,Outerwear > Ski Jackets,FIRE+ICE,Shell 1 1. Layer: 100% Polyester,polyester,100,0,synthetic,polyester,"main fabric line (Shell 1, 1. Layer) as written; full multi-part composition on PDP"
Bogner,264-3406-2256,Piaro Ski Jacket,https://www.bogner.com/en-us/p/fire-ice-piaro-ski-jacket/264-3406-2256-866.html,outerwear,Outerwear > Ski Jackets,FIRE+ICE,"Shell 1 1. Layer: 84% Polyamide, 16% Elastane",polyamide,84,16,synthetic,-,"main fabric line (Shell 1, 1. Layer) as written; full multi-part composition on PDP"
Bogner,264-3412-7575,Halor Ski Jacket,https://www.bogner.com/en-us/p/fire-ice-halor-ski-jacket/264-3412-7575-866.html,outerwear,Outerwear > Ski Jackets,FIRE+ICE,Shell 1 1. Layer: 100% Polyester (Recycled),polyester,100,0,synthetic,polyester,2 colourway URLs collapsed
Bogner,264-3418-9137,Tec-Yag Ski Jacket,https://www.bogner.com/en-us/p/fire-ice-tec-yag-ski-jacket/264-3418-9137-468.html,outerwear,Outerwear > Ski Jackets,FIRE+ICE,"Shell 1 1. Layer: 88% Polyamide, 12% Elastane",polyamide,88,12,synthetic,-,"main fabric line (Shell 1, 1. Layer) as written; full multi-part composition on PDP"
Bogner,264-3420-8370,Elvis Quilted Jacket,https://www.bogner.com/en-us/p/fire-ice-elvis-quilted-jacket/264-3420-8370-026.html,outerwear,Outerwear > Down / Quilting,FIRE+ICE,Shell 1 1. Layer: 100% Polyamide,polyamide,100,0,synthetic,polyamide,2 colourway URLs collapsed
Bogner,264-3422-1976,Yago Ski Jacket,https://www.bogner.com/en-us/p/fire-ice-yago-ski-jacket/264-3422-1976-866.html,outerwear,Outerwear > Ski Jackets,FIRE+ICE,Shell 1 1. Layer: 100% Polyester,polyester,100,0,synthetic,polyester,"main fabric line (Shell 1, 1. Layer) as written; full multi-part composition on PDP"
Bogner,264-3422-9893,Yago Ski Jacket,https://www.bogner.com/en-us/p/fire-ice-yago-ski-jacket/264-3422-9893-239.html,outerwear,Outerwear > Ski Jackets,FIRE+ICE,Shell 1 1. Layer: 100% Polyester,polyester,100,0,synthetic,polyester,"main fabric line (Shell 1, 1. Layer) as written; full multi-part composition on PDP"
Bogner,264-3426-1966,Luka Ski Jacket,https://www.bogner.com/en-us/p/fire-ice-luka-ski-jacket/264-3426-1966-866.html,outerwear,Outerwear > Ski Jackets,FIRE+ICE,Shell 1 1. Layer: 100% Polyamide (Recycled),polyamide,100,0,synthetic,polyamide,2 colourway URLs collapsed
Bogner,264-3426-8372,Luka Cord Ski Jacket,https://www.bogner.com/en-us/p/fire-ice-luka-cord-ski-jacket/264-3426-8372-762.html,outerwear,Outerwear > Ski Jackets,FIRE+ICE,Shell 1 1. Layer: 100% Polyester,polyester,100,0,synthetic,polyester,"main fabric line (Shell 1, 1. Layer) as written; full multi-part composition on PDP"
Bogner,264-3430-1966,Emilian Vest,https://www.bogner.com/en-us/p/fire-ice-emilian-vest/264-3430-1966-026.html,outerwear,Outerwear > Vests,FIRE+ICE,Shell 1 1. Layer: 100% Polyamide (Recycled),polyamide,100,0,synthetic,polyamide,"main fabric line (Shell 1, 1. Layer) as written; full multi-part composition on PDP"
Bogner,264-3432-9137,Gill Quilted Vest,https://www.bogner.com/en-us/p/fire-ice-gill-quilted-vest/264-3432-9137-468.html,outerwear,Outerwear > Down / Quilting,FIRE+ICE,"Shell 1 1. Layer: 88% Polyamide, 12% Elastane",polyamide,88,12,synthetic,-,"main fabric line (Shell 1, 1. Layer) as written; full multi-part composition on PDP"
Bogner,264-3441-1912,Jamal Quilted Jacket,https://www.bogner.com/en-us/p/fire-ice-jamal-quilted-jacket/264-3441-1912-468.html,outerwear,Outerwear > Down / Quilting,FIRE+ICE,Shell 1 1. Layer: 100% Polyester (Recycled),polyester,100,0,synthetic,polyester,"main fabric line (Shell 1, 1. Layer) as written; full multi-part composition on PDP"
Bogner,264-3803-1987,Jamy Down Jacket,https://www.bogner.com/en-us/p/bogner-jamy-down-jacket/264-3803-1987-464.html,outerwear,Outerwear > Down / Quilting,BOGNER,"Shell 1 1. Layer: 50% Wool, 34% Polyester, 15% Viscose, 1% Elastane",wool,50,1,blend,-,"main fabric line (Shell 1, 1. Layer) as written; full multi-part composition on PDP"
Bogner,264-3829-7593,Jamy Down Jacket,https://www.bogner.com/en-us/p/bogner-jamy-down-jacket/264-3829-7593-026.html,outerwear,Outerwear > Down / Quilting,BOGNER,Shell 1 1. Layer: 100% Polyamide,polyamide,100,0,synthetic,polyamide,3 colourway URLs collapsed
Bogner,264-3829-7710,Jamy Down Jacket,https://www.bogner.com/en-us/p/bogner-jamy-down-jacket/264-3829-7710-668.html,outerwear,Outerwear > Down / Quilting,BOGNER,Shell 1 1. Layer: 100% Polyamide,polyamide,100,0,synthetic,polyamide,"main fabric line (Shell 1, 1. Layer) as written; full multi-part composition on PDP"
Bogner,264-3834-2937,Kendo Virgin Wool Down Vest,https://www.bogner.com/en-us/p/bogner-kendo-virgin-wool-down-vest/264-3834-2937-021.html,outerwear,Outerwear > Down / Quilting,BOGNER,"Shell 1 1. Layer: 99% Virgin wool, 1% Elastane",wool,99,1,blend,-,"main fabric line (Shell 1, 1. Layer) as written; full multi-part composition on PDP"
Bogner,264-3835-7593,Jones Down Jacket,https://www.bogner.com/en-us/p/bogner-jones-down-jacket/264-3835-7593-026.html,outerwear,Outerwear > Down / Quilting,BOGNER,Shell 1 1. Layer: 100% Polyamide,polyamide,100,0,synthetic,polyamide,3 colourway URLs collapsed
Bogner,264-3840-7229,Clio lightweight down jacket,https://www.bogner.com/en-us/p/bogner-clio-lightweight-down-jacket/264-3840-7229-460.html,outerwear,Outerwear > Down / Quilting,BOGNER,"Shell 1 1. Layer: 87% Polyamide, 13% Elastane",polyamide,87,13,synthetic,-,"main fabric line (Shell 1, 1. Layer) as written; full multi-part composition on PDP"
Bogner,264-3845-7229,Clion Lightweight Down Vest,https://www.bogner.com/en-us/p/bogner-clion-lightweight-down-vest/264-3845-7229-869.html,outerwear,Outerwear > Down / Quilting,BOGNER,"Shell 1 1. Layer: 87% Polyamide, 13% Elastane",polyamide,87,13,synthetic,-,"main fabric line (Shell 1, 1. Layer) as written; full multi-part composition on PDP"
Bogner,264-3848-6549,Lasse Lightweight Down Vest,https://www.bogner.com/en-us/p/bogner-lasse-lightweight-down-vest/264-3848-6549-460.html,outerwear,Outerwear > Down / Quilting,BOGNER,"Shell 1 1. Layer: 55% Polyamide, 45% Polyamide (Recycled)",polyamide,100,0,synthetic,polyamide,"main fabric line (Shell 1, 1. Layer) as written; full multi-part composition on PDP"
Bogner,264-3849-6549,Liman lightweight down jacket,https://www.bogner.com/en-us/p/bogner-liman-lightweight-down-jacket/264-3849-6549-460.html,outerwear,Outerwear > Down / Quilting,BOGNER,"Shell 1 1. Layer: 55% Polyamide, 45% Polyamide (Recycled)",polyamide,100,0,synthetic,polyamide,"main fabric line (Shell 1, 1. Layer) as written; full multi-part composition on PDP"
Bogner,264-3856-5234,Rosso Lambskin Vest,https://www.bogner.com/en-us/p/bogner-rosso-lambskin-vest/264-3856-5234-025.html,outerwear,Outerwear > Vests,BOGNER,Shell 1 1. Layer: 100% Lamb,leather,100,0,natural,leather,"main fabric line (Shell 1, 1. Layer) as written; full multi-part composition on PDP"
Bogner,264-3857-3860,Aleco Quilted Leather Jacket,https://www.bogner.com/en-us/p/bogner-aleco-quilted-leather-jacket/264-3857-3860-025.html,outerwear,Outerwear > Down / Quilting,BOGNER,Shell 1 1. Layer: 100% Lamb,leather,100,0,natural,leather,"main fabric line (Shell 1, 1. Layer) as written; full multi-part composition on PDP"
Bogner,264-3858-8400,Luis Short Coat,https://www.bogner.com/en-us/p/bogner-luis-short-coat/264-3858-8400-460.html,outerwear,Outerwear > Coats,BOGNER,"Shell 1 1. Layer: 94% Polyamide, 6% Elastane",polyamide,94,6,synthetic,-,"main fabric line (Shell 1, 1. Layer) as written; full multi-part composition on PDP"
Bogner,264-3860-1999,Teryl Virgin Wool Blouson,https://www.bogner.com/en-us/p/bogner-teryl-virgin-wool-blouson/264-3860-1999-820.html,outerwear,Outerwear > Transitional Jackets,BOGNER,Shell 1 1. Layer: 100% Virgin wool,wool,100,0,natural,wool,"main fabric line (Shell 1, 1. Layer) as written; full multi-part composition on PDP"
Bogner,264-3861-6856,Hugh Down Jacket,https://www.bogner.com/en-us/p/bogner-hugh-down-jacket/264-3861-6856-017.html,outerwear,Outerwear > Down / Quilting,BOGNER,"Shell 1 1. Layer: 55% Polyamide, 45% Polyamide (Recycled)",polyamide,100,0,synthetic,polyamide,3 colourway URLs collapsed
Bogner,264-3864-6856,Holger Down Vest,https://www.bogner.com/en-us/p/bogner-holger-down-vest/264-3864-6856-017.html,outerwear,Outerwear > Down / Quilting,BOGNER,"Shell 1 1. Layer: 55% Polyamide, 45% Polyamide (Recycled)",polyamide,100,0,synthetic,polyamide,3 colourway URLs collapsed
Bogner,264-3866-6856,Herby Down Jacket,https://www.bogner.com/en-us/p/bogner-herby-down-jacket/264-3866-6856-460.html,outerwear,Outerwear > Down / Quilting,BOGNER,"Shell 1 1. Layer: 55% Polyamide, 45% Polyamide (Recycled)",polyamide,100,0,synthetic,polyamide,"main fabric line (Shell 1, 1. Layer) as written; full multi-part composition on PDP"
Bogner,264-3867-1738,Parka Franky,https://www.bogner.com/en-us/p/bogner-parka-franky/264-3867-1738-464.html,outerwear,Outerwear > Coats,BOGNER,Shell 1 1. Layer: 100% Polyamide,polyamide,100,0,synthetic,polyamide,"main fabric line (Shell 1, 1. Layer) as written; full multi-part composition on PDP"
Bogner,264-3869-1986,Peter Down Jacket,https://www.bogner.com/en-us/p/bogner-peter-down-jacket/264-3869-1986-026.html,outerwear,Outerwear > Down / Quilting,BOGNER,Shell 1 1. Layer: 100% Polyamide,polyamide,100,0,synthetic,polyamide,"main fabric line (Shell 1, 1. Layer) as written; full multi-part composition on PDP"
Bogner,264-3874-1899,Bert Corduroy Down Jacket,https://www.bogner.com/en-us/p/bogner-bert-corduroy-down-jacket/264-3874-1899-464.html,outerwear,Outerwear > Down / Quilting,BOGNER,"Shell 1 1. Layer: 61% Polyamide, 39% Polyester",polyamide,61,0,synthetic,-,2 colourway URLs collapsed
Bogner,264-3876-1897,Twill jacket Mirco,https://www.bogner.com/en-us/p/bogner-twill-jacket-mirco/264-3876-1897-778.html,outerwear,Outerwear > Transitional Jackets,BOGNER,"Shell 1 1. Layer: 57% Cotton, 38% Polyamide, 5% Elastane",cotton,57,5,blend,-,"main fabric line (Shell 1, 1. Layer) as written; full multi-part composition on PDP"
Bogner,264-3883-9844,Mirco Double-Faced Wool Shirt Jacket,https://www.bogner.com/en-us/p/bogner-mirco-double-faced-wool-shirt-jacket/264-3883-9844-820.html,outerwear,Outerwear > Transitional Jackets,BOGNER,Shell 1 1. Layer: 100% Wool,wool,100,0,natural,wool,2 colourway URLs collapsed
Bogner,264-3884-2937,Milan Virgin Wool Blend Jacket,https://www.bogner.com/en-us/p/bogner-milan-virgin-wool-blend-jacket/264-3884-2937-021.html,outerwear,Outerwear > Transitional Jackets,BOGNER,"Shell 1 1. Layer: 99% Virgin wool, 1% Elastane",wool,99,1,blend,-,"main fabric line (Shell 1, 1. Layer) as written; full multi-part composition on PDP"
Bogner,264-3893-9315,Wool overshirt Blanco,https://www.bogner.com/en-us/p/bogner-wool-overshirt-blanco/264-3893-9315-464.html,outerwear,Outerwear > Transitional Jackets,BOGNER,Shell 1 1. Layer: 100% Wool,wool,100,0,natural,wool,"main fabric line (Shell 1, 1. Layer) as written; full multi-part composition on PDP"
Bogner,264-3894-1225,Enzo knitted vest,https://www.bogner.com/en-us/p/bogner-enzo-knitted-vest/264-3894-1225-464.html,knitwear,Knitwear,BOGNER,Shell 1 1. Layer: 100% Virgin wool,wool,100,0,natural,wool,"main fabric line (Shell 1, 1. Layer) as written; full multi-part composition on PDP"
Bogner,264-3899-9768,Olli wool mix shirt jacket,https://www.bogner.com/en-us/p/bogner-olli-wool-mix-shirt-jacket/264-3899-9768-464.html,outerwear,Outerwear > Transitional Jackets,BOGNER,"Shell 1 1. Layer: 43% Wool, 24% Polyester, 20% Polyamide, 12% Viscose, 1% Elastane",wool,43,1,blend,-,"main fabric line (Shell 1, 1. Layer) as written; full multi-part composition on PDP"
Bogner,264-4130-5226,Soan Lambskin Coat,https://www.bogner.com/en-us/p/bogner-sport-soan-lambskin-coat/264-4130-5226-764.html,outerwear,Outerwear > Coats,BOGNER Sport,Shell 1 1. Layer: 100% Lamb,leather,100,0,natural,leather,"main fabric line (Shell 1, 1. Layer) as written; full multi-part composition on PDP"
Bogner,264-4415-1966,Walt Down Coat,https://www.bogner.com/en-us/p/fire-ice-walt-down-coat/264-4415-1966-468.html,outerwear,Outerwear > Down / Quilting,FIRE+ICE,Shell 1 1. Layer: 100% Polyamide (Recycled),polyamide,100,0,synthetic,polyamide,2 colourway URLs collapsed
Bogner,264-4822-7212,Tilo Reversible Coat,https://www.bogner.com/en-us/p/bogner-tilo-reversible-coat/264-4822-7212-895.html,outerwear,Outerwear > Coats,BOGNER,"Shell 1 1. Layer: 95% Virgin wool, 5% Cashmere",wool,95,0,natural,-,"main fabric line (Shell 1, 1. Layer) as written; full multi-part composition on PDP"
Bogner,264-4823-8356,Erico Down Coat,https://www.bogner.com/en-us/p/bogner-erico-down-coat/264-4823-8356-026.html,outerwear,Outerwear > Down / Quilting,BOGNER,Shell 1 1. Layer: 100% Polyamide,polyamide,100,0,synthetic,polyamide,"main fabric line (Shell 1, 1. Layer) as written; full multi-part composition on PDP"
Bogner,264-5101-2261,First Layer Harry,https://www.bogner.com/en-us/p/bogner-sport-first-layer-harry/264-5101-2261-368.html,other,First Layers,BOGNER Sport,"Shell 1 1. Layer: 80% Polyamide, 20% Elastane",polyamide,80,20,synthetic,-,7 colourway URLs collapsed
Bogner,264-5101-4887,Harry Fleece Base Layer,https://www.bogner.com/en-us/p/bogner-sport-harry-fleece-base-layer/264-5101-4887-026.html,other,First Layers,BOGNER Sport,Shell 1 1. Layer: 100% Polyester,polyester,100,0,synthetic,polyester,"main fabric line (Shell 1, 1. Layer) as written; full multi-part composition on PDP"
Bogner,264-5115-2269,First Layer Verti,https://www.bogner.com/en-us/p/bogner-sport-first-layer-verti/264-5115-2269-O41.html,other,First Layers,BOGNER Sport,"Shell 1 1. Layer: 80% Polyester, 20% Elastane",polyester,80,20,synthetic,-,4 colourway URLs collapsed
Bogner,264-5122-2273,First Layer Ferdi,https://www.bogner.com/en-us/p/bogner-sport-first-layer-ferdi/264-5122-2273-268.html,other,First Layers,BOGNER Sport,"Shell 1 1. Layer: 95% Polyester, 5% Elastane",polyester,95,5,synthetic,-,"main fabric line (Shell 1, 1. Layer) as written; full multi-part composition on PDP"
Bogner,264-5123-2261,First Layer Jerick,https://www.bogner.com/en-us/p/bogner-sport-first-layer-jerick/264-5123-2261-464.html,other,First Layers,BOGNER Sport,"Shell 1 1. Layer: 80% Polyamide, 20% Elastane",polyamide,80,20,synthetic,-,2 colourway URLs collapsed
Bogner,264-5123-2262,First Layer Jerick,https://www.bogner.com/en-us/p/bogner-sport-first-layer-jerick/264-5123-2262-753.html,other,First Layers,BOGNER Sport,"Shell 1 1. Layer: 84% Polyester, 16% Elastane",polyester,84,16,synthetic,-,"main fabric line (Shell 1, 1. Layer) as written; full multi-part composition on PDP"
Bogner,264-5124-2261,First Layer Tarion,https://www.bogner.com/en-us/p/bogner-sport-first-layer-tarion/264-5124-2261-268.html,other,T-Shirts / Polo Shirts,BOGNER Sport,"Shell 1 1. Layer: 80% Polyamide, 20% Elastane",polyamide,80,20,synthetic,-,"main fabric line (Shell 1, 1. Layer) as written; full multi-part composition on PDP"
Bogner,264-5126-4887,Harvey Fleece Base Layer,https://www.bogner.com/en-us/p/bogner-sport-harvey-fleece-base-layer/264-5126-4887-764.html,other,First Layers,BOGNER Sport,Shell 1 1. Layer: 100% Polyester,polyester,100,0,synthetic,polyester,3 colourway URLs collapsed
Bogner,264-5127-1996,First Layer Eliot,https://www.bogner.com/en-us/p/bogner-sport-first-layer-eliot/264-5127-1996-026.html,other,First Layers,BOGNER Sport,"Shell 1 1. Layer: 78% Polyester, 22% Elastane",polyester,78,22,synthetic,-,"main fabric line (Shell 1, 1. Layer) as written; full multi-part composition on PDP"
Bogner,264-5128-2261,First Layer Clark,https://www.bogner.com/en-us/p/bogner-sport-first-layer-clark/264-5128-2261-464.html,other,First Layers,BOGNER Sport,"Shell 1 1. Layer: 80% Polyamide, 20% Elastane",polyamide,80,20,synthetic,-,2 colourway URLs collapsed
Bogner,264-5129-9228,First Layer Marino,https://www.bogner.com/en-us/p/bogner-sport-first-layer-marino/264-5129-9228-026.html,other,First Layers,BOGNER Sport,"Shell 1 1. Layer: 72% Lyocell, 25% Virgin wool, 3% Elastane",lyocell,72,3,blend,-,"main fabric line (Shell 1, 1. Layer) as written; full multi-part composition on PDP"
Bogner,264-5148-2261,First Layer Bond,https://www.bogner.com/en-us/p/bogner-sport-first-layer-bond/264-5148-2261-026.html,other,First Layers,BOGNER Sport,"Shell 1 1. Layer: 80% Polyamide, 20% Elastane",polyamide,80,20,synthetic,-,"main fabric line (Shell 1, 1. Layer) as written; full multi-part composition on PDP"
Bogner,264-5403-4946,First Layer Phil,https://www.bogner.com/en-us/p/fire-ice-first-layer-phil/264-5403-4946-468.html,other,First Layers,FIRE+ICE,"Shell 1 1. Layer: 85% Polyester, 15% Elastane",polyester,85,15,synthetic,-,3 colourway URLs collapsed
Bogner,264-5407-9766,First Layer Premo,https://www.bogner.com/en-us/p/fire-ice-first-layer-premo/264-5407-9766-468.html,other,First Layers,FIRE+ICE,"Shell 1 1. Layer: 85% Polyester, 15% Elastane",polyester,85,15,synthetic,-,"main fabric line (Shell 1, 1. Layer) as written; full multi-part composition on PDP"
Bogner,264-5409-2304,First Layer Pascal,https://www.bogner.com/en-us/p/fire-ice-first-layer-pascal/264-5409-2304-A23.html,other,First Layers,FIRE+ICE,"Shell 1 1. Layer: 80% Polyester, 20% Elastane",polyester,80,20,synthetic,-,2 colourway URLs collapsed
Bogner,264-5409-4946,First Layer Pascal,https://www.bogner.com/en-us/p/fire-ice-first-layer-pascal/264-5409-4946-239.html,other,First Layers,FIRE+ICE,"Shell 1 1. Layer: 85% Polyester, 15% Elastane",polyester,85,15,synthetic,-,6 colourway URLs collapsed
Bogner,264-5409-7751,First Layer Pascal,https://www.bogner.com/en-us/p/fire-ice-first-layer-pascal/264-5409-7751-A59.html,other,First Layers,FIRE+ICE,"Shell 1 1. Layer: 80% Polyester, 20% Elastane",polyester,80,20,synthetic,-,3 colourway URLs collapsed
Bogner,264-5434-9760,Mick Cotton T-shirt,https://www.bogner.com/en-us/p/fire-ice-mick-cotton-t-shirt/264-5434-9760-117.html,tees-polos,T-Shirts / Polo Shirts,FIRE+ICE,Shell 1 1. Layer: 100% Cotton,cotton,100,0,natural,cotton,"main fabric line (Shell 1, 1. Layer) as written; full multi-part composition on PDP"
Bogner,264-5435-9760,Mick Cotton T-shirt,https://www.bogner.com/en-us/p/fire-ice-mick-cotton-t-shirt/264-5435-9760-468.html,tees-polos,T-Shirts / Polo Shirts,FIRE+ICE,Shell 1 1. Layer: 100% Cotton,cotton,100,0,natural,cotton,2 colourway URLs collapsed
Bogner,264-5800-9178,Cotton T-shirt Lukas,https://www.bogner.com/en-us/p/bogner-cotton-t-shirt-lukas/264-5800-9178-464.html,tees-polos,T-Shirts / Polo Shirts,BOGNER,Shell 1 1. Layer: 100% Cotton,cotton,100,0,natural,cotton,"main fabric line (Shell 1, 1. Layer) as written; full multi-part composition on PDP"
Bogner,264-5801-2727,Timo piqué polo shirt,https://www.bogner.com/en-us/p/bogner-timo-pique-polo-shirt/264-5801-2727-464.html,tees-polos,T-Shirts / Polo Shirts,BOGNER,"Shell 1 1. Layer: 51% Cotton, 45% Polyester, 4% Elastane",cotton,51,4,blend,-,2 colourway URLs collapsed
Bogner,264-5802-1919,Zane polo shirt,https://www.bogner.com/en-us/p/bogner-zane-polo-shirt/264-5802-1919-869.html,tees-polos,T-Shirts / Polo Shirts,BOGNER,Shell 1 1. Layer: 100% Cotton,cotton,100,0,natural,cotton,2 colourway URLs collapsed
Bogner,264-5804-9497,Xaver jersey jacket,https://www.bogner.com/en-us/p/bogner-xaver-jersey-jacket/264-5804-9497-464.html,sweats,Sweatshirts / Sweatpants,BOGNER,Shell 1 1. Layer: 100% Cotton,cotton,100,0,natural,cotton,"main fabric line (Shell 1, 1. Layer) as written; full multi-part composition on PDP"
Bogner,264-5807-1924,Franz Cotton Shirt,https://www.bogner.com/en-us/p/bogner-franz-cotton-shirt/264-5807-1924-464.html,shirts,Shirts,BOGNER,Shell 1 1. Layer: 100% Cotton,cotton,100,0,natural,cotton,2 colourway URLs collapsed
Bogner,264-5812-2727,Timo piqué polo shirt,https://www.bogner.com/en-us/p/bogner-timo-pique-polo-shirt/264-5812-2727-778.html,tees-polos,T-Shirts / Polo Shirts,BOGNER,"Shell 1 1. Layer: 51% Cotton, 45% Polyester, 4% Elastane",cotton,51,4,blend,-,2 colourway URLs collapsed
Bogner,264-5819-2199,Ryan T-shirt,https://www.bogner.com/en-us/p/bogner-ryan-t-shirt/264-5819-2199-464.html,tees-polos,T-Shirts / Polo Shirts,BOGNER,"Shell 1 1. Layer: 92% Cotton, 8% Elastane",cotton,92,8,blend,-,2 colourway URLs collapsed
Bogner,264-5819-9178,Cotton T-shirt Ryan,https://www.bogner.com/en-us/p/bogner-cotton-t-shirt-ryan/264-5819-9178-869.html,tees-polos,T-Shirts / Polo Shirts,BOGNER,Shell 1 1. Layer: 100% Cotton,cotton,100,0,natural,cotton,"main fabric line (Shell 1, 1. Layer) as written; full multi-part composition on PDP"
Bogner,264-5823-1924,Arvid Cotton Long-Sleeve Shirt,https://www.bogner.com/en-us/p/bogner-arvid-cotton-long-sleeve-shirt/264-5823-1924-464.html,tees-polos,T-Shirts / Polo Shirts,BOGNER,Shell 1 1. Layer: 100% Cotton,cotton,100,0,natural,cotton,2 colourway URLs collapsed
Bogner,264-5827-2168,Bailey polo long-sleeved top,https://www.bogner.com/en-us/p/bogner-bailey-polo-long-sleeved-top/264-5827-2168-837.html,tees-polos,T-Shirts / Polo Shirts,BOGNER,"Shell 1 1. Layer: 62% Cotton, 38% Lyocell",cotton,62,0,blend,-,2 colourway URLs collapsed
Bogner,264-5832-2936,Timo piqué polo shirt,https://www.bogner.com/en-us/p/bogner-timo-pique-polo-shirt/264-5832-2936-S46.html,tees-polos,T-Shirts / Polo Shirts,BOGNER,"Shell 1 1. Layer: 51% Cotton, 45% Polyester, 4% Elastane",cotton,51,4,blend,-,"main fabric line (Shell 1, 1. Layer) as written; full multi-part composition on PDP"
Bogner,264-5837-2727,Timon polo long-sleeved top,https://www.bogner.com/en-us/p/bogner-timon-polo-long-sleeved-top/264-5837-2727-251.html,tees-polos,T-Shirts / Polo Shirts,BOGNER,"Shell 1 1. Layer: 51% Cotton, 45% Polyester, 4% Elastane",cotton,51,4,blend,-,4 colourway URLs collapsed
Bogner,264-5872-1904,Heiko Flannel Shirt,https://www.bogner.com/en-us/p/bogner-heiko-flannel-shirt/264-5872-1904-778.html,shirts,Shirts,BOGNER,Shell 1 1. Layer: 100% Cotton,cotton,100,0,natural,cotton,"main fabric line (Shell 1, 1. Layer) as written; full multi-part composition on PDP"
Bogner,264-5882-1934,Hardy cotton shirt,https://www.bogner.com/en-us/p/bogner-hardy-cotton-shirt/264-5882-1934-464.html,shirts,Shirts,BOGNER,Shell 1 1. Layer: 100% Cotton,cotton,100,0,natural,cotton,2 colourway URLs collapsed
Bogner,264-5883-2299,Hardy Cotton Flannel Shirt,https://www.bogner.com/en-us/p/bogner-hardy-cotton-flannel-shirt/264-5883-2299-021.html,shirts,Shirts,BOGNER,Shell 1 1. Layer: 100% Cotton,cotton,100,0,natural,cotton,2 colourway URLs collapsed
Bogner,264-5887-3729,Benji Cashmere Shirt,https://www.bogner.com/en-us/p/bogner-benji-cashmere-shirt/264-5887-3729-017.html,shirts,Shirts,BOGNER,Shell 1 1. Layer: 100% Cashmere,cashmere,100,0,natural,cashmere,"main fabric line (Shell 1, 1. Layer) as written; full multi-part composition on PDP"
Bogner,264-5888-2937,Heiko Virgin Wool Shirt,https://www.bogner.com/en-us/p/bogner-heiko-virgin-wool-shirt/264-5888-2937-021.html,shirts,Shirts,BOGNER,"Shell 1 1. Layer: 99% Virgin wool, 1% Elastane",wool,99,1,blend,-,2 colourway URLs collapsed
Bogner,264-8121-2197,Curtiz Hybrid Midlayer,https://www.bogner.com/en-us/p/bogner-sport-curtiz-hybrid-midlayer/264-8121-2197-026.html,outerwear,Outerwear > Mid Layers,BOGNER Sport,"Shell 1 1. Layer: 66% Polyester, 21% Acrylic, 10% Virgin wool, 3% Elastane",polyester,66,3,blend,-,"main fabric line (Shell 1, 1. Layer) as written; full multi-part composition on PDP"
Bogner,264-8122-1980,Jannis Mid-Layer Hybrid Jacket,https://www.bogner.com/en-us/p/bogner-sport-jannis-mid-layer-hybrid-jacket/264-8122-1980-825.html,outerwear,Outerwear > Mid Layers,BOGNER Sport,"Shell 1 1. Layer: 50% Viscose, 43% Polyester, 4% Elastane, 3% Polyamide",viscose,50,4,blend,-,"main fabric line (Shell 1, 1. Layer) as written; full multi-part composition on PDP"
Bogner,264-8123-1761,Jackson Midlayer Jacket,https://www.bogner.com/en-us/p/bogner-sport-jackson-midlayer-jacket/264-8123-1761-464.html,outerwear,Outerwear > Mid Layers,BOGNER Sport,"Shell 1 1. Layer: 34% Polyester, 28% Polyamide, 18% Polyester (Recycled), 18% Cotton, 2% Elastane",polyester,52,2,blend,-,"main fabric line (Shell 1, 1. Layer) as written; full multi-part composition on PDP"
Bogner,264-8126-1960,Jarne Mid-Layer Down Jacket,https://www.bogner.com/en-us/p/bogner-sport-jarne-mid-layer-down-jacket/264-8126-1960-268.html,outerwear,Outerwear > Down / Quilting,BOGNER Sport,Shell 1 1. Layer: 100% Polyester (Recycled),polyester,100,0,synthetic,polyester,"main fabric line (Shell 1, 1. Layer) as written; full multi-part composition on PDP"
Bogner,264-8127-7741,Jarek Teddy Quilted Jacket,https://www.bogner.com/en-us/p/bogner-sport-jarek-teddy-quilted-jacket/264-8127-7741-268.html,outerwear,Outerwear > Down / Quilting,BOGNER Sport,Shell 1 1. Layer: 100% Polyamide (Recycled),polyamide,100,0,synthetic,polyamide,"main fabric line (Shell 1, 1. Layer) as written; full multi-part composition on PDP"
Bogner,264-8128-8302,Hayo Mid-Layer Jacket,https://www.bogner.com/en-us/p/bogner-sport-hayo-mid-layer-jacket/264-8128-8302-753.html,outerwear,Outerwear > Mid Layers,BOGNER Sport,"Shell 1 1. Layer: 93% Polyester, 7% Elastane",polyester,93,7,synthetic,-,2 colourway URLs collapsed
Bogner,264-8128-9188,Hayo Mid-Layer Jacket,https://www.bogner.com/en-us/p/bogner-sport-hayo-mid-layer-jacket/264-8128-9188-026.html,outerwear,Outerwear > Mid Layers,BOGNER Sport,"Shell 1 1. Layer: 91% Polyester, 9% Elastane",polyester,91,9,synthetic,-,"main fabric line (Shell 1, 1. Layer) as written; full multi-part composition on PDP"
Bogner,264-8129-5261,Gaston Mid-Layer Fleece Jacket,https://www.bogner.com/en-us/p/bogner-sport-gaston-mid-layer-fleece-jacket/264-8129-5261-850.html,outerwear,Outerwear > Mid Layers,BOGNER Sport,"Shell 1 1. Layer: 72% Polyester, 28% Viscose",polyester,72,0,blend,-,"main fabric line (Shell 1, 1. Layer) as written; full multi-part composition on PDP"
Bogner,264-8130-1984,Kristian Virgin Wool Blend Jacket,https://www.bogner.com/en-us/p/bogner-sport-kristian-virgin-wool-blend-jacket/264-8130-1984-753.html,outerwear,derived (no breadcrumb; Kristian jacket),BOGNER Sport,"Shell 1 1. Layer: 70% Polyester, 30% Virgin wool",polyester,70,0,blend,-,PDP carries no breadcrumb; listed in men clothing ItemList; category derived
Bogner,264-8135-9929,Kuno Pullover,https://www.bogner.com/en-us/p/bogner-sport-kuno-pullover/264-8135-9929-026.html,knitwear,Knitwear,BOGNER Sport,Shell 1 1. Layer: 100% Virgin wool,wool,100,0,natural,wool,"main fabric line (Shell 1, 1. Layer) as written; full multi-part composition on PDP"
Bogner,264-8137-9764,Ludi Cashmere Sweater,https://www.bogner.com/en-us/p/bogner-sport-ludi-cashmere-sweater/264-8137-9764-850.html,knitwear,Knitwear,BOGNER Sport,Shell 1 1. Layer: 100% Cashmere,cashmere,100,0,natural,cashmere,"main fabric line (Shell 1, 1. Layer) as written; full multi-part composition on PDP"
Bogner,264-8148-7741,Bond Midlayer Jacket,https://www.bogner.com/en-us/p/bogner-sport-bond-midlayer-jacket/264-8148-7741-753.html,outerwear,Outerwear > Mid Layers,BOGNER Sport,Shell 1 1. Layer: 100% Polyamide (Recycled),polyamide,100,0,synthetic,polyamide,"main fabric line (Shell 1, 1. Layer) as written; full multi-part composition on PDP"
Bogner,264-8409-8499,Laurens Knitted Turtleneck,https://www.bogner.com/en-us/p/fire-ice-laurens-knitted-turtleneck/264-8409-8499-026.html,knitwear,Knitwear,FIRE+ICE,"Shell 1 1. Layer: 50% Wool, 50% Acrylic",wool,50,0,blend,-,"main fabric line (Shell 1, 1. Layer) as written; full multi-part composition on PDP"
Bogner,264-8421-9788,Josh Mid-Layer Fleece Jacket,https://www.bogner.com/en-us/p/fire-ice-josh-mid-layer-fleece-jacket/264-8421-9788-468.html,sweats,Sweatshirts / Sweatpants,FIRE+ICE,"Shell 1 1. Layer: 76% Polyester (Recycled), 24% Polyester",polyester,100,0,synthetic,polyester,2 colourway URLs collapsed
Bogner,264-8427-2348,Banjan Mid-Layer Hybrid Jacket,https://www.bogner.com/en-us/p/fire-ice-banjan-mid-layer-hybrid-jacket/264-8427-2348-468.html,outerwear,Outerwear > Mid Layers,FIRE+ICE,Shell 1 1. Layer: 100% Polyester,polyester,100,0,synthetic,polyester,"main fabric line (Shell 1, 1. Layer) as written; full multi-part composition on PDP"
Bogner,264-8429-2348,Glenn Midlayer Jacket,https://www.bogner.com/en-us/p/fire-ice-glenn-midlayer-jacket/264-8429-2348-026.html,outerwear,Outerwear > Mid Layers,FIRE+ICE,Shell 1 1. Layer: 100% Polyester,polyester,100,0,synthetic,polyester,"main fabric line (Shell 1, 1. Layer) as written; full multi-part composition on PDP"
Bogner,264-8430-8517,Kristan Cotton Hoodie,https://www.bogner.com/en-us/p/fire-ice-kristan-cotton-hoodie/264-8430-8517-026.html,sweats,Sweatshirts / Sweatpants,FIRE+ICE,Shell 1 1. Layer: 100% Cotton,cotton,100,0,natural,cotton,2 colourway URLs collapsed
Bogner,264-8434-7240,Covell Cotton Hoodie,https://www.bogner.com/en-us/p/fire-ice-covell-cotton-hoodie/264-8434-7240-026.html,sweats,Sweatshirts / Sweatpants,FIRE+ICE,Shell 1 1. Layer: 100% Cotton,cotton,100,0,natural,cotton,6 colourway URLs collapsed
Bogner,264-8437-1741,Ilario Fleece Hoodie,https://www.bogner.com/en-us/p/fire-ice-ilario-fleece-hoodie/264-8437-1741-239.html,sweats,Knitwear,FIRE+ICE,"Shell 1 1. Layer: 64% Polyester, 36% Cotton",polyester,64,0,blend,-,2 colourway URLs collapsed
Bogner,264-8439-8517,Kano Cotton Jersey Jacket,https://www.bogner.com/en-us/p/fire-ice-kano-cotton-jersey-jacket/264-8439-8517-026.html,sweats,Sweatshirts / Sweatpants,FIRE+ICE,Shell 1 1. Layer: 100% Cotton,cotton,100,0,natural,cotton,2 colourway URLs collapsed
Bogner,264-8805-1927,Corduroy jacket Baxter,https://www.bogner.com/en-us/p/bogner-corduroy-jacket-baxter/264-8805-1927-778.html,outerwear,Outerwear > Transitional Jackets,BOGNER,Shell 1 1. Layer: 100% Polyester,polyester,100,0,synthetic,polyester,"main fabric line (Shell 1, 1. Layer) as written; full multi-part composition on PDP"
Bogner,264-8807-5253,Baker down jersey jacket,https://www.bogner.com/en-us/p/bogner-baker-down-jersey-jacket/264-8807-5253-464.html,sweats,Sweatshirts / Sweatpants,BOGNER,"Shell 1 1. Layer: 40% Cotton, 39% Modal, 13% Polyamide, 8% Elastane",cotton,40,8,blend,-,"main fabric line (Shell 1, 1. Layer) as written; full multi-part composition on PDP"
Bogner,264-8822-1916,Knit jacket Laros,https://www.bogner.com/en-us/p/bogner-knit-jacket-laros/264-8822-1916-464.html,knitwear,Knitwear,BOGNER,"Shell 1 1. Layer: 89% Cotton, 6% Cashmere, 5% Polyamide",cotton,89,0,blend,-,2 colourway URLs collapsed
Bogner,264-8823-5253,Forest Hoodie Jersey Jacket,https://www.bogner.com/en-us/p/bogner-forest-hoodie-jersey-jacket/264-8823-5253-464.html,sweats,Sweatshirts / Sweatpants,BOGNER,"Shell 1 1. Layer: 40% Cotton, 39% Modal, 13% Polyamide, 8% Elastane",cotton,40,8,blend,-,2 colourway URLs collapsed
Bogner,264-8825-6643,Hoodie Walker,https://www.bogner.com/en-us/p/bogner-hoodie-walker/264-8825-6643-021.html,sweats,Sweatshirts / Sweatpants,BOGNER,"Shell 1 1. Layer: 88% Cotton, 12% Polyester",cotton,88,0,blend,-,"main fabric line (Shell 1, 1. Layer) as written; full multi-part composition on PDP"
Bogner,264-8827-1079,Bradley Flannel Jacket,https://www.bogner.com/en-us/p/bogner-bradley-flannel-jacket/264-8827-1079-464.html,outerwear,Sweatshirts / Sweatpants,BOGNER,"Shell 1 1. Layer: 32% Polyester, 25% Polyamide, 25% Viscose, 14% Wool, 4% Elastane",polyester,32,4,blend,-,"main fabric line (Shell 1, 1. Layer) as written; full multi-part composition on PDP"
Bogner,264-8836-9426,Zisco Hybrid Knit Jacket,https://www.bogner.com/en-us/p/bogner-zisco-hybrid-knit-jacket/264-8836-9426-464.html,knitwear,Knitwear,BOGNER,Shell 1 1. Layer: 100% Wool,wool,100,0,natural,wool,"main fabric line (Shell 1, 1. Layer) as written; full multi-part composition on PDP"
Bogner,264-8845-1225,Virgin wool cardigan Everest,https://www.bogner.com/en-us/p/bogner-virgin-wool-cardigan-everest/264-8845-1225-464.html,knitwear,Knitwear,BOGNER,Shell 1 1. Layer: 100% Virgin wool,wool,100,0,natural,wool,"main fabric line (Shell 1, 1. Layer) as written; full multi-part composition on PDP"
Bogner,264-8848-1929,Garry knitted polo long-sleeved top,https://www.bogner.com/en-us/p/bogner-garry-knitted-polo-long-sleeved-top/264-8848-1929-464.html,tees-polos,T-Shirts / Polo Shirts,BOGNER,"Shell 1 1. Layer: 85% Cotton, 15% Cashmere",cotton,85,0,natural,-,"main fabric line (Shell 1, 1. Layer) as written; full multi-part composition on PDP"
Bogner,264-8850-1325,Pure new wool cashmere sweater,https://www.bogner.com/en-us/p/bogner-pure-new-wool-cashmere-sweater/264-8850-1325-464.html,knitwear,Knitwear,BOGNER,"Shell 1 1. Layer: 70% Virgin wool, 30% Cashmere",wool,70,0,natural,-,2 colourway URLs collapsed
Bogner,264-8852-9785,Merino Troyer Ouri,https://www.bogner.com/en-us/p/bogner-merino-troyer-ouri/264-8852-9785-464.html,knitwear,Knitwear,BOGNER,Shell 1 1. Layer: 100% Virgin wool,wool,100,0,natural,wool,2 colourway URLs collapsed
Bogner,264-8853-1933,Osaka merino shirt,https://www.bogner.com/en-us/p/bogner-osaka-merino-shirt/264-8853-1933-869.html,knitwear,Knitwear,BOGNER,Shell 1 1. Layer: 100% Virgin wool,wool,100,0,natural,wool,"main fabric line (Shell 1, 1. Layer) as written; full multi-part composition on PDP"
Bogner,264-8856-9764,Roxter Cashmere Sweater,https://www.bogner.com/en-us/p/bogner-roxter-cashmere-sweater/264-8856-9764-837.html,knitwear,Knitwear,BOGNER,Shell 1 1. Layer: 100% Cashmere,cashmere,100,0,natural,cashmere,4 colourway URLs collapsed
Bogner,264-8857-9764,"Walter, the Cashmere Sweater",https://www.bogner.com/en-us/p/bogner-walter-the-cashmere-sweater/264-8857-9764-464.html,knitwear,Knitwear,BOGNER,Shell 1 1. Layer: 100% Cashmere,cashmere,100,0,natural,cashmere,3 colourway URLs collapsed
Bogner,264-8860-9785,Ouri Virgin Wool Turtleneck,https://www.bogner.com/en-us/p/bogner-ouri-virgin-wool-turtleneck/264-8860-9785-464.html,knitwear,Knitwear,BOGNER,Shell 1 1. Layer: 100% Virgin wool,wool,100,0,natural,wool,3 colourway URLs collapsed
Bogner,264-8861-9785,Oscar Virgin Wool Knit Jacket,https://www.bogner.com/en-us/p/bogner-oscar-virgin-wool-knit-jacket/264-8861-9785-464.html,knitwear,Knitwear,BOGNER,Shell 1 1. Layer: 100% Virgin wool,wool,100,0,natural,wool,2 colourway URLs collapsed
Bogner,264-8863-1325,Gordon pure new wool and cashmere sweater,https://www.bogner.com/en-us/p/bogner-gordon-pure-new-wool-and-cashmere-sweater/264-8863-1325-021.html,knitwear,Knitwear,BOGNER,"Shell 1 1. Layer: 70% Virgin wool, 30% Cashmere",wool,70,0,natural,-,2 colourway URLs collapsed
Bogner,264-8865-9925,Yak Troyer Loris,https://www.bogner.com/en-us/p/bogner-yak-troyer-loris/264-8865-9925-017.html,knitwear,Knitwear,BOGNER,Shell 1 1. Layer: 100% Yak wool,yak,100,0,natural,yak,"main fabric line (Shell 1, 1. Layer) as written; full multi-part composition on PDP"
Bogner,264-8867-9764,Apollo Cashmere Sweater,https://www.bogner.com/en-us/p/bogner-apollo-cashmere-sweater/264-8867-9764-026.html,knitwear,Knitwear,BOGNER,Shell 1 1. Layer: 100% Cashmere,cashmere,100,0,natural,cashmere,"main fabric line (Shell 1, 1. Layer) as written; full multi-part composition on PDP"
Bogner,264-8868-9925,Eros Yak Pullover,https://www.bogner.com/en-us/p/bogner-eros-yak-pullover/264-8868-9925-017.html,knitwear,Knitwear,BOGNER,Shell 1 1. Layer: 100% Yak wool,yak,100,0,natural,yak,2 colourway URLs collapsed
Bogner,264-8882-9950,Dwayne Virgin Wool and Cashmere Turtleneck,https://www.bogner.com/en-us/p/bogner-dwayne-virgin-wool-and-cashmere-turtleneck/264-8882-9950-668.html,knitwear,Knitwear,BOGNER,"Shell 1 1. Layer: 70% Virgin wool, 30% Cashmere",wool,70,0,natural,-,3 colourway URLs collapsed
Carhartt WIP,I035614,OG Detroit Jacket (Winter),https://us.carhartt-wip.com/en-us/products/og-detroit-jacket-raven-black-stone-canvas-1129,outerwear,Jackets,Icons;OG,"100% Organic Cotton 'Dearborn' Canvas, 12 oz",cotton,100,0,natural,cotton,5 colourway listings on men-all feed; price $298-$328
Carhartt WIP,I037535,OG Detroit Jacket (Winter),https://us.carhartt-wip.com/en-us/products/og-detroit-jacket-black-black-marble-dark-worn-34,outerwear,Jackets,Icons;OG,"100% Cotton 'Smith' Denim, 13.5 oz",cotton,100,0,natural,cotton,5 colourway listings on men-all feed; price $298-$368
Carhartt WIP,I035310,Blevin Liner,https://us.carhartt-wip.com/en-us/products/blevin-liner-camo-feather-tree-black-1172,outerwear,Jackets,-,"100% Polyester Fleece, 9.1 oz",polyester,100,0,synthetic,polyester,3 colourway listings on men-all feed; price $208-$228
Carhartt WIP,I015264,Detroit Jacket (Winter),https://us.carhartt-wip.com/en-us/products/detroit-jacket-winter-tobacco-black-rigid-13,outerwear,Jackets,Icons,"100% Cotton 'Dearborn' Canvas, 11.3 oz",cotton,100,0,natural,cotton,4 colourway listings on men-all feed; price $265
Carhartt WIP,I037585,OG Cargo Pant,https://us.carhartt-wip.com/en-us/products/og-cargo-pant-cypress-stone-washed-44,trousers,Pants,OG,"100% Cotton 'Columbia' Ripstop, 6.5 oz",cotton,100,0,natural,cotton,2 colourway listings on men-all feed; price $138
Carhartt WIP,I033112,Detroit Jacket (Spring),https://us.carhartt-wip.com/en-us/products/detroit-jacket-black-black-rinsed-1743,outerwear,Jackets,Icons,"100% Cotton (organic, Dearborn Canvas)",cotton,100,0,natural,cotton,2 colourway listings on men-all feed; price $255
Carhartt WIP,I037168,Feather Tree T-Shirt,https://us.carhartt-wip.com/en-us/products/s-s-feather-tree-t-shirt-camo-feather-tree-khaki-shungite-garment-dyed-368,tees-polos,T-Shirts,-,"100% Organic Cotton Single Jersey, 235 g/sqm",cotton,100,0,natural,cotton,1 colourway listings on men-all feed; price $108
Carhartt WIP,I030780,Vista T-Shirt,https://us.carhartt-wip.com/en-us/products/s-s-vista-t-shirt-dark-scarab-garment-dyed-1379,tees-polos,T-Shirts,-,"100% Cotton Single Jersey, 230 g/sqm",cotton,100,0,natural,cotton,4 colourway listings on men-all feed; price $68
Carhartt WIP,I037581,OG Active Jacket (Winter),https://us.carhartt-wip.com/en-us/products/og-active-jacket-black-stone-washed-4,outerwear,Jackets,Icons;OG,"100% Cotton 'Smith' Denim, 13.5 oz",cotton,100,0,natural,cotton,4 colourway listings on men-all feed; price $298-$308
Carhartt WIP,I037261,Pennon T-Shirt,https://us.carhartt-wip.com/en-us/products/s-s-pennon-t-shirt-styx-162,tees-polos,T-Shirts,-,"100% Organic Cotton Single Jersey, 230 g/sqm",cotton,100,0,natural,cotton,3 colourway listings on men-all feed; price $58
Carhartt WIP,I037173,Long Sleeve Feather Tree T-Shirt,https://us.carhartt-wip.com/en-us/products/l-s-feather-tree-t-shirt-camo-feather-tree-khaki-shungite-garment-dyed-360,tees-polos,T-Shirts,-,"100% Organic Cotton Single Jersey, 235 g/sqm",cotton,100,0,natural,cotton,1 colourway listings on men-all feed; price $135
Carhartt WIP,I035893,Brandon Pant,https://us.carhartt-wip.com/en-us/products/brandon-pant-black-stone-washed-41,denim,Pants,-,"100% Cotton 'Smith' Denim, 13.5 oz",cotton,100,0,natural,cotton,11 colourway listings on men-all feed; price $118-$188
Carhartt WIP,I037224,Hooded Wiptopia II Sweatshirt,https://us.carhartt-wip.com/en-us/products/hooded-wiptopia-2-sweat-blue-270,sweats,Sweats,-,"80/20% Cotton/Polyester Sweat, 420 g/sqm",cotton,80,0,blend,-,2 colourway listings on men-all feed; price $165
Carhartt WIP,I037115,OG Loose Pocket T-Shirt,https://us.carhartt-wip.com/en-us/products/s-s-og-loose-pocket-t-shirt-ash-heather-453,tees-polos,T-Shirts,OG,"100% Organic Cotton Single Jersey, 230 g/sqm",cotton,100,0,natural,cotton,5 colourway listings on men-all feed; price $58
Carhartt WIP,I035304,Long Sleeve Vista Waffle T-Shirt,https://us.carhartt-wip.com/en-us/products/l-s-vista-waffle-t-shirt-tobacco-garment-dyed-1173,tees-polos,T-Shirts,-,"100% Cotton Waffle, 350 g/sqm",cotton,100,0,natural,cotton,4 colourway listings on men-all feed; price $108
Carhartt WIP,I037534,Payson Pant,https://us.carhartt-wip.com/en-us/products/payson-pant-blue-rigid-39,denim,Pants,-,"80/20% Cotton/Recycled Cotton 'Boston' Denim, 15.75 oz",cotton,80,0,natural,-,3 colourway listings on men-all feed; price $128-$165
Carhartt WIP,I032468,Aviation Cargo Pant,https://us.carhartt-wip.com/en-us/products/aviation-pant-black-rinsed-302,trousers,Pants,-,Columbia ripstop: 100% cotton,cotton,100,0,natural,cotton,4 colourway listings on men-all feed; price $158
Carhartt WIP,I034796,Double Knee Pant,https://us.carhartt-wip.com/en-us/products/double-knee-pant-wip-dusty-h-stone-canvas-1228,trousers,Pants,-,"100% Organic Cotton 'Dearborn' Canvas, 12 oz",cotton,100,0,natural,cotton,5 colourway listings on men-all feed; price $198-$208
Carhartt WIP,I035612,OG Active Jacket (Winter),https://us.carhartt-wip.com/en-us/products/og-active-jacket-camo-feather-tree-black-heavy-stone-wash-494,outerwear,Jackets,Icons;OG,"100% Organic Cotton 'Dearborn' Canvas, 12 oz",cotton,100,0,natural,cotton,1 colourway listings on men-all feed; price $328
Carhartt WIP,I026391,Chase T-Shirt,https://us.carhartt-wip.com/en-us/products/s-s-chase-t-shirt-palisander-gold-1502,tees-polos,T-Shirts,-,"100% Cotton Combed Single Jersey, 235 g/sqm",cotton,100,0,natural,cotton,10 colourway listings on men-all feed; price $48
Carhartt WIP,I027358,OG Detroit Jacket (Winter),https://us.carhartt-wip.com/en-us/products/og-detroit-jacket-winter-black-black-rigid-672,outerwear,Jackets,Icons;OG,"100% Organic Cotton 'Dearborn' Canvas, 12 oz",cotton,100,0,natural,cotton,2 colourway listings on men-all feed; price $298
Carhartt WIP,I030434,Pocket T-Shirt,https://us.carhartt-wip.com/en-us/products/s-s-pocket-t-shirt-black-282,tees-polos,T-Shirts,-,"100% Cotton Single Jersey, 190 g/sqm",cotton,100,0,natural,cotton,11 colourway listings on men-all feed; price $45
Carhartt WIP,I037195,OG Single Knee Long Short,https://us.carhartt-wip.com/en-us/products/og-single-knee-short-long-black-stone-canvas-327,shorts,Shorts,OG,"100% Organic Cotton 'Dearborn' Canvas, 12 oz",cotton,100,0,natural,cotton,2 colourway listings on men-all feed; price $165
Carhartt WIP,I037012,Orman Bomber Jacket,https://us.carhartt-wip.com/en-us/products/orman-bomber-raven-heavy-enzyme-wash-697,outerwear,Jackets,-,"100% Nylon Twill, 5.2 oz",polyamide,100,0,synthetic,polyamide,1 colourway listings on men-all feed; price $398
Carhartt WIP,I037584,OG Active Jacket (Winter),https://us.carhartt-wip.com/en-us/products/og-active-jacket-black-stone-canvas-37,outerwear,Jackets,Icons;OG,"100% Organic Cotton 'Dearborn' Canvas, 12 oz",cotton,100,0,natural,cotton,site description first bullet truncated ('anic Cotton...'); composition from the PDP main-material field (metaMainMaterialShortDescription); 4 colourway listings on men-all feed; price $298
Carhartt WIP,I037132,Alton Check Jacket,https://us.carhartt-wip.com/en-us/products/alton-jacket-alton-check-cypress-427,outerwear,Jackets,-,"50/30/15/5% Recycled Polyester/Polyester/Acrylic/Other Twill, 13.8 oz",polyester,50,0,blend,-,1 colourway listings on men-all feed; price $275
Carhartt WIP,I029958,Madison Shirt - Corduroy,https://us.carhartt-wip.com/en-us/products/l-s-madison-cord-shirt-wall-949,shirts,Shirts,-,"100% Cotton Corduroy, 8 Wales, 9.1 oz",cotton,100,0,natural,cotton,7 colourway listings on men-all feed; price $128
Carhartt WIP,I037256,Boxed T-Shirt,https://us.carhartt-wip.com/en-us/products/s-s-boxed-t-shirt-tobacco-garment-dyed-178,tees-polos,T-Shirts,-,"100% Cotton Single Jersey, 230 g/sqm",cotton,100,0,natural,cotton,4 colourway listings on men-all feed; price $65
Carhartt WIP,I035655,Brady Pant,https://us.carhartt-wip.com/en-us/products/brady-pant-shungite-stone-washed-1128,trousers,Pants,-,"100% Cotton 'Lenexa' Twill, 8 oz",cotton,100,0,natural,cotton,3 colourway listings on men-all feed; price $165
Carhartt WIP,I037164,Hooded Feather Tree Sweatshirt,https://us.carhartt-wip.com/en-us/products/hooded-feather-tree-sweat-camo-feather-tree-khaki-shungite-garment-dyed-375,sweats,Sweats,-,"100% Cotton Sweat, 430 g/sqm",cotton,100,0,natural,cotton,1 colourway listings on men-all feed; price $248
Carhartt WIP,I037136,Bagley Check Shirt,https://us.carhartt-wip.com/en-us/products/l-s-bagley-shirt-bagley-check-hamilton-brown-421,shirts,Shirts,-,"100% Cotton, 7.1 oz",cotton,100,0,natural,cotton,2 colourway listings on men-all feed; price $165
Carhartt WIP,I037070,Osborn Cargo Pant,https://us.carhartt-wip.com/en-us/products/osborn-cargo-pant-camo-feather-tree-black-rinsed-101,trousers,Pants,-,"100% Cotton 'Dothan' Poplin, 6 oz",cotton,100,0,natural,cotton,1 colourway listings on men-all feed; price $228
Carhartt WIP,I037016,Lambert T-Shirt,https://us.carhartt-wip.com/en-us/products/s-s-lambert-t-shirt-raven-moon-wash-674,tees-polos,T-Shirts,-,"100% Cotton Single Jersey, 230 g/sqm",cotton,100,0,natural,cotton,4 colourway listings on men-all feed; price $65
Carhartt WIP,I030468,Landon Pant,https://us.carhartt-wip.com/en-us/products/landon-pant-black-marble-used-wash-704,denim,Pants,-,"100% Cotton 'Robertson' Denim, 12 oz",cotton,100,0,natural,cotton,7 colourway listings on men-all feed; price $128-$178
Carhartt WIP,I035585,Kade Cargo Pant,https://us.carhartt-wip.com/en-us/products/kade-cargo-pant-tobacco-stone-washed-451,trousers,Pants,-,"100% Cotton 'Lenexa' Twill, 8 oz",cotton,100,0,natural,cotton,3 colourway listings on men-all feed; price $188
Carhartt WIP,I035695,Vest (Winter),https://us.carhartt-wip.com/en-us/products/classic-vest-black-rigid-100,outerwear,Jackets,-,"100% Cotton 'Dearborn' Canvas, 11.3 oz",cotton,100,0,natural,cotton,4 colourway listings on men-all feed; price $208
Carhartt WIP,I029523,Hooded Vista Sweatshirt,https://us.carhartt-wip.com/en-us/products/hooded-vista-sweat-black-garment-dyed-1933,sweats,Sweats,-,"100% Cotton Sweat, 450 g/sqm",cotton,100,0,natural,cotton,4 colourway listings on men-all feed; price $198
Carhartt WIP,I037043,Waffle Rugby Shirt,https://us.carhartt-wip.com/en-us/products/l-s-waffle-rugby-shirt-palisander-garment-dyed-623,tees-polos,T-Shirts,-,"100% Cotton Waffle, 249.92 g/sqm",cotton,100,0,natural,cotton,4 colourway listings on men-all feed; price $125
Carhartt WIP,I037227,Feather Progress T-Shirt,https://us.carhartt-wip.com/en-us/products/s-s-feather-progress-t-shirt-white-59,tees-polos,T-Shirts,-,"100% Organic Cotton Single Jersey, 230 g/sqm",cotton,100,0,natural,cotton,2 colourway listings on men-all feed; price $65
Carhartt WIP,I037056,OG Santa Fe Jacket (Winter),https://us.carhartt-wip.com/en-us/products/og-santa-fe-jacket-wip-h-brown-tobacco-stone-canvas-607,outerwear,Jackets,OG,"100% Organic Cotton 'Dearborn' Canvas, 12 oz",cotton,100,0,natural,cotton,3 colourway listings on men-all feed; price $308
Carhartt WIP,I037160,Bolon Sweat Jacket,https://us.carhartt-wip.com/en-us/products/bolon-sweat-jacket-dark-navy-383,sweats,Sweats,-,"64/36% Polyester/Cotton Interlock, 280 g/sqm",polyester,64,0,blend,-,2 colourway listings on men-all feed; price $165
Carhartt WIP,I037116,Small Heart T-Shirt,https://us.carhartt-wip.com/en-us/products/s-s-small-heart-t-shirt-black-black-450,tees-polos,T-Shirts,-,"100% Organic Cotton Single Jersey, 175 g/sqm",cotton,100,0,natural,cotton,2 colourway listings on men-all feed; price $58
Carhartt WIP,I034871,OG Single Knee Pant,https://us.carhartt-wip.com/en-us/products/og-single-knee-pant-black-marble-dark-worn-525,denim,Pants,OG,"100% Cotton 'Camano' Denim, 12 oz",cotton,100,0,natural,cotton,5 colourway listings on men-all feed; price $138-$188
Carhartt WIP,I034798,Single Knee Pant,https://us.carhartt-wip.com/en-us/products/single-knee-pant-camo-feather-tree-black-heavy-stone-wash-721,trousers,Pants,-,"100% Organic Cotton 'Dearborn' Canvas, 12 oz",cotton,100,0,natural,cotton,5 colourway listings on men-all feed; price $188-$198
Carhartt WIP,I036728,Aaron Pant - Camano Denim,https://us.carhartt-wip.com/en-us/products/aaron-pant-blue-mid-worn-used-419,denim,Pants,-,"100% Cotton 'Camano' Denim, 12 oz",cotton,100,0,natural,cotton,9 colourway listings on men-all feed; price $118-$178
Carhartt WIP,I026462,Bib Overall,https://us.carhartt-wip.com/en-us/products/bib-overall-black-568,other,Overalls,-,"100% Organic Cotton 'Dearborn' Canvas, 12 oz",cotton,100,0,natural,cotton,bib overall; category other; 2 colourway listings on men-all feed; price $248
Carhartt WIP,I037258,Hatching Script T-Shirt,https://us.carhartt-wip.com/en-us/products/s-s-hatching-script-t-shirt-wip-h-brown-garment-dyed-172,tees-polos,T-Shirts,-,"100% Cotton Single Jersey, 230 g/sqm",cotton,100,0,natural,cotton,2 colourway listings on men-all feed; price $75
Carhartt WIP,I037146,OG Madison Shirt,https://us.carhartt-wip.com/en-us/products/l-s-og-madison-shirt-dark-navy-141,shirts,Shirts,OG,"100% Organic Cotton Twill, 6.3 oz",cotton,100,0,natural,cotton,5 colourway listings on men-all feed; price $138
Carhartt WIP,I037129,Cobrin Check Hooded Shirt Jacket,https://us.carhartt-wip.com/en-us/products/cobrin-shirt-jac-cobrin-check-blue-432,outerwear,Jackets,-,"100% Cotton Twill Flannel, 5 oz",cotton,100,0,natural,cotton,1 colourway listings on men-all feed; price $235
Carhartt WIP,I037142,Baird Check Shirt Jacket,https://us.carhartt-wip.com/en-us/products/baird-shirt-jac-baird-check-black-409,outerwear,Jackets,-,"100% Cotton Twill, 7.7 oz",cotton,100,0,natural,cotton,2 colourway listings on men-all feed; price $258
Carhartt WIP,I037103,Mack Sweat Pant,https://us.carhartt-wip.com/en-us/products/mack-sweat-pant-black-wax-489,sweats,Pants,-,"80/20% Cotton/Polyester Sweat, 425 g/sqm",cotton,80,0,blend,-,3 colourway listings on men-all feed; price $138
Carhartt WIP,I037105,Lambert Polo Sweatshirt,https://us.carhartt-wip.com/en-us/products/lambert-polo-sweat-tobacco-moon-wash-479,sweats,Sweats,-,"100% Cotton Sweat, 430 g/sqm",cotton,100,0,natural,cotton,3 colourway listings on men-all feed; price $198
Carhartt WIP,I037104,Lambert Sweatshirt,https://us.carhartt-wip.com/en-us/products/lambert-sweat-tobacco-moon-wash-485,sweats,Sweats,-,"100% Cotton Sweat, 430 g/sqm",cotton,100,0,natural,cotton,3 colourway listings on men-all feed; price $178
Carhartt WIP,I037102,Hooded Mack Sweat Jacket,https://us.carhartt-wip.com/en-us/products/hooded-mack-sweat-jacket-dark-navy-wax-493,sweats,Sweats,-,"80/20% Cotton/Polyester Sweat, 425 g/sqm",cotton,80,0,blend,-,3 colourway listings on men-all feed; price $178
Carhartt WIP,I037099,Mack Sweatshirt,https://us.carhartt-wip.com/en-us/products/mack-sweat-ash-heather-black-503,sweats,Sweats,-,"80/20% Cotton/Polyester Sweat, 425 g/sqm",cotton,80,0,blend,-,3 colourway listings on men-all feed; price $125
Carhartt WIP,I037138,Edmore Fleece Jacket,https://us.carhartt-wip.com/en-us/products/edmore-sweat-jacket-black-white-416,outerwear,Jackets,-,"100% Polyester Fleece, 6.8 oz",polyester,100,0,synthetic,polyester,1 colourway listings on men-all feed; price $188
Carhartt WIP,I033757,Evan Pant - Corduroy,https://us.carhartt-wip.com/en-us/products/evan-pant-raven-rinsed-1261,trousers,Pants,-,"100% Cotton 'Coventry' Corduroy, 8 Wales, 9.7 oz",cotton,100,0,natural,cotton,3 colourway listings on men-all feed; price $178
Carhartt WIP,I037162,Bolon Sweat Pant,https://us.carhartt-wip.com/en-us/products/bolon-sweat-pant-black-381,sweats,Pants,-,"64/36% Polyester/Cotton Interlock, 280 g/sqm",polyester,64,0,blend,-,2 colourway listings on men-all feed; price $148
Carhartt WIP,I035388,Firth Sweater,https://us.carhartt-wip.com/en-us/products/firth-sweater-palisander-688,knitwear,Sweaters,-,"80/10/5/5% Acrylic/Wool/Viscose/Alpaca Wool, 3 gauge",acrylic,80,0,blend,-,3 colourway listings on men-all feed; price $228
Carhartt WIP,I037128,Lander Coat,https://us.carhartt-wip.com/en-us/products/lander-coat-palisander-black-stone-washed-435,outerwear,Jackets,-,"100% Cotton Canvas, 12.2 oz",cotton,100,0,natural,cotton,3 colourway listings on men-all feed; price $298-$328
Carhartt WIP,I037235,Long Sleeve Framework T-Shirt,https://us.carhartt-wip.com/en-us/products/l-s-framework-t-shirt-white-238,tees-polos,T-Shirts,-,"100% Organic Cotton Single Jersey, 175 g/sqm",cotton,100,0,natural,cotton,2 colourway listings on men-all feed; price $78
Carhartt WIP,I037139,Esterson Check Shirt,https://us.carhartt-wip.com/en-us/products/l-s-esterson-shirt-esterson-check-tobacco-146,shirts,Shirts,-,"100% Cotton, 7.3 oz",cotton,100,0,natural,cotton,2 colourway listings on men-all feed; price $165
Carhartt WIP,I036997,Arizona Jacket,https://us.carhartt-wip.com/en-us/products/phoenix-leather-jacket-black-710,outerwear,Jackets,-,69/31% Polyurethane/Viscose,polyurethane,69,0,blend,-,2 colourway listings on men-all feed; price $398
Carhartt WIP,I029524,Hooded Vista Sweat Jacket,https://us.carhartt-wip.com/en-us/products/hooded-vista-jacket-black-garment-dyed-1928,sweats,Sweats,-,"100% Cotton Sweat, 450 g/sqm",cotton,100,0,natural,cotton,4 colourway listings on men-all feed; price $238
Carhartt WIP,I030779,Long Sleeve Vista T-Shirt,https://us.carhartt-wip.com/en-us/products/l-s-vista-t-shirt-tobacco-garment-dyed-1381,tees-polos,T-Shirts,-,"100% Cotton Single Jersey, 230 g/sqm",cotton,100,0,natural,cotton,3 colourway listings on men-all feed; price $78
Carhartt WIP,I034525,Lucas Shirt,https://us.carhartt-wip.com/en-us/products/l-s-lucas-shirt-blue-stone-washed-1084,shirts,Shirts,-,"100% Cotton Denim, 8.5 oz",cotton,100,0,natural,cotton,3 colourway listings on men-all feed; price $138
Carhartt WIP,I032024,Single Knee Pant,https://us.carhartt-wip.com/en-us/products/single-knee-pant-blue-marble-used-wash-638,denim,Pants,-,"100% Cotton 'Smith' Denim, 13.5 oz",cotton,100,0,natural,cotton,9 colourway listings on men-all feed; price $135-$188
Carhartt WIP,I023083,Active Jacket (Winter),https://us.carhartt-wip.com/en-us/products/active-jacket-winter-tobacco-rigid-9715,outerwear,Jackets,Icons,"100% Cotton 'Dearborn' Canvas, 11.3 oz",cotton,100,0,natural,cotton,4 colourway listings on men-all feed; price $265
Carhartt WIP,I032699,Double Knee Pant,https://us.carhartt-wip.com/en-us/products/double-knee-pant-blue-marble-used-wash-604,denim,Pants,-,"100% Cotton 'Smith' Denim, 13.5 oz",cotton,100,0,natural,cotton,8 colourway listings on men-all feed; price $165-$198
Carhartt WIP,I033828,Signature Script T-Shirt,https://us.carhartt-wip.com/en-us/products/s-s-signature-script-t-shirt-graphite-dark-scarab-1257,tees-polos,T-Shirts,-,"100% Organic Cotton Single Jersey, 230 g/sqm",cotton,100,0,natural,cotton,5 colourway listings on men-all feed; price $58
Carhartt WIP,I035696,Prentis Liner,https://us.carhartt-wip.com/en-us/products/prentis-liner-black-black-98,outerwear,Jackets,-,"100% Polyester Pile, 10.3 oz",polyester,100,0,synthetic,polyester,4 colourway listings on men-all feed; price $228
Carhartt WIP,I029208,Newel Pant,https://us.carhartt-wip.com/en-us/products/newel-pant-blue-light-used-wash-894,denim,Pants,-,"100% Organic Cotton 'Maitland' Denim, 13.5 oz",cotton,100,0,natural,cotton,7 colourway listings on men-all feed; price $125-$178
Carhartt WIP,I033660,Chase Sweatshirt,https://us.carhartt-wip.com/en-us/products/chase-sweat-black-gold-85,sweats,Sweats,-,"58/42% Cotton/Polyester Sweat, 440 g/sqm",cotton,58,0,blend,-,5 colourway listings on men-all feed; price $105
Carhartt WIP,I033661,Hooded Chase Sweatshirt,https://us.carhartt-wip.com/en-us/products/hooded-chase-sweat-dark-navy-gold-72,sweats,Sweats,-,"58/42% Cotton/Polyester Sweat, 440 g/sqm",cotton,58,0,blend,-,9 colourway listings on men-all feed; price $118
Carhartt WIP,I026392,Chase Long Sleeve T-Shirt,https://us.carhartt-wip.com/en-us/products/l-s-chase-t-shirt-black-gold-1663,tees-polos,T-Shirts,-,"100% Cotton Combed Single Jersey, 235 g/sqm",cotton,100,0,natural,cotton,7 colourway listings on men-all feed; price $58
Carhartt WIP,I032297,Landon Pant - Corduroy,https://us.carhartt-wip.com/en-us/products/landon-pant-wip-h-brown-rinsed-1335,trousers,Pants,-,"100% Cotton 'Coventry' Corduroy, 8 Wales, 9.7 oz",cotton,100,0,natural,cotton,2 colourway listings on men-all feed; price $165
Carhartt WIP,I025475,American Script Sweatshirt,https://us.carhartt-wip.com/en-us/products/american-script-sweatshirt-raven-1514,sweats,Sweats,-,"80/20% Cotton/Polyester Sweat, 420 g/sqm",cotton,80,0,blend,-,6 colourway listings on men-all feed; price $125
Carhartt WIP,I037047,Quentin Jacket,https://us.carhartt-wip.com/en-us/products/quentin-jacket-raven-black-90,outerwear,Jackets,-,"100% Nylon Canvas, 7.2 oz",polyamide,100,0,synthetic,polyamide,3 colourway listings on men-all feed; price $348
Carhartt WIP,I033664,Hooded Chase Sweat Jacket,https://us.carhartt-wip.com/en-us/products/hooded-chase-jacket-grey-heather-gold-59,sweats,Sweats,-,"58/42% Cotton/Polyester Sweat, 440 g/sqm",cotton,58,0,blend,-,3 colourway listings on men-all feed; price $128
Carhartt WIP,I034691,Hooded WIP Sweat Jacket,https://us.carhartt-wip.com/en-us/products/hooded-wip-sweat-jacket-ash-heather-stone-washed-622,sweats,Sweats,-,"80/20% Cotton/Polyester Sweat, 450 g/sqm",cotton,80,0,blend,-,2 colourway listings on men-all feed; price $198
Carhartt WIP,I037034,Caster Cable Knit Sweater,https://us.carhartt-wip.com/en-us/products/caster-knit-sweater-dark-navy-640,knitwear,Sweaters,-,"80/20% Lambswool/Nylon, 3 gauge",wool,80,0,blend,-,2 colourway listings on men-all feed; price $218
Carhartt WIP,I037233,Animated Ducks T-Shirt,https://us.carhartt-wip.com/en-us/products/s-s-animated-ducks-t-shirt-white-244,tees-polos,T-Shirts,-,"100% Organic Cotton Single Jersey, 210 g/sqm",cotton,100,0,natural,cotton,2 colourway listings on men-all feed; price $65
Carhartt WIP,I037232,Slingshot T-Shirt,https://us.carhartt-wip.com/en-us/products/s-s-slingshot-t-shirt-white-heavy-enzyme-wash-306,tees-polos,T-Shirts,-,"100% Organic Cotton Single Jersey, 175 g/sqm",cotton,100,0,natural,cotton,2 colourway listings on men-all feed; price $65
Carhartt WIP,I036594,Bib Overall - Camano Denim,https://us.carhartt-wip.com/en-us/products/bib-overall-blue-worn-used-wash-430,other,Overalls,-,"100% Cotton 'Camano' Denim, 12 oz",cotton,100,0,natural,cotton,bib overall; category other; 2 colourway listings on men-all feed; price $298
Carhartt WIP,I037058,OG Trucker Jacket,https://us.carhartt-wip.com/en-us/products/og-trucker-jacket-black-black-stone-canvas-148,outerwear,Jackets,OG,"100% Organic Cotton 'Dearborn' Canvas, 12 oz",cotton,100,0,natural,cotton,2 colourway listings on men-all feed; price $275
Carhartt WIP,I035613,OG Chore Coat (Winter),https://us.carhartt-wip.com/en-us/products/og-chore-coat-raven-black-stone-canvas-1136,outerwear,Jackets,Icons;OG,"100% Organic Cotton 'Dearborn' Canvas, 12 oz",cotton,100,0,natural,cotton,4 colourway listings on men-all feed; price $298
Carhartt WIP,I037122,Dayne Check Shirt,https://us.carhartt-wip.com/en-us/products/l-s-dayne-shirt-dayne-check-shady-purple-442,shirts,Shirts,-,"100% Cotton Herringbone, 10.6 oz",cotton,100,0,natural,cotton,1 colourway listings on men-all feed; price $168
Carhartt WIP,I037246,Long Sleeve Blackletter T-Shirt,https://us.carhartt-wip.com/en-us/products/l-s-blackletter-script-t-shirt-black-208,tees-polos,T-Shirts,-,"100% Organic Cotton Single Jersey, 230 g/sqm",cotton,100,0,natural,cotton,1 colourway listings on men-all feed; price $75
Carhartt WIP,I037134,Todrick Houndstooth Shirt,https://us.carhartt-wip.com/en-us/products/l-s-todrick-shirt-todrick-houndstooth-icesheet-423,shirts,Shirts,-,"100% Cotton Houndstooth, 5 oz",cotton,100,0,natural,cotton,2 colourway listings on men-all feed; price $138
Carhartt WIP,I037119,Kanan Stripe Shirt,https://us.carhartt-wip.com/en-us/products/l-s-kanan-shirt-kanan-stripe-black-448,shirts,Shirts,-,"100% Cotton Oxford, 4.7 oz",cotton,100,0,natural,cotton,2 colourway listings on men-all feed; price $125
Carhartt WIP,I037063,Brandon Pant - Corduroy,https://us.carhartt-wip.com/en-us/products/brandon-pant-black-rinsed-592,trousers,Pants,-,"100% Cotton 'Coventry' Corduroy, 8 Wales, 9.7 oz",cotton,100,0,natural,cotton,4 colourway listings on men-all feed; price $178
Carhartt WIP,I037049,Atoka Shirt Jacket,https://us.carhartt-wip.com/en-us/products/atoka-shirt-jac-black-614,outerwear,Jackets,-,"80/15/5% Wool/Polyester/Other Plain Weave, 9.9 oz",wool,80,0,blend,-,2 colourway listings on men-all feed; price $218
Carhartt WIP,I037533,Oakland Double Knee Pant,https://us.carhartt-wip.com/en-us/products/oakland-pant-blue-worn-used-wash-41,denim,Pants,-,"100% Cotton 'Camano' Denim, 12 oz",cotton,100,0,natural,cotton,2 colourway listings on men-all feed; price $158-$188
Carhartt WIP,I015261,Michigan Chore Coat (Winter),https://us.carhartt-wip.com/en-us/products/michigan-coat-winter-dark-navy-black-rigid-8,outerwear,Jackets,Icons,"100% Cotton 'Dearborn' Canvas, 11.3 oz",cotton,100,0,natural,cotton,4 colourway listings on men-all feed; price $255
Carhartt WIP,I037257,Wireless T-Shirt,https://us.carhartt-wip.com/en-us/products/s-s-wireless-t-shirt-black-173,tees-polos,T-Shirts,-,"100% Organic Cotton Single Jersey, 250 g/sqm",cotton,100,0,natural,cotton,1 colourway listings on men-all feed; price $75
Carhartt WIP,I037255,Arch Script T-Shirt,https://us.carhartt-wip.com/en-us/products/s-s-arch-script-t-shirt-white-dark-navy-185,tees-polos,T-Shirts,-,"100% Organic Cotton Single Jersey, 210 g/sqm",cotton,100,0,natural,cotton,3 colourway listings on men-all feed; price $65
Carhartt WIP,I037278,1989 Winners Sweatshirt,https://us.carhartt-wip.com/en-us/products/1989-winners-sweat-ash-heather-heavy-stone-wash-120,sweats,Sweats,-,"100% Cotton Sweat, 470 g/sqm",cotton,100,0,natural,cotton,2 colourway listings on men-all feed; price $138
Carhartt WIP,I037225,Booger T-Shirt,https://us.carhartt-wip.com/en-us/products/s-s-booger-t-shirt-black-265,tees-polos,T-Shirts,-,"100% Organic Cotton Single Jersey, 175 g/sqm",cotton,100,0,natural,cotton,3 colourway listings on men-all feed; price $58
Carhartt WIP,I034809,Brandon Pant - Twill,https://us.carhartt-wip.com/en-us/products/brandon-pant-palisander-stone-dyed-1508,trousers,Pants,-,"100% Cotton 'Clark' Twill, 10.5 oz",cotton,100,0,natural,cotton,4 colourway listings on men-all feed; price $165
Carhartt WIP,I037264,1989 Winners T-Shirt,https://us.carhartt-wip.com/en-us/products/s-s-1989-winners-t-shirt-dark-navy-heavy-stone-wash-113,tees-polos,T-Shirts,-,"100% Organic Cotton Single Jersey, 230 g/sqm",cotton,100,0,natural,cotton,3 colourway listings on men-all feed; price $65
Carhartt WIP,I037015,Work Pocket T-Shirt,https://us.carhartt-wip.com/en-us/products/s-s-work-pocket-t-shirt-black-678,tees-polos,T-Shirts,-,"100% Cotton Single Jersey, 230 g/sqm",cotton,100,0,natural,cotton,4 colourway listings on men-all feed; price $65
Carhartt WIP,I029919,Flint Pant,https://us.carhartt-wip.com/en-us/products/flint-pant-black-garment-dyed-62,trousers,Pants,-,"100% Organic Cotton 'Moraga' Twill, 8.25 oz",cotton,100,0,natural,cotton,5 colourway listings on men-all feed; price $138
Carhartt WIP,I029955,American Script Long Sleeve T-Shirt,https://us.carhartt-wip.com/en-us/products/l-s-american-script-t-shirt-black-45,tees-polos,T-Shirts,-,"100% Organic Cotton Single Jersey, 240 g/sqm",cotton,100,0,natural,cotton,3 colourway listings on men-all feed; price $65
Carhartt WIP,I033667,Chase Sweat Pant,https://us.carhartt-wip.com/en-us/products/chase-sweat-pant-black-gold-46,sweats,Pants,-,"58/42% Cotton/Polyester Sweat, 440 g/sqm",cotton,58,0,blend,-,2 colourway listings on men-all feed; price $115
Carhartt WIP,I027014,Half Zip American Script Sweatshirt,https://us.carhartt-wip.com/en-us/products/half-zip-american-script-sweatshirt-raven-1489,sweats,Sweats,-,"80/20% Cotton/Polyester Sweat, 420 g/sqm",cotton,80,0,blend,-,3 colourway listings on men-all feed; price $135
Carhartt WIP,I028279,Hooded American Script Sweatshirt,https://us.carhartt-wip.com/en-us/products/hooded-american-script-sweatshirt-amarone-1470,sweats,Sweats,-,"80/20% Cotton/Polyester Sweat, 420 g/sqm",cotton,80,0,blend,-,8 colourway listings on men-all feed; price $148
Carhartt WIP,I028827,Whitsome Shirt Jacket,https://us.carhartt-wip.com/en-us/products/whitsome-shirt-jac-black-730,outerwear,Jackets,-,"100% Cotton Corduroy, 8 Wales, 9.2 oz",cotton,100,0,natural,cotton,2 colourway listings on men-all feed; price $198
Carhartt WIP,I037045,Stanwood Jacket,https://us.carhartt-wip.com/en-us/products/stanwood-jacket-cypress-189,outerwear,Jackets,-,"100% Recycled Nylon, 3.66 oz",polyamide,100,0,synthetic,polyamide,2 colourway listings on men-all feed; price $275
Carhartt WIP,I033814,Craft Shirt,https://us.carhartt-wip.com/en-us/products/l-s-craft-shirt-cypress-767,shirts,Shirts,-,"65/35% Polyester/Cotton Twill, 7.2 oz",polyester,65,0,blend,-,3 colourway listings on men-all feed; price $125
Carhartt WIP,I037237,Blinkerfluid T-Shirt,https://us.carhartt-wip.com/en-us/products/s-s-blinkerfluid-t-shirt-white-234,tees-polos,T-Shirts,-,"100% Organic Cotton Single Jersey, 175 g/sqm",cotton,100,0,natural,cotton,1 colourway listings on men-all feed; price $65
Carhartt WIP,I037266,Arch Script Sweatshirt,https://us.carhartt-wip.com/en-us/products/arch-script-sweat-wip-h-brown-black-stone-washed-146,sweats,Sweats,-,"80/20% Cotton/Polyester Sweat, 450 g/sqm",cotton,80,0,blend,-,2 colourway listings on men-all feed; price $165
Carhartt WIP,I037251,Hooded Limn C Fleece Sweatshirt,https://us.carhartt-wip.com/en-us/products/hooded-boxed-fleece-sweat-tobacco-195,sweats,Sweats,-,"100% Polyester Fleece, 250 g/sqm",polyester,100,0,synthetic,polyester,1 colourway listings on men-all feed; price $138
Carhartt WIP,I037458,Chase Sweat Pant,https://us.carhartt-wip.com/en-us/products/chase-sweat-pant-grey-heather-gold-44,sweats,Pants,-,"58/42% Cotton/Polyester Sweat, 440 g/sqm",cotton,58,0,blend,-,1 colourway listings on men-all feed; price $115
Carhartt WIP,I031047,Script T-Shirt,https://us.carhartt-wip.com/en-us/products/s-s-script-t-shirt-white-black-39,tees-polos,T-Shirts,-,"100% Cotton, 190 g/sqm",cotton,100,0,natural,cotton,2 colourway listings on men-all feed; price $55
Carhartt WIP,I037059,Loyde Shirt - Corduroy,https://us.carhartt-wip.com/en-us/products/l-s-loyde-shirt-dark-navy-rinsed-597,shirts,Shirts,-,"100% Cotton 'Manhattan' Corduroy, 8 oz",cotton,100,0,natural,cotton,3 colourway listings on men-all feed; price $198
Carhartt WIP,I037587,OG Active Jacket (Winter),https://us.carhartt-wip.com/en-us/products/og-active-jacket-wip-h-brown-rigid-44,outerwear,Jackets,Icons;OG,"100% Organic Cotton 'Dearborn' Canvas, 12 oz",cotton,100,0,natural,cotton,2 colourway listings on men-all feed; price $298
Carhartt WIP,I037114,Hooded Ebbert Sweat Jacket,https://us.carhartt-wip.com/en-us/products/hooded-ebbett-jacket-tobacco-white-160,sweats,Sweats,-,"55/45% Cotton/Polyester Sweat, 530 g/sqm",cotton,55,0,blend,-,2 colourway listings on men-all feed; price $198
Carhartt WIP,I037247,Hourglass T-Shirt,https://us.carhartt-wip.com/en-us/products/s-s-hourglass-t-shirt-cypress-206,tees-polos,T-Shirts,-,"100% Cotton Single Jersey, 190 g/sqm",cotton,100,0,natural,cotton,3 colourway listings on men-all feed; price $58
Carhartt WIP,I037240,Entrance T-Shirt,https://us.carhartt-wip.com/en-us/products/s-s-entrance-t-shirt-black-226,tees-polos,T-Shirts,-,"100% Organic Cotton Single Jersey, 175 g/sqm",cotton,100,0,natural,cotton,3 colourway listings on men-all feed; price $58
Carhartt WIP,I037236,Archive 95 T-Shirt,https://us.carhartt-wip.com/en-us/products/s-s-archive-95-t-shirt-white-237,tees-polos,T-Shirts,-,"100% Organic Cotton Single Jersey, 210 g/sqm",cotton,100,0,natural,cotton,1 colourway listings on men-all feed; price $68
Carhartt WIP,I035317,Short Sleeve Wayne Polo,https://us.carhartt-wip.com/en-us/products/s-s-wayne-polo-palisander-garment-dyed-1100,tees-polos,T-Shirts,-,100% Cotton 'Garment Washed' Pique 240 g/sqm,cotton,100,0,natural,cotton,3 colourway listings on men-all feed; price $108
Carhartt WIP,I029522,Vista Sweatshirt,https://us.carhartt-wip.com/en-us/products/vista-sweat-black-garment-dyed-1938,sweats,Sweats,-,"100% Cotton Sweat, 450 g/sqm",cotton,100,0,natural,cotton,4 colourway listings on men-all feed; price $178
Carhartt WIP,I037259,Bricky Man T-Shirt,https://us.carhartt-wip.com/en-us/products/s-s-bricky-man-t-shirt-soot-stone-dyed-169,tees-polos,T-Shirts,-,"100% Organic Cotton Single Jersey, 250 g/sqm",cotton,100,0,natural,cotton,3 colourway listings on men-all feed; price $75
Carhartt WIP,I037270,Long Sleeve Blackletter Waffle T-Shirt,https://us.carhartt-wip.com/en-us/products/l-s-blackletter-waffle-t-shirt-wax-black-135,tees-polos,T-Shirts,-,"100% Cotton Waffle, 350 g/sqm",cotton,100,0,natural,cotton,2 colourway listings on men-all feed; price $95
Carhartt WIP,I037110,Gowan Stripe Shirt,https://us.carhartt-wip.com/en-us/products/l-s-gowan-shirt-gowan-stripe-black-465,shirts,Shirts,-,"100% Cotton Poplin, 3.9 oz",cotton,100,0,natural,cotton,2 colourway listings on men-all feed; price $138
Carhartt WIP,I037051,Parson Check Shirt,https://us.carhartt-wip.com/en-us/products/l-s-parson-shirt-parson-check-shady-purple-611,shirts,Shirts,-,"80/20% Polyester/Wool, 7.1 oz",polyester,80,0,blend,-,2 colourway listings on men-all feed; price $178
Carhartt WIP,I037055,OG Chore Coat (Winter),https://us.carhartt-wip.com/en-us/products/og-chore-coat-wip-h-brown-tobacco-rigid-152,outerwear,Jackets,OG,"100% Organic Cotton 'Dearborn' Canvas, 12 oz",cotton,100,0,natural,cotton,2 colourway listings on men-all feed; price $288
Carhartt WIP,I037532,Oakland Shirt Jacket,https://us.carhartt-wip.com/en-us/products/oakland-shirt-jac-blue-dark-navy-rinsed-45,outerwear,Jackets,-,"100% Cotton 'Camano' Denim, 12 oz",cotton,100,0,natural,cotton,2 colourway listings on men-all feed; price $218-$248
Carhartt WIP,I037272,Cardona Pocket T-Shirt,https://us.carhartt-wip.com/en-us/products/s-s-cardona-pocket-t-shirt-cardona-stripe-natural-palisander-garment-dyed-129,tees-polos,T-Shirts,-,"100% Cotton Single Jersey, 220 g/sqm",cotton,100,0,natural,cotton,3 colourway listings on men-all feed; price $95
Carhartt WIP,I037229,Restraint T-Shirt,https://us.carhartt-wip.com/en-us/products/s-s-restraint-t-shirt-black-254,tees-polos,T-Shirts,-,"100% Organic Cotton Single Jersey, 175 g/sqm",cotton,100,0,natural,cotton,3 colourway listings on men-all feed; price $58
Carhartt WIP,I037263,Limn Script T-Shirt,https://us.carhartt-wip.com/en-us/products/s-s-limn-t-shirt-white-157,tees-polos,T-Shirts,-,"100% Organic Cotton Single Jersey, 210 g/sqm",cotton,100,0,natural,cotton,2 colourway listings on men-all feed; price $58
Carhartt WIP,I037230,Hot Rat T-Shirt,https://us.carhartt-wip.com/en-us/products/s-s-hot-rat-t-shirt-black-251,tees-polos,T-Shirts,-,"100% Organic Cotton Single Jersey, 175 g/sqm",cotton,100,0,natural,cotton,3 colourway listings on men-all feed; price $58
Carhartt WIP,I037262,Dirty Laundry T-Shirt,https://us.carhartt-wip.com/en-us/products/s-s-dirty-laundry-t-shirt-blue-160,tees-polos,T-Shirts,-,"100% Cotton Single Jersey, 190 g/sqm",cotton,100,0,natural,cotton,3 colourway listings on men-all feed; price $55
Carhartt WIP,I037254,Deadline T-Shirt,https://us.carhartt-wip.com/en-us/products/s-s-deadline-t-shirt-white-187,tees-polos,T-Shirts,-,"100% Organic Cotton Single Jersey, 175 g/sqm",cotton,100,0,natural,cotton,3 colourway listings on men-all feed; price $55
Carhartt WIP,I037121,Long Sleeve Signature Rib T-Shirt,https://us.carhartt-wip.com/en-us/products/l-s-signature-rib-t-shirt-black-white-444,tees-polos,T-Shirts,-,100% Cotton Ribbing 1X1,cotton,100,0,natural,cotton,2 colourway listings on men-all feed; price $95
Carhartt WIP,I037253,Boogie Night T-Shirt,https://us.carhartt-wip.com/en-us/products/s-s-boogie-night-t-shirt-wip-h-brown-190,tees-polos,T-Shirts,-,"100% Cotton Single Jersey, 190 g/sqm",cotton,100,0,natural,cotton,3 colourway listings on men-all feed; price $55
Carhartt WIP,I033585,Floyde Pant,https://us.carhartt-wip.com/en-us/products/floyde-pant-wall-garment-dyed-1705,trousers,Pants,-,"98/2% Cotton/Lycra ® 'Greentree' Stretch Twill, 9.7 oz",cotton,98,2,blend,-,5 colourway listings on men-all feed; price $158
Carhartt WIP,I029375,Cotton Trunks (2 Pack),https://us.carhartt-wip.com/en-us/products/cotton-trunks-white-white-121,underwear-swim,Underwear,-,"94/6% Cotton/Spandex Jersey, 180 g/sqm",cotton,94,6,blend,-,3 colourway listings on men-all feed; price $48
Carhartt WIP,I030469,Landon Short,https://us.carhartt-wip.com/en-us/products/landon-short-blue-stone-washed-201,shorts,Shorts,-,"100% Cotton 'Robertson' Denim, 12 oz",cotton,100,0,natural,cotton,5 colourway listings on men-all feed; price $108-$135
Carhartt WIP,I030437,Long Sleeve Pocket T-Shirt,https://us.carhartt-wip.com/en-us/products/l-s-pocket-t-shirt-white-276,tees-polos,T-Shirts,-,"100% Cotton Single Jersey, 190 g/sqm",cotton,100,0,natural,cotton,3 colourway listings on men-all feed; price $55
Carhartt WIP,I031519,Michigan Chore Coat (Spring),https://us.carhartt-wip.com/en-us/products/michigan-coat-black-black-rinsed-1242,outerwear,Jackets,Icons,Dearborn Canvas: 100% organic cotton,cotton,100,0,natural,cotton,2 colourway listings on men-all feed; price $218
Carhartt WIP,I026264,Base T-Shirt,https://us.carhartt-wip.com/en-us/products/s-s-base-t-shirt-black-white-1746,tees-polos,T-Shirts,-,"100% Cotton Single Jersey, 180 g/sqm",cotton,100,0,natural,cotton,2 colourway listings on men-all feed; price $38
Carhartt WIP,I033669,Chase Sweat Short,https://us.carhartt-wip.com/en-us/products/chase-sweat-short-black-gold-38,shorts,Shorts,-,"58/42% Cotton/Polyester Sweat, 440 g/sqm",cotton,58,0,blend,-,3 colourway listings on men-all feed; price $95
Carhartt WIP,I030546,Carhartt Sweatshirt,https://us.carhartt-wip.com/en-us/products/carhartt-sweat-black-white-85,sweats,Sweats,-,"58/42% Cotton/Polyester Sweat, 440 g/sqm",cotton,58,0,blend,-,2 colourway listings on men-all feed; price $125
Carhartt WIP,I027965,Craft Pant,https://us.carhartt-wip.com/en-us/products/craft-pant-leather-rinsed-243,trousers,Pants,-,"65/35% Polyester/Cotton 'Dunmore' Twill, 7.25 oz",polyester,65,0,blend,-,2 colourway listings on men-all feed; price $115
Carhartt WIP,I032355,Cotton Boxer,https://us.carhartt-wip.com/en-us/products/cotton-boxer-black-707,underwear-swim,Underwear,-,100% Cotton,cotton,100,0,natural,cotton,2 colourway listings on men-all feed; price $38
Carhartt WIP,I037057,Boreal Parka,https://us.carhartt-wip.com/en-us/products/boreal-parka-black-stone-canvas-603,outerwear,Jackets,-,"100% Organic Cotton 'Dearborn' Canvas, 12 oz",cotton,100,0,natural,cotton,2 colourway listings on men-all feed; price $428
Carhartt WIP,I033902,Banley Sweater Jacket,https://us.carhartt-wip.com/en-us/products/banley-sweater-jacket-black-331,knitwear,Sweaters,-,"70/30% Polyester/Wool, 3 gauge",polyester,70,0,blend,-,2 colourway listings on men-all feed; price $248
Carhartt WIP,I037601,Standard Crew Neck T-Shirt (2 Pack),https://us.carhartt-wip.com/en-us/products/standard-crew-neck-t-shirt-white-white-35,underwear-swim,Underwear,-,"100% Cotton Single Jersey, 140 g/sqm",cotton,100,0,natural,cotton,2 colourway listings on men-all feed; price $58
Carhartt WIP,I037265,Ribbon Script T-Shirt,https://us.carhartt-wip.com/en-us/products/s-s-ribbon-script-t-shirt-icesheet-149,tees-polos,T-Shirts,-,"100% Organic Cotton Single Jersey, 175 g/sqm",cotton,100,0,natural,cotton,3 colourway listings on men-all feed; price $55
Carhartt WIP,I037218,Ice Fishing T-Shirt,https://us.carhartt-wip.com/en-us/products/s-s-ice-fishing-t-shirt-white-288,tees-polos,T-Shirts,-,"100% Organic Cotton Single Jersey, 175 g/sqm",cotton,100,0,natural,cotton,2 colourway listings on men-all feed; price $58
Carhartt WIP,I037113,Ebbert Sweatshirt,https://us.carhartt-wip.com/en-us/products/ebbett-sweat-tobacco-white-458,sweats,Sweats,-,"55/45% Cotton/Polyester Sweat, 530 g/sqm",cotton,55,0,blend,-,2 colourway listings on men-all feed; price $138
Carhartt WIP,I037217,Wiptopia II T-Shirt,https://us.carhartt-wip.com/en-us/products/s-s-wiptopia-ii-t-shirt-white-292,tees-polos,T-Shirts,-,"100% Organic Cotton Single Jersey, 175 g/sqm",cotton,100,0,natural,cotton,3 colourway listings on men-all feed; price $68
Carhartt WIP,I037221,Cutout T-Shirt,https://us.carhartt-wip.com/en-us/products/s-s-cutout-t-shirt-icesheet-280,tees-polos,T-Shirts,-,"100% Organic Cotton Single Jersey, 175 g/sqm",cotton,100,0,natural,cotton,1 colourway listings on men-all feed; price $58
Carhartt WIP,I037271,Long Sleeve Cardona Pocket T-Shirt,https://us.carhartt-wip.com/en-us/products/l-s-cardona-pocket-t-shirt-cardona-stripe-natural-dark-scarab-garment-dyed-134,tees-polos,T-Shirts,-,"100% Cotton Single Jersey, 220 g/sqm",cotton,100,0,natural,cotton,2 colourway listings on men-all feed; price $108
Carhartt WIP,I035398,Detroit Half Zip Sweater,https://us.carhartt-wip.com/en-us/products/detroit-half-zip-sweater-wip-h-brown-1154,knitwear,Sweaters,-,"75/15/10% Acrylic/Wool/Nylon, 3 gauge",acrylic,75,0,blend,-,4 colourway listings on men-all feed; price $248
Carhartt WIP,I010977,Anglistic Sweater,https://us.carhartt-wip.com/en-us/products/anglistic-sweater-speckled-fleur-de-sel-9986,knitwear,Sweaters,-,"78/19/3% Lambswool/Cotton/Acrylic, 3 gauge",wool,78,0,blend,-,1 colourway listings on men-all feed; price $165
Carhartt WIP,I037245,Blackletter T-Shirt,https://us.carhartt-wip.com/en-us/products/s-s-blackletter-script-t-shirt-white-215,tees-polos,T-Shirts,-,"100% Organic Cotton Single Jersey, 230 g/sqm",cotton,100,0,natural,cotton,3 colourway listings on men-all feed; price $58
Carhartt WIP,I029956,American Script T-Shirt,https://us.carhartt-wip.com/en-us/products/s-s-american-script-t-shirt-ash-heather-40,tees-polos,T-Shirts,-,"100% Organic Cotton Single Jersey, 240 g/sqm",cotton,100,0,natural,cotton,5 colourway listings on men-all feed; price $55
Carhartt WIP,I030238,Bolton Shirt,https://us.carhartt-wip.com/en-us/products/l-s-bolton-shirt-shungite-garment-dyed-1398,shirts,Shirts,-,"100% Cotton Oxford, 6.8 oz",cotton,100,0,natural,cotton,3 colourway listings on men-all feed; price $125
Carhartt WIP,I035305,Selby Shirt Jacket,https://us.carhartt-wip.com/en-us/products/selby-shirt-jac-black-1128,outerwear,Jackets,-,"100% Cotton Canvas, 10.7 oz",cotton,100,0,natural,cotton,1 colourway listings on men-all feed; price $258
Carhartt WIP,I037223,Chinsel Script T-Shirt,https://us.carhartt-wip.com/en-us/products/s-s-chinsel-script-t-shirt-white-273,tees-polos,T-Shirts,-,"100% Organic Cotton Single Jersey, 210 g/sqm",cotton,100,0,natural,cotton,1 colourway listings on men-all feed; price $58
Carhartt WIP,I037248,Old Painter T-Shirt,https://us.carhartt-wip.com/en-us/products/s-s-old-painter-t-shirt-citadel-204,tees-polos,T-Shirts,-,"100% Organic Cotton Single Jersey, 175 g/sqm",cotton,100,0,natural,cotton,3 colourway listings on men-all feed; price $55
Carhartt WIP,I037231,Grape Picker T-Shirt,https://us.carhartt-wip.com/en-us/products/s-s-grape-picker-t-shirt-cypress-249,tees-polos,T-Shirts,-,"100% Organic Cotton Single Jersey, 175 g/sqm",cotton,100,0,natural,cotton,4 colourway listings on men-all feed; price $65
Carhartt WIP,I037239,Fromage T-Shirt,https://us.carhartt-wip.com/en-us/products/s-s-fromage-t-shirt-white-230,tees-polos,T-Shirts,-,"100% Organic Cotton Single Jersey, 210 g/sqm",cotton,100,0,natural,cotton,1 colourway listings on men-all feed; price $65
Carhartt WIP,I036312,Brady Pant - Cooper Twill,https://us.carhartt-wip.com/en-us/products/brady-pant-black-rinsed-400,trousers,Pants,-,"100% Cotton 'Cooper' Twill, 9.3 oz",cotton,100,0,natural,cotton,2 colourway listings on men-all feed; price $165
Carhartt WIP,I035062,Chase Swim Trunks,https://us.carhartt-wip.com/en-us/products/chase-swim-trunks-black-gold-40,underwear-swim,Shorts,-,100% Polyester,polyester,100,0,synthetic,polyester,swim trunks; 2 colourway listings on men-all feed; price $88
Carhartt WIP,I033063,Hooded American Script Sweat Jacket,https://us.carhartt-wip.com/en-us/products/hooded-american-script-jacket-black-768,sweats,Sweats,-,"80% Cotton, 20% polyester",cotton,80,0,blend,-,3 colourway listings on men-all feed; price $168
Carhartt WIP,I030547,Hooded Carhartt Sweatshirt,https://us.carhartt-wip.com/en-us/products/hooded-carhartt-sweat-black-white-78,sweats,Sweats,-,"58/42% Cotton/Polyester Sweat, 13 oz",cotton,58,0,blend,-,1 colourway listings on men-all feed; price $135
Carhartt WIP,I031501,Double Knee Pant,https://us.carhartt-wip.com/en-us/products/double-knee-pant-black-rinsed-1313,trousers,Pants,-,Dearborn Canvas: 100% organic cotton,cotton,100,0,natural,cotton,5 colourway listings on men-all feed; price $168
Carhartt WIP,I031497,Single Knee Pant,https://us.carhartt-wip.com/en-us/products/single-knee-pant-tobacco-rinsed-287,trousers,Pants,-,"100% Organic Cotton 'Dearborn' Canvas, 12 oz",cotton,100,0,natural,cotton,5 colourway listings on men-all feed; price $158
Carhartt WIP,I032467,Regular Cargo Pant,https://us.carhartt-wip.com/en-us/products/regular-cargo-pant-black-rinsed-309,trousers,Pants,-,Columbia ripstop: 100% cotton,cotton,100,0,natural,cotton,3 colourway listings on men-all feed; price $158
Carhartt WIP,I003367,Sid Pant,https://us.carhartt-wip.com/en-us/products/sid-pant-black-rinsed-3060,trousers,Pants,-,"46% Cotton, 38% Lycra, 16% Polyester",cotton,46,38,blend,-,as written on PDP: 38% Lycra (possibly Lycra T400 elastomultiester); read as elastane per trademark rule; flag for human check; 4 colourway listings on men-all feed; price $138
Carhartt WIP,I034233,Master Pant,https://us.carhartt-wip.com/en-us/products/master-pant-leather-rinsed-34,trousers,Pants,-,"65/35% Polyester/Cotton 'Denison' Twill, 8.8 oz",polyester,65,0,blend,-,3 colourway listings on men-all feed; price $128
Carhartt WIP,I037117,Devitt Rugby Shirt,https://us.carhartt-wip.com/en-us/products/l-s-devitt-rugby-shirt-devitt-stripe-dark-scarab-157,tees-polos,T-Shirts,-,"100% Cotton Single Jersey, 290 g/sqm",cotton,100,0,natural,cotton,3 colourway listings on men-all feed; price $135
Carhartt WIP,I037249,Dreamrift T-Shirt,https://us.carhartt-wip.com/en-us/products/s-s-dreamrift-t-shirt-white-201,tees-polos,T-Shirts,-,"100% Organic Cotton Single Jersey, 175 g/sqm",cotton,100,0,natural,cotton,1 colourway listings on men-all feed; price $55
Carhartt WIP,I037269,Vote T-Shirt,https://us.carhartt-wip.com/en-us/products/s-s-vote-t-shirt-white-139,tees-polos,T-Shirts,-,"100% Cotton Single Jersey, 200 g/sqm",cotton,100,0,natural,cotton,3 colourway listings on men-all feed; price $58
Carhartt WIP,I034907,Simple Pant,https://us.carhartt-wip.com/en-us/products/simple-pant-black-rinsed-66,trousers,Pants,Icons,"65% Polyester, 35% cotton (Denison twill)",polyester,65,0,blend,-,5 colourway listings on men-all feed; price $118
Carhartt WIP,I026265,Base Long Sleeve T-Shirt,https://us.carhartt-wip.com/en-us/products/l-s-base-t-shirt-white-black-1638,tees-polos,T-Shirts,-,"100% Cotton Single Jersey, 180 g/sqm",cotton,100,0,natural,cotton,2 colourway listings on men-all feed; price $48
Carhartt WIP,I035281,OG Chore Coat (Spring),https://us.carhartt-wip.com/en-us/products/og-chore-coat-shady-green-shady-green-destroy-wash-509,outerwear,Jackets,Icons;OG,"100% Organic Cotton 'Dearborn' Canvas, 12 oz",cotton,100,0,natural,cotton,4 colourway listings on men-all feed; price $308
Carhartt WIP,I037260,Chez WIP T-Shirt,https://us.carhartt-wip.com/en-us/products/s-s-chez-wip-t-shirt-black-164,tees-polos,T-Shirts,-,"100% Organic Cotton Single Jersey, 175 g/sqm",cotton,100,0,natural,cotton,1 colourway listings on men-all feed; price $58
Carhartt WIP,I030435,Script Embroidery T-Shirt,https://us.carhartt-wip.com/en-us/products/s-s-script-embroidery-t-shirt-black-white-205,tees-polos,T-Shirts,-,"100% Cotton Single Jersey, 190 g/sqm",cotton,100,0,natural,cotton,1 colourway listings on men-all feed; price $48
Carhartt WIP,I030475,Regular Cargo Pant - Garment Dyed Twill,https://us.carhartt-wip.com/en-us/products/regular-cargo-pant-black-garment-dyed-183,trousers,Pants,-,"100% Organic Cotton 'Moraga' Twill, 8.25 oz",cotton,100,0,natural,cotton,1 colourway listings on men-all feed; price $155
Carhartt WIP,I022947,Simple Pant - Denim,https://us.carhartt-wip.com/en-us/products/simple-pant-blue-light-true-washed-1817,denim,Pants,-,"100% Cotton 'Norco' Denim, 11.25 oz",cotton,100,0,natural,cotton,5 colourway listings on men-all feed; price $138-$168
Carhartt WIP,I033227,A-Shirt (2 Pack),https://us.carhartt-wip.com/en-us/products/a-shirt-black-black-266,underwear-swim,Underwear,-,100% Organic cotton,cotton,100,0,natural,cotton,2 colourway listings on men-all feed; price $55
Carhartt WIP,I036869,OG Double Knee Pant,https://us.carhartt-wip.com/en-us/products/og-double-knee-pant-black-destroy-wash-291,trousers,Pants,OG,"100% Organic Cotton 'Dearborn' Canvas, 12 oz",cotton,100,0,natural,cotton,4 colourway listings on men-all feed; price $248
Carhartt WIP,I036863,Loose Pocket T-Shirt,https://us.carhartt-wip.com/en-us/products/s-s-loose-pocket-t-shirt-black-garment-dyed-904,tees-polos,T-Shirts,-,"100% Organic Cotton Single Jersey, 250 g/sqm",cotton,100,0,natural,cotton,2 colourway listings on men-all feed; price $78
Carhartt WIP,I037161,Brandon Short,https://us.carhartt-wip.com/en-us/products/brandon-short-blue-stone-bleached-34,shorts,Shorts,-,"100% Cotton 'Smith' Denim, 13.5 oz",cotton,100,0,natural,cotton,4 colourway listings on men-all feed; price $105-$128
Carhartt WIP,I029949,Nelson T-Shirt,https://us.carhartt-wip.com/en-us/products/s-s-nelson-t-shirt-black-garment-dyed-5007,tees-polos,T-Shirts,-,"100% Cotton Single Jersey, 195 g/sqm",cotton,100,0,natural,cotton,1 colourway listings on men-all feed; price $65
Carhartt WIP,I035280,OG Detroit Jacket (Spring),https://us.carhartt-wip.com/en-us/products/og-detroit-jacket-hamilton-brown-hamilton-brown-destroy-wash-514,outerwear,Jackets,Icons;OG,"100% Organic Cotton 'Dearborn' Canvas, 12 oz",cotton,100,0,natural,cotton,3 colourway listings on men-all feed; price $348
Carhartt WIP,I036889,Waves T-Shirt,https://us.carhartt-wip.com/en-us/products/s-s-waves-t-shirt-white-839,tees-polos,T-Shirts,-,"100% Organic Cotton Single Jersey, 175 g/sqm",cotton,100,0,natural,cotton,4 colourway listings on men-all feed; price $58
Carhartt WIP,I037600,Cotton Boxer,https://us.carhartt-wip.com/en-us/products/cotton-boxer-keene-stripe-curacao-39,underwear-swim,Underwear,-,"100% Cotton Poplin, 3.8 oz",cotton,100,0,natural,cotton,1 colourway listings on men-all feed; price $38
Carhartt WIP,I037020,OG Single Knee Short,https://us.carhartt-wip.com/en-us/products/og-single-knee-short-blue-rinsed-666,shorts,Shorts,OG,"100% Cotton 'Smith' Denim, 13.5 oz",cotton,100,0,natural,cotton,2 colourway listings on men-all feed; price $138
Carhartt WIP,I037575,Kade Cargo Pant,https://us.carhartt-wip.com/en-us/products/kade-cargo-pant-dark-beech-garment-dyed-32,trousers,Pants,-,"100% Cotton 'Columbia' Ripstop, 6.5 oz",cotton,100,0,natural,cotton,3 colourway listings on men-all feed; price $135
Carhartt WIP,I027042,American Script Jogging Pant,https://us.carhartt-wip.com/en-us/products/american-script-jogging-pant-black-1553,sweats,Pants,-,"80/20% Cotton/Polyester Sweat, 420 g/sqm",cotton,80,0,blend,-,2 colourway listings on men-all feed; price $128
Carhartt WIP,I034311,OG Active Jacket (Spring),https://us.carhartt-wip.com/en-us/products/og-active-jacket-black-rinsed-1551,outerwear,Jackets,Icons;OG,"100% Cotton (organic, Dearborn Canvas)",cotton,100,0,natural,cotton,1 colourway listings on men-all feed; price $288
Carhartt WIP,I032128,Pocket Heart T-Shirt,https://us.carhartt-wip.com/en-us/products/s-s-pocket-heart-t-shirt-white-red-1944,tees-polos,T-Shirts,-,"100% Cotton Single Jersey, 190 g/sqm",cotton,100,0,natural,cotton,2 colourway listings on men-all feed; price $58
Carhartt WIP,I036805,Keene Stripe Shirt,https://us.carhartt-wip.com/en-us/products/l-s-keene-shirt-keene-stripe-white-980,shirts,Shirts,-,"100% Cotton Poplin, 3.9 oz",cotton,100,0,natural,cotton,2 colourway listings on men-all feed; price $135
Carhartt WIP,I036902,Stacked Grapes T-Shirt,https://us.carhartt-wip.com/en-us/products/s-s-stacked-grapes-t-shirt-white-799,tees-polos,T-Shirts,-,"100% Organic Cotton Single Jersey, 175 g/sqm",cotton,100,0,natural,cotton,3 colourway listings on men-all feed; price $58
Carhartt WIP,I036915,Hooded Playing Cards Sweat Jacket,https://us.carhartt-wip.com/en-us/products/hooded-playing-cards-jacket-black-768,sweats,Sweats,-,"80/20% Cotton/Polyester Sweat, 425 g/sqm",cotton,80,0,blend,-,1 colourway listings on men-all feed; price $215
Carhartt WIP,I037031,OG Single Knee Pant,https://us.carhartt-wip.com/en-us/products/og-single-knee-pant-black-destroy-wash-splatter-645,denim,Pants,OG,"100% Cotton 'Smith' Denim, 13.5 oz",cotton,100,0,natural,cotton,2 colourway listings on men-all feed; price $215
Carhartt WIP,I034733,Landon Pant,https://us.carhartt-wip.com/en-us/products/landon-pant-black-destroy-wash-splatter-1571,denim,Pants,-,"100% Cotton 'Smith' Denim, 13.5 oz",cotton,100,0,natural,cotton,2 colourway listings on men-all feed; price $198
Carhartt WIP,I037548,Deck T-Shirt,https://us.carhartt-wip.com/en-us/products/s-s-deck-script-t-shirt-white-32,tees-polos,T-Shirts,-,"100% Organic Cotton Single Jersey, 175 g/sqm",cotton,100,0,natural,cotton,2 colourway listings on men-all feed; price $58
Carhartt WIP,I030799,C-Logo Oxford Shirt,https://us.carhartt-wip.com/en-us/products/l-s-c-logo-shirt-hortensia-white-1377,shirts,Shirts,-,"100% Cotton Oxford, 4.7 oz",cotton,100,0,natural,cotton,4 colourway listings on men-all feed; price $108
Carhartt WIP,I036895,Playing Cards T-Shirt,https://us.carhartt-wip.com/en-us/products/s-s-playing-card-t-shirt-white-825,tees-polos,T-Shirts,-,"100% Organic Cotton Single Jersey, 175 g/sqm",cotton,100,0,natural,cotton,2 colourway listings on men-all feed; price $58
Carhartt WIP,I036867,OG Arcan Jacket (Spring),https://us.carhartt-wip.com/en-us/products/og-arcan-jacket-hamilton-brown-hamilton-brown-destroy-wash-302,outerwear,Jackets,OG,"100% Organic Cotton 'Dearborn' Canvas, 12 oz",cotton,100,0,natural,cotton,3 colourway listings on men-all feed; price $348
Carhartt WIP,I031373,Link Script T-Shirt,https://us.carhartt-wip.com/en-us/products/s-s-link-script-t-shirt-white-black-1775,tees-polos,T-Shirts,-,"100% Organic Cotton Single Jersey, 230 g/sqm",cotton,100,0,natural,cotton,2 colourway listings on men-all feed; price $65
Carhartt WIP,I033064,Hooded Nelson Sweat Jacket,https://us.carhartt-wip.com/en-us/products/hooded-nelson-jacket-black-garment-dyed-98,sweats,Sweats,-,"100% Cotton Sweat, 370 g/sqm",cotton,100,0,natural,cotton,1 colourway listings on men-all feed; price $198
Carhartt WIP,I036868,Brader Blazer - Cooper Twill,https://us.carhartt-wip.com/en-us/products/brader-blazer-black-rinsed-894,tailoring,Jackets,-,"100% Cotton 'Cooper' Twill, 9.3 oz",cotton,100,0,natural,cotton,2 colourway listings on men-all feed; price $208
Carhartt WIP,I034867,Double Knee Short,https://us.carhartt-wip.com/en-us/products/double-knee-short-black-stone-washed-140,shorts,Shorts,-,100% Cotton (Smith denim),cotton,100,0,natural,cotton,2 colourway listings on men-all feed; price $138-$155
Carhartt WIP,I036593,OG Detroit Jacket - Camano Denim (Spring),https://us.carhartt-wip.com/en-us/products/og-detroit-jacket-blue-black-rinsed-59,outerwear,Jackets,OG,"100% Cotton 'Camano' Denim, 12 oz",cotton,100,0,natural,cotton,1 colourway listings on men-all feed; price $265
Carhartt WIP,I032232,OG Active Jacket - Denim (Winter),https://us.carhartt-wip.com/en-us/products/og-active-jacket-black-stone-washed-1164,outerwear,Jackets,Icons;OG,Maitland denim: 100% organic cotton,cotton,100,0,natural,cotton,1 colourway listings on men-all feed; price $288
Carhartt WIP,I037446,Coffee Break T-Shirt,https://us.carhartt-wip.com/en-us/products/s-s-coffee-break-t-shirt-black-48,tees-polos,T-Shirts,-,"100% Organic Cotton Single Jersey, 200 g/sqm",cotton,100,0,natural,cotton,2 colourway listings on men-all feed; price $65
Carhartt WIP,I032026,Single Knee Short - Denim,https://us.carhartt-wip.com/en-us/products/single-knee-short-blue-stone-washed-133,shorts,Shorts,-,Smith denim: 100% cotton,cotton,100,0,natural,cotton,2 colourway listings on men-all feed; price $118
Carhartt WIP,I036900,Fan T-Shirt,https://us.carhartt-wip.com/en-us/products/s-s-fan-t-shirt-shady-purple-808,tees-polos,T-Shirts,-,"100% Organic Cotton Single Jersey, 175 g/sqm",cotton,100,0,natural,cotton,1 colourway listings on men-all feed; price $58
Carhartt WIP,I033333,Simple Short - Denim,https://us.carhartt-wip.com/en-us/products/simple-short-blue-stone-washed-90,shorts,Shorts,-,100% Cotton (Norco denim),cotton,100,0,natural,cotton,1 colourway listings on men-all feed; price $108
Carhartt WIP,I036806,Short Sleeve Keene Stripe Shirt,https://us.carhartt-wip.com/en-us/products/s-s-keene-shirt-keene-stripe-curacao-978,shirts,Shirts,-,"100% Cotton Poplin, 3.9 oz",cotton,100,0,natural,cotton,2 colourway listings on men-all feed; price $118
Carhartt WIP,I036856,Short Sleeve Painter Polo,https://us.carhartt-wip.com/en-us/products/s-s-painter-polo-black-destroy-wash-splatter-920,tees-polos,T-Shirts,-,100% Cotton 'Garment Washed' Pique 240 g/sqm,cotton,100,0,natural,cotton,2 colourway listings on men-all feed; price $108
Carhartt WIP,I037033,Curtis Sweater Jacket,https://us.carhartt-wip.com/en-us/products/curtis-sweater-jacket-tangled-shungite-643,knitwear,Sweaters,-,"51/32/11/4/2% Acrylic/Recycled Polyester/Nylon/Wool/Elastane, 7 gauge",acrylic,51,2,blend,-,2 colourway listings on men-all feed; price $198
Carhartt WIP,I035394,Curtis Sweater,https://us.carhartt-wip.com/en-us/products/curtis-sweater-tangled-shady-purple-1157,knitwear,Sweaters,-,"51/32/11/4/2% Acrylic/Recycled Polyester/Nylon/Wool/Elastane, 7 gauge",acrylic,51,2,blend,-,2 colourway listings on men-all feed; price $188
Carhartt WIP,I036884,Bumper Stickers T-Shirt,https://us.carhartt-wip.com/en-us/products/s-s-bumper-stickers-t-shirt-black-853,tees-polos,T-Shirts,-,"100% Organic Cotton Single Jersey, 175 g/sqm",cotton,100,0,natural,cotton,1 colourway listings on men-all feed; price $58
Carhartt WIP,I036871,OG Single Knee Pant - Cooper Twill,https://us.carhartt-wip.com/en-us/products/og-single-knee-pant-black-rinsed-884,trousers,Pants,OG,"100% Cotton 'Cooper' Twill, 9.3 oz",cotton,100,0,natural,cotton,1 colourway listings on men-all feed; price $168
Carhartt WIP,I037127,Atoka Jacket,https://us.carhartt-wip.com/en-us/products/atoka-jacket-palisander-436,outerwear,Jackets,-,"75/25% Wool/Nylon Twill, 15.92 oz",wool,75,0,blend,-,1 colourway listings on men-all feed; price $348
Carhartt WIP,I037130,Ardon Jacket,https://us.carhartt-wip.com/en-us/products/ardon-jacket-shungite-black-430,outerwear,Jackets,-,"100% Nylon Ripstop, 1.62 oz",polyamide,100,0,synthetic,polyamide,1 colourway listings on men-all feed; price $348
Carhartt WIP,I036913,Hooded Painter Sweat Jacket,https://us.carhartt-wip.com/en-us/products/hooded-painter-jacket-black-destroy-wash-splatter-774,sweats,Sweats,-,"100% Cotton Sweat, 430 g/sqm",cotton,100,0,natural,cotton,1 colourway listings on men-all feed; price $218
Chubbies,001,The Cobblestones 5.5in (Stretch),https://www.chubbiesshorts.com/products/the-cobblestones-5-5-stretch,shorts,Shorts,Originals,98% cotton / 2% spandex,cotton,98,2,blend,-,35 colourways in feed (SKU stem 001); 5.5in Originals; one colourway (The Patch Daddy) states 80% Polyester / 20% Cotton
Chubbies,004,The Elfs 5.5in,https://www.chubbiesshorts.com/products/the-elfs-5-5-quot,shorts,Shorts,-,98% cotton / 2% spandex,cotton,98,2,blend,-,3 colourways in feed (SKU stem 004); Ol' St. Nicks holiday short
Chubbies,009,The Chubberalls (Stretch Denim),https://www.chubbiesshorts.com/products/the-chubberalls-2-0,other,derived,-,98% cotton / 2% spandex,cotton,98,2,blend,-,1 colourways in feed (SKU stem 009); other: overalls
Chubbies,012,The Roses 7in (Originals),https://www.chubbiesshorts.com/products/the-roses-7-originals,shorts,Shorts,Originals,98% cotton/2% spandex,cotton,98,2,blend,-,13 colourways in feed (SKU stem 012); 7in Originals
Chubbies,014,The Cherries 5.5in (Chino),https://www.chubbiesshorts.com/products/the-cherries-5-5-chino,shorts,Shorts,-,98% cotton / 2% spandex,cotton,98,2,blend,-,13 colourways in feed (SKU stem 014); 5.5in chino short; COO tag MEXICO in feed
Chubbies,015,The Alpine Skies 7in (Chino),https://www.chubbiesshorts.com/products/the-alpine-skies-7-chino,shorts,Shorts,-,98% cotton / 2% spandex,cotton,98,2,blend,-,13 colourways in feed (SKU stem 015); 7in chino short; COO tag MEXICO in feed
Chubbies,018,The Smoked Glasses 6in (Everywear Performance Short),https://www.chubbiesshorts.com/products/the-smoked-glasses-6-quot-everywear-performance-short,shorts,Shorts,Everywear,89% Polyester/11% Spandex,polyester,89,11,synthetic,-,12 colourways in feed (SKU stem 018)
Chubbies,024,The Cherries 5.5in (Flannel Lined Originals),https://www.chubbiesshorts.com/products/the-cherries-5-5-flannel-lined-originals,shorts,Shorts,Originals,98% Cotton / 2% Spandex,cotton,98,2,blend,-,2 colourways in feed (SKU stem 024)
Chubbies,029,The Tahoes 6in (Everywear Stretch),https://www.chubbiesshorts.com/products/the-tahoes-6-everywear-short,shorts,Shorts,Everywear,89% Polyester/11% Spandex,polyester,89,11,synthetic,-,13 colourways in feed (SKU stem 029); COO tag VIETNAM in feed
Chubbies,031,The Open Rodeos (Cloud 10 Shorts),https://www.chubbiesshorts.com/products/the-open-rodeos-cloud-10-shorts,shorts,Shorts,Cloud 10,80% Polyester/17% Rayon/3% Spandex,polyester,80,3,blend,-,4 colourways in feed (SKU stem 031)
Chubbies,052,The Wolf Pack (Cut-Off Comfort Hoodie),https://www.chubbiesshorts.com/products/the-wolf-pack-cut-off-comfort-hoodie,sweats,Tops/Pants (lounge),Comfort,100% garment-dyed cotton,cotton,100,0,natural,cotton,2 colourways in feed (SKU stem 052); composition from PDP Fabric section
Chubbies,055,The Night Shifter 4in (Striped Denim Originals) (CQS),https://www.chubbiesshorts.com/products/the-night-shifter-4-striped-denim-originals-cqs,shorts,Shorts,Originals,100% cotton,cotton,100,0,natural,cotton,21 colourways in feed (SKU stem 055); 4in Originals
Chubbies,056,The Light Wash (Denim Short),https://www.chubbiesshorts.com/products/the-light-wash-denim-short,shorts,Shorts,-,100% cotton,cotton,100,0,natural,cotton,1 colourways in feed (SKU stem 056); composition from PDP text
Chubbies,058,The Capes (Movementum Short),https://www.chubbiesshorts.com/products/the-capes-movementum-short,shorts,Shorts,Movementum,89% Polyester/11% Spandex,polyester,89,11,synthetic,-,1 colourways in feed (SKU stem 058)
Chubbies,061,The Groovy With It Eagles (Mesh Short),https://www.chubbiesshorts.com/products/the-groovy-with-it-eagles-mesh-short,shorts,Shorts,NFL,100% Polyester,polyester,100,0,synthetic,polyester,71 colourways in feed (SKU stem 061); NFL licensed
Chubbies,073,The That's The Spirits (Satin Sleep Short),https://www.chubbiesshorts.com/products/the-that-x27-s-the-spirits-satin-sleep-short,other,derived,-,95% Polyester / 5% Spandex,polyester,95,5,synthetic,-,1 colourways in feed (SKU stem 073); other: sleepwear
Chubbies,076,The Tahoes 8in (Everywear Stretch),https://www.chubbiesshorts.com/products/the-tahoes-8-everywear,shorts,Shorts,Everywear,89% Polyester/11% Spandex,polyester,89,11,synthetic,-,14 colourways in feed (SKU stem 076)
Chubbies,078,The Brownies (Off-Duty Short),https://www.chubbiesshorts.com/products/the-brownies-off-duty-short,shorts,Shorts,Off-Duty,50% Cotton / 29% Tencel / 21% Linen,cotton,50,0,blend,-,8 colourways in feed (SKU stem 078)
Chubbies,081,The Fogs 6in (Everywear Stretch),https://www.chubbiesshorts.com/products/the-fogs-6-everywear-stretch,shorts,Shorts,Everywear,89% Polyester/11% Spandex,polyester,89,11,synthetic,-,1 colourways in feed (SKU stem 081)
Chubbies,082,The Santa Slays 5.5in (Party Short),https://www.chubbiesshorts.com/products/the-santa-slays-5-5-party-short,shorts,Shorts,-,86% polyester/14% spandex,polyester,86,14,synthetic,-,1 colourways in feed (SKU stem 082)
Chubbies,086,The Steel Grays (Comfort Short),https://www.chubbiesshorts.com/products/the-steel-grays-comfort-short,shorts,Shorts,Comfort,100% garment-dyed cotton,cotton,100,0,natural,cotton,16 colourways in feed (SKU stem 086); composition from PDP Fabric section
Chubbies,087,The Wilde and Brave 2in (Originals),https://www.chubbiesshorts.com/products/the-wilde-and-brave-2-originals,shorts,Shorts,Originals,98% cotton/2% spandex,cotton,98,2,blend,-,18 colourways in feed (SKU stem 087); 2in Originals
Chubbies,088,The Zest 4in (Everywear Performance Short),https://www.chubbiesshorts.com/products/the-zest-4-everywear-performance-short,shorts,Shorts,Everywear,89% Polyester/11% Spandex,polyester,89,11,synthetic,-,8 colourways in feed (SKU stem 088)
Chubbies,094,The Sandstones 5.5in (Waffle Cord Originals),https://www.chubbiesshorts.com/products/the-sandstones-5-5-waffle-cord-originals,shorts,Shorts,Originals,100% cotton,cotton,100,0,natural,cotton,5 colourways in feed (SKU stem 094); one colourway states 98% cotton / 2% spandex
Chubbies,096,The Rusty Cobalts 6in (Breezetech Everywear Performance Short),https://www.chubbiesshorts.com/products/the-rusty-cobalts-6-breezetech-everywear-performance-short,shorts,Shorts,Everywear;Breezetech,96% Polyester/4% Spandex,polyester,96,4,synthetic,-,10 colourways in feed (SKU stem 096)
Chubbies,098,The Rainbow Rhythms 5.5in (Fringe Party Short),https://www.chubbiesshorts.com/products/the-rainbow-rhythms-5-5-fringe-party-short,shorts,Shorts,-,86% polyester/14% spandex,polyester,86,14,synthetic,-,2 colourways in feed (SKU stem 098); composition from PDP Fabric section
Chubbies,103,The Island Hoppers (Swim Brief),https://www.chubbiesshorts.com/products/the-island-hoppers-swim-brief,underwear-swim,Swim,-,78% Elastane / 22% Spandex,elastane,78,100,synthetic,-,3 colourways in feed (SKU stem 103); as written on the page; likely a site error (both parts are elastane)
Chubbies,109,The Washed Ashores 5.5in (Classic Swim Trunk)- Gray,https://www.chubbiesshorts.com/products/the-washed-ashores-5-5-classic-swim-trunk-gray,underwear-swim,Swim,Classic Swim,92% Polyester/8% Spandex,polyester,92,8,synthetic,-,43 colourways in feed (SKU stem 109)
Chubbies,110,The Variegateds 7in (Classic Swim Trunk)- Purple,https://www.chubbiesshorts.com/products/the-variegateds-7-quot-classic-swim-trunk-purple,underwear-swim,Swim,Classic Swim,92% Polyester/8% Spandex,polyester,92,8,synthetic,-,15 colourways in feed (SKU stem 110)
Chubbies,114,The Bald Eagles (Tearaway Trunk),https://www.chubbiesshorts.com/products/the-bald-eagles-tearaway-trunk,underwear-swim,Swim,-,92% Polyester/8% Spandex,polyester,92,8,synthetic,-,1 colourways in feed (SKU stem 114)
Chubbies,115,The Apex Swimmers 4in (Classic Swim Trunk),https://www.chubbiesshorts.com/products/the-ape-swimmers-4-quot-stretch-zipper-back-pocket,underwear-swim,Swim,Classic Swim,92% Polyester/8% Spandex,polyester,92,8,synthetic,-,7 colourways in feed (SKU stem 115)
Chubbies,125,The Packers Deep End Zones 5.5in (Classic Lined Swim Trunk),https://www.chubbiesshorts.com/products/the-packers-deep-end-zones-5-5-classic-lined-swim-trunk,underwear-swim,Swim,Classic Lined Swim;NFL,92% Polyester/8% Spandex,polyester,92,8,synthetic,-,11 colourways in feed (SKU stem 125); NFL licensed
Chubbies,126,The Groovy With It 49ers 5.5in (Classic Lined Swim Trunk),https://www.chubbiesshorts.com/products/the-groovy-with-it-49ers-5-5-classic-lined-swim-trunk,underwear-swim,Swim,Classic Lined Swim,92% Polyester/8% Spandex,polyester,92,8,synthetic,-,194 colourways in feed (SKU stem 126); 194 colourways incl. NFL prints
Chubbies,129,The Washed Ashores 7in (Classic Lined Swim Trunk)- Gray,https://www.chubbiesshorts.com/products/the-washed-ashores-7-classic-lined-swim-trunk-gray,underwear-swim,Swim,Classic Lined Swim,92% Polyester/8% Spandex,polyester,92,8,synthetic,-,43 colourways in feed (SKU stem 129)
Chubbies,130,The Electric Dusks 4in (Classic Lined Swim Trunk),https://www.chubbiesshorts.com/products/the-electric-dusks-4-classic-lined-swim-trunk,underwear-swim,Swim,Classic Lined Swim,92% Polyester/8% Spandex,polyester,92,8,synthetic,-,49 colourways in feed (SKU stem 130)
Chubbies,131,The Triton of the Seas 5.5in (Classic Swim Trunk),https://www.chubbiesshorts.com/products/the-triton-of-the-seas-5-5-classic-swim-trunk,underwear-swim,Swim,Classic Swim,92% Polyester/8% Spandex,polyester,92,8,synthetic,-,6 colourways in feed (SKU stem 131)
Chubbies,134,The Spades 7in (Classic Swim Trunk),https://www.chubbiesshorts.com/products/the-spades-7-classic-swim-trunk,underwear-swim,Swim,Classic Swim,92% Polyester/8% Spandex,polyester,92,8,synthetic,-,5 colourways in feed (SKU stem 134)
Chubbies,138,The Capes 4in (Classic Swim Trunk),https://www.chubbiesshorts.com/products/the-capes-4-classic-swim-trunk,underwear-swim,Swim,Classic Swim,92% Polyester/8% Spandex,polyester,92,8,synthetic,-,1 colourways in feed (SKU stem 138)
Chubbies,141,The In Field 5.5in (Textured Swim),https://www.chubbiesshorts.com/products/the-in-field-5-5-quot-textured-swim,underwear-swim,Swim,-,100% Polyester,polyester,100,0,synthetic,polyester,1 colourways in feed (SKU stem 141); composition from PDP text
Chubbies,142,The Frozen Lakes 5.5in (Textured Lined Swim),https://www.chubbiesshorts.com/products/the-frozen-lakes-5-5-textured-lined-swim,underwear-swim,Swim,-,100% polyester,polyester,100,0,synthetic,polyester,10 colourways in feed (SKU stem 142)
Chubbies,143,The House of the Rising Buns 5.5in (Retro Faded Swim),https://www.chubbiesshorts.com/products/the-house-of-the-rising-buns-5-5-vintage-wash-pieced-swim,underwear-swim,Swim,-,51% Cotton / 42% Polyester / 7% Spandex,cotton,51,7,blend,-,1 colourways in feed (SKU stem 143)
Chubbies,145,The Olive You Mans 5.5in (Grid Textured Lined Swim),https://www.chubbiesshorts.com/products/the-olive-you-mans-5-5-grid-textured-lined-swim,underwear-swim,Swim,-,97% polyester/3% spandex,polyester,97,3,synthetic,-,5 colourways in feed (SKU stem 145)
Chubbies,146,The Ultramarine 5.5in (Lined Metallic Swim),https://www.chubbiesshorts.com/products/the-ultramarine-5-5-lined-metallic-swim,underwear-swim,Swim,-,43% Nylon/50% Polyester/7% Spandex,polyester,50,7,synthetic,-,4 colourways in feed (SKU stem 146); polyester leads (50%) though nylon listed first
Chubbies,147,The Shadow Flora 5.5in (Rigid Swim Trunk),https://www.chubbiesshorts.com/products/the-shadow-flora-5-5-rigid-swim-trunk,underwear-swim,Swim,-,100% Polyester,polyester,100,0,synthetic,polyester,1 colourways in feed (SKU stem 147); composition from PDP text
Chubbies,148,The Frozen Lakes 7in (Textured Lined Swim),https://www.chubbiesshorts.com/products/the-frozen-lakes-7-textured-lined-swim,underwear-swim,Swim,-,100% polyester,polyester,100,0,synthetic,polyester,7 colourways in feed (SKU stem 148)
Chubbies,149,The Dreamhouse Pinks 2in (Classic Lined Swim Trunk),https://www.chubbiesshorts.com/products/the-dreamhouse-pinks-2-classic-lined-swim-trunk,underwear-swim,Swim,Classic Lined Swim,92% polyester/8% spandex,polyester,92,8,synthetic,-,20 colourways in feed (SKU stem 149)
Chubbies,225,The Smooth Mauve (Legacy Shirt),https://www.chubbiesshorts.com/products/the-smooth-mauve-legacy-shirt,tees-polos,Tops,-,100% Cotton,cotton,100,0,natural,cotton,2 colourways in feed (SKU stem 225); knit rugby shirt
Chubbies,227,The Packers Game Day Fit (NFL Puffer Chubbsie),https://www.chubbiesshorts.com/products/the-packers-game-day-fit-puffer-chubbsie,other,derived,NFL,100% polyester,polyester,100,0,synthetic,polyester,2 colourways in feed (SKU stem 227); other: wearable puffer (sleeping-bag style); NFL licensed
Chubbies,228,The Do Me A Solid (Legacy Shirt),https://www.chubbiesshorts.com/products/the-do-me-a-solid-rugby-shirt,tees-polos,Tops,-,100% Cotton,cotton,100,0,natural,cotton,1 colourways in feed (SKU stem 228); knit rugby shirt
Chubbies,300,The Oh Hey There Tee (Ultimate Tee),https://www.chubbiesshorts.com/products/the-oh-hey-there-t-ultimate-tee,tees-polos,Tops,-,100% Polyester,polyester,100,0,synthetic,polyester,1 colourways in feed (SKU stem 300)
Chubbies,304,The Graphites 4in (Ultimate Training Short),https://www.chubbiesshorts.com/products/the-graphites-4-ultimate-training-short,shorts,Shorts,Ultimate Training,86% polyester/14% spandex,polyester,86,14,synthetic,-,7 colourways in feed (SKU stem 304)
Chubbies,317,The Fortitude and Grit (CoMotion Unlined Short),https://www.chubbiesshorts.com/products/the-fortitude-and-grit-comotion-unlined-short,shorts,Shorts,CoMotion,60% cotton / 40% polyester,cotton,60,0,blend,-,3 colourways in feed (SKU stem 317)
Chubbies,339,The Orchids 5.5in (Blocked Ultimate Training Short),https://www.chubbiesshorts.com/products/the-orchids-5-5-blocked-ultimate-training-short,shorts,Shorts,Ultimate Training,86% Polyester/14% Spandex,polyester,86,14,synthetic,-,14 colourways in feed (SKU stem 339)
Chubbies,340,The Wash on Wash Offs 4in (Ultimate Training Short),https://www.chubbiesshorts.com/products/the-wash-on-wash-offs-4-ultimate-training-short-1,shorts,Shorts,Ultimate Training,86% Polyester/14% Spandex,polyester,86,14,synthetic,-,8 colourways in feed (SKU stem 340)
Chubbies,344,The Secret Agent (Set Hoodie),https://www.chubbiesshorts.com/products/the-secret-agent-set-hoodie,sweats,Tops/Pants (lounge),-,80% Rayon / 13% Nylon / 7% Spandex,viscose,80,7,blend,-,3 colourways in feed (SKU stem 344)
Chubbies,347,The Zest (Rec Tee),https://www.chubbiesshorts.com/products/the-zest-rec-tee,tees-polos,Tops,Rec,43% polyester / 46% nylon / 11% spandex,polyamide,46,11,synthetic,-,11 colourways in feed (SKU stem 347); nylon leads (46%)
Chubbies,349,The Midnight Ride (Ski Ya Short),https://www.chubbiesshorts.com/products/the-midnight-ride-ski-ya-short,shorts,Shorts,-,100% Polyester,polyester,100,0,synthetic,polyester,1 colourways in feed (SKU stem 349)
Chubbies,350,The Elements 5.5in (Ultimate Training Short with Hidden Liner)- Blue,https://www.chubbiesshorts.com/products/the-elements-5-5-ultimate-training-short-with-hidden-liner-blue,shorts,Shorts,Ultimate Training,86% Polyester/14% Spandex,polyester,86,14,synthetic,-,17 colourways in feed (SKU stem 350)
Chubbies,352,The Thunderwears 5.5in (Crinkle Ultimate Training Short),https://www.chubbiesshorts.com/products/the-thunderwears-5-5-crinkle-ultimate-training-short,shorts,Shorts,Ultimate Training,100% nylon,polyamide,100,0,synthetic,polyamide,3 colourways in feed (SKU stem 352)
Chubbies,353,The Zest (Rec Tank),https://www.chubbiesshorts.com/products/the-zest-rec-tank,tees-polos,Tops,Rec,43% polyester / 46% nylon / 11% spandex,polyamide,46,11,synthetic,-,5 colourways in feed (SKU stem 353); nylon leads (46%)
Chubbies,358,The Fortitude and Grit (CoMotion Hoodie),https://www.chubbiesshorts.com/products/the-fortitude-and-grit-comotion-hoodie,sweats,Tops/Pants (lounge),CoMotion,60% cotton / 40% polyester,cotton,60,0,blend,-,3 colourways in feed (SKU stem 358)
Chubbies,359,The Elements 7in (Ultimate Training Short with Hidden Liner) - Purple,https://www.chubbiesshorts.com/products/the-elements-7-ultimate-training-short-with-hidden-liner-purple,shorts,Shorts,Ultimate Training,86% Polyester/14% Spandex,polyester,86,14,synthetic,-,6 colourways in feed (SKU stem 359)
Chubbies,444-A,The Calm Seas (Crochet Sunday Shirt),https://www.chubbiesshorts.com/products/the-calm-seas-crochet-sunday-shirt-cream-navy-cqs,shirts,Tops (Button Ups),Sunday Shirt,65% polyester/35% cotton,polyester,65,0,blend,-,5 colourways in feed (SKU stem 444); stem 444 split by sub-style; Sunday/Crochet/Knit Sunday Shirt; PDP Fabric section says 65/35 but Diamond Dozen description says 100% cotton
Chubbies,444-B,The Ivory Lotus (Rayon Sunday Shirt),https://www.chubbiesshorts.com/products/the-ivory-lotus-rayon-sunday-shirt,shirts,Tops (Button Ups),Sunday Shirt,100% Rayon,viscose,100,0,cellulosic,viscose,8 colourways in feed (SKU stem 444); stem 444 split by sub-style; composition from PDP text
Chubbies,444-C,The After Hour (Fashion Sunday Shirt),https://www.chubbiesshorts.com/products/the-after-hour-fashion-sunday-shirt,shirts,Tops (Button Ups),Sunday Shirt,100% Cotton,cotton,100,0,natural,cotton,3 colourways in feed (SKU stem 444); stem 444 split; colourway Grid Escape is 78% Cotton / 22% Linen
Chubbies,444-D,The Mushroom (Destination Sunday Shirt),https://www.chubbiesshorts.com/products/the-mushroom-destination-sunday-shirt,shirts,Tops (Button Ups),Sunday Shirt,100% cotton,cotton,100,0,natural,cotton,2 colourways in feed (SKU stem 444); stem 444 split; composition from PDP text
Chubbies,444-E,The Shadow Flora (Coastline Shirt),https://www.chubbiesshorts.com/products/the-shadow-flora-coastline-shirt,shirts,Tops (Button Ups),-,50% Tencel / 50% Linen,lyocell,50,0,blend,-,"2 colourways in feed (SKU stem 444); stem 444 split; tie, first-listed (Tencel) leads"
Chubbies,493,The Groovy With It 49ers (Comfort Hoodie),https://www.chubbiesshorts.com/products/the-groovy-with-it-49ers-comfort-hoodie,sweats,Tops/Pants (lounge),Comfort;NFL,100% garment-dyed cotton,cotton,100,0,natural,cotton,29 colourways in feed (SKU stem 493); composition from PDP Fabric section
Chubbies,501-A,(Performance Friday Shirt),https://www.chubbiesshorts.com/products/the-single-and-ready-to-flamingle-performance-friday-shirt,shirts,Tops (Button Ups),Friday Shirt,86% Polyester / 14% Spandex,polyester,86,14,synthetic,-,8 colourways in feed (SKU stem 501); stem 501 split by sub-style
Chubbies,501-B,Breezetech Friday Shirt (Bloomerang),https://www.chubbiesshorts.com/products/the-bloomerang-breezetech-2-0,shirts,Tops (Button Ups),Friday Shirt;Breezetech,89% Polyester / 11% Spandex,polyester,89,11,synthetic,-,16 colourways in feed (SKU stem 501); stem 501 split by sub-style
Chubbies,502,The Vaporwave (Non Pocket Graphic Tee),https://www.chubbiesshorts.com/products/the-vaporwave-non-pocket-graphic-tee,tees-polos,Tops,-,60% Cotton / 40% Polyester,cotton,60,0,blend,-,34 colourways in feed (SKU stem 502)
Chubbies,504,The Perfectly Oat-ay (L/S Pocket T-Shirt),https://www.chubbiesshorts.com/products/the-perfectly-oat-ay-l-s-pocket-t-shirt,tees-polos,Tops,-,60% Cotton / 40% Polyester,cotton,60,0,blend,-,3 colourways in feed (SKU stem 504)
Chubbies,505,The Domingos For Flamingo (Non Pocket T-Shirt),https://www.chubbiesshorts.com/products/the-domingos-for-flamingo-non-pocket-t-shirt,tees-polos,Tops,-,60% Cotton / 40% Polyester,cotton,60,0,blend,-,1 colourways in feed (SKU stem 505)
Chubbies,517,The Pastel Pineapple (LS Button Down),https://www.chubbiesshorts.com/products/the-pastel-pineapple-ls-button-down,shirts,Tops (Button Ups),-,100% cotton,cotton,100,0,natural,cotton,4 colourways in feed (SKU stem 517)
Chubbies,542,The Corporate Country (The Legacy Shirt),https://www.chubbiesshorts.com/products/the-corporate-country-the-legacy-shirt,tees-polos,Tops,-,100% Cotton,cotton,100,0,natural,cotton,1 colourways in feed (SKU stem 542); knit rugby shirt; sold out on read date
Chubbies,559,The Pistachio Glow (Knit Polo),https://www.chubbiesshorts.com/products/the-pistachio-glow-knit-polo,tees-polos,Tops,-,100% cotton,cotton,100,0,natural,cotton,6 colourways in feed (SKU stem 559)
Chubbies,570,The Vanna (Textured Performance Polo),https://www.chubbiesshorts.com/products/the-vanna-textured-performance-polo,tees-polos,Tops,-,81% polyester/19% spandex,polyester,81,19,synthetic,-,8 colourways in feed (SKU stem 570)
Chubbies,573,The Holy Holographic (Apres Jacket),https://www.chubbiesshorts.com/products/the-holy-holographic-apres-jacket,outerwear,"Hoodies, Jackets & Layers",-,92% nylon/8% spandex,polyamide,92,8,synthetic,-,2 colourways in feed (SKU stem 573)
Chubbies,582,Performance Polo (Electric Slide),https://www.chubbiesshorts.com/products/the-electric-slide-performance-polo,tees-polos,Tops,-,88% Polyester / 12% Spandex,polyester,88,12,synthetic,-,180 colourways in feed (SKU stem 582); includes NFL polos and one Performance Polo filed under stem 501
Chubbies,590,The Slate Sky (Comfort Crew),https://www.chubbiesshorts.com/products/the-slate-sky-comfort-crew,sweats,Tops/Pants (lounge),Comfort,100% garment-dyed cotton,cotton,100,0,natural,cotton,13 colourways in feed (SKU stem 590); composition from PDP text
Chubbies,603,The Habitual Ritual (Resort Weave Friday Shirt)- Tan,https://www.chubbiesshorts.com/products/the-habitual-ritual-resort-weave-friday-shirt-tan,shirts,Tops (Button Ups),Friday Shirt;Resort Weave,60% cotton / 40% viscose,cotton,60,0,blend,-,20 colourways in feed (SKU stem 603)
Chubbies,606,The Sketchy (Soft Terry Crewneck),https://www.chubbiesshorts.com/products/the-sketchy-soft-terry-crewneck,sweats,Tops/Pants (lounge),-,64% Polyester / 34% Rayon / 2% Spandex,polyester,64,2,blend,-,2 colourways in feed (SKU stem 606)
Chubbies,607,The Fly-Mingo- Blue (Satin Sleep Shirt),https://www.chubbiesshorts.com/products/the-fly-mingo-blue-satin-sleep-shirt,other,derived,-,95% Polyester / 5% Spandex,polyester,95,5,synthetic,-,3 colourways in feed (SKU stem 607); other: sleepwear
Chubbies,609,The Alpine Lakes (Movementum Jogger),https://www.chubbiesshorts.com/products/the-alpine-lakes-movementum-jogger,sweats,Tops/Pants (lounge),Movementum,89% Polyester/11% Spandex,polyester,89,11,synthetic,-,1 colourways in feed (SKU stem 609)
Chubbies,611,The Tacking Toward (Sun Hoodie),https://www.chubbiesshorts.com/products/the-tacking-toward-sun-hoodie,tees-polos,Tops,-,100% Polyester,polyester,100,0,synthetic,polyester,"3 colourways in feed (SKU stem 611); lightweight UPF hooded top, filed with tees"
Chubbies,612,The Electric Dusk (Range Polo),https://www.chubbiesshorts.com/products/the-electric-dusk-range-polo,tees-polos,Tops,Range,95% polyester / 5% spandex,polyester,95,5,synthetic,-,35 colourways in feed (SKU stem 612)
Chubbies,615,The Ol' Log Cabin (Quilted Quarter-Zip),https://www.chubbiesshorts.com/products/the-ol-log-cabin-quilted-quarter-zip,sweats,Tops/Pants (lounge),-,60% Cotton / 40% Polyester,cotton,60,0,blend,-,6 colourways in feed (SKU stem 615); house type MID LAYER
Chubbies,622,The Berrywood Check (Cloud 10 Overshirt),https://www.chubbiesshorts.com/products/the-berrywood-check-cloud-10-overshirt,shirts,Tops (Button Ups),Cloud 10,80% Tensel / 17% Rayon / 3% Spandex,lyocell,80,3,blend,-,9 colourways in feed (SKU stem 622); 'Tensel' read as TENCEL lyocell
Chubbies,625,The Blue Crew (UPF Shirt),https://www.chubbiesshorts.com/products/the-blue-crew-upf-shirt,shirts,Tops (Button Ups),-,86% Polyester 14% Spandex,polyester,86,14,synthetic,-,3 colourways in feed (SKU stem 625)
Chubbies,629,The Surfer (Pocket Graphic T-Shirt),https://www.chubbiesshorts.com/products/the-surfer-pocket-graphic-t-shirt,tees-polos,Tops,-,60% Cotton / 40% Polyester,cotton,60,0,blend,-,1 colourways in feed (SKU stem 629); composition from PDP text
Chubbies,630,"The Palm, Wave & Sunset (Non Pocket Graphic Tank) - Navy",https://www.chubbiesshorts.com/products/the-palm-wave-sunset-non-pocket-graphic-tank-navy,tees-polos,Tops,-,60% Cotton / 40% Polyester,cotton,60,0,blend,-,4 colourways in feed (SKU stem 630); composition from PDP text
Chubbies,631,The Stamp of Freedom (Sun Crewneck),https://www.chubbiesshorts.com/products/the-stamp-of-freedom-sun-crewneck,tees-polos,Tops,-,100% Polyester,polyester,100,0,synthetic,polyester,7 colourways in feed (SKU stem 631)
Chubbies,633,The Alpine Sky (Oversized Tee),https://www.chubbiesshorts.com/products/the-alpine-sky-oversized-tee,tees-polos,Tops,-,100% Cotton,cotton,100,0,natural,cotton,8 colourways in feed (SKU stem 633); composition from PDP text
Chubbies,634,The Relaxer (L/S Non Pocket T-Shirt) - Olive Green,https://www.chubbiesshorts.com/products/the-relaxer-l-s-non-pocket-t-shirt-olive-green,tees-polos,Tops,-,60% Cotton / 40% Polyester,cotton,60,0,blend,-,1 colourways in feed (SKU stem 634)
Chubbies,637,The Kaleidocamo (VersaQuilt Packable Jacket),https://www.chubbiesshorts.com/products/the-kaleidocamo-versaquilt-packable-jacket,outerwear,"Hoodies, Jackets & Layers",-,100% nylon,polyamide,100,0,synthetic,polyamide,4 colourways in feed (SKU stem 637)
Chubbies,638,The Festifuns (Range Pullover),https://www.chubbiesshorts.com/products/the-festifuns-range-pullover,sweats,Tops/Pants (lounge),Range,85% Nylon / 15% Spandex,polyamide,85,15,synthetic,-,1 colourways in feed (SKU stem 638)
Chubbies,641,The Open Rodeo (Cloud 10 Hoodie),https://www.chubbiesshorts.com/products/the-open-rodeo-cloud-10-hoodie,sweats,Tops/Pants (lounge),Cloud 10,80% Polyester/17% Rayon/3% Spandex,polyester,80,3,blend,-,6 colourways in feed (SKU stem 641)
Chubbies,642,"The 24/7, 365 (Essential Non Pocket T-Shirt) - Peacock",https://www.chubbiesshorts.com/products/the-24-7-365-essential-non-pocket-t-shirt-peacock,tees-polos,Tops,-,100% Cotton,cotton,100,0,natural,cotton,12 colourways in feed (SKU stem 642)
Chubbies,644,The Shadow Cruiser (Sequin Party Blazer),https://www.chubbiesshorts.com/products/the-shadow-cruiser-sequin-party-blazer,tailoring,Afterparty/Party,-,86% Polyester / 14% Spandex,polyester,86,14,synthetic,-,1 colourways in feed (SKU stem 644); composition from PDP text (Body Fabric)
Chubbies,647,The Harvester (Full-Zip Canvas Jacket),https://www.chubbiesshorts.com/products/the-harvester-full-zip-canvas-jacket,outerwear,"Hoodies, Jackets & Layers",-,100% Cotton,cotton,100,0,natural,cotton,1 colourways in feed (SKU stem 647)
Chubbies,651,The Thighs Out (Muscle Tank),https://www.chubbiesshorts.com/products/the-thighs-out-muscle-tank,tees-polos,Tops,-,100% cotton,cotton,100,0,natural,cotton,4 colourways in feed (SKU stem 651)
Chubbies,652,The Denim Drift (Dock Shirt),https://www.chubbiesshorts.com/products/the-denim-drift-dock-shirt,shirts,Tops (Button Ups),-,100% cotton,cotton,100,0,natural,cotton,2 colourways in feed (SKU stem 652)
Chubbies,653,The Burgundy (Comfort Quarter Zip),https://www.chubbiesshorts.com/products/the-burgundy-comfort-quarter-zip,sweats,Tops/Pants (lounge),Comfort,100% cotton,cotton,100,0,natural,cotton,4 colourways in feed (SKU stem 653)
Chubbies,654,The Frozen Lake (Blocked Quarter Zip),https://www.chubbiesshorts.com/products/the-frozen-lake-blocked-quarter-zip,sweats,Tops/Pants (lounge),-,100% Cotton,cotton,100,0,natural,cotton,3 colourways in feed (SKU stem 654); house type CATCH-ALL (OUTERWEAR); terry pullover
Chubbies,655,The Midnight Marine (LS Resort Weave Friday Shirt),https://www.chubbiesshorts.com/products/the-midnight-marine-ls-resort-weave-friday-shirt,shirts,Tops (Button Ups),Friday Shirt;Resort Weave,60% cotton / 40% viscose,cotton,60,0,blend,-,6 colourways in feed (SKU stem 655)
Chubbies,656,The Stealth Stack (Performance Flannel),https://www.chubbiesshorts.com/products/the-stealth-stack-performance-flannel,shirts,Tops (Button Ups),-,56% cotton / 44% tencel,cotton,56,0,blend,-,4 colourways in feed (SKU stem 656)
Chubbies,658,The Shadowstorm (LS Waffle Cord Friday Shirt),https://www.chubbiesshorts.com/products/the-shadowstorm-ls-waffle-cord-friday-shirt,shirts,Tops (Button Ups),Friday Shirt,100% cotton,cotton,100,0,natural,cotton,4 colourways in feed (SKU stem 658)
Chubbies,659,The Mellow Stone (Knit Tank) (CQS),https://www.chubbiesshorts.com/products/the-mellow-stone-knit-tank-cqs,tees-polos,Tops,-,Cotton/polyester with a crochet knit texture,cotton,ND,0,blend,-,4 colourways in feed (SKU stem 659); fibres named without percentages; first-listed cotton taken as lead
Chubbies,661,The Olive You Man (Quarter Zip Sweater),https://www.chubbiesshorts.com/products/the-olive-you-man-quarter-zip-sweater,knitwear,"Tops (Hoodies, Jackets & Layers)",-,100% cotton,cotton,100,0,natural,cotton,2 colourways in feed (SKU stem 661)
Chubbies,664,The Tide Pool (Close-Knit Crewneck),https://www.chubbiesshorts.com/products/the-tide-pool-close-knit-crewneck,knitwear,"Tops (Hoodies, Jackets & Layers)",-,100% cotton,cotton,100,0,natural,cotton,4 colourways in feed (SKU stem 664)
Chubbies,777,The Burgundies 30in (Originals Pants),https://www.chubbiesshorts.com/products/the-burgundies-30-originals-pants,trousers,Pants,Originals,98% Cotton / 2% Spandex,cotton,98,2,blend,-,8 colourways in feed (SKU stem 777)
Chubbies,778,The Frondies 30in (Everywear Performance Pant),https://www.chubbiesshorts.com/products/the-frondies-30-quot-everywear-performance-pant,trousers,Pants,Everywear,90% Polyester/10% Spandex,polyester,90,10,synthetic,-,9 colourways in feed (SKU stem 778)
Chubbies,780,The Khakinator (Everywear Performance Jogger),https://www.chubbiesshorts.com/products/the-khakinator-everywear-performance-jogger,trousers,Pants,Everywear,90% Polyester/10% Spandex,polyester,90,10,synthetic,-,5 colourways in feed (SKU stem 780)
Chubbies,781,The Back to Basics (Comfort Sweatpant),https://www.chubbiesshorts.com/products/the-black-to-basics-comfort-sweatpant,sweats,Tops/Pants (lounge),Comfort,100% garment-dyed cotton,cotton,100,0,natural,cotton,7 colourways in feed (SKU stem 781); composition from PDP text
Chubbies,782,The Worlds Grayests 32in (Everywear Performance Pant),https://www.chubbiesshorts.com/products/the-worlds-grayests-32-everywear-performance-pant,trousers,Pants,Everywear,90% Polyester/10% Spandex,polyester,90,10,synthetic,-,8 colourways in feed (SKU stem 782)
Chubbies,784,The Mount Olives 32in (Originals Pant),https://www.chubbiesshorts.com/products/the-mount-olives-32-originals-pant,trousers,Pants,Originals,98% Cotton / 2% Spandex,cotton,98,2,blend,-,8 colourways in feed (SKU stem 784)
Chubbies,790,The Steel Grays (Set Jogger),https://www.chubbiesshorts.com/products/the-steel-grays-set-jogger,sweats,Tops/Pants (lounge),-,80% Rayon / 13% Nylon / 7% Spandex,viscose,80,7,blend,-,2 colourways in feed (SKU stem 790); composition from PDP text
Chubbies,793,The Light Wash Denim 30in (Classic Jean),https://www.chubbiesshorts.com/products/the-light-wash-denim-30-classic-jean,denim,Denim,-,100% cotton,cotton,100,0,natural,cotton,2 colourways in feed (SKU stem 793)
Chubbies,794,The Dust Have (Cloud 10 Jogger),https://www.chubbiesshorts.com/products/the-dust-have-cloud-10-jogger,sweats,Tops/Pants (lounge),Cloud 10,80% Polyester/17% Rayon/3% Spandex,polyester,80,3,blend,-,2 colourways in feed (SKU stem 794)
Chubbies,795,The Are You Shores (Off-Duty Pant),https://www.chubbiesshorts.com/products/the-are-you-shores-off-duty-pant,trousers,Pants,Off-Duty,50% Cotton /29% Tencel / 21% Linen,cotton,50,0,blend,-,4 colourways in feed (SKU stem 795)
Chubbies,952,The Santa Robe (Short Robe),https://www.chubbiesshorts.com/products/the-santa-robe-short-robe,other,derived,-,100% Polyester,polyester,100,0,synthetic,polyester,2 colourways in feed (SKU stem 952); other: robe; composition from PDP text
