brand,style_code,title,url,category,category_house,lines,composition,lead_fibre,lead_pct,elastane_pct,pure,single_fibre,note
Abercrombie & Fitch,61737319,Classic Essential Tee,https://www.abercrombie.com/shop/us/p/classic-essential-tee-61737319,tees-polos,Relaxed Essential T-Shirts,A&F Essentials,BODY: 100% COTTON,cotton,100,0,natural,cotton,"composition read from PDP details 2026-10-10 (WebFetch, rendered text; main line = Body/Shell/Faux leather part); price on PDP $19; replaces title-derived ""100% Cotton"" from 2026-10-08"
Abercrombie & Fitch,62481819,Classic Essential Icon Tee,https://www.abercrombie.com/shop/us/p/classic-essential-signature-icon-tee-62481819,tees-polos,Relaxed Essential T-Shirts,A&F Essentials,Body:100% Cotton,cotton,100,0,natural,cotton,"composition read from PDP details 2026-10-10 (WebFetch, rendered text; main line = Body/Shell/Faux leather part); price on PDP $19"
Abercrombie & Fitch,58965824,Premium Heavyweight 2.0 Tee,https://www.abercrombie.com/shop/us/p/premium-heavyweight-20-tee-58965824,tees-polos,Premium Heavyweight T-Shirts,Premium Heavyweight,BODY: 100% COTTON,cotton,100,0,natural,cotton,"composition read from PDP details 2026-10-10 (WebFetch, rendered text; main line = Body/Shell/Faux leather part); price on PDP $40"
Abercrombie & Fitch,63846820,Premium Heavyweight 2.0 Henley,https://www.abercrombie.com/shop/us/p/premium-heavyweight-20-henley-63846820,tees-polos,Premium Heavyweight T-Shirts,Premium Heavyweight,BODY: 100% COTTON,cotton,100,0,natural,cotton,"composition read from PDP details 2026-10-10 (WebFetch, rendered text; main line = Body/Shell/Faux leather part); price on PDP $55"
Abercrombie & Fitch,55001821,Premium Heavyweight Cropped Tee,https://www.abercrombie.com/shop/us/p/premium-heavyweight-cropped-tee-55001821,tees-polos,Premium Heavyweight T-Shirts,Premium Heavyweight,Body:100% Cotton,cotton,100,0,natural,cotton,"composition read from PDP details 2026-10-10 (WebFetch, rendered text; main line = Body/Shell/Faux leather part); price on PDP $40"
Abercrombie & Fitch,58944901,Premium Heavyweight Tank,https://www.abercrombie.com/shop/us/p/premium-heavyweight-cropped-tank-58944901,tees-polos,Premium Heavyweight T-Shirts,Premium Heavyweight,BODY: 100% COTTON,cotton,100,0,natural,cotton,"composition read from PDP details 2026-10-10 (WebFetch, rendered text; main line = Body/Shell/Faux leather part); price on PDP $29"
Abercrombie & Fitch,61711335,Premium Heavyweight Rugby Polo,https://www.abercrombie.com/shop/us/p/long-sleeve-rugby-polo-61711335,tees-polos,Polos,Premium Heavyweight,BODY: 100% COTTON,cotton,100,0,natural,cotton,"composition read from PDP details 2026-10-10 (WebFetch, rendered text; main line = Body/Shell/Faux leather part); price on PDP $70"
Abercrombie & Fitch,63404824,Heritage Heavyweight Polo,https://www.abercrombie.com/shop/us/p/heritage-heavyweight-polo-63404824,tees-polos,Polos,Heritage Heavyweight,BODY: 100% COTTON,cotton,100,0,natural,cotton,"composition read from PDP details 2026-10-10 (WebFetch, rendered text; main line = Body/Shell/Faux leather part); price on PDP $70"
Abercrombie & Fitch,62828471,YPB Active Polo,https://www.abercrombie.com/shop/us/p/ypb-active-polo-62828471,tees-polos,Polos,YPB,"Body:96% Cotton, 4% Elastane",cotton,96,4,blend,-,"composition read from PDP details 2026-10-10 (WebFetch, rendered text; main line = Body/Shell/Faux leather part); price on PDP $60"
Abercrombie & Fitch,63294323,Linen-Blend Polo,https://www.abercrombie.com/shop/us/p/linen-blend-polo-63294323,tees-polos,Polos,-,"BODY: 55% LINEN, 45% COTTON",linen,55,0,natural,-,"composition read from PDP details 2026-10-10 (WebFetch, rendered text; main line = Body/Shell/Faux leather part); price on PDP $60"
Abercrombie & Fitch,62714819,100% Cotton Icon Pique Polo,https://www.abercrombie.com/shop/us/p/100-cotton-icon-pique-polo-62714819,tees-polos,Polos,-,Body:100% Cotton,cotton,100,0,natural,cotton,"composition read from PDP details 2026-10-10 (WebFetch, rendered text; main line = Body/Shell/Faux leather part); price on PDP $60; replaces title-derived ""100% Cotton"" from 2026-10-08"
Abercrombie & Fitch,63845822,100% Cashmere Crew Sweater,https://www.abercrombie.com/shop/us/p/100-cashmere-crew-sweater-63845822,knitwear,Sweaters,-,BODY: 100% CASHMERE,cashmere,100,0,natural,cashmere,"composition read from PDP details 2026-10-10 (WebFetch, rendered text; main line = Body/Shell/Faux leather part); price on PDP $200; replaces title-derived ""100% Cashmere"" from 2026-10-08"
Abercrombie & Fitch,63885826,Wool-Blend Long Mac Coat,https://www.abercrombie.com/shop/us/p/wool-blend-long-mac-coat-63885826,outerwear,Coats & Jackets,-,"SHELL: 55% RECYCLED WOOL, 35% POLYESTER, 10% OTHER FIBERS / LINING: 100% POLYESTER",wool,55,0,blend,-,"composition read from PDP details 2026-10-10 (WebFetch, rendered text; main line = Body/Shell/Faux leather part); price on PDP $240; 10% ""other fibers"" unspecified"
Abercrombie & Fitch,63492820,Relaxed Workwear Jean,https://www.abercrombie.com/shop/us/p/relaxed-workwear-jean-63492820,denim,Jeans,-,"BODY: 100% COTTON / POCKET BAG: 77% POLYESTER, 23% COTTON",cotton,100,0,natural,cotton,"composition read from PDP details 2026-10-10 (WebFetch, rendered text; main line = Body/Shell/Faux leather part); price on PDP $110"
Abercrombie & Fitch,62298319,100% Cotton 3-Button Sweater Polo,https://www.abercrombie.com/shop/us/p/3-button-sweater-polo-62298319,knitwear,Polos; Sweaters,-,Body:100% Cotton,cotton,100,0,natural,cotton,"composition read from PDP details 2026-10-10 (WebFetch, rendered text; main line = Body/Shell/Faux leather part); price on PDP $75; replaces title-derived ""100% Cotton"" from 2026-10-08"
Abercrombie & Fitch,63845824,100% Merino Wool 3-Button Collared Sweater,https://www.abercrombie.com/shop/us/p/100-merino-wool-3-button-collared-sweater-63845824,knitwear,Polos; Sweaters,-,BODY: 100% MERINO WOOL,wool,100,0,natural,wool,"composition read from PDP details 2026-10-10 (WebFetch, rendered text; main line = Body/Shell/Faux leather part); price on PDP $95; replaces title-derived ""100% Merino Wool"" from 2026-10-08"
Abercrombie & Fitch,62655823,Varsity Johnny Collar Sweater Polo,https://www.abercrombie.com/shop/us/p/varsity-johnny-collar-sweater-polo-62655823,knitwear,Polos,-,Body:100% Cotton,cotton,100,0,natural,cotton,"composition read from PDP details 2026-10-10 (WebFetch, rendered text; main line = Body/Shell/Faux leather part); price on PDP $65"
Abercrombie & Fitch,62828410,Diamond Stitch Button-Through Sweater Polo,https://www.abercrombie.com/shop/us/p/textural-button-through-sweater-polo-62828410,knitwear,Polos,-,"Body:60% Cotton, 20% Viscose, 20% Nylon",cotton,60,0,blend,-,"composition read from PDP details 2026-10-10 (WebFetch, rendered text; main line = Body/Shell/Faux leather part); price on PDP $75"
Abercrombie & Fitch,63240940,4-Button Sweater Polo,https://www.abercrombie.com/shop/us/p/4-button-sweater-polo-63240940,knitwear,Polos,-,"BODY: 70% VISCOSE FROM BAMBOO FIBER, 20% COTTON, 5% LINEN, 5% SILK",viscose,70,0,blend,-,"composition read from PDP details 2026-10-10 (WebFetch, rendered text; main line = Body/Shell/Faux leather part); price on PDP $75; ""viscose from bamboo fiber"" mapped to viscose"
Abercrombie & Fitch,63392333,100% Pima Cotton Sweater Polo,https://www.abercrombie.com/shop/us/p/100-pima-cotton-sweater-polo-63392333,knitwear,Polos,-,BODY: 100% PIMA COTTON,cotton,100,0,natural,cotton,"composition read from PDP details 2026-10-10 (WebFetch, rendered text; main line = Body/Shell/Faux leather part); price on PDP $75; replaces title-derived ""100% Pima Cotton"" from 2026-10-08"
Abercrombie & Fitch,63392332,Long-Sleeve Button-Through Collared Sweater,https://www.abercrombie.com/shop/us/p/long-sleeve-button-through-collared-sweater-63392332,knitwear,Polos,-,"BODY: 70% VISCOSE FROM BAMBOO FIBER, 20% COTTON, 5% LINEN, 5% SILK",viscose,70,0,blend,-,"composition read from PDP details 2026-10-10 (WebFetch, rendered text; main line = Body/Shell/Faux leather part); price on PDP $85; ""viscose from bamboo fiber"" mapped to viscose"
Abercrombie & Fitch,63845823,A&F Essential Crew Sweater,https://www.abercrombie.com/shop/us/p/a-and-f-essential-crew-sweater-63845823,knitwear,Sweaters,A&F Essentials,"BODY: 52% COTTON, 46% POLYESTER, 2% ELASTANE",cotton,52,2,blend,-,"composition read from PDP details 2026-10-10 (WebFetch, rendered text; main line = Body/Shell/Faux leather part); price on PDP $85"
Abercrombie & Fitch,63845821,Quarter-Zip Sweater,https://www.abercrombie.com/shop/us/p/quarter-zip-sweater-63845821,knitwear,Sweaters,-,"BODY: 55% COTTON, 35% POLYESTER, 10% NYLON",cotton,55,0,blend,-,"composition read from PDP details 2026-10-10 (WebFetch, rendered text; main line = Body/Shell/Faux leather part); price on PDP $85"
Abercrombie & Fitch,63830819,100% Merino Wool Crew Sweater,https://www.abercrombie.com/shop/us/p/100-merino-wool-crew-sweater-63830819,knitwear,Sweaters,-,BODY: 100% MERINO WOOL,wool,100,0,natural,wool,"composition read from PDP details 2026-10-10 (WebFetch, rendered text; main line = Body/Shell/Faux leather part); price on PDP $85; replaces title-derived ""100% Merino Wool"" from 2026-10-08"
Abercrombie & Fitch,63845819,Chicago Bears Patchwork Cardigan,https://www.abercrombie.com/shop/us/p/bills-patchwork-cardigan-63845819,knitwear,Sweaters,-,"BODY: 55% COTTON, 41% NYLON, 4% ELASTANE",cotton,55,4,blend,-,"composition read from PDP details 2026-10-10 (WebFetch, rendered text; main line = Body/Shell/Faux leather part); price on PDP $110; NFL-licensed; one style across teams (Eagles variant read)"
Abercrombie & Fitch,63593819,Rugby Sweater Polo,https://www.abercrombie.com/shop/us/p/rugby-sweater-polo-63593819,knitwear,Sweaters,-,"BODY: 55% COTTON, 41% NYLON, 4% ELASTANE",cotton,55,4,blend,-,"composition read from PDP details 2026-10-10 (WebFetch, rendered text; main line = Body/Shell/Faux leather part); price on PDP $85"
Abercrombie & Fitch,63392327,100% Cotton Crew Sweater,https://www.abercrombie.com/shop/us/p/100-cotton-crew-sweater-63392327,knitwear,Sweaters,-,BODY: 100% COTTON,cotton,100,0,natural,cotton,"composition read from PDP details 2026-10-10 (WebFetch, rendered text; main line = Body/Shell/Faux leather part); price on PDP $85; replaces title-derived ""100% Cotton"" from 2026-10-08"
Abercrombie & Fitch,61824322,Van Gogh Scenic Cardigan,https://www.abercrombie.com/shop/us/p/van-gogh-scenic-cardigan-61824322,knitwear,Sweaters,-,"Body:60% Cotton, 40% Acrylic",cotton,60,0,blend,-,"composition read from PDP details 2026-10-10 (WebFetch, rendered text; main line = Body/Shell/Faux leather part); price on PDP $95"
Abercrombie & Fitch,62028368,Patchwork Cable Cardigan,https://www.abercrombie.com/shop/us/p/patchwork-cable-cardigan-62028368,knitwear,Sweaters,-,"Body:60% Cotton, 40% Acrylic",cotton,60,0,blend,-,"composition read from PDP details 2026-10-10 (WebFetch, rendered text; main line = Body/Shell/Faux leather part); price on PDP $95"
Abercrombie & Fitch,62828476,Oversized Waffle Crew Sweater,https://www.abercrombie.com/shop/us/p/oversized-waffle-crew-sweater-62828476,knitwear,Sweaters,-,Body:100% Cotton,cotton,100,0,natural,cotton,"composition read from PDP details 2026-10-10 (WebFetch, rendered text; main line = Body/Shell/Faux leather part); price on PDP $80"
Abercrombie & Fitch,61849319,Diamond Stitch Crew Sweater,https://www.abercrombie.com/shop/us/p/diamond-stitch-crew-sweater-61849319,knitwear,Sweaters,-,"Body:60% Cotton, 40% Acrylic",cotton,60,0,blend,-,"composition read from PDP details 2026-10-10 (WebFetch, rendered text; main line = Body/Shell/Faux leather part); price on PDP $85"
Abercrombie & Fitch,63845827,Wool-Blend Cardigan,https://www.abercrombie.com/shop/us/p/wool-blend-cardigan-63845827,knitwear,Sweaters,-,"BODY: 66% RECYCLED POLYESTER, 25% WOOL, 6% NYLON, 3% ELASTANE",polyester,66,3,blend,-,"composition read from PDP details 2026-10-10 (WebFetch, rendered text; main line = Body/Shell/Faux leather part); price on PDP $95"
Abercrombie & Fitch,59172942,A&F Collins Slim Stretch Suiting Shirt,https://www.abercrombie.com/shop/us/p/collins-suiting-shirt-59172942,shirts,Dress Shirts,A&F Collins,"Body:97% Cotton, 3% Elastane",cotton,97,3,blend,-,"composition read from PDP details 2026-10-10 (WebFetch, rendered text; main line = Body/Shell/Faux leather part); price on PDP $70"
Abercrombie & Fitch,62828341,A&F Collins Performance Suiting Shirt,https://www.abercrombie.com/shop/us/p/the-a-and-f-collins-performance-suiting-shirt-62828341,shirts,Dress Shirts,A&F Collins,"Body:60% Cotton, 18% Coolmax® Polyester, 17% Nylon, 5% Elastane",cotton,60,5,blend,-,"composition read from PDP details 2026-10-10 (WebFetch, rendered text; main line = Body/Shell/Faux leather part); price on PDP $70; Coolmax (licensed) named in composition"
Abercrombie & Fitch,59708353,The A&F Collins Linen-Blend Shirt,https://www.abercrombie.com/shop/us/p/the-a-and-f-collins-linen-blend-shirt-59708353,shirts,Dress Shirts,A&F Collins,Body:100% Linen,linen,100,0,natural,linen,"composition read from PDP details 2026-10-10 (WebFetch, rendered text; main line = Body/Shell/Faux leather part); price on PDP $80; titled Linen-Blend but PDP composition reads 100% linen"
Abercrombie & Fitch,63480444,A&F Classic Poplin Shirt,https://www.abercrombie.com/shop/us/p/a-and-f-classic-poplin-shirt-63480444,shirts,Shirts,-,"BODY: 98% COTTON, 2% ELASTANE",cotton,98,2,blend,-,"composition read from PDP details 2026-10-10 (WebFetch, rendered text; main line = Body/Shell/Faux leather part); price on PDP $75"
Abercrombie & Fitch,63405327,Denim Button-Up Shirt,https://www.abercrombie.com/shop/us/p/denim-button-up-shirt-63405327,shirts,Shirts,-,BODY: 100% COTTON,cotton,100,0,natural,cotton,"composition read from PDP details 2026-10-10 (WebFetch, rendered text; main line = Body/Shell/Faux leather part); price on PDP $85"
Abercrombie & Fitch,63490549,Lyocell-Blend Button-Up Shirt,https://www.abercrombie.com/shop/us/p/crinkle-twill-button-up-shirt-63490549,shirts,Shirts,-,"BODY: 65% LYOCELL, 29% VISCOSE, 6% NYLON",lyocell,65,0,blend,-,"composition read from PDP details 2026-10-10 (WebFetch, rendered text; main line = Body/Shell/Faux leather part); price on PDP $75"
Abercrombie & Fitch,62028338,100% Linen Button-Up Shirt,https://www.abercrombie.com/shop/us/p/linen-button-up-shirt-62028338,shirts,Shirts,-,BODY: 100% LINEN,linen,100,0,natural,linen,"composition read from PDP details 2026-10-10 (WebFetch, rendered text; main line = Body/Shell/Faux leather part); price on PDP $85"
Abercrombie & Fitch,61849330,A&F Resort Shirt,https://www.abercrombie.com/shop/us/p/a-and-f-resort-shirt-61849330,shirts,Shirts,-,"BODY: 78% COTTON, 22% LINEN",cotton,78,0,natural,-,"composition read from PDP details 2026-10-10 (WebFetch, rendered text; main line = Body/Shell/Faux leather part); price on PDP $65"
Abercrombie & Fitch,63885828,100% Cotton Flannel Shirt,https://www.abercrombie.com/shop/us/p/100-cotton-flannel-shirt-63885828,shirts,Shirts,-,BODY: 100% COTTON,cotton,100,0,natural,cotton,"composition read from PDP details 2026-10-10 (WebFetch, rendered text; main line = Body/Shell/Faux leather part); price on PDP $85"
Abercrombie & Fitch,61816346,Signature Icon Oxford Shirt,https://www.abercrombie.com/shop/us/p/signature-icon-oxford-shirt-61816346,shirts,Shirts,-,"Body:96% Cotton, 4% Elastane",cotton,96,4,blend,-,"composition read from PDP details 2026-10-10 (WebFetch, rendered text; main line = Body/Shell/Faux leather part); price on PDP $60"
Abercrombie & Fitch,63885320,Twill Button-Up Shirt,https://www.abercrombie.com/shop/us/p/twill-button-up-shirt-63885320,shirts,Shirts,-,"BODY: 68% COTTON, 32% LYOCELL",cotton,68,0,blend,-,"composition read from PDP details 2026-10-10 (WebFetch, rendered text; main line = Body/Shell/Faux leather part); price on PDP $75"
Abercrombie & Fitch,63144841,Relaxed Jean,https://www.abercrombie.com/shop/us/p/relaxed-jean-63144841,denim,Jeans,-,"BODY: 99% COTTON, 1% ELASTANE / POCKET BAG: 77% POLYESTER, 23% COTTON",cotton,99,1,blend,-,"composition read from PDP details 2026-10-10 (WebFetch, rendered text; main line = Body/Shell/Faux leather part); price on PDP $80"
Abercrombie & Fitch,59359439,Baggy Jean,https://www.abercrombie.com/shop/us/p/baggy-jean-59359439,denim,Jeans,-,"Pocket Bag:65% Polyester, 35% Cotton / Body:100% Cotton",cotton,100,0,natural,cotton,"composition read from PDP details 2026-10-10 (WebFetch, rendered text; main line = Body/Shell/Faux leather part); price on PDP $90"
Abercrombie & Fitch,63766920,Athletic Straight Jean,https://www.abercrombie.com/shop/us/p/athletic-straight-jean-63766920,denim,Jeans,-,"BODY: 99% COTTON, 1% ELASTANE / POCKET BAG: 77% POLYESTER, 23% COTTON",cotton,99,1,blend,-,"composition read from PDP details 2026-10-10 (WebFetch, rendered text; main line = Body/Shell/Faux leather part); price on PDP $80"
Abercrombie & Fitch,63718494,90s Straight Jean,https://www.abercrombie.com/shop/us/p/90s-straight-jean-63718494,denim,Jeans,-,"BODY: 99% COTTON, 1% ELASTANE / POCKET BAG: 77% POLYESTER, 23% COTTON",cotton,99,1,blend,-,"composition read from PDP details 2026-10-10 (WebFetch, rendered text; main line = Body/Shell/Faux leather part); price on PDP $80"
Abercrombie & Fitch,63334018,Barrel Jean,https://www.abercrombie.com/shop/us/p/barrel-jean-63334018,denim,Jeans,-,"BODY: 100% COTTON / POCKET BAG: 65% POLYESTER, 35% COTTON",cotton,100,0,natural,cotton,"composition read from PDP details 2026-10-10 (WebFetch, rendered text; main line = Body/Shell/Faux leather part); price on PDP $100"
Abercrombie & Fitch,62037362,The A&F Collins Slim 100% Linen Suit Pant,https://www.abercrombie.com/shop/us/p/the-a-and-f-collins-slim-100-linen-suit-pant-62037362,trousers,Dress Pants,A&F Collins,"Pocket Bag:55% Polyester, 45% Viscose / Body:100% Linen",linen,100,0,natural,linen,"composition read from PDP details 2026-10-10 (WebFetch, rendered text; main line = Body/Shell/Faux leather part); price on PDP $120; also 63481018 (same title; $130, pocket bag 50% viscose 50% polyester) collapsed by title; replaces title-derived ""100% Linen"" from 2026-10-08"
Abercrombie & Fitch,59111385,The A&F Collins Suit Pant,https://www.abercrombie.com/shop/us/p/the-a-and-f-collins-tailored-suit-pant-59111385,trousers,Dress Pants,A&F Collins,"Body:69% Polyester, 29% Viscose, 2% Elastane / Pocket Bag:55% Polyester, 45% Viscose",polyester,69,2,blend,-,"composition read from PDP details 2026-10-10 (WebFetch, rendered text; main line = Body/Shell/Faux leather part); price on PDP $100"
Abercrombie & Fitch,62037357,The A&F Collins Slim Linen-Blend Suit Pant,https://www.abercrombie.com/shop/us/p/the-a-and-f-collins-slim-linen-blend-suit-pant-62037357,trousers,Dress Pants,A&F Collins,"Pocket Bag:55% Polyester, 45% Viscose / Shell:53% Cotton, 36% Linen, 11% Lyocell",cotton,53,0,blend,-,"composition read from PDP details 2026-10-10 (WebFetch, rendered text; main line = Body/Shell/Faux leather part); price on PDP $110"
Abercrombie & Fitch,58438319,A&F Go-To Pant,https://www.abercrombie.com/shop/us/p/a-and-f-go-to-pant-58438319,trousers,Pants,-,"BODY: 100% POLYESTER / POCKET BAG: 90% POLYESTER, 10% ELASTANE",polyester,100,0,synthetic,polyester,"composition read from PDP details 2026-10-10 (WebFetch, rendered text; main line = Body/Shell/Faux leather part); price on PDP $80"
Abercrombie & Fitch,62232319,Menswear Relaxed Straight Trouser,https://www.abercrombie.com/shop/us/p/menswear-relaxed-straight-trouser-62232319,trousers,Pants,-,"BODY: 50% POLYESTER, 46% VISCOSE, 4% ELASTANE / POCKET BAG: 55% POLYESTER, 45% VISCOSE",polyester,50,4,blend,-,"composition read from PDP details 2026-10-10 (WebFetch, rendered text; main line = Body/Shell/Faux leather part); price on PDP $85"
Abercrombie & Fitch,63504013,Relaxed Pleated Chino,https://www.abercrombie.com/shop/us/p/relaxed-pleated-chino-63504013,trousers,Pants,-,"BODY: 60% COTTON, 40% LYOCELL / POCKET BAG: 80% POLYESTER, 20% COTTON",cotton,60,0,blend,-,"composition read from PDP details 2026-10-10 (WebFetch, rendered text; main line = Body/Shell/Faux leather part); price on PDP $95"
Abercrombie & Fitch,63503938,90s Straight Chino,https://www.abercrombie.com/shop/us/p/90s-straight-chino-63503938,trousers,Pants,-,"BODY: 98% COTTON, 2% ELASTANE / POCKET BAG: 100% COTTON",cotton,98,2,blend,-,"composition read from PDP details 2026-10-10 (WebFetch, rendered text; main line = Body/Shell/Faux leather part); price on PDP $85"
Abercrombie & Fitch,63017495,Relaxed Workwear Pant,https://www.abercrombie.com/shop/us/p/relaxed-stretch-canvas-pant-63017495,trousers,Pants,-,"Pocket Bag:65% Polyester, 35% Cotton / Body:98% Cotton, 2% Elastane",cotton,98,2,blend,-,"composition read from PDP details 2026-10-10 (WebFetch, rendered text; main line = Body/Shell/Faux leather part); price on PDP $85"
Abercrombie & Fitch,63199320,Heritage Heavyweight Crew Sweatshirt,https://www.abercrombie.com/shop/us/p/heritage-heavyweight-crew-sweatshirt-63199320,sweats,Hoodies & Sweatshirts,Heritage Heavyweight,"BODY: 84% COTTON, 16% POLYESTER / RIB: 100% COTTON / EMBROIDERY: 100% POLYESTER",cotton,84,0,blend,-,"composition read from PDP details 2026-10-10 (WebFetch, rendered text; main line = Body/Shell/Faux leather part); price on PDP $75"
Abercrombie & Fitch,58954822,YPB neoKNIT MAX Half-Zip,https://www.abercrombie.com/shop/us/p/ypb-neoknit-max-half-zip-58954822,sweats,Hoodies & Sweatshirts,YPB,"Rib:96% Cotton, 4% Elastane / Pocket Bag:88% Polyester, 12% Elastane / Body:73% Cotton, 21% Polyester, 6% Elastane",cotton,73,6,blend,-,"composition read from PDP details 2026-10-10 (WebFetch, rendered text; main line = Body/Shell/Faux leather part); price on PDP $80"
Abercrombie & Fitch,63199333,Essential Polo Sweatshirt,https://www.abercrombie.com/shop/us/p/essential-fleece-polo-63199333,sweats,Hoodies & Sweatshirts,A&F Essentials,"BODY: 70% COTTON, 30% RECYCLED POLYESTER / RIB: 100% COTTON / EMBROIDERY: 100% POLYESTER",cotton,70,0,blend,-,"composition read from PDP details 2026-10-10 (WebFetch, rendered text; main line = Body/Shell/Faux leather part); price on PDP $75"
Abercrombie & Fitch,63672321,Mock Neck Sweatshirt,https://www.abercrombie.com/shop/us/p/mock-neck-sweatshirt-63672321,sweats,Hoodies & Sweatshirts,-,"BODY: 70% COTTON, 30% RECYCLED POLYESTER / POCKET BAG: 60% COTTON, 40% RECYCLED POLYESTER",cotton,70,0,blend,-,"composition read from PDP details 2026-10-10 (WebFetch, rendered text; main line = Body/Shell/Faux leather part); price on PDP $85"
Abercrombie & Fitch,62030853,Linen-Blend Pull-On Short,https://www.abercrombie.com/shop/us/p/textured-pull-on-short-62030853,shorts,Shorts,-,"BODY: 78% COTTON, 21% LINEN, 1% ELASTANE / POCKET BAG: 100% COTTON",cotton,78,1,blend,-,"composition read from PDP details 2026-10-10 (WebFetch, rendered text; main line = Body/Shell/Faux leather part); price on PDP $65"
Abercrombie & Fitch,63806821,YPB Momentum motionTEK Short,https://www.abercrombie.com/shop/us/p/ypb-momentum-motiontek-short-63806821,shorts,Shorts,YPB,"BODY: 86% POLYESTER, 14% ELASTANE / POCKET BAG: 88% POLYESTER, 12% ELASTANE",polyester,86,14,synthetic,-,"composition read from PDP details 2026-10-10 (WebFetch, rendered text; main line = Body/Shell/Faux leather part); price on PDP $55"
Abercrombie & Fitch,63672819,Easy Plainfront Short,https://www.abercrombie.com/shop/us/p/easy-plainfront-short-63672819,shorts,Shorts,-,BODY: 100% COTTON / POCKET BAG: 100% COTTON,cotton,100,0,natural,cotton,"composition read from PDP details 2026-10-10 (WebFetch, rendered text; main line = Body/Shell/Faux leather part); price on PDP $65"
Abercrombie & Fitch,61838334,Heritage Heavyweight Short,https://www.abercrombie.com/shop/us/p/heritage-heavyweight-short-61838334,shorts,Shorts,Heritage Heavyweight,"Pocket Bag:60% Cotton, 40% Recycled Polyester / Body:84% Cotton, 16% Polyester",cotton,84,0,blend,-,"composition read from PDP details 2026-10-10 (WebFetch, rendered text; main line = Body/Shell/Faux leather part); price on PDP $65"
Abercrombie & Fitch,59199821,Retro Mesh Short,https://www.abercrombie.com/shop/us/p/retro-mesh-short-59199821,shorts,Shorts,-,Pocket Bag:100% Polyester / Lining:100% Polyester / Body:100% Polyester,polyester,100,0,synthetic,polyester,"composition read from PDP details 2026-10-10 (WebFetch, rendered text; main line = Body/Shell/Faux leather part); price on PDP $50"
Abercrombie & Fitch,63670321,Pull-On Swim Short,https://www.abercrombie.com/shop/us/p/pull-on-swim-short-63670321,underwear-swim,Swimwear,-,"BODY: 100% POLYESTER / LINING: 95% POLYESTER, 5% ELASTANE",polyester,100,0,synthetic,polyester,"composition read from PDP details 2026-10-10 (WebFetch, rendered text; main line = Body/Shell/Faux leather part); price on PDP $65"
Abercrombie & Fitch,63670319,Hybrid Swim Short,https://www.abercrombie.com/shop/us/p/hybrid-swim-short-63670319,underwear-swim,Swimwear,-,"BODY: 100% POLYESTER / LINING: 95% POLYESTER, 5% ELASTANE",polyester,100,0,synthetic,polyester,"composition read from PDP details 2026-10-10 (WebFetch, rendered text; main line = Body/Shell/Faux leather part); price on PDP $65"
Abercrombie & Fitch,61867819,Pull-On Swim Trunk,https://www.abercrombie.com/shop/us/p/pull-on-micro-texture-swim-trunk-61867819,underwear-swim,Swimwear,-,"Lining:95% Polyester, 5% Elastane / Body:100% Polyester",polyester,100,0,synthetic,polyester,"composition read from PDP details 2026-10-10 (WebFetch, rendered text; main line = Body/Shell/Faux leather part); price on PDP $75"
Abercrombie & Fitch,47913824,"5"" 5-Pack Boxer Briefs",https://www.abercrombie.com/shop/us/p/5-pack-boxer-briefs-47913824,underwear-swim,Underwear,-,"BODY: 95% COTTON, 5% ELASTANE",cotton,95,5,blend,-,"composition read from PDP details 2026-10-10 (WebFetch, rendered text; main line = Body/Shell/Faux leather part); price on PDP $60; multipack; one style"
Abercrombie & Fitch,53471974,"5"" 5-Pack A&F Performance Boxer Briefs",https://www.abercrombie.com/shop/us/p/5-pack-a-and-f-performance-boxer-briefs-53471974,underwear-swim,Underwear,-,"Body:91% Polyester, 9% Elastane",polyester,91,9,synthetic,-,"composition read from PDP details 2026-10-10 (WebFetch, rendered text; main line = Body/Shell/Faux leather part); price on PDP $65; multipack; one style"
Abercrombie & Fitch,63885824,100% Cotton Harrington Jacket,https://www.abercrombie.com/shop/us/p/100-cotton-harrington-jacket-63885824,outerwear,Coats & Jackets,-,"SHELL: 100% COTTON / BODY LINING: 97% COTTON, 3% ELASTANE / SLEEVE LINING: 100% POLYESTER",cotton,100,0,natural,cotton,"composition read from PDP details 2026-10-10 (WebFetch, rendered text; main line = Body/Shell/Faux leather part); price on PDP $140; replaces title-derived ""100% Cotton"" from 2026-10-08"
Abercrombie & Fitch,63885819,Hooded Heavyweight Puffer Jacket,https://www.abercrombie.com/shop/us/p/hooded-heavyweight-puffer-jacket-63885819,outerwear,Coats & Jackets,-,"SHELL: 75% COTTON, 25% NYLON / BODY AND SLEEVE LINING: 100% POLYESTER / HOOD LINING: 100% POLYESTER / FILLING: 100% RECYCLED POLYESTER FIBERS",cotton,75,0,blend,-,"composition read from PDP details 2026-10-10 (WebFetch, rendered text; main line = Body/Shell/Faux leather part); price on PDP $190"
Abercrombie & Fitch,63480319,Vegan Leather Bomber Jacket,https://www.abercrombie.com/shop/us/p/vegan-leather-bomber-jacket-63480319,outerwear,Coats & Jackets,-,"FAUX LEATHER: 100% VISCOSE / COATING: 100% POLYURETHANE / LINING: 55% POLYESTER, 45% VISCOSE / FILLING: 100% RECYCLED POLYESTER FIBERS",viscose,100,0,cellulosic,viscose,"composition read from PDP details 2026-10-10 (WebFetch, rendered text; main line = Body/Shell/Faux leather part); price on PDP $165; faux leather = viscose backing with 100% polyurethane coating; lead read from the first-listed faux leather line"
Abercrombie & Fitch,63490540,Trench Coat,https://www.abercrombie.com/shop/us/p/trench-coat-63490540,outerwear,Coats & Jackets,-,"SHELL: 66% COTTON, 34% POLYESTER / BODY LINING: 97% COTTON, 3% ELASTANE / SLEEVE LINING: 100% POLYESTER / COLLAR: 100% COTTON",cotton,66,0,blend,-,"composition read from PDP details 2026-10-10 (WebFetch, rendered text; main line = Body/Shell/Faux leather part); price on PDP $190"
Abercrombie & Fitch,63405321,Sailing Jacket,https://www.abercrombie.com/shop/us/p/sailing-jacket-63405321,outerwear,Coats & Jackets,-,"SHELL: 75% COTTON, 25% NYLON / BODY LINING: 100% COTTON / SLEEVE LINING: 100% POLYESTER",cotton,75,0,blend,-,"composition read from PDP details 2026-10-10 (WebFetch, rendered text; main line = Body/Shell/Faux leather part); price on PDP $140; PDP copy says ""a nylon fabric"" but composition line reads 75% cotton shell; composition line used"
Abercrombie & Fitch,63502852,Wool-Blend Zip Jacket,https://www.abercrombie.com/shop/us/p/wool-blend-trucker-jacket-63502852,outerwear,Coats & Jackets,-,"SHELL: 54% RECYCLED WOOL, 38% POLYESTER, 6% ACRYLIC, 2% OTHER FIBER / LINING: 100% POLYESTER / FILLING: 100% RECYCLED POLYESTER FIBERS",wool,54,0,blend,-,"composition read from PDP details 2026-10-10 (WebFetch, rendered text; main line = Body/Shell/Faux leather part); price on PDP $165; 2% ""other fiber"" unspecified"
Abercrombie & Fitch,62496319,The A&F Collins Slim Blazer,https://www.abercrombie.com/shop/us/p/the-a-and-f-collins-slim-blazer-62496319,tailoring,Coats & Jackets,A&F Collins,"SHELL: 69% POLYESTER, 29% VISCOSE, 2% ELASTANE / BODY LINING: 55% POLYESTER, 45% VISCOSE / SLEEVE LINING: 100% POLYESTER",polyester,69,2,blend,-,"composition read from PDP details 2026-10-10 (WebFetch, rendered text; main line = Body/Shell/Faux leather part); price on PDP $170"
Abercrombie & Fitch,63616484,Long-Sleeve Premium Heavyweight 2.0 Tee,https://www.abercrombie.com/shop/us/p/long-sleeve-premium-heavyweight-20-tee-63616484,tees-polos,Premium Heavyweight T-Shirts,Premium Heavyweight,NC,NC,NC,NC,NC,NC,"listing tile read 2026-10-08; PDP not read (WebFetch 429 on 2026-10-08; not reached 2026-10-10 within ~110-fetch cap), composition not checked"
Abercrombie & Fitch,62828482,Short-Sleeve Premium Heavyweight 2.0 Henley,https://www.abercrombie.com/shop/us/p/short-sleeve-premium-heavyweight-20-henley-62828482,tees-polos,Premium Heavyweight T-Shirts,Premium Heavyweight,NC,NC,NC,NC,NC,NC,"listing tile read 2026-10-08; PDP not read (WebFetch 429 on 2026-10-08; not reached 2026-10-10 within ~110-fetch cap), composition not checked"
Abercrombie & Fitch,63502859,Seattle Seahawks Premium Heavyweight Rugby Polo,https://www.abercrombie.com/shop/us/p/seattle-seahawks-premium-heavyweight-rugby-polo-63502859,tees-polos,Polos,Premium Heavyweight,NC,NC,NC,NC,NC,NC,"listing tile read 2026-10-08; PDP not read (WebFetch 429 on 2026-10-08; not reached 2026-10-10 within ~110-fetch cap), composition not checked; NFL-licensed; one style across teams"
Abercrombie & Fitch,62240820,100% Cotton Button-Through Sweater Polo,https://www.abercrombie.com/shop/us/p/button-through-sweater-polo-62240820,knitwear,Polos; Sweaters,-,100% Cotton,cotton,100,0,natural,cotton,"composition from title as written on listing 2026-10-08, not from PDP composition field (PDP not re-read 2026-10-10 within fetch cap); verify; also 63392328 (pattern) collapsed by title"
Abercrombie & Fitch,63123337,100% Cotton Crochet-Style Button-Up Shirt,https://www.abercrombie.com/shop/us/p/100-cotton-crochet-button-up-shirt-63123337,shirts,Polos,-,100% Cotton,cotton,100,0,natural,cotton,"composition from title as written on listing 2026-10-08, not from PDP composition field (PDP not re-read 2026-10-10 within fetch cap); verify; listed under Polos, assigned by garment"
Abercrombie & Fitch,63718342,Relaxed Straight Jean,https://www.abercrombie.com/shop/us/p/relaxed-straight-jean-63718342,denim,Jeans,-,NC,NC,NC,NC,NC,NC,"listing tile read 2026-10-08; PDP not read (WebFetch 429 on 2026-10-08; not reached 2026-10-10 within ~110-fetch cap), composition not checked; washes carry separate ids; collapsed by title (incl. workwear 63333902)"
Abercrombie & Fitch,60561858,Athletic Relaxed Straight Jean,https://www.abercrombie.com/shop/us/p/athletic-relaxed-straight-jean-60561858,denim,Jeans,-,NC,NC,NC,NC,NC,NC,"listing tile read 2026-10-08; PDP not read (WebFetch 429 on 2026-10-08; not reached 2026-10-10 within ~110-fetch cap), composition not checked; washes carry separate ids; collapsed by title"
Abercrombie & Fitch,63616917,A&F Collins Relaxed Straight Suit Pant,https://www.abercrombie.com/shop/us/p/a-and-f-collins-suit-pant-63616917,trousers,Dress Pants,A&F Collins,NC,NC,NC,NC,NC,NC,"listing tile read 2026-10-08; PDP not read (WebFetch 429 on 2026-10-08; not reached 2026-10-10 within ~110-fetch cap), composition not checked"
Abercrombie & Fitch,62041348,The A&F Collins Slim Suit Pant,https://www.abercrombie.com/shop/us/p/the-a-and-f-collins-slim-suit-pant-62041348,trousers,Dress Pants,A&F Collins,NC,NC,NC,NC,NC,NC,"listing tile read 2026-10-08; PDP not read (WebFetch 429 on 2026-10-08; not reached 2026-10-10 within ~110-fetch cap), composition not checked; several ids under this title collapsed"
Abercrombie & Fitch,62608870,The A&F Collins Linen-Blend Suit Pant,https://www.abercrombie.com/shop/us/p/the-a-and-f-collins-suit-pant-62608870,trousers,Dress Pants,A&F Collins,NC,NC,NC,NC,NC,NC,"listing tile read 2026-10-08; PDP not read (WebFetch 429 on 2026-10-08; not reached 2026-10-10 within ~110-fetch cap), composition not checked"
Abercrombie & Fitch,62608869,The A&F Collins 100% Linen Suit Pant,https://www.abercrombie.com/shop/us/p/the-a-and-f-collins-100-linen-suit-pant-62608869-1,trousers,Dress Pants,A&F Collins,100% Linen,linen,100,0,natural,linen,"composition from title as written on listing 2026-10-08, not from PDP composition field (PDP not re-read 2026-10-10 within fetch cap); verify"
Abercrombie & Fitch,59111375,The A&F Collins Athletic Fit Suit Pant,https://www.abercrombie.com/shop/us/p/the-a-and-f-collins-athletic-fit-suit-pant-59111375,trousers,Dress Pants,A&F Collins,NC,NC,NC,NC,NC,NC,"listing tile read 2026-10-08; PDP not read (WebFetch 429 on 2026-10-08; not reached 2026-10-10 within ~110-fetch cap), composition not checked"
Abercrombie & Fitch,59508897,The A&F Collins Slim Seersucker Suit Pant,https://www.abercrombie.com/shop/us/p/the-a-and-f-collins-slim-seersucker-suit-pant-59508897,trousers,Dress Pants,A&F Collins,NC,NC,NC,NC,NC,NC,"listing tile read 2026-10-08; PDP not read (WebFetch 429 on 2026-10-08; not reached 2026-10-10 within ~110-fetch cap), composition not checked"
Abercrombie & Fitch,63392330,100% Cotton Sweater Henley,https://www.abercrombie.com/shop/us/p/100-cotton-sweater-henley-63392330,knitwear,Sweaters,-,100% Cotton,cotton,100,0,natural,cotton,"composition from title as written on listing 2026-10-08, not from PDP composition field (PDP not re-read 2026-10-10 within fetch cap); verify"
Abercrombie & Fitch,63392331,100% Cotton Waffle Roll Neck Crew Sweater,https://www.abercrombie.com/shop/us/p/100-cotton-textural-rollneck-crew-sweater-63392331,knitwear,Sweaters,-,100% Cotton,cotton,100,0,natural,cotton,"composition from title as written on listing 2026-10-08, not from PDP composition field (PDP not re-read 2026-10-10 within fetch cap); verify"
Abercrombie & Fitch,63845828,100% Merino Wool Shirt Jacket,https://www.abercrombie.com/shop/us/p/100-merino-wool-shirt-jacket-63845828,knitwear,Sweaters,-,100% Merino Wool,wool,100,0,natural,wool,"composition from title as written on listing 2026-10-08, not from PDP composition field (PDP not re-read 2026-10-10 within fetch cap); verify; knit shirt-jacket listed under Sweaters"
Abercrombie & Fitch,63490611,100% Cotton Collared Cardigan,https://www.abercrombie.com/shop/us/p/100-cotton-rib-collared-cardigan-63490611,knitwear,Sweaters,-,100% Cotton,cotton,100,0,natural,cotton,"composition from title as written on listing 2026-10-08, not from PDP composition field (PDP not re-read 2026-10-10 within fetch cap); verify"
Abercrombie & Fitch,62655822,100% Cotton Rollneck Crew Sweater,https://www.abercrombie.com/shop/us/p/100-cotton-rollneck-crew-sweater-62655822,knitwear,Sweaters,-,100% Cotton,cotton,100,0,natural,cotton,"composition from title as written on listing 2026-10-08, not from PDP composition field (PDP not re-read 2026-10-10 within fetch cap); verify"
Abercrombie & Fitch,63806822,100% Merino Wool Cardigan,https://www.abercrombie.com/shop/us/p/100-merino-wool-cardigan-63806822,knitwear,Sweaters,-,100% Merino Wool,wool,100,0,natural,wool,"composition from title as written on listing 2026-10-08, not from PDP composition field (PDP not re-read 2026-10-10 within fetch cap); verify"
Abercrombie & Fitch,63480321,Vegan Suede Bomber Jacket,https://www.abercrombie.com/shop/us/p/vegan-suede-bomber-jacket-63480321,outerwear,Coats & Jackets,-,NC,NC,NC,NC,NC,NC,"listing tile read 2026-10-08; PDP not read (WebFetch 429 on 2026-10-08; not reached 2026-10-10 within ~110-fetch cap), composition not checked; 63616658 (Espresso) collapsed by title"
Abercrombie & Fitch,63480442,Trench Coat,https://www.abercrombie.com/shop/us/p/trench-coat-63480442,outerwear,Coats & Jackets,-,NC,NC,NC,NC,NC,NC,"listing tile read 2026-10-08; PDP not read (WebFetch 429 on 2026-10-08; not reached 2026-10-10 within ~110-fetch cap), composition not checked; 63490540 collapsed by title"
Abercrombie & Fitch,63885319,100% Cotton Corduroy Overshirt,https://www.abercrombie.com/shop/us/p/100-cotton-corduroy-shirt-jacket-63885319,shirts,Coats & Jackets,-,100% Cotton,cotton,100,0,natural,cotton,"composition from title as written on listing 2026-10-08, not from PDP composition field (PDP not re-read 2026-10-10 within fetch cap); verify; overshirt assigned to shirts by garment"
Abercrombie & Fitch,63405323,Canvas Jacket,https://www.abercrombie.com/shop/us/p/100-cotton-canvas-fireman-clasp-jacket-63405323,outerwear,Coats & Jackets,-,NC,NC,NC,NC,NC,NC,"listing tile read 2026-10-08; PDP not read (WebFetch 429 on 2026-10-08; not reached 2026-10-10 within ~110-fetch cap), composition not checked; slug says 100-cotton but title does not; not used"
Abercrombie & Fitch,63550820,Canvas Fireman Clasp Jacket,https://www.abercrombie.com/shop/us/p/100-cotton-canvas-fireman-clasp-jacket-63550820,outerwear,Coats & Jackets,-,NC,NC,NC,NC,NC,NC,"listing tile read 2026-10-08; PDP not read (WebFetch 429 on 2026-10-08; not reached 2026-10-10 within ~110-fetch cap), composition not checked; slug says 100-cotton but title does not; not used"
Abercrombie & Fitch,63885827,Wool-Blend Sport Coat,https://www.abercrombie.com/shop/us/p/wool-blend-sport-coat-63885827,tailoring,Coats & Jackets,-,NC,NC,NC,NC,NC,NC,"listing tile read 2026-10-08; PDP not read (WebFetch 429 on 2026-10-08; not reached 2026-10-10 within ~110-fetch cap), composition not checked"
Abercrombie & Fitch,63490735,Anorak Jacket,https://www.abercrombie.com/shop/us/p/anorak-jacket-63490735,outerwear,Coats & Jackets,-,NC,NC,NC,NC,NC,NC,"listing tile read 2026-10-08; PDP not read (WebFetch 429 on 2026-10-08; not reached 2026-10-10 within ~110-fetch cap), composition not checked"
Abercrombie & Fitch,63616433,The A&F Collins Double-Breasted Blazer,https://www.abercrombie.com/shop/us/p/the-a-and-f-collins-double-breasted-blazer-63616433,tailoring,Coats & Jackets,A&F Collins,NC,NC,NC,NC,NC,NC,"listing tile read 2026-10-08; PDP not read (WebFetch 429 on 2026-10-08; not reached 2026-10-10 within ~110-fetch cap), composition not checked"
Abercrombie & Fitch,63490593,Vegan Leather Zip Jacket,https://www.abercrombie.com/shop/us/p/leather-mock-neck-zip-jacket-63490593,outerwear,Coats & Jackets,-,NC,NC,NC,NC,NC,NC,"listing tile read 2026-10-08; PDP not read (WebFetch 429 on 2026-10-08; not reached 2026-10-10 within ~110-fetch cap), composition not checked"
Abercrombie & Fitch,63405325,Easy Vegan Suede Zip Trucker Jacket,https://www.abercrombie.com/shop/us/p/easy-vegan-suede-zip-trucker-jacket-63405325,outerwear,Coats & Jackets,-,NC,NC,NC,NC,NC,NC,"listing tile read 2026-10-08; PDP not read (WebFetch 429 on 2026-10-08; not reached 2026-10-10 within ~110-fetch cap), composition not checked"
Abercrombie & Fitch,58944850,The A&F Collins Blazer,https://www.abercrombie.com/shop/us/p/the-a-and-f-collins-tailored-classic-linen-blend-blazer-58944850,tailoring,Coats & Jackets,A&F Collins,NC,NC,NC,NC,NC,NC,"listing tile read 2026-10-08; PDP not read (WebFetch 429 on 2026-10-08; not reached 2026-10-10 within ~110-fetch cap), composition not checked; 63520319 collapsed by title"
Abercrombie & Fitch,63490623,Military Jacket,https://www.abercrombie.com/shop/us/p/military-jacket-63490623,outerwear,Coats & Jackets,-,NC,NC,NC,NC,NC,NC,"listing tile read 2026-10-08; PDP not read (WebFetch 429 on 2026-10-08; not reached 2026-10-10 within ~110-fetch cap), composition not checked"
Abercrombie & Fitch,58944904,The A&F Collins Slim Linen-Blend Blazer,https://www.abercrombie.com/shop/us/p/the-a-and-f-collins-tailored-slim-linen-blend-blazer-58944904,tailoring,Coats & Jackets,A&F Collins,NC,NC,NC,NC,NC,NC,"listing tile read 2026-10-08; PDP not read (WebFetch 429 on 2026-10-08; not reached 2026-10-10 within ~110-fetch cap), composition not checked"
Abercrombie & Fitch,62415323,The A&F Collins Slim 100% Linen Blazer,https://www.abercrombie.com/shop/us/p/the-a-and-f-collins-slim-100-linen-blazer-62415323,tailoring,Coats & Jackets,A&F Collins,100% Linen,linen,100,0,natural,linen,"composition from title as written on listing 2026-10-08, not from PDP composition field (PDP not re-read 2026-10-10 within fetch cap); verify; (shell; lining not stated)"
Abercrombie & Fitch,63885820,Hooded Parka,https://www.abercrombie.com/shop/us/p/midweight-parka-63885820,outerwear,Coats & Jackets,-,NC,NC,NC,NC,NC,NC,"listing tile read 2026-10-08; PDP not read (WebFetch 429 on 2026-10-08; not reached 2026-10-10 within ~110-fetch cap), composition not checked"
Abercrombie & Fitch,63885823,100% Cotton Philadelphia Eagles Hooded Bomber Jacket,https://www.abercrombie.com/shop/us/p/100-cotton-philadelphia-eagles-hooded-bomber-jacket-63885823,outerwear,Coats & Jackets,-,100% Cotton,cotton,100,0,natural,cotton,"composition from title as written on listing 2026-10-08, not from PDP composition field (PDP not re-read 2026-10-10 within fetch cap); verify; (shell); NFL-licensed"
Abercrombie & Fitch,63799332,Wool-Blend and Vegan Leather Varsity Jacket,https://www.abercrombie.com/shop/us/p/wool-blend-and-vegan-leather-varsity-jacket-63799332,outerwear,Coats & Jackets,-,NC,NC,NC,NC,NC,NC,"listing tile read 2026-10-08; PDP not read (WebFetch 429 on 2026-10-08; not reached 2026-10-10 within ~110-fetch cap), composition not checked"
Abercrombie & Fitch,63616691,Unstructured Sport Coat,https://www.abercrombie.com/shop/us/p/chore-jacket-63616691,tailoring,Coats & Jackets,-,NC,NC,NC,NC,NC,NC,"listing tile read 2026-10-08; PDP not read (WebFetch 429 on 2026-10-08; not reached 2026-10-10 within ~110-fetch cap), composition not checked"
Abercrombie & Fitch,62607351,The A&F Collins 100% Linen Blazer,https://www.abercrombie.com/shop/us/p/the-a-and-f-collins-100-linen-blazer-62607351,tailoring,Coats & Jackets,A&F Collins,100% Linen,linen,100,0,natural,linen,"composition from title as written on listing 2026-10-08, not from PDP composition field (PDP not re-read 2026-10-10 within fetch cap); verify; (shell)"
Abercrombie & Fitch,62495820,The A&F Collins Double-Breasted 100% Linen Blazer,https://www.abercrombie.com/shop/us/p/the-a-and-f-collins-double-breasted-100-linen-blazer-62495820,tailoring,Coats & Jackets,A&F Collins,100% Linen,linen,100,0,natural,linen,"composition from title as written on listing 2026-10-08, not from PDP composition field (PDP not re-read 2026-10-10 within fetch cap); verify; (shell)"
adidas,DB785,3-Stripes T-Shirt,https://www.adidas.com/us/3-stripes-t-shirt/KE3538.html,tees-polos,T Shirts,-,"Main material: 100% cotton; Rib part: 78% cotton, 22% polyester (100% recycled)",cotton,100,0,natural,cotton,"article KE3538; division not captured; read via https://www.adidas.com/api/products/<article> 2026-10-08; first-pass purposive pick (2026-10-08); SAMPLE: 72 styles read of a men's clothing grid of ~3,278 articles (colourways); not random"
adidas,NQE20,Train Essentials Training Tee,https://www.adidas.com/us/train-essentials-training-tee/JN6799.html,tees-polos,T Shirts,-,100% polyester (recycled),polyester,100,0,synthetic,polyester,"article JN6799; read via https://www.adidas.com/api/products/<article> 2026-10-08; first-pass purposive pick (2026-10-08); SAMPLE: 72 styles read of a men's clothing grid of ~3,278 articles (colourways); not random"
adidas,LOO31,TREFOIL ESSENTIALS T-SHIRT,https://www.adidas.com/us/trefoil-essentials-t-shirt/KS8890.html,tees-polos,T Shirts,-,Main Material: 100% Cotton / Rib Part: 70% Cotton / 30% Polyester(100% Recycled),cotton,100,0,natural,cotton,"article KS8890; read via https://www.adidas.com/api/products/<article> 2026-10-08; first-pass purposive pick (2026-10-08); SAMPLE: 72 styles read of a men's clothing grid of ~3,278 articles (colourways); not random"
adidas,BW696,ADIDAS EQUIPMENT WAFFLE LONG SLEEVE TEE,https://www.adidas.com/us/adidas-equipment-waffle-long-sleeve-tee/KR4026.html,tees-polos,Long Sleeve Shirts; T Shirts,Originals,Main Material: 100% Polyester(80% Recycled),polyester,100,0,synthetic,polyester,"article KR4026; URL slug title-built; read via https://www.adidas.com/api/products/<article> 2026-10-08; first-pass purposive pick (2026-10-08); SAMPLE: 72 styles read of a men's clothing grid of ~3,278 articles (colourways); not random"
adidas,MIP66,ENT26 POLO,https://www.adidas.com/us/ent26-polo/JZ6661.html,tees-polos,Short Sleeve Shirts,Performance,ND,ND,ND,ND,undisclosed,-,"article JZ6661; product API states no composition (base_material ""Others""); read via https://www.adidas.com/api/products/<article> 2026-10-08; first-pass purposive pick (2026-10-08); SAMPLE: 72 styles read of a men's clothing grid of ~3,278 articles (colourways); not random"
adidas,KS771,Originals Twistknit Button Up Polo Shirt,https://www.adidas.com/us/originals-twistknit-button-up-polo-shirt/KR5432.html,tees-polos,Long Sleeve Shirts,Originals,Main Material: 84% Cotton / 16% Polyester(50% Recycled),cotton,84,0,blend,-,"article KR5432; adidas Golf Originals line; read via https://www.adidas.com/api/products/<article> 2026-10-08; first-pass purposive pick (2026-10-08); SAMPLE: 72 styles read of a men's clothing grid of ~3,278 articles (colourways); not random"
adidas,KOW13,Core adidas Performance Primegreen Polo Shirt,https://www.adidas.com/us/core-adidas-performance-primegreen-polo-shirt/IQ2935.html,tees-polos,Short Sleeve Shirts,Performance,100% polyester (recycled),polyester,100,0,synthetic,polyester,"article IQ2935; read via https://www.adidas.com/api/products/<article> 2026-10-08; first-pass purposive pick (2026-10-08); SAMPLE: 72 styles read of a men's clothing grid of ~3,278 articles (colourways); not random"
adidas,L9541,FS+ BUTTON UP SHIRT,https://www.adidas.com/us/fs-plus-button-up-shirt/KS4328.html,shirts,Short Sleeve Shirts,Originals,Main Material: 100% Cotton,cotton,100,0,natural,cotton,"article KS4328; woven twill; read via https://www.adidas.com/api/products/<article> 2026-10-08; first-pass purposive pick (2026-10-08); SAMPLE: 72 styles read of a men's clothing grid of ~3,278 articles (colourways); not random"
adidas,IV093,Originals Cashmere Sweater,https://www.adidas.com/us/originals-cashmere-sweater/KS5727.html,knitwear,Hoodies & Sweatshirts,Originals,Main Material: 66% Modal / 13% Cashmere Wool / 13% Wool [merino] / 8% Polyamide(100% Recycled),modal,66,0,blend,-,"article KS5727; titled cashmere, modal-led; read via https://www.adidas.com/api/products/<article> 2026-10-08; first-pass purposive pick (2026-10-08); SAMPLE: 72 styles read of a men's clothing grid of ~3,278 articles (colourways); not random"
adidas,MNA94,3 STRIPES FLUFFY KNIT CREW Jumper,https://www.adidas.com/us/3-stripes-fluffy-knit-crew-jumper/KE4169.html,knitwear,Hoodies & Sweatshirts,Originals,Main Material: 76% Polyester(100% Recycled) / 13% Polyamide(100% Recycled) / 9% Wool / 2% Spandex,polyester,76,2,blend,-,"article KE4169; read via https://www.adidas.com/api/products/<article> 2026-10-08; first-pass purposive pick (2026-10-08); SAMPLE: 72 styles read of a men's clothing grid of ~3,278 articles (colourways); not random"
adidas,KTE90,Essentials 3-Stripes Fleece Sweatshirt,https://www.adidas.com/us/essentials-3-stripes-fleece-sweatshirt/KF2266.html,sweats,Hoodies & Sweatshirts,Sportswear,Main Material: 55% Cotton / 36% Polyester(100% Recycled) / 9% Rayon / Rib Part: 95% Cotton / 5% Spandex,cotton,55,0,blend,-,"article KF2266; spandex in rib only, not counted; read via https://www.adidas.com/api/products/<article> 2026-10-08; first-pass purposive pick (2026-10-08); SAMPLE: 72 styles read of a men's clothing grid of ~3,278 articles (colourways); not random"
adidas,KOW29,Adi Advantage Golf Pants,https://www.adidas.com/us/adi-advantage-golf-pants/IS0541.html,trousers,Pants,Performance,100% polyester (recycled),polyester,100,0,synthetic,polyester,"article IS0541; adidas Golf; read via https://www.adidas.com/api/products/<article> 2026-10-08; first-pass purposive pick (2026-10-08); SAMPLE: 72 styles read of a men's clothing grid of ~3,278 articles (colourways); not random"
adidas,TS011,ULTIMATE365 TOUR TWISTKNIT PANTS,https://www.adidas.com/us/ultimate365-tour-twistknit-pants/KE9490.html,trousers,Pants,Performance;Ultimate365,Main Material: 100% Polyester(75% Recycled),polyester,100,0,synthetic,polyester,"article KE9490; adidas Golf; read via https://www.adidas.com/api/products/<article> 2026-10-08; first-pass purposive pick (2026-10-08); SAMPLE: 72 styles read of a men's clothing grid of ~3,278 articles (colourways); not random"
adidas,OO127,Essentials Warm-Up 3-Stripes Track Jacket,https://www.adidas.com/us/essentials-warm-up-3-stripes-track-jacket/H46100.html,outerwear,Jackets; Track Suits,Sportswear,100% polyester (recycled),polyester,100,0,synthetic,polyester,"article H46100; tricot track top filed under house Jackets; read via https://www.adidas.com/api/products/<article> 2026-10-08; first-pass purposive pick (2026-10-08); SAMPLE: 72 styles read of a men's clothing grid of ~3,278 articles (colourways); not random"
adidas,HF545,TERREX Xperior Hybrid PRIMEKNIT Spray Dye CLIMAPROOF+ Jacket,https://www.adidas.com/us/terrex-xperior-hybrid-primeknit-spray-dye-climaproof-plus-jacket/KT3871.html,outerwear,Jackets,TERREX,Main Material: Outer: 100% Polyester(100% Recycled) / Middle: 100% Polyurethane / Inner: 100% Polyester(100% Recycled); Body Insert: 83% Polyamide / 17% Spandex,polyester,100,0,synthetic,-,"article KT3871; laminate outer/middle/inner, so single_fibre is -; body-insert spandex not on main line; read via https://www.adidas.com/api/products/<article> 2026-10-08; first-pass purposive pick (2026-10-08); SAMPLE: 72 styles read of a men's clothing grid of ~3,278 articles (colourways); not random"
adidas,XR722,Originals Down Jacket,https://www.adidas.com/us/originals-down-jacket/KR5429.html,outerwear,Jackets,Originals,Shell: 100% Polyamide(100% Recycled) / Lining: 100% Polyamide(100% Recycled); Filler: 90% Goose Down / 10% Feather-goose,polyamide,100,0,synthetic,polyamide,"article KR5429; shell read over fill; read via https://www.adidas.com/api/products/<article> 2026-10-08; first-pass purposive pick (2026-10-08); SAMPLE: 72 styles read of a men's clothing grid of ~3,278 articles (colourways); not random"
adidas,TX793,ADIDAS ORIGINALS X METALLICA MENS RINGER TEE,https://www.adidas.com/us/adidas-originals-x-metallica-mens-ringer-tee/LK6405.html,tees-polos,Short Sleeve Shirts; T Shirts,Originals,100% cotton,cotton,100,0,natural,cotton,"article LK6405; read via https://www.adidas.com/api/products/LK6405 2026-10-10; picked as first distinct non-Y-3 model(s) in default grid order of the house category listing; collab (Metallica); gender M; SAMPLE: 72 styles read of a men's clothing grid of ~3,278 articles (colourways); not random"
adidas,TX810,ADIDAS ORIGINALS X METALLICA UNISEX 3/4 SLEEVE CALI TEE,https://www.adidas.com/us/adidas-originals-x-metallica-unisex-3-4-sleeve-cali-tee/LK6407.html,tees-polos,Long Sleeve Shirts; T Shirts,Originals,100% cotton,cotton,100,0,natural,cotton,"article LK6407; read via https://www.adidas.com/api/products/LK6407 2026-10-10; picked as first distinct non-Y-3 model(s) in default grid order of the house category listing; collab (Metallica); gender U (unisex) on men's grid; SAMPLE: 72 styles read of a men's clothing grid of ~3,278 articles (colourways); not random"
adidas,I9053,Argentina Messi 26 Tee,https://www.adidas.com/us/argentina-messi-26-tee/KG2657.html,tees-polos,Short Sleeve Shirts; T Shirts,Performance,Main Material: 52% Cotton / 48% Polyester(100% Recycled) / Rib Part: 98% Polyester(100% Recycled) / 2% Spandex,cotton,52,0,blend,-,"article KG2657; read via https://www.adidas.com/api/products/KG2657 2026-10-10; picked as first distinct non-Y-3 model(s) in default grid order of the house category listing; federation licensed tee; rib spandex not counted; SAMPLE: 72 styles read of a men's clothing grid of ~3,278 articles (colourways); not random"
adidas,MGV67,D4T ESSENTIALS T-SHIRT,https://www.adidas.com/us/d4t-essentials-t-shirt/KR6278.html,tees-polos,T Shirts,Performance,Main Material: 81% Polyester(100% Recycled) / 14% Lyocell / 5% Spandex,polyester,81,5,blend,-,"article KR6278; read via https://www.adidas.com/api/products/KR6278 2026-10-10; picked as first distinct non-Y-3 model(s) in default grid order of the house category listing; SAMPLE: 72 styles read of a men's clothing grid of ~3,278 articles (colourways); not random"
adidas,BW191,adiSignature NY Washed Tee,https://www.adidas.com/us/adisignature-ny-washed-tee/LF3001.html,tees-polos,Short Sleeve Shirts; T Shirts,Originals,"Main material: 100% cotton; Rib part: 70% cotton, 30% polyester (100% recycled)",cotton,100,0,natural,cotton,"article LF3001; read via https://www.adidas.com/api/products/LF3001 2026-10-10; picked as first distinct non-Y-3 model(s) in default grid order of the house category listing; gender U on men's grid; SAMPLE: 72 styles read of a men's clothing grid of ~3,278 articles (colourways); not random"
adidas,BZ104,WORKOUT ESSENTIALS FEELREADY T-SHIRT,https://www.adidas.com/us/workout-essentials-feelready-t-shirt/KA3530.html,tees-polos,T Shirts,Performance,Main Material: 70% Polyester(100% Recycled) / 30% Cotton,polyester,70,0,blend,-,"article KA3530; read via https://www.adidas.com/api/products/KA3530 2026-10-10; picked as first distinct non-Y-3 model(s) in default grid order of the house category listing; SAMPLE: 72 styles read of a men's clothing grid of ~3,278 articles (colourways); not random"
adidas,TB251,Boca Juniors EQT T-Shirt,https://www.adidas.com/us/boca-juniors-eqt-t-shirt/KH2149.html,tees-polos,T Shirts,Originals,Main Material: 100% Cotton,cotton,100,0,natural,cotton,"article KH2149; read via https://www.adidas.com/api/products/KH2149 2026-10-10; picked as first distinct non-Y-3 model(s) in default grid order of the house category listing; club licensed tee; SAMPLE: 72 styles read of a men's clothing grid of ~3,278 articles (colourways); not random"
adidas,QH960,ANTHONY EDWARDS BELIEVE THAT TEE,https://www.adidas.com/us/anthony-edwards-believe-that-tee/KA5066.html,tees-polos,Short Sleeve Shirts; T Shirts,Performance,Main Material: 70% Cotton / 30% Polyester(100% Recycled) / Rib Part: 70% Cotton / 30% Polyester(100% Recycled),cotton,70,0,blend,-,"article KA5066; read via https://www.adidas.com/api/products/KA5066 2026-10-10; picked as first distinct non-Y-3 model(s) in default grid order of the house category listing; athlete signature line; SAMPLE: 72 styles read of a men's clothing grid of ~3,278 articles (colourways); not random"
adidas,M2271,FIREBIRD ADICOLOR DENIM JEANS MID-RISE STRAIGHT LEG,https://www.adidas.com/us/firebird-adicolor-denim-jeans-mid-rise-straight-leg/KS4966.html,denim,Pants (denim grid),Originals,Main material: 100% cotton; Pockets: 100% polyester (100% recycled),cotton,100,0,natural,cotton,"article KS4966; read via https://www.adidas.com/api/products/KS4966 2026-10-10; picked as first distinct non-Y-3 model(s) in default grid order of the house category listing; SAMPLE: 72 styles read of a men's clothing grid of ~3,278 articles (colourways); not random"
adidas,BW215,adiSignature NY Hoodie,https://www.adidas.com/us/adisignature-ny-hoodie/LF3019.html,sweats,Hoodies & Sweatshirts,Originals,"Main material: 83% cotton, 17% polyester (100% recycled); Rib part: 90% cotton, 10% elastane",cotton,83,0,blend,-,"article LF3019; read via https://www.adidas.com/api/products/LF3019 2026-10-10; picked as first distinct non-Y-3 model(s) in default grid order of the house category listing; gender U; rib elastane not counted; SAMPLE: 72 styles read of a men's clothing grid of ~3,278 articles (colourways); not random"
adidas,KTE96,Essentials 3-Stripes Fleece Hoodie,https://www.adidas.com/us/essentials-3-stripes-fleece-hoodie/JD1870.html,sweats,Hoodies & Sweatshirts,Sportswear,Main Material: 55% Cotton / 36% Polyester(100% Recycled) / 9% Rayon / Rib Part: 95% Cotton / 5% Spandex / Hood Lining: 60% Cotton / 40% Polyester(100% Recycled),cotton,55,0,blend,-,"article JD1870; read via https://www.adidas.com/api/products/JD1870 2026-10-10; picked as first distinct non-Y-3 model(s) in default grid order of the house category listing; rib spandex not counted; SAMPLE: 72 styles read of a men's clothing grid of ~3,278 articles (colourways); not random"
adidas,MCD65,ADICOLOR CLASSICS 3-STRIPES HOODY,https://www.adidas.com/us/adicolor-classics-3-stripes-hoody/KS7506.html,sweats,Hoodies & Sweatshirts,Originals,"70% cotton, 30% polyester (100% recycled)",cotton,70,0,blend,-,"article KS7506; read via https://www.adidas.com/api/products/KS7506 2026-10-10; picked as first distinct non-Y-3 model(s) in default grid order of the house category listing; SAMPLE: 72 styles read of a men's clothing grid of ~3,278 articles (colourways); not random"
adidas,WM691,SPACER TEAMGEIST 26 CUTLINE FULLZIP HOODIE,https://www.adidas.com/us/spacer-teamgeist-26-cutline-fullzip-hoodie/KR7070.html,sweats,Hoodies & Sweatshirts,Originals,Main Material: 67% Polyester(100% Recycled) / 33% Cotton / Hood Lining: 100% Cotton,polyester,67,0,blend,-,"article KR7070; read via https://www.adidas.com/api/products/KR7070 2026-10-10; picked as first distinct non-Y-3 model(s) in default grid order of the house category listing; SAMPLE: 72 styles read of a men's clothing grid of ~3,278 articles (colourways); not random"
adidas,CK438,TREFOIL ESSENTIALS HOODIE,https://www.adidas.com/us/trefoil-essentials-hoodie/KS8920.html,sweats,Hoodies & Sweatshirts,Originals,Main Material: 82% Cotton / 18% Polyester(100% Recycled) / Hood Lining: 70% Cotton / 30% Polyester(100% Recycled) / Rib Part: 88% Cotton / 12% Polyester(100% Recycled),cotton,82,0,blend,-,"article KS8920; read via https://www.adidas.com/api/products/KS8920 2026-10-10; picked as first distinct non-Y-3 model(s) in default grid order of the house category listing; SAMPLE: 72 styles read of a men's clothing grid of ~3,278 articles (colourways); not random"
adidas,KWE20,Designed for Training Hoodie,https://www.adidas.com/us/designed-for-training-hoodie/JI8142.html,sweats,Hoodies & Sweatshirts,Performance,Main Material: 73% Polyester(100% Recycled) / 19% Cotton / 8% Spandex,polyester,73,8,blend,-,"article JI8142; read via https://www.adidas.com/api/products/JI8142 2026-10-10; picked as first distinct non-Y-3 model(s) in default grid order of the house category listing; SAMPLE: 72 styles read of a men's clothing grid of ~3,278 articles (colourways); not random"
adidas,CC322,SKATEBOARDING x TEMPLE OF SKATE FOO DOG HOODIE,https://www.adidas.com/us/skateboarding-x-temple-of-skate-foo-dog-hoodie/KS4341.html,sweats,Hoodies & Sweatshirts,Originals,Main Material: 82% Cotton / 18% Polyester(100% Recycled) / Rib Part: 95% Cotton / 5% Elastane,cotton,82,0,blend,-,"article KS4341; read via https://www.adidas.com/api/products/KS4341 2026-10-10; picked as first distinct non-Y-3 model(s) in default grid order of the house category listing; collab (Temple of Skate); gender U; rib elastane not counted; SAMPLE: 72 styles read of a men's clothing grid of ~3,278 articles (colourways); not random"
adidas,CN341,ULTIMATE365+ CLIMAWARM BRUSHED QUARTER-ZIP Sweatshirt,https://www.adidas.com/us/ultimate365-plus-climawarm-brushed-quarter-zip-sweatshirt/JY5241.html,sweats,Hoodies & Sweatshirts,Performance;Ultimate365,Main Material: 93% Polyester(100% Recycled) / 7% Spandex,polyester,93,7,synthetic,-,"article JY5241; read via https://www.adidas.com/api/products/JY5241 2026-10-10; picked as first distinct non-Y-3 model(s) in default grid order of the house category listing; adidas Golf; SAMPLE: 72 styles read of a men's clothing grid of ~3,278 articles (colourways); not random"
adidas,VW512,ADIDAS KIT SMALL LOGO FULL-ZIP HOODIE,https://www.adidas.com/us/adidas-kit-small-logo-full-zip-hoodie/KW2289.html,sweats,Hoodies & Sweatshirts; Track Suits,Sportswear,Main material: 100% cotton; Hood Lining: 100% cotton,cotton,100,0,natural,cotton,"article KW2289; read via https://www.adidas.com/api/products/KW2289 2026-10-10; picked as first distinct non-Y-3 model(s) in default grid order of the house category listing; SAMPLE: 72 styles read of a men's clothing grid of ~3,278 articles (colourways); not random"
adidas,KTE80,Essentials Feelcozy Fleece Hoodie,https://www.adidas.com/us/essentials-feelcozy-fleece-hoodie/JE3799.html,sweats,Hoodies & Sweatshirts,Sportswear,"70% cotton, 30% polyester (recycled)",cotton,70,0,blend,-,"article JE3799; read via https://www.adidas.com/api/products/JE3799 2026-10-10; picked as first distinct non-Y-3 model(s) in default grid order of the house category listing; SAMPLE: 72 styles read of a men's clothing grid of ~3,278 articles (colourways); not random"
adidas,KTE91,Essentials 3-Stripes Fleece Pants,https://www.adidas.com/us/essentials-3-stripes-fleece-pants/KX6331.html,sweats,Pants,Sportswear,Main Material: 55% Cotton / 36% Polyester(100% Recycled) / 9% Rayon / Rib Part: 95% Cotton / 5% Spandex,cotton,55,0,blend,-,"article KX6331; read via https://www.adidas.com/api/products/KX6331 2026-10-10; picked as first distinct non-Y-3 model(s) in default grid order of the house category listing; fleece jogger filed sweats; rib spandex not counted; SAMPLE: 72 styles read of a men's clothing grid of ~3,278 articles (colourways); not random"
adidas,KTE93,Essentials 3-Stripes Open Hem Fleece Pants,https://www.adidas.com/us/essentials-3-stripes-open-hem-fleece-pants/KX6329.html,sweats,Pants,Sportswear,"55% cotton, 36% polyester (recycled), 9% viscose",cotton,55,0,blend,-,"article KX6329; read via https://www.adidas.com/api/products/KX6329 2026-10-10; picked as first distinct non-Y-3 model(s) in default grid order of the house category listing; fleece pant filed sweats; SAMPLE: 72 styles read of a men's clothing grid of ~3,278 articles (colourways); not random"
adidas,KQI80,3-Stripes Tricot Regular Tapered Track Pants,https://www.adidas.com/us/3-stripes-tricot-regular-tapered-track-pants/JI8810.html,trousers,Pants; Track Suits,Sportswear,100% polyester (recycled),polyester,100,0,synthetic,polyester,"article JI8810; read via https://www.adidas.com/api/products/JI8810 2026-10-10; picked as first distinct non-Y-3 model(s) in default grid order of the house category listing; track pant; SAMPLE: 72 styles read of a men's clothing grid of ~3,278 articles (colourways); not random"
adidas,TV934,Firebird Track Pants,https://www.adidas.com/us/firebird-track-pants/KD8315.html,trousers,Pants; Track Suits,Originals,Main material: 100% polyester (100% recycled); Pockets: 100% polyester (100% recycled); Insert: 100% polyester (100% recycled),polyester,100,0,synthetic,polyester,"article KD8315; read via https://www.adidas.com/api/products/KD8315 2026-10-10; picked as first distinct non-Y-3 model(s) in default grid order of the house category listing; track pant; SAMPLE: 72 styles read of a men's clothing grid of ~3,278 articles (colourways); not random"
adidas,CT053,FIREBIRD ADICOLOR DENIM PANTS,https://www.adidas.com/us/firebird-adicolor-denim-pants/KD1497.html,denim,Pants,Originals,Main Material: 100% Cotton / Pockets: 100% Polyester(100% Recycled),cotton,100,0,natural,cotton,"article KD1497; read via https://www.adidas.com/api/products/KD1497 2026-10-10; picked as first distinct non-Y-3 model(s) in default grid order of the house category listing; list $110; SAMPLE: 72 styles read of a men's clothing grid of ~3,278 articles (colourways); not random"
adidas,BW230,adiSignature NY Joggers,https://www.adidas.com/us/adisignature-ny-joggers/LD1613.html,sweats,Pants; Track Suits,Originals,"Main material: 83% cotton, 17% polyester (100% recycled)",cotton,83,0,blend,-,"article LD1613; read via https://www.adidas.com/api/products/LD1613 2026-10-10; picked as first distinct non-Y-3 model(s) in default grid order of the house category listing; gender U; SAMPLE: 72 styles read of a men's clothing grid of ~3,278 articles (colourways); not random"
adidas,TO122,FIREBIRD VELOUR TRACK PANTS,https://www.adidas.com/us/firebird-velour-track-pants/KS4100.html,trousers,Pants; Track Suits,Originals,Main Material: 75% Cotton / 25% Polyester(100% Recycled),cotton,75,0,blend,-,"article KS4100; read via https://www.adidas.com/api/products/KS4100 2026-10-10; picked as first distinct non-Y-3 model(s) in default grid order of the house category listing; velour track pant; SAMPLE: 72 styles read of a men's clothing grid of ~3,278 articles (colourways); not random"
adidas,C6874,Argentina Messi 26 Track Pant,https://www.adidas.com/us/argentina-messi-26-track-pant/KG2656.html,trousers,Pants; Track Suits,Performance,Main Material: 52% Cotton / 48% Polyester(100% Recycled) / Pockets: 100% Polyester(100% Recycled),cotton,52,0,blend,-,"article KG2656; read via https://www.adidas.com/api/products/KG2656 2026-10-10; picked as first distinct non-Y-3 model(s) in default grid order of the house category listing; federation licensed; SAMPLE: 72 styles read of a men's clothing grid of ~3,278 articles (colourways); not random"
adidas,CI632,TRIPLE PLEATED PANTS,https://www.adidas.com/us/triple-pleated-pants/KR9140.html,trousers,Pants,Originals;Premium Adicolor,Main Material: 66% Cotton / 34% Polyester(50% Recycled),cotton,66,0,blend,-,"article KR9140; read via https://www.adidas.com/api/products/KR9140 2026-10-10; picked as first distinct non-Y-3 model(s) in default grid order of the house category listing; list $120 not on sale; Premium Adicolor collection; SAMPLE: 72 styles read of a men's clothing grid of ~3,278 articles (colourways); not random"
adidas,VL017,Argentina Messi 26 Track Top,https://www.adidas.com/us/argentina-messi-26-track-top/KG2655.html,outerwear,Jackets; Track Suits,Performance,"52% cotton, 48% polyester (100% recycled)",cotton,52,0,blend,-,"article KG2655; read via https://www.adidas.com/api/products/KG2655 2026-10-10; picked as first distinct non-Y-3 model(s) in default grid order of the house category listing; track top under house Jackets; federation licensed; SAMPLE: 72 styles read of a men's clothing grid of ~3,278 articles (colourways); not random"
adidas,TB671,Firebird Track Jacket,https://www.adidas.com/us/firebird-track-jacket/KD8312.html,outerwear,Track Suits; Jackets,Originals,"Main material: 100% polyester (100% recycled); Pockets: 100% polyester (100% recycled); Rib part: 95% polyester (100% recycled), 5% elastane; Insert: 100% polyester (100% recycled)",polyester,100,0,synthetic,polyester,"article KD8312; read via https://www.adidas.com/api/products/KD8312 2026-10-10; picked as first distinct non-Y-3 model(s) in default grid order of the house category listing; track top under house Jackets; base_material field says Cotton, composition says polyester (composition used); SAMPLE: 72 styles read of a men's clothing grid of ~3,278 articles (colourways); not random"
adidas,QH509,ESSENTIALS HIGHLOFT INSULATED PUFFER Jacket,https://www.adidas.com/us/essentials-highloft-insulated-puffer-jacket/KS6448.html,outerwear,Jackets,Sportswear,Main Material: 100% Polyester(100% Recycled) / Lining: 100% Polyester(100% Recycled) / Padding: 100% Polyester(100% Recycled),polyester,100,0,synthetic,polyester,"article KS6448; read via https://www.adidas.com/api/products/KS6448 2026-10-10; picked as first distinct non-Y-3 model(s) in default grid order of the house category listing; SAMPLE: 72 styles read of a men's clothing grid of ~3,278 articles (colourways); not random"
adidas,SH468,FIREBIRD VELOUR TRACK TOP,https://www.adidas.com/us/firebird-velour-track-top/KS4094.html,outerwear,Jackets; Track Suits,Originals,Main Material: 75% Cotton / 25% Polyester(100% Recycled) / Rib Part: 98% Polyester(100% Recycled) / 2% Spandex,cotton,75,0,blend,-,"article KS4094; read via https://www.adidas.com/api/products/KS4094 2026-10-10; picked as first distinct non-Y-3 model(s) in default grid order of the house category listing; track top under house Jackets; rib spandex not counted; SAMPLE: 72 styles read of a men's clothing grid of ~3,278 articles (colourways); not random"
adidas,BW224,adiSignature Vista Wind Track Jacket,https://www.adidas.com/us/adisignature-vista-wind-track-jacket/LF3022.html,outerwear,Jackets; Track Suits,Originals,100% polyamide (100% recycled),polyamide,100,0,synthetic,polyamide,"article LF3022; read via https://www.adidas.com/api/products/LF3022 2026-10-10; picked as first distinct non-Y-3 model(s) in default grid order of the house category listing; gender U; SAMPLE: 72 styles read of a men's clothing grid of ~3,278 articles (colourways); not random"
adidas,TA548,Tennessee Volunteers Satin Jacket,https://www.adidas.com/us/tennessee-volunteers-satin-jacket/KZ5481.html,outerwear,Jackets,Sportswear,Shell: 100% Polyester(100% Recycled) / Padding: Outer: 100% Polypropylene / Inner: 100% Polyester(100% Recycled) / Rib Part: 95% Polyester(100% Recycled) / 5% Spandex / Lining: 100% Polyester(100% Recycled),polyester,100,0,synthetic,polyester,"article KZ5481; read via https://www.adidas.com/api/products/KZ5481 2026-10-10; picked as first distinct non-Y-3 model(s) in default grid order of the house category listing; collegiate licensed; shell read; SAMPLE: 72 styles read of a men's clothing grid of ~3,278 articles (colourways); not random"
adidas,BU102,MESSI HOUSE OF TIRO TRACK TOP,https://www.adidas.com/us/messi-house-of-tiro-track-top/KH2898.html,outerwear,Jackets; Track Suits,Performance,Main Material: 53% Cotton / 47% Polyester(100% Recycled) / Rib Part: 78% Cotton / 22% Polyester(100% Recycled),cotton,53,0,blend,-,"article KH2898; read via https://www.adidas.com/api/products/KH2898 2026-10-10; picked as first distinct non-Y-3 model(s) in default grid order of the house category listing; track top under house Jackets; SAMPLE: 72 styles read of a men's clothing grid of ~3,278 articles (colourways); not random"
adidas,N2741,ADIDAS Z.N.E. FULL ZIP Track Top,https://www.adidas.com/us/adidas-z.n.e.-full-zip-track-top/KF3827.html,outerwear,Jackets; Track Suits,Sportswear,Main Material: 57% Polyester(100% Recycled) / 43% Cotton / Hood Lining: 57% Polyester(100% Recycled) / 43% Cotton,polyester,57,0,blend,-,"article KF3827; read via https://www.adidas.com/api/products/KF3827 2026-10-10; picked as first distinct non-Y-3 model(s) in default grid order of the house category listing; track top under house Jackets; SAMPLE: 72 styles read of a men's clothing grid of ~3,278 articles (colourways); not random"
adidas,DVR25,TECH APPAREL CLIMAWARM TOP,https://www.adidas.com/us/tech-apparel-climawarm-top/KS9289.html,outerwear,Jackets; Track Suits,Performance,Main Material: 91% Polyester(100% Recycled) / 9% Spandex / Insert: 84% Polyester(100% Recycled) / 10% Spandex / 6% Lyocell,polyester,91,9,synthetic,-,"article KS9289; read via https://www.adidas.com/api/products/KS9289 2026-10-10; picked as first distinct non-Y-3 model(s) in default grid order of the house category listing; SAMPLE: 72 styles read of a men's clothing grid of ~3,278 articles (colourways); not random"
adidas,RM160,Argentina Originals Track Top,https://www.adidas.com/us/argentina-originals-track-top/JZ6305.html,outerwear,Jackets; Track Suits,Originals,Main Material: 70% Polyester(100% Recycled) / 30% Cotton / Rib Part: 95% Polyester(100% Recycled) / 5% Spandex,polyester,70,0,blend,-,"article JZ6305; read via https://www.adidas.com/api/products/JZ6305 2026-10-10; picked as first distinct non-Y-3 model(s) in default grid order of the house category listing; federation licensed; rib spandex not counted; SAMPLE: 72 styles read of a men's clothing grid of ~3,278 articles (colourways); not random"
adidas,DVW73,MERCEDES - AMG PETRONAS FORMULA 1 TEAM SILVER JACKET,https://www.adidas.com/us/mercedes---amg-petronas-formula-1-team-silver-jacket/LD6555.html,outerwear,Jackets,Performance,100% PU,polyurethane,100,0,synthetic,polyurethane,"article LD6555; read via https://www.adidas.com/api/products/LD6555 2026-10-10; picked as first distinct non-Y-3 model(s) in default grid order of the house category listing; F1 team kit (collab, never a price high); gender U; SAMPLE: 72 styles read of a men's clothing grid of ~3,278 articles (colourways); not random"
adidas,DG000,Germany 26 Third Track Top,https://www.adidas.com/us/germany-26-third-track-top/KW7807.html,outerwear,Jackets; Track Suits,Performance,"94% polyester (100% recycled), 6% elastane",polyester,94,6,synthetic,-,"article KW7807; read via https://www.adidas.com/api/products/KW7807 2026-10-10; picked as first distinct non-Y-3 model(s) in default grid order of the house category listing; federation licensed; SAMPLE: 72 styles read of a men's clothing grid of ~3,278 articles (colourways); not random"
adidas,MLV07,Sprinter Shorts,https://www.adidas.com/us/sprinter-shorts/KE3571.html,shorts,Shorts,Originals,Main Material: 100% Polyamide(100% Recycled),polyamide,100,0,synthetic,polyamide,"article KE3571; read via https://www.adidas.com/api/products/KE3571 2026-10-10; picked as first distinct non-Y-3 model(s) in default grid order of the house category listing; SAMPLE: 72 styles read of a men's clothing grid of ~3,278 articles (colourways); not random"
adidas,E4848,LOVE UNITES ALL OVER PRINT SHORTS (WATER PROOF),https://www.adidas.com/us/love-unites-all-over-print-shorts-water-proof/KT1973.html,shorts,Shorts,Originals,Shell: 100% Polyester(100% Recycled) / Lining: 100% Polyester(100% Recycled),polyester,100,0,synthetic,polyester,"article KT1973; read via https://www.adidas.com/api/products/KT1973 2026-10-10; picked as first distinct non-Y-3 model(s) in default grid order of the house category listing; gender U; SAMPLE: 72 styles read of a men's clothing grid of ~3,278 articles (colourways); not random"
adidas,VT889,D4T ESSENTIALS SHORTS,https://www.adidas.com/us/d4t-essentials-shorts/KB2586.html,shorts,Shorts,Performance,Main Material: 87% Polyester(100% Recycled) / 13% Spandex,polyester,87,13,synthetic,-,"article KB2586; read via https://www.adidas.com/api/products/KB2586 2026-10-10; picked as first distinct non-Y-3 model(s) in default grid order of the house category listing; SAMPLE: 72 styles read of a men's clothing grid of ~3,278 articles (colourways); not random"
adidas,RP375,Argentina Messi 26 Shorts,https://www.adidas.com/us/argentina-messi-26-shorts/KG9596.html,shorts,Shorts,Performance,Main Material: 100% Polyamide(100% Recycled) / Pockets: 100% Polyester(100% Recycled),polyamide,100,0,synthetic,polyamide,"article KG9596; read via https://www.adidas.com/api/products/KG9596 2026-10-10; picked as first distinct non-Y-3 model(s) in default grid order of the house category listing; federation licensed; SAMPLE: 72 styles read of a men's clothing grid of ~3,278 articles (colourways); not random"
adidas,RK042,WORKOUT ESSENTIALS BASE WOVEN SHORT,https://www.adidas.com/us/workout-essentials-base-woven-short/KA3549.html,shorts,Shorts,Performance,Main Material: 100% Polyester(100% Recycled),polyester,100,0,synthetic,polyester,"article KA3549; read via https://www.adidas.com/api/products/KA3549 2026-10-10; picked as first distinct non-Y-3 model(s) in default grid order of the house category listing; SAMPLE: 72 styles read of a men's clothing grid of ~3,278 articles (colourways); not random"
adidas,IR593,3-STRIPES SHORTS,https://www.adidas.com/us/3-stripes-shorts/KE3566.html,shorts,Shorts,Originals,Main Material: 100% Cotton,cotton,100,0,natural,cotton,"article KE3566; read via https://www.adidas.com/api/products/KE3566 2026-10-10; picked as first distinct non-Y-3 model(s) in default grid order of the house category listing; SAMPLE: 72 styles read of a men's clothing grid of ~3,278 articles (colourways); not random"
adidas,VT717,ADI365 Running Iconic Shorts,https://www.adidas.com/us/adi365-running-iconic-shorts/KQ8640.html,shorts,Shorts,Performance,Shell: 100% Polyester(100% Recycled) / Inner Brief: 100% Polyester(100% Recycled),polyester,100,0,synthetic,polyester,"article KQ8640; read via https://www.adidas.com/api/products/KQ8640 2026-10-10; picked as first distinct non-Y-3 model(s) in default grid order of the house category listing; SAMPLE: 72 styles read of a men's clothing grid of ~3,278 articles (colourways); not random"
adidas,RK085,ADI365 Running Iconic Formotion 5-Pocket 2in1 Short,https://www.adidas.com/us/adi365-running-iconic-formotion-5-pocket-2in1-short/KF5800.html,shorts,Shorts,Performance,Shell: 100% Polyester(100% Recycled) / Inner Tight: 90% Polyester(100% Recycled) / 10% Spandex,polyester,100,0,synthetic,polyester,"article KF5800; read via https://www.adidas.com/api/products/KF5800 2026-10-10; picked as first distinct non-Y-3 model(s) in default grid order of the house category listing; inner-tight spandex not on main line; SAMPLE: 72 styles read of a men's clothing grid of ~3,278 articles (colourways); not random"
adidas,VU565,Argentina Messi 26 Jersey,https://www.adidas.com/us/argentina-messi-26-jersey/LD3319.html,tees-polos,Jerseys,Performance,100% polyester (100% recycled),polyester,100,0,synthetic,polyester,"article LD3319; read via https://www.adidas.com/api/products/LD3319 2026-10-10; picked as first distinct non-Y-3 model(s) in default grid order of the house category listing; federation licensed; SAMPLE: 72 styles read of a men's clothing grid of ~3,278 articles (colourways); not random"
adidas,SS105,Argentina Messi 26 Authentic Jersey,https://www.adidas.com/us/argentina-messi-26-authentic-jersey/LD3315.html,tees-polos,Jerseys,Performance,Main Material: 100% Polyester(100% Recycled),polyester,100,0,synthetic,polyester,"article LD3315; read via https://www.adidas.com/api/products/LD3315 2026-10-10; picked as first distinct non-Y-3 model(s) in default grid order of the house category listing; federation licensed; SAMPLE: 72 styles read of a men's clothing grid of ~3,278 articles (colourways); not random"
adidas,N1428,Germany 26 Third Jersey,https://www.adidas.com/us/germany-26-third-jersey/KS5261.html,tees-polos,Jerseys,Performance,100% polyester (100% recycled),polyester,100,0,synthetic,polyester,"article KS5261; read via https://www.adidas.com/api/products/KS5261 2026-10-10; picked as first distinct non-Y-3 model(s) in default grid order of the house category listing; federation licensed; SAMPLE: 72 styles read of a men's clothing grid of ~3,278 articles (colourways); not random"
adidas,KKL35,Argentina 26 Home Authentic Jersey,https://www.adidas.com/us/argentina-26-home-authentic-jersey/JM5897.html,tees-polos,Jerseys,Performance,Main Material: 100% Polyester(100% Recycled),polyester,100,0,synthetic,polyester,"article JM5897; read via https://www.adidas.com/api/products/JM5897 2026-10-10; picked as first distinct non-Y-3 model(s) in default grid order of the house category listing; federation licensed; SAMPLE: 72 styles read of a men's clothing grid of ~3,278 articles (colourways); not random"
adidas,JVE31,Argentina 26 Home Jersey,https://www.adidas.com/us/argentina-26-home-jersey/JM8396.html,tees-polos,Jerseys,Performance,Main Material: 100% Polyester(100% Recycled),polyester,100,0,synthetic,polyester,"article JM8396; read via https://www.adidas.com/api/products/JM8396 2026-10-10; picked as first distinct non-Y-3 model(s) in default grid order of the house category listing; federation licensed; SAMPLE: 72 styles read of a men's clothing grid of ~3,278 articles (colourways); not random"
adidas,P2573,Spain 26 Home Winner Jersey,https://www.adidas.com/us/spain-26-home-winner-jersey/KF4411.html,tees-polos,Jerseys,Performance,100% polyester (100% recycled),polyester,100,0,synthetic,polyester,"article KF4411; read via https://www.adidas.com/api/products/KF4411 2026-10-10; picked as first distinct non-Y-3 model(s) in default grid order of the house category listing; federation licensed; SAMPLE: 72 styles read of a men's clothing grid of ~3,278 articles (colourways); not random"
adidas,ID019,Real Madrid 26/27 Home Jersey,https://www.adidas.com/us/real-madrid-26-27-home-jersey/JZ7206.html,tees-polos,Jerseys,Performance,Main Material: 100% Polyester(100% Recycled),polyester,100,0,synthetic,polyester,"article JZ7206; read via https://www.adidas.com/api/products/JZ7206 2026-10-10; picked as first distinct non-Y-3 model(s) in default grid order of the house category listing; club licensed; SAMPLE: 72 styles read of a men's clothing grid of ~3,278 articles (colourways); not random"
adidas,II741,Germany Away Jersey 1994,https://www.adidas.com/us/germany-away-jersey-1994/JZ6941.html,tees-polos,Jerseys,Performance,Main Material: 100% Polyester(100% Recycled) / Rib Part: 100% Polyester(100% Recycled),polyester,100,0,synthetic,polyester,"article JZ6941; read via https://www.adidas.com/api/products/JZ6941 2026-10-10; picked as first distinct non-Y-3 model(s) in default grid order of the house category listing; federation licensed retro; SAMPLE: 72 styles read of a men's clothing grid of ~3,278 articles (colourways); not random"
Allen Edmonds,3034634,Cashmere Quarter-zip Sweater,https://www.allenedmonds.com/product/cashmere-quarter-zip-sweater-3034634,knitwear,Sweaters,-,NC,NC,NC,NC,undisclosed,-,"The page was read on 2026-10-10. It serves ""Product Data Is Missing"": no details, composition, origin or price (""See Price In Cart""), so composition is NC (data not served), not ND. The title carries no third-party brand, but own-label is NOT established (stocked items share the same title and meta template)."
Allen Edmonds,3029247,Cashmere Quarter-zip Sweater,https://www.allenedmonds.com/product/mens-cashmere-quarter-zip-sweater-3029247,knitwear,Sweaters,-,NC,NC,NC,NC,undisclosed,-,"Title and URL only, from the product sitemap (2026-10-10); the page was not opened. The title carries no third-party brand, but own-label is NOT established (stocked items share the same title and meta template). The sitemap also lists the slug cashmere-quarter-zip-sweater-3029247 (same id; collapsed)."
Allen Edmonds,3034654,Wool Quarter-zip Sweater,https://www.allenedmonds.com/product/wool-quarter-zip-sweater-3034654,knitwear,Sweaters,-,NC,NC,NC,NC,undisclosed,-,"Title and URL only, from the product sitemap (2026-10-10); the page was not opened. The title carries no third-party brand, but own-label is NOT established (stocked items share the same title and meta template)."
Allen Edmonds,3033960,Crewneck Sweater,https://www.allenedmonds.com/product/mens-crewneck-sweater-3033960,knitwear,Sweaters,-,NC,NC,NC,NC,undisclosed,-,"The page was read on 2026-10-10. It serves ""Product Data Is Missing"": no details, composition, origin or price (""See Price In Cart""), so composition is NC (data not served), not ND. The title carries no third-party brand, but own-label is NOT established (stocked items share the same title and meta template)."
Allen Edmonds,3034665,Wool Cable-knit Sweater,https://www.allenedmonds.com/product/wool-cable-knit-sweater-3034665,knitwear,Sweaters,-,NC,NC,NC,NC,undisclosed,-,"Title and URL only, from the product sitemap (2026-10-10); the page was not opened. The title carries no third-party brand, but own-label is NOT established (stocked items share the same title and meta template)."
Allen Edmonds,3031499,Short-sleeve Sweater T-shirt,https://www.allenedmonds.com/product/mens-short-sleeve-sweater-t-shirt-3031499,knitwear,Sweaters,-,NC,NC,NC,NC,undisclosed,-,"Title and URL only, from the product sitemap (2026-10-10); the page was not opened. The title carries no third-party brand, but own-label is NOT established (stocked items share the same title and meta template)."
Allen Edmonds,3034656,Wool Town Coat,https://www.allenedmonds.com/product/mens-wool-town-coat-3034656,outerwear,Outerwear,-,NC,NC,NC,NC,undisclosed,-,"The page was read on 2026-10-10. It serves ""Product Data Is Missing"": no details, composition, origin or price (""See Price In Cart""), so composition is NC (data not served), not ND. The title carries no third-party brand, but own-label is NOT established (stocked items share the same title and meta template). Schott NYC sells a ""Wool Town Coat"" here as 3030500, so the label is uncertain."
Allen Edmonds,3023182,Silky Shearling Jacket,https://www.allenedmonds.com/product/mens-silky-shearling-jacket-3023182,outerwear,Outerwear,-,NC,NC,NC,NC,undisclosed,-,"Title and URL only, from the product sitemap (2026-10-10); the page was not opened. The title carries no third-party brand, but own-label is NOT established (stocked items share the same title and meta template)."
Allen Edmonds,3030507,Shearling Bomber Jacket,https://www.allenedmonds.com/product/mens-shearling-bomber-jacket-3030507,outerwear,Outerwear,-,NC,NC,NC,NC,undisclosed,-,"Title and URL only, from the product sitemap (2026-10-10); the page was not opened. The title carries no third-party brand, but own-label is NOT established (stocked items share the same title and meta template)."
Allen Edmonds,3034698,Reversible Transporter Casual Jacket,https://www.allenedmonds.com/product/reversible-transporter-casual-jacket-3034698,outerwear,Outerwear,-,NC,NC,NC,NC,undisclosed,-,"Title and URL only, from the product sitemap (2026-10-10); the page was not opened. The title carries no third-party brand, but own-label is NOT established (stocked items share the same title and meta template). ""Transporter"" may be a third-party model name."
Allen Edmonds,3034699,Classic Bedale Wax Jacket,https://www.allenedmonds.com/product/classic-bedale-wax-jacket-3034699,outerwear,Outerwear,-,NC,NC,NC,NC,undisclosed,-,"The page was read on 2026-10-10. It serves ""Product Data Is Missing"": no details, composition, origin or price (""See Price In Cart""), so composition is NC (data not served), not ND. The title carries no third-party brand, but own-label is NOT established (stocked items share the same title and meta template). Bedale is a Barbour jacket model name, so this is probably stocked Barbour."
Allen Edmonds,3034653,Check Overshirt,https://www.allenedmonds.com/product/check-overshirt-3034653,shirts,Shirts,-,NC,NC,NC,NC,undisclosed,-,"Title and URL only, from the product sitemap (2026-10-10); the page was not opened. The title carries no third-party brand, but own-label is NOT established (stocked items share the same title and meta template)."
Allen Edmonds,3034632,Wool Overshirt,https://www.allenedmonds.com/product/wool-overshirt-3034632,shirts,Shirts,-,NC,NC,NC,NC,undisclosed,-,"Title and URL only, from the product sitemap (2026-10-10); the page was not opened. The title carries no third-party brand, but own-label is NOT established (stocked items share the same title and meta template)."
AllSaints,USM028JB,Tonic Slim-Fit Cotton T-Shirt,https://www.allsaints.com/us/menswear/tonic-slim-fit-cotton-t-shirt/USM028JB-437.html,tees-polos,T-Shirts,-,100% organic cotton,cotton,100,0,natural,cotton,Made in Turkey stated
AllSaints,USW088LF,Seyka Double-Layer Shearling Coat,https://www.allsaints.com/us/menswear/seyka-double-layer-shearling-coat/USW088LF-827.html,outerwear,Leather Jackets,-,Outer shell: 100% organic cotton; Inner shell: 100% dyed sheepskin,cotton,100,0,natural,cotton,USW code but merchandised only in Men; outer shell read as main line per first-listed rule; Made in Turkey
AllSaints,USM056LB,Xylon Shearling Biker Jacket,https://www.allsaints.com/us/menswear/xylon-shearling-biker-jacket/USM056LB-9503.html,outerwear,Leather Jackets,-,Body: 100% dyed sheepskin; Trim: 100% cow leather,leather,100,0,natural,leather,on sale 40% off; Made in Turkey
AllSaints,USM030JC,Xander Oversized Cotton T-Shirt,https://www.allsaints.com/us/menswear/xander-oversized-cotton-t-shirt-/USM030JC-9316.html,tees-polos,T-Shirts,-,100% organic cotton,cotton,100,0,natural,cotton,$99 full price on PDP 2026-10-10; Made in Portugal
AllSaints,USM025KA,Aspen Waffle-Knit Short-Sleeve Polo,https://www.allsaints.com/us/menswear/aspen-waffle-knit-short-sleeve-polo/USM025KA-10066.html,knitwear,Knitwear,-,"80% organic cotton, 20% wool",cotton,80,0,natural,-,$139 full price on PDP 2026-10-10; Made in China; men nav files knit polos under Knitwear
AllSaints,USM086KB,Mode Merino Wool Short-Sleeve Polo Shirt,https://www.allsaints.com/us/menswear/mode-merino-wool-short-sleeve-polo-shirt/USM086KB-5.html,knitwear,Knitwear,-,100% wool,wool,100,0,natural,wool,$149 full price on PDP 2026-10-10; Made in China
AllSaints,USM104KF,Beton Merino Wool Knitted Polo Shirt,https://www.allsaints.com/us/menswear/beton-merino-wool-knitted-polo-shirt/USM104KF-140.html,knitwear,Knitwear,-,100% wool (sheep),wool,100,0,natural,wool,$179 full price on PDP 2026-10-10; Made in China; long-sleeve knit polo
AllSaints,USM075PB,Reform Short-Sleeve Polo Shirt,https://www.allsaints.com/us/menswear/reform-short-sleeve-polo-shirt/USM075PB-5.html,tees-polos,derived (not in nav grid read),-,100% cotton,cotton,100,0,natural,cotton,"$119 full price on PDP 2026-10-10; Made in Turkey; pique polo; reached from product sitemap, not in a nav grid read"
AllSaints,USM066KF,Soren Alpaca-Blend Crew-Neck Sweater,https://www.allsaints.com/us/menswear/soren-alpaca-blend-crew-neck-sweater/USM066KF-107.html,knitwear,Knitwear,-,"45% recycled polyamide, 30% alpaca, 25% wool (sheep)",polyamide,45,0,blend,-,$199 full price on PDP 2026-10-10; Made in China; page cites unnamed Italian yarn
AllSaints,USM057KF,Parx Distressed Alpaca-Blend Sweater,https://www.allsaints.com/us/menswear/parx-distressed-alpaca-blend-sweater/USM057KF-5.html,knitwear,Knitwear,-,"57% polyamide (including 50% recycled polyamide), 42% alpaca, 1% elastane",polyamide,57,1,blend,-,$249 full price on PDP 2026-10-10; Made in China
AllSaints,USM046KF,Harry Striped Crew-Neck Sweater,https://www.allsaints.com/us/menswear/harry-striped-crew-neck-sweater/USM046KF-10712.html,knitwear,Knitwear,-,"39% wool (sheep), 30% mohair (angora goat), 29% recycled polyester, 2% elastane",wool,39,2,blend,-,$279 full price on PDP 2026-10-10; Made in China; description says mock neckline
AllSaints,USM036KF,Hawke Wool Crew-Neck Sweater,https://www.allsaints.com/us/menswear/hawke-wool-crew-neck-sweater/USM036KF-3860.html,knitwear,Knitwear,-,100% wool (sheep),wool,100,0,natural,wool,$249 full price on PDP 2026-10-10; Made in China
AllSaints,USM216SF,Maddox Oversized Cotton-Poplin Shirt,https://www.allsaints.com/us/menswear/maddox-oversized-cotton-poplin-shirt/USM216SF-5.html,shirts,Shirts,-,100% organic cotton,cotton,100,0,natural,cotton,$129 full price on PDP 2026-10-10; Made in Cambodia; resort collar
AllSaints,USM048SG,Archer Oversized Viscose Shirt,https://www.allsaints.com/us/menswear/archer-oversized-viscose-shirt/USM048SG-5.html,shirts,Shirts,-,"87% viscose (LENZING™ ECOVERO™), 13% linen",viscose,87,0,blend,-,$129 full price on PDP 2026-10-10; Made in China; LENZING ECOVERO named
AllSaints,USM081SA,Hudson Relaxed-Fit Cotton Shirt,https://www.allsaints.com/us/menswear/hudson-relaxed-fit-cotton-shirt/USM081SA-5.html,shirts,Shirts,-,100% organic cotton,cotton,100,0,natural,cotton,$129 full price on PDP 2026-10-10; Made in Cambodia; camp collar short sleeve
AllSaints,USM150SB,Hawthorne Slim-Fit Ramskull Shirt,https://www.allsaints.com/us/menswear/hawthorne-slim-fit-ramskull-shirt/USM150SB-5.html,shirts,Shirts,-,"98% organic cotton, 2% elastane",cotton,98,2,blend,-,$159 full price on PDP 2026-10-10; Made in Vietnam; PDP $159 vs grid tile $149 (colour)
AllSaints,USM108SF,Bond Regular-Fit Tencel Shirt,https://www.allsaints.com/us/menswear/bond-regular-fit-tencel-shirt-/USM108SF-4111.html,shirts,Shirts,-,Shell: 100% lyocell (TENCEL™); Trim: 100% organic cotton,lyocell,100,0,cellulosic,lyocell,$149 full price on PDP 2026-10-10; Made in India; TENCEL named; trim cotton excluded
AllSaints,USM169SF,Seraphim Slim-Fit Viscose Shirt,https://www.allsaints.com/us/menswear/seraphim-slim-fit-viscose-shirt/USM169SF-5.html,shirts,Shirts,-,"87% viscose (LENZING™ ECOVERO™), 13% linen",viscose,87,0,blend,-,$229 full price on PDP 2026-10-10; Made in China; LENZING ECOVERO named
AllSaints,USM170SF,Fleur Oversized Floral-Print Shirt,https://www.allsaints.com/us/menswear/fleur-oversized-floral-print-shirt/USM170SF-5.html,shirts,Shirts,-,"87% viscose (LENZING™ ECOVERO™), 13% linen",viscose,87,0,blend,-,$179 full price on PDP 2026-10-10; Made in Cambodia; LENZING ECOVERO named
AllSaints,USM128SF,Court Regular-Fit Double-Faced Shirt,https://www.allsaints.com/us/menswear/court-regular-fit-double-faced-shirt/USM128SF-2824.html,shirts,Shirts,-,Body: 100% organic cotton,cotton,100,0,natural,cotton,$229 full price on PDP 2026-10-10; Made in India
AllSaints,USM159SF,Gleason Denim Shirt,https://www.allsaints.com/us/menswear/gleason-denim-shirt/USM159SF-2160.html,shirts,Shirts,-,100% organic cotton,cotton,100,0,natural,cotton,$149 full price on PDP 2026-10-10; Made in China
AllSaints,USM124SF,Foley Regular-Fit Military Shirt,https://www.allsaints.com/us/menswear/foley-regular-fit-military-shirt/USM124SF-10175.html,shirts,Shirts,-,"97% cotton, 3% elastane",cotton,97,3,blend,-,$159 full price on PDP 2026-10-10; Made in Vietnam
AllSaints,USM130SF,Brook Regular-Fit Check Western Shirt,https://www.allsaints.com/us/menswear/brook-regular-fit-check-western-shirt/USM130SF-668.html,shirts,Shirts,-,100% organic cotton; Cotton facings on cuffs and collar,cotton,100,0,natural,cotton,$239 full price on PDP 2026-10-10; Made in India; PDP $239 vs grid tile $229
AllSaints,USM222SF,Leo Oversized Leopard-Print Shirt,https://www.allsaints.com/us/menswear/leo-oversized-leopard-print-shirt/USM222SF-140.html,shirts,Shirts,-,"87% viscose (LENZING™ ECOVERO™), 13% linen",viscose,87,0,blend,-,$179 full price on PDP 2026-10-10; Made in China; LENZING ECOVERO named
AllSaints,USM109SF,Ward Regular-Fit Tencel Shirt,https://www.allsaints.com/us/menswear/ward-regular-fit-tencel-shirt/USM109SF-9688.html,shirts,Shirts,-,Shell: 100% lyocell (TENCEL™); Trim: 100% organic cotton,lyocell,100,0,cellulosic,lyocell,$199 full price on PDP 2026-10-10; Made in India; TENCEL named; PDP $199 vs grid $179
AllSaints,USM218SF,Bower Regular-Fit Printed Shirt,https://www.allsaints.com/us/menswear/bower-regular-fit-printed-shirt/USM218SF-8834.html,shirts,Shirts,-,Body: 100% organic cotton,cotton,100,0,natural,cotton,$229 full price on PDP 2026-10-10; Made in India
AllSaints,USM165SF,Western Denim Shirt,https://www.allsaints.com/us/menswear/western-denim-shirt/USM165SF-2160.html,shirts,Shirts,-,100% organic cotton,cotton,100,0,natural,cotton,$179 full price on PDP 2026-10-10; Made in China
AllSaints,USM083PF,Emblems Slim-Fit Graphic T-Shirt,https://www.allsaints.com/us/menswear/emblems-slim-fit-graphic-t-shirt/USM083PF-162.html,tees-polos,T-Shirts,-,100% organic cotton,cotton,100,0,natural,cotton,$119 full price on PDP 2026-10-10; Made in Portugal
AllSaints,USM020JF,Raine Waffle-Knit Long-Sleeve T-Shirt,https://www.allsaints.com/us/menswear/raine-waffle-knit-long-sleeve-t-shirt/USM020JF-162.html,tees-polos,T-Shirts,-,Body: 100% organic cotton,cotton,100,0,natural,cotton,$149 full price on PDP 2026-10-10; Made in Portugal
AllSaints,USM015JF,Hale Band-Fit Regular T-Shirt,https://www.allsaints.com/us/menswear/hale-band-fit-regular-t-shirt/USM015JF-162.html,tees-polos,T-Shirts,-,100% organic cotton,cotton,100,0,natural,cotton,$79 full price on PDP 2026-10-10; Made in Portugal
AllSaints,USM023JF,Axel Relaxed T-Shirt,https://www.allsaints.com/us/menswear/axel-relaxed-t-shirt/USM023JF-1124.html,tees-polos,T-Shirts,-,"Body: 91% cotton (including 82% organically grown cotton), 9% polyester",cotton,91,0,blend,-,$99 full price on PDP 2026-10-10; Made in Portugal
AllSaints,USM166PF,Ramskull Regular-Fit Graphic T-Shirt,https://www.allsaints.com/us/menswear/ramskull-regular-fit-graphic-t-shirt/USM166PF-437.html,tees-polos,T-Shirts,-,100% organic cotton,cotton,100,0,natural,cotton,$99 full price on PDP 2026-10-10; Made in Portugal
AllSaints,USM088PB,Biggy Oversized Logo Print T-Shirt,https://www.allsaints.com/us/menswear/biggy-oversized-logo-print-t-shirt/USM088PB-437.html,tees-polos,T-Shirts,-,100% organic cotton,cotton,100,0,natural,cotton,$99 full price on PDP 2026-10-10; Made in Portugal
AllSaints,USM031JB,Brace Cotton T-Shirts 3 Pack,https://www.allsaints.com/us/menswear/brace-cotton-t-shirts-3-pack/USM031JB-5.html,tees-polos,T-Shirts,-,100% cotton,cotton,100,0,natural,cotton,$149 full price on PDP 2026-10-10; Made in Turkey; 3-pack
AllSaints,USM129PF,Miami Relaxed Graphic T-Shirt,https://www.allsaints.com/us/menswear/miami-relaxed-graphic-t-shirt/USM129PF-162.html,tees-polos,T-Shirts,-,100% organic cotton,cotton,100,0,natural,cotton,$99 full price on PDP 2026-10-10; Made in Portugal
AllSaints,USM002KZ,Mode Merino Wool Ramskull Sweater,https://www.allsaints.com/us/menswear/mode-merino-wool-ramskull-sweater/USM002KZ-5.html,knitwear,Knitwear,-,100% merino wool,wool,100,0,natural,wool,$149 full price on PDP 2026-10-10; Made in China; merino
AllSaints,USM070KF,Kit Acid-Washed Cotton Crew-Neck Sweater,https://www.allsaints.com/us/menswear/kit-acid-washed-cotton-crew-neck-sweater/USM070KF-162.html,knitwear,Knitwear,-,100% organic cotton,cotton,100,0,natural,cotton,$249 full price on PDP 2026-10-10; Made in China
AllSaints,USM076KF,Senner Wool-Blend Striped Sweater,https://www.allsaints.com/us/menswear/senner-wool-blend-striped-sweater/USM076KF-7.html,knitwear,Knitwear,-,"55% recycled polyamide, 25% wool (sheep), 20% alpaca",polyamide,55,0,blend,-,$279 full price on PDP 2026-10-10; Made in China
AllSaints,USM062KF,Liev Ribbed Crew-Neck Sweater,https://www.allsaints.com/us/menswear/liev-ribbed-crew-neck-sweater/USM062KF-10716.html,knitwear,Knitwear,-,"75% wool (sheep), 25% recycled polyester",wool,75,0,blend,-,$249 full price on PDP 2026-10-10; Made in China
AllSaints,USM061KF,Wulf Merino Wool Cardigan,https://www.allsaints.com/us/menswear/wulf-merino-wool-cardigan/USM061KF-5.html,knitwear,Knitwear,-,100% wool (sheep),wool,100,0,natural,wool,$299 full price on PDP 2026-10-10; Made in China
AllSaints,USM039KA,Statten Wool-Blend Ramskull Sweater,https://www.allsaints.com/us/menswear/statten-wool-blend-ramskull-sweater/USM039KA-5.html,knitwear,Knitwear,-,"45% EcoVero™ viscose, 31% wool, 21% recycled polyamide, 3% elastane",viscose,45,3,blend,-,$149 full price on PDP 2026-10-10; Made in China; EcoVero named
AllSaints,USM083KF,Galactic Jacquard-Knit Alpaca-Blend Cardigan,https://www.allsaints.com/us/menswear/galactic-jacquard-knit-alpaca-blend-cardigan/USM083KF-9845.html,knitwear,Knitwear,-,"Body: 40% polyamide, 27% wool (sheep), 18% viscose, 10% mohair (Angora goat), 5% alpaca; Cuff: 54% polyamide, 34% wool (sheep), 11% alpaca, 1% elastane",polyamide,40,0,blend,-,$279 full price on PDP 2026-10-10; Made in China; body line read; elastane only in cuff
AllSaints,USM065KF,Cove Relaxed-Fit Wool-Blend Sweater,https://www.allsaints.com/us/menswear/cove-relaxed-fit-wool-blend-sweater/USM065KF-107.html,knitwear,Knitwear,-,55% wool (sheep) 45% cotton (organically grown),wool,55,0,natural,-,$249 full price on PDP 2026-10-10; Made in China
AllSaints,USM082KB,Kilburn Funnel-Neck Sweater,https://www.allsaints.com/us/menswear/kilburn-funnel-neck-sweater/USM082KB-5.html,knitwear,Knitwear,-,"55% wool, 45% recycled polyamide",wool,55,0,blend,-,$149 full price on PDP 2026-10-10; Made in China
AllSaints,USM110OF,Denim Trucker Jacket,https://www.allsaints.com/us/menswear/denim-trucker-jacket/USM110OF-723.html,outerwear,Coats & Jackets,-,"70% organic cotton, 30% recycled cotton",cotton,100,0,natural,cotton,$229 full price on PDP 2026-10-10; Made in Turkey; 70 organic + 30 recycled cotton
AllSaints,USM073OF,Enfield Stretch-Cotton Deck Jacket,https://www.allsaints.com/us/menswear/enfield-stretch-cotton-deck-jacket/USM073OF-162.html,outerwear,Coats & Jackets,-,"Shell: 98% organic cotton, 2% elastane; Body lining: 100% organic cotton; Sleeve lining: 100% recycled polyester",cotton,98,2,blend,-,$319 full price on PDP 2026-10-10; Made in India
AllSaints,USM082OF,Kirk Waxed-Cotton Racer Jacket,https://www.allsaints.com/us/menswear/kirk-waxed-cotton-racer-jacket/USM082OF-162.html,outerwear,Coats & Jackets,-,Shell: 100% organic cotton; Body lining: 100% organic cotton; Sleeve lining: 100% recycled polyester,cotton,100,0,natural,cotton,$389 full price on PDP 2026-10-10; Made in China; waxed cotton
AllSaints,USM083OF,Rusland Padded Jacket,https://www.allsaints.com/us/menswear/rusland-padded-jacket/USM083OF-5.html,outerwear,Coats & Jackets,-,"Shell: 100% recycled polyamide; Lining: 100% recycled polyamide; Rib: 78% acrylic, 20% polyester, 2% elastane; Filling: 100% recycled polyester",polyamide,100,0,synthetic,polyamide,$389 full price on PDP 2026-10-10; Made in China
AllSaints,USM071OF,Lagan Double-Breasted Wool Peacoat,https://www.allsaints.com/us/menswear/lagan-double-breasted-wool-peacoat/USM071OF-5.html,outerwear,Coats & Jackets,-,"Shell: 81% wool (sheep) (including 25% recycled sheep wool), 19% polyamide; Body lining: 100% organic cotton; Sleeve lining: 100% recycled polyester",wool,81,0,blend,-,$589 full price on PDP 2026-10-10; Made in China
AllSaints,USM049OG,Abbot Slim-Fit Bomber Jacket,https://www.allsaints.com/us/menswear/abbot-slim-fit-bomber-jacket/USM049OG-5.html,outerwear,Coats & Jackets,-,"Shell: 65% cotton, 35% polyamide; Pocket lining: 100% organic cotton; Rib: 98% polyester, 2% elastane",cotton,65,0,blend,-,$239 full price on PDP 2026-10-10; Made in China
AllSaints,USM100OF,Muro Wool-Blend Flight Jacket,https://www.allsaints.com/us/menswear/muro-wool-blend-flight-jacket/USM100OF-5.html,outerwear,Coats & Jackets,-,"Shell: 75% wool (sheep), 25% polyamide; Body lining: 100% organic cotton; Sleeve lining: 100% recycled polyester; Filling: 50% wool (sheep), 50% polyester; Rib: 98% polyester, 2% elastane",wool,75,0,blend,-,$499 full price on PDP 2026-10-10; Made in China; page cites unnamed Italian wool-blend
AllSaints,USM074OF,Silvo Cotton Flight Jacket,https://www.allsaints.com/us/menswear/silvo-cotton-flight-jacket/USM074OF-162.html,outerwear,Coats & Jackets,-,100% organic cotton,cotton,100,0,natural,cotton,$299 full price on PDP 2026-10-10; Made in India
AllSaints,USM057LF,Neo Leather Biker Jacket,https://www.allsaints.com/us/menswear/neo-leather-biker-jacket/USM057LF-5.html,outerwear,Leather Jackets,-,Shell: 100% cow leather; Lining: 100% recycled polyester; Filling: 100% recycled polyester,leather,100,0,natural,leather,$829 full price on PDP 2026-10-10; Made in India; cow leather
AllSaints,USM009LA,Miller Leather Jacket,https://www.allsaints.com/us/menswear/miller-leather-jacket/USM009LA-5.html,outerwear,Leather Jackets,-,Shell: 100% sheep leather; Lining: 100% recycled polyester,leather,100,0,natural,leather,$649 full price on PDP 2026-10-10; Made in India; sheep leather
AllSaints,USM044LF,Hiro Leather Bomber Jacket,https://www.allsaints.com/us/menswear/hiro-leather-bomber-jacket/USM044LF-5.html,outerwear,Leather Jackets,-,"Shell: 100% sheep leather; Lining: 100% recycled polyester; Trims: 96% cotton, 4% elastane",leather,100,0,natural,leather,$649 full price on PDP 2026-10-10; Made in India; sheep leather
AllSaints,USM054LF,Chaiyo Suede Trucker Jacket,https://www.allsaints.com/us/menswear/chaiyo-suede-trucker-jacket/USM054LF-10262.html,outerwear,Leather Jackets,-,Shell: 100% cow leather; Lining: 100% recycled polyester,leather,100,0,natural,leather,$699 full price on PDP 2026-10-10; Made in India; cow suede
AllSaints,USM065EF,Slim-Straight Leg Jeans,https://www.allsaints.com/us/menswear/slim-straight-leg-jeans/USM065EF-162.html,denim,Jeans,-,"Shell: 100% organic cotton; Lining: 65% polyester, 35% cotton",cotton,100,0,natural,cotton,$179 full price on PDP 2026-10-10; Made in Turkey
AllSaints,USM076EF,Slim-Straight Leg Selvedge Denim Jeans,https://www.allsaints.com/us/menswear/slim-straight-leg-selvedge-denim-jeans/USM076EF-10428.html,denim,Jeans,-,"Main: 94% organic cotton, 5% recycled polyester, 1% elastane",cotton,94,1,blend,-,$239 full price on PDP 2026-10-10; Made in Turkey
AllSaints,USM117EF,Flocked Denim Slim-Straight Leg Jeans,https://www.allsaints.com/us/menswear/flocked-denim-slim-straight-leg-jeans/USM117EF-10673.html,denim,Jeans,-,"Shell: 81% recycled cotton, 17% recycled polyester, 2% elastane; Lining: 65% polyester, 35% cotton",cotton,81,2,blend,-,$299 full price on PDP 2026-10-10; Made in Turkey; page cites unnamed Italian flocked denim
AllSaints,USM023EF,Lenny Wide-Leg Jeans,https://www.allsaints.com/us/menswear/lenny-wide-leg-jeans/USM023EF-755.html,denim,Jeans,-,"70% lyocell, 30% recycled cotton; Lining: 100% cotton",lyocell,70,0,blend,-,$219 full price on PDP 2026-10-10; Made in Turkey
AllSaints,USM057EF,Regular Straight-Leg Jeans,https://www.allsaints.com/us/menswear/regular-straight-leg-jeans/USM057EF-755.html,denim,Jeans,-,"70% organic cotton, 30% recycled cotton; Lining: 65% polyester, 35% cotton",cotton,100,0,natural,cotton,$199 full price on PDP 2026-10-10; Made in Turkey
AllSaints,USM033TF,Blunt Slim-Fit Tailored Pants,https://www.allsaints.com/us/menswear/blunt-slim-fit-tailored-pants/USM033TF-5.html,trousers,Pants,-,Shell: 100% polyester; Trim/lining: 100% organic cotton; Pocket lining: 100% recycled polyester,polyester,100,0,synthetic,polyester,$249 full price on PDP 2026-10-10; Made in China; page cites unnamed British twill cloth
AllSaints,USM037TF,Ware Straight-Fit Double-Pleat Pants,https://www.allsaints.com/us/menswear/ware-straight-fit-double-pleat-pants/USM037TF-5.html,trousers,Pants,-,"Shell: 60% recycled cotton, 25% recycled polyester, 15% recycled wool (sheep); Trim/lining: 100% organic cotton; Pocket lining: 100% recycled polyester",cotton,60,0,blend,-,$229 full price on PDP 2026-10-10; Made in China
AllSaints,USM035TF,York Straight-Fit Twill Pants,https://www.allsaints.com/us/menswear/york-straight-fit-twill-pants/USM035TF-5.html,trousers,Pants,-,Shell: 100% polyester; Trim/lining: 100% organic cotton; Pocket lining: 100% recycled polyester,polyester,100,0,synthetic,polyester,$249 full price on PDP 2026-10-10; Made in China; page cites unnamed British twill cloth
AllSaints,USM087TF,Moor Straight-Fit Melange Pants,https://www.allsaints.com/us/menswear/moor-straight-fit-melange-pants/USM087TF-3860.html,trousers,Pants,-,"Shell: 78% recycled polyester, 19% viscose, 3% elastane; Trim/Lining: 100% organic cotton; Pocket lining: 100% recycled polyester",polyester,78,3,blend,-,$249 full price on PDP 2026-10-10; Made in China
AllSaints,USM039TF,Tower Slim-Fit Cotton Chinos,https://www.allsaints.com/us/menswear/tower-slim-fit-cotton-chinos/USM039TF-8834.html,trousers,Pants,-,"Shell: 98% organic cotton, 2% elastane; Pocket lining: 100% organic cotton",cotton,98,2,blend,-,$179 full price on PDP 2026-10-10; Made in China
AllSaints,USM027QF,Clyston Slim Fit Pants,https://www.allsaints.com/us/menswear/clyston-slim-fit-pants-/USM027QF-5.html,tailoring,derived (not in Pants grid; sale),-,"98% wool, 25 elastane",wool,98,2,blend,-,"$499 full price on PDP 2026-10-10; Made in Canada; page prints ""98% wool, 25 elastane""; read as 2% elastane by sum check - verify; on sale $249, compare-at $499; not in Pants grid"
AllSaints,USM032TF,River Relaxed-Fit Cotton Sweatpants,https://www.allsaints.com/us/menswear/river-relaxed-fit-cotton-sweatpants/USM032TF-162.html,sweats,Sweatpants,-,"100% organic cotton; Trim: 71% polyester, 29% elastane",cotton,100,0,natural,cotton,$199 full price on PDP 2026-10-10; Made in Turkey; trim elastane excluded
AllSaints,USM028NA,Raven Zip-Up Ramskull Hoodie,https://www.allsaints.com/us/menswear/raven-zip-up-ramskull-hoodie/USM028NA-5.html,sweats,Sweatshirts & Hoodies,-,100% organic cotton,cotton,100,0,natural,cotton,$149 full price on PDP 2026-10-10; Made in Turkey
AllSaints,USM048TF,Nolan Tapered Sweatpants,https://www.allsaints.com/us/menswear/nolan-tapered-sweatpants/USM048TF-107.html,sweats,Sweatpants,-,100% organic cotton,cotton,100,0,natural,cotton,$229 full price on PDP 2026-10-10; Made in Portugal
AllSaints,USM049TF,Haydon Slim-Fit Cotton Chinos,https://www.allsaints.com/us/menswear/haydon-slim-fit-cotton-chinos/USM049TF-9722.html,trousers,Pants,-,"Shell: 98% organic cotton, 2% elastane; Pocket lining: 100% organic cotton",cotton,98,2,blend,-,$179 full price on PDP 2026-10-10; Made in China
AllSaints,USM134OF,Milford Cotton Peacoat,https://www.allsaints.com/us/menswear/milford-cotton-peacoat/USM134OF-162.html,outerwear,Coats & Jackets,-,Shell: 100% organic cotton; Lining: 100% organic cotton,cotton,100,0,natural,cotton,$389 full price on PDP 2026-10-10; Made in China
AllSaints,USM064LB,Cora Leather Jacket,https://www.allsaints.com/us/menswear/cora-leather-jacket/USM064LB-451.html,outerwear,Coats & Jackets,-,ND,ND,ND,ND,undisclosed,-,$699 full price on PDP 2026-10-10; Made in not stated; fetched page text states no composition and no Made in; may be a rendering gap
AllSaints,USM037NB,Raven Slim-Fit Cotton Sweatshirt,https://www.allsaints.com/us/menswear/raven-slim-fit-cotton-sweatshirt/USM037NB-5.html,sweats,derived (Sweatshirts & Hoodies; grid not read),-,100% organic cotton,cotton,100,0,natural,cotton,$149 full price on PDP 2026-10-10; Made in Turkey
Bally,6308825,T-Shirt With Bally Crest Logo In White Cotton,https://www.bally.com/en-us/products/t-shirt-with-bally-crest-logo-in-white-cotton-6308825,tees-polos,Shirts & T-Shirts,-,"Stretch cotton, jersey knit",cotton,ND,ND,natural,-,"fibre named without %; named stretch, counts as spandex style; elastane % not stated"
Bally,6308038,Polo Shirt in Navy Blue Cotton,https://www.bally.com/en-us/products/polo-shirt-in-navy-blue-cotton-6308038,tees-polos,Shirts & T-Shirts,-,Cotton,cotton,ND,ND,natural,-,fibre named without %
Bally,6314086,Polo Shirt in Ivory Cotton And Silk,https://www.bally.com/en-us/products/polo-shirt-in-ivory-cotton-and-silk-6314086,tees-polos,Knitwear,-,Silk and cotton blend,silk,ND,ND,natural,-,no %; lead by first-listed; 14 gauge plain knit
Bally,6314087,Polo Shirt in Navy Blue Cotton And Silk,https://www.bally.com/en-us/products/polo-shirt-in-navy-blue-cotton-and-silk-6314087,tees-polos,Knitwear,-,Silk and cotton blend,silk,ND,ND,natural,-,no %; lead by first-listed; 14 gauge plain knit
Bally,6313694,Christmas Crewneck Sweater in Navy Blue Wool With a Bally Logo And Squirrel,https://www.bally.com/en-us/products/christmas-crewneck-sweater-in-navy-blue-wool-with-a-bally-logo-and-squirrel-6313694,knitwear,Knitwear,Christmas Capsule,Knit wool,wool,ND,ND,natural,-,"fibre named without %; 1.5 gauge; PDP: ""from the Christmas Capsule Collection"""
Bally,6308831,Crewneck Sweatshirt With a Bally Crest Logo In Navy Blue Cotton,https://www.bally.com/en-us/products/crewneck-sweatshirt-with-a-bally-crest-logo-in-navy-blue-cotton-6308831,sweats,Tracksuits,-,Knit stretch cotton,cotton,ND,ND,natural,-,"named stretch, counts as spandex style; % not stated"
Bally,6314541,Blazer in Light Beige Cotton,https://www.bally.com/en-us/products/blazer-in-light-beige-cotton-6314541,tailoring,Coats & Jackets,-,Cotton fabric,cotton,ND,ND,natural,-,fibre named without %; half-lined
Bally,6314223,Blazer in Navy Blue Cotton,https://www.bally.com/en-us/products/blazer-in-navy-blue-cotton-6314223,tailoring,Coats & Jackets,-,Cotton fabric,cotton,ND,ND,natural,-,fibre named without %; half-lined
Bally,6314470,Tennis Collection Saharan Jacket in Ivory Cotton,https://www.bally.com/en-us/products/tennis-collection-saharan-jacket-in-ivory-cotton-6314470,outerwear,Coats & Jackets,Tennis Collection,Woven cotton,cotton,ND,ND,natural,-,fibre named without %; tag TENNIS CAPSULE
Bally,6311957,Overshirt in Navy Blue Nylon,https://www.bally.com/en-us/products/overshirt-in-navy-blue-nylon-6311957,outerwear,Coats & Jackets,-,Nylon fabric; Viscose lining,polyamide,ND,ND,synthetic,-,house type JACKET; overshirt; no %
Bally,6311953,Car Coat in a Navy Blue Cotton Polyester Blend,https://www.bally.com/en-us/products/car-coat-in-a-navy-blue-cotton-polyester-blend-6311953,outerwear,Coats & Jackets,-,"65% polyester, 35% cotton",polyester,65,0,blend,-,"quilted lining, light padding"
Bally,6308905,Blouson In Navy Blue Nylon,https://www.bally.com/en-us/products/blouson-in-navy-blue-nylon-6308905,outerwear,Coats & Jackets,-,Woven polyester,polyester,ND,ND,synthetic,-,"title says nylon, details say polyester; details filed"
Bally,6313690,Blouson Jacket in Navy Blue And White Nylon with a Maxi Bally Ribbon,https://www.bally.com/en-us/products/blouson-jacket-in-navy-blue-and-white-nylon-with-a-maxi-bally-ribbon-6313690,outerwear,Coats & Jackets,-,Water-repellent nylon fabric,polyamide,ND,ND,synthetic,-,no %
Bally,6313938,Vest in Navy Blue Fabric,https://www.bally.com/en-us/products/vest-in-navy-blue-fabric-6313938,outerwear,Coats & Jackets,-,Ripstop recycled polyester fabric,polyester,ND,ND,synthetic,-,"zip vest/gilet, water-repellent"
Bally,6312732,Reversible Jacket in Black Leather And Navy Blue Nylon,https://www.bally.com/en-us/products/reversible-jacket-in-black-leather-and-navy-blue-nylon-6312732,outerwear,Leather,-,Lamb leather; Water-repellent nylon fabric,leather,ND,ND,blend,-,"reversible; two shells, leather listed first"
Bally,6310662,Bomber in Black Leather,https://www.bally.com/en-us/products/bomber-in-black-leather-6310662,outerwear,Leather,-,Nappa tanned lamb leather,leather,ND,ND,natural,-,fabric lining unspecified
Bally,6311895,Biker Jacket in Black Leather,https://www.bally.com/en-us/products/biker-jacket-in-black-leather-6311895,outerwear,Leather,-,Lamb leather; Cotton-viscose lining,leather,ND,ND,natural,-,lining excluded from main line
Bally,6313651,Harrington Jacket in Light Beige Suede,https://www.bally.com/en-us/products/harrington-jacket-in-light-beige-suede-6313651,outerwear,Leather,-,Lamb suede,leather,ND,ND,natural,-,composition as written on PDP 2026-10-08
Bally,6303224,Leather Bomber Jacket In Black,https://www.bally.com/en-us/products/leather-bomber-jacket-in-black-6303224,outerwear,Leather,-,Leather and lamb wool,leather,ND,ND,natural,-,no %
Bally,6305470,Bomber Jacket In Black Leather,https://www.bally.com/en-us/products/bomber-jacket-in-black-leather-6305470,outerwear,Leather,-,Lamb leather,leather,ND,ND,natural,-,composition as written on PDP 2026-10-08
Bally,6308864,Bomber In Black Leather,https://www.bally.com/en-us/products/bomber-in-black-leather-6308864,outerwear,Leather,-,Nappa tanned lamb leather,leather,ND,ND,natural,-,composition as written on PDP 2026-10-08
Bally,6311692,Polo Shirt in Navy Blue Cotton,https://www.bally.com/en-us/products/polo-shirt-in-navy-blue-cotton-6311692,tees-polos,Shirts & T-Shirts,-,Cotton,cotton,ND,ND,natural,-,fibre named without %; same title as 6308038
Bally,6308559,T-Shirt With a Bally Crest Logo In Navy Blue Cotton,https://www.bally.com/en-us/products/t-shirt-with-a-bally-crest-logo-in-navy-blue-cotton-6308559,tees-polos,Shirts & T-Shirts,-,Organic cotton; Jersey knit fabric,cotton,ND,ND,natural,-,fibre named without %
Bally,6312833,T-Shirt in Navy Blue Cotton With a Bally Crest,https://www.bally.com/en-us/products/t-shirt-in-navy-blue-cotton-with-a-bally-crest-6312833,tees-polos,Shirts & T-Shirts,-,Knit cotton,cotton,ND,ND,natural,-,fibre named without %
Bally,6309741,Long Sleeve Shirt In Light Blue Cotton,https://www.bally.com/en-us/products/long-sleeve-shirt-in-light-blue-cotton-6309741,shirts,Shirts & T-Shirts,-,Woven cotton,cotton,ND,ND,natural,-,"fibre named without %; shirt collar, mother-of-pearl buttons"
Bally,6313958,Christmas Capsule Shirt in Navy Blue Twill,https://www.bally.com/en-us/products/christmas-capsule-shirt-in-navy-blue-twill-6313958,shirts,Shirts & T-Shirts,Christmas Capsule,Viscose twill,viscose,ND,ND,cellulosic,-,fibre named without %; capsule
Bally,6311404,Tailored Pants in a Black Wool Blend,https://www.bally.com/en-us/products/tailored-pants-in-a-black-wool-blend-6311404,trousers,Pants,-,Wool blend,wool,ND,ND,blend,-,only wool named; other fibre(s) undisclosed; lead wool by name
Bally,6311403,Tailored Pants in Navy Blue Wool Blend,https://www.bally.com/en-us/products/tailored-pants-in-navy-blue-wool-blend-6311403,trousers,Pants,-,Wool blend,wool,ND,ND,blend,-,only wool named; other fibre(s) undisclosed; lead wool by name
Bally,6309961,Pants in a Melange Grey Wool Blend,https://www.bally.com/en-us/products/pants-in-a-melange-grey-wool-blend-6309961,trousers,Pants,-,Woven wool blend; Cotton lining,wool,ND,ND,blend,-,only wool named on main line; lining excluded
Bally,6314485,Chino Trousers in Ivory Cotton,https://www.bally.com/en-us/products/chino-trousers-in-ivory-cotton-6314485,trousers,Pants,-,Woven cotton,cotton,ND,ND,natural,-,fibre named without %
Bally,6314345,Chino Trousers in Light Beige Cotton,https://www.bally.com/en-us/products/chino-trousers-in-light-beige-cotton-6314345,trousers,Pants,-,Woven cotton,cotton,ND,ND,natural,-,fibre named without %
Bally,6314257,Chino Trousers in Navy Blue Cotton,https://www.bally.com/en-us/products/chino-trousers-in-navy-blue-cotton-6314257,trousers,Pants,-,Woven cotton,cotton,ND,ND,natural,-,fibre named without %
Bally,6313977,Christmas Capsule Pants in Navy Blue Twill,https://www.bally.com/en-us/products/christmas-capsule-pants-in-navy-blue-twill-6313977,trousers,Pants,Christmas Capsule,Viscose twill,viscose,ND,ND,cellulosic,-,fibre named without %; capsule
Bally,6314258,Shorts in Light Beige Cotton,https://www.bally.com/en-us/products/shorts-in-light-beige-cotton-6314258,shorts,Pants,-,Woven cotton,cotton,ND,ND,natural,-,fibre named without %
Bally,6314486,Tennis Collection Shorts in Ivory Cotton,https://www.bally.com/en-us/products/tennis-collection-shorts-in-ivory-cotton-6314486,shorts,Pants,Tennis Collection,Woven cotton,cotton,ND,ND,natural,-,"fibre named without %; ""Tennis Capsule Collection"""
Calvin Klein,4RB861G,Monologo Tee,https://www.calvinklein.us/en/men/apparel/tshirts-tanks/monologo-tee/4RB861G-YAF.html,tees-polos,T-Shirts,-,100% cotton,cotton,100,0,natural,cotton,"PDP read 2026-10-08 (13 colours; compare-at $39 on YAF, $45 on other colours); Factory badge on 2026-10-10 listing tiles; origin ""Imported"""
Calvin Klein,40EM344,Classic Cashmere Crewneck Sweater,https://www.calvinklein.us/en/men/apparel/tops/sweaters/classic-cashmere-crewneck-sweater/403F334-UB1.html,knitwear,Sweaters,-,100% cashmere,cashmere,100,0,natural,cashmere,"origin ""Imported"""
Calvin Klein,40TM716,Classic Trucker Jacket,https://www.calvinklein.us/en/men/apparel/mens-outerwear/classic-trucker-jacket/40TM716-587.html,outerwear,Coats + Jackets,-,80% cotton 20% reprocessed cotton,cotton,100,0,natural,cotton,"origin ""Imported"""
Calvin Klein,40BC238,Liquid Touch Crewneck T-Shirt,https://www.calvinklein.us/en/men/apparel/tshirts-tanks/liquid-touch-crewneck-t-shirt/40BC238-Q3K.html,tees-polos,T-Shirts,Liquid Touch,100% cotton,cotton,100,0,natural,cotton,"Factory badge on PDP; ""Liquid Touch"" house fabric name; origin ""Imported"""
Calvin Klein,GMS6K114,CK Sport Mesh T-Shirt,https://www.calvinklein.us/en/men/apparel/tshirts-tanks/ck-sport-mesh-t-shirt/GMS6K114-CCI.html,tees-polos,T-Shirts,CK Sport,87% polyester 13% elastane,polyester,87,13,synthetic,-,"origin ""Imported"""
Calvin Klein,4RH841G,Interlock Script Logo Long Sleeve Tee,https://www.calvinklein.us/en/men/apparel/tshirts-tanks/interlock-script-logo-long-sleeve-tee/4RH841G-HMT.html,tees-polos,T-Shirts,-,100% cotton,cotton,100,0,natural,cotton,"origin ""Imported"""
Calvin Klein,40BM348,Tech Knit Crewneck Sweater T-Shirt,https://www.calvinklein.us/en/men/apparel/tshirts-tanks/tech-knit-crewneck-sweater-t-shirt/40BM348-PJL.html,tees-polos,T-Shirts,-,72% viscose 28% polyester,viscose,72,0,blend,-,"LENZING ECOVERO viscose named on PDP; origin ""Imported"""
Calvin Klein,4LG203G,Textured Stripe Classic T-Shirt,https://www.calvinklein.us/en/men/apparel/tshirts-tanks/textured-stripe-classic-t-shirt/4LG203G-YZ3.html,tees-polos,T-Shirts,-,100% cotton,cotton,100,0,natural,cotton,"origin ""Imported"""
Calvin Klein,40GC808,Embossed Monogram Classic T-Shirt,https://www.calvinklein.us/en/men/apparel/tshirts-tanks/embossed-monogram-classic-t-shirt/40GC808-UB1.html,tees-polos,T-Shirts,-,100% cotton,cotton,100,0,natural,cotton,"origin ""Imported"""
Calvin Klein,40EM269,Cotton Pique Classic Polo Shirt,https://www.calvinklein.us/en/men/apparel/tops/cotton-pique-classic-polo-shirt/40EM269-CEF.html,tees-polos,Polos,-,100% cotton,cotton,100,0,natural,cotton,"origin ""Imported"""
Calvin Klein,40BC236,Liquid Touch Polo Shirt,https://www.calvinklein.us/en/men/apparel/tops/liquid-touch-polo-shirt/40BC236-UB1.html,tees-polos,Polos,Liquid Touch,100% cotton,cotton,100,0,natural,cotton,"Factory badge on PDP; ""Liquid Touch"" house fabric name; origin ""Imported"""
Calvin Klein,4LH018G,Ottoman Stripe Polo Shirt,https://www.calvinklein.us/en/men/apparel/tops/ottoman-stripe-polo-shirt/4LH018G-UB1.html,tees-polos,Polos,-,80% cotton 15% polyester 5% elastane,cotton,80,5,blend,-,"Factory badge on PDP; origin ""Imported"""
Calvin Klein,4LH239G,Supima Cotton Stripe Polo Shirt,https://www.calvinklein.us/en/men/apparel/tops/supima-cotton-stripe-polo-shirt/4LH239G-LI1.html,tees-polos,Polos,-,100% cotton,cotton,100,0,natural,cotton,"origin ""Imported"""
Calvin Klein,4LD299G,Tech Pique Zip Polo Shirt,https://www.calvinklein.us/en/men/apparel/tops/tech-pique-zip-polo-shirt/4LD299G-FCG.html,tees-polos,Polos,-,54% cotton 43% polyester 3% elastane,cotton,54,3,blend,-,"Factory badge on PDP; origin ""Imported"""
Calvin Klein,4RH304G,Cotton Stretch Stripe Polo Sweater,https://www.calvinklein.us/en/men/apparel/tops/cotton-stretch-stripe-polo-sweater/4RH304G-VG5.html,knitwear,Polos,-,88% cotton 10% nylon 2% elastane,cotton,88,2,blend,-,"house lists under Polos; knit polo sweater assigned to knitwear by garment; origin ""Imported"""
Calvin Klein,4LB125G,Cotton Stretch Classic Button-Down Shirt,https://www.calvinklein.us/en/men/apparel/tops/cotton-stretch-classic-button-down-shirt/4LB125G-3Q0.html,shirts,Shirts,-,96% cotton 4% elastane,cotton,96,4,blend,-,"origin ""Imported"""
Calvin Klein,4RH779G,Western Denim Shirt,https://www.calvinklein.us/en/men/apparel/tops/western-denim-shirt/4RH779G-46E.html,shirts,Shirts,-,100% cotton,cotton,100,0,natural,cotton,"origin ""Imported"""
Calvin Klein,4RH193G,Corduroy Pocket Easy Shirt,https://www.calvinklein.us/en/men/apparel/tops/corduroy-pocket-easy-shirt/4RH193G-PAR.html,shirts,Shirts,-,100% cotton,cotton,100,0,natural,cotton,"origin ""Imported"""
Calvin Klein,4RH103G,End-On-End Washed Classic Shirt,https://www.calvinklein.us/en/men/apparel/tops/end-on-end-washed-classic-shirt/4RH103G-VBN.html,shirts,Shirts,-,100% cotton,cotton,100,0,natural,cotton,"origin ""Imported"""
Calvin Klein,4LF189G,Linen Cotton Short Sleeve Button-Down Shirt,https://www.calvinklein.us/en/men/apparel/tops/linen-cotton-short-sleeve-button-down-shirt/4LF189G-CAI.html,shirts,Shirts,-,55% linen 45% cotton,linen,55,0,natural,-,"Factory badge on PDP; origin ""Imported"""
Calvin Klein,4RH784G,Quilted Nylon Overshirt,https://www.calvinklein.us/en/men/apparel/tops/quilted-nylon-overshirt/4RH784G-8X8.html,shirts,Shirts,-,74% cotton 26% polyester,cotton,74,0,blend,-,"title says nylon but PDP composition is cotton/polyester; filed as written; origin ""Imported"""
Calvin Klein,4LH114G,Check Flannel Classic Button-Down Shirt,https://www.calvinklein.us/en/men/apparel/tops/check-flannel-classic-button-down-shirt/4LH114G-2E8.html,shirts,Shirts,-,100% cotton,cotton,100,0,natural,cotton,"origin ""Imported"""
Calvin Klein,40LM300,Smooth Cotton Sweater,https://www.calvinklein.us/en/men/apparel/tops/sweaters/smooth-cotton-sweater/40LM300-UB1.html,knitwear,Sweaters,-,100% cotton,cotton,100,0,natural,cotton,"origin ""Imported"""
Calvin Klein,4RH012G,Fleece Embossed Crewneck Sweater,https://www.calvinklein.us/en/men/apparel/tops/sweaters/fleece-embossed-crewneck-sweater/4RH012G-UB1.html,sweats,Sweaters,-,92% cotton 8% reprocessed polyester,cotton,92,0,blend,-,"house lists under Sweaters; fleece crewneck assigned to sweats by garment; origin ""Imported"""
Calvin Klein,4RH311G,Lambswool Blend Monogram Crewneck Sweater,https://www.calvinklein.us/en/men/apparel/tops/sweaters/lambswool-blend-monogram-crewneck-sweater/4RH311G-P7E.html,knitwear,Sweaters,-,100% wool,wool,100,0,natural,wool,"origin ""Imported"""
Calvin Klein,4RH316G,Brushed Alpaca Blend Sweater,https://www.calvinklein.us/en/men/apparel/tops/sweaters/brushed-alpaca-blend-sweater/4RH316G-UB1.html,knitwear,Sweaters,-,34% polyamide 33% alpaca 33% wool,polyamide,34,0,blend,-,"origin ""Imported"""
Calvin Klein,4RH308G,Wool Blend Ribbed Sweater,https://www.calvinklein.us/en/men/apparel/tops/sweaters/wool-blend-ribbed-sweater/4RH308G-CEF.html,knitwear,Sweaters,-,50% cotton 50% wool,cotton,50,0,natural,-,"origin ""Imported"""
Calvin Klein,4LH314G,Merino Blend Emblem Logo Sweater,https://www.calvinklein.us/en/men/apparel/tops/sweaters/merino-blend-emblem-logo-sweater/4LH314G-HMS.html,knitwear,Sweaters,-,55% PET 45% wool,polyester,55,0,blend,-,"""Merino blend"" title but polyester (PET) leads; origin ""Imported"""
Calvin Klein,4LD372G,Tech Quarter Zip Sweater,https://www.calvinklein.us/en/men/apparel/tops/sweaters/tech-quarter-zip-sweater/4LD372G-UB1.html,knitwear,Sweaters,-,72% viscose 28% polyester,viscose,72,0,blend,-,"Factory badge on PDP; origin ""Imported"""
Calvin Klein,40QM315,Extra Fine Merino Blend Polo Sweater,https://www.calvinklein.us/en/men/apparel/tops/extra-fine-merino-blend-polo-sweater/40QM315-CCI.html,knitwear,Polos,-,55% PET 45% merino wool,polyester,55,0,blend,-,"Factory badge on PDP; house lists under Polos; knit polo sweater assigned to knitwear by garment; ""Merino blend"" title but polyester (PET) leads; origin ""Imported"""
Calvin Klein,4LH422G,Leather Bomber Jacket,https://www.calvinklein.us/en/men/apparel/mens-outerwear/leather-bomber-jacket/4LH422G-UB1.html,outerwear,Coats + Jackets,-,"100% nappa leather, lining 100% polyester",leather,100,0,natural,leather,"origin ""Imported"""
Calvin Klein,4RG515G,Nylon Relaxed Puffer Jacket,https://www.calvinklein.us/en/men/apparel/mens-outerwear/nylon-relaxed-puffer-jacket/4RG515G-WFM.html,outerwear,Coats + Jackets,-,"100% nylon, fill: 80% duck down 20% feathers",polyamide,100,0,synthetic,polyamide,"origin ""Imported"""
Calvin Klein,4LH413G,Double-Faced Wool Blend Reversible Coat,https://www.calvinklein.us/en/men/apparel/mens-outerwear/double-faced-wool-blend-reversible-coat/4LH413G-CEF.html,outerwear,Coats + Jackets,-,55% reprocessed wool 40% polyester 5% other fibers,wool,55,0,blend,-,"listing showed 65% off; PDP showed $399 unmarked; origin ""Imported"""
Calvin Klein,40FP512,Matte Bomber Jacket,https://www.calvinklein.us/en/men/apparel/mens-outerwear/matte-bomber-jacket/40FP512-BAE.html,outerwear,Coats + Jackets,-,"100% reprocessed polyester, lining 100% reprocessed polyester",polyester,100,0,synthetic,polyester,"origin ""Imported"""
Calvin Klein,4RF517G,Classic Harrington Jacket,https://www.calvinklein.us/en/men/apparel/mens-outerwear/classic-harrington-jacket/4RF517G-CEF.html,outerwear,Coats + Jackets,-,100% polyester,polyester,100,0,synthetic,polyester,"Factory badge on PDP; origin ""Imported"""
Calvin Klein,4RH414G,Suede 90s Trucker Jacket,https://www.calvinklein.us/en/men/apparel/mens-outerwear/suede-90s-trucker-jacket/4RH414G-CEC.html,outerwear,Coats + Jackets,-,100% goat suede leather,leather,100,0,natural,leather,"origin ""Imported"""
Calvin Klein,40JM775,Standard Straight Jeans,https://www.calvinklein.us/en/men/apparel/denim/standard-straight-jeans/40JP775-YCN.html,denim,Jeans,-,"Tinted Stone wash: 100% cotton, Boston Blue Black wash: 70% cotton 28% polyester 2% elastane, Limelight, Forever Black, Sand Dollar, CK Classic Rinse washes: 98% cotton 2% elastane",cotton,100,0,natural,cotton,"composition varies by wash; first-listed wash (Tinted Stone) parsed; origin ""Imported"""
Calvin Klein,4RB700G,90s Straight Jeans,https://www.calvinklein.us/en/men/apparel/denim/90s-straight-jeans/4RB700G-ZC9.html,denim,Jeans,-,79% cotton 20% reprocessed cotton 1% elastane,cotton,99,1,blend,-,"origin ""Imported"""
Calvin Klein,4RH782G,Baggy Carpenter Jeans,https://www.calvinklein.us/en/men/apparel/denim/baggy-carpenter-jeans/4RH782G-8WY.html,denim,Jeans,-,100% cotton,cotton,100,0,natural,cotton,"origin ""Imported"""
Calvin Klein,40JM717001,Slim Jeans,https://www.calvinklein.us/en/men/apparel/denim/slim-jeans/40JP717-ZY5.html,denim,Jeans,-,"98% cotton 2% elastane, Boston Blue Black wash: 70% cotton 28% polyester 2% elastane",cotton,98,2,blend,-,"Factory badge on PDP; origin ""Imported"""
Calvin Klein,40QM612,Refined Stretch Pant,https://www.calvinklein.us/en/sale/men/bottoms/refined-stretch-pant/40QP612-CEF.html,trousers,Pants,-,66% polyester 31% viscose 3% elastane,polyester,66,3,blend,-,"origin ""Imported"""
Calvin Klein,JCAAPJRX0001_001,Slim Fit Suit Pants,https://www.calvinklein.us/en/men/apparel/suits-blazers/slim-fit-suit-pants/LX000590-015.html,tailoring,Suiting,-,70% wool 25% polyester 5% spandex,wool,70,5,blend,-,"tailored clothing licensed to Peerless (PVH FY2025 10-K); origin ""Imported"""
Calvin Klein,40391MH,Slim Wool Gabardine Blazer,https://www.calvinklein.us/en/men/apparel/suits-blazers/slim-wool-gabardine-blazer/40391MH-QQE.html,tailoring,Suiting,-,95% wool 5% elastane,wool,95,5,blend,-,Made in Italy; wool by Lanificio di Tollegno (named on PDP)
Calvin Klein,MXLL17EZ0001,Slim Fit Suit Jacket,https://www.calvinklein.us/en/men/apparel/suits-blazers/slim-fit-suit-jacket/LX000569-015.html,tailoring,Suiting,-,70% wool 25% polyester 5% spandex,wool,70,5,blend,-,"tailored clothing licensed to Peerless (PVH FY2025 10-K); origin ""Imported"""
Calvin Klein,4RF618G,Cotton Slim Chino Pants,https://www.calvinklein.us/en/men/apparel/bottoms/cotton-slim-chino-pants/4RF618G-UB1.html,trousers,Pants,-,97% cotton 3% elastane,cotton,97,3,blend,-,"origin ""Imported"""
Calvin Klein,4LB615G,Tech Classic Pull-On Pants,https://www.calvinklein.us/en/men/apparel/bottoms/tech-classic-pull-on-pants/4LB615G-8MN.html,trousers,Pants,-,50% reprocessed polyester 50% polyester,polyester,100,0,synthetic,polyester,"Factory badge on PDP; origin ""Imported"""
Calvin Klein,4LH233G,CK Logo Hoodie,https://www.calvinklein.us/en/men/apparel/tops/ck-logo-hoodie/4LH233G-CEF.html,sweats,Sweatshirts + Sweatpants,-,92% cotton 8% polyester,cotton,92,0,blend,-,"origin ""Imported"""
Calvin Klein,4RH272G,Sherpa Relaxed Hoodie,https://www.calvinklein.us/en/men/apparel/tops/sherpa-relaxed-hoodie/4RH272G-HMT.html,sweats,Sweatshirts + Sweatpants,-,100% polyester,polyester,100,0,synthetic,polyester,"origin ""Imported"""
Calvin Klein,4LD239G,Premium Terry Emblem Logo Joggers,https://www.calvinklein.us/en/men/apparel/bottoms/premium-terry-emblem-logo-joggers/4LD239G-CEF.html,sweats,Sweatshirts + Sweatpants,-,86% cotton 14% polyester,cotton,86,0,blend,-,"origin ""Imported"""
Calvin Klein,4RH216G,Double Knit Monogram Zip Polo Sweatshirt,https://www.calvinklein.us/en/men/apparel/tops/double-knit-monogram-zip-polo-sweatshirt/4RH216G-UB1.html,sweats,Sweatshirts + Sweatpants,-,97% cotton 3% elastane,cotton,97,3,blend,-,"origin ""Imported"""
Calvin Klein,N61002,Core Solid Swim Shorts,https://www.calvinklein.us/en/men/apparel/mens-swimwear/core-solid-swim-shorts/N61002-UB1.html,underwear-swim,Swim,-,ND,ND,ND,ND,undisclosed,-,PDP read 2026-10-10; no composition or origin stated (item out of stock)
Calvin Klein,N61045,"Icon Logo Drawstring 5"" Swim Shorts",https://www.calvinklein.us/en/men/apparel/mens-swimwear/icon-logo-drawstring-5%22-swim-shorts/N61045-UB1.html,underwear-swim,Swim,-,100% reprocessed polyester,polyester,100,0,synthetic,polyester,"swim licensed to G-III (PVH FY2025 10-K); origin ""Imported"""
Calvin Klein,NB1429,Cotton Classics 5-Pack Boxer Brief,https://www.calvinklein.us/en/underwear/men/multipacks/cotton-classics-5-pack-boxer-brief/NB1429-JXV.html,underwear-swim,Underwear,-,100% cotton,cotton,100,0,natural,cotton,"origin ""Imported"""
Calvin Klein,GMS6S806,Icon Sport Woven Shorts,https://www.calvinklein.us/en/men/apparel/shorts/icon-sport-woven-shorts/GMS6S806-CCI.html,shorts,Activewear,-,89% polyester 11% elastane,polyester,89,11,synthetic,-,"origin ""Imported"""
Calvin Klein,GMS6K112,CK Sport Active T-Shirt,https://www.calvinklein.us/en/men/apparel/mens-activewear/ck-sport-active-t-shirt/GMS6K112-CZ0.html,tees-polos,Activewear,CK Sport,64% cotton 36% polyester,cotton,64,0,blend,-,"origin ""Imported"""
Chrome Hearts,158552,BOXER BRIEF - SHORTS,https://www.chromehearts.com/boxers-leggings/boxer-brief---shorts/158552BLKXXXXXX.html,underwear-swim,Underwear > Boxers & Leggings,-,"BODY 95% COTTON, 5% POLYURETHANE; WAISTBAND 52% NYLON, 33% POLYESTER, 15% POLYURETHANE",cotton,95,5,blend,-,"$95. MADE IN JAPAN. Black only. Main line = BODY; waistband is trim. Body ""POLYURETHANE"" read as elastane (spandex is a segmented-polyurethane fibre); flag for ruling. Page states no gender."
Chrome Hearts,158553,BOXER BRIEF - LONG,https://www.chromehearts.com/boxers-leggings/boxer-brief---long/158553XXXXXXXXX.html,underwear-swim,Underwear > Boxers & Leggings,-,"BODY 95% COTTON, 5% POLYURETHANE; WAISTBAND 52% NYLON, 33% POLYESTER, 15% POLYURETHANE",cotton,95,5,blend,-,"$100. MADE IN JAPAN. Black only. Main line = BODY; waistband is trim. Body ""POLYURETHANE"" read as elastane (spandex is a segmented-polyurethane fibre); flag for ruling. Page states no gender."
Chrome Hearts,209670,BOXER BRIEF - CLASSIC RIB,https://www.chromehearts.com/boxers-leggings/boxer-brief---classic-rib/209670XXXXXXXXX.html,underwear-swim,Underwear > Boxers & Leggings,-,"BODY 100% COTTON; WAISTBAND 52% NYLON, 33% POLYESTER, 15% POLYURETHANE",cotton,100,0,natural,cotton,"Listing shows $130, PDP shows $120 (both read 2026-10-08; unresolved). MADE IN JAPAN. Baby blue. Main line = BODY; waistband is trim. Page states no gender."
Chrome Hearts,208280,FOTI BOXER BRIEF - LONG,https://www.chromehearts.com/boxers-leggings/foti-boxer-brief---long/208280XXXXXXXXX.html,underwear-swim,Underwear > Boxers & Leggings,-,"BODY 95% COTTON, 5% POLYURETHANE; WAISTBAND 52% NYLON, 33% POLYESTER, 15% POLYURETHANE",cotton,95,5,blend,-,"$110. MADE IN JAPAN. Black. Main line = BODY; waistband is trim. Body ""POLYURETHANE"" read as elastane (spandex is a segmented-polyurethane fibre); flag for ruling. Page states no gender."
Chrome Hearts,164943,LONG JOHNS,https://www.chromehearts.com/boxers-leggings/long-johns/164943XXXXXX140.html,underwear-swim,Underwear > Boxers & Leggings,-,"BODY 95% COTTON, 5% POLYURETHANE; WAISTBAND 52% NYLON, 33% POLYESTER, 15% POLYURETHANE",cotton,95,5,blend,-,"$275. MADE IN JAPAN. No gender stated; sizes S-XL, S waist 23-28 in; included as men's by garment, flag for ruling. Main line = BODY; waistband is trim. Body ""POLYURETHANE"" read as elastane (spandex is a segmented-polyurethane fibre); flag for ruling. Page states no gender."
Cole Haan,P123911,Men's Wool-Blend Car Coat,https://www.colehaan.com/products/mens-wool-blend-car-coat-t40278,outerwear,Coats & Jackets,-,60% wool/30% polyester/5% viscose/5% other fibers; 100% polyester lining,wool,60,0,blend,-,4 colourways t40277/t40278/t40279/t40299
Cole Haan,P125765,Men's Wool Twill Field Jacket,https://www.colehaan.com/products/mens-wool-twill-field-jacket-t40367,outerwear,Coats & Jackets,-,60% wool/30% polyester/5% viscose/5% other fibers; Quilted 100% polyester lining; 100% polyester fill,wool,60,0,blend,-,2 colourways
Cole Haan,P125764,Men's Stand Collar Car Coat,https://www.colehaan.com/products/mens-stand-collar-car-coat-t40366,outerwear,Coats & Jackets,-,60% wool/30% polyester/5% viscose/5% other fibers shell; 95% polyester/5% spandex knit trim; 100% polyester lining & fill,wool,60,0,blend,-,"4 colourways; elastane is in knit trim only, not main line"
Cole Haan,P127721,Men's Car Coat,https://www.colehaan.com/products/mens-car-coat-t40462,outerwear,Coats & Jackets,-,60% wool/35% polyester/5% other fibers; Lining: 100% Polyester; Bib: 100% Polyester,wool,60,0,blend,-,2 colourways
Cole Haan,P124698,Men's Suede Trucker Jacket,https://www.colehaan.com/products/mens-suede-trucker-jacket-t40324,outerwear,Trucker Jackets,-,100% goat suede. Fully lined body in 100% cotton.,leather,100,0,natural,leather,2 colourways; titles vary Trucker Suede / Suede Trucker
Cole Haan,P125763,Men's Smooth Lamb Shirt Jacket,https://www.colehaan.com/products/mens-smooth-lamb-shirt-jacket-t40363,outerwear,Coats & Jackets,-,Lambskin leather,leather,ND,0,natural,leather,2 colourways; named fibre without percentage; lead_pct not stated
Cole Haan,P126365,Men's Mix Media Diamond Quilted Jacket,https://www.colehaan.com/products/mens-mix-media-diamond-quilted-jacket-t40435,outerwear,Coats & Jackets,-,100% polyester shell; polyester fill; 60% wool/30% polyester/5% viscose/5% other fiber yoke; full polyester lining,polyester,100,0,synthetic,polyester,3 colourways; main line = shell
Cole Haan,P119581,Men's Stretch Wool Top Coat,https://www.colehaan.com/products/mens-stretch-wool-top-coat-t40141,outerwear,Coats & Jackets,-,"57% polyester, 32% wool and other materials (6% acrylic, 3% rayon, 2% nylon.); 100% polyester lining",polyester,57,0,blend,-,"2 listings share YGroup (t40141; t40388 titled Men's Wool Top Coat); title says wool, polyester leads"
Cole Haan,P119532,Men's Stretch Wool Top Coat,https://www.colehaan.com/products/mens-stretch-wool-top-coat-t40133,outerwear,Coats & Jackets,-,"64% polyester, 29% wool, 4% acrylic, 2% rayon, and 1% nylon; 100% polyester lining",polyester,64,0,blend,-,separate YGroup from P119581
Cole Haan,P124939,Men's Zip-up Suede Jacket,https://www.colehaan.com/products/mens-zip-up-suede-jacket-t40330,outerwear,Bomber Jackets,-,Shell: 100% goat suede; Lining: 100% Polyester,leather,100,0,natural,leather,2 colourways
Cole Haan,P126020,Men's Wool-Blend Car Coat,https://www.colehaan.com/products/mens-wool-blend-car-coat-t40422,outerwear,Coats & Jackets,-,"60% wool, 30% polyester, 5% viscose, and 5% other fibers; lining: 100% polyester",wool,60,0,blend,-,separate YGroup and higher price ($548) than P123911
Cole Haan,P124941,Men's Wool Peacoat,https://www.colehaan.com/products/mens-wool-peacoat-t40337,outerwear,Coats & Jackets,-,"62% polyester, 30% wool, 3% rayon, 3% acrylic, 2% nylon; fully lined 100% polyester; quilted fill 100% polyester",polyester,62,0,blend,-,"2 colourways; titled wool, polyester leads"
Cole Haan,P128820,Men's Nylon Puffer Vest,https://www.colehaan.com/products/mens-nylon-puffer-vest-t40490,outerwear,Coats & Jackets,-,Nylon shell; Faux down fill; polyester body lining,polyamide,ND,ND,synthetic,-,3 colourways (t40491 carries no YGroup tag); fibre named without percentage
Cole Haan,P128824,Men's Smooth Leather Racer Jacket,https://www.colehaan.com/products/mens-smooth-leather-racer-jacket-t40498,outerwear,Coats & Jackets,-,Leather shell; fully lined polyester interior,leather,ND,0,natural,-,fibre named without percentage
Cole Haan,P128389,Men's Packable Running Rain Jacket,https://www.colehaan.com/products/mens-packable-running-rain-jacket-t40480,outerwear,Test,-,Cotton and nylon shell; polyester lining,ND,ND,ND,blend,-,"3 colourways; two fibres named without percentages so leader not determinable; house product_type literally ""Test"""
Cole Haan,P128827,Men's Sleek Rain 3-In-1 Jacket,https://www.colehaan.com/products/mens-sleek-rain-3-in-1-jacket-t40503,outerwear,Coats & Jackets,-,"Nylon-blend outer jacket shell; polyester linings; removable quilted inner jacket nylon shell, faux-down fill",polyamide,ND,ND,blend,-,"2 colourways; ""nylon-blend"" names leader but not the other fibres; other fibres unnamed"
Cole Haan,P128826,Men's Coated Cotton Barn Coat,https://www.colehaan.com/products/mens-coated-cotton-barn-coat-t40502,outerwear,Coats & Jackets,-,Cotton shell with garment-washed finish; polyester quilted lining; polyfill insulation,cotton,ND,ND,natural,-,2 colourways; only cotton named on the shell; coating material not stated
Cole Haan,P128823,Men's Suede Harrington Jacket,https://www.colehaan.com/products/mens-suede-harrington-jacket-t40497,outerwear,Trucker Jackets,-,Leather shell; polyester body and sleeve lining,leather,ND,0,natural,-,"2 colourways (t40496 typed ""Test"")"
Cole Haan,P128821,Men's Nylon Anorak Jacket,https://www.colehaan.com/products/mens-nylon-anorak-jacket-t40494,outerwear,Coats & Jackets,-,Cotton-touch ripstop nylon shell; polyester backing; polyester body and sleeve lining,polyamide,ND,ND,synthetic,-,fibre named without percentage; backing polyester
Cole Haan,P128819,Men's Faux Suede Quilted Jacket,https://www.colehaan.com/products/mens-faux-suede-quilted-jacket-t40487,outerwear,Coats & Jackets,-,Polyester shell; polyester body lining; faux sherpa lining; polyfill insulation,polyester,ND,ND,synthetic,-,3 colourways
Cole Haan,P128817,Men's Plush Wool Knit Bib Car Coat,https://www.colehaan.com/products/mens-plush-wool-knit-bib-car-coat-t40484,outerwear,Coats & Jackets,-,Wool-blend shell fabric; quilted lining; polyfill insulation,wool,ND,ND,blend,-,"2 colourways; wool-blend, partners and percentages not stated"
Cole Haan,P128828,Men's Reversible Plaid Quilted Barn Jacket,https://www.colehaan.com/products/mens-reversible-plaid-quilted-barn-jacket-t40505,outerwear,Coats & Jackets,-,Nylon shell; reversible to polyester and polyurethane side; polyester fill 160 g,polyamide,ND,ND,synthetic,-,fibre named without percentage
Cole Haan,P129373,Men's Quilted Jacket with Faux Sherpa Liner,https://www.colehaan.com/products/mens-quilted-jacket-with-faux-sherpa-liner-t40516,outerwear,Coats & Jackets,-,Polyester shell with diamond quilting; faux sherpa body lining; polyfill insulation,polyester,ND,ND,synthetic,-,fibre named without percentage
Cole Haan,P129370,Men's Plush Wool Car Coat with Knit Bib,https://www.colehaan.com/products/mens-plush-wool-car-coat-with-knit-bib-t40509,outerwear,Coats & Jackets,-,Wool-blend shell; rib-knit interior bib polyester-spandex knit; polyester fill and lining,wool,ND,ND,blend,-,"wool-blend, partners and percentages not stated; spandex in bib only"
Cole Haan,P129372,Men's Hooded Wool Field Coat,https://www.colehaan.com/products/mens-hooded-wool-field-coat-t40515,outerwear,Coats & Jackets,-,Wool-blend shell; polyester lining; quilted lining with polyfill,wool,ND,ND,blend,-,"3 colourways; wool-blend, partners and percentages not stated"
Cole Haan,P128818,Men's Twill Wool Barn Jacket,https://www.colehaan.com/products/mens-twill-wool-barn-jacket-t40486,outerwear,Coats & Jackets,-,Wool-blend twill shell; quilted lining polyfill; polyester body and sleeve lining,wool,ND,ND,blend,-,"wool-blend, partners and percentages not stated"
Cole Haan,P128005,Men's Last Stitch Quarter Zip,https://www.colehaan.com/products/mens-last-stitch-quarter-zip-t50167,sweats,"Test (quarter zip, jersey knit)",-,ND,ND,ND,ND,undisclosed,-,"read via /products/<handle>.json: ""Soft jersey knit material"" + Drirelease technology, no fibre named; not in the outerwear collection; found via site search; $148 = compare-at"
Cole Haan,P127996,Men's Founders Polo Shirt,https://www.colehaan.com/products/mens-founders-polo-t50147,tees-polos,Polos,-,ND,ND,ND,ND,undisclosed,-,4 colourways t50144-t50147; 'Knit mélange jersey fabric with Coolcore® technology'; no fibre named; compare-at $98
Cole Haan,P127997,Men's Ashland Polo Shirt,https://www.colehaan.com/products/mens-ashland-polo-t50151,tees-polos,Polos / Test,-,ND,ND,ND,ND,undisclosed,-,4 colourways t50148-t50151; 'Knit jersey fabric with Coolcore® technology...' - no fibre named; $98 full price
Cole Haan,P128000,Men's Cobbler Polo Shirt,https://www.colehaan.com/products/mens-cobbler-polo-t50161,tees-polos,Polos,-,ND,ND,ND,ND,undisclosed,-,3 colourways t50159-t50161; 'Knit jersey fabric with Coolcore® technology...' - no fibre named; compare-at $108
Cole Haan,P127932,Men's Trafton Polo Shirt,https://www.colehaan.com/products/mens-trafton-polo-shirt-t50141,tees-polos,Polos,-,ND,ND,ND,ND,undisclosed,-,"4 colourways t50140-t50143; 'Pique fabric', 'Four-way stretch zones'; no fibre named; compare-at $108"
Cole Haan,P127998,Men's SkyWeave™ Polo Shirt,https://www.colehaan.com/products/mens-skyweave-polo-t50153,tees-polos,Polos / Test,-,ND,ND,ND,ND,undisclosed,-,4 colourways t50152-t50155; 'Knit jersey fabric with Coolcore® technology...' - no fibre named; compare-at $98
Cole Haan,P128003,Men's Links Polo Shirt,https://www.colehaan.com/products/mens-links-polo-t50164,tees-polos,Polos,-,ND,ND,ND,ND,undisclosed,-,1 listing; 'Lightweight & breathable jersey fabric with Coolcore® technology'; compare-at $108
Cole Haan,P129049,Men's Links Legend Polo Shirt,https://www.colehaan.com/products/mens-links-legend-polo-shirt-t50216,tees-polos,Test,-,ND,ND,ND,ND,undisclosed,-,"3 colourways t50215-t50217; 'Jersey fabric construction with Coolcore technology', '4-way stretch knit'; $118 full price"
Cole Haan,P129050,Men's Iconic Polo Shirt,https://www.colehaan.com/products/mens-iconic-polo-shirt-t50220,tees-polos,Test,-,ND,ND,ND,ND,undisclosed,-,1 listing; 'Knit jersey fabric with Coolcore® technology...' - no fibre named; $118
Cole Haan,P129051,Men's All-Day Floral Polo Shirt,https://www.colehaan.com/products/mens-all-day-floral-polo-shirt-t50223,tees-polos,Test,-,ND,ND,ND,ND,undisclosed,-,"3 colourways t50221-t50223; 'Advanced jersey fabric with Cool tech', 'Four-way stretch knit construction'; $118"
Cole Haan,P128013,"Men's ZERØGRAND 8"" Short",https://www.colehaan.com/products/mens-zerogrand-short-t50178,shorts,Test,-,ND,ND,ND,ND,undisclosed,-,3 colourways t50176/t50178/t50179; 'Woven fine-gauge twill with four-way stretch zone'; no fibre named; $128
Cole Haan,P128009,Men's Artisan Vest,https://www.colehaan.com/products/mens-artisan-vest-t50169,knitwear,Test,-,ND,ND,ND,ND,undisclosed,-,2 colourways t50169/t50171; 'Textured knit with breathable stretch and thermo-regulating technology'; $178
Cole Haan,P129016,Men's Artisan Vest,https://www.colehaan.com/products/mens-artisan-vest-t50187,knitwear,Test,-,ND,ND,ND,ND,undisclosed,-,"separate YGroup from P128009, $158; same description, no fibre"
Cole Haan,P128010,Men's Windward Jacket,https://www.colehaan.com/products/mens-windward-jacket-t50173,outerwear,Test,-,ND,ND,ND,ND,undisclosed,-,"3 colourways t50173-t50175; no material stated at all; golf jacket in mens-golf-apparel, $218 full price"
COS,1229297,Slim ribbed cotton t-shirt,https://www.cos.com/en-us/men/menswear/tshirts/slim-fit/product/slim-ribbed-t-shirt-black-1229297002,tees-polos,T-shirts,-,"Shell: 70% Organic cotton, 25% Recycled cotton, 5% Recycled elastane",cotton,95,5,blend,-,Composition read on the en-eu page of the same product code; the US page fetch returned no composition line. 230gsm
COS,1294698,Cotton crew-neck t-shirt,https://www.cos.com/en-us/men/menswear/tshirts/regular-fit/product/cotton-crew-neck-t-shirt-white-1294698003,tees-polos,T-shirts,-,Shell: 100% Organic cotton. Excluding trims,cotton,100,0,natural,cotton,Composition read on the en-eu page of the same product code. 160gsm
COS,1334757,Regular-fit cotton t-shirt,https://www.cos.com/en-us/men/menswear/tshirts/regular-fit/product/regular-fit-cotton-t-shirt-white-1334757002,tees-polos,T-shirts,-,ND,ND,ND,ND,undisclosed,-,US and EU pages: no composition line; description says cotton-jersey
COS,1348289,Slim modal interlock-jersey t-shirt,https://www.cos.com/en-us/men/menswear/tshirts/slim-fit/product/slim-interlock-jersey-t-shirt-navy-1348289002,tees-polos,T-shirts,-,ND,ND,ND,ND,undisclosed,-,en-eu page: no composition line; description says modal-cotton jersey with hints of wool
COS,1374238,Contrast-tipped silk-cotton t-shirt,https://www.cos.com/en-us/men/menswear/tshirts/slim-fit/product/contrast-tipped-silk-cotton-t-shirt-navy-white-1374238001,tees-polos,T-shirts,-,ND,ND,ND,ND,undisclosed,-,"US, EU and GB pages: no composition line; description says mulberry silk and cotton knit"
COS,1334758,Linen-jersey t-shirt,https://www.cos.com/en-us/men/menswear/tshirts/regular-fit/product/linen-t-shirt-navy-1334758001,tees-polos,T-shirts,-,ND,ND,ND,ND,undisclosed,-,en-eu page: no composition line
COS,1337306,Relaxed boucle-knit t-shirt,https://www.cos.com/en-us/men/menswear/tshirts/relaxed-fit/product/relaxed-boucl-knit-t-shirt-blue-mlange-1337306001,tees-polos,T-shirts,-,ND,ND,ND,ND,undisclosed,-,en-eu page: no composition line; description says cotton blend
COS,1338473,Silk-cotton henley t-shirt,https://www.cos.com/en-us/men/menswear/tshirts/slim-fit/product/silk-cotton-henley-t-shirt-slate-1338473001,tees-polos,T-shirts,-,ND,ND,ND,ND,undisclosed,-,en-eu page: no composition line; description says mulberry silk and cotton
COS,1281644,Interlock cotton polo shirt,https://www.cos.com/en-us/men/menswear/poloshirts/shortsleeves/product/interlock-cotton-polo-shirt-dark-beige-1281644007,tees-polos,Polos,-,Shell: 100% Cotton. Excluding trims,cotton,100,0,natural,cotton,"Read on the US page. An en-eu fetch with a looser prompt missed it, so the ND rows may hold some summariser misses"
COS,1182271,Slim merino wool polo shirt,https://www.cos.com/en-us/men/menswear/poloshirts/longsleeves/product/slim-merino-wool-polo-shirt-charcoal-mlange-1182271011,tees-polos,Polos,-,ND,ND,ND,ND,undisclosed,-,US page: no composition line; description says premium merino wool
COS,1350235,Scuba-jersey polo shirt,https://www.cos.com/en-us/men/menswear/poloshirts/shortsleeves/product/scuba-jersey-polo-shirt-navy-1350235001,tees-polos,Polos,-,ND,ND,ND,ND,undisclosed,-,US page: no composition line
COS,1126010,Slim knitted silk polo shirt,https://www.cos.com/en-us/men/menswear/poloshirts/shortsleeves/product/slim-knitted-silk-polo-shirt-navy-1126010021,tees-polos,Polos,-,ND,ND,ND,ND,undisclosed,-,US page: no composition line; description says silk and cotton
COS,1221749,Knitted linen polo shirt,https://www.cos.com/en-us/men/menswear/poloshirts/shortsleeves/product/knitted-linen-polo-shirt-steel-blue-1221749008,tees-polos,Polos,-,ND,ND,ND,ND,undisclosed,-,US page: no composition line; description says linen and cotton blend
COS,1289730,Relaxed pima cotton poplin shirt,https://www.cos.com/en-us/men/menswear/shirts/cottonshirts/product/relaxed-pima-cotton-poplin-shirt-white-1289730025,shirts,Shirts,-,ND,ND,ND,ND,undisclosed,-,US page: no composition line; description says Pima cotton-poplin
COS,1307720,Cotton oxford shirt,https://www.cos.com/en-us/men/menswear/shirts/cottonshirts/product/cotton-oxford-shirt-white-1307720014,shirts,Shirts,-,Shell: 100% Pima cotton. Excluding trims,cotton,100,0,natural,cotton,US page
COS,1351111,Technical nylon-cotton utility shirt,https://www.cos.com/en-us/men/menswear/shirts/casualshirts/product/technical-nylon-cotton-utility-shirt-navy-1351111001,shirts,Shirts,-,ND,ND,ND,ND,undisclosed,-,US page: no composition line; description says technical blend of nylon and cotton
COS,1341000,Padded nylon zip-up bomber jacket,https://www.cos.com/en-us/men/menswear/coatsjackets/jackets/product/padded-nylon-zip-up-bomber-jacket-navy-1341000001,outerwear,Coats & Jackets,-,ND,ND,ND,ND,undisclosed,-,US page: no composition line
COS,1336467,Tailored double-faced wool-blend coat,https://www.cos.com/en-us/men/menswear/coatsjackets/wool/product/tailored-double-faced-wool-blend-coat-black-1336467001,outerwear,Coats & Jackets,-,ND,ND,ND,ND,undisclosed,-,US page: no composition line
COS,1311815,Technical hooded down parka,https://www.cos.com/en-us/men/menswear/coatsjackets/jackets/product/technical-hooded-parka-dark-grey-1311815001,outerwear,Coats & Jackets,-,ND,ND,ND,ND,undisclosed,-,US page: no composition line; description says technical nylon with down filling
COS,1324237,Leather blouson jacket,https://www.cos.com/en-us/men/menswear/coatsjackets/jackets/product/leather-blouson-jacket-steel-1324237001,outerwear,Coats & Jackets,-,ND,ND,ND,ND,undisclosed,-,US page: no composition line; description says lamb hide
COS,1348215,Tailored double-faced cashmere coat,https://www.cos.com/en-us/men/menswear/coatsjackets/coats/product/double-faced-cashmere-tailored-coat-black-1348215001,outerwear,Coats & Jackets,Runway,ND,ND,ND,ND,undisclosed,-,US page: labelled RUNWAY; no composition line; description says pure 480gsm cashmere
COS,1348801,Signature regular-fit straight-leg jeans,https://www.cos.com/en-us/men/menswear/jeans/regular-fit/product/signature-regular-fit-straight-leg-jeans-dark-blue-1348801001,denim,Jeans,-,ND,ND,ND,ND,undisclosed,-,US page: no composition line; 11.5oz
COS,1303183,Rider raw selvedge relaxed-fit straight-leg jeans,https://www.cos.com/en-us/men/menswear/jeans/relaxed-fit/product/rider-raw-selvedge-straight-leg-jeans-raw-indigo-1303183001,denim,Jeans,-,"Shell: 80% Organic cotton, 20% Recycled cotton. Excluding trims",cotton,100,0,natural,cotton,US page; 15oz; no mill named
COS,1289394,Cotton regular-fit straight-leg chinos,https://www.cos.com/en-us/men/menswear/trousers/regular-fit/straightleg/product/cotton-regular-fit-straight-leg-chinos-beige-1289394005,trousers,Pants,-,ND,ND,ND,ND,undisclosed,-,US page: no composition line; description says cotton-blend twill
COS,1318640,Tech-twill slim-fit straight-leg pants,https://www.cos.com/en-us/men/menswear/suits/trousers/product/twill-slim-fit-straight-leg-trousers-black-1318640001,trousers,Pants,-,ND,ND,ND,ND,undisclosed,-,US page: no composition line
COS,1354279,Wool-twill regular-fit tapered pants,https://www.cos.com/en-us/men/menswear/suits/trousers/product/wool-twill-regular-fit-tapered-trousers-midnight-1354279003,trousers,Suits > Trousers,-,ND,ND,ND,ND,undisclosed,-,"US page: no composition line; cloth from the Mario Bellucci mill, Prato"
COS,1260173,Slim merino wool crew-neck sweater,https://www.cos.com/en-us/men/menswear/knitwear/jumpers/merino/product/merino-wool-crew-neck-jumper-black-1260173002,knitwear,Sweaters,-,Shell: 100% Merino wool. Excluding trims,wool,100,0,natural,wool,US page; RWS TE-00047206
COS,1291684,Cashmere crew-neck sweater,https://www.cos.com/en-us/men/menswear/knitwear/jumpers/cashmere/product/cashmere-crew-neck-jumper-charcoal-mlange-1291684001,knitwear,Sweaters,-,Shell: 100% GCS Cashmere. Excluding trims,cashmere,100,0,natural,cashmere,US page; Good Cashmere Standard
COS,1348214,Double-faced pure cashmere shirt,https://www.cos.com/en-us/men/menswear/shirts/casualshirts/product/double-faced-cashmere-shirt-stone-1348214001,shirts,Shirts,-,ND,ND,ND,ND,undisclosed,-,"US page: no composition line; description says pure 480gsm cashmere; excluded from offer, not labelled RUNWAY"
Dr. Martens,AC536601,Core Pocket T-Shirt,https://www.drmartens.com/us/en/core-pocket-t-shirt-oxblood/p/AC536601,tees-polos,-,-,100% cotton,cotton,100,0,natural,cotton,"legacy PDP, ""This product is no longer available"" (out of stock, shown at $15.00 sale / $30.00 original); no men's breadcrumb; not in current range, excluded from roll-up; read 2026-10-10"
Dr. Martens,AC462001,Men's Resin Polo Shirt,https://www.drmartens.com/us/en/mens-resin-polo-shirt-black/p/AC462001,tees-polos,MEN'S,-,"COTTON (material tag only, no percentage)",cotton,ND,ND,natural,cotton,"legacy PDP, ""This product is no longer available"" ($88.00); material tag names cotton with no percentage, counted as named fibre per rules_fibre; not in current range, excluded from roll-up; read 2026-10-10"
Dunhill,DU25FL473DB416,AD Cypher Cotton Short Sleeve T-Shirt,https://www.dunhill.com/en-us/product/t-shirts/ad-cypher-cotton-short-sleeve-t-shirt-DU25FL473DB416.html,tees-polos,T-shirts,-,100% Cotton,cotton,100,0,natural,cotton,Made in Portugal; sample read 2026-10-10
Dunhill,DU24FL430S7416,Athluxury Wool Long Sleeve T-Shirt,https://www.dunhill.com/en-us/product/t-shirts/athluxury-wool-long-sleeve-t-shirt-DU24FL430S7416.html,tees-polos,T-shirts,Athluxury,100% Wool,wool,100,0,natural,wool,Made in Portugal; PDP $595 vs tile $610; sample read 2026-10-10
Dunhill,DU24FL432S7416,Athluxury Wool 1/4 Zip Long Sleeve T-Shirt,https://www.dunhill.com/en-us/product/t-shirts/athluxury-wool-1%2F4-zip-long-sleeve-t-shirt-DU24FL432S7416.html,tees-polos,T-shirts,Athluxury,100% Merino Wool,wool,100,0,natural,wool,Made in Portugal; sample read 2026-10-10
Dunhill,DU25RL426V8416,Supima Cotton Short Sleeve T-Shirt,https://www.dunhill.com/en-us/product/t-shirts/supima-cotton-short-sleeve-t-shirt-DU25RL426V8416.html,tees-polos,T-shirts,-,100% Supima Cotton,cotton,100,0,natural,cotton,Made in Italy; stem shared with Interlock Cotton tee (Red); sample read 2026-10-10
Dunhill,DU26RL481BA059,Linen Cotton T-Shirt,https://www.dunhill.com/en-us/product/t-shirts/linen-cotton-t-shirt-DU26RL481BA059.html,tees-polos,T-shirts,-,"67% Linen, 33% Cotton",linen,67,0,natural,-,Made in Portugal; sample read 2026-10-10
Dunhill,DU25FL471BF416,AD Cypher Cotton Pique Short Sleeve Polo,https://www.dunhill.com/en-us/product/polos/ad-cypher-cotton-pique-short-sleeve-polo-DU25FL471BF416.html,tees-polos,Polo Shirts,-,100% Cotton,cotton,100,0,natural,cotton,Made in Portugal; sample read 2026-10-10
Dunhill,DU24FK4021H035,Superfine Cashmere Long Sleeve Polo,https://www.dunhill.com/en-us/product/knitwear/superfine-cashmere-long-sleeve-polo-DU24FK4021H035.html,knitwear,Knitwear,-,100% Cashmere 18-gauge,cashmere,100,0,natural,cashmere,Made in Italy; sample read 2026-10-10
Dunhill,DU26RK3963H420,Linen Cashmere Short Sleeve Polo,https://www.dunhill.com/en-us/product/knitwear/linen-cashmere-short-sleeve-polo-DU26RK3963H420.html,knitwear,Knitwear,-,"61% Linen, 39% Cashmere",linen,61,0,natural,-,Made in Italy; sample read 2026-10-10
Dunhill,DU25RL451Y5416,Cotton Silk Pique Short Sleeve Polo,https://www.dunhill.com/en-us/product/polos/cotton-silk-pique-short-sleeve-polo-DU25RL451Y5416.html,tees-polos,Polo Shirts,-,"70% Cotton, 30% Silk",cotton,70,0,natural,-,Made in Portugal; sample read 2026-10-10
Dunhill,DU24FL439S7416,Athluxury Wool Short Sleeve Polo,https://www.dunhill.com/en-us/product/polos/athluxury-wool-short-sleeve-polo-DU24FL439S7416.html,tees-polos,Polo Shirts,Athluxury,100% Merino Wool,wool,100,0,natural,wool,Made in Portugal; sample read 2026-10-10
Dunhill,DU25FK2661K416,Merino Wool Short Sleeve Polo,https://www.dunhill.com/en-us/product/polos/merino-wool-short-sleeve-polo-DU25FK2661K416.html,tees-polos,Polo Shirts,-,100% Wool,wool,100,0,natural,wool,Made in Italy; superfine worsted merino; sample read 2026-10-10
Dunhill,DU26RF401BE450,Cotton Tattersall Check Long Sleeve Half Spread Collar Shirt,https://www.dunhill.com/en-us/product/formal-shirts/cotton-tattersall-check-long-sleeve-half-spread-collar-shirt-DU26RF401BE450.html,shirts,Formal Shirts,-,Main material: 100% Cotton,cotton,100,0,natural,cotton,"Made in Italy; ""century-old Italian mill"" unnamed; sample read 2026-10-10"
Dunhill,DU26FF401SC100,Sea Island Cotton Herringbone Half Spread Collar Shirt,https://www.dunhill.com/en-us/product/formal-shirts/sea-island-cotton-herringbone-half-spread-collar-shirt-DU26FF401SC100.html,shirts,Formal Shirts,-,100% Sea Island Cotton,cotton,100,0,natural,cotton,Made in Italy; sample read 2026-10-10
Dunhill,DU24FF205LB401,Cotton Chambray Pleated Bib Point Collar Evening Shirt,https://www.dunhill.com/en-us/product/formal-shirts/cotton-chambray-pleated-bib-point-collar-evening-shirt-DU24FF205LB401.html,shirts,Formal Shirts,-,100% Cotton,cotton,100,0,natural,cotton,Made in Italy; sample read 2026-10-10
Dunhill,DU26RG161AX420,Linen Long Sleeve Point Collar Shirt,https://www.dunhill.com/en-us/product/casual-shirts/linen-long-sleeve-point-collar-shirt-DU26RG161AX420.html,shirts,Shirts,-,100% Linen,linen,100,0,natural,linen,Made in Italy; sample read 2026-10-10
Dunhill,DU26FG208W7416,Cashmere Tartan Check Overshirt,https://www.dunhill.com/en-us/product/casual-shirts/cashmere-tartan-check-overshirt-DU26FG208W7416.html,shirts,Shirts,-,100% Cashmere,cashmere,100,0,natural,cashmere,Made in Italy; Scottish mill unnamed; sample read 2026-10-10
Dunhill,DU25FG161ZZ450,Cotton Cashmere Oxford Long Sleeve Point Collar Shirt,https://www.dunhill.com/en-us/product/casual-shirts/cotton-cashmere-oxford-long-sleeve-point-collar-shirt-DU25FG161ZZ450.html,shirts,Shirts,-,"90% Cotton, 10% Cashmere",cotton,90,0,natural,-,Made in Italy; sample read 2026-10-10
Dunhill,DU25RM936S0100,Sea Island Cotton 5 Pocket Jeans,https://www.dunhill.com/en-us/product/casual-trousers-and-chinos/sea-island-cotton-5-pocket-jeans-DU25RM936S0100.html,denim,Trousers & Chinos,-,"65% Polyester, 35% Cotton",polyester,65,0,blend,-,Made in Italy; title says Sea Island Cotton but composition is polyester-led; sample read 2026-10-10
Dunhill,DU25FM930N3408,Wool Cotton Denim 5 Pocket Trousers,https://www.dunhill.com/en-us/product/casual-trousers-and-chinos/wool-cotton-denim-5-pocket-trousers-DU25FM930N3408.html,denim,Trousers & Chinos,-,"57% Wool, 39% Cotton, 3% Cashmere, 1% Elastane",wool,57,1,blend,-,Made in Italy; sample read 2026-10-10
Dunhill,DU26RM955BB416,Cotton Twill 5 Pocket Trousers,https://www.dunhill.com/en-us/product/casual-trousers-and-chinos/cotton-twill-5-pocket-trousers-DU26RM955BB416.html,trousers,Trousers & Chinos,-,"Main material: 98% Cotton, 2% Elastane; Pocket lining: 100% Cotton",cotton,98,2,blend,-,Made in Italy; sample read 2026-10-10
Dunhill,DU25RM939R6410,Cotton Gabardine Tailored Chinos,https://www.dunhill.com/en-us/product/casual-trousers-and-chinos/cotton-gabardine-tailored-chinos-DU25RM939R6410.html,trousers,Trousers & Chinos,-,100% Cotton,cotton,100,0,natural,cotton,Made in Italy; sample read 2026-10-10
Dunhill,DU25RM934T5410,Athluxury Wool Joggers,https://www.dunhill.com/en-us/product/casual-trousers-and-chinos/athluxury-wool-joggers-DU25RM934T5410.html,sweats,Trousers & Chinos,Athluxury,"99% Wool, 1% Elastane",wool,99,1,blend,-,Made in Portugal; sample read 2026-10-10
Dunhill,DU21RDBFB52410,Belgravia Wool Super 150 Trousers,https://www.dunhill.com/en-us/product/formal-trousers/belgravia-wool-super-150-trousers-DU21RDBFB52410.html,trousers,Formal Trousers,Belgravia,100% Wool,wool,100,0,natural,wool,Made in Italy; sample read 2026-10-10
Dunhill,DU24FDT17KY403,Wool Cashmere Double Pleated Evening Trousers,https://www.dunhill.com/en-us/product/formal-trousers/wool-cashmere-double-pleated-evening-trousers-DU24FDT17KY403.html,trousers,Formal Trousers,-,"99% Wool, 1% Cashmere",wool,99,0,natural,-,Made in Italy; half-lined cupro; sample read 2026-10-10
Dunhill,DU26RK3917H123,14GG Sea Island Cotton Seed Stitch Crew Neck Jumper,https://www.dunhill.com/en-us/product/knitwear/14gg-sea-island-cotton-seed-stitch-crew-neck-jumper-DU26RK3917H123.html,knitwear,Knitwear,-,100% Sea Island Cotton,cotton,100,0,natural,cotton,Made in Italy; sample read 2026-10-10
Dunhill,DU26FK4547C010,Cashmere Nailhead Jacquard Crew Neck,https://www.dunhill.com/en-us/product/knitwear/cashmere-nailhead-jacquard-crew-neck-DU26FK4547C010.html,knitwear,Knitwear,-,100% Cashmere,cashmere,100,0,natural,cashmere,Made in Italy; Scottish cashmere; sample read 2026-10-10
Dunhill,DU24FK4001H035,Superfine Cashmere Crew Neck Jumper,https://www.dunhill.com/en-us/product/knitwear/superfine-cashmere-crew-neck-jumper-DU24FK4001H035.html,knitwear,Knitwear,-,100% Cashmere 18-gauge,cashmere,100,0,natural,cashmere,Made in Italy; sample read 2026-10-10
Dunhill,DU24FK1503C416,Cotton Cashmere Shawl Collar Cardigan,https://www.dunhill.com/en-us/product/knitwear/cotton-cashmere-shawl-collar-cardigan-DU24FK1503C416.html,knitwear,Knitwear,-,"54% Cotton, 47% Cashmere",cotton,54,0,natural,-,Made in Italy from Scottish yarn; stated parts sum to 101; sample read 2026-10-10
Dunhill,DU25RK2446D416,Athluxury Cotton Cashmere Track Jacket,https://www.dunhill.com/en-us/product/sweats/athluxury-cotton-cashmere-track-jacket-DU25RK2446D416.html,sweats,Athluxury,Athluxury,"53% Cotton, 47% Cashmere",cotton,53,0,natural,-,Made in Italy from Scottish cashmere blend yarn; sample read 2026-10-10
Dunhill,DU21RBBNA52410,Belgravia Wool Super 150 Jacket,https://www.dunhill.com/en-us/product/jackets/belgravia-wool-super-150-jacket-DU21RBBNA52410.html,tailoring,Blazers,Belgravia,100% Wool,wool,100,0,natural,wool,Made in Italy; lining not stated; canvassed; sample read 2026-10-10
Dunhill,DU26FB13JJH037,Wool 150s Cashmere Glen Check Bourdon Double Breasted Jacket,https://www.dunhill.com/en-us/product/jackets/wool-150s-cashmere-glen-check-bourdon-double-breasted-jacket-DU26FB13JJH037.html,tailoring,Blazers,Bourdon,100% Cashmere Wool,cashmere,ND,0,natural,-,"Made in Italy; composition as written conflicts with description (Super 150s wool + cashmere blend), so lead fibre and % uncertain; natural either way; sample read 2026-10-10"
Dunhill,DU26RB79JNM270,Linen Lightweight Cavendish Double Breasted Jacket,https://www.dunhill.com/en-us/product/jackets/linen-lightweight-cavendish-double-breasted-jacket-DU26RB79JNM270.html,tailoring,Blazers,Cavendish,Main material: 100% Linen; Lining: 100% Cupro,linen,100,0,natural,linen,Made in Italy; sample read 2026-10-10
Dunhill,DU23FH022AP406,Lightweight Harrington,https://www.dunhill.com/en-us/product/outerwear/lightweight-harrington-DU23FH022AP406.html,outerwear,Coats & Jackets,-,"Main material: 100% polyester; main lining: 50% cotton, 50% cupro",polyester,100,0,synthetic,polyester,"Made in Italy; description says ""technical cotton blend"", composition says polyester; sample read 2026-10-10"
Dunhill,DU23FH024S1412,Lightweight Silk Harrington Jacket,https://www.dunhill.com/en-us/product/outerwear/lightweight-silk-harrington-jacket-DU23FH024S1412.html,outerwear,Coats & Jackets,-,"Main material: 100% mulberry silk; Main lining: 50% cotton, 50% cupro",silk,100,0,natural,silk,Made in Portugal; sample read 2026-10-10
Dunhill,DU25FH060Z1416,Silk Stretch Down Jacket,https://www.dunhill.com/en-us/product/outerwear/silk-stretch-down-jacket-DU25FH060Z1416.html,outerwear,Coats & Jackets,-,96% Mulberry Silk ; 4% Elastane,silk,96,4,blend,-,Made in Italy; down filled; sample read 2026-10-10
Dunhill,DU26RH013V4355,Technical Field Jacket,https://www.dunhill.com/en-us/product/outerwear/technical-field-jacket-DU26RH013V4355.html,outerwear,Coats & Jackets,-,Main material: 100% Polyamide; Lining: 100% Cotton,polyamide,100,0,synthetic,polyamide,Made in Italy; sample read 2026-10-10
Dunhill,DU26FH006W6401,Technical Cotton Field Jacket,https://www.dunhill.com/en-us/product/outerwear/technical-cotton-field-jacket-DU26FH006W6401.html,outerwear,Coats & Jackets,-,"75% Cotton, 25% Polyamide",cotton,75,0,blend,-,Made in Italy; sample read 2026-10-10
Dunhill,DU25FH047CY416,Wool Peacoat,https://www.dunhill.com/en-us/product/outerwear/wool-peacoat-DU25FH047CY416.html,outerwear,Coats & Jackets,-,100% Wool,wool,100,0,natural,wool,Made in Italy; sample read 2026-10-10
Dunhill,DU25FEC65JE416,Cashmere Single Breasted Top Coat,https://www.dunhill.com/en-us/product/top-coats/cashmere-single-breasted-top-coat-DU25FEC65JE416.html,outerwear,Coats & Jackets,-,100% Cashmere,cashmere,100,0,natural,cashmere,Made in Italy; sample read 2026-10-10
Dunhill,DU25FH026B7100,Technical Cashmere Jacket,https://www.dunhill.com/en-us/product/outerwear/technical-cashmere-jacket-DU25FH026B7100.html,outerwear,Coats & Jackets,-,"82% Cashmere, 18% Polyester",cashmere,82,0,blend,-,Made in Italy; sample read 2026-10-10
Dunhill,DU26FH209E9401,Reversible Linen Flannel Gilet,https://www.dunhill.com/en-us/product/outerwear/reversible-linen-flannel-gilet-DU26FH209E9401.html,outerwear,Coats & Jackets,-,Side 1: 100% Linen; Side 2: 100% Polyester,linen,100,0,natural,linen,"Made in Italy; reversible, first-listed side read as main; sample read 2026-10-10"
Dunhill,DU26FJ0713D037,Leather Double-Breasted Trench Coat,https://www.dunhill.com/en-us/product/leather-jackets/leather-double-breasted-trench-coat-DU26FJ0713D037.html,outerwear,Leather Outerwear,-,100% Lambskin,leather,100,0,natural,leather,"Made in Italy; ""Retail Exclusive""; sample read 2026-10-10"
Dunhill,DU26RJ0102D256,Suede Driving Jacket,https://www.dunhill.com/en-us/product/leather-jackets/suede-driving-jacket-DU26RJ0102D256.html,outerwear,Leather Outerwear,-,Main material: 100% Calf leather; Lining: 100% Cotton,leather,100,0,natural,leather,Made in Italy; page also says unlined; sample read 2026-10-10
Dunhill,DU26RMSS2LC410,Medallion Printed Swim Shorts,https://www.dunhill.com/en-us/product/shorts/medallion-printed-swim-shorts-DU26RMSS2LC410.html,underwear-swim,Shorts,-,100% Polyester,polyester,100,0,synthetic,polyester,Made in Portugal; sample read 2026-10-10
Gant,2009906,Gant x Yale T-Shirt,https://gant.com/p/gant-x-yale-t-shirt-grey-melange/2009906-93,tees-polos,T-Shirts,Gant x Yale,100% Cotton,cotton,100,0,natural,cotton,"listing tile $115 read T-Shirts grid 2026-10-10; composition read in browser from PDP ""Product details & materials"" (rendered DOM), 2026-10-10; no made-in/Manufacturing country stated"
Gant,2009907,Gant x Yale T-Shirt,https://gant.com/p/gant-x-yale-t-shirt-eggshell/2009907-113,tees-polos,T-Shirts,Gant x Yale,NC,NC,NC,NC,NC,NC,"listing tile $90 read T-Shirts grid 2026-10-10; composition not reached (PDP ""Product details & materials"" accordion not in fetched HTML)"
Gant,2003468,Henley Shirt,https://gant.com/p/henley-shirt-black/2003468-5,tees-polos,T-Shirts,-,"Shell - 70% Lyocell, 30% Wool, Neck Rib - 100% Cotton",lyocell,70,0,blend,-,"listing tile $150 read T-Shirts grid 2026-10-10; composition read in browser from PDP ""Product details & materials"" (rendered DOM), 2026-10-10; no made-in/Manufacturing country stated"
Gant,2003466,Graphic T-Shirt,https://gant.com/p/graphic-t-shirt-evening-blue/2003466-433,tees-polos,T-Shirts,-,NC,NC,NC,NC,NC,NC,"listing tile $90 read T-Shirts grid 2026-10-10; composition not reached (PDP ""Product details & materials"" accordion not in fetched HTML)"
Gant,2003472,Wool Blend T-Shirt,https://gant.com/p/wool-blend-t-shirt-black/2003472-5,tees-polos,T-Shirts,-,"Shell - 70% Lyocell, 30% Wool, Neck Rib - 100% Cotton",lyocell,70,0,blend,-,"PDP read: description ""Crafted in a soft wool-blend""; composition read in browser from PDP ""Product details & materials"" (rendered DOM), 2026-10-10; no made-in/Manufacturing country stated"
Gant,2003184,Regular Shield T-Shirt,https://gant.com/p/regular-shield-t-shirt-mild-yellow/2003184-753,tees-polos,T-Shirts,-,100% Cotton,cotton,100,0,natural,cotton,"PDP read: description ""crafted from cotton with a fine rib at the neckline""; composition read in browser from PDP ""Product details & materials"" (rendered DOM), 2026-10-10; no made-in/Manufacturing country stated"
Gant,2004049,Shield Long Sleeve T-Shirt,https://gant.com/p/shield-long-sleeve-t-shirt-grey-melange/2004049-93,tees-polos,T-Shirts,-,NC,NC,NC,NC,NC,NC,"listing tile $80 read T-Shirts grid 2026-10-10; composition not reached (PDP ""Product details & materials"" accordion not in fetched HTML)"
Gant,2003436,Pima Cotton T-Shirt,https://gant.com/p/pima-cotton-t-shirt-shadow-brown/2003436-262,tees-polos,T-Shirts,-,100% Cotton,cotton,100,0,natural,cotton,"listing tile $105 read T-Shirts grid 2026-10-10; composition read in browser from PDP ""Product details & materials"" (rendered DOM), 2026-10-10; no made-in/Manufacturing country stated"
Gant,2003447,Graphic T-Shirt,https://gant.com/p/graphic-t-shirt-evening-blue/2003447-433,tees-polos,T-Shirts,-,NC,NC,NC,NC,NC,NC,"listing tile $70 read T-Shirts grid 2026-10-10; composition not reached (PDP ""Product details & materials"" accordion not in fetched HTML)"
Gant,2003446,Indigo T-Shirt,https://gant.com/p/indigo-t-shirt-indigo/2003446-969,tees-polos,T-Shirts,-,"Shell - 100% Cotton, Neck Rib - 100% Cotton",cotton,100,0,natural,cotton,"listing tile $100 read T-Shirts grid 2026-10-10; composition read in browser from PDP ""Product details & materials"" (rendered DOM), 2026-10-10; no made-in/Manufacturing country stated"
Gant,2003449,Seasonal Graphic T-Shirt,https://gant.com/p/seasonal-graphic-t-shirt-cream/2003449-130,tees-polos,T-Shirts,-,NC,NC,NC,NC,NC,NC,"listing tile $80 read T-Shirts grid 2026-10-10; composition not reached (PDP ""Product details & materials"" accordion not in fetched HTML)"
Gant,2003452,Heather T-Shirt,https://gant.com/p/heather-t-shirt-grey-melange/2003452-93,tees-polos,T-Shirts,-,"Shell - 100% Cotton, Neck Rib - 100% Cotton",cotton,100,0,natural,cotton,"listing tile $115 read T-Shirts grid 2026-10-10; composition read in browser from PDP ""Product details & materials"" (rendered DOM), 2026-10-10; no made-in/Manufacturing country stated"
Gant,2003453,Textured T-Shirt,https://gant.com/p/textured-t-shirt-evening-blue/2003453-433,tees-polos,T-Shirts,-,NC,NC,NC,NC,NC,NC,"listing tile $95 read T-Shirts grid 2026-10-10; composition not reached (PDP ""Product details & materials"" accordion not in fetched HTML)"
Gant,2003199,Archive Shield T-Shirt,https://gant.com/p/archive-shield-t-shirt-white/2003199-110,tees-polos,T-Shirts,-,100% Cotton,cotton,100,0,natural,cotton,"listing tile $75 read T-Shirts grid 2026-10-10; composition read in browser from PDP ""Product details & materials"" (rendered DOM), 2026-10-10; no made-in/Manufacturing country stated"
Gant,2003457,Textured Striped Sweatshirt,https://gant.com/p/textured-striped-sweatshirt-grey-melange/2003457-93,sweats,T-Shirts,-,100% Cotton,cotton,100,0,natural,cotton,"listing tile $135 read T-Shirts grid 2026-10-10; composition read in browser from PDP ""Product details & materials"" (rendered DOM), 2026-10-10; no made-in/Manufacturing country stated"
Gant,2067004,Embroidered Archive Shield T-Shirt,https://gant.com/p/embroidered-archive-shield-t-shirt-evening-blue/2067004-433,tees-polos,T-Shirts,-,NC,NC,NC,NC,NC,NC,"listing tile $70 read T-Shirts grid 2026-10-10; composition not reached (PDP ""Product details & materials"" accordion not in fetched HTML)"
Gant,2003185,Slim Shield T-Shirt,https://gant.com/p/slim-shield-t-shirt-evening-blue/2003185-433,tees-polos,T-Shirts,-,100% Regenerative Cotton,cotton,100,0,natural,cotton,"listing tile $70 read T-Shirts grid 2026-10-10; composition read in browser from PDP ""Product details & materials"" (rendered DOM), 2026-10-10; no made-in/Manufacturing country stated"
Gant,2003186,Shield V-Neck T-Shirt,https://gant.com/p/shield-v-neck-t-shirt-evening-blue/2003186-433,tees-polos,T-Shirts,-,NC,NC,NC,NC,NC,NC,"listing tile $70 read T-Shirts grid 2026-10-10; composition not reached (PDP ""Product details & materials"" accordion not in fetched HTML)"
Gant,2014148,Striped Waffle Texture Polo Shirt,https://gant.com/p/striped-waffle-texture-polo-shirt-black-brown/2014148-217,tees-polos,Polo shirts,-,NC,NC,NC,NC,NC,NC,"listing tile $190 read Polo shirts grid 2026-10-10; composition not reached (PDP ""Product details & materials"" accordion not in fetched HTML)"
Gant,2210,Classic Regular Polo Shirt,https://gant.com/p/classic-regular-polo-shirt-burnt-yellow/2210-777,tees-polos,Polo shirts,-,100% Regenerative Cotton,cotton,100,0,natural,cotton,"listing tile $120 read Polo shirts grid 2026-10-10; composition read in browser from PDP ""Product details & materials"" (rendered DOM), 2026-10-10; no made-in/Manufacturing country stated"
Gant,2230,Shield Piqué Rugger,https://gant.com/p/shield-pique-rugger-tartan-green/2230-374,tees-polos,Polo shirts,-,NC,NC,NC,NC,NC,NC,"listing tile $145 read Polo shirts grid 2026-10-10; composition not reached (PDP ""Product details & materials"" accordion not in fetched HTML)"
Gant,2062026,Contrast Piqué Polo Shirt,https://gant.com/p/contrast-pique-polo-shirt-crisp-blue/2062026-435,tees-polos,Polo shirts,-,"96% Cotton, 4% Elastane",cotton,96,4,blend,-,"PDP read: description ""Crafted from cotton with a hint of stretch""; composition read in browser from PDP ""Product details & materials"" (rendered DOM), 2026-10-10; no made-in/Manufacturing country stated"
Gant,2014127,Waffle Texture Polo Shirt,https://gant.com/p/waffle-texture-polo-shirt-cream/2014127-130,tees-polos,Polo shirts,-,NC,NC,NC,NC,NC,NC,"listing tile $160 read Polo shirts grid 2026-10-10; composition not reached (PDP ""Product details & materials"" accordion not in fetched HTML)"
Gant,8050320,Barstriped Lambswool Rugger,https://gant.com/p/barstriped-lambswool-rugger-grey-melange/8050320-93,knitwear,Polo shirts,-,100% Lambswool,wool,100,0,natural,wool,"listing tile $230 read Polo shirts grid 2026-10-10; composition read in browser from PDP ""Product details & materials"" (rendered DOM), 2026-10-10; no made-in/Manufacturing country stated"
Gant,8050319,Striped Cotton Merino Rugger,https://gant.com/p/striped-cotton-merino-rugger-cream/8050319-130,knitwear,Polo shirts,-,NC,NC,NC,NC,NC,NC,"listing tile $265 read Polo shirts grid 2026-10-10; composition not reached (PDP ""Product details & materials"" accordion not in fetched HTML)"
Gant,3250351,Corduroy Shirt,https://gant.com/p/corduroy-shirt-tartan-green/3250351-374,shirts,Shirts,-,100% Regenerative Cotton,cotton,100,0,natural,cotton,"listing tile $165 read Shirts grid 2026-10-10; composition read in browser from PDP ""Product details & materials"" (rendered DOM), 2026-10-10; no made-in/Manufacturing country stated"
Gant,3263011,Dobby Striped Shirt,https://gant.com/p/dobby-striped-shirt-wild-green/3263011-344,shirts,Shirts,-,NC,NC,NC,NC,NC,NC,"listing tile $225 read Shirts grid 2026-10-10; composition not reached (PDP ""Product details & materials"" accordion not in fetched HTML)"
Gant,3263100,60s Oxford Replica Shirt (Member Exclusive),https://gant.com/p/60s-oxford-replica-shirt-vintage-blue/3263100-442,shirts,Shirts,Replica Collection (Member Exclusive),100% Cotton,cotton,100,0,natural,cotton,"listing tile $205 read Shirts grid 2026-10-10; composition read in browser from PDP ""Product details & materials"" (rendered DOM), 2026-10-10; no made-in/Manufacturing country stated"
Gant,3263008,Corduroy Shirt,https://gant.com/p/corduroy-shirt-blue-horizon/3263008-476,shirts,Shirts,-,NC,NC,NC,NC,NC,NC,"listing tile $205 read Shirts grid 2026-10-10; composition not reached (PDP ""Product details & materials"" accordion not in fetched HTML)"
Gant,3263019,Striped Brushed Oxford Shirt,https://gant.com/p/striped-brushed-oxford-shirt-dark-emerald/3263019-321,shirts,Shirts,-,100% Cotton,cotton,100,0,natural,cotton,"listing tile $175 read Shirts grid 2026-10-10; composition read in browser from PDP ""Product details & materials"" (rendered DOM), 2026-10-10; no made-in/Manufacturing country stated"
Gant,3263102,80s Flannel Replica Shirt (Member Exclusive),https://gant.com/p/80s-flannel-replica-shirt-oat-beige/3263102-200,shirts,Shirts,Replica Collection (Member Exclusive),NC,NC,NC,NC,NC,NC,"listing tile $205 read Shirts grid 2026-10-10; composition not reached (PDP ""Product details & materials"" accordion not in fetched HTML)"
Gant,3263001,Checked Poplin Shirt,https://gant.com/p/checked-poplin-shirt-mist-taupe/3263001-251,shirts,Shirts,-,NC,NC,NC,NC,NC,NC,"listing tile $145 read Shirts grid 2026-10-10; composition not reached (PDP ""Product details & materials"" accordion not in fetched HTML)"
Gant,3263033,Indigo Waffle Shirt,https://gant.com/p/indigo-waffle-shirt-semi-light-blue/3263033-980,shirts,Shirts,-,100% Cotton,cotton,100,0,natural,cotton,"listing tile $205 read Shirts grid 2026-10-10; composition read in browser from PDP ""Product details & materials"" (rendered DOM), 2026-10-10; no made-in/Manufacturing country stated"
Gant,3000150,Gingham Classic Poplin Shirt,https://gant.com/p/gingham-classic-poplin-shirt-deep-grape-wine/3000150-676,shirts,Shirts,-,NC,NC,NC,NC,NC,NC,"PDP read: description ""Crafted in a durable cotton poplin""; no %; listing tile $135 read Shirts grid 2026-10-10; composition not reached (PDP ""Product details & materials"" accordion not in fetched HTML)"
Gant,3263101,80s Twill Replica Shirt (Member Exclusive),https://gant.com/p/80s-twill-replica-shirt-caramel-brown/3263101-273,shirts,Shirts,Replica Collection (Member Exclusive),100% Cotton,cotton,100,0,natural,cotton,"listing tile $205 read Shirts grid 2026-10-10; composition read in browser from PDP ""Product details & materials"" (rendered DOM), 2026-10-10; no made-in/Manufacturing country stated"
Gant,3263009,Indigo Herringbone Shirt,https://gant.com/p/indigo-herringbone-shirt-mid-blue/3263009-970,shirts,Shirts,-,NC,NC,NC,NC,NC,NC,"listing tile $190 read Shirts grid 2026-10-10; composition not reached (PDP ""Product details & materials"" accordion not in fetched HTML)"
Gant,3262100,Gant x Yale Checked Poplin Shirt,https://gant.com/p/gant-x-yale-checked-poplin-shirt-crisp-blue/3262100-435,shirts,Shirts,Gant x Yale,100% Organic Cotton,cotton,100,0,natural,cotton,"listing tile $160 read Shirts grid 2026-10-10; composition read in browser from PDP ""Product details & materials"" (rendered DOM), 2026-10-10; no made-in/Manufacturing country stated"
Gant,3262101,Gant x Yale Checked Oxford Shirt,https://gant.com/p/gant-x-yale-checked-oxford-shirt-cream/3262101-130,shirts,Shirts,Gant x Yale,NC,NC,NC,NC,NC,NC,"listing tile $180 read Shirts grid 2026-10-10; composition not reached (PDP ""Product details & materials"" accordion not in fetched HTML)"
Gant,3262102,Gant x Yale Striped Oxford Shirt,https://gant.com/p/gant-x-yale-striped-oxford-shirt-light-blue/3262102-455,shirts,Shirts,Gant x Yale,100% Organic Cotton,cotton,100,0,natural,cotton,"listing tile $180 read Shirts grid 2026-10-10; composition read in browser from PDP ""Product details & materials"" (rendered DOM), 2026-10-10; no made-in/Manufacturing country stated"
Gant,3263051,Corduroy Overshirt,https://gant.com/p/corduroy-overshirt-evening-blue/3263051-433,shirts,Shirts,-,NC,NC,NC,NC,NC,NC,"listing tile $265 read Shirts grid 2026-10-10; composition not reached (PDP ""Product details & materials"" accordion not in fetched HTML)"
Gant,3263042,Pinstriped Dobby Shirt,https://gant.com/p/pinstriped-dobby-shirt-eggshell/3263042-113,shirts,Shirts,-,NC,NC,NC,NC,NC,NC,"listing tile $185 read Shirts grid 2026-10-10; composition not reached (PDP ""Product details & materials"" accordion not in fetched HTML)"
Gant,3263048,Pinnacle Wool Shirt,https://gant.com/p/pinnacle-wool-shirt-clear-sky/3263048-427,shirts,Shirts,Pinnacle,100% Wool,wool,100,0,natural,wool,"listing tile $315 read Shirts grid 2026-10-10; composition read in browser from PDP ""Product details & materials"" (rendered DOM), 2026-10-10; no made-in/Manufacturing country stated"
Gant,3263043,Fil-à-fil Striped Shirt,https://gant.com/p/fil-a-fil-striped-shirt-persian-blue/3263043-423,shirts,Shirts,-,NC,NC,NC,NC,NC,NC,"listing tile $265 read Shirts grid 2026-10-10; composition not reached (PDP ""Product details & materials"" accordion not in fetched HTML)"
Gant,3263013,Checked Rodeo Shirt,https://gant.com/p/checked-rodeo-shirt-caramel-brown/3263013-273,shirts,Shirts,-,100% Cotton,cotton,100,0,natural,cotton,"listing tile $245 read Shirts grid 2026-10-10; composition read in browser from PDP ""Product details & materials"" (rendered DOM), 2026-10-10; no made-in/Manufacturing country stated"
Gant,3263031,Corduroy Rodeo Shirt,https://gant.com/p/corduroy-rodeo-shirt-indigo/3263031-969,shirts,Shirts,-,NC,NC,NC,NC,NC,NC,"listing tile $220 read Shirts grid 2026-10-10; composition not reached (PDP ""Product details & materials"" accordion not in fetched HTML)"
Gant,3262024,Cotton Cashmere Shirt,https://gant.com/p/cotton-cashmere-shirt-brown-melange/3262024-281,shirts,Shirts,-,"85% Cotton, 15% Cashmere",cotton,85,0,natural,-,"PDP read: description ""premium cotton cashmere blend""; composition read in browser from PDP ""Product details & materials"" (rendered DOM), 2026-10-10; no made-in/Manufacturing country stated"
Gant,3263010,Denim Selvedge Shirt,https://gant.com/p/denim-selvedge-shirt-dark-indigo/3263010-989,shirts,Shirts,-,NC,NC,NC,NC,NC,NC,"listing tile $250 read Shirts grid 2026-10-10; composition not reached (PDP ""Product details & materials"" accordion not in fetched HTML)"
Gant,3263017,Striped Flannel Mélange Shirt,https://gant.com/p/striped-flannel-melange-shirt-light-brown-melange/3263017-283,shirts,Shirts,-,100% Organic Cotton,cotton,100,0,natural,cotton,"listing tile $190 read Shirts grid 2026-10-10; composition read in browser from PDP ""Product details & materials"" (rendered DOM), 2026-10-10; no made-in/Manufacturing country stated"
Gant,3263016,Flannel Mélange Shirt,https://gant.com/p/flannel-melange-shirt-dark-navy-melange/3263016-480,shirts,Shirts,-,NC,NC,NC,NC,NC,NC,"listing tile $190 read Shirts grid 2026-10-10; composition not reached (PDP ""Product details & materials"" accordion not in fetched HTML)"
Gant,3263018,Brushed Oxford Shirt,https://gant.com/p/brushed-oxford-shirt-dark-emerald/3263018-321,shirts,Shirts,-,100% Cotton,cotton,100,0,natural,cotton,"listing tile $175 read Shirts grid 2026-10-10; composition read in browser from PDP ""Product details & materials"" (rendered DOM), 2026-10-10; no made-in/Manufacturing country stated"
Gant,3263057,Tailored Tuxedo Shirt,https://gant.com/p/tailored-tuxedo-shirt-white/3263057-110,shirts,Shirts,-,NC,NC,NC,NC,NC,NC,"listing tile $295 read Shirts grid 2026-10-10; composition not reached (PDP ""Product details & materials"" accordion not in fetched HTML)"
Gant,3263049,Pinnacle Poplin Shirt,https://gant.com/p/pinnacle-poplin-shirt-white/3263049-110,shirts,Shirts,Pinnacle,NC,NC,NC,NC,NC,NC,"PDP read: description ""luxurious cotton fabrication""; no %; listing tile $295 read Shirts grid 2026-10-10; composition not reached (PDP ""Product details & materials"" accordion not in fetched HTML)"
Gant,3263055,Suede Overshirt,https://gant.com/p/suede-overshirt-cognac/3263055-252,outerwear,Shirts,-,100% Goat Suede,leather,100,0,natural,leather,"listing tile $1130 read Shirts grid 2026-10-10; composition read in browser from PDP ""Product details & materials"" (rendered DOM), 2026-10-10; no made-in/Manufacturing country stated"
Gant,3263054,Herringbone Overshirt,https://gant.com/p/herringbone-overshirt-black-brown/3263054-217,shirts,Shirts,-,"50% Viscose, 30% Wool, 8% Polyester, 8% Polyamide, 4% Other Fibers",viscose,50,0,blend,-,"listing tile $375 read Shirts grid 2026-10-10; composition read in browser from PDP ""Product details & materials"" (rendered DOM), 2026-10-10; no made-in/Manufacturing country stated"
Gant,3263002,Checked Poplin Shirt,https://gant.com/p/checked-poplin-shirt-mist-taupe/3263002-251,shirts,Shirts,-,NC,NC,NC,NC,NC,NC,"listing tile $145 read Shirts grid 2026-10-10; composition not reached (PDP ""Product details & materials"" accordion not in fetched HTML)"
Gant,3263035,Checked Windblown Flannel Shirt,https://gant.com/p/checked-windblown-flannel-shirt-caramel-brown/3263035-273,shirts,Shirts,-,100% Cotton,cotton,100,0,natural,cotton,"listing tile $180 read Shirts grid 2026-10-10; composition read in browser from PDP ""Product details & materials"" (rendered DOM), 2026-10-10; no made-in/Manufacturing country stated"
Gant,3000200,Classic Regular Oxford Shirt,https://gant.com/p/classic-regular-oxford-shirt-mild-yellow/3000200-753,shirts,Shirts,-,NC,NC,NC,NC,NC,NC,"PDP read: description ""Crafted from durable cotton""; no %; listing tile $150 read Shirts grid 2026-10-10; composition not reached (PDP ""Product details & materials"" accordion not in fetched HTML)"
Gant,8030315,Gant x Yale Brushed Wool Cardigan,https://gant.com/p/gant-x-yale-brushed-wool-cardigan-hazelnut-melange/8030315-292,knitwear,Knitwear,Gant x Yale,100% Wool,wool,100,0,natural,wool,"listing tile $380 read Knitwear grid 2026-10-10; composition read in browser from PDP ""Product details & materials"" (rendered DOM), 2026-10-10; no made-in/Manufacturing country stated"
Gant,8040273,Gant x Yale Merino Wool Sweater,https://gant.com/p/gant-x-yale-merino-wool-sweater-cream/8040273-130,knitwear,Knitwear,Gant x Yale,NC,NC,NC,NC,NC,NC,"listing tile $305 read Knitwear grid 2026-10-10; composition not reached (PDP ""Product details & materials"" accordion not in fetched HTML)"
Gant,8040290,Gant x Yale Merino Wool Sweater,https://gant.com/p/gant-x-yale-merino-wool-sweater-marine/8040290-410,knitwear,Knitwear,Gant x Yale,100% Merino Wool,wool,100,0,natural,wool,"listing tile $255 read Knitwear grid 2026-10-10; composition read in browser from PDP ""Product details & materials"" (rendered DOM), 2026-10-10; no made-in/Manufacturing country stated"
Gant,8040265,Wool Mouliné Blend Turtleneck Sweater,https://gant.com/p/wool-mouline-blend-turtleneck-sweater-faded-taupe/8040265-260,knitwear,Knitwear,-,NC,NC,NC,NC,NC,NC,"listing tile $250 read Knitwear grid 2026-10-10; composition not reached (PDP ""Product details & materials"" accordion not in fetched HTML)"
Gant,8050329,Wool Silk Blend Polo Sweater,https://gant.com/p/wool-silk-blend-polo-sweater-dark-brown-melange/8050329-280,knitwear,Knitwear,-,"72% Lambswool, 20% Nylon, 7% Silk, 1% Elastane",wool,72,1,blend,-,"listing tile $305 read Knitwear grid 2026-10-10; composition read in browser from PDP ""Product details & materials"" (rendered DOM), 2026-10-10; no made-in/Manufacturing country stated"
Gant,8040271,Textured Cotton Wool Turtleneck Sweater,https://gant.com/p/textured-cotton-wool-turtleneck-sweater-pansy-purple/8040271-544,knitwear,Knitwear,-,NC,NC,NC,NC,NC,NC,"listing tile $275 read Knitwear grid 2026-10-10; composition not reached (PDP ""Product details & materials"" accordion not in fetched HTML)"
Gant,8050331,Ribbed Wool Blend Cardigan,https://gant.com/p/ribbed-wool-blend-cardigan-light-beige-melange/8050331-291,knitwear,Knitwear,-,NC,NC,NC,NC,NC,NC,"listing tile $305 read Knitwear grid 2026-10-10; composition not reached (PDP ""Product details & materials"" accordion not in fetched HTML)"
Gant,8060115,Alpaca Wool Blend Jacquard Zip Cardigan,https://gant.com/p/alpaca-wool-blend-jacquard-zip-cardigan-blue-horizon/8060115-476,knitwear,Knitwear,-,"60% Alpaca Wool, 40% Polyamide (Recycled Fibers)",alpaca,60,0,blend,-,"listing tile $580 read Knitwear grid 2026-10-10; composition read in browser from PDP ""Product details & materials"" (rendered DOM), 2026-10-10; no made-in/Manufacturing country stated"
Gant,8040259,Textured Cotton Wool Mock Neck Sweater,https://gant.com/p/textured-cotton-wool-mock-neck-sweater-cream/8040259-130,knitwear,Knitwear,-,NC,NC,NC,NC,NC,NC,"listing tile $250 read Knitwear grid 2026-10-10; composition not reached (PDP ""Product details & materials"" accordion not in fetched HTML)"
Gant,8040263,Wool Blend Nepps Polo Sweater,https://gant.com/p/wool-blend-nepps-polo-sweater-blue-horizon/8040263-476,knitwear,Knitwear,-,"31% Recycled Wool, 29% Lambswool, 20% Viscose, 20% Recycled Polyamide",wool,60,0,blend,-,"listing tile $215 read Knitwear grid 2026-10-10; composition read in browser from PDP ""Product details & materials"" (rendered DOM), 2026-10-10; no made-in/Manufacturing country stated"
Gant,8050336,Striped Cashmere V-Neck Sweater,https://gant.com/p/striped-cashmere-v-neck-sweater-black-brown/8050336-217,knitwear,Knitwear,-,NC,NC,NC,NC,NC,NC,"listing tile $510 read Knitwear grid 2026-10-10; composition not reached (PDP ""Product details & materials"" accordion not in fetched HTML)"
Gant,8050327,Fair Isle Crew Neck Sweater,https://gant.com/p/fair-isle-crew-neck-sweater-evening-blue/8050327-433,knitwear,Knitwear,-,"80% Lambswool, 20% Polyamide",wool,80,0,blend,-,"listing tile $240 read Knitwear grid 2026-10-10; composition read in browser from PDP ""Product details & materials"" (rendered DOM), 2026-10-10; no made-in/Manufacturing country stated"
Gant,8080008,Wool Blend Turtleneck Sweater,https://gant.com/p/wool-blend-turtleneck-sweater-cream/8080008-130,knitwear,Knitwear,-,NC,NC,NC,NC,NC,NC,"listing tile $320 read Knitwear grid 2026-10-10; composition not reached (PDP ""Product details & materials"" accordion not in fetched HTML)"
Gant,8060116,Striped Alpaca Wool Blend Polo Sweater,https://gant.com/p/striped-alpaca-wool-blend-polo-sweater-dark-grey-melange/8060116-92,knitwear,Knitwear,-,"43% Lambswool, 34% Polyamide (Recycled Fibers), 23% Alpaca Wool",wool,43,0,blend,-,"listing tile $325 read Knitwear grid 2026-10-10; composition read in browser from PDP ""Product details & materials"" (rendered DOM), 2026-10-10; no made-in/Manufacturing country stated"
Gant,8040266,Brushed Wool Crew Neck Sweater,https://gant.com/p/brushed-wool-crew-neck-sweater-stone-blue-melange/8040266-489,knitwear,Knitwear,-,NC,NC,NC,NC,NC,NC,"listing tile $335 read Knitwear grid 2026-10-10; composition not reached (PDP ""Product details & materials"" accordion not in fetched HTML)"
Gant,8040269,Ribbed Wool Zip Cardigan,https://gant.com/p/ribbed-wool-zip-cardigan-blue-horizon/8040269-476,knitwear,Knitwear,-,100% Merino Wool,wool,100,0,natural,wool,"listing tile $350 read Knitwear grid 2026-10-10; composition read in browser from PDP ""Product details & materials"" (rendered DOM), 2026-10-10; no made-in/Manufacturing country stated"
Gant,8060107,Double Knitted Overshirt,https://gant.com/p/double-knitted-overshirt-dk-sand-melange/8060107-295,knitwear,Knitwear,-,NC,NC,NC,NC,NC,NC,"listing tile $450 read Knitwear grid 2026-10-10; composition not reached (PDP ""Product details & materials"" accordion not in fetched HTML)"
Gant,8080009,Alpaca Wool Blend Vest,https://gant.com/p/alpaca-wool-blend-vest-hazelnut-melange/8080009-292,knitwear,Knitwear,-,"38% Alpaca Wool, 38% Wool, 24% Nylon",alpaca,38,0,blend,-,"listing tile $200 read Knitwear grid 2026-10-10; composition read in browser from PDP ""Product details & materials"" (rendered DOM), 2026-10-10; no made-in/Manufacturing country stated"
Gant,8040268,Alpaca Wool Blend Argyle Polo Cardigan,https://gant.com/p/alpaca-wool-blend-argyle-polo-cardigan-black/8040268-5,knitwear,Knitwear,-,NC,NC,NC,NC,NC,NC,"listing tile $315 read Knitwear grid 2026-10-10; composition not reached (PDP ""Product details & materials"" accordion not in fetched HTML)"
Gant,8040261,Striped Merino Wool Sweater,https://gant.com/p/striped-merino-wool-sweater-pansy-purple/8040261-544,knitwear,Knitwear,-,NC,NC,NC,NC,NC,NC,"listing tile $440 read Knitwear grid 2026-10-10; composition not reached (PDP ""Product details & materials"" accordion not in fetched HTML)"
Gant,8040272,Brushed Wool Jacquard Sweater,https://gant.com/p/brushed-wool-jacquard-sweater-light-beige-melange/8040272-291,knitwear,Knitwear,-,100% Wool,wool,100,0,natural,wool,"listing tile $385 read Knitwear grid 2026-10-10; composition read in browser from PDP ""Product details & materials"" (rendered DOM), 2026-10-10; no made-in/Manufacturing country stated"
Gant,8050338,Alpaca Wool Blend Jacquard Sweater,https://gant.com/p/alpaca-wool-blend-jacquard-sweater-light-beige-melange/8050338-291,knitwear,Knitwear,-,NC,NC,NC,NC,NC,NC,"listing tile $430 read Knitwear grid 2026-10-10; composition not reached (PDP ""Product details & materials"" accordion not in fetched HTML)"
Gant,8080007,Alpaca Wool Blend Crew Neck Sweater,https://gant.com/p/alpaca-wool-blend-crew-neck-sweater-light-beige-melange/8080007-291,knitwear,Knitwear,-,"38% Alpaca Wool, 38% Wool, 24% Nylon",alpaca,38,0,blend,-,"listing tile $230 read Knitwear grid 2026-10-10; composition read in browser from PDP ""Product details & materials"" (rendered DOM), 2026-10-10; no made-in/Manufacturing country stated"
Gant,8050335,Cashmere Half-Zip Sweater,https://gant.com/p/cashmere-half-zip-sweater-evening-blue/8050335-433,knitwear,Knitwear,-,NC,NC,NC,NC,NC,NC,"listing tile $535 read Knitwear grid 2026-10-10; composition not reached (PDP ""Product details & materials"" accordion not in fetched HTML)"
Gant,8060111,Striped Mohair Blend Crew Neck Sweater,https://gant.com/p/striped-mohair-blend-crew-neck-sweater-evening-blue/8060111-433,knitwear,Knitwear,-,"87% Mohair, 8% Polyamide, 5% Lambswool",mohair,87,0,blend,-,"PDP read: ""a rich mohair blend""; composition read in browser from PDP ""Product details & materials"" (rendered DOM), 2026-10-10; no made-in/Manufacturing country stated"
Gant,8050330,Wool Blend Cable Knit Cardigan,https://gant.com/p/wool-blend-cable-knit-cardigan-shadow-brown/8050330-262,knitwear,Knitwear,-,NC,NC,NC,NC,NC,NC,"listing tile $335 read Knitwear grid 2026-10-10; composition not reached (PDP ""Product details & materials"" accordion not in fetched HTML)"
Gant,8040258,Argyle Nepps Crew Neck Sweater,https://gant.com/p/argyle-nepps-crew-neck-sweater-brown-melange/8040258-281,knitwear,Knitwear,-,"31% Recycled Wool, 29% Lambswool, 20% Viscose, 20% Recycled Polyamide",wool,60,0,blend,-,"listing tile $225 read Knitwear grid 2026-10-10; composition read in browser from PDP ""Product details & materials"" (rendered DOM), 2026-10-10; no made-in/Manufacturing country stated"
Gant,8060108,Superfine Lambswool Argyle Polo Sweater,https://gant.com/p/superfine-lambswool-argyle-polo-sweater-light-brown-melange/8060108-283,knitwear,Knitwear,-,NC,NC,NC,NC,NC,NC,"listing tile $230 read Knitwear grid 2026-10-10; composition not reached (PDP ""Product details & materials"" accordion not in fetched HTML)"
Gant,8040270,Multistriped Crew Neck Sweater,https://gant.com/p/multistriped-crew-neck-sweater-multicolor/8040270-105,knitwear,Knitwear,-,"77% Lambswool, 20% Recycled Polyamide, 3% Polyamide",wool,77,0,blend,-,"listing tile $315 read Knitwear grid 2026-10-10; composition read in browser from PDP ""Product details & materials"" (rendered DOM), 2026-10-10; no made-in/Manufacturing country stated"
Gant,8060109,Superfine Lambswool Polo Sweater,https://gant.com/p/superfine-lambswool-polo-sweater-blue-horizon/8060109-476,knitwear,Knitwear,-,NC,NC,NC,NC,NC,NC,"listing tile $195 read Knitwear grid 2026-10-10; composition not reached (PDP ""Product details & materials"" accordion not in fetched HTML)"
Gant,87314,Lambswool Zip Cardigan,https://gant.com/p/lambswool-zip-cardigan-dark-navy-melange/87314-480,knitwear,Knitwear,-,100% Lambswool,wool,100,0,natural,wool,"listing tile $205 read Knitwear grid 2026-10-10; composition read in browser from PDP ""Product details & materials"" (rendered DOM), 2026-10-10; no made-in/Manufacturing country stated"
Gant,87312,Lambswool V-Neck Sweater,https://gant.com/p/lambswool-v-neck-sweater-plumped-red/87312-604,knitwear,Knitwear,-,NC,NC,NC,NC,NC,NC,"listing tile $175 read Knitwear grid 2026-10-10; composition not reached (PDP ""Product details & materials"" accordion not in fetched HTML)"
Gant,87311,Lambswool Crew Neck Sweater,https://gant.com/p/lambswool-crew-neck-sweater-black/87311-5,knitwear,Knitwear,-,100% superfine Italian lambswool (description),wool,100,0,natural,wool,"PDP read: ""Made from 100% superfine Italian lambswool""; listing tile $175 read Knitwear grid 2026-10-10; composition not reached (PDP ""Product details & materials"" accordion not in fetched HTML)"
Gant,8050333,Herringbone Half-Zip Sweater,https://gant.com/p/herringbone-half-zip-sweater-clay-beige/8050333-215,knitwear,Knitwear,-,"70% Cotton, 30% Merino Wool",cotton,70,0,natural,-,"listing tile $210 read Knitwear grid 2026-10-10; composition read in browser from PDP ""Product details & materials"" (rendered DOM), 2026-10-10; no made-in/Manufacturing country stated"
Gant,8030303,Ribbed Cotton Polo Sweater,https://gant.com/p/ribbed-cotton-polo-sweater-evening-blue/8030303-433,knitwear,Knitwear,-,NC,NC,NC,NC,NC,NC,"listing tile $190 read Knitwear grid 2026-10-10; composition not reached (PDP ""Product details & materials"" accordion not in fetched HTML)"
Gant,8040257,Textured Polo Sweater,https://gant.com/p/textured-polo-sweater-mist-taupe/8040257-251,knitwear,Knitwear,-,100% Cotton,cotton,100,0,natural,cotton,"listing tile $160 read Knitwear grid 2026-10-10; composition read in browser from PDP ""Product details & materials"" (rendered DOM), 2026-10-10; no made-in/Manufacturing country stated"
Gant,8050616,Cotton Cable Knit Polo Sweater,https://gant.com/p/cotton-cable-knit-polo-sweater-grey-melange/8050616-93,knitwear,Knitwear,-,NC,NC,NC,NC,NC,NC,"listing tile $190 read Knitwear grid 2026-10-10; composition not reached (PDP ""Product details & materials"" accordion not in fetched HTML)"
Gant,8030307,Striped Cotton Rib Short Sleeve Sweater,https://gant.com/p/striped-cotton-rib-short-sleeve-sweater-cream/8030307-130,knitwear,Knitwear,-,"51% Organic Cotton, 49% Cotton",cotton,100,0,natural,cotton,"listing tile $200 read Knitwear grid 2026-10-10; composition read in browser from PDP ""Product details & materials"" (rendered DOM), 2026-10-10; no made-in/Manufacturing country stated"
Gant,8050310,Extra Fine Merino Wool Polo Sweater,https://gant.com/p/extra-fine-merino-wool-polo-sweater-clay-beige/8050310-215,knitwear,Knitwear,-,NC,NC,NC,NC,NC,NC,"listing tile $210 read Knitwear grid 2026-10-10; composition not reached (PDP ""Product details & materials"" accordion not in fetched HTML)"
Gant,7006720,Gant x Yale Varsity Jacket,https://gant.com/p/gant-x-yale-varsity-jacket-navy/7006720-405,outerwear,Jackets & Coats,Gant x Yale,NC,NC,NC,NC,NC,NC,"listing tile $1880 read Jackets & Coats grid 2026-10-10; composition not reached (PDP ""Product details & materials"" accordion not in fetched HTML)"
Gant,7006721,Gant x Yale Car Coat,https://gant.com/p/gant-x-yale-car-coat-black-brown/7006721-217,outerwear,Jackets & Coats,Gant x Yale,"Shell - 100% Cotton, Back Half Lining - 100% Cotton",cotton,100,0,natural,cotton,"listing tile $935 read Jackets & Coats grid 2026-10-10; composition read in browser from PDP ""Product details & materials"" (rendered DOM), 2026-10-10; no made-in/Manufacturing country stated"
Gant,7006678,Utility Belted Coat,https://gant.com/p/utility-belted-coat-black-brown/7006678-217,outerwear,Jackets & Coats,-,NC,NC,NC,NC,NC,NC,"listing tile $1300 read Jackets & Coats grid 2026-10-10; composition not reached (PDP ""Product details & materials"" accordion not in fetched HTML)"
Gant,7006687,Moleskin Harrington Jacket,https://gant.com/p/moleskin-harrington-jacket-light-taupe/7006687-264,outerwear,Jackets & Coats,-,"Shell - 100% Cotton, Lining - 65% Polyester, 25% Acrylic, 10% Other Fibers, Padding - 100% Recycled Polyester",cotton,100,0,natural,cotton,"listing tile $600 read Jackets & Coats grid 2026-10-10; composition read in browser from PDP ""Product details & materials"" (rendered DOM), 2026-10-10; no made-in/Manufacturing country stated"
Gant,7006690,Wool Shearling Aviator Jacket,https://gant.com/p/wool-shearling-aviator-jacket-mist-taupe/7006690-251,outerwear,Jackets & Coats,-,NC,NC,NC,NC,NC,NC,"listing tile $1755 read Jackets & Coats grid 2026-10-10; composition not reached (PDP ""Product details & materials"" accordion not in fetched HTML)"
Gant,7006679,Suede Mid Length Jacket,https://gant.com/p/suede-mid-length-jacket-black-brown/7006679-217,outerwear,Jackets & Coats,-,"Shell - 100% Calf Leather, Lining -100% Cotton",leather,100,0,natural,leather,"listing tile $1880 read Jackets & Coats grid 2026-10-10; composition read in browser from PDP ""Product details & materials"" (rendered DOM), 2026-10-10; no made-in/Manufacturing country stated"
Gant,7006697,British Tweed Decker Jacket,https://gant.com/p/british-tweed-decker-jacket-dark-moss-green/7006697-368,outerwear,Jackets & Coats,-,NC,NC,NC,NC,NC,NC,"PDP read: tweed ""made in England by Abraham Moon mill""; wool, no %; listing tile $1755 read Jackets & Coats grid 2026-10-10; composition not reached (PDP ""Product details & materials"" accordion not in fetched HTML)"
Gant,7006664,Shiny Down Jacket,https://gant.com/p/shiny-down-jacket-black/7006664-5,outerwear,Jackets & Coats,-,"Shell - 100% Recycled Polyamide, Lining - 100% Recycled Polyester, Padding - 90% Down (Recycled Fiber Filling), 10% Feathers (Recycled Fiber Filling)",polyamide,100,0,synthetic,polyamide,"listing tile $600 read Jackets & Coats grid 2026-10-10; composition read in browser from PDP ""Product details & materials"" (rendered DOM), 2026-10-10; no made-in/Manufacturing country stated"
Gant,7006683,Down Parka,https://gant.com/p/down-parka-faded-taupe/7006683-260,outerwear,Jackets & Coats,-,"Shell - 100% Recycled Polyamide, Upper Lining - 100% Recycled Polyester, Padding - 90% Down (Recycled Fiber Filling), 10% Feathers (Recycled Fiber Filling)",polyamide,100,0,synthetic,polyamide,"listing tile $870 read Jackets & Coats grid 2026-10-10; composition read in browser from PDP ""Product details & materials"" (rendered DOM), 2026-10-10; no made-in/Manufacturing country stated"
Gant,7006684,Flannel Down Jacket,https://gant.com/p/flannel-down-jacket-evening-blue/7006684-433,outerwear,Jackets & Coats,-,NC,NC,NC,NC,NC,NC,"listing tile $735 read Jackets & Coats grid 2026-10-10; composition not reached (PDP ""Product details & materials"" accordion not in fetched HTML)"
Gant,7006689,Wool Blend Double Decker Jacket,https://gant.com/p/wool-blend-double-decker-jacket-faded-taupe/7006689-260,outerwear,Jackets & Coats,-,"Shell - 70% Polyester, 30% Wool, Lining - 100% Cotton, Padding - 100% Recycled Polyester",polyester,70,0,blend,-,"listing tile $800 read Jackets & Coats grid 2026-10-10; composition read in browser from PDP ""Product details & materials"" (rendered DOM), 2026-10-10; no made-in/Manufacturing country stated"
Gant,7006696,Wool Duffel Jacket,https://gant.com/p/wool-duffel-jacket-evening-blue/7006696-433,outerwear,Jackets & Coats,-,NC,NC,NC,NC,NC,NC,"listing tile $935 read Jackets & Coats grid 2026-10-10; composition not reached (PDP ""Product details & materials"" accordion not in fetched HTML)"
Gant,7006681,Shearling Jacket,https://gant.com/p/shearling-jacket-black-brown/7006681-217,outerwear,Jackets & Coats,-,"Shell - 100% Lamb shearling leather, Neck Tape - 100% Goat Leather",leather,100,0,natural,leather,"listing tile $2510 read Jackets & Coats grid 2026-10-10; composition read in browser from PDP ""Product details & materials"" (rendered DOM), 2026-10-10; no made-in/Manufacturing country stated"
Gant,7006672,Corduroy Peacoat,https://gant.com/p/corduroy-peacoat-black-brown/7006672-217,outerwear,Jackets & Coats,-,NC,NC,NC,NC,NC,NC,"listing tile $600 read Jackets & Coats grid 2026-10-10; composition not reached (PDP ""Product details & materials"" accordion not in fetched HTML)"
Gant,7006668,Mélange Wool Jacket,https://gant.com/p/melange-wool-jacket-faded-taupe/7006668-260,outerwear,Jackets & Coats,-,"Shell - 100% Wool, Lining - 100% Viscose",wool,100,0,natural,wool,"listing tile $745 read Jackets & Coats grid 2026-10-10; composition read in browser from PDP ""Product details & materials"" (rendered DOM), 2026-10-10; no made-in/Manufacturing country stated"
Gant,7006677,Double Breasted Wool Coat,https://gant.com/p/double-breasted-wool-coat-shadow-brown/7006677-262,outerwear,Jackets & Coats,-,NC,NC,NC,NC,NC,NC,"listing tile $845 read Jackets & Coats grid 2026-10-10; composition not reached (PDP ""Product details & materials"" accordion not in fetched HTML)"
Gant,7006691,Hiking Vest,https://gant.com/p/hiking-vest-mist-taupe/7006691-251,outerwear,Jackets & Coats,-,"Shell - 100% Cotton, Lining - 100% Cotton, Padding - 90% Down, 10% Feathers",cotton,100,0,natural,cotton,"listing tile $935 read Jackets & Coats grid 2026-10-10; composition read in browser from PDP ""Product details & materials"" (rendered DOM), 2026-10-10; no made-in/Manufacturing country stated"
Gant,7006670,Padded Chore Jacket,https://gant.com/p/padded-chore-jacket-black/7006670-5,outerwear,Jackets & Coats,-,NC,NC,NC,NC,NC,NC,"listing tile $465 read Jackets & Coats grid 2026-10-10; composition not reached (PDP ""Product details & materials"" accordion not in fetched HTML)"
Gant,7006686,Flannel Down Mid Jacket,https://gant.com/p/flannel-down-mid-jacket-evening-blue/7006686-433,outerwear,Jackets & Coats,-,"Shell - 65% Recycled Polyester, 35% Viscose, Lining - 100% Recycled Polyester, Padding - 90% Down (Recycled Fiber Filling), 10% Feathers (Recycled Fiber Filling)",polyester,65,0,blend,-,"listing tile $870 read Jackets & Coats grid 2026-10-10; composition read in browser from PDP ""Product details & materials"" (rendered DOM), 2026-10-10; no made-in/Manufacturing country stated"
Gant,7006680,Shearling Peacoat,https://gant.com/p/shearling-peacoat-black/7006680-5,outerwear,Jackets & Coats,-,NC,NC,NC,NC,NC,NC,"listing tile $3135 read Jackets & Coats grid 2026-10-10; composition not reached (PDP ""Product details & materials"" accordion not in fetched HTML)"
Gant,7006671,Moleskin Decker Jacket,https://gant.com/p/moleskin-decker-jacket-dark-moss-green/7006671-368,outerwear,Jackets & Coats,-,"Shell - 100% Organic Cotton, Lining - 100% Cotton",cotton,100,0,natural,cotton,"listing tile $600 read Jackets & Coats grid 2026-10-10; composition read in browser from PDP ""Product details & materials"" (rendered DOM), 2026-10-10; no made-in/Manufacturing country stated"
Gant,7006676,Wool Duffel Coat,https://gant.com/p/wool-duffel-coat-black-brown/7006676-217,outerwear,Jackets & Coats,-,NC,NC,NC,NC,NC,NC,"listing tile $1965 read Jackets & Coats grid 2026-10-10; composition not reached (PDP ""Product details & materials"" accordion not in fetched HTML)"
Gant,7006673,Wool Car Coat,https://gant.com/p/wool-car-coat-mist-taupe/7006673-251,outerwear,Jackets & Coats,-,"Shell - 82% Wool, 8% Acrylic, 7% Polyester, 3% Polyamide, Lining - 100% Viscose",wool,82,0,blend,-,"listing tile $725 read Jackets & Coats grid 2026-10-10; composition read in browser from PDP ""Product details & materials"" (rendered DOM), 2026-10-10; no made-in/Manufacturing country stated"
Gant,7006698,Two-Toned Wool Coat,https://gant.com/p/two-toned-wool-coat-black-grey/7006698-15,outerwear,Jackets & Coats,-,NC,NC,NC,NC,NC,NC,"listing tile $620 read Jackets & Coats grid 2026-10-10; composition not reached (PDP ""Product details & materials"" accordion not in fetched HTML)"
Gant,7006647,Hybrid Insulated Flannel Jacket,https://gant.com/p/hybrid-insulated-flannel-jacket-evening-blue/7006647-433,outerwear,Jackets & Coats,-,"Shell -  60%  Recycled Polyester, 40% Wool, Lining - 100% Recycled Polyester, Sleeve - 50% Wool, 30% Acrylic, 20% Polyamide",polyester,60,0,blend,-,"listing tile $510 read Jackets & Coats grid 2026-10-10; composition read in browser from PDP ""Product details & materials"" (rendered DOM), 2026-10-10; no made-in/Manufacturing country stated"
Gant,7006662,Active Cloud Mid Length Jacket,https://gant.com/p/active-cloud-mid-length-jacket-black-brown/7006662-217,outerwear,Jackets & Coats,Active Cloud,NC,NC,NC,NC,NC,NC,"listing tile $510 read Jackets & Coats grid 2026-10-10; composition not reached (PDP ""Product details & materials"" accordion not in fetched HTML)"
Gant,7006663,Active Cloud Vest,https://gant.com/p/active-cloud-vest-black/7006663-5,outerwear,Jackets & Coats,Active Cloud,NC,NC,NC,NC,NC,NC,"listing tile $375 read Jackets & Coats grid 2026-10-10; composition not reached (PDP ""Product details & materials"" accordion not in fetched HTML)"
Gant,7006674,Wool Coat,https://gant.com/p/wool-coat-light-taupe/7006674-264,outerwear,Jackets & Coats,-,"Shell - 70% Wool, 25% Polyamide, 5% Cashmere, Lining - 100% Viscose",wool,70,0,blend,-,"listing tile $595 read Jackets & Coats grid 2026-10-10; composition read in browser from PDP ""Product details & materials"" (rendered DOM), 2026-10-10; no made-in/Manufacturing country stated"
Gant,7006682,Waxed Double Decker Jacket,https://gant.com/p/waxed-double-decker-jacket-evening-blue/7006682-433,outerwear,Jackets & Coats,-,NC,NC,NC,NC,NC,NC,"listing tile $765 read Jackets & Coats grid 2026-10-10; composition not reached (PDP ""Product details & materials"" accordion not in fetched HTML)"
Gant,7006661,Active Cloud Jacket,https://gant.com/p/active-cloud-jacket-black/7006661-5,outerwear,Jackets & Coats,Active Cloud,"Shell - 100% Recycled Polyester, Lining - 100% Recycled Polyamide, Padding - 100% Recycled Polyester",polyester,100,0,synthetic,polyester,"PDP read: ""Crafted from recycled synthetics with a water-repellent shell""; composition read in browser from PDP ""Product details & materials"" (rendered DOM), 2026-10-10; no made-in/Manufacturing country stated"
Gant,7006639,Quilted Mid Jacket,https://gant.com/p/quilted-mid-jacket-dark-moss-green/7006639-368,outerwear,Jackets & Coats,-,NC,NC,NC,NC,NC,NC,"listing tile $380 read Jackets & Coats grid 2026-10-10; composition not reached (PDP ""Product details & materials"" accordion not in fetched HTML)"
Gant,7006694,Wool Blend Windcheater Jacket,https://gant.com/p/wool-blend-windcheater-jacket-mist-taupe/7006694-251,outerwear,Jackets & Coats,-,"Shell - 60% Wool, 30% Recycled Polyester, 10% Polyamide, Lining - 55% Polyester (Recycled Fibers), 45% Viscose",wool,60,0,blend,-,"listing tile $600 read Jackets & Coats grid 2026-10-10; composition read in browser from PDP ""Product details & materials"" (rendered DOM), 2026-10-10; no made-in/Manufacturing country stated"
Gant,7006638,Quilted Jacket,https://gant.com/p/quilted-jacket-dark-moss-green/7006638-368,outerwear,Jackets & Coats,-,NC,NC,NC,NC,NC,NC,"PDP read: DWR treatment; no composition in fetched text; listing tile $305 read Jackets & Coats grid 2026-10-10; composition not reached (PDP ""Product details & materials"" accordion not in fetched HTML)"
Gant,7006659,Double Coat,https://gant.com/p/double-coat-evening-blue/7006659-433,outerwear,Jackets & Coats,-,"Shell - 65% Recycled Polyester, 35% Polyamide, Lining - 100% Recycled Polyester, Padding - 100% Recycled Polyester",polyester,65,0,synthetic,-,"listing tile $570 read Jackets & Coats grid 2026-10-10; composition read in browser from PDP ""Product details & materials"" (rendered DOM), 2026-10-10; no made-in/Manufacturing country stated"
Gant,7006641,Ultralight Down Jacket,https://gant.com/p/ultralight-down-jacket-evening-blue/7006641-433,outerwear,Jackets & Coats,-,NC,NC,NC,NC,NC,NC,"listing tile $430 read Jackets & Coats grid 2026-10-10; composition not reached (PDP ""Product details & materials"" accordion not in fetched HTML)"
Gant,1505457,Gant x Yale Wool Corduroy Suit Pants,https://gant.com/p/gant-x-yale-wool-corduroy-suit-pants-mahogany-brown/1505457-229,tailoring,Pants,Gant x Yale,"Shell - 100% Wool, Pocket Lining - 100% Cotton",wool,100,0,natural,wool,"listing tile $435 read Pants grid 2026-10-10; composition read in browser from PDP ""Product details & materials"" (rendered DOM), 2026-10-10; no made-in/Manufacturing country stated"
Gant,2009908,Gant x Yale Sweatpants,https://gant.com/p/gant-x-yale-sweatpants-grey-melange/2009908-93,sweats,Pants,Gant x Yale,NC,NC,NC,NC,NC,NC,"listing tile $225 read Pants grid 2026-10-10; composition not reached (PDP ""Product details & materials"" accordion not in fetched HTML)"
Gant,1505456,Gant x Yale Cotton Twill Chinos,https://gant.com/p/gant-x-yale-cotton-twill-chinos-darkened-beige/1505456-225,trousers,Pants,Gant x Yale,"Shell - 100% Cotton, Pocket Lining - 100% Cotton",cotton,100,0,natural,cotton,"listing tile $255 read Pants grid 2026-10-10; composition read in browser from PDP ""Product details & materials"" (rendered DOM), 2026-10-10; no made-in/Manufacturing country stated"
Gant,1505440,Tuxedo Pants,https://gant.com/p/tuxedo-pants-black/1505440-5,tailoring,Pants,-,NC,NC,NC,NC,NC,NC,"listing tile $435 read Pants grid 2026-10-10; composition not reached (PDP ""Product details & materials"" accordion not in fetched HTML)"
Gant,1505420,Mélange Wool Pants,https://gant.com/p/melange-wool-pants-faded-taupe/1505420-260,trousers,Pants,-,NC,NC,NC,NC,NC,NC,"listing tile $495 read Pants grid 2026-10-10; composition not reached (PDP ""Product details & materials"" accordion not in fetched HTML)"
Gant,1505426,Brushed Cotton Chinos,https://gant.com/p/brushed-cotton-chinos-faded-taupe/1505426-260,trousers,Pants,-,"Shell - 98% Cotton, 2% Elastane , Pocket Lining - 100% Cotton",cotton,98,2,blend,-,"listing tile $255 read Pants grid 2026-10-10; composition read in browser from PDP ""Product details & materials"" (rendered DOM), 2026-10-10; no made-in/Manufacturing country stated"
Gant,1505418,Tapered Wool Pants,https://gant.com/p/tapered-wool-pants-black-grey/1505418-15,trousers,Pants,-,NC,NC,NC,NC,NC,NC,"PDP read: description ""crafted from a wool blend""; no %; listing tile $200 read Pants grid 2026-10-10; composition not reached (PDP ""Product details & materials"" accordion not in fetched HTML)"
Gant,1505421,Tapered Wool Flannel Pants,https://gant.com/p/tapered-wool-flannel-pants-evening-blue/1505421-433,trousers,Pants,-,"Shell - 55% Polyester, 43% Wool, 2% Elastane, Pocket Lining - 100% Cotton",polyester,55,2,blend,-,"listing tile $210 read Pants grid 2026-10-10; composition read in browser from PDP ""Product details & materials"" (rendered DOM), 2026-10-10; no made-in/Manufacturing country stated"
Gant,2069084,Graphic Sweatpants,https://gant.com/p/graphic-sweatpants-grey-melange/2069084-93,sweats,Pants,-,100% Cotton,cotton,100,0,natural,cotton,"listing tile $200 read Pants grid 2026-10-10; composition read in browser from PDP ""Product details & materials"" (rendered DOM), 2026-10-10; no made-in/Manufacturing country stated"
Gant,2069085,Sacker Rib Sweatpants,https://gant.com/p/sacker-rib-sweatpants-evening-blue/2069085-433,sweats,Pants,-,NC,NC,NC,NC,NC,NC,"listing tile $170 read Pants grid 2026-10-10; composition not reached (PDP ""Product details & materials"" accordion not in fetched HTML)"
Gant,1505389,Suit Pants,https://gant.com/p/suit-pants-evening-blue/1505389-433,tailoring,Pants,-,"Shell - 56% Polyester, 42% Wool, 2% Elastane, Pocket Lining - 100% Cotton",polyester,56,2,blend,-,"listing tile $285 read Pants grid 2026-10-10; composition read in browser from PDP ""Product details & materials"" (rendered DOM), 2026-10-10; no made-in/Manufacturing country stated"
Gant,1505434,Pinstriped Suit Pants,https://gant.com/p/pinstriped-suit-pants-shadow-brown/1505434-262,tailoring,Pants,-,NC,NC,NC,NC,NC,NC,"listing tile $370 read Pants grid 2026-10-10; composition not reached (PDP ""Product details & materials"" accordion not in fetched HTML)"
Gant,1505441,Wool Suit Pants,https://gant.com/p/wool-suit-pants-shadow-brown/1505441-262,tailoring,Pants,-,"Shell - 100% Wool, Pocket Lining - 100% Cotton, Knee Lining - 50% Acetate, 50% Viscose",wool,100,0,natural,wool,"listing tile $370 read Pants grid 2026-10-10; composition read in browser from PDP ""Product details & materials"" (rendered DOM), 2026-10-10; no made-in/Manufacturing country stated"
Gant,1505422,Moleskin Suit Pants,https://gant.com/p/moleskin-suit-pants-caramel-brown/1505422-273,tailoring,Pants,-,NC,NC,NC,NC,NC,NC,"listing tile $275 read Pants grid 2026-10-10; composition not reached (PDP ""Product details & materials"" accordion not in fetched HTML)"
Gant,1505427,Corduroy Chinos,https://gant.com/p/corduroy-chinos-caramel-brown/1505427-273,trousers,Pants,-,NC,NC,NC,NC,NC,NC,"listing tile $320 read Pants grid 2026-10-10; composition not reached (PDP ""Product details & materials"" accordion not in fetched HTML)"
Gant,1505437,Cashmere Suit Pants,https://gant.com/p/cashmere-suit-pants-dusky-anthracite/1505437-35,tailoring,Pants,-,"Shell - 100% Cashmere, Pocket Lining - 100% Cotton, Knee Lining - 50% Acetate, 50% Viscose",cashmere,100,0,natural,cashmere,"PDP read: description ""premium Italian cashmere fabrication""; composition read in browser from PDP ""Product details & materials"" (rendered DOM), 2026-10-10; no made-in/Manufacturing country stated"
Gant,1505419,Corduroy Suit Pants,https://gant.com/p/corduroy-suit-pants-clay-beige/1505419-215,tailoring,Pants,-,NC,NC,NC,NC,NC,NC,"listing tile $240 read Pants grid 2026-10-10; composition not reached (PDP ""Product details & materials"" accordion not in fetched HTML)"
Gant,1505417,Tapered Chinos,https://gant.com/p/tapered-chinos-dark-khaki/1505417-248,trousers,Pants,-,"98% Cotton, 2% Elastane",cotton,98,2,blend,-,"listing tile $200 read Pants grid 2026-10-10; composition read in browser from PDP ""Product details & materials"" (rendered DOM), 2026-10-10; no made-in/Manufacturing country stated"
Gant,8050339,Cashmere Pants,https://gant.com/p/cashmere-pants-stone-melange/8050339-275,trousers,Pants,-,NC,NC,NC,NC,NC,NC,"listing tile $510 read Pants grid 2026-10-10; composition not reached (PDP ""Product details & materials"" accordion not in fetched HTML)"
Gant,1505423,Relaxed Carpenter Pants,https://gant.com/p/relaxed-carpenter-pants-clay-beige/1505423-215,trousers,Pants,-,NC,NC,NC,NC,NC,NC,"listing tile $255 read Pants grid 2026-10-10; composition not reached (PDP ""Product details & materials"" accordion not in fetched HTML)"
Gant,1505432,Wool Herringbone Suit Pants,https://gant.com/p/wool-herringbone-suit-pants-black-brown/1505432-217,tailoring,Pants,-,NC,NC,NC,NC,NC,NC,"listing tile $285 read Pants grid 2026-10-10; composition not reached (PDP ""Product details & materials"" accordion not in fetched HTML)"
Gant,1505438,Wool Pinstriped Suit Pants,https://gant.com/p/wool-pinstriped-suit-pants-shadow-brown/1505438-262,tailoring,Pants,-,"Shell - 100% Wool, Pocket Lining - 100% Cotton, Knee Lining - 50% Acetate, 50% Viscose",wool,100,0,natural,wool,"listing tile $370 read Pants grid 2026-10-10; composition read in browser from PDP ""Product details & materials"" (rendered DOM), 2026-10-10; no made-in/Manufacturing country stated"
Gant,1500111,Regular Corduroy Chinos,https://gant.com/p/regular-corduroy-chinos-dark-moss-green/1500111-368,trousers,Pants,-,"Shell - 98% Cotton, 2% Elastane, Pocket Lining - 100% Cotton",cotton,98,2,blend,-,"listing tile $160 read Pants grid 2026-10-10; composition read in browser from PDP ""Product details & materials"" (rendered DOM), 2026-10-10; no made-in/Manufacturing country stated"
Gant,1500110,Slim Corduroy Chinos,https://gant.com/p/slim-corduroy-chinos-evening-blue/1500110-433,trousers,Pants,-,NC,NC,NC,NC,NC,NC,"listing tile $200 read Pants grid 2026-10-10; composition not reached (PDP ""Product details & materials"" accordion not in fetched HTML)"
Gant,1501006,Regular Smart Chinos,https://gant.com/p/regular-smart-chinos-black-grey/1501006-15,trousers,Pants,-,"50% Cotton, 47% Organic Cotton, 3% Elastane",cotton,97,3,blend,-,"listing tile $185 read Pants grid 2026-10-10; composition read in browser from PDP ""Product details & materials"" (rendered DOM), 2026-10-10; no made-in/Manufacturing country stated"
Gant,1505416,Cargo Pants,https://gant.com/p/cargo-pants-evening-blue/1505416-433,trousers,Pants,-,NC,NC,NC,NC,NC,NC,"listing tile $220 read Pants grid 2026-10-10; composition not reached (PDP ""Product details & materials"" accordion not in fetched HTML)"
Gant,2009026,Shield Sweatpants,https://gant.com/p/shield-sweatpants-evening-blue/2009026-433,sweats,Pants,-,NC,NC,NC,NC,NC,NC,"listing tile $135 read Pants grid 2026-10-10; composition not reached (PDP ""Product details & materials"" accordion not in fetched HTML)"
Gant,1505408,Pinstriped Suit Pants,https://gant.com/p/pinstriped-suit-pants-grey-melange/1505408-93,tailoring,Pants,-,NC,NC,NC,NC,NC,NC,"listing tile $265 read Pants grid 2026-10-10; composition not reached (PDP ""Product details & materials"" accordion not in fetched HTML)"
Gant,1505411,Clen Check Suit Pants,https://gant.com/p/clen-check-suit-pants-ceramic-grey-melange/1505411-88,tailoring,Pants,-,"Shell - 100% Wool, Pocket Lining - 100% Cotton",wool,100,0,natural,wool,"listing tile $370 read Pants grid 2026-10-10; composition read in browser from PDP ""Product details & materials"" (rendered DOM), 2026-10-10; no made-in/Manufacturing country stated"
Gant,1505439,Travel Suit Pants,https://gant.com/p/travel-suit-pants-evening-blue/1505439-433,tailoring,Pants,-,NC,NC,NC,NC,NC,NC,"listing tile $245 read Pants grid 2026-10-10; composition not reached (PDP ""Product details & materials"" accordion not in fetched HTML)"
Gant,1505410,Cotton Twill Chinos,https://gant.com/p/cotton-twill-chinos-evening-blue/1505410-433,trousers,Pants,-,"Shell - 100% Cotton, Pocket Lining - 100% Cotton",cotton,100,0,natural,cotton,"listing tile $230 read Pants grid 2026-10-10; composition read in browser from PDP ""Product details & materials"" (rendered DOM), 2026-10-10; no made-in/Manufacturing country stated"
Gant,1000050,Selvedge Jeans,https://gant.com/p/selvedge-jeans-dark-blue-raw/1000050-965,denim,Jeans,-,"Shell -  67% Cotton, 22% Viscose, 11% Polyester, Pocket Lining - 75% Cotton, 25% Polyester",cotton,67,0,blend,-,"PDP read: 12.75 oz rigid selvedge denim, shuttle loom; composition read in browser from PDP ""Product details & materials"" (rendered DOM), 2026-10-10; no made-in/Manufacturing country stated"
Gant,1000463,Archive Wash Jeans,https://gant.com/p/archive-wash-jeans-dark-blue-broken-in/1000463-962,denim,Jeans,-,NC,NC,NC,NC,NC,NC,"listing tile $375 read Jeans grid 2026-10-10; composition not reached (PDP ""Product details & materials"" accordion not in fetched HTML)"
Gant,1000458,Overdyed Jeans,https://gant.com/p/overdyed-jeans-shadow-brown/1000458-262,denim,Jeans,-,"Shell - 100% Cotton, Pocket Lining - 75% Cotton, 25% Polyester",cotton,100,0,natural,cotton,"listing tile $225 read Jeans grid 2026-10-10; composition read in browser from PDP ""Product details & materials"" (rendered DOM), 2026-10-10; no made-in/Manufacturing country stated"
Gant,1000030,Extra Slim Active Recover Jeans,https://gant.com/p/extra-slim-active-recover-jeans-mid-blue-broken-in/1000030-972,denim,Jeans,Active Recover,NC,NC,NC,NC,NC,NC,"PDP read: ""high elasticity""; 12.25 oz denim; no %; listing tile $170 read Jeans grid 2026-10-10; composition not reached (PDP ""Product details & materials"" accordion not in fetched HTML)"
Gant,1000021,Regular Clean Wash Jeans,https://gant.com/p/regular-clean-wash-jeans-black/1000021-950,denim,Jeans,-,"Shell - 97% Cotton, 2% Polyester, 1% Elastane, Pocket Lining - 75% Cotton, 25% Polyester",cotton,97,1,blend,-,"PDP read: ""12 oz. denim"" with ""a touch of comfort stretch""; composition read in browser from PDP ""Product details & materials"" (rendered DOM), 2026-10-10; no made-in/Manufacturing country stated"
Gant,1000471,Corduroy Jeans,https://gant.com/p/corduroy-jeans-dusky-anthracite/1000471-35,trousers,Jeans,-,NC,NC,NC,NC,NC,NC,"listing tile $175 read Jeans grid 2026-10-10; composition not reached (PDP ""Product details & materials"" accordion not in fetched HTML)"
Gant,1000040,Straight Jeans,https://gant.com/p/straight-jeans-black-broken-in/1000040-952,denim,Jeans,-,NC,NC,NC,NC,NC,NC,"listing tile $190 read Jeans grid 2026-10-10; composition not reached (PDP ""Product details & materials"" accordion not in fetched HTML)"
Gant,1000010,Slim Jeans,https://gant.com/p/slim-jeans-dark-blue-broken-in/1000010-962,denim,Jeans,-,NC,NC,NC,NC,NC,NC,"listing tile $160 read Jeans grid 2026-10-10; composition not reached (PDP ""Product details & materials"" accordion not in fetched HTML)"
Gant,1000020,Slim Clean Wash Jeans,https://gant.com/p/slim-clean-wash-jeans-dark-blue/1000020-960,denim,Jeans,-,"Shell - 97% Cotton, 2% Polyester, 1% Elastane, Pocket Lining - 75% Cotton, 25% Polyester",cotton,97,1,blend,-,"listing tile $150 read Jeans grid 2026-10-10; composition read in browser from PDP ""Product details & materials"" (rendered DOM), 2026-10-10; no made-in/Manufacturing country stated"
Gant,1000011,Regular Jeans,https://gant.com/p/regular-jeans-black-broken-in/1000011-952,denim,Jeans,-,NC,NC,NC,NC,NC,NC,"listing tile $160 read Jeans grid 2026-10-10; composition not reached (PDP ""Product details & materials"" accordion not in fetched HTML)"
Gant,1000451,Desert Jeans,https://gant.com/p/desert-jeans-evening-blue/1000451-433,denim,Jeans,-,"Shell - 96% Cotton, 4% Spandex, Pocket Lining - 100% Cotton",cotton,96,4,blend,-,"listing tile $165 read Jeans grid 2026-10-10; composition read in browser from PDP ""Product details & materials"" (rendered DOM), 2026-10-10; no made-in/Manufacturing country stated"
Gant,1000450,Slim Fit Desert Jeans,https://gant.com/p/slim-fit-desert-jeans-evening-blue/1000450-433,denim,Jeans,-,NC,NC,NC,NC,NC,NC,"listing tile $165 read Jeans grid 2026-10-10; composition not reached (PDP ""Product details & materials"" accordion not in fetched HTML)"
Issey Miyake,hp68-jk242,IN THE SHADOW,https://us.isseymiyake.com/products/hp68-jk242,tees-polos,code type k = top (JP alt メンズ_トップス_トップ),HOMME PLISSÉ ISSEY MIYAKE,100% Polyester (US PDP),polyester,100,0,synthetic,polyester,US PDP read 2026-10-10; made in Philippines; US price $585
Issey Miyake,hp68-jd240,IN THE SHADOW,https://us.isseymiyake.com/products/hp68-jd240,tailoring,code type d = jacket (tailored/no-collar; JP alt ジャケット＆ブルゾン),HOMME PLISSÉ ISSEY MIYAKE,NC,NC,NC,NC,undisclosed,-,listing tile read only (US); PDP composition not read; US price $1250
Issey Miyake,hp68-jd241,IN THE SHADOW,https://us.isseymiyake.com/products/hp68-jd241,tailoring,code type d = jacket (tailored/no-collar; JP alt ジャケット＆ブルゾン),HOMME PLISSÉ ISSEY MIYAKE,100% Polyester Lining: 100% Polyester (US PDP),polyester,100,0,synthetic,polyester,US PDP read 2026-10-10; made in Philippines; US price $1550
Issey Miyake,hp68-jf243,IN THE SHADOW,https://us.isseymiyake.com/products/hp68-jf243,trousers,code type f = pants (JP alt メンズ_パンツ),HOMME PLISSÉ ISSEY MIYAKE,NC,NC,NC,NC,undisclosed,-,listing tile read only (US); PDP composition not read; US price $750
Issey Miyake,hp68-ke275,IN THE SHADOW KNIT,https://us.isseymiyake.com/products/hp68-ke275,knitwear,code k* knit (JP alt メンズ_ニット) (ke275),HOMME PLISSÉ ISSEY MIYAKE,NC,NC,NC,NC,undisclosed,-,listing tile read only (US); PDP composition not read; US price $925
Issey Miyake,hp68-ko276,IN THE SHADOW KNIT,https://us.isseymiyake.com/products/hp68-ko276,knitwear,code k* knit (JP alt メンズ_ニット) (ko276),HOMME PLISSÉ ISSEY MIYAKE,毛 60% ポリエステル 40% (JP PDP hp63ko276),wool,60,0,blend,-,made in Japan; cardigan; US price $1095
Issey Miyake,hp68-je145,FLEECE PLEATS,https://us.isseymiyake.com/products/hp68-je145,other,code type e = vest (JP alt メンズ_トップス_ベスト),HOMME PLISSÉ ISSEY MIYAKE,NC,NC,NC,NC,undisclosed,-,listing tile read only (US); PDP composition not read; US price $925
Issey Miyake,hp68-jj101,MONTHLY COLORS : OCTOBER,https://us.isseymiyake.com/products/hp68-jj101,shirts,code type j = shirt (JP alt メンズ_トップス_シャツ),HOMME PLISSÉ ISSEY MIYAKE,ポリエステル 100% (JP PDP hp63jj101),polyester,100,0,synthetic,polyester,made in Philippines; US price $535
Issey Miyake,hp68-jk102,MONTHLY COLORS : OCTOBER,https://us.isseymiyake.com/products/hp68-jk102,tees-polos,code type k = top (JP alt メンズ_トップス_トップ),HOMME PLISSÉ ISSEY MIYAKE,ポリエステル 100% (JP PDP hp63jk102),polyester,100,0,synthetic,polyester,made in Philippines; hoodie; US price $545
Issey Miyake,hp68-jf104,MONTHLY COLORS : OCTOBER,https://us.isseymiyake.com/products/hp68-jf104,trousers,code type f = pants (JP alt メンズ_パンツ),HOMME PLISSÉ ISSEY MIYAKE,100% Polyester (US PDP),polyester,100,0,synthetic,polyester,US PDP read 2026-10-10; made in Philippines; US price $520
Issey Miyake,hp68-jk235,FRAMEWORK : CHUSEN,https://us.isseymiyake.com/products/hp68-jk235,tees-polos,code type k = top (JP alt メンズ_トップス_トップ),HOMME PLISSÉ ISSEY MIYAKE,NC,NC,NC,NC,undisclosed,-,listing tile read only (US); PDP composition not read; US price $795
Issey Miyake,hp68-jk236,FRAMEWORK : CHUSEN,https://us.isseymiyake.com/products/hp68-jk236,tees-polos,code type k = top (JP alt メンズ_トップス_トップ),HOMME PLISSÉ ISSEY MIYAKE,NC,NC,NC,NC,undisclosed,-,listing tile read only (US); PDP composition not read; US price $715
Issey Miyake,hp68-jf237,FRAMEWORK : CHUSEN,https://us.isseymiyake.com/products/hp68-jf237,trousers,code type f = pants (JP alt メンズ_パンツ),HOMME PLISSÉ ISSEY MIYAKE,NC,NC,NC,NC,undisclosed,-,listing tile read only (US); PDP composition not read; US price $995
Issey Miyake,hp68-jk092,MONTHLY COLORS : SEPTEMBER,https://us.isseymiyake.com/products/hp68-jk092,tees-polos,code type k = top (JP alt メンズ_トップス_トップ),HOMME PLISSÉ ISSEY MIYAKE,100% Polyester (US PDP),polyester,100,0,synthetic,polyester,US PDP read 2026-10-10; made in Japan; US price $460
Issey Miyake,hp68-jk093,MONTHLY COLORS : SEPTEMBER,https://us.isseymiyake.com/products/hp68-jk093,tees-polos,code type k = top (JP alt メンズ_トップス_トップ),HOMME PLISSÉ ISSEY MIYAKE,NC,NC,NC,NC,undisclosed,-,listing tile read only (US); PDP composition not read; US price $375
Issey Miyake,hp68-jf094,MONTHLY COLORS : SEPTEMBER,https://us.isseymiyake.com/products/hp68-jf094,trousers,code type f = pants (JP alt メンズ_パンツ),HOMME PLISSÉ ISSEY MIYAKE,NC,NC,NC,NC,undisclosed,-,listing tile read only (US); PDP composition not read; US price $595
Issey Miyake,hp68-je211,SLASH,https://us.isseymiyake.com/products/hp68-je211,other,code type e = vest (JP alt メンズ_トップス_ベスト),HOMME PLISSÉ ISSEY MIYAKE,NC,NC,NC,NC,undisclosed,-,listing tile read only (US); PDP composition not read; US price $645
Issey Miyake,hp68-jf212,SLASH,https://us.isseymiyake.com/products/hp68-jf212,trousers,code type f = pants (JP alt メンズ_パンツ),HOMME PLISSÉ ISSEY MIYAKE,NC,NC,NC,NC,undisclosed,-,listing tile read only (US); PDP composition not read; US price $615
Issey Miyake,hp68-kn272,KNIT UNRAVELED,https://us.isseymiyake.com/products/hp68-kn272,knitwear,code k* knit (JP alt メンズ_ニット) (kn272),HOMME PLISSÉ ISSEY MIYAKE,"44% Nylon, 39% Polyester, 17% Wool (US PDP)",polyamide,44,0,blend,-,US PDP read 2026-10-10; made in Japan; US price $695
Issey Miyake,hp68-fc326,OPACITY,https://us.isseymiyake.com/products/hp68-fc326,outerwear,code type c = blouson (JP alt ジャケット＆ブルゾン),HOMME PLISSÉ ISSEY MIYAKE,NC,NC,NC,NC,undisclosed,-,listing tile read only (US); PDP composition not read; US price $1025
Issey Miyake,hp68-fa325,OPACITY,https://us.isseymiyake.com/products/hp68-fa325,outerwear,code type a = coat (JP alt メンズ_ジャケット&コート_コート),HOMME PLISSÉ ISSEY MIYAKE,NC,NC,NC,NC,undisclosed,-,listing tile read only (US); PDP composition not read; US price $1595
Issey Miyake,hp68-ff327,OPACITY,https://us.isseymiyake.com/products/hp68-ff327,trousers,code type f = pants (JP alt メンズ_パンツ),HOMME PLISSÉ ISSEY MIYAKE,NC,NC,NC,NC,undisclosed,-,listing tile read only (US); PDP composition not read; US price $695
Issey Miyake,hp68-kf274,KNIT UNRAVELED,https://us.isseymiyake.com/products/hp68-kf274,knitwear,code k* knit (JP alt メンズ_ニット) (kf274),HOMME PLISSÉ ISSEY MIYAKE,NC,NC,NC,NC,undisclosed,-,listing tile read only (US); PDP composition not read; US price $715
Issey Miyake,hp68-jl190,COLOR PLEATS 2,https://us.isseymiyake.com/products/hp68-jl190,other,code type l = pleated cardigan (JP alt メンズ_トップス_カーディガン),HOMME PLISSÉ ISSEY MIYAKE,NC,NC,NC,NC,undisclosed,-,listing tile read only (US); PDP composition not read; US price $525
Issey Miyake,hp68-jf193,COLOR PLEATS 2,https://us.isseymiyake.com/products/hp68-jf193,trousers,code type f = pants (JP alt メンズ_パンツ),HOMME PLISSÉ ISSEY MIYAKE,100% Polyester (US PDP),polyester,100,0,synthetic,polyester,US PDP read 2026-10-10; made in Japan; US price $475
Issey Miyake,hp68-jf192,COLOR PLEATS 2,https://us.isseymiyake.com/products/hp68-jf192,trousers,code type f = pants (JP alt メンズ_パンツ),HOMME PLISSÉ ISSEY MIYAKE,NC,NC,NC,NC,undisclosed,-,listing tile read only (US); PDP composition not read; US price $475
Issey Miyake,hp68-jk186,COLOR PLEATS 1,https://us.isseymiyake.com/products/hp68-jk186,tees-polos,code type k = top (JP alt メンズ_トップス_トップ),HOMME PLISSÉ ISSEY MIYAKE,NC,NC,NC,NC,undisclosed,-,listing tile read only (US); PDP composition not read; US price $315
Issey Miyake,hp68-jk185,COLOR PLEATS 1,https://us.isseymiyake.com/products/hp68-jk185,tees-polos,code type k = top (JP alt メンズ_トップス_トップ),HOMME PLISSÉ ISSEY MIYAKE,NC,NC,NC,NC,undisclosed,-,listing tile read only (US); PDP composition not read; US price $335
Issey Miyake,hp68-jf187,COLOR PLEATS 1,https://us.isseymiyake.com/products/hp68-jf187,trousers,code type f = pants (JP alt メンズ_パンツ),HOMME PLISSÉ ISSEY MIYAKE,NC,NC,NC,NC,undisclosed,-,listing tile read only (US); PDP composition not read; US price $395
Issey Miyake,hp68-jj226,LACE GRID PLEATS,https://us.isseymiyake.com/products/hp68-jj226,shirts,code type j = shirt (JP alt メンズ_トップス_シャツ),HOMME PLISSÉ ISSEY MIYAKE,"75% Polyester, 25% Cotton (US PDP)",polyester,75,0,blend,-,US PDP read 2026-10-10; made in Philippines; US price $725
Issey Miyake,hp68-jf227,LACE GRID PLEATS,https://us.isseymiyake.com/products/hp68-jf227,trousers,code type f = pants (JP alt メンズ_パンツ),HOMME PLISSÉ ISSEY MIYAKE,NC,NC,NC,NC,undisclosed,-,listing tile read only (US); PDP composition not read; US price $575
Issey Miyake,hp68-jm175,EMBROIDERY STRIPES,https://us.isseymiyake.com/products/hp68-jm175,shirts,code type m = shirt/top (JP alt mostly メンズ_トップス_シャツ),HOMME PLISSÉ ISSEY MIYAKE,NC,NC,NC,NC,undisclosed,-,listing tile read only (US); PDP composition not read; US price $575
Issey Miyake,hp68-jf176,EMBROIDERY STRIPES,https://us.isseymiyake.com/products/hp68-jf176,trousers,code type f = pants (JP alt メンズ_パンツ),HOMME PLISSÉ ISSEY MIYAKE,NC,NC,NC,NC,undisclosed,-,listing tile read only (US); PDP composition not read; US price $645
Issey Miyake,hp68-jf177,EMBROIDERY STRIPES,https://us.isseymiyake.com/products/hp68-jf177,trousers,code type f = pants (JP alt メンズ_パンツ),HOMME PLISSÉ ISSEY MIYAKE,NC,NC,NC,NC,undisclosed,-,listing tile read only (US); PDP composition not read; US price $675
Issey Miyake,hp68-kk250,BASIC KNIT,https://us.isseymiyake.com/products/hp68-kk250,knitwear,code k* knit (JP alt メンズ_ニット) (kk250),HOMME PLISSÉ ISSEY MIYAKE,ポリエステル 100% (JP PDP hp63kk250),polyester,100,0,synthetic,polyester,made in Japan; short-sleeve knit; US price $395
Issey Miyake,hp68-kn251,BASIC KNIT,https://us.isseymiyake.com/products/hp68-kn251,knitwear,code k* knit (JP alt メンズ_ニット) (kn251),HOMME PLISSÉ ISSEY MIYAKE,NC,NC,NC,NC,undisclosed,-,listing tile read only (US); PDP composition not read; US price $460
Issey Miyake,hp66-kf274,BASIC KNIT,https://us.isseymiyake.com/products/hp66-kf274,knitwear,code k* knit (JP alt メンズ_ニット) (kf274),HOMME PLISSÉ ISSEY MIYAKE,NC,NC,NC,NC,undisclosed,-,listing tile read only (US); PDP composition not read; US price $410
Issey Miyake,hp68-kf253,BASIC KNIT,https://us.isseymiyake.com/products/hp68-kf253,knitwear,code k* knit (JP alt メンズ_ニット) (kf253),HOMME PLISSÉ ISSEY MIYAKE,100% Polyester (US PDP),polyester,100,0,synthetic,polyester,US PDP read 2026-10-10; made in Japan; US price $570
Issey Miyake,hp68-jj081,MONTHLY COLORS : AUGUST,https://us.isseymiyake.com/products/hp68-jj081,shirts,code type j = shirt (JP alt メンズ_トップス_シャツ),HOMME PLISSÉ ISSEY MIYAKE,NC,NC,NC,NC,undisclosed,-,listing tile read only (US); PDP composition not read; US price $525
Issey Miyake,hp68-je082,MONTHLY COLORS : AUGUST,https://us.isseymiyake.com/products/hp68-je082,other,code type e = vest (JP alt メンズ_トップス_ベスト),HOMME PLISSÉ ISSEY MIYAKE,NC,NC,NC,NC,undisclosed,-,listing tile read only (US); PDP composition not read; US price $460
Issey Miyake,hp68-jf083,MONTHLY COLORS : AUGUST,https://us.isseymiyake.com/products/hp68-jf083,trousers,code type f = pants (JP alt メンズ_パンツ),HOMME PLISSÉ ISSEY MIYAKE,NC,NC,NC,NC,undisclosed,-,listing tile read only (US); PDP composition not read; US price $415
Issey Miyake,hp68-jd150,TAILORED PLEATS 1,https://us.isseymiyake.com/products/hp68-jd150,tailoring,code type d = jacket (tailored/no-collar; JP alt ジャケット＆ブルゾン),HOMME PLISSÉ ISSEY MIYAKE,100% Polyester Lining: 100% Polyester (US PDP),polyester,100,0,synthetic,polyester,US PDP read 2026-10-10; made in Philippines; US price $910
Issey Miyake,hp68-jc151,TAILORED PLEATS 1,https://us.isseymiyake.com/products/hp68-jc151,outerwear,code type c = blouson (JP alt ジャケット＆ブルゾン),HOMME PLISSÉ ISSEY MIYAKE,NC,NC,NC,NC,undisclosed,-,listing tile read only (US); PDP composition not read; US price $825
Issey Miyake,hp68-jf153,TAILORED PLEATS 1,https://us.isseymiyake.com/products/hp68-jf153,trousers,code type f = pants (JP alt メンズ_パンツ),HOMME PLISSÉ ISSEY MIYAKE,100% Polyester (US PDP),polyester,100,0,synthetic,polyester,US PDP read 2026-10-10; made in Philippines; US price $520
Issey Miyake,hp68-jf084,MONTHLY COLORS : AUGUST,https://us.isseymiyake.com/products/hp68-jf084,trousers,code type f = pants (JP alt メンズ_パンツ),HOMME PLISSÉ ISSEY MIYAKE,NC,NC,NC,NC,undisclosed,-,listing tile read only (US); PDP composition not read; US price $475
Issey Miyake,hp68-jj230,RUSTIC MESH,https://us.isseymiyake.com/products/hp68-jj230,shirts,code type j = shirt (JP alt メンズ_トップス_シャツ),HOMME PLISSÉ ISSEY MIYAKE,NC,NC,NC,NC,undisclosed,-,listing tile read only (US); PDP composition not read; US price $575
Issey Miyake,hp68-jk231,RUSTIC MESH,https://us.isseymiyake.com/products/hp68-jk231,tees-polos,code type k = top (JP alt メンズ_トップス_トップ),HOMME PLISSÉ ISSEY MIYAKE,100% Polyester (US PDP),polyester,100,0,synthetic,polyester,US PDP read 2026-10-10; made in Philippines; US price $395
Issey Miyake,hp66-jj362,CRYSTALLINE JERSEY,https://us.isseymiyake.com/products/hp66-jj362,shirts,code type j = shirt (JP alt メンズ_トップス_シャツ),HOMME PLISSÉ ISSEY MIYAKE,NC,NC,NC,NC,undisclosed,-,listing tile read only (US); PDP composition not read; US price $1045
Issey Miyake,hp66-jf225,FRUITS & VEGETABLES,https://us.isseymiyake.com/products/hp66-jf225,trousers,code type f = pants (JP alt メンズ_パンツ),HOMME PLISSÉ ISSEY MIYAKE,NC,NC,NC,NC,undisclosed,-,listing tile read only (US); PDP composition not read; US price $550
Issey Miyake,hp66-jg226,FRUITS & VEGETABLES,https://us.isseymiyake.com/products/hp66-jg226,skirts,code type g = skirt (JP alt メンズ_スカート),HOMME PLISSÉ ISSEY MIYAKE,NC,NC,NC,NC,undisclosed,-,listing tile read only (US); PDP composition not read; US price $765
Issey Miyake,hp66-jf227,FRUITS & VEGETABLES,https://us.isseymiyake.com/products/hp66-jf227,trousers,code type f = pants (JP alt メンズ_パンツ),HOMME PLISSÉ ISSEY MIYAKE,NC,NC,NC,NC,undisclosed,-,listing tile read only (US); PDP composition not read; US price $835
Issey Miyake,hp66-jd161,TAILORED PLEATS 3,https://us.isseymiyake.com/products/hp66-jd161,tailoring,code type d = jacket (tailored/no-collar; JP alt ジャケット＆ブルゾン),HOMME PLISSÉ ISSEY MIYAKE,NC,NC,NC,NC,undisclosed,-,listing tile read only (US); PDP composition not read; US price $995
Issey Miyake,hp66-jd160,TAILORED PLEATS 3,https://us.isseymiyake.com/products/hp66-jd160,tailoring,code type d = jacket (tailored/no-collar; JP alt ジャケット＆ブルゾン),HOMME PLISSÉ ISSEY MIYAKE,NC,NC,NC,NC,undisclosed,-,listing tile read only (US); PDP composition not read; US price $925
Issey Miyake,hp66-je162,TAILORED PLEATS 3,https://us.isseymiyake.com/products/hp66-je162,other,code type e = vest (JP alt メンズ_トップス_ベスト),HOMME PLISSÉ ISSEY MIYAKE,NC,NC,NC,NC,undisclosed,-,listing tile read only (US); PDP composition not read; US price $595
Issey Miyake,hp66-jf164,TAILORED PLEATS 3,https://us.isseymiyake.com/products/hp66-jf164,trousers,code type f = pants (JP alt メンズ_パンツ),HOMME PLISSÉ ISSEY MIYAKE,NC,NC,NC,NC,undisclosed,-,listing tile read only (US); PDP composition not read; US price $395
Issey Miyake,hp66-kn295,KNIT UNRAVELED,https://us.isseymiyake.com/products/hp66-kn295,knitwear,code k* knit (JP alt メンズ_ニット) (kn295),HOMME PLISSÉ ISSEY MIYAKE,"50% Cotton, 50% Nylon (US PDP)",cotton,50,0,blend,-,US PDP read 2026-10-10; made in Japan; US price $695
Issey Miyake,hp66-kf296,KNIT UNRAVELED,https://us.isseymiyake.com/products/hp66-kf296,knitwear,code k* knit (JP alt メンズ_ニット) (kf296),HOMME PLISSÉ ISSEY MIYAKE,NC,NC,NC,NC,undisclosed,-,listing tile read only (US); PDP composition not read; US price $795
Issey Miyake,hp66-jf260,COLORFUL PLEATS BOTTOMS,https://us.isseymiyake.com/products/hp66-jf260,trousers,code type f = pants (JP alt メンズ_パンツ),HOMME PLISSÉ ISSEY MIYAKE,NC,NC,NC,NC,undisclosed,-,listing tile read only (US); PDP composition not read; US price $395
Issey Miyake,hp66-jg261,COLORFUL PLEATS BOTTOMS,https://us.isseymiyake.com/products/hp66-jg261,skirts,code type g = skirt (JP alt メンズ_スカート),HOMME PLISSÉ ISSEY MIYAKE,NC,NC,NC,NC,undisclosed,-,listing tile read only (US); PDP composition not read; US price $495
Issey Miyake,hp66-jc230,MULTI-FASTENED,https://us.isseymiyake.com/products/hp66-jc230,outerwear,code type c = blouson (JP alt ジャケット＆ブルゾン),HOMME PLISSÉ ISSEY MIYAKE,100% Polyester Lining: 100% Polyester (US PDP),polyester,100,0,synthetic,polyester,US PDP read 2026-10-10; made in Philippines; US price $1150
Issey Miyake,hp66-jm231,MULTI-FASTENED,https://us.isseymiyake.com/products/hp66-jm231,shirts,code type m = shirt/top (JP alt mostly メンズ_トップス_シャツ),HOMME PLISSÉ ISSEY MIYAKE,NC,NC,NC,NC,undisclosed,-,listing tile read only (US); PDP composition not read; US price $940
Issey Miyake,hp66-jf232,MULTI-FASTENED,https://us.isseymiyake.com/products/hp66-jf232,trousers,code type f = pants (JP alt メンズ_パンツ),HOMME PLISSÉ ISSEY MIYAKE,NC,NC,NC,NC,undisclosed,-,listing tile read only (US); PDP composition not read; US price $775
Issey Miyake,hp66-jf163,TAILORED PLEATS 3,https://us.isseymiyake.com/products/hp66-jf163,trousers,code type f = pants (JP alt メンズ_パンツ),HOMME PLISSÉ ISSEY MIYAKE,NC,NC,NC,NC,undisclosed,-,listing tile read only (US); PDP composition not read; US price $475
Issey Miyake,hp66-jk237,AGAVE MESH,https://us.isseymiyake.com/products/hp66-jk237,tees-polos,code type k = top (JP alt メンズ_トップス_トップ),HOMME PLISSÉ ISSEY MIYAKE,100% Polyester (US PDP),polyester,100,0,synthetic,polyester,US PDP read 2026-10-10; made in Japan; US price $645
Issey Miyake,hp66-jk236,AGAVE MESH,https://us.isseymiyake.com/products/hp66-jk236,tees-polos,code type k = top (JP alt メンズ_トップス_トップ),HOMME PLISSÉ ISSEY MIYAKE,NC,NC,NC,NC,undisclosed,-,listing tile read only (US); PDP composition not read; US price $380
Issey Miyake,hp66-jk235,AGAVE MESH,https://us.isseymiyake.com/products/hp66-jk235,tees-polos,code type k = top (JP alt メンズ_トップス_トップ),HOMME PLISSÉ ISSEY MIYAKE,100% Polyester (US PDP),polyester,100,0,synthetic,polyester,US PDP read 2026-10-10; made in Japan; US price $449
Issey Miyake,hp66-jl130,COLOR PLEATS 2,https://us.isseymiyake.com/products/hp66-jl130,other,code type l = pleated cardigan (JP alt メンズ_トップス_カーディガン),HOMME PLISSÉ ISSEY MIYAKE,NC,NC,NC,NC,undisclosed,-,listing tile read only (US); PDP composition not read; US price $525
Issey Miyake,hp66-jf133,COLOR PLEATS 2,https://us.isseymiyake.com/products/hp66-jf133,trousers,code type f = pants (JP alt メンズ_パンツ),HOMME PLISSÉ ISSEY MIYAKE,NC,NC,NC,NC,undisclosed,-,listing tile read only (US); PDP composition not read; US price $475
Issey Miyake,hp66-jf134,COLOR PLEATS 2,https://us.isseymiyake.com/products/hp66-jf134,trousers,code type f = pants (JP alt メンズ_パンツ),HOMME PLISSÉ ISSEY MIYAKE,NC,NC,NC,NC,undisclosed,-,listing tile read only (US); PDP composition not read; US price $425
Issey Miyake,hp66-jk062,MONTHLY COLORS : JUNE,https://us.isseymiyake.com/products/hp66-jk062,tees-polos,code type k = top (JP alt メンズ_トップス_トップ),HOMME PLISSÉ ISSEY MIYAKE,NC,NC,NC,NC,undisclosed,-,listing tile read only (US); PDP composition not read; US price $285
Issey Miyake,hp66-jk063,MONTHLY COLORS : JUNE,https://us.isseymiyake.com/products/hp66-jk063,tees-polos,code type k = top (JP alt メンズ_トップス_トップ),HOMME PLISSÉ ISSEY MIYAKE,NC,NC,NC,NC,undisclosed,-,listing tile read only (US); PDP composition not read; US price $530
Issey Miyake,hp66-jm061,MONTHLY COLORS : JUNE,https://us.isseymiyake.com/products/hp66-jm061,shirts,code type m = shirt/top (JP alt mostly メンズ_トップス_シャツ),HOMME PLISSÉ ISSEY MIYAKE,NC,NC,NC,NC,undisclosed,-,listing tile read only (US); PDP composition not read; US price $430
Issey Miyake,hp66-jf064,MONTHLY COLORS : JUNE,https://us.isseymiyake.com/products/hp66-jf064,trousers,code type f = pants (JP alt メンズ_パンツ),HOMME PLISSÉ ISSEY MIYAKE,NC,NC,NC,NC,undisclosed,-,listing tile read only (US); PDP composition not read; US price $595
Issey Miyake,hp68-jk200,MOTION BLUR,https://us.isseymiyake.com/products/hp68-jk200,tees-polos,code type k = top (JP alt メンズ_トップス_トップ),HOMME PLISSÉ ISSEY MIYAKE,NC,NC,NC,NC,undisclosed,-,listing tile read only (US); PDP composition not read; US price $675
Issey Miyake,hp68-jc201,MOTION BLUR,https://us.isseymiyake.com/products/hp68-jc201,outerwear,code type c = blouson (JP alt ジャケット＆ブルゾン),HOMME PLISSÉ ISSEY MIYAKE,NC,NC,NC,NC,undisclosed,-,listing tile read only (US); PDP composition not read; US price $875
Issey Miyake,hp68-jf202,MOTION BLUR,https://us.isseymiyake.com/products/hp68-jf202,trousers,code type f = pants (JP alt メンズ_パンツ),HOMME PLISSÉ ISSEY MIYAKE,100% Polyester (US PDP),polyester,100,0,synthetic,polyester,US PDP read 2026-10-10; made in Philippines; US price $675
Issey Miyake,hp66-fd185,LINEN LIKE,https://us.isseymiyake.com/products/hp66-fd185,tailoring,code type d = jacket (tailored/no-collar; JP alt ジャケット＆ブルゾン),HOMME PLISSÉ ISSEY MIYAKE,NC,NC,NC,NC,undisclosed,-,listing tile read only (US); PDP composition not read; US price $1215
Issey Miyake,hp66-fc186,LINEN LIKE,https://us.isseymiyake.com/products/hp66-fc186,outerwear,code type c = blouson (JP alt ジャケット＆ブルゾン),HOMME PLISSÉ ISSEY MIYAKE,NC,NC,NC,NC,undisclosed,-,listing tile read only (US); PDP composition not read; US price $1145
Issey Miyake,hp66-ff187,LINEN LIKE,https://us.isseymiyake.com/products/hp66-ff187,trousers,code type f = pants (JP alt メンズ_パンツ),HOMME PLISSÉ ISSEY MIYAKE,NC,NC,NC,NC,undisclosed,-,listing tile read only (US); PDP composition not read; US price $635
Issey Miyake,hp66-ff188,LINEN LIKE,https://us.isseymiyake.com/products/hp66-ff188,trousers,code type f = pants (JP alt メンズ_パンツ),HOMME PLISSÉ ISSEY MIYAKE,NC,NC,NC,NC,undisclosed,-,listing tile read only (US); PDP composition not read; US price $585
Issey Miyake,hp68-fj300,EDGE SHIRT,https://us.isseymiyake.com/products/hp68-fj300,shirts,code type j = shirt (JP alt メンズ_トップス_シャツ),HOMME PLISSÉ ISSEY MIYAKE,100% Polyester (US PDP),polyester,100,0,synthetic,polyester,US PDP read 2026-10-10; made in Philippines; US price $520
Issey Miyake,hp68-fj301,EDGE SHIRT,https://us.isseymiyake.com/products/hp68-fj301,shirts,code type j = shirt (JP alt メンズ_トップス_シャツ),HOMME PLISSÉ ISSEY MIYAKE,NC,NC,NC,NC,undisclosed,-,listing tile read only (US); PDP composition not read; US price $535
Issey Miyake,hp68-jk285,HARD TWIST JERSEY,https://us.isseymiyake.com/products/hp68-jk285,tees-polos,code type k = top (JP alt メンズ_トップス_トップ),HOMME PLISSÉ ISSEY MIYAKE,100% Cotton (US PDP),cotton,100,0,natural,cotton,US PDP read 2026-10-10; made in Japan; US price $260
Issey Miyake,hp66-jk053,MONTHLY COLORS : MAY,https://us.isseymiyake.com/products/hp66-jk053,tees-polos,code type k = top (JP alt メンズ_トップス_トップ),HOMME PLISSÉ ISSEY MIYAKE,NC,NC,NC,NC,undisclosed,-,listing tile read only (US); PDP composition not read; US price $315
Issey Miyake,hp66-jj051,MONTHLY COLORS : MAY,https://us.isseymiyake.com/products/hp66-jj051,shirts,code type j = shirt (JP alt メンズ_トップス_シャツ),HOMME PLISSÉ ISSEY MIYAKE,NC,NC,NC,NC,undisclosed,-,listing tile read only (US); PDP composition not read; US price $525
Issey Miyake,hp66-jk052,MONTHLY COLORS : MAY,https://us.isseymiyake.com/products/hp66-jk052,tees-polos,code type k = top (JP alt メンズ_トップス_トップ),HOMME PLISSÉ ISSEY MIYAKE,NC,NC,NC,NC,undisclosed,-,listing tile read only (US); PDP composition not read; US price $450
Issey Miyake,hp66-jf054,MONTHLY COLORS : MAY,https://us.isseymiyake.com/products/hp66-jf054,trousers,code type f = pants (JP alt メンズ_パンツ),HOMME PLISSÉ ISSEY MIYAKE,100% Polyester (US PDP),polyester,100,0,synthetic,polyester,US PDP read 2026-10-10; made in Philippines; US price $465
Issey Miyake,hp68-jm072,MONTHLY COLORS : JULY,https://us.isseymiyake.com/products/hp68-jm072,shirts,code type m = shirt/top (JP alt mostly メンズ_トップス_シャツ),HOMME PLISSÉ ISSEY MIYAKE,NC,NC,NC,NC,undisclosed,-,listing tile read only (US); PDP composition not read; US price $395
Issey Miyake,hp68-jk073,MONTHLY COLORS : JULY,https://us.isseymiyake.com/products/hp68-jk073,tees-polos,code type k = top (JP alt メンズ_トップス_トップ),HOMME PLISSÉ ISSEY MIYAKE,NC,NC,NC,NC,undisclosed,-,listing tile read only (US); PDP composition not read; US price $320
Issey Miyake,hp68-jl071,MONTHLY COLORS : JULY,https://us.isseymiyake.com/products/hp68-jl071,other,code type l = pleated cardigan (JP alt メンズ_トップス_カーディガン),HOMME PLISSÉ ISSEY MIYAKE,NC,NC,NC,NC,undisclosed,-,listing tile read only (US); PDP composition not read; US price $625
Issey Miyake,hp68-jf074,MONTHLY COLORS : JULY,https://us.isseymiyake.com/products/hp68-jf074,trousers,code type f = pants (JP alt メンズ_パンツ),HOMME PLISSÉ ISSEY MIYAKE,NC,NC,NC,NC,undisclosed,-,listing tile read only (US); PDP composition not read; US price $475
Issey Miyake,hp68-jf248,BLEND OF LIGHTS,https://us.isseymiyake.com/products/hp68-jf248,trousers,code type f = pants (JP alt メンズ_パンツ),HOMME PLISSÉ ISSEY MIYAKE,NC,NC,NC,NC,undisclosed,-,listing tile read only (US); PDP composition not read; US price $925
Issey Miyake,hp68-jf247,BLEND OF LIGHTS,https://us.isseymiyake.com/products/hp68-jf247,trousers,code type f = pants (JP alt メンズ_パンツ),HOMME PLISSÉ ISSEY MIYAKE,NC,NC,NC,NC,undisclosed,-,listing tile read only (US); PDP composition not read; US price $650
Issey Miyake,hp68-ji136,PLEATS BOTTOMS 1,https://us.isseymiyake.com/products/hp68-ji136,jumpsuits,code type i = jumpsuit (JP alt メンズ_ジャンプスーツ),HOMME PLISSÉ ISSEY MIYAKE,100% Polyester (US PDP),polyester,100,0,synthetic,polyester,US PDP read 2026-10-10; made in Philippines; US price $950
Issey Miyake,hp66-fj320,PL RAMIE SHIRT,https://us.isseymiyake.com/products/hp66-fj320,shirts,code type j = shirt (JP alt メンズ_トップス_シャツ),HOMME PLISSÉ ISSEY MIYAKE,NC,NC,NC,NC,undisclosed,-,listing tile read only (US); PDP composition not read; US price $485
Issey Miyake,hp66-fj240,DAWN EDGE SHIRT,https://us.isseymiyake.com/products/hp66-fj240,shirts,code type j = shirt (JP alt メンズ_トップス_シャツ),HOMME PLISSÉ ISSEY MIYAKE,NC,NC,NC,NC,undisclosed,-,listing tile read only (US); PDP composition not read; US price $795
Issey Miyake,hp66-jk365,DAWN SHEER,https://us.isseymiyake.com/products/hp66-jk365,tees-polos,code type k = top (JP alt メンズ_トップス_トップ),HOMME PLISSÉ ISSEY MIYAKE,100% Polyester (US PDP),polyester,100,0,synthetic,polyester,US PDP read 2026-10-10; made in Japan; US price $530
Issey Miyake,hp66-fa340,FRESHEN,https://us.isseymiyake.com/products/hp66-fa340,outerwear,code type a = coat (JP alt メンズ_ジャケット&コート_コート),HOMME PLISSÉ ISSEY MIYAKE,綿 68% ナイロン 32% (JP PDP hp61fa340),cotton,68,0,blend,-,made in Japan; hooded coat; US price $1795
Issey Miyake,hp66-fi341,FRESHEN,https://us.isseymiyake.com/products/hp66-fi341,jumpsuits,code type i = jumpsuit (JP alt メンズ_ジャンプスーツ),HOMME PLISSÉ ISSEY MIYAKE,NC,NC,NC,NC,undisclosed,-,listing tile read only (US); PDP composition not read; US price $1095
Issey Miyake,hp66-ff342,FRESHEN,https://us.isseymiyake.com/products/hp66-ff342,trousers,code type f = pants (JP alt メンズ_パンツ),HOMME PLISSÉ ISSEY MIYAKE,"68% Cotton, 32% Nylon (US PDP)",cotton,68,0,blend,-,US PDP read 2026-10-10; made in Japan; US price $595
Issey Miyake,hp66-je043,MONTHLY COLORS : APRIL,https://us.isseymiyake.com/products/hp66-je043,other,code type e = vest (JP alt メンズ_トップス_ベスト),HOMME PLISSÉ ISSEY MIYAKE,NC,NC,NC,NC,undisclosed,-,listing tile read only (US); PDP composition not read; US price $455
Issey Miyake,hp66-jf044,MONTHLY COLORS : APRIL,https://us.isseymiyake.com/products/hp66-jf044,trousers,code type f = pants (JP alt メンズ_パンツ),HOMME PLISSÉ ISSEY MIYAKE,NC,NC,NC,NC,undisclosed,-,listing tile read only (US); PDP composition not read; US price $485
Issey Miyake,hp66-jj042,MONTHLY COLORS : APRIL,https://us.isseymiyake.com/products/hp66-jj042,shirts,code type j = shirt (JP alt メンズ_トップス_シャツ),HOMME PLISSÉ ISSEY MIYAKE,NC,NC,NC,NC,undisclosed,-,listing tile read only (US); PDP composition not read; US price $515
Issey Miyake,hp66-kn285,WAFER KNIT,https://us.isseymiyake.com/products/hp66-kn285,knitwear,code k* knit (JP alt メンズ_ニット) (kn285),HOMME PLISSÉ ISSEY MIYAKE,"50% Cotton, 50% Polyester (US PDP)",cotton,50,0,blend,-,US PDP read 2026-10-10; made in Japan; US price $610
Issey Miyake,hp66-je220,PAINTER'S GEAR,https://us.isseymiyake.com/products/hp66-je220,other,code type e = vest (JP alt メンズ_トップス_ベスト),HOMME PLISSÉ ISSEY MIYAKE,NC,NC,NC,NC,undisclosed,-,listing tile read only (US); PDP composition not read; US price $415
Issey Miyake,hp66-je221,PAINTER'S GEAR,https://us.isseymiyake.com/products/hp66-je221,other,code type e = vest (JP alt メンズ_トップス_ベスト),HOMME PLISSÉ ISSEY MIYAKE,100% Polyester (US PDP),polyester,100,0,synthetic,polyester,US PDP read 2026-10-10; made in Philippines; US price $560
Issey Miyake,hp66-jf222,PAINTER'S GEAR,https://us.isseymiyake.com/products/hp66-jf222,trousers,code type f = pants (JP alt メンズ_パンツ),HOMME PLISSÉ ISSEY MIYAKE,NC,NC,NC,NC,undisclosed,-,listing tile read only (US); PDP composition not read; US price $495
Issey Miyake,hp66-kn281,RISOTTO KNIT,https://us.isseymiyake.com/products/hp66-kn281,knitwear,code k* knit (JP alt メンズ_ニット) (kn281),HOMME PLISSÉ ISSEY MIYAKE,"Material: 100% Cotton (US PDP; ""organic cotton"" in copy)",cotton,100,0,natural,cotton,US price $750
Issey Miyake,hp66-ko282,RISOTTO KNIT,https://us.isseymiyake.com/products/hp66-ko282,knitwear,code k* knit (JP alt メンズ_ニット) (ko282),HOMME PLISSÉ ISSEY MIYAKE,NC,NC,NC,NC,undisclosed,-,listing tile read only (US); PDP composition not read; US price $825
Issey Miyake,hp66-ji256,PLEATS BOTTOMS 2,https://us.isseymiyake.com/products/hp66-ji256,jumpsuits,code type i = jumpsuit (JP alt メンズ_ジャンプスーツ),HOMME PLISSÉ ISSEY MIYAKE,NC,NC,NC,NC,undisclosed,-,listing tile read only (US); PDP composition not read; US price $1050
Issey Miyake,hp66-je157,TAILORED PLEATS 2,https://us.isseymiyake.com/products/hp66-je157,other,code type e = vest (JP alt メンズ_トップス_ベスト),HOMME PLISSÉ ISSEY MIYAKE,NC,NC,NC,NC,undisclosed,-,listing tile read only (US); PDP composition not read; US price $450
Issey Miyake,hp66-jd155,TAILORED PLEATS 2,https://us.isseymiyake.com/products/hp66-jd155,tailoring,code type d = jacket (tailored/no-collar; JP alt ジャケット＆ブルゾン),HOMME PLISSÉ ISSEY MIYAKE,NC,NC,NC,NC,undisclosed,-,listing tile read only (US); PDP composition not read; US price $925
Issey Miyake,hp66-jf159,TAILORED PLEATS 2,https://us.isseymiyake.com/products/hp66-jf159,trousers,code type f = pants (JP alt メンズ_パンツ),HOMME PLISSÉ ISSEY MIYAKE,NC,NC,NC,NC,undisclosed,-,listing tile read only (US); PDP composition not read; US price $525
Issey Miyake,hp66-jf158,TAILORED PLEATS 2,https://us.isseymiyake.com/products/hp66-jf158,trousers,code type f = pants (JP alt メンズ_パンツ),HOMME PLISSÉ ISSEY MIYAKE,NC,NC,NC,NC,undisclosed,-,listing tile read only (US); PDP composition not read; US price $480
Issey Miyake,hp66-jd156,TAILORED PLEATS 2,https://us.isseymiyake.com/products/hp66-jd156,tailoring,code type d = jacket (tailored/no-collar; JP alt ジャケット＆ブルゾン),HOMME PLISSÉ ISSEY MIYAKE,NC,NC,NC,NC,undisclosed,-,listing tile read only (US); PDP composition not read; US price $1145
Issey Miyake,hp66-jj315,STRIPE JERSEY,https://us.isseymiyake.com/products/hp66-jj315,shirts,code type j = shirt (JP alt メンズ_トップス_シャツ),HOMME PLISSÉ ISSEY MIYAKE,"64% Cotton, 36% Polyester (US PDP)",cotton,64,0,blend,-,US PDP read 2026-10-10; made in Philippines; US price $650
Issey Miyake,hp66-jj316,STRIPE JERSEY,https://us.isseymiyake.com/products/hp66-jj316,shirts,code type j = shirt (JP alt メンズ_トップス_シャツ),HOMME PLISSÉ ISSEY MIYAKE,"64% Cotton, 36% Polyester (US PDP)",cotton,64,0,blend,-,US PDP read 2026-10-10; made in Philippines; US price $610
Issey Miyake,hp66-jf317,STRIPE JERSEY,https://us.isseymiyake.com/products/hp66-jf317,trousers,code type f = pants (JP alt メンズ_パンツ),HOMME PLISSÉ ISSEY MIYAKE,NC,NC,NC,NC,undisclosed,-,listing tile read only (US); PDP composition not read; US price $575
Issey Miyake,hp66-kn287,BRUSH CLOSE-UP KNIT,https://us.isseymiyake.com/products/hp66-kn287,knitwear,code k* knit (JP alt メンズ_ニット) (kn287),HOMME PLISSÉ ISSEY MIYAKE,綿 52% ポリエステル 25% 麻 23% (JP PDP hp61kn287),cotton,52,0,blend,-,made in Japan; crew long-sleeve; 麻 read as linen; US price $415
Issey Miyake,hp66-fc331,CARRIER CARRIED,https://us.isseymiyake.com/products/hp66-fc331,outerwear,code type c = blouson (JP alt ジャケット＆ブルゾン),HOMME PLISSÉ ISSEY MIYAKE,NC,NC,NC,NC,undisclosed,-,listing tile read only (US); PDP composition not read; US price $1425
Issey Miyake,hp66-jk171,COLOR PLEATS 1,https://us.isseymiyake.com/products/hp66-jk171,tees-polos,code type k = top (JP alt メンズ_トップス_トップ),HOMME PLISSÉ ISSEY MIYAKE,NC,NC,NC,NC,undisclosed,-,listing tile read only (US); PDP composition not read; US price $415
Issey Miyake,hp66-jl170,COLOR PLEATS 1,https://us.isseymiyake.com/products/hp66-jl170,other,code type l = pleated cardigan (JP alt メンズ_トップス_カーディガン),HOMME PLISSÉ ISSEY MIYAKE,NC,NC,NC,NC,undisclosed,-,listing tile read only (US); PDP composition not read; US price $545
Issey Miyake,hp66-jf172,COLOR PLEATS 1,https://us.isseymiyake.com/products/hp66-jf172,trousers,code type f = pants (JP alt メンズ_パンツ),HOMME PLISSÉ ISSEY MIYAKE,NC,NC,NC,NC,undisclosed,-,listing tile read only (US); PDP composition not read; US price $485
Issey Miyake,hp66-jk355,COLOR CHIPS T-SHIRT,https://us.isseymiyake.com/products/hp66-jk355,tees-polos,code type k = top (JP alt メンズ_トップス_トップ),HOMME PLISSÉ ISSEY MIYAKE,NC,NC,NC,NC,undisclosed,-,listing tile read only (US); PDP composition not read; US price $300
Issey Miyake,hp66-jc201,COVER AND FOLD,https://us.isseymiyake.com/products/hp66-jc201,outerwear,code type c = blouson (JP alt ジャケット＆ブルゾン),HOMME PLISSÉ ISSEY MIYAKE,"100% Polyester, Lining: 100% Polyester (US PDP)",polyester,100,0,synthetic,polyester,US PDP read 2026-10-10; made in Philippines; US price $995
Issey Miyake,hp66-ja200,COVER AND FOLD,https://us.isseymiyake.com/products/hp66-ja200,outerwear,code type a = coat (JP alt メンズ_ジャケット&コート_コート),HOMME PLISSÉ ISSEY MIYAKE,NC,NC,NC,NC,undisclosed,-,listing tile read only (US); PDP composition not read; US price $1315
Issey Miyake,hp66-jf202,COVER AND FOLD,https://us.isseymiyake.com/products/hp66-jf202,trousers,code type f = pants (JP alt メンズ_パンツ),HOMME PLISSÉ ISSEY MIYAKE,100% Polyester (US PDP),polyester,100,0,synthetic,polyester,US PDP read 2026-10-10; made in Philippines; US price $640
Issey Miyake,hp66-fj306,CRYSTALLINE WOOL BLEND,https://us.isseymiyake.com/products/hp66-fj306,shirts,code type j = shirt (JP alt メンズ_トップス_シャツ),HOMME PLISSÉ ISSEY MIYAKE,"92% Polyester, 8% Wool (US PDP)",polyester,92,0,blend,-,US PDP read 2026-10-10; made in Philippines; US price $525
Issey Miyake,hp66-fj305,CRYSTALLINE WOOL BLEND,https://us.isseymiyake.com/products/hp66-fj305,shirts,code type j = shirt (JP alt メンズ_トップス_シャツ),HOMME PLISSÉ ISSEY MIYAKE,ポリエステル 92% 毛 8% (JP PDP hp61fj305),polyester,92,0,blend,-,made in Philippines; US price $615
Issey Miyake,hp66-fa307,CRYSTALLINE WOOL BLEND,https://us.isseymiyake.com/products/hp66-fa307,outerwear,code type a = coat (JP alt メンズ_ジャケット&コート_コート),HOMME PLISSÉ ISSEY MIYAKE,NC,NC,NC,NC,undisclosed,-,listing tile read only (US); PDP composition not read; US price $1280
Issey Miyake,hp66-fd175,EDGE ENSEMBLE,https://us.isseymiyake.com/products/hp66-fd175,tailoring,code type d = jacket (tailored/no-collar; JP alt ジャケット＆ブルゾン),HOMME PLISSÉ ISSEY MIYAKE,"100% Polyester, Lining: 100% Polyester (US PDP)",polyester,100,0,synthetic,polyester,US PDP read 2026-10-10; made in Philippines; US price $925
Issey Miyake,hp66-fj176,EDGE ENSEMBLE,https://us.isseymiyake.com/products/hp66-fj176,shirts,code type j = shirt (JP alt メンズ_トップス_シャツ),HOMME PLISSÉ ISSEY MIYAKE,NC,NC,NC,NC,undisclosed,-,listing tile read only (US); PDP composition not read; US price $595
Issey Miyake,hp66-ff177,EDGE ENSEMBLE,https://us.isseymiyake.com/products/hp66-ff177,trousers,code type f = pants (JP alt メンズ_パンツ),HOMME PLISSÉ ISSEY MIYAKE,NC,NC,NC,NC,undisclosed,-,listing tile read only (US); PDP composition not read; US price $595
Issey Miyake,hp66-ff178,EDGE ENSEMBLE,https://us.isseymiyake.com/products/hp66-ff178,trousers,code type f = pants (JP alt メンズ_パンツ),HOMME PLISSÉ ISSEY MIYAKE,NC,NC,NC,NC,undisclosed,-,listing tile read only (US); PDP composition not read; US price $625
Issey Miyake,hp66-jk023,MONTHLY COLORS : FEBRUARY,https://us.isseymiyake.com/products/hp66-jk023,tees-polos,code type k = top (JP alt メンズ_トップス_トップ),HOMME PLISSÉ ISSEY MIYAKE,100% Polyester (US PDP),polyester,100,0,synthetic,polyester,US PDP read 2026-10-10; made in Japan; US price $375
Issey Miyake,hp66-jc021,MONTHLY COLORS : FEBRUARY,https://us.isseymiyake.com/products/hp66-jc021,outerwear,code type c = blouson (JP alt ジャケット＆ブルゾン),HOMME PLISSÉ ISSEY MIYAKE,ポリエステル 100% (JP PDP hp61jc021),polyester,100,0,synthetic,polyester,made in Japan; hooded blouson; US price $575
Issey Miyake,hp66-jj022,MONTHLY COLORS : FEBRUARY,https://us.isseymiyake.com/products/hp66-jj022,shirts,code type j = shirt (JP alt メンズ_トップス_シャツ),HOMME PLISSÉ ISSEY MIYAKE,NC,NC,NC,NC,undisclosed,-,listing tile read only (US); PDP composition not read; US price $585
Issey Miyake,hp66-jf024,MONTHLY COLORS : FEBRUARY,https://us.isseymiyake.com/products/hp66-jf024,trousers,code type f = pants (JP alt メンズ_パンツ),HOMME PLISSÉ ISSEY MIYAKE,NC,NC,NC,NC,undisclosed,-,listing tile read only (US); PDP composition not read; US price $465
Issey Miyake,hp66-fj313,EMBROIDERY PRESS SHIRT,https://us.isseymiyake.com/products/hp66-fj313,shirts,code type j = shirt (JP alt メンズ_トップス_シャツ),HOMME PLISSÉ ISSEY MIYAKE,NC,NC,NC,NC,undisclosed,-,listing tile read only (US); PDP composition not read; US price $1195
Issey Miyake,hp66-fj311,EMBROIDERY PRESS SHIRT,https://us.isseymiyake.com/products/hp66-fj311,shirts,code type j = shirt (JP alt メンズ_トップス_シャツ),HOMME PLISSÉ ISSEY MIYAKE,NC,NC,NC,NC,undisclosed,-,listing tile read only (US); PDP composition not read; US price $1015
Issey Miyake,hp66-fj312,EMBROIDERY PRESS SHIRT,https://us.isseymiyake.com/products/hp66-fj312,shirts,code type j = shirt (JP alt メンズ_トップス_シャツ),HOMME PLISSÉ ISSEY MIYAKE,NC,NC,NC,NC,undisclosed,-,listing tile read only (US); PDP composition not read; US price $925
Issey Miyake,hp66-kf277,RUSTIC KNIT,https://us.isseymiyake.com/products/hp66-kf277,knitwear,code k* knit (JP alt メンズ_ニット) (kf277),HOMME PLISSÉ ISSEY MIYAKE,NC,NC,NC,NC,undisclosed,-,listing tile read only (US); PDP composition not read; US price $595
Issey Miyake,hp66-ja011,MONTHLY COLORS : JANUARY,https://us.isseymiyake.com/products/hp66-ja011,outerwear,code type a = coat (JP alt メンズ_ジャケット&コート_コート),HOMME PLISSÉ ISSEY MIYAKE,"100% Polyester, Lining: 100% Polyester (US PDP)",polyester,100,0,synthetic,polyester,US PDP read 2026-10-10; made in Japan; US price $1225
Issey Miyake,hp66-jk012,MONTHLY COLORS : JANUARY,https://us.isseymiyake.com/products/hp66-jk012,tees-polos,code type k = top (JP alt メンズ_トップス_トップ),HOMME PLISSÉ ISSEY MIYAKE,100% Polyester (US PDP),polyester,100,0,synthetic,polyester,US PDP read 2026-10-10; made in Japan; US price $550
Issey Miyake,hp66-jk013,MONTHLY COLORS : JANUARY,https://us.isseymiyake.com/products/hp66-jk013,tees-polos,code type k = top (JP alt メンズ_トップス_トップ),HOMME PLISSÉ ISSEY MIYAKE,100% Polyester (US PDP),polyester,100,0,synthetic,polyester,US PDP read 2026-10-10; made in Japan; US price $365
Issey Miyake,hp66-jf014,MONTHLY COLORS : JANUARY,https://us.isseymiyake.com/products/hp66-jf014,trousers,code type f = pants (JP alt メンズ_パンツ),HOMME PLISSÉ ISSEY MIYAKE,NC,NC,NC,NC,undisclosed,-,listing tile read only (US); PDP composition not read; US price $515
Issey Miyake,hp66-jc031,MONTHLY COLORS : MARCH,https://us.isseymiyake.com/products/hp66-jc031,outerwear,code type c = blouson (JP alt ジャケット＆ブルゾン),HOMME PLISSÉ ISSEY MIYAKE,NC,NC,NC,NC,undisclosed,-,listing tile read only (US); PDP composition not read; US price $930
Issey Miyake,hp66-jk032,MONTHLY COLORS : MARCH,https://us.isseymiyake.com/products/hp66-jk032,tees-polos,code type k = top (JP alt メンズ_トップス_トップ),HOMME PLISSÉ ISSEY MIYAKE,NC,NC,NC,NC,undisclosed,-,listing tile read only (US); PDP composition not read; US price $585
Issey Miyake,hp66-jk033,MONTHLY COLORS : MARCH,https://us.isseymiyake.com/products/hp66-jk033,tees-polos,code type k = top (JP alt メンズ_トップス_トップ),HOMME PLISSÉ ISSEY MIYAKE,100% Polyester (US PDP),polyester,100,0,synthetic,polyester,US PDP read 2026-10-10; made in Philippines; US price $335
Issey Miyake,hp66-jf034,MONTHLY COLORS : MARCH,https://us.isseymiyake.com/products/hp66-jf034,trousers,code type f = pants (JP alt メンズ_パンツ),HOMME PLISSÉ ISSEY MIYAKE,NC,NC,NC,NC,undisclosed,-,listing tile read only (US); PDP composition not read; US price $495
Issey Miyake,hp66-jd216,PAINT BRUSH CLOSE-UP,https://us.isseymiyake.com/products/hp66-jd216,tailoring,code type d = jacket (tailored/no-collar; JP alt ジャケット＆ブルゾン),HOMME PLISSÉ ISSEY MIYAKE,NC,NC,NC,NC,undisclosed,-,listing tile read only (US); PDP composition not read; US price $1695
Issey Miyake,hp66-jf217,PAINT BRUSH CLOSE-UP,https://us.isseymiyake.com/products/hp66-jf217,trousers,code type f = pants (JP alt メンズ_パンツ),HOMME PLISSÉ ISSEY MIYAKE,NC,NC,NC,NC,undisclosed,-,listing tile read only (US); PDP composition not read; US price $795
Issey Miyake,hp66-ji218,PAINT BRUSH CLOSE-UP,https://us.isseymiyake.com/products/hp66-ji218,jumpsuits,code type i = jumpsuit (JP alt メンズ_ジャンプスーツ),HOMME PLISSÉ ISSEY MIYAKE,ポリエステル 100% (JP PDP hp61ji218),polyester,100,0,synthetic,polyester,made in Philippines; US price $1565
Issey Miyake,hp66-ji207,PALETTE,https://us.isseymiyake.com/products/hp66-ji207,jumpsuits,code type i = jumpsuit (JP alt メンズ_ジャンプスーツ),HOMME PLISSÉ ISSEY MIYAKE,NC,NC,NC,NC,undisclosed,-,listing tile read only (US); PDP composition not read; US price $1995
Issey Miyake,hp66-je152,TAILORED PLEATS 1,https://us.isseymiyake.com/products/hp66-je152,other,code type e = vest (JP alt メンズ_トップス_ベスト),HOMME PLISSÉ ISSEY MIYAKE,NC,NC,NC,NC,undisclosed,-,listing tile read only (US); PDP composition not read; US price $350
Issey Miyake,hp66-jd150,TAILORED PLEATS 1,https://us.isseymiyake.com/products/hp66-jd150,tailoring,code type d = jacket (tailored/no-collar; JP alt ジャケット＆ブルゾン),HOMME PLISSÉ ISSEY MIYAKE,"100% Polyester, Lining: 100% Polyester (US PDP)",polyester,100,0,synthetic,polyester,US PDP read 2026-10-10; made in Philippines; US price $970
Issey Miyake,hp66-jd149,TAILORED PLEATS 1,https://us.isseymiyake.com/products/hp66-jd149,tailoring,code type d = jacket (tailored/no-collar; JP alt ジャケット＆ブルゾン),HOMME PLISSÉ ISSEY MIYAKE,ポリエステル 100% 裏地：ポリエステル 100% (JP PDP hp61jd149),polyester,100,0,synthetic,polyester,made in Philippines; US price $1295
Issey Miyake,hp66-jf153,TAILORED PLEATS 1,https://us.isseymiyake.com/products/hp66-jf153,trousers,code type f = pants (JP alt メンズ_パンツ),HOMME PLISSÉ ISSEY MIYAKE,NC,NC,NC,NC,undisclosed,-,listing tile read only (US); PDP composition not read; US price $475
Issey Miyake,hp66-jk350,RELEASE-T 1,https://us.isseymiyake.com/products/hp66-jk350,tees-polos,code type k = top (JP alt メンズ_トップス_トップ),HOMME PLISSÉ ISSEY MIYAKE,NC,NC,NC,NC,undisclosed,-,listing tile read only (US); PDP composition not read; US price $230
Issey Miyake,hp66-jk351,RELEASE-T 1,https://us.isseymiyake.com/products/hp66-jk351,tees-polos,code type k = top (JP alt メンズ_トップス_トップ),HOMME PLISSÉ ISSEY MIYAKE,NC,NC,NC,NC,undisclosed,-,listing tile read only (US); PDP composition not read; US price $295
Issey Miyake,hp66-jf154,TAILORED PLEATS 1,https://us.isseymiyake.com/products/hp66-jf154,trousers,code type f = pants (JP alt メンズ_パンツ),HOMME PLISSÉ ISSEY MIYAKE,NC,NC,NC,NC,undisclosed,-,listing tile read only (US); PDP composition not read; US price $495
Issey Miyake,hp66-fj301,STREAMLINE SHIRT,https://us.isseymiyake.com/products/hp66-fj301,shirts,code type j = shirt (JP alt メンズ_トップス_シャツ),HOMME PLISSÉ ISSEY MIYAKE,NC,NC,NC,NC,undisclosed,-,listing tile read only (US); PDP composition not read; US price $560
Issey Miyake,hp66-fj300,STREAMLINE SHIRT,https://us.isseymiyake.com/products/hp66-fj300,shirts,code type j = shirt (JP alt メンズ_トップス_シャツ),HOMME PLISSÉ ISSEY MIYAKE,100% Cotton (US PDP),cotton,100,0,natural,cotton,US PDP read 2026-10-10; made in Philippines; US price $640
Issey Miyake,hp66-jf250,PLEATS BOTTOMS 1,https://us.isseymiyake.com/products/hp66-jf250,trousers,code type f = pants (JP alt メンズ_パンツ),HOMME PLISSÉ ISSEY MIYAKE,NC,NC,NC,NC,undisclosed,-,listing tile read only (US); PDP composition not read; US price $545
Issey Miyake,hp66-jf251,PLEATS BOTTOMS 1,https://us.isseymiyake.com/products/hp66-jf251,trousers,code type f = pants (JP alt メンズ_パンツ),HOMME PLISSÉ ISSEY MIYAKE,NC,NC,NC,NC,undisclosed,-,listing tile read only (US); PDP composition not read; US price $650
Issey Miyake,hp66-fd181,TUXEDO PLEATS,https://us.isseymiyake.com/products/hp66-fd181,tailoring,code type d = jacket (tailored/no-collar; JP alt ジャケット＆ブルゾン),HOMME PLISSÉ ISSEY MIYAKE,NC,NC,NC,NC,undisclosed,-,listing tile read only (US); PDP composition not read; US price $1595
Issey Miyake,hp66-fe182,TUXEDO PLEATS,https://us.isseymiyake.com/products/hp66-fe182,other,code type e = vest (JP alt メンズ_トップス_ベスト),HOMME PLISSÉ ISSEY MIYAKE,NC,NC,NC,NC,undisclosed,-,listing tile read only (US); PDP composition not read; US price $840
Issey Miyake,hp66-ff183,TUXEDO PLEATS,https://us.isseymiyake.com/products/hp66-ff183,trousers,code type f = pants (JP alt メンズ_パンツ),HOMME PLISSÉ ISSEY MIYAKE,NC,NC,NC,NC,undisclosed,-,listing tile read only (US); PDP composition not read; US price $730
Issey Miyake,hp66-ja210,WEAR OR WRAP,https://us.isseymiyake.com/products/hp66-ja210,outerwear,code type a = coat (JP alt メンズ_ジャケット&コート_コート),HOMME PLISSÉ ISSEY MIYAKE,"100% Polyester, Lining: 100% Polyester (US PDP)",polyester,100,0,synthetic,polyester,US PDP read 2026-10-10; made in Japan; US price $1280
Issey Miyake,hp66-jc211,WEAR OR WRAP,https://us.isseymiyake.com/products/hp66-jc211,outerwear,code type c = blouson (JP alt ジャケット＆ブルゾン),HOMME PLISSÉ ISSEY MIYAKE,NC,NC,NC,NC,undisclosed,-,listing tile read only (US); PDP composition not read; US price $985
Issey Miyake,hp66-jf212,WEAR OR WRAP,https://us.isseymiyake.com/products/hp66-jf212,trousers,code type f = pants (JP alt メンズ_パンツ),HOMME PLISSÉ ISSEY MIYAKE,100% Polyester (US PDP),polyester,100,0,synthetic,polyester,US PDP read 2026-10-10; made in Japan; US price $595
Issey Miyake,hp66-jk213,WEAR OR WRAP,https://us.isseymiyake.com/products/hp66-jk213,tees-polos,code type k = top (JP alt メンズ_トップス_トップ),HOMME PLISSÉ ISSEY MIYAKE,NC,NC,NC,NC,undisclosed,-,listing tile read only (US); PDP composition not read; US price $595
Issey Miyake,hp58-ke282,BASIC KNIT,https://us.isseymiyake.com/products/hp58-ke282,knitwear,code k* knit (JP alt メンズ_ニット) (ke282),HOMME PLISSÉ ISSEY MIYAKE,100% polyester (US PDP),polyester,100,0,synthetic,polyester,US PDP read 2026-10-10; made in Japan; US price $340
Issey Miyake,hp46-jk310,RELEASE-T BASIC,https://us.isseymiyake.com/products/hp46-jk310,tees-polos,code type k = top (JP alt メンズ_トップス_トップ),HOMME PLISSÉ ISSEY MIYAKE,"Material: 100% Cotton (US PDP, code HP55JK310)",cotton,100,0,natural,cotton,JP PDP hp61jk310 states made in Japan; US price $230
Issey Miyake,basics-vest-1,BASICS,https://us.isseymiyake.com/products/basics-vest-1,other,vest (handle),HOMME PLISSÉ ISSEY MIYAKE,NC,NC,NC,NC,undisclosed,-,listing tile read only (US); PDP composition not read; US price $270
Issey Miyake,basics-vest,BASICS,https://us.isseymiyake.com/products/basics-vest,other,vest (handle),HOMME PLISSÉ ISSEY MIYAKE,100% Polyester Lining: 100% Polyester (US PDP),polyester,100,0,synthetic,polyester,US PDP read 2026-10-10; US PDP states no country; US price $450
Issey Miyake,basics-t-shirt-1,BASICS,https://us.isseymiyake.com/products/basics-t-shirt-1,tees-polos,t-shirt (handle),HOMME PLISSÉ ISSEY MIYAKE,NC,NC,NC,NC,undisclosed,-,listing tile read only (US); PDP composition not read; US price $295
Issey Miyake,basics-polo,BASICS,https://us.isseymiyake.com/products/basics-polo,tees-polos,"polo (handle; PDP alt Men's Tops, Shirt)",HOMME PLISSÉ ISSEY MIYAKE,"100% Polyester (US PDP, code HP55JM530)",polyester,100,0,synthetic,polyester,US PDP states no country; US price $330
Issey Miyake,basics-t-shirt-2,BASICS,https://us.isseymiyake.com/products/basics-t-shirt-2,tees-polos,t-shirt (handle),HOMME PLISSÉ ISSEY MIYAKE,NC,NC,NC,NC,undisclosed,-,listing tile read only (US); PDP composition not read; US price $330
Issey Miyake,basics-t-shirt,BASICS,https://us.isseymiyake.com/products/basics-t-shirt,tees-polos,t-shirt (handle),HOMME PLISSÉ ISSEY MIYAKE,"Material: 100% Polyester (US PDP, code HP55JK522)",polyester,100,0,synthetic,polyester,US PDP states no country; US price $355
Issey Miyake,basics-cardigan,BASICS,https://us.isseymiyake.com/products/basics-cardigan,other,cardigan (handle),HOMME PLISSÉ ISSEY MIYAKE,NC,NC,NC,NC,undisclosed,-,listing tile read only (US); PDP composition not read; US price $495
Issey Miyake,basics-jacket,BASICS,https://us.isseymiyake.com/products/basics-jacket,other,jacket (handle); JP code HP55JL540 filed メンズ_トップス_カーディガン; zip sweatshirt,HOMME PLISSÉ ISSEY MIYAKE,"100% Polyester (US PDP, code HP55JL540)",polyester,100,0,synthetic,polyester,US price $500
Issey Miyake,basics-jacket-1,BASICS,https://us.isseymiyake.com/products/basics-jacket-1,outerwear,jacket (handle),HOMME PLISSÉ ISSEY MIYAKE,NC,NC,NC,NC,undisclosed,-,listing tile read only (US); PDP composition not read; US price $910
Issey Miyake,hp57-jd502,BASICS,https://us.isseymiyake.com/products/hp57-jd502,tailoring,code type d = jacket (tailored/no-collar; JP alt ジャケット＆ブルゾン),HOMME PLISSÉ ISSEY MIYAKE,NC,NC,NC,NC,undisclosed,-,listing tile read only (US); PDP composition not read; US price $975
Issey Miyake,basics-pants-2,BASICS,https://us.isseymiyake.com/products/basics-pants-2,trousers,pants (handle),HOMME PLISSÉ ISSEY MIYAKE,NC,NC,NC,NC,undisclosed,-,listing tile read only (US); PDP composition not read; US price $475
Issey Miyake,basics-pants-4,BASICS,https://us.isseymiyake.com/products/basics-pants-4,trousers,pants (handle),HOMME PLISSÉ ISSEY MIYAKE,NC,NC,NC,NC,undisclosed,-,listing tile read only (US); PDP composition not read; US price $475
Issey Miyake,basics-pants-3,BASICS,https://us.isseymiyake.com/products/basics-pants-3,trousers,pants (handle),HOMME PLISSÉ ISSEY MIYAKE,100% Polyester (US PDP),polyester,100,0,synthetic,polyester,US PDP read 2026-10-10; US PDP states no country; US price $450
Issey Miyake,hp66-kf291,INLAID KNIT,https://us.isseymiyake.com/products/hp66-kf291,knitwear,code k* knit (JP alt メンズ_ニット) (kf291),HOMME PLISSÉ ISSEY MIYAKE,NC,NC,NC,NC,undisclosed,-,listing tile read only (US); PDP composition not read; US price $785
Issey Miyake,la68-fd211,GRADATION WOOL,https://us.isseymiyake.com/products/la68-fd211,tailoring,code type d = jacket (tailored/no-collar; JP alt ジャケット＆ブルゾン),IM MEN,毛 100％ 裏地：ポリエステル 100％ (JP PDP la63fd211),wool,100,0,natural,wool,made in Japan; US price $1560
Issey Miyake,la68-fd212,GRADATION WOOL,https://us.isseymiyake.com/products/la68-fd212,tailoring,code type d = jacket (tailored/no-collar; JP alt ジャケット＆ブルゾン),IM MEN,100% Wool Lining: 100% Polyester (US PDP),wool,100,0,natural,wool,US PDP read 2026-10-10; made in Japan; US price $1525
Issey Miyake,la68-ff213,GRADATION WOOL,https://us.isseymiyake.com/products/la68-ff213,trousers,code type f = pants (JP alt メンズ_パンツ),IM MEN,NC,NC,NC,NC,undisclosed,-,listing tile read only (US); PDP composition not read; US price $1295
Issey Miyake,la68-ff214,GRADATION WOOL,https://us.isseymiyake.com/products/la68-ff214,trousers,code type f = pants (JP alt メンズ_パンツ),IM MEN,NC,NC,NC,NC,undisclosed,-,listing tile read only (US); PDP composition not read; US price $820
Issey Miyake,la68-fa221,FULLER WOOL,https://us.isseymiyake.com/products/la68-fa221,outerwear,code type a = coat (JP alt メンズ_ジャケット&コート_コート),IM MEN,NC,NC,NC,NC,undisclosed,-,listing tile read only (US); PDP composition not read; US price $2495
Issey Miyake,la68-fj238,DOUBLE WEAVE CREPE,https://us.isseymiyake.com/products/la68-fj238,shirts,code type j = shirt (JP alt メンズ_トップス_シャツ),IM MEN,100% Cotton (US PDP),cotton,100,0,natural,cotton,US PDP read 2026-10-10; made in Japan; US price $715
Issey Miyake,la68-kn241,RIPPLE KNIT,https://us.isseymiyake.com/products/la68-kn241,knitwear,code k* knit (JP alt メンズ_ニット) (kn241),IM MEN,ポリエステル 100％ (JP PDP la63kn241),polyester,100,0,synthetic,polyester,made in Japan; US price $545
Issey Miyake,la68-fi215,GRADATION WOOL,https://us.isseymiyake.com/products/la68-fi215,jumpsuits,code type i = jumpsuit (JP alt メンズ_ジャンプスーツ),IM MEN,100% Wool Lining: 100% Polyester (US PDP),wool,100,0,natural,wool,US PDP read 2026-10-10; made in Japan; US price $2595
Issey Miyake,la68-fd101,SHRINK WOOL,https://us.isseymiyake.com/products/la68-fd101,tailoring,code type d = jacket (tailored/no-collar; JP alt ジャケット＆ブルゾン),IM MEN,NC,NC,NC,NC,undisclosed,-,listing tile read only (US); PDP composition not read; US price $1395
Issey Miyake,la68-fd096,SHRINK WOOL,https://us.isseymiyake.com/products/la68-fd096,tailoring,code type d = jacket (tailored/no-collar; JP alt ジャケット＆ブルゾン),IM MEN,NC,NC,NC,NC,undisclosed,-,listing tile read only (US); PDP composition not read; US price $1685
Issey Miyake,la68-ff100,SHRINK WOOL,https://us.isseymiyake.com/products/la68-ff100,trousers,code type f = pants (JP alt メンズ_パンツ),IM MEN,NC,NC,NC,NC,undisclosed,-,listing tile read only (US); PDP composition not read; US price $780
Issey Miyake,la68-ff098,SHRINK WOOL,https://us.isseymiyake.com/products/la68-ff098,trousers,code type f = pants (JP alt メンズ_パンツ),IM MEN,100% Wool (US PDP),wool,100,0,natural,wool,US PDP read 2026-10-10; made in Japan; US price $1235
Issey Miyake,la68-fd022,WINGS BLACK,https://us.isseymiyake.com/products/la68-fd022,tailoring,code type d = jacket (tailored/no-collar; JP alt ジャケット＆ブルゾン),IM MEN,NC,NC,NC,NC,undisclosed,-,listing tile read only (US); PDP composition not read; US price $1200
Issey Miyake,la68-ff023,WINGS BLACK,https://us.isseymiyake.com/products/la68-ff023,trousers,code type f = pants (JP alt メンズ_パンツ),IM MEN,100% Polyester (US PDP),polyester,100,0,synthetic,polyester,US PDP read 2026-10-10; made in Japan; US price $710
Issey Miyake,la68-fj173,COTTON YAK,https://us.isseymiyake.com/products/la68-fj173,shirts,code type j = shirt (JP alt メンズ_トップス_シャツ),IM MEN,NC,NC,NC,NC,undisclosed,-,listing tile read only (US); PDP composition not read; US price $675
Issey Miyake,la68-fj172,COTTON YAK,https://us.isseymiyake.com/products/la68-fj172,shirts,code type j = shirt (JP alt メンズ_トップス_シャツ),IM MEN,綿 95％ 毛（ヤク） 5％ (JP PDP la63fj172),cotton,95,0,natural,-,made in Japan; high-neck shirt filed under jackets on JP; US price $780
Issey Miyake,la68-ff174,COTTON YAK,https://us.isseymiyake.com/products/la68-ff174,trousers,code type f = pants (JP alt メンズ_パンツ),IM MEN,NC,NC,NC,NC,undisclosed,-,listing tile read only (US); PDP composition not read; US price $815
Issey Miyake,la68-fj120,DRIP SHIRT,https://us.isseymiyake.com/products/la68-fj120,shirts,code type j = shirt (JP alt メンズ_トップス_シャツ),IM MEN,NC,NC,NC,NC,undisclosed,-,listing tile read only (US); PDP composition not read; US price $795
Issey Miyake,la68-fc165,TOUGH WOOL COTTON,https://us.isseymiyake.com/products/la68-fc165,outerwear,code type c = blouson (JP alt ジャケット＆ブルゾン),IM MEN,"48% Cotton, 32% Linen, 20% Wool (US PDP)",cotton,48,0,natural,-,US PDP read 2026-10-10; made in Japan; US price $1495
Issey Miyake,la68-ff166,TOUGH WOOL COTTON,https://us.isseymiyake.com/products/la68-ff166,trousers,code type f = pants (JP alt メンズ_パンツ),IM MEN,NC,NC,NC,NC,undisclosed,-,listing tile read only (US); PDP composition not read; US price $795
Issey Miyake,la68-fj107,ITAJIME SHIRT,https://us.isseymiyake.com/products/la68-fj107,shirts,code type j = shirt (JP alt メンズ_トップス_シャツ),IM MEN,100% Polyester (US PDP),polyester,100,0,synthetic,polyester,US PDP read 2026-10-10; made in Japan; US price $650
Issey Miyake,la68-fj106,ITAJIME SHIRT,https://us.isseymiyake.com/products/la68-fj106,shirts,code type j = shirt (JP alt メンズ_トップス_シャツ),IM MEN,NC,NC,NC,NC,undisclosed,-,listing tile read only (US); PDP composition not read; US price $695
Issey Miyake,la68-fj180,DAWN RAY SHIRT,https://us.isseymiyake.com/products/la68-fj180,shirts,code type j = shirt (JP alt メンズ_トップス_シャツ),IM MEN,NC,NC,NC,NC,undisclosed,-,listing tile read only (US); PDP composition not read; US price $750
Issey Miyake,la68-ff192,DAWN RAY,https://us.isseymiyake.com/products/la68-ff192,trousers,code type f = pants (JP alt メンズ_パンツ),IM MEN,NC,NC,NC,NC,undisclosed,-,listing tile read only (US); PDP composition not read; US price $1095
Issey Miyake,la68-kn183,MONO-MILANO,https://us.isseymiyake.com/products/la68-kn183,knitwear,code k* knit (JP alt メンズ_ニット) (kn183),IM MEN,"79% Wool, 21% Polyester (US PDP)",wool,79,0,blend,-,US PDP read 2026-10-10; made in Japan; US price $585
Issey Miyake,la68-ff158,BREEZE DRAPE,https://us.isseymiyake.com/products/la68-ff158,trousers,code type f = pants (JP alt メンズ_パンツ),IM MEN,100% Polyester (US PDP),polyester,100,0,synthetic,polyester,US PDP read 2026-10-10; made in Japan; US price $1095
Issey Miyake,la68-fd154,FRONT BACK,https://us.isseymiyake.com/products/la68-fd154,tailoring,code type d = jacket (tailored/no-collar; JP alt ジャケット＆ブルゾン),IM MEN,100% Wool (US PDP),wool,100,0,natural,wool,US PDP read 2026-10-10; made in Japan; US price $1495
Issey Miyake,la68-fa151,FRONT BACK,https://us.isseymiyake.com/products/la68-fa151,outerwear,code type a = coat (JP alt メンズ_ジャケット&コート_コート),IM MEN,毛 100％ (JP PDP la63fa151),wool,100,0,natural,wool,made in Japan; US price $2495
Issey Miyake,la68-ff159,FRONT BACK,https://us.isseymiyake.com/products/la68-ff159,trousers,code type f = pants (JP alt メンズ_パンツ),IM MEN,NC,NC,NC,NC,undisclosed,-,listing tile read only (US); PDP composition not read; US price $795
Issey Miyake,la68-fj177,MERRY SATIN SHIRT,https://us.isseymiyake.com/products/la68-fj177,shirts,code type j = shirt (JP alt メンズ_トップス_シャツ),IM MEN,100% Triacetate (US PDP),triacetate,100,0,cellulosic,triacetate,US PDP read 2026-10-10; made in Japan; US price $715
Issey Miyake,la68-fc044,COMFORT COTTON,https://us.isseymiyake.com/products/la68-fc044,outerwear,code type c = blouson (JP alt ジャケット＆ブルゾン),IM MEN,NC,NC,NC,NC,undisclosed,-,listing tile read only (US); PDP composition not read; US price $1295
Issey Miyake,la68-fc041,COMFORT COTTON,https://us.isseymiyake.com/products/la68-fc041,outerwear,code type c = blouson (JP alt ジャケット＆ブルゾン),IM MEN,100% Cotton (US PDP),cotton,100,0,natural,cotton,US PDP read 2026-10-10; made in Japan; US price $1080
Issey Miyake,la68-ff042,COMFORT COTTON,https://us.isseymiyake.com/products/la68-ff042,trousers,code type f = pants (JP alt メンズ_パンツ),IM MEN,NC,NC,NC,NC,undisclosed,-,listing tile read only (US); PDP composition not read; US price $620
Issey Miyake,la68-ff043,COMFORT COTTON,https://us.isseymiyake.com/products/la68-ff043,trousers,code type f = pants (JP alt メンズ_パンツ),IM MEN,NC,NC,NC,NC,undisclosed,-,listing tile read only (US); PDP composition not read; US price $1040
Issey Miyake,la68-fj123,WHITE SHIRT,https://us.isseymiyake.com/products/la68-fj123,shirts,code type j = shirt (JP alt メンズ_トップス_シャツ),IM MEN,NC,NC,NC,NC,undisclosed,-,listing tile read only (US); PDP composition not read; US price $520
Issey Miyake,la68-fj124,WHITE SHIRT,https://us.isseymiyake.com/products/la68-fj124,shirts,code type j = shirt (JP alt メンズ_トップス_シャツ),IM MEN,NC,NC,NC,NC,undisclosed,-,listing tile read only (US); PDP composition not read; US price $585
Issey Miyake,la68-fc102,EDGE,https://us.isseymiyake.com/products/la68-fc102,outerwear,code type c = blouson (JP alt ジャケット＆ブルゾン),IM MEN,NC,NC,NC,NC,undisclosed,-,listing tile read only (US); PDP composition not read; US price $885
Issey Miyake,la68-ff103,EDGE,https://us.isseymiyake.com/products/la68-ff103,trousers,code type f = pants (JP alt メンズ_パンツ),IM MEN,NC,NC,NC,NC,undisclosed,-,listing tile read only (US); PDP composition not read; US price $625
Issey Miyake,la68-fc091,KASURI,https://us.isseymiyake.com/products/la68-fc091,outerwear,code type c = blouson (JP alt ジャケット＆ブルゾン),IM MEN,100% Cotton (US PDP),cotton,100,0,natural,cotton,US PDP read 2026-10-10; made in Japan; US price $1685
Issey Miyake,la68-ff094,KASURI,https://us.isseymiyake.com/products/la68-ff094,trousers,code type f = pants (JP alt メンズ_パンツ),IM MEN,NC,NC,NC,NC,undisclosed,-,listing tile read only (US); PDP composition not read; US price $875
Issey Miyake,la68-fd033,CLAY,https://us.isseymiyake.com/products/la68-fd033,tailoring,code type d = jacket (tailored/no-collar; JP alt ジャケット＆ブルゾン),IM MEN,NC,NC,NC,NC,undisclosed,-,listing tile read only (US); PDP composition not read; US price $1695
Issey Miyake,la68-ff034,CLAY,https://us.isseymiyake.com/products/la68-ff034,trousers,code type f = pants (JP alt メンズ_パンツ),IM MEN,"44% Nylon, 28% Polyester, 22% Cotton, 6% Polyurethane (US PDP)",polyamide,44,6,blend,-,US PDP read 2026-10-10; made in Japan ; Polyurethane on main line read as elastane; US price $995
Issey Miyake,la68-ff032,CLAY,https://us.isseymiyake.com/products/la68-ff032,trousers,code type f = pants (JP alt メンズ_パンツ),IM MEN,ナイロン 44％ ポリエステル 28％ 綿 22％ ポリウレタン 6％ (JP PDP la63ff032),polyamide,44,6,blend,-,made in Japan; ポリウレタン on a Japanese label read as elastane (spandex); US price $1425
Issey Miyake,la68-jk116,CREPE TUCK JERSEY,https://us.isseymiyake.com/products/la68-jk116,tees-polos,code type k = top (JP alt メンズ_トップス_トップ),IM MEN,"66% Cotton, 34% Polyester (US PDP)",cotton,66,0,blend,-,US PDP read 2026-10-10; made in Japan; US price $290
Issey Miyake,la66-fc211,ELEMENTS,https://us.isseymiyake.com/products/la66-fc211,outerwear,code type c = blouson (JP alt ジャケット＆ブルゾン),IM MEN,綿 100% (JP PDP la61fc211),cotton,100,0,natural,cotton,made in Japan; blouson; US price $3250
Issey Miyake,la66-ff214,ELEMENTS,https://us.isseymiyake.com/products/la66-ff214,trousers,code type f = pants (JP alt メンズ_パンツ),IM MEN,100% Cotton (US PDP),cotton,100,0,natural,cotton,US PDP read 2026-10-10; made in Japan; US price $975
Issey Miyake,la66-ff213,ELEMENTS,https://us.isseymiyake.com/products/la66-ff213,trousers,code type f = pants (JP alt メンズ_パンツ),IM MEN,NC,NC,NC,NC,undisclosed,-,listing tile read only (US); PDP composition not read; US price $1675
Issey Miyake,la66-ff215,ELEMENTS,https://us.isseymiyake.com/products/la66-ff215,trousers,code type f = pants (JP alt メンズ_パンツ),IM MEN,NC,NC,NC,NC,undisclosed,-,listing tile read only (US); PDP composition not read; US price $1550
Issey Miyake,la66-fc212,ELEMENTS,https://us.isseymiyake.com/products/la66-fc212,outerwear,code type c = blouson (JP alt ジャケット＆ブルゾン),IM MEN,NC,NC,NC,NC,undisclosed,-,listing tile read only (US); PDP composition not read; US price $1850
Issey Miyake,la68-fc014,WAFT BLACK,https://us.isseymiyake.com/products/la68-fc014,outerwear,code type c = blouson (JP alt ジャケット＆ブルゾン),IM MEN,NC,NC,NC,NC,undisclosed,-,listing tile read only (US); PDP composition not read; US price $760
Issey Miyake,la68-ff016,WAFT BLACK,https://us.isseymiyake.com/products/la68-ff016,trousers,code type f = pants (JP alt メンズ_パンツ),IM MEN,NC,NC,NC,NC,undisclosed,-,listing tile read only (US); PDP composition not read; US price $615
Issey Miyake,la68-ff015,WAFT BLACK,https://us.isseymiyake.com/products/la68-ff015,trousers,code type f = pants (JP alt メンズ_パンツ),IM MEN,NC,NC,NC,NC,undisclosed,-,listing tile read only (US); PDP composition not read; US price $545
Issey Miyake,la66-fd275,AIR WASH,https://us.isseymiyake.com/products/la66-fd275,tailoring,code type d = jacket (tailored/no-collar; JP alt ジャケット＆ブルゾン),IM MEN,100% Polyester (US PDP),polyester,100,0,synthetic,polyester,US PDP read 2026-10-10; made in Japan; US price $1550
Issey Miyake,la66-ff276,AIR WASH,https://us.isseymiyake.com/products/la66-ff276,trousers,code type f = pants (JP alt メンズ_パンツ),IM MEN,100% Polyester (US PDP),polyester,100,0,synthetic,polyester,US PDP read 2026-10-10; made in Japan; US price $815
Issey Miyake,la66-fd336,PIGMENT DOUBLE FACE COTTON,https://us.isseymiyake.com/products/la66-fd336,tailoring,code type d = jacket (tailored/no-collar; JP alt ジャケット＆ブルゾン),IM MEN,100% Cotton (US PDP),cotton,100,0,natural,cotton,US PDP read 2026-10-10; made in Japan; US price $1395
Issey Miyake,la66-ff337,PIGMENT DOUBLE FACE COTTON,https://us.isseymiyake.com/products/la66-ff337,trousers,code type f = pants (JP alt メンズ_パンツ),IM MEN,NC,NC,NC,NC,undisclosed,-,listing tile read only (US); PDP composition not read; US price $955
Issey Miyake,la68-fj050,140/2 SHIRT,https://us.isseymiyake.com/products/la68-fj050,shirts,code type j = shirt (JP alt メンズ_トップス_シャツ),IM MEN,NC,NC,NC,NC,undisclosed,-,listing tile read only (US); PDP composition not read; US price $620
Issey Miyake,la68-fj049,140/2 SHIRT,https://us.isseymiyake.com/products/la68-fj049,shirts,code type j = shirt (JP alt メンズ_トップス_シャツ),IM MEN,100% Cotton (US PDP),cotton,100,0,natural,cotton,US PDP read 2026-10-10; made in Japan; US price $620
Issey Miyake,la66-ff340,NAVY BOTTOMS,https://us.isseymiyake.com/products/la66-ff340,trousers,code type f = pants (JP alt メンズ_パンツ),IM MEN,NC,NC,NC,NC,undisclosed,-,listing tile read only (US); PDP composition not read; US price $675
Issey Miyake,la66-ff341,NAVY BOTTOMS,https://us.isseymiyake.com/products/la66-ff341,trousers,code type f = pants (JP alt メンズ_パンツ),IM MEN,NC,NC,NC,NC,undisclosed,-,listing tile read only (US); PDP composition not read; US price $695
Issey Miyake,la66-fj344,CURVINESS SHIRT,https://us.isseymiyake.com/products/la66-fj344,shirts,code type j = shirt (JP alt メンズ_トップス_シャツ),IM MEN,NC,NC,NC,NC,undisclosed,-,listing tile read only (US); PDP composition not read; US price $950
Issey Miyake,la66-fc331,CURVINESS,https://us.isseymiyake.com/products/la66-fc331,outerwear,code type c = blouson (JP alt ジャケット＆ブルゾン),IM MEN,"44% Polyester, 36% Cotton, 20% Linen (US PDP)",polyester,44,0,blend,-,US PDP read 2026-10-10; made in Japan; US price $1820
Issey Miyake,la66-ff333,CURVINESS,https://us.isseymiyake.com/products/la66-ff333,trousers,code type f = pants (JP alt メンズ_パンツ),IM MEN,"44% Polyester, 36% Cotton, 20% Linen (US PDP)",polyester,44,0,blend,-,US PDP read 2026-10-10; made in Japan; US price $1050
Issey Miyake,la68-fj046,CLAY SHIRT,https://us.isseymiyake.com/products/la68-fj046,shirts,code type j = shirt (JP alt メンズ_トップス_シャツ),IM MEN,"90% Cotton, 7% Nylon, 3% Polyurethane (US PDP)",cotton,90,3,blend,-,US PDP read 2026-10-10; made in Japan ; Polyurethane on main line read as elastane; US price $780
Issey Miyake,la68-fj045,CLAY SHIRT,https://us.isseymiyake.com/products/la68-fj045,shirts,code type j = shirt (JP alt メンズ_トップス_シャツ),IM MEN,NC,NC,NC,NC,undisclosed,-,listing tile read only (US); PDP composition not read; US price $895
Issey Miyake,la66-ff217,EDGE,https://us.isseymiyake.com/products/la66-ff217,trousers,code type f = pants (JP alt メンズ_パンツ),IM MEN,NC,NC,NC,NC,undisclosed,-,listing tile read only (US); PDP composition not read; US price $795
Issey Miyake,la68-fc061,FLUENT,https://us.isseymiyake.com/products/la68-fc061,outerwear,code type c = blouson (JP alt ジャケット＆ブルゾン),IM MEN,NC,NC,NC,NC,undisclosed,-,listing tile read only (US); PDP composition not read; US price $1085
Issey Miyake,la68-ff062,FLUENT,https://us.isseymiyake.com/products/la68-ff062,trousers,code type f = pants (JP alt メンズ_パンツ),IM MEN,NC,NC,NC,NC,undisclosed,-,listing tile read only (US); PDP composition not read; US price $715
Issey Miyake,la68-fj001,COMPACT SHIRT BLACK,https://us.isseymiyake.com/products/la68-fj001,shirts,code type j = shirt (JP alt メンズ_トップス_シャツ),IM MEN,NC,NC,NC,NC,undisclosed,-,listing tile read only (US); PDP composition not read; US price $445
Issey Miyake,la68-fj051,140/2 SHIRT,https://us.isseymiyake.com/products/la68-fj051,shirts,code type j = shirt (JP alt メンズ_トップス_シャツ),IM MEN,NC,NC,NC,NC,undisclosed,-,listing tile read only (US); PDP composition not read; US price $745
Issey Miyake,la66-fj288,COMPACT SHIRT,https://us.isseymiyake.com/products/la66-fj288,shirts,code type j = shirt (JP alt メンズ_トップス_シャツ),IM MEN,NC,NC,NC,NC,undisclosed,-,listing tile read only (US); PDP composition not read; US price $445
Issey Miyake,la68-ff230,SUAVE,https://us.isseymiyake.com/products/la68-ff230,trousers,code type f = pants (JP alt メンズ_パンツ),IM MEN,NC,NC,NC,NC,undisclosed,-,listing tile read only (US); PDP composition not read; US price $750
Issey Miyake,la68-ff231,SUAVE,https://us.isseymiyake.com/products/la68-ff231,trousers,code type f = pants (JP alt メンズ_パンツ),IM MEN,"50% Wool, 50% Polyester (US PDP)",wool,50,0,blend,-,US PDP read 2026-10-10; made in Japan; US price $625
Issey Miyake,la66-fe226,RESILIENCE,https://us.isseymiyake.com/products/la66-fe226,other,code type e = vest (JP alt メンズ_トップス_ベスト),IM MEN,100% Polyester (US PDP),polyester,100,0,synthetic,polyester,US PDP read 2026-10-10; made in Japan; US price $775
Issey Miyake,la66-fd224,RESILIENCE,https://us.isseymiyake.com/products/la66-fd224,tailoring,code type d = jacket (tailored/no-collar; JP alt ジャケット＆ブルゾン),IM MEN,NC,NC,NC,NC,undisclosed,-,listing tile read only (US); PDP composition not read; US price $1245
Issey Miyake,la66-ff225,RESILIENCE,https://us.isseymiyake.com/products/la66-ff225,trousers,code type f = pants (JP alt メンズ_パンツ),IM MEN,NC,NC,NC,NC,undisclosed,-,listing tile read only (US); PDP composition not read; US price $850
Issey Miyake,la66-fj348,DOUBLE FACE COTTON SHIRT,https://us.isseymiyake.com/products/la66-fj348,shirts,code type j = shirt (JP alt メンズ_トップス_シャツ),IM MEN,100% Cotton (US PDP),cotton,100,0,natural,cotton,US PDP read 2026-10-10; made in Japan; US price $675
Issey Miyake,la66-fe272,KAIYU,https://us.isseymiyake.com/products/la66-fe272,other,code type e = vest (JP alt メンズ_トップス_ベスト),IM MEN,"50% Composite Fiber (Polyester), 50% Polyester (US PDP)",polyester,50,0,synthetic,polyester,US PDP read 2026-10-10; made in Japan; US price $1390
Issey Miyake,la66-ff274,KAIYU,https://us.isseymiyake.com/products/la66-ff274,trousers,code type f = pants (JP alt メンズ_パンツ),IM MEN,NC,NC,NC,NC,undisclosed,-,listing tile read only (US); PDP composition not read; US price $1275
Issey Miyake,la66-ff275,KAIYU,https://us.isseymiyake.com/products/la66-ff275,trousers,code type f = pants (JP alt メンズ_パンツ),IM MEN,NC,NC,NC,NC,undisclosed,-,listing tile read only (US); PDP composition not read; US price $975
Issey Miyake,la68-ff227,OVERLAP,https://us.isseymiyake.com/products/la68-ff227,trousers,code type f = pants (JP alt メンズ_パンツ),IM MEN,"55% Cotton, 45% Nylon (US PDP)",cotton,55,0,blend,-,US PDP read 2026-10-10; made in Japan; US price $795
Issey Miyake,la68-fd031,CLAY,https://us.isseymiyake.com/products/la68-fd031,tailoring,code type d = jacket (tailored/no-collar; JP alt ジャケット＆ブルゾン),IM MEN,NC,NC,NC,NC,undisclosed,-,listing tile read only (US); PDP composition not read; US price $1950
Issey Miyake,la68-fu003,SWING BLACK,https://us.isseymiyake.com/products/la68-fu003,outerwear,code type u = jacket (JP alt ジャケット＆ブルゾン),IM MEN,ポリエステル 100% (JP PDP la61fu003),polyester,100,0,synthetic,polyester,made in Japan; US price $745
Johnston & Murphy,14869,Weaver Crew Pullover,https://www.johnstonmurphy.com/p/mens-apparel-new-arrivals/weaver-crew-pullover/14869.html,knitwear,Sweaters & Knits (Pullovers),-,Viscose/poly/nylon.,viscose,ND,0,blend,-,PDP read 2026-10-10. No percentages published; lead fibre = first listed. Imported; $109.50.
Johnston & Murphy,4647,Vintage Slub Polo,https://www.johnstonmurphy.com/p/mens-polos-tees/vintage-slub-polo/4647.html,tees-polos,Polos & Tees,-,Modal/poly.,modal,ND,0,blend,-,PDP read 2026-10-10. No percentages published; lead fibre = first listed. Imported; $89.50; 28 colours.
Johnston & Murphy,14689,Vintage Slub V-Neck Polo,https://www.johnstonmurphy.com/p/mens-polo-short-sleeve-shirts/vintage-slub-v-neck-polo/14689.html,tees-polos,Polos & Tees,-,Modal/poly,modal,ND,0,blend,-,"PDP read 2026-10-10. No percentages published; lead fibre = first listed. Imported; $79.50 compare-at, $59.99 on markdown."
Johnston & Murphy,14768,XC+™ Ace Performance Polo,https://www.johnstonmurphy.com/p/mens-polos-tees/xc-ace-performance-polo/14768.html,tees-polos,Polos & Tees,XC+,Poly/spandex.,polyester,ND,ND,synthetic,-,"PDP read 2026-10-10. No percentages published; lead fibre = first listed. Spandex present, share not published. Imported; $99.50."
Johnston & Murphy,14867,Quincy Ribbed Long-Sleeve Polo,https://www.johnstonmurphy.com/p/mens-apparel-new-arrivals/quincy-ribbed-long-sleeve-polo/14867.html,tees-polos,Polos & Tees,-,Cotton/poly/rayon.,cotton,ND,0,blend,-,PDP read 2026-10-10. No percentages published; lead fibre = first listed. Imported; $109.50.
Johnston & Murphy,14120,Essential Long-Sleeve Tee,https://www.johnstonmurphy.com/p/shops-men-braydon/essential-long-sleeve-tee/14120.html,tees-polos,Polos & Tees,-,Pima cotton/modal/spandex.,cotton,ND,ND,blend,-,"PDP read 2026-10-10. No percentages published; lead fibre = first listed. Spandex present, share not published. Imported; $79.50."
Johnston & Murphy,14634,Ovation Non-Iron Dress Shirt,https://www.johnstonmurphy.com/p/mens-button-up-shirts/ovation-non-iron-dress-shirt/14634.html,shirts,Shirts,-,Cotton.,cotton,100,0,natural,cotton,PDP read 2026-10-10. Single named fibre read as 100%. Imported; $129.50; 30 colourways.
Johnston & Murphy,14785,Logan Printed Long-Sleeve Shirt,https://www.johnstonmurphy.com/p/mens-button-up-shirts/logan-printed-long-sleeve-shirt/14785.html,shirts,Shirts,-,Cotton/spandex.,cotton,ND,ND,blend,-,"PDP read 2026-10-10. No percentages published; lead fibre = first listed. Spandex present, share not published. Imported; $129.50."
Johnston & Murphy,14654,XC+™ Motion Long-Sleeve Dress Knit Shirt,https://www.johnstonmurphy.com/p/mens-button-up-shirts/xc-motion-long-sleeve-dress-knit-shirt/14654.html,shirts,Shirts,XC+,Nylon/spandex.,polyamide,ND,ND,synthetic,-,"PDP read 2026-10-10. No percentages published; lead fibre = first listed. Spandex present, share not published. Imported; $129.50."
Johnston & Murphy,14678,Huntley Mélange Shirt,https://www.johnstonmurphy.com/p/mens-button-up-shirts/huntley-m%C3%A9lange-shirt/14678.html,shirts,Shirts,-,Cotton.,cotton,100,0,natural,cotton,PDP read 2026-10-10. Single named fibre read as 100%. Imported; $129.50.
Johnston & Murphy,14886,Cutler Corduroy Shirt,https://www.johnstonmurphy.com/p/mens-apparel-new-arrivals/cutler-corduroy-shirt/14886.html,shirts,Shirts,-,Cotton/spandex.,cotton,ND,ND,blend,-,"PDP read 2026-10-10. No percentages published; lead fibre = first listed. Spandex present, share not published. Imported; $129.50."
Johnston & Murphy,14810,Patterned Full-Zip,https://www.johnstonmurphy.com/p/mens-sweaters-knits/patterned-full-zip/14810.html,knitwear,Sweaters & Knits (Full-Zips),-,Poly/rayon/spandex,polyester,ND,ND,blend,-,"PDP read 2026-10-10. No percentages published; lead fibre = first listed. Spandex present, share not published. Imported; $199.50."
Johnston & Murphy,14728,Icon Reversible Quarter-Zip,https://www.johnstonmurphy.com/p/mens-sweaters-quarterzip/icon-reversible-quarter-zip/14728.html,knitwear,Quarter Zips,Icon,Cotton/poly/rayon.,cotton,ND,0,blend,-,PDP read 2026-10-10. No percentages published; lead fibre = first listed. Imported; $129.50; 18 colours.
Johnston & Murphy,14878,Merritt Quarter-Zip,https://www.johnstonmurphy.com/p/mens-sweaters-quarterzip/merritt-quarter-zip/14878.html,knitwear,Quarter Zips,-,Poly/rayon/wool.,polyester,ND,0,blend,-,PDP read 2026-10-10. No percentages published; lead fibre = first listed. Imported; $139.50.
Johnston & Murphy,14630,Faux-Suede Full-Zip,https://www.johnstonmurphy.com/p/mens-sweaters-fullzip/faux-suede-full-zip/14630.html,knitwear,"Sweaters & Knits (Full-Zips); also on Coats, Jackets & Vests grid",-,Poly/spandex faux suede; cotton/poly knit.,polyester,ND,ND,synthetic,-,PDP read 2026-10-10. No percentages published; lead fibre = first listed. First component (faux suede) read as main line; spandex present. Assigned knitwear by house sub-category. Imported; $159.50.
Johnston & Murphy,14237,Upton Car Coat,https://www.johnstonmurphy.com/p/mens-coats-jackets-vests/upton-car-coat/14237.html,outerwear,"Coats, Jackets & Vests",Upton,ND,ND,ND,ND,undisclosed,-,"PDP read 2026-10-10. Page says only 'In various fabric blends that combine poly, wool, rayon, and other fibers'; no per-colour composition. Imported; $329.50."
Johnston & Murphy,14773,Water Resistant Full Zip,https://www.johnstonmurphy.com/p/mens-coats-jackets-vests/water-resistant-full-zip/14773.html,outerwear,"Coats, Jackets & Vests",-,Poly/nylon.,polyester,ND,0,synthetic,-,"PDP read 2026-10-10. No percentages published; lead fibre = first listed. Lining cotton/poly body, poly sleeve. Imported; $229.50."
Johnston & Murphy,14722,Upton City Coat,https://www.johnstonmurphy.com/p/mens-coats-jackets-vests/upton-city-coat/14722.html,outerwear,"Coats, Jackets & Vests",Upton,Poly with polyfill.,polyester,100,0,synthetic,polyester,PDP read 2026-10-10. Single named fibre read as 100%. Imported; $299.50.
Johnston & Murphy,14228,Denim Jeans,https://www.johnstonmurphy.com/p/mens-pants-jeans/denim-jeans/14228.html,denim,Pants & Jeans,-,Cotton/spandex.,cotton,ND,ND,blend,-,PDP read 2026-10-10. No percentages published; lead fibre = first listed. Spandex present. Denim 'from a top European mill' (unnamed). Imported; $129.50.
Johnston & Murphy,14600,XC Flex® Pinnacle Pants,https://www.johnstonmurphy.com/p/mens-pants-xc-flex/xc-flex-pinnacle-pants/14600.html,trousers,Pants & Jeans,XC Flex,Poly/rayon/spandex.,polyester,ND,ND,blend,-,PDP read 2026-10-10. No percentages published; lead fibre = first listed. Spandex present. Imported; $129.50.
Johnston & Murphy,14181,Washed Chinos,https://www.johnstonmurphy.com/p/mens-bottoms-pants-jeans/washed-chinos/14181.html,trousers,Pants & Jeans,-,garment-dyed cotton/Tencel®/Lycra® twill,cotton,ND,ND,blend,-,PDP read 2026-10-10. No percentages published; lead fibre = first listed. Lycra (elastane) present. Imported; $129.50.
Johnston & Murphy,10939,Nolan Five-Pocket Pants,https://www.johnstonmurphy.com/p/mens-bottoms-pants-jeans/nolan-five-pocket-pants/10939.html,trousers,Pants & Jeans,-,Smooth Pima cotton/spandex.,cotton,ND,ND,blend,-,PDP read 2026-10-10. No percentages published; lead fibre = first listed. Spandex present. Imported; $129.50.
Johnston & Murphy,14699,XC+™ Ultimate Performance Pants,https://www.johnstonmurphy.com/p/mens-bottoms-pants-jeans/xc-ultimate-performance-pants/14699.html,trousers,Pants & Jeans,XC+,Poly/spandex.,polyester,ND,ND,synthetic,-,PDP read 2026-10-10. No percentages published; lead fibre = first listed. Spandex present. Imported; $129.50.
Johnston & Murphy,14851,Townsend Dress Wool Blazer,https://www.johnstonmurphy.com/p/mens-blazers/townsend-dress-wool-blazer/14851.html,tailoring,Blazers,-,Wool. (lining: Poly print lining.),wool,100,0,natural,wool,PDP read 2026-10-10. Shell single named fibre read as 100%. Imported; $329.50.
Johnston & Murphy,14900,Collegiate XC+™ State Print Quarter-Zip,https://www.johnstonmurphy.com/p/licensed-collegiate-collection/collegiate-xc-state-print-quarter-zip/14900.html,knitwear,Licensed Collegiate Collection,Licensed Collegiate Collection;XC+,NC,NC,NC,NC,undisclosed,-,"Listing tile only (2026-10-10); product page not opened, composition NC (not ND). Title and URL from the category/search grid; URL path as the grid gives it."
Johnston & Murphy,14917,Collegiate XC+™ Gingham Polo,https://www.johnstonmurphy.com/p/licensed-collegiate-collection/collegiate-xc-gingham-polo/14917.html,tees-polos,Licensed Collegiate Collection,Licensed Collegiate Collection;XC+,NC,NC,NC,NC,undisclosed,-,"Listing tile only (2026-10-10); product page not opened, composition NC (not ND). Title and URL from the category/search grid; URL path as the grid gives it."
Johnston & Murphy,14899,Collegiate XC+™ State Print Polo,https://www.johnstonmurphy.com/p/licensed-collegiate-collection/collegiate-xc-state-print-polo/14899.html,tees-polos,Licensed Collegiate Collection,Licensed Collegiate Collection;XC+,NC,NC,NC,NC,undisclosed,-,"Listing tile only (2026-10-10); product page not opened, composition NC (not ND). Title and URL from the category/search grid; URL path as the grid gives it."
Johnston & Murphy,14898,Collegiate XC+™ Multi Sport Print Polo,https://www.johnstonmurphy.com/p/licensed-collegiate-collection/collegiate-xc%C2%AD-multi-sport-print-polo/14898.html,tees-polos,Licensed Collegiate Collection,Licensed Collegiate Collection;XC+,NC,NC,NC,NC,undisclosed,-,"Listing tile only (2026-10-10); product page not opened, composition NC (not ND). Title and URL from the category/search grid; URL path as the grid gives it."
Johnston & Murphy,14230,Vintage Slub Long-Sleeve Polo,NC,tees-polos,Polos & Tees,-,NC,NC,NC,NC,undisclosed,-,"Listing tile only (2026-10-10); product page not opened, composition NC (not ND). Title and URL from the category/search grid; URL path as the grid gives it."
Johnston & Murphy,14868,Sedona Long-Sleeve V-Neck Polo,https://www.johnstonmurphy.com/p/mens-apparel-new-arrivals/sedona-long-sleeve-v-neck-polo/14868.html,tees-polos,Polos & Tees,-,NC,NC,NC,NC,undisclosed,-,"Listing tile only (2026-10-10); product page not opened, composition NC (not ND). Title and URL from the category/search grid; URL path as the grid gives it."
Johnston & Murphy,14753,Game Day XC+™ Multi-Sport Print Polo,https://www.johnstonmurphy.com/p/mens-polos-tees/game-day-xc-multi-sport-print-polo/14753.html,tees-polos,Polos & Tees,Game Day Collection;XC+,NC,NC,NC,NC,undisclosed,-,"Listing tile only (2026-10-10); product page not opened, composition NC (not ND). Title and URL from the category/search grid; URL path as the grid gives it."
Johnston & Murphy,14854,Game Day XC+™ Baseball Print Polo,https://www.johnstonmurphy.com/p/mens-polos-tees/game-day-xc-baseball-print-polo/14854.html,tees-polos,Polos & Tees,Game Day Collection;XC+,NC,NC,NC,NC,undisclosed,-,"Listing tile only (2026-10-10); product page not opened, composition NC (not ND). Title and URL from the category/search grid; URL path as the grid gives it."
Johnston & Murphy,14750,Game Day XC4® Goal Post Print Polo,https://www.johnstonmurphy.com/p/mens-polos-tees/game-day-xc4-goal-post-print-polo/14750.html,tees-polos,Polos & Tees,Game Day Collection;XC4,NC,NC,NC,NC,undisclosed,-,"Listing tile only (2026-10-10); product page not opened, composition NC (not ND). Title and URL from the category/search grid; URL path as the grid gives it."
Johnston & Murphy,14853,Game Day XC+™ Basketball Print Polo,https://www.johnstonmurphy.com/p/mens-polos-tees/game-day-xc-basketball-print-polo/14853.html,tees-polos,Polos & Tees,Game Day Collection;XC+,NC,NC,NC,NC,undisclosed,-,"Listing tile only (2026-10-10); product page not opened, composition NC (not ND). Title and URL from the category/search grid; URL path as the grid gives it."
Johnston & Murphy,14897,Game Day XC+™ Helmet-and-Football Print Polo,https://www.johnstonmurphy.com/p/gameday-polos/game-day-xc-helmet-and-football-print-polo/14897.html,tees-polos,Polos & Tees,Game Day Collection;XC+,NC,NC,NC,NC,undisclosed,-,"Listing tile only (2026-10-10); product page not opened, composition NC (not ND). Title and URL from the category/search grid; URL path as the grid gives it."
Johnston & Murphy,14893,Cochran Long-Sleeve Zip Polo,https://www.johnstonmurphy.com/p/mens-polos-tees/cochran-long-sleeve-zip-polo/14893.html,tees-polos,Polos & Tees,-,NC,NC,NC,NC,undisclosed,-,"Listing tile only (2026-10-10); product page not opened, composition NC (not ND). Title and URL from the category/search grid; URL path as the grid gives it."
Johnston & Murphy,14690,Evans Jacquard Polo,https://www.johnstonmurphy.com/p/mens-shortsleeves-polos/evans-jacquard-polo/14690.html,tees-polos,Polos & Tees,-,NC,NC,NC,NC,undisclosed,-,"Listing tile only (2026-10-10); product page not opened, composition NC (not ND). Title and URL from the category/search grid; URL path as the grid gives it."
Johnston & Murphy,14077,Printed Cotton Shirt,https://www.johnstonmurphy.com/p/mens-button-up-shirts/printed-cotton-shirt/14077.html,shirts,Shirts,-,NC,NC,NC,NC,undisclosed,-,"Listing tile only (2026-10-10); product page not opened, composition NC (not ND). Title and URL from the category/search grid; URL path as the grid gives it."
Johnston & Murphy,14717,XC+™ Motion Long-Sleeve Print Knit Shirt,https://www.johnstonmurphy.com/p/mens-button-up-shirts/xc-motion-long-sleeve-print-knit-shirt/14717.html,shirts,Shirts,XC+,NC,NC,NC,NC,undisclosed,-,"Listing tile only (2026-10-10); product page not opened, composition NC (not ND). Title and URL from the category/search grid; URL path as the grid gives it."
Johnston & Murphy,10138,Eason Knit Shirt,https://www.johnstonmurphy.com/p/mens-sale-shirts/eason-knit-shirt/10138.html,shirts,Shirts,-,NC,NC,NC,NC,undisclosed,-,"Listing tile only (2026-10-10); product page not opened, composition NC (not ND). Title and URL from the category/search grid; URL path as the grid gives it."
Johnston & Murphy,14752,Game Day XC+™ Long-Sleeve Gingham Shirt,https://www.johnstonmurphy.com/p/mens-button-up-shirts/game-day-xc-long-sleeve-gingham-shirt/14752.html,shirts,Shirts,Game Day Collection;XC+,NC,NC,NC,NC,undisclosed,-,"Listing tile only (2026-10-10); product page not opened, composition NC (not ND). Title and URL from the category/search grid; URL path as the grid gives it."
Johnston & Murphy,14891,XC Flex® Ascend Long-Sleeve Shirt,https://www.johnstonmurphy.com/p/mens-apparel-new-arrivals/xc-flex-ascend-long-sleeve-shirt/14891.html,shirts,Shirts,XC Flex,NC,NC,NC,NC,undisclosed,-,"Listing tile only (2026-10-10); product page not opened, composition NC (not ND). Title and URL from the category/search grid; URL path as the grid gives it."
Johnston & Murphy,14892,Collin Jacquard Shirt,https://www.johnstonmurphy.com/p/mens-apparel-new-arrivals/collin-jacquard-shirt/14892.html,shirts,Shirts,-,NC,NC,NC,NC,undisclosed,-,"Listing tile only (2026-10-10); product page not opened, composition NC (not ND). Title and URL from the category/search grid; URL path as the grid gives it."
Johnston & Murphy,14885,Lane Printed Shirt,https://www.johnstonmurphy.com/p/mens-apparel-new-arrivals/lane-printed-shirt/14885.html,shirts,Shirts,-,NC,NC,NC,NC,undisclosed,-,"Listing tile only (2026-10-10); product page not opened, composition NC (not ND). Title and URL from the category/search grid; URL path as the grid gives it."
Johnston & Murphy,14896,Game Day XC+™ Long-Sleeve Football Print Shirt,https://www.johnstonmurphy.com/p/gameday-longsleeves/game-day-xc-long-sleeve-football-print-shirt/14896.html,shirts,Shirts,Game Day Collection;XC+,NC,NC,NC,NC,undisclosed,-,"Listing tile only (2026-10-10); product page not opened, composition NC (not ND). Title and URL from the category/search grid; URL path as the grid gives it."
Johnston & Murphy,14761,Textured Shirt Jacket,https://www.johnstonmurphy.com/p/mens-apparel-new-arrivals/textured-shirt-jacket/14761.html,shirts,Shirts (Shirt Jackets & Overshirts),-,NC,NC,NC,NC,undisclosed,-,"Listing tile only (2026-10-10); product page not opened, composition NC (not ND). Title and URL from the category/search grid; URL path as the grid gives it."
Johnston & Murphy,14863,Heathered Full-Zip,https://www.johnstonmurphy.com/p/mens-apparel-new-arrivals/heathered-full-zip/14863.html,knitwear,Sweaters & Knits (Full-Zips),-,NC,NC,NC,NC,undisclosed,-,"Listing tile only (2026-10-10); product page not opened, composition NC (not ND). Title and URL from the category/search grid; URL path as the grid gives it."
Johnston & Murphy,14860,Brushed Twill Full-Zip,https://www.johnstonmurphy.com/p/mens-apparel-new-arrivals/brushed-twill-full-zip/14860.html,knitwear,Sweaters & Knits (Full-Zips),-,NC,NC,NC,NC,undisclosed,-,"Listing tile only (2026-10-10); product page not opened, composition NC (not ND). Title and URL from the category/search grid; URL path as the grid gives it."
Johnston & Murphy,14865,Twill Knit Shirt Jacket,https://www.johnstonmurphy.com/p/mens-sweaters-knits/twill-knit-shirt-jacket/14865.html,knitwear,Sweaters & Knits (Shirt Jackets & Overshirts),-,NC,NC,NC,NC,undisclosed,-,"Listing tile only (2026-10-10); product page not opened, composition NC (not ND). Title and URL from the category/search grid; URL path as the grid gives it."
Johnston & Murphy,14861,Marled Sweater Full-Zip,https://www.johnstonmurphy.com/p/mens-apparel-new-arrivals/marled-sweater-full-zip/14861.html,knitwear,Sweaters & Knits (Full-Zips),-,NC,NC,NC,NC,undisclosed,-,"Listing tile only (2026-10-10); product page not opened, composition NC (not ND). Title and URL from the category/search grid; URL path as the grid gives it."
Johnston & Murphy,14866,Marled Plaid Shirt Jacket,https://www.johnstonmurphy.com/p/mens-sweaters-knits/marled-plaid-shirt-jacket/14866.html,knitwear,Sweaters & Knits (Shirt Jackets & Overshirts),-,NC,NC,NC,NC,undisclosed,-,"Listing tile only (2026-10-10); product page not opened, composition NC (not ND). Title and URL from the category/search grid; URL path as the grid gives it."
Johnston & Murphy,14862,Brushed Full-Zip,https://www.johnstonmurphy.com/p/mens-apparel-new-arrivals/brushed-full-zip/14862.html,knitwear,Sweaters & Knits (Full-Zips),-,NC,NC,NC,NC,undisclosed,-,"Listing tile only (2026-10-10); product page not opened, composition NC (not ND). Title and URL from the category/search grid; URL path as the grid gives it."
Johnston & Murphy,14729,Icon Reversible Hooded Pullover,https://www.johnstonmurphy.com/p/mens-sweaters-pullover/icon-reversible-hooded-pullover/14729.html,knitwear,Sweaters & Knits (Pullovers),Icon,NC,NC,NC,NC,undisclosed,-,"Listing tile only (2026-10-10); product page not opened, composition NC (not ND). Title and URL from the category/search grid; URL path as the grid gives it."
Johnston & Murphy,14811,Westcott Quarter-Snap Pullover,https://www.johnstonmurphy.com/p/mens-sweaters-knits/westcott-quarter-snap-pullover/14811.html,knitwear,Sweaters & Knits (Pullovers),-,NC,NC,NC,NC,undisclosed,-,"Listing tile only (2026-10-10); product page not opened, composition NC (not ND). Title and URL from the category/search grid; URL path as the grid gives it."
Johnston & Murphy,14747,Textured Solid Full Zip,https://www.johnstonmurphy.com/p/mens-sweaters-fullzip/textured-solid-full-zip/14747.html,knitwear,Sweaters & Knits (Full-Zips),-,NC,NC,NC,NC,undisclosed,-,"Listing tile only (2026-10-10); product page not opened, composition NC (not ND). Title and URL from the category/search grid; URL path as the grid gives it."
Johnston & Murphy,4929,Melange Knit Full-Zip,https://www.johnstonmurphy.com/p/mens-sweaters-fullzip/melange-knit-full-zip/4929.html,knitwear,Sweaters & Knits (Full-Zips),-,NC,NC,NC,NC,undisclosed,-,"Listing tile only (2026-10-10); product page not opened, composition NC (not ND). Title and URL from the category/search grid; URL path as the grid gives it."
Johnston & Murphy,14744,Icon Reversible Vest,https://www.johnstonmurphy.com/p/mens-outerwear-vests/icon-reversible-vest/14744.html,outerwear,"Coats, Jackets & Vests",Icon,NC,NC,NC,NC,undisclosed,-,"Listing tile only (2026-10-10); product page not opened, composition NC (not ND). Title and URL from the category/search grid; URL path as the grid gives it."
Johnston & Murphy,14876,Bardwell Full-Zip Jacket,https://www.johnstonmurphy.com/p/mens-apparel-new-arrivals/bardwell-full-zip-jacket/14876.html,outerwear,"Coats, Jackets & Vests",Bardwell,NC,NC,NC,NC,undisclosed,-,"Listing tile only (2026-10-10); product page not opened, composition NC (not ND). Title and URL from the category/search grid; URL path as the grid gives it."
Johnston & Murphy,14803,Kenner Reversible Vest,https://www.johnstonmurphy.com/p/mens-outerwear-vests/kenner-reversible-vest/14803.html,outerwear,"Coats, Jackets & Vests",-,NC,NC,NC,NC,undisclosed,-,"Listing tile only (2026-10-10); product page not opened, composition NC (not ND). Title and URL from the category/search grid; URL path as the grid gives it."
Johnston & Murphy,14879,Upton Vintage Coat,https://www.johnstonmurphy.com/p/mens-apparel-new-arrivals/upton-vintage-coat/14879.html,outerwear,"Coats, Jackets & Vests",Upton,NC,NC,NC,NC,undisclosed,-,"Listing tile only (2026-10-10); product page not opened, composition NC (not ND). Title and URL from the category/search grid; URL path as the grid gives it."
Johnston & Murphy,14651,Bardwell Button Front Jacket,https://www.johnstonmurphy.com/p/mens-outerwear-shirt-jackets/bardwell-button-front-jacket/14651.html,outerwear,"Coats, Jackets & Vests",Bardwell,NC,NC,NC,NC,undisclosed,-,"Listing tile only (2026-10-10); product page not opened, composition NC (not ND). Title and URL from the category/search grid; URL path as the grid gives it."
Johnston & Murphy,14894,Bardwell Blazer Jacket,https://www.johnstonmurphy.com/p/mens-coats-jackets-vests/bardwell-blazer-jacket/14894.html,outerwear,"Coats, Jackets & Vests",Bardwell,NC,NC,NC,NC,undisclosed,-,"Listing tile only (2026-10-10); product page not opened, composition NC (not ND). Title and URL from the category/search grid; URL path as the grid gives it."
Johnston & Murphy,14402,Upton Reversible Vest,https://www.johnstonmurphy.com/p/mens-outerwear-vests/upton-reversible-vest/14402.html,outerwear,"Coats, Jackets & Vests",Upton,NC,NC,NC,NC,undisclosed,-,"Listing tile only (2026-10-10); product page not opened, composition NC (not ND). Title and URL from the category/search grid; URL path as the grid gives it."
Johnston & Murphy,14864,Heritage Jacket,https://www.johnstonmurphy.com/p/mens-apparel-new-arrivals/heritage-jacket/14864.html,outerwear,"Coats, Jackets & Vests",-,NC,NC,NC,NC,undisclosed,-,"Listing tile only (2026-10-10); product page not opened, composition NC (not ND). Title and URL from the category/search grid; URL path as the grid gives it."
Johnston & Murphy,14204,XC+™ Crossover Performance Pants,https://www.johnstonmurphy.com/p/mens-bottoms-pants-jeans/xc-crossover-performance-pants/14204.html,trousers,Pants & Jeans,XC+,NC,NC,NC,NC,undisclosed,-,"Listing tile only (2026-10-10); product page not opened, composition NC (not ND). Title and URL from the category/search grid; URL path as the grid gives it."
Johnston & Murphy,14719,XC Flex® Stretch Five-Pocket Pants,https://www.johnstonmurphy.com/p/mens-pants-xc-flex/xc-flex-stretch-five-pocket-pants/14719.html,trousers,Pants & Jeans,XC Flex,NC,NC,NC,NC,undisclosed,-,"Listing tile only (2026-10-10); product page not opened, composition NC (not ND). Title and URL from the category/search grid; URL path as the grid gives it."
Johnston & Murphy,14425,XC Flex® Pinnacle Knit Blazer,https://www.johnstonmurphy.com/p/mens-blazers/xc-flex-pinnacle-knit-blazer/14425.html,tailoring,Blazers,XC Flex,NC,NC,NC,NC,undisclosed,-,"Listing tile only (2026-10-10); product page not opened, composition NC (not ND). Title and URL from the category/search grid; URL path as the grid gives it."
Johnston & Murphy,14875,Jaden Blazer,https://www.johnstonmurphy.com/p/mens-apparel-new-arrivals/jaden-blazer/14875.html,tailoring,Blazers,-,NC,NC,NC,NC,undisclosed,-,"Listing tile only (2026-10-10); product page not opened, composition NC (not ND). Title and URL from the category/search grid; URL path as the grid gives it."
Johnston & Murphy,14784,Conley Blazer,https://www.johnstonmurphy.com/p/mens-apparel-new-arrivals/conley-blazer/14784.html,tailoring,Blazers,-,NC,NC,NC,NC,undisclosed,-,"Listing tile only (2026-10-10); product page not opened, composition NC (not ND). Title and URL from the category/search grid; URL path as the grid gives it."
Johnston & Murphy,14394,Washed Cotton Blazer,https://www.johnstonmurphy.com/p/mens-blazers/washed-cotton-blazer/14394.html,tailoring,Blazers,-,NC,NC,NC,NC,undisclosed,-,"Listing tile only (2026-10-10); product page not opened, composition NC (not ND). Title and URL from the category/search grid; URL path as the grid gives it."
Johnston & Murphy,14806,Dress Wool Blazer,https://www.johnstonmurphy.com/p/mens-blazers/dress-wool-blazer/14806.html,tailoring,Blazers,-,NC,NC,NC,NC,undisclosed,-,"Listing tile only (2026-10-10); product page not opened, composition NC (not ND). Title and URL from the category/search grid; URL path as the grid gives it."
L.L.Bean,TA224547,"Men's Carefree Unshrinkable Tee, Traditional Fit Short-Sleeve",https://www.llbean.com/llb/shop/40651,tees-polos,T-Shirts,Carefree Unshrinkable,100% jersey-knit cotton. Ribbed trim is 90% cotton/10% Lycra® elastane.,cotton,100,0,natural,cotton,PDP read 2026-10-10; $26.95; Imported; Lycra only in rib trim (not main line)
L.L.Bean,TA529170,"Men's Sunwashed Tee, Short-Sleeve",https://www.llbean.com/llb/shop/5865465,tees-polos,T-Shirts,Sunwashed,100% cotton.,cotton,100,0,natural,cotton,PDP read 2026-10-10; $34.95; Imported; garment-dyed
L.L.Bean,TA528304,Men's Signature Cashmere Sweater,https://www.llbean.com/llb/shop/5866763,knitwear,Sweaters,L.L.Bean Signature,100% cashmere.,cashmere,100,0,natural,cashmere,PDP read 2026-10-10; $250; crewneck; Imported
L.L.Bean,TA522829,Men's Bean's Access Trail Tee,https://www.llbean.com/llb/shop/129430,tees-polos,T-Shirts,Bean's Access,"50% REPREVE® HIGH-QUALITY recycled polyester, 50% polyester.",polyester,100,0,synthetic,polyester,PDP read 2026-10-10; $34.95; Imported; REPREVE (Unifi) licensed; lead_pct = sum of two polyester entries
L.L.Bean,TA527168,"Men's Comfort Stretch Performance® Pima Tee, Short-Sleeve Without Pocket",https://www.llbean.com/llb/shop/5842619,tees-polos,T-Shirts,Comfort Stretch Performance,"52% Pima cotton, 35% modal, 13% spandex.",cotton,52,13,blend,-,PDP read 2026-10-10; compare-at $44.95 (sale $29.99); Imported
L.L.Bean,TA527278,"Men's Carefree Unshrinkable Polo, Short-Sleeve, Without Pocket",https://www.llbean.com/llb/shop/5847238,tees-polos,Polo Shirts,Carefree Unshrinkable,"100% jersey-knit cotton. Ribbed trim: 90% cotton, 10% LYCRA® elastane.",cotton,100,0,natural,cotton,PDP read 2026-10-10; $39.95; Imported; elastane in trim only
L.L.Bean,TA300454,"Men's Premium Double L® Polo, Banded Short-Sleeve Without Pocket",https://www.llbean.com/llb/shop/91482,tees-polos,Polo Shirts,Double L,all-cotton (no percentage stated),cotton,100,0,natural,cotton,PDP read 2026-10-10; $44.95; Imported; named fibre without % counted as composition per rules_fibre
L.L.Bean,TA209410,"Men's Wrinkle-Free Classic Oxford Cloth Shirt, Traditional Fit",https://www.llbean.com/llb/shop/34442,shirts,Dress Shirts,Wrinkle-Free,100% cotton (blend of 69% pima and 31% upland).,cotton,100,0,natural,cotton,PDP read 2026-10-10; $64.95; Imported
L.L.Bean,TA187923,"Men's Chamois Shirt, Traditional Fit",https://www.llbean.com/llb/shop/22611,shirts,Shirts,-,7.5 oz. Portuguese cotton flannel. (no percentage stated),cotton,100,0,natural,cotton,"PDP read 2026-10-10; $79.95; Imported; fabric ""woven just for us in Portugal""; since 1927 claim"
L.L.Bean,TA228061,"Men's Scotch Plaid Flannel Shirt, Traditional Fit",https://www.llbean.com/llb/shop/42272,shirts,Flannel Shirts,Scotch Plaid,Made of premium Portuguese flannel in 100% cotton.,cotton,100,0,natural,cotton,"PDP read 2026-10-10; $59.95; Imported; ""woven exclusively for L.L.Bean"""
L.L.Bean,TA521696,"Men's Comfort Stretch Performance® Shirt, Long-Sleeve, Slightly Fitted Untucked Fit, Plaid",https://www.llbean.com/llb/shop/129416,shirts,Dress Shirts,Comfort Stretch Performance,"66% cotton, 30% recycled polyester, 4% elastane.",cotton,66,4,blend,-,PDP read 2026-10-10; $74.95; Imported
L.L.Bean,TA527408,Men's Signature Wharfside Linen Blend Shirt,https://www.llbean.com/llb/shop/5850082,shirts,Shirts,L.L.Bean Signature,"55% linen, 45% cotton.",linen,55,0,natural,-,PDP read 2026-10-10; compare-at $74.95; Imported
L.L.Bean,TA527286,"Men's All Seasons Cotton Blend Sweater, Crewneck",https://www.llbean.com/llb/shop/5847832,knitwear,Sweaters,All Seasons,"70% cotton, 30% nylon.",cotton,70,0,blend,-,PDP read 2026-10-10; $59.95; Imported
L.L.Bean,TA509750,"Men's Bean's Classic Ragg Wool Sweater, Crewneck",https://www.llbean.com/llb/shop/123770,knitwear,Sweaters,Bean's Classic Ragg Wool,100% premium lambswool.,wool,100,0,natural,wool,PDP read 2026-10-10; $89.95; Imported
L.L.Bean,TA524645,"Men's Essential Merino Sweater, Crewneck",https://www.llbean.com/llb/shop/5800142,knitwear,Sweaters,Essential Merino,100% merino wool.,wool,100,0,natural,wool,PDP read 2026-10-10; $99.95; Imported
L.L.Bean,TA228194,"Men's Commando Sweater, Crewneck",https://www.llbean.com/llb/shop/43324,knitwear,Sweaters,Commando,"100% lambswool, 21 oz. Shoulder and elbow patches: 100% cotton.",wool,100,0,natural,wool,PDP read 2026-10-10; $99.95; Imported; patches not main line
L.L.Bean,TA509337,"Men's L.L.Bean Organic Cotton Waffle Sweater, Rollneck Crew",https://www.llbean.com/llb/shop/123791,knitwear,Sweaters,Organic Cotton Waffle,100% organic cotton.,cotton,100,0,natural,cotton,PDP read 2026-10-10; $89.95; Imported; no GOTS/OCS named on page
L.L.Bean,TA220626,"Men's Double L® Jeans, Classic Fit",https://www.llbean.com/llb/shop/32863,denim,Jeans,Double L,Heavyweight 100% cotton denim.,cotton,100,0,natural,cotton,PDP read 2026-10-10; $69.95; Imported
L.L.Bean,TA520660,"Men's Signature Heritage Denim, Classic Fit",https://www.llbean.com/llb/shop/128814,denim,Jeans,L.L.Bean Signature,"99% cotton, 1% elastane.",cotton,99,1,blend,-,"PDP read 2026-10-10; $120; Imported; ""in partnership with our mill"" (unnamed)"
L.L.Bean,TA511182,"Men's BeanFlex® Jeans, Classic Fit",https://www.llbean.com/llb/shop/124369,denim,Jeans,BeanFlex,"72% cotton, 17% COOLMAX® fabric, 9% TENCEL™ Lyocell, 2% elastane.",cotton,72,2,blend,-,PDP read 2026-10-10; $89.95; Imported; COOLMAX (polyester) and TENCEL (Lenzing) licensed
L.L.Bean,TA212330,"Men's Wrinkle-Free Double L® Chinos, Classic Fit, Plain Front",https://www.llbean.com/llb/shop/22821,trousers,Pants,Double L Chinos,Made of premium 100% cotton.,cotton,100,0,natural,cotton,PDP read 2026-10-10; $69.95; Imported
L.L.Bean,TA513007,"Men's Comfort Stretch® Chino Pants, Standard Fit",https://www.llbean.com/llb/shop/125226,trousers,Pants,Comfort Stretch,"72% cotton, 25% COOLMAX® fabric, 3% Lycra elastane.",cotton,72,3,blend,-,PDP read 2026-10-10; $89.95; Imported; COOLMAX (polyester) licensed
L.L.Bean,TA528202,"Men's VentureTek Chino Pants, Standard Fit",https://www.llbean.com/llb/shop/5862717,trousers,Pants,VentureTek,100% abrasion-resistant polyester.,polyester,100,0,synthetic,polyester,"PDP read 2026-10-10; $99.95; Imported; four-way stretch stated, no elastane listed"
L.L.Bean,TA526148,Men's Maine Guide Lightweight Wool Pants,https://www.llbean.com/llb/shop/5824751,trousers,Pants,Maine Guide,"70% recycled 11.5 oz. wool, 20% recycled polyester, 10% recycled nylon.",wool,70,0,blend,-,PDP read 2026-10-10; $150; Imported
L.L.Bean,TA187059,"Men's Original Field Coat, Cotton-Lined",https://www.llbean.com/llb/shop/18214,outerwear,Outerwear,Field Coat,"Shell: 10 oz. cotton canvas (Two-ply 10 oz. cotton canvas); collar and cuffs 100% cotton 16-wale corduroy; cotton-lined body, nylon taffeta-lined sleeves",cotton,100,0,natural,cotton,"PDP read 2026-10-10; $180; Imported; ""Nor'Easter cotton canvas""; since 1924; named fibre without %"
L.L.Bean,TA526323,Men's Maine Warden's 3-in-1 Parka with GORE-TEX,https://www.llbean.com/llb/shop/20010412,outerwear,Outerwear,Maine Warden's,"Outer shell: 100% ripstop nylon. Liner lining: 100% nylon. Zip-in liner shell: 100% nylon, quilted. 650-fill goose down liner.",polyamide,100,0,synthetic,polyamide,PDP read 2026-10-10; $450; Imported; GORE-TEX licensed
L.L.Bean,TA500027,Men's L.L.Bean Wool Peacoat,https://www.llbean.com/llb/shop/111434,outerwear,Outerwear,-,Shell: 100% wool. Lining: 100% polyester.,wool,100,0,natural,wool,"PDP read 2026-10-10; $330; Imported; ""Fabric woven in Italy exclusively for L.L.Bean"" (mill unnamed); Thinsulate licensed"
L.L.Bean,TA501342,Men's Mountain Classic Anorak,https://www.llbean.com/llb/shop/115663,outerwear,Outerwear,Mountain Classic,100% SUPPLEX® fabric.,polyamide,100,0,synthetic,polyamide,PDP read 2026-10-10; compare-at $69.95 (sale $49.99); Imported; SUPPLEX is a nylon trademark
L.L.Bean,TA511448,Men's Mountain Classic Puffer Jacket,https://www.llbean.com/llb/shop/124874,outerwear,Outerwear,Mountain Classic,"Shell: 100% polyester. Lining: 100% polyester. Insulation: 55% recycled polyester, 45% polyester.",polyester,100,0,synthetic,polyester,PDP read 2026-10-10; $99.95; Imported; ColdShield insulation (house name)
L.L.Bean,TA528542,Men's Access Down Puffer,https://www.llbean.com/llb/shop/5872673,outerwear,Outerwear,Bean's Access,Body and lining: 100% recycled polyester. 650-fill DownTek™ water-repellent down.,polyester,100,0,synthetic,polyester,PDP read 2026-10-10; $150; Imported; DownTek licensed
L.L.Bean,TA504674,Men's Mountain Classic Fleece Jacket,https://www.llbean.com/llb/shop/120883,outerwear,Fleece,Mountain Classic,Fabric made from at least 63% recycled polyester.,polyester,63,0,synthetic,-,"PDP read 2026-10-10; $79.95; Imported; only recycled share stated, remainder unstated; pure assumed synthetic is a judgement - remainder undisclosed"
L.L.Bean,TA527086,Men's Flannel-Lined Hurricane Shirt,https://www.llbean.com/llb/shop/20010135,shirts,Dress Shirts / Shirts,-,100% cotton shell. 100% cotton flannel lining.,cotton,100,0,natural,cotton,PDP read 2026-10-10; $89.95; Imported; house lists under Shirts/Dress Shirts; shirt-jacket assigned outerwear
L.L.Bean,TA521683,"Men's Bean's Vintage Soft Rugby, Stripe",https://www.llbean.com/llb/shop/129405,tees-polos,Polo Shirts,Bean's Vintage Soft,100% cotton.,cotton,100,0,natural,cotton,PDP read 2026-10-10; $79.95; Imported
Louis Vuitton,nvprod5380035v,Short-Sleeved Cotton Crewneck,https://us.louisvuitton.com/eng-us/products/short-sleeved-cotton-crewneck-nvprod5380035v/1AGKM9,tees-polos,T-Shirts and Polos,-,100% Cotton,cotton,100,0,natural,cotton,US$1010; Made in Italy; LV Icons; read 2026-10-10
Louis Vuitton,nvprod7870035v,Monogram Printed Short-Sleeved Crewneck,https://us.louisvuitton.com/eng-us/products/monogram-printed-short-sleeved-crewneck-nvprod7870035v/1AKOAV,tees-polos,T-Shirts and Polos,-,100% Cotton,cotton,100,0,natural,cotton,US$1770; Made in Italy; read 2026-10-10
Louis Vuitton,nvprod8010053v,Embroidered Signature T-Shirt,https://us.louisvuitton.com/eng-us/products/embroidered-signature-t-shirt-nvprod8010053v/1AKM47,tees-polos,T-Shirts and Polos,-,100% Cotton,cotton,100,0,natural,cotton,US$1390; Made in Italy; organic cotton; read 2026-10-10
Louis Vuitton,nvprod8010051v,Monogram T-Shirt,https://us.louisvuitton.com/eng-us/products/monogram-t-shirt-nvprod8010051v/1AKM3V,tees-polos,T-Shirts and Polos,-,100% Cotton,cotton,100,0,natural,cotton,US$1200; Made in Italy; organic cotton; LV Fall tile group; read 2026-10-10
Louis Vuitton,nvprod8010048v,Signature Short-Sleeved Polo Shirt,https://us.louisvuitton.com/eng-us/products/signature-short-sleeved-polo-shirt-nvprod8010048v/1AKM2Z,tees-polos,T-Shirts and Polos,-,100% Cotton,cotton,100,0,natural,cotton,US$1250; Made in Italy; read 2026-10-10
Louis Vuitton,nvprod7590043v,Elegant Cotton Cashmere Short-Sleeved Crewneck,https://us.louisvuitton.com/eng-us/products/cotton-cashmere-short-sleeved-crewneck-nvprod7590043v/1AK6XE,tees-polos,T-Shirts and Polos,-,"85% Cotton, 15% Cashmere",cotton,85,0,natural,-,US$1390; Made in Italy; read 2026-10-10
Louis Vuitton,HVTN6WCVW,Wool Silk Cashmere Long-Sleeved Polo Shirt,https://us.louisvuitton.com/eng-us/products/wool-silk-cashmere-long-sleeved-polo-shirt-HVTN6WCVW/1AKKL8,tees-polos,T-Shirts and Polos,-,"70% Wool, 20% Silk, 10% Cashmere",wool,70,0,natural,-,US$1890; Made in Italy; LV Trunk Edition tile group (all-RTW page); PDP names no line; read 2026-10-10
Louis Vuitton,nvprod7870037v,Knitted Mesh Short-Sleeved Crewneck,https://us.louisvuitton.com/eng-us/products/knitted-mesh-short-sleeved-crewneck-nvprod7870037v/1AKOVA,tees-polos,T-Shirts and Polos,-,100% Cotton,cotton,100,0,natural,cotton,US$1390; Made in Italy; read 2026-10-10
Louis Vuitton,nvprod7870034v,Stripy Cable-Knit Polo Shirt,https://us.louisvuitton.com/eng-us/products/stripy-cable-knit-polo-shirt-nvprod7870034v/1AKO33,tees-polos,T-Shirts and Polos,-,100% Cotton,cotton,100,0,natural,cotton,US$1640; Made in Italy; knit polo; read 2026-10-10
Louis Vuitton,nvprod7870039v,Sun-Bleached Short-Sleeved Crewneck,https://us.louisvuitton.com/eng-us/products/sun-bleached-short-sleeved-crewneck-nvprod7870039v/1AKON2,tees-polos,T-Shirts and Polos,-,100% Cotton,cotton,100,0,natural,cotton,US$1510; Made in Italy; pointelle knit; read 2026-10-10
Louis Vuitton,nvprod7590104v,Monogram Short-Sleeved Crewneck,https://us.louisvuitton.com/eng-us/products/monogram-short-sleeved-crewneck-nvprod7590104v/1AK720,tees-polos,T-Shirts and Polos,-,100% Cotton,cotton,100,0,natural,cotton,US$1250; Made in Italy; read 2026-10-10
Louis Vuitton,nvprod7330045v,Fine Cashmere Crewneck,https://us.louisvuitton.com/eng-us/products/fine-cashmere-crewneck-nvprod7330045v/1AJSNN,knitwear,Knitwear,-,100% Cashmere,cashmere,100,0,natural,cashmere,US$1900; Made in Italy; read 2026-10-10
Louis Vuitton,nvprod8010026v,Long-Sleeved Cable Knit Crewneck,https://us.louisvuitton.com/eng-us/products/long-sleeved-cable-knit-crewneck-nvprod8010026v/1AKLVO,knitwear,Knitwear,-,"80% Wool, 20% Cashmere",wool,80,0,natural,-,US$2150; Made in Italy; read 2026-10-10
Louis Vuitton,nvprod8010296v,Cable Knit Wool-Cashmere Crewneck,https://us.louisvuitton.com/eng-us/products/cable-knit-wool-cashmere-crewneck-nvprod8010296v/1AKKR6,knitwear,Knitwear,-,"80% Wool, 20% Cashmere",wool,80,0,natural,-,US$2020; Made in Italy; Spring-Summer 2027 Formal tile group; read 2026-10-10
Louis Vuitton,nvprod8010021v,Signature Pullover,https://us.louisvuitton.com/eng-us/products/signature-pullover-nvprod8010021v/1AKLUC,knitwear,Knitwear,-,"58% Wool, 16% Mohair, 15% Polyamide, 11% Silk",wool,58,0,blend,-,US$1890; Made in Italy; read 2026-10-10
Louis Vuitton,nvprod7850011v,Jacquard Pullover,https://us.louisvuitton.com/eng-us/products/jacquard-pullover-nvprod7850011v/1AKOB5,knitwear,Knitwear,-,100% Wool,wool,100,0,natural,wool,US$4150; no made-in line on page; no made-in line on PDP; read 2026-10-10
Louis Vuitton,nvprod8010028v,Embroidered Signature Long-Sleeved Crewneck,https://us.louisvuitton.com/eng-us/products/embroidered-signature-long-sleeved-crewneck-nvprod8010028v/1AKLW4,knitwear,Knitwear,-,"80% Wool, 20% Polyamide",wool,80,0,blend,-,US$1640; Made in Italy; boucle knit; read 2026-10-10
Louis Vuitton,HWTN2WRVT,Cashmere Turtleneck,https://us.louisvuitton.com/eng-us/products/cashmere-turtleneck-HWTN2WRVT/1AKL0K,knitwear,Knitwear,-,"95% Cashmere, 5% Polyamide",cashmere,95,0,blend,-,US$1890; Made in Italy; LV Trunk Edition tile group; read 2026-10-10
Louis Vuitton,nvprod7330044v,Cashmere Cardigan,https://us.louisvuitton.com/eng-us/products/cashmere-cardigan-nvprod7330044v/1AJSNF,knitwear,Knitwear,-,100% Cashmere,cashmere,100,0,natural,cashmere,US$2780; Made in Italy; read 2026-10-10
Louis Vuitton,nvprod8030001v,Mini Monogram Long-Sleeved Cotton Poplin Shirt,https://us.louisvuitton.com/eng-us/products/mini-monogram-long-sleeved-cotton-poplin-shirt-nvprod8030001v/1AKL3J,shirts,Shirts,-,100% Cotton,cotton,100,0,natural,cotton,US$1070; Made in Italy; point collar; read 2026-10-10
Louis Vuitton,nvprod8030002v,Monogram Silk Satin Long-Sleeved Shirt,https://us.louisvuitton.com/eng-us/products/monogram-silk-satin-long-sleeved-shirt-nvprod8030002v/1AKL41,shirts,Shirts,-,100% Silk,silk,100,0,natural,silk,US$2270; Made in Italy; point collar; allover signature jacquard; read 2026-10-10
Louis Vuitton,nvprod7330057v,Cotton-Silk Chambray Long-Sleeved Shirt,https://us.louisvuitton.com/eng-us/products/cotton-silk-chambray-long-sleeved-shirt-nvprod7330057v/1AJSQD,shirts,Shirts,-,"57% Cotton, 43% Silk",cotton,57,0,natural,-,US$1640; Made in Italy; button-down point collar; read 2026-10-10
Louis Vuitton,nvprod7330054v,Striped Long-Sleeved Silk-Blend Shirt,https://us.louisvuitton.com/eng-us/products/striped-long-sleeved-silk-blend-shirt-nvprod7330054v/1AJSPL,shirts,Shirts,-,"47% Silk, 45% Cotton, 8% Cashmere",silk,47,0,natural,-,US$1770; Made in Italy; read 2026-10-10
Louis Vuitton,nvprod8010043v,Monogram Long-Sleeved Shirt,https://us.louisvuitton.com/eng-us/products/monogram-long-sleeved-shirt-nvprod8010043v/1AKM1Q,shirts,Shirts,-,100% Cotton,cotton,100,0,natural,cotton,US$1520; Made in France; read 2026-10-10
Louis Vuitton,nvprod5620057v,LV Blason Printed Cotton Long-Sleeved Oxford Shirt,https://us.louisvuitton.com/eng-us/products/lv-blason-printed-cotton-long-sleeved-oxford-shirt-nvprod5620057v/1AFXW7,shirts,Shirts,-,100% Cotton,cotton,100,0,natural,cotton,US$1140; Made in France; read 2026-10-10
Louis Vuitton,nvprod8010040v,Monogram Flannel Long-Sleeved Shirt,https://us.louisvuitton.com/eng-us/products/monogram-flannel-long-sleeved-shirt-nvprod8010040v/1AKM0W,shirts,Shirts,-,100% Cotton,cotton,100,0,natural,cotton,US$1640; Made in Italy; open collar; read 2026-10-10
Louis Vuitton,nvprod8010041v,Printed Short-Sleeved Silk Shirt,https://us.louisvuitton.com/eng-us/products/printed-short-sleeved-silk-shirt-nvprod8010041v/1AKM16,shirts,Shirts,-,100% Silk,silk,100,0,natural,silk,US$2080; Made in Italy; open collar; read 2026-10-10
Louis Vuitton,nvprod5820110v,Slim Fit Denim Pants,https://us.louisvuitton.com/eng-us/products/slim-fit-denim-pants-nvprod5820110v/1AGIY3,denim,Denim,-,100% Cotton,cotton,100,0,natural,cotton,US$1260; Made in Italy; premium Japanese denim (mill unnamed); read 2026-10-10
Louis Vuitton,HWTD1W683,Cotton Cashmere Jeans,https://us.louisvuitton.com/eng-us/products/cotton-cashmere-jeans-HWTD1W683/1AKKX9,denim,Denim,-,"53% Cotton, 47% Cashmere",cotton,53,0,natural,-,US$2380; Made in Italy; LV Trunk Edition tile group; read 2026-10-10
Louis Vuitton,nvprod8010012v,Washed Denim Pants,https://us.louisvuitton.com/eng-us/products/washed-denim-pants-nvprod8010012v/1AKLRB,denim,Denim,-,100% Cotton,cotton,100,0,natural,cotton,US$1640; Made in Italy; organic denim; read 2026-10-10
Louis Vuitton,nvprod7330037v,Silk-Blend Denim Pants,https://us.louisvuitton.com/eng-us/products/silk-blend-denim-pants-nvprod7330037v/1AJSK5,denim,Denim,-,"59% Cotton, 41% Silk",cotton,59,0,natural,-,US$2400; Made in Italy; cotton-silk twill from the finest Japanese mills (unnamed); read 2026-10-10
Louis Vuitton,nvprod7330052v,Tailored Silk-Blend Pants,https://us.louisvuitton.com/eng-us/products/tailored-silk-blend-pants-nvprod7330052v/1AJSP2,trousers,Pants,-,"62% Silk, 38% Wool",silk,62,0,natural,-,US$1510; Made in Italy; read 2026-10-10
Louis Vuitton,nvprod7330053v,Silk-Cashmere Tailored Pants,https://us.louisvuitton.com/eng-us/products/silk-cashmere-tailored-pants-nvprod7330053v/1AJSPB,trousers,Pants,-,"55% Silk, 45% Cashmere",silk,55,0,natural,-,US$1900; Made in Italy; read 2026-10-10
Louis Vuitton,nvprod8010299v,Tuxedo Pants,https://us.louisvuitton.com/eng-us/products/tuxedo-pants-nvprod8010299v/1AKKS2,tailoring,Pants,-,100% Wool,wool,100,0,natural,wool,US$1520; Made in Italy; grain de poudre; satin side bands; read 2026-10-10
Louis Vuitton,nvprod8010305v,Wintry Cigarette Pants,https://us.louisvuitton.com/eng-us/products/wintry-cigarette-pants-nvprod8010305v/1AKKTK,trousers,Pants,-,"93% Wool, 7% Cashmere",wool,93,0,natural,-,US$1450; Made in Italy; Spring-Summer 2027 Formal tile group; read 2026-10-10
Louis Vuitton,nvprod8010037v,Signature Chino Pants,https://us.louisvuitton.com/eng-us/products/signature-chino-pants-nvprod8010037v/1AKM03,trousers,Pants,-,"95% Cotton, 5% Silk",cotton,95,0,natural,-,US$1200; Made in Italy; read 2026-10-10
Louis Vuitton,nvprod8010034v,Signature Drawstring Pants,https://us.louisvuitton.com/eng-us/products/signature-drawstring-pants-nvprod8010034v/1AKLZG,trousers,Pants,-,100% Wool,wool,100,0,natural,wool,US$1390; Made in Italy; read 2026-10-10
Louis Vuitton,nvprod8010004v,Glossy Signature Windbreaker,https://us.louisvuitton.com/eng-us/products/glossy-signature-windbreaker-nvprod8010004v/1AKLOP,outerwear,Outerwear and Coats,-,100% Cotton,cotton,100,0,natural,cotton,US$3150; Made in Italy; water-repellent; mesh lining; read 2026-10-10
Louis Vuitton,nvprod8010005v,Outdoor Jacket With Monogram Lining,https://us.louisvuitton.com/eng-us/products/outdoor-jacket-with-monogram-lining-nvprod8010005v/1AKLOY,outerwear,Outerwear and Coats,-,"73% Cotton, 22% Polyester, 5% Polyamide",cotton,73,0,blend,-,US$3650; Made in Italy; read 2026-10-10
Louis Vuitton,nvprod8010007v,Monogram Quilted Liner Jacket,https://us.louisvuitton.com/eng-us/products/monogram-quilted-liner-jacket-nvprod8010007v/1AKLPP,outerwear,Outerwear and Coats,-,100% Polyamide,polyamide,100,0,synthetic,polyamide,US$3550; Made in France; read 2026-10-10
Louis Vuitton,nvprod8010015v,Elegant Hooded Parka,https://us.louisvuitton.com/eng-us/products/elegant-hooded-parka-nvprod8010015v/1AKLSM,outerwear,Outerwear and Coats,-,"82% Wool, 18% Polyamide",wool,82,0,blend,-,US$3900; Made in Italy; technical wool-blend; read 2026-10-10
Louis Vuitton,nvprod8010002v,Elegant Blouson,https://us.louisvuitton.com/eng-us/products/elegant-blouson-nvprod8010002v/1AKLO7,outerwear,Outerwear and Coats,-,100% Cotton,cotton,100,0,natural,cotton,US$3150; Made in France; read 2026-10-10
Louis Vuitton,nvprod7330036v,Double Face Cashmere Car Coat,https://us.louisvuitton.com/eng-us/products/double-face-cashmere-car-coat-nvprod7330036v/1AJSJM,outerwear,Outerwear and Coats,-,100% Cashmere,cashmere,100,0,natural,cashmere,US$6100; Made in Italy; read 2026-10-10
Louis Vuitton,nvprod8010010v,Damier Plaid Double-Breasted Coat,https://us.louisvuitton.com/eng-us/products/damier-plaid-double-breasted-coat-nvprod8010010v/1AKLQP,outerwear,Outerwear and Coats,-,100% Wool,wool,100,0,natural,wool,US$5200; Made in Italy; read 2026-10-10
Louis Vuitton,nvprod8010016v,Suede Flight Jacket,https://us.louisvuitton.com/eng-us/products/suede-flight-jacket-nvprod8010016v/1AKLSV,outerwear,Outerwear and Coats,-,100% Lamb Leather,leather,100,0,natural,leather,US$6450; Made in Italy; read 2026-10-10
Louis Vuitton,nvprod8010047v,Monogram Reversible Fleece Blouson,https://us.louisvuitton.com/eng-us/products/monogram-reversible-fleece-blouson-nvprod8010047v/1AKM2R,outerwear,Outerwear and Coats,-,"53% Polyester, 47% Acrylic",polyester,53,0,synthetic,-,US$3050; Made in Italy; read 2026-10-10
Louis Vuitton,HWB16WF9N,Double Face Mix Cashmere Vicuna,https://us.louisvuitton.com/eng-us/products/df-vicuna-harrington-HWB16WF9N/1AL0QJ,outerwear,Outerwear and Coats,-,77% cashmere 23% vicuna,cashmere,77,0,natural,-,"US$12900; Made in Italy; breadcrumb ""Df Vicuna Harrington""; silk-lined sleeves; read 2026-10-10"
Louis Vuitton,nvprod8010292v,Wintery Padded Scooter Parka,https://us.louisvuitton.com/eng-us/products/wintery-padded-scooter-parka-nvprod8010292v/1AKMR0,outerwear,Outerwear and Coats,-,"55% Wool, 45% Cotton",wool,55,0,natural,-,US$4550; Made in Italy; Spring-Summer 2027 Formal tile group; read 2026-10-10
Louis Vuitton,HWTC1W910,Cashmere Double Face Coat,https://us.louisvuitton.com/eng-us/products/cashmere-double-face-coat-HWTC1W910/1AKKWS,outerwear,Outerwear and Coats,-,100% Cashmere,cashmere,100,0,natural,cashmere,US$6500; Made in Italy; LV Trunk Edition tile group; read 2026-10-10
Louis Vuitton,nvprod8010001v,Washed Denim Zippered Blouson,https://us.louisvuitton.com/eng-us/products/washed-denim-zippered-blouson-nvprod8010001v/1AKLNY,outerwear,Outerwear and Coats,-,100% Cotton,cotton,100,0,natural,cotton,US$2900; Made in Italy; organic cotton denim; read 2026-10-10
Louis Vuitton,nvprod8010009v,Light Padded Monogram Overshirt,https://us.louisvuitton.com/eng-us/products/light-padded-monogram-overshirt-nvprod8010009v/1AKLQG,outerwear,Outerwear and Coats,-,100% Polyamide,polyamide,100,0,synthetic,polyamide,US$2900; Made in Italy; read 2026-10-10
Louis Vuitton,HWTB6WC6O,Double Face Workwear Jacket,https://us.louisvuitton.com/eng-us/products/double-face-workwear-jacket-HWTB6WC6O/1AKKWJ,outerwear,Outerwear and Coats,-,"74% Wool, 17% Llama Hair, 8% Cashmere, 1% Polyamide",wool,74,0,blend,-,US$4900; Made in Italy; LV Trunk Edition tile group; read 2026-10-10
Louis Vuitton,nvprod8010023v,Double Face Reversible Jacquard Track Top,https://us.louisvuitton.com/eng-us/products/double-face-reversible-jacquard-track-top-nvprod8010023v/1AKLUS,outerwear,Outerwear and Coats,-,"97% Cotton, 3% Polyamide",cotton,97,0,blend,-,US$3400; Made in Italy; LV Fall tile group; read 2026-10-10
Louis Vuitton,nvprod7330039v,Silk-Blend Single-Breasted Gaston Jacket,https://us.louisvuitton.com/eng-us/products/silk-blend-single-breasted-gaston-jacket-nvprod7330039v/1AJSLG,tailoring,Blazers and Jackets,-,"62% Silk, 38% Wool",silk,62,0,natural,-,US$3650; Made in Italy; silk-lined; pick-stitched; read 2026-10-10
Louis Vuitton,nvprod7330038v,Double Face Wool-Cashmere Blazer,https://us.louisvuitton.com/eng-us/products/double-face-wool-cashmere-blazer-nvprod7330038v/1AJSKP,tailoring,Blazers and Jackets,-,"93% Wool, 6% Cashmere, 1% Polyamide",wool,93,0,blend,-,US$3900; Made in Italy; unlined body; read 2026-10-10
Louis Vuitton,nvprod7590091v,Single-Breasted Linen Jacket,https://us.louisvuitton.com/eng-us/products/single-breasted-linen-jacket-nvprod7590091v/1AK7MQ,tailoring,Blazers and Jackets,-,100% Linen,linen,100,0,natural,linen,US$3300; Made in Italy; half-lined; read 2026-10-10
Louis Vuitton,nvprod8010286v,Velvet Single-Breasted Tuxedo Jacket,https://us.louisvuitton.com/eng-us/products/velvet-single-breasted-tuxedo-jacket-nvprod8010286v/1AKKOZ,tailoring,Blazers and Jackets,-,100% Cotton,cotton,100,0,natural,cotton,US$3900; Made in Italy; velvet; Spring-Summer 2027 Formal tile group; read 2026-10-10
Louis Vuitton,nvprod7850027v,LV Signature Sweatshirt,https://us.louisvuitton.com/eng-us/products/lv-signature-sweatshirt-nvprod7850027v/1AKM4O,sweats,Sweatshirts and Hoodies,-,"86% Cotton, 14% Polyamide",cotton,86,0,blend,-,US$1390; Made in Italy; read 2026-10-10
Louis Vuitton,nvprod7330046v,Signature Double Face Cashmere Hoodie,https://us.louisvuitton.com/eng-us/products/signature-double-face-cashmere-hoodie-nvprod7330046v/1AJSNV,sweats,Sweatshirts and Hoodies,-,"53% Cashmere, 44% Wool, 2% Polyamide, 1% Elastane",cashmere,53,1,blend,-,US$3400; Made in Italy; read 2026-10-10
Louis Vuitton,nvprod8010032v,Monogram Cargo Shorts,https://us.louisvuitton.com/eng-us/products/monogram-cargo-shorts-nvprod8010032v/1AKLYU,shorts,Shorts,-,100% Cotton,cotton,100,0,natural,cotton,US$1640; Made in Italy; read 2026-10-10
Louis Vuitton,nvprod7870050v,Louis Vuitton Silk Tech Running Shorts,https://us.louisvuitton.com/eng-us/products/louis-vuitton-silk-tech-running-shorts-nvprod7870050v/1AKO9I,shorts,Shorts,Louis Vuitton Silk Tech,Louis Vuitton Silk Tech (72% reclaimed Nylon/ 28% Silk),polyamide,72,0,blend,-,US$1770; Made in Italy; named tech: Louis Vuitton Silk Tech; read 2026-10-10
Louis Vuitton,nvprod7590122v,Monogram Swimshorts,https://us.louisvuitton.com/eng-us/products/monogram-swimshorts-nvprod7590122v/1AK7DY,underwear-swim,Swimwear,-,100% Polyamide,polyamide,100,0,synthetic,polyamide,US$885; Made in Italy; mesh lining; read 2026-10-10
Louis Vuitton,nvprod7870038v,Hidden Monogram Short-Sleeved Jacquard Crewneck,https://us.louisvuitton.com/eng-us/products/hidden-monogram-short-sleeved-jacquard-crewneck-nvprod7870038v/1AKO39,tees-polos,T-Shirts and Polos,-,100% Cotton,cotton,100,0,natural,cotton,US$1510; Made in Italy; read 2026-10-10
Louis Vuitton,nvprod7590099v,Patchwork Signature Short-Sleeved Crewneck,https://us.louisvuitton.com/eng-us/products/patchwork-signature-short-sleeved-crewneck-nvprod7590099v/1AK6ZM,tees-polos,T-Shirts and Polos,-,100% Cotton,cotton,100,0,natural,cotton,US$1640; Made in Italy; read 2026-10-10
Louis Vuitton,nvprod7850025v,Gradient Signature Jacquard Short-Sleeved Crewneck,https://us.louisvuitton.com/eng-us/products/gradient-signature-jacquard-short-sleeved-crewneck-nvprod7850025v/1AKLX6,tees-polos,T-Shirts and Polos,-,100% Cotton,cotton,100,0,natural,cotton,US$1390; Made in Italy; organic cotton; read 2026-10-10
Louis Vuitton,nvprod7590048v,Pointelle Signature Short-Sleeved Crewneck,https://us.louisvuitton.com/eng-us/products/pointelle-signature-short-sleeved-crewneck-nvprod7590048v/1AK71K,tees-polos,T-Shirts and Polos,-,100% Cotton,cotton,100,0,natural,cotton,US$1250; Made in Italy; read 2026-10-10
Louis Vuitton,nvprod8010295v,Chunky Double-Breasted Cardigan,https://us.louisvuitton.com/eng-us/products/chunky-double-breasted-cardigan-nvprod8010295v/1AKKQX,knitwear,Knitwear,-,100% Wool,wool,100,0,natural,wool,US$2650; Made in Italy; read 2026-10-10
Louis Vuitton,nvprod6930001v,Monogram Mohair Cardigan,https://us.louisvuitton.com/eng-us/products/monogram-mohair-cardigan-nvprod6930001v/1AIOX5,knitwear,Knitwear,-,"67% Mohair, 28% Polyamide, 5% Wool",mohair,67,0,blend,-,US$2030; Made in Italy; read 2026-10-10
Louis Vuitton,nvprod6130039v,Mini Monogram Silk Evening Shirt,https://us.louisvuitton.com/eng-us/products/mini-monogram-silk-evening-shirt-nvprod6130039v/1AJIF9,shirts,Shirts,-,100% Silk,silk,100,0,natural,silk,US$2290; Made in Italy; point collar; read 2026-10-10
Louis Vuitton,nvprod5820111v,Short-Sleeved Denim Shirt,https://us.louisvuitton.com/eng-us/products/short-sleeved-denim-shirt-nvprod5820111v/1AGJOP,shirts,Shirts,-,100% Cotton,cotton,100,0,natural,cotton,US$1400; Made in Italy; Stone-bleached Japanese denim (mill unnamed); read 2026-10-10
Louis Vuitton,nvprod8010303v,Monogram Drawstring Pants,https://us.louisvuitton.com/eng-us/products/monogram-drawstring-pants-nvprod8010303v/1AKKT2,trousers,Pants,-,"76% Wool, 24% Silk",wool,76,0,natural,-,US$1260; Made in Italy; Spring-Summer 2027 Formal tile group; read 2026-10-10
Louis Vuitton,nvprod6490013v,Signature Cargo Pants,https://us.louisvuitton.com/eng-us/products/signature-cargo-pants-nvprod6490013v/1AKLN9,trousers,Pants,-,"90% Cotton, 10% Silk",cotton,90,0,natural,-,US$1510; Made in Italy; read 2026-10-10
Louis Vuitton,nvprod7870054v,Monogram Silk Shorts,https://us.louisvuitton.com/eng-us/products/monogram-silk-shorts-nvprod7870054v/1AKOM3,shorts,Shorts,-,100% Silk,silk,100,0,natural,silk,US$1770; Made in Italy; read 2026-10-10
Louis Vuitton,nvprod8010029v,Embroidered Signature Zippered Blouson,https://us.louisvuitton.com/eng-us/products/embroidered-signature-zippered-blouson-nvprod8010029v/1AKLWC,outerwear,Outerwear and Coats,-,"97% Cotton, 3% Elastane",cotton,97,3,blend,-,"US$2400; Made in Italy; PAGE CONFLICT: description says ""boucle knit in a soft wool-blend yarn"" and mentions cargo/rear pockets; composition line used as written; read 2026-10-10"
Louis Vuitton,nvprod8010019v,Signature Suede Overshirt,https://us.louisvuitton.com/eng-us/products/signature-suede-overshirt-nvprod8010019v/1AKLTV,outerwear,Outerwear and Coats,-,100% Lamb Leather,leather,100,0,natural,leather,US$4900; Made in Italy; read 2026-10-10
Louis Vuitton,nvprod7220238v,Monogram Embossed Suede Hoodie,https://us.louisvuitton.com/eng-us/products/monogram-embossed-suede-hoodie-nvprod7220238v/1AKLN0,outerwear,Outerwear and Coats,-,100% Lamb Leather,leather,100,0,natural,leather,US$6200; Made in Italy; listed in Outerwear and in Knitwear facets; read 2026-10-10
Mackage,TEE-R,TEE-R Tee-shirt with MACKAGE silicone logo,https://www.mackage.com/products/tee-r,tees-polos,derived,-,Shell: 100% organic cotton.,cotton,100,0,natural,cotton,read 2026-10-10; price $190
Mackage,TEE-PCR,TEE-PCR Tee-shirt with Mackage logo,https://www.mackage.com/products/tee-pcr,tees-polos,derived,-,Shell: 100% organic cotton.,cotton,100,0,natural,cotton,read 2026-10-10; price $190
Mackage,TEE-MNV,TEE-MNV Double Crewneck Collar T-Shirt,https://www.mackage.com/products/tee-mnv,tees-polos,derived,-,Shell: 100% organic cotton,cotton,100,0,natural,cotton,read 2026-10-10; price $190
Mackage,TREY,TREY Long sleeve crew neck t-shirt,https://www.mackage.com/products/trey,tees-polos,derived,-,Shell: 100% organic cotton,cotton,100,0,natural,cotton,read 2026-10-10; price $195
Mackage,MARCO,MARCO Organic Cotton Polo,https://www.mackage.com/products/marco,tees-polos,derived,-,Shell: 100% organic cotton.,cotton,100,0,natural,cotton,read 2026-10-10; price $210
Mackage,ALFONZO,ALFONZO Organic cotton jersey long sleeve polo shirt,https://www.mackage.com/products/alfonzo,tees-polos,derived,-,Shell: 100% organic cotton,cotton,100,0,natural,cotton,read 2026-10-10; price $220
Mackage,PABLO-CR,PABLO-CR Flat Knit Rib Collar Polo,https://www.mackage.com/products/pablo-cr,tees-polos,derived,-,Shell: 100% organic cotton,cotton,100,0,natural,cotton,read 2026-10-10; price $250
Mackage,ESTABAN,ESTABAN Crochet Knit Quarter-Zip Polo Shirt,https://www.mackage.com/products/estaban,knitwear,derived,-,Shell: 100% cotton,cotton,100,0,natural,cotton,read 2026-10-10; price $270
Mackage,LEGEND,LEGEND Knit Cotton-Blend Turtleneck Sweater,https://www.mackage.com/products/legend,knitwear,derived,-,"Shell: 53% cotton, 47% polyester.",cotton,53,0,blend,-,read 2026-10-10; price $450
Mackage,LEDGER-K,LEDGER-K Brushed Knit Hoodie,https://www.mackage.com/products/ledger-k,sweats,derived,Brushed Knit,"Shell: 85% organic cotton, 14% recycled polyester, 1% elastane/spandex. Lining: 100% organic cotton",cotton,85,1,blend,-,read 2026-10-10; price $490
Mackage,KOLTON,KOLTON Double-Face Jersey Logo Hoodie,https://www.mackage.com/products/kolton,sweats,derived,Double-Face Jersey,"Shell: 53% cotton, 47% polyester.",cotton,53,0,blend,-,read 2026-10-10; price $370
Mackage,KRYSTIAN,KRYSTIAN Double-face Jersey hoodie,https://www.mackage.com/products/krystian,sweats,derived,Double-Face Jersey,"Shell: 53% cotton, 47% polyester. Combo: 72% polyamide/nylon, 27% polyester, 1% elastane/spandex. Lining: 100% cotton.",cotton,53,0,blend,-,one variant marked down to 277.50; compare-at 370; read 2026-10-10; price $370
Mackage,KRYSTOS,KRYSTOS Double-face Jersey zip-up hoodie,https://www.mackage.com/products/krystos,sweats,derived,Double-Face Jersey,"Shell: 53% cotton, 47% polyester. Combo: 72% polyamide/nylon, 27% polyester, 1% elastane/spandex. Lining: 100% cotton.",cotton,53,0,blend,-,read 2026-10-10; price $390
Mackage,JULIAN,JULIAN Double-Face Jersey Sweatshirt,https://www.mackage.com/products/julian,sweats,derived,Double-Face Jersey,"Shell: 53% cotton, 47% polyester. Combo: 72% polyamide/nylon, 27% polyester, 1% elastane/spandex.",cotton,53,0,blend,-,read 2026-10-10; price $350
Mackage,MARVIN-R,MARVIN-R Double face jersey cargo sweatpants,https://www.mackage.com/products/marvin-r,sweats,derived,Double-Face Jersey,"Shell: 53% cotton, 47% polyester. Lining: 100% cotton.",cotton,53,0,blend,-,read 2026-10-10; price $320
Mackage,JAMIL-R,JAMIL-R Double-face jersey sweatpants,https://www.mackage.com/products/jamil-r,sweats,derived,Double-Face Jersey,"Shell: 53% cotton, 47% polyester. Lining: 100% cotton.",cotton,53,0,blend,-,read 2026-10-10; price $320
Mackage,HARRISON-Z,HARRISON-Z Cashmere-Blend Sweatpants With Rib Cuffs,https://www.mackage.com/products/harrison-z,sweats,derived,-,"Shell: 65% wool, 35% cashmere.",wool,65,0,natural,-,read 2026-10-10; price $590
Mackage,ELWOOD-R,ELWOOD-R Double-Face Jersey Shorts,https://www.mackage.com/products/elwood-r,shorts,derived,Double-Face Jersey,"Shell: 53% cotton, 47% polyester. Lining: 100% cotton.",cotton,53,0,blend,-,read 2026-10-10; price $250
Mackage,ZANDER-K,ZANDER-K Striped Drawcord Shorts,https://www.mackage.com/products/zander-k,shorts,derived,-,"Shell: 85% organic cotton, 14% recycled polyester, 1% elastane/spandex",cotton,85,1,blend,-,read 2026-10-10; price $350
Mackage,MARTIN-Z,MARTIN-Z Pleated wool pants with elasticized waist,https://www.mackage.com/products/martin-z,trousers,derived,-,"Shell: 100% wool. Lining: 52% polyester, 48% viscose.",wool,100,0,natural,wool,read 2026-10-10; price $490
Mackage,STANLEY-K,STANLEY-K Brushed Knit Pants,https://www.mackage.com/products/stanley-k,trousers,derived,Brushed Knit,"Shell: 91% organic cotton, 8% recycled polyester, 1% elastane/spandex. Lining: 100% polyester",cotton,91,1,blend,-,read 2026-10-10; price $450
Mackage,KENYON,KENYON Ski pant with removable suspenders,https://www.mackage.com/products/kenyon,trousers,derived,Agile-360,"Shell : 84% polyamide/nylon, 16% elastane/spandex. Lining : 100% polyester. Filling (polyfil): 100% polyester.",polyamide,84,16,synthetic,-,named: Agile-360; read 2026-10-10; price $690
Mackage,WELLS-K,WELLS-K 2-in-1 Brushed Knit Blazer With Removable Bib,https://www.mackage.com/products/wells-k,tailoring,derived,Brushed Knit,"Shell: 85% organic cotton, 14% recycled polyester, 1% elastane/spandex.",cotton,85,1,blend,-,read 2026-10-10; price $650
Mackage,KEATON,KEATON 2-in-1 Ultra-Light Quilted Blazer with Removable Bib,https://www.mackage.com/products/keaton,tailoring,derived,-,Shell: 100% recycled nylon. Lining: 100% recycled nylon. Filling: 100% recycled polyester.,polyamide,100,0,synthetic,polyamide,named: PrimaLoft Silver; read 2026-10-10; price $950
Mackage,PORTER-K,PORTER-K Brushed Knit Shirt Jacket,https://www.mackage.com/products/porter-k,outerwear,derived,Brushed Knit,"Shell: 85% organic cotton, 14% recycled polyester, 1% elastane/spandex",cotton,85,1,blend,-,read 2026-10-10; price $550
Mackage,FLETCHER,FLETCHER Mixed-Media Down Hooded Jacket,https://www.mackage.com/products/fletcher,outerwear,derived,-,"Shell: 53% cotton, 47% polyester. Lining: 100% recycled nylon. Filling: 90% recycled down, 10% recycled feathers",cotton,53,0,blend,-,read 2026-10-10; price $590
Mackage,BEAR,BEAR Mixed media coat,https://www.mackage.com/products/bear,outerwear,derived,-,"Shell: 70% polyester, 30% rayon. Shell collar, cuffs, front upper body: 100% sheepskin. Cuffs: 42% wool ,42% acrylic, 14% polyester, 2% elastane/spandex. Lining: 100% recycled nylon. Filling: 90% down, 10% feathers",polyester,70,0,blend,-,read 2026-10-10; price $2190
Mackage,OVI,OVI mixed media jacket,https://www.mackage.com/products/ovi,outerwear,derived,-,"Shell: 82% recycled nylon, 18% elastane/spandex. Shell back, collar, front: 100% sheepskin. Lining: 82% recycled nylon, 18% elastane/spandex. Filling: 90% down, 10% feathers.",polyamide,82,18,synthetic,-,read 2026-10-10; price $1990
Mackage,TORRIAN,TORRIAN mixed media jacket,https://www.mackage.com/products/torrian,outerwear,derived,-,"Shell: 100% leather. Shell back, sleeves: 100% merino wool. Collar, front: 100% leather.",leather,100,0,natural,leather,titled/described as shearling; composition states leather; read 2026-10-10; price $1790
Mackage,JUDAH-AL,JUDAH-AL mixed media down jacket,https://www.mackage.com/products/judah-al,outerwear,derived,-,"Shell: 65% wool, 35% cashmere. Back, collar, front, hood, pockets: 90% polyester, 10% polyamide/nylon. Cuffs: 65% wool, 35% cashmere. Lining: 82% polyamide/nylon, 18% elastane/spandex. Filling: 90% down, 10% feathers",wool,65,0,natural,-,read 2026-10-10; price $1690
Mackage,ALVIN-AL,ALVIN-AL Sweater knit down vest,https://www.mackage.com/products/alvin-al,outerwear,derived,-,"Shell: 65% wool, 35% cashmere. Shell back upper body, front upper body: 90% polyester, 10% polyamide/nylon. Lining: 82% polyamide/nylon, 18% elastane/spandex. Filling:90% down, 10%feathers",wool,65,0,natural,-,read 2026-10-10; price $1290
Mackage,CLAY,CLAY mixed media jacket,https://www.mackage.com/products/clay,outerwear,derived,-,"Shell: 82% recycled nylon, 18% elastane/spandex. Shell collar, front body: 100% sheepskin. Lining: 100% recycled nylon. Filling: 90% down, 10% feathers",polyamide,82,18,synthetic,-,read 2026-10-10; price $1390
Mackage,MOSES,MOSES hooded shearling jacket,https://www.mackage.com/products/moses,outerwear,derived,-,"Shell belt, body, sleeves: 100% sheepskin",leather,100,0,natural,leather,shearling (fur-on sheepskin) shell; read 2026-10-10; price $2990
Mackage,NIXON,NIXON shearling jacket,https://www.mackage.com/products/nixon,outerwear,derived,-,Shell: 100% leather,leather,100,0,natural,leather,titled/described as shearling; composition states leather; read 2026-10-10; price $2890
Mackage,DARWIN,DARWIN Shearling duffle coat,https://www.mackage.com/products/darwin,outerwear,derived,-,Shell: 100% leather,leather,100,0,natural,leather,titled/described as shearling; composition states leather; read 2026-10-10; price $3790
Mackage,COLE,COLE wool double-breasted jacket with shearling collar,https://www.mackage.com/products/cole,outerwear,derived,-,"Shell: 100% wool. Combo shell: 100% lamb leather. Lining: 52% polyester, 48% viscose. Filling: 100% polyester. Fur: 100% sheep leather.",wool,100,0,natural,wool,has fur/shearling trim part; read 2026-10-10; price $1390
Mackage,COLE-BHT,COLE-BHT Houndstooth Patterned Wool Peacoat,https://www.mackage.com/products/cole-bht,outerwear,derived,-,"Shell: 90% wool, 5% mohair, 5% polyamide/nylon. Lining: 52% polyester, 48% viscose. Filling: 100% polyester. Fur: 100% sheep leather",wool,90,0,blend,-,has fur/shearling trim part; read 2026-10-10; price $1390
Mackage,KANE-GLO,KANE-GLO High-Gloss Down Vest,https://www.mackage.com/products/kane-glo,outerwear,derived,High-Gloss,"Shell: 100% polyurethane. Lining: 100% recycled nylon. Filling: 90% recycled down, 10% recycled feathers.",polyurethane,100,0,synthetic,polyurethane,read 2026-10-10; price $690
Mackage,KENT-GLO,KENT-GLO High-Gloss Removable Hooded Down Jacket,https://www.mackage.com/products/kent-glo,outerwear,derived,High-Gloss,"Shell: 100% polyurethane. Lining: 100% recycled nylon. Filling: 90% recycled down, 10% recycled feathers.",polyurethane,100,0,synthetic,polyurethane,read 2026-10-10; price $990
Mackage,COLE-PL,COLE-PL Double-breasted wool peacoat,https://www.mackage.com/products/cole-pl,outerwear,derived,-,"Shell: 100% rws certified wool. Lining: 52% polyester, 48% viscose. Filling: 100% polyester. Fur: 100% sheep leather",wool,100,0,natural,wool,has fur/shearling trim part; named: RWS; read 2026-10-10; price $1390
Mackage,EVERETT-CDY,EVERETT-CDY Down corduroy jacket,https://www.mackage.com/products/everett-cdy,outerwear,derived,-,"Shell: 90% polyester, 10% polyamide/nylon. Shell collar, hood, body: 70% polyester, 30% rayon. Lining: 100% recycled nylon. Filling: 90% down, 10% feathers.",polyester,90,0,synthetic,-,read 2026-10-10; price $990
Mackage,AUGUST-Z,AUGUST-Z bomber jacket with shearling-trimmed hood,https://www.mackage.com/products/august-z,outerwear,derived,-,"Shell: 100% polyamide. Lining: 100% recycled nylon. Filling: 90% down, 10% feathers. Fur: 100% sheep leather.",polyamide,100,0,synthetic,polyamide,has fur/shearling trim part; read 2026-10-10; price $1290
Mackage,RILEY,RILEY classic down jacket with removable shearling bib,https://www.mackage.com/products/riley,outerwear,derived,-,"Shell : 100% polyester. Lining: 100% polyamide/nylon. Filling: 90% duck down, 10% feathers. Fur: 100% sheep.",polyester,100,0,synthetic,polyester,has fur/shearling trim part; read 2026-10-10; price $1590
Mackage,JACK-Z,JACK-Z Agile-360 stretch light down jacket with hood,https://www.mackage.com/products/jack-z,outerwear,derived,Agile-360,"Shell: 82% polyamide/nylon, 18% elastane/spandex. Filling: 90% GRS-certified duck down, 10% duck feathers.",polyamide,82,18,synthetic,-,named: Agile-360; read 2026-10-10; price $950
Mackage,COHEN-CDY,COHEN-CDY Corduroy jacket,https://www.mackage.com/products/cohen-cdy,outerwear,derived,-,"Shell: 90% polyester, 10% polyamide/nylon. Lining: 82% polyamide/nylon, 18% elastane/spandex. Filling: 90% down, 10% feathers.",polyester,90,0,synthetic,-,read 2026-10-10; price $850
Mackage,BRODY-CDY,BRODY-CDY Down quilted vest,https://www.mackage.com/products/brody-cdy,outerwear,derived,-,"Shell: 90% polyester, 10% polyamide/nylon. Shell collar, pockets, upper body: 70% polyester, 30% rayon. Lining: 100% recycled nylon. Filling: 90% down, 10% feathers.",polyester,90,0,synthetic,-,read 2026-10-10; price $590
Mackage,KENNETH-PB,KENNETH-PB Leather moto jacket,https://www.mackage.com/products/kenneth-pb,outerwear,derived,-,Shell: 100% leather. Lining: 100% polyester,leather,100,0,natural,leather,read 2026-10-10; price $1690
Mackage,NIKO,NIKO Reversible hooded wool down jacket,https://www.mackage.com/products/niko,outerwear,derived,-,"Shell: 100% wool. Lining: 82% recycled nylon, 18% elastane/spandex. Filling: 90% recycled down, 10% recycled feathers",wool,100,0,natural,wool,read 2026-10-10; price $1390
Mackage,GRAYDON,GRAYDON 2-in-1 Nordic Tech heavy down jacket,https://www.mackage.com/products/graydon,outerwear,derived,Nordic Tech,"Shell : 59% polyamide/nylon, 41% polyester. Lining : 100% polyamide/nylon. Filling: 90% duck down, 10% feathers.",polyamide,59,0,synthetic,-,named: Nordic Tech; read 2026-10-10; price $1350
Mackage,OTTO-PB,OTTO-PB Pebble leather jacket,https://www.mackage.com/products/otto-pb,outerwear,derived,-,Shell: 100% leather. Lining: 100% polyester,leather,100,0,natural,leather,read 2026-10-10; price $1690
Mackage,SUTTON,SUTTON 3-in-1 wool coat with removable down liner,https://www.mackage.com/products/sutton,outerwear,derived,-,"Shell: 100% wool. Lining: 52% polyester, 48% viscose. Filling: 90% recycled down, 10% recycled feathers",wool,100,0,natural,wool,read 2026-10-10; price $1150
Mackage,HANEY-CITYZ,HANEY-CITY Hybrid light down jacket,https://www.mackage.com/products/haney-cityz,outerwear,derived,Agile-360,"Shell: 82% recycled nylon, 18% elastane/spandex. Combo: 42% wool, 42% acrylic, 14% polyester, 2% elastane/spandex. Lining: 82% recycled nylon, 18% elastane/spandex. Filling: 90% GRS-certified goose down, 10% feathers.",polyamide,82,18,synthetic,-,named: Agile-360; read 2026-10-10; price $790
Mackage,BECKETT,BECKETT Handmade Wool Overcoat,https://www.mackage.com/products/beckett,outerwear,derived,-,Shell: 100% wool. Lining: 100% polyester.,wool,100,0,natural,wool,named: RWS; read 2026-10-10; price $1150
Mackage,BECKETT-PL,BECKETT-PL Double face wool Balmacaan coat,https://www.mackage.com/products/beckett-pl,outerwear,derived,Double-face wool,Shell: 100% rws certified wool. Lining: 100% polyester,wool,100,0,natural,wool,named: RWS; read 2026-10-10; price $1190
Mackage,TRIPP,TRIPP Wool bomber jacket,https://www.mackage.com/products/tripp,outerwear,derived,Double-face wool,"Shell: 100% wool. Sleeves: 100% leather. Cuffs: 41% acrylic, 41% wool, 16% polyester, 2% elastane/spandex. Lining: 52% polyester, 48% viscose",wool,100,0,natural,wool,read 2026-10-10; price $990
Mackage,CARMELO,CARMELO Satin aviator jacket,https://www.mackage.com/products/carmelo,outerwear,derived,-,"Shell: 100% polyamide. Collar, cuffs, waistband: 72% polyamide/nylon, 27% polyester, 1% elastane/spandex. Lining: 96% polyester, 4% elastane/spandex. Filling: 100% polyester.",polyamide,100,0,synthetic,polyamide,read 2026-10-10; price $690
Mackage,ALEC,ALEC 3-in-1 Short Balmacaan Coat with Removable Down Liner,https://www.mackage.com/products/alec,outerwear,derived,-,"Shell: 70% polyester, 30% rayon. Lining: 100% recycled nylon. Filling: 90% down, 10% feathers.",polyester,70,0,blend,-,3-in-1 wool-look Balmacaan coat but page states shell 70% polyester 30% rayon; may describe liner/other colour; re-check; read 2026-10-10; price $1190
Mackage,EASTON-SA,EASTON-SA 2-in-1 Reversible Leather Bomber Jacket,https://www.mackage.com/products/easton-sa,outerwear,derived,-,"Shell: 100% lamb leather. Combo shell 1: 100% polyamide. Combo: 72% polyamide/ nylon, 27% polyester, 1% elastane/spandex.",leather,100,0,natural,leather,read 2026-10-10; price $1490
Mackage,EMILIO-CR,EMILIO-CR Satin Bomber Jacket,https://www.mackage.com/products/emilio-cr,outerwear,derived,-,"Shell: 100% polyamide. Lining: 88% cotton, 12% polyester.",polyamide,100,0,synthetic,polyamide,read 2026-10-10; price $790
Mackage,HENRIK,HENRIK Mixed-Media Suede Shirt Jacket,https://www.mackage.com/products/henrik,outerwear,derived,-,Shell: 100% recycled nylon. Lining: 100% recycled nylon. Filling: 100% recycled polyester.,polyamide,100,0,synthetic,polyamide,titled suede shirt jacket; composition lists only recycled nylon shell; named: PrimaLoft Silver; read 2026-10-10; price $990
Mackage,EREN,EREN Ultra-Light Quilted Vest,https://www.mackage.com/products/eren,outerwear,derived,-,Shell: 100% recycled nylon. Lining: 100% recycled nylon. Filling: 100% polyester.,polyamide,100,0,synthetic,polyamide,named: PrimaLoft Silver; read 2026-10-10; price $590
Mackage,GIOVANNI-SU,GIOVANNI-SU Suede Bomber Jacket,https://www.mackage.com/products/giovanni-su,outerwear,derived,-,Shell: 100% suede. Lining: 100% viscose,leather,100,0,natural,leather,read 2026-10-10; price $1390
Mackage,HAYES,HAYES Double-face wool workwear jacket,https://www.mackage.com/products/hayes,outerwear,derived,Double-face wool,Shell: 100% wool. Lining: 100% polyester,wool,100,0,natural,wool,named: RWS; read 2026-10-10; price $990
Mackage,LIONEL,LIONEL Medium-Length Rain Jacket,https://www.mackage.com/products/lionel,outerwear,derived,-,Shell: 100% recycled polyester. Lining: 100% polyester.,polyester,100,0,synthetic,polyester,read 2026-10-10; price $690
Mackage,JAKARI,JAKARI Leather Zip Jacket,https://www.mackage.com/products/jakari,outerwear,derived,-,Shell: 100% leather. Lining: 100% viscose,leather,100,0,natural,leather,read 2026-10-10; price $1590
Mackage,ROYCE,ROYCE Wool Gabardine Blouson Jacket,https://www.mackage.com/products/royce,outerwear,derived,-,Shell: 100% virgin wool. Lining: 100% viscose,wool,100,0,natural,wool,named: RWS; read 2026-10-10; price $1090
Mackage,DANNY-SU,DANNY-SU Suede Safari Jacket,https://www.mackage.com/products/danny-su,outerwear,derived,-,Shell: 100% suede. Lining: 100% viscose,leather,100,0,natural,leather,read 2026-10-10; price $1590
Mackage,CILLIAN-GLO,CILLIAN-GLO High-Gloss Down Ski Jacket,https://www.mackage.com/products/cillian-glo,outerwear,derived,High-Gloss,"Shell: 100% polyurethane. Lining: 82% recycled nylon, 18% elastane/spandex. Filling: 90% down, 10% feathers.",polyurethane,100,0,synthetic,polyurethane,read 2026-10-10; price $1190
Mackage,STERLING,STERLING 2-in-1 Long Trench Coat with Removable Down Bib,https://www.mackage.com/products/sterling,outerwear,derived,-,"Shell: 70% polyester, 30% rayon. Lining: 82% recycled nylon, 18% elastane/spandex. Filling: 90% recycled down, 10% recycled feathers.",polyester,70,0,blend,-,read 2026-10-10; price $1290
Mackage,GARRETT,GARRETT Seam-Sealed Ristop Rain Jacket,https://www.mackage.com/products/garrett,outerwear,derived,-,"Shell: 75% recycled polyamide, 25% polyamide/ nylon. Lining: 100% polyester.",polyamide,75,0,synthetic,-,marked down on read; compare-at 690; read 2026-10-10; price $690
Mackage,KENNETH,KENNETH Leather Biker Jacket,https://www.mackage.com/products/kenneth,outerwear,derived,-,Shell: 100% lamb leather. Lining: 100% acetate.,leather,100,0,natural,leather,read 2026-10-10; price $1390
Mackage,MATHIAS,MATHIAS 3-in-1 Balmacaan Coat with Removable Down Liner,https://www.mackage.com/products/mathias,outerwear,derived,-,"Shell: 70% polyester, 30% rayon. Lining: 100% recycled nylon. Filling: 90% down, 10% feathers.",polyester,70,0,blend,-,3-in-1 wool-look Balmacaan coat but page states shell 70% polyester 30% rayon; may describe liner/other colour; re-check; read 2026-10-10; price $1290
Mackage,EMMANUEL,EMMANUEL Double-face wool overshirt with leather patch pocket,https://www.mackage.com/products/emmanuel,outerwear,derived,Double-face wool,"Shell: 100% wool. Combo shell: 60% sheepskin, 40% polyurethane (PU).",wool,100,0,natural,wool,read 2026-10-10; price $990
Mackage,WERNER-Z,WERNER-Z Quilted Down Parka With Removable Bib,https://www.mackage.com/products/werner-z,outerwear,derived,-,"Shell: 59% polyamide/nylon, 41% polyester. Lining: 100% recycled nylon. Filling: 90% down, 10% feathers.",polyamide,59,0,synthetic,-,read 2026-10-10; price $1350
Mackage,SULLIVAN,SULLIVAN 2-in-1 Down Coat with Removable Bib,https://www.mackage.com/products/sullivan,outerwear,derived,Nordic Tech,"Shell: 59% polyamide/nylon, 41% polyester. Lining: 100% polyamide/nylon. Combo lining: 100% leather. Filling: 90% duck down, 10% feathers.",polyamide,59,0,synthetic,-,named: Nordic Tech; read 2026-10-10; price $1490
Mackage,BERGEN,BERGEN Quilted Down Hooded Jacket,https://www.mackage.com/products/bergen,outerwear,derived,-,"Shell: 82% recycled nylon, 18% elastane/spandex. Lining: 100% recycled nylon. Filling: 90% recycled down, 10% recycled feathers.",polyamide,82,18,synthetic,-,read 2026-10-10; price $950
Mackage,MALIK,MALIK Double-Face Wool Hooded Jacket,https://www.mackage.com/products/malik,outerwear,derived,Double-face wool,"Shell: 100% wool. Combo: 40% wool, 40% acrylic, 17% polyester, 3% elastane / spandex. Lining: 100% polyester.",wool,100,0,natural,wool,named: RWS; read 2026-10-10; price $1090
Mackage,DIXON-NFR,DIXON-NFR 2-In-1 down bomber jacket with hooded bib for men,https://www.mackage.com/products/dixon-nfr,outerwear,derived,Nordic Tech,"Shell (Woven): 59% Polyamide/ Nylon, 41% Polyester. Combo: 100% Cow Leather. Lining: 100% Polyamide/ Nylon. Filling: 90% Duck Down, 10% Feathers.",polyamide,59,0,synthetic,-,named: Nordic Tech; read 2026-10-10; price $1290
Mackage,EDWARD-NFR,EDWARD-NFR 2-in-1 down coat with removable hooded bib for men,https://www.mackage.com/products/edward-nfr,outerwear,derived,Nordic Tech,"Shell : 59% polyamide/nylon, 41% polyester. Combo 100% cow leather. Lining: 100% polyamide/nylon. Filling: 90% duck down, 10% feathers.",polyamide,59,0,synthetic,-,named: Nordic Tech; read 2026-10-10; price $1390
Mackage,MORITZ-X,MORITZ-X Fur-lined twill parka with removable silver fur trim,https://www.mackage.com/products/moritz-x,outerwear,derived,-,"Shell : 70% polyester, 30% polyamide/nylon. Lining: 100% polyester. Filling: 90% duck down, 10% feathers. Fur: 100% finland silver fox. Fur 2: 100% rabbit.",polyester,70,0,synthetic,-,has fur/shearling trim part; read 2026-10-10; price $2090
Mackage,FROST-R,FROST-R Down Ski Jacket With 3D Cargo Pockets,https://www.mackage.com/products/frost-r,outerwear,derived,-,"Shell: 84% polyamide/nylon, 16% elastane/spandex. Lining: 100% recycled nylon. Filling: 90% down, 10% feathers.",polyamide,84,16,synthetic,-,read 2026-10-10; price $1150
Mackage,COLLIN-R,COLLIN-R Down Mixed Media Bomber Jacket,https://www.mackage.com/products/collin-r,outerwear,derived,-,"Shell: 53% cotton, 47% polyester. Combo Shell 1: 100% recycled nylon. Lining: 100% recycled nylon. Filling: 90% GRS-certifed duck down, 10% feathers.",cotton,53,0,blend,-,read 2026-10-10; price $650
Mackage,ANDREW-Z,ANDREW-Z Mixed-media light down jacket,https://www.mackage.com/products/andrew-z,outerwear,derived,-,"Shell: 82% recycled nylon, 18% elastane/spandex. Combo shell: 42% wool, 42% acrylic, 14% polyester, 2% elastane/spandex. Lining: 82% recycled nylon, 18% elastane/spandex. Filling: 90% goose down, 10% feathers.",polyamide,82,18,synthetic,-,read 2026-10-10; price $850
Mackage,WYLDER,WYLDER Double Face Wool Shirt Jacket,https://www.mackage.com/products/wylder,outerwear,derived,Double-face wool,Shell: 100% wool. Lining: 100% polyester,wool,100,0,natural,wool,named: RWS; read 2026-10-10; price $990
Mackage,GAGE,GAGE Long Seam Sealed Ripstop Raincoat,https://www.mackage.com/products/gage,outerwear,derived,-,"Shell: 75% recycled polyamide, 25% polyamide/ nylon",polyamide,75,0,synthetic,-,marked down on read; compare-at 750; read 2026-10-10; price $750
Mackage,BRODY,BRODY Down-Filled Quilted Vest,https://www.mackage.com/products/brody,outerwear,derived,-,"Shell: 82% recycled nylon, 18% elastane/spandex. Lining: 100% recycled nylon. Filling: 90% GRS-certified down, 10% feathers.",polyamide,82,18,synthetic,-,read 2026-10-10; price $590
Ministry of Supply,mens-travel-merino-tee,Men's Travel Merino Tee,https://www.ministryofsupply.com/products/mens-travel-merino-tee-linen,tees-polos,derived,Travel Merino,76% Merino / 19% Nylon / 5% Elastane Blend,wool,76,5,blend,-,"colours Slate, Linen; no made-in line on PDP"
Ministry of Supply,mens-apollo-polo,Men's Apollo Polo 2.0,https://www.ministryofsupply.com/products/mens-apollo-polo-navy-mps,tees-polos,derived,Apollo;MPS,"60% Recycled TCD Polyester, 40% Sorona",polyester,100,0,synthetic,polyester,"Sorona (DuPont PTT) = polyester class, so main line 100% polyester; written leader 60%. Made by Leverstyle, Shenzhen"
Ministry of Supply,mens-apollo-dress-shirt,Men's Apollo Dress Shirt 2.0,https://www.ministryofsupply.com/products/mens-apollo-dress-shirt-white-mps,shirts,Men's Shirts (collection mens-shirts),Apollo;MPS,"60% Recycled TCD Polyester, 40% Sorona",polyester,100,0,synthetic,polyester,"pique knit; Sorona = polyester class. Made by Leverstyle, Shenzhen"
Ministry of Supply,mens-aero-zero-dress-shirt,Men's AeroZero° Dress Shirt,https://www.ministryofsupply.com/products/mens-aerozero-dress-shirt-white-mps,shirts,Men's Shirts,AeroZero;MPS,100% Polyester,polyester,100,0,synthetic,polyester,"Made in Shenzhen, China; 6+ colours"
Ministry of Supply,mens-aero-zero-sport-shirt,Men's AeroZero° Sport Shirt,https://www.ministryofsupply.com/products/mens-aerozero-sport-shirt-white-mps,shirts,Men's Shirts,AeroZero;MPS,100% Performance polyester,polyester,100,0,synthetic,polyester,"button-down collar; Made by Lever Style, Shenzhen"
Ministry of Supply,mens-kinetic-pant,Men's Kinetic Pant,https://www.ministryofsupply.com/products/mens-kinetic-pant-black-mps,trousers,Men's Pants,Kinetic;MPS,100% Primeflex® Warp-knit Japanese Polyester (15% sugar-cane derived),polyester,100,0,synthetic,polyester,"warp-knit stretch, no elastane stated. Made by Lever Style, Shenzhen"
Ministry of Supply,mens-velocity-dress-pant,Men's Velocity Dress Pant,https://www.ministryofsupply.com/products/mens-velocity-dress-pant-black-mps,trousers,derived,Velocity;MPS,"61% Polyester, 33% Viscose, 6% Elastane",polyester,61,6,blend,-,"Lever Style (DongGuan, CN)"
Ministry of Supply,mens-kinetic-blazer,Men's Kinetic Blazer,https://www.ministryofsupply.com/products/mens-kinetic-blazer-navy-mps,tailoring,Men's Blazers,Kinetic;MPS,100% Solotex® or Primeflex® Warp-Knit Polyester (15% corn based),polyester,100,0,synthetic,polyester,Made by Lever Style in Shenzhen
Ministry of Supply,mens-velocity-suit-jacket,Men's Velocity Suit Jacket,https://www.ministryofsupply.com/products/mens-velocity-suit-jacket-black-mps,tailoring,Men's Blazers,Velocity;MPS,"61% Polyester, 33% Rayon, 6% Elastane; 100% Polyester lining",polyester,61,6,blend,-,"shell read; Made By Lever Style (DongGuan, CN); $598 compare-at, displayed $478"
Ministry of Supply,mens-velocity-suit-jacket-lw2,Men's Previous Generation Velocity Suit Jacket,https://www.ministryofsupply.com/products/mens-velocity-suit-jacket-black-lw2-sn,tailoring,derived,Velocity,"61% Polyester, 33% Viscose, 6% Elastane",polyester,61,6,blend,-,"previous generation (pre-2022 fit), final sale $298 vs $495; Made by Matsuoka (Pinghu, CN) and Toray-TGE (Bangkok, TH); kept as its own style"
Ministry of Supply,mens-velocity-merino-harrington-jacket,Men's Velocity Merino Harrington Jacket,https://www.ministryofsupply.com/products/mens-velocity-merino-harrington-jacket-navy-mps,outerwear,Outerwear (collection mens-outerwear),Velocity;MPS,"50% Merino Wool, 44% Polyester, 6% Spandex",wool,50,6,blend,-,"lining composition not stated; Made by Lever Style, Dongguan"
Ministry of Supply,mens-travel-merino-boxer-brief,Men's Travel Merino Boxer Brief,https://www.ministryofsupply.com/products/mens-travel-merino-boxer-brief-black,underwear-swim,derived,Travel Merino,76% Merino / 19% Nylon / 5% Elastane Blend,wool,76,5,blend,-,"Made in Shenzhen, China by Lever Style"
New Balance,MT41CA,NYC Marathon Hoodie - NY Energy,https://www.newbalance.com/pd/nyc-marathon-hoodie---ny-energy/MT41CA.html,sweats,Hoodies,NYC Marathon,100% cotton,cotton,100,0,natural,cotton,"$94.99; tech: -; origin line ""Imported"" unless stated; SAMPLE: 37 men's clothing styles read on newbalance.com PDPs via WebFetch 2026-10-10; 33 = every distinct en-US men's apparel URL (MT/MJ/MP/MS codes) in the first 299 entries of sitemap_0-product.xml (WebFetch truncated the file there), plus 4 PDPs named in the browser price read; not random, skews to core/basic lines"
New Balance,MT41250,RC Essential Tank,https://www.newbalance.com/pd/rc-essential-tank/MT41250.html,tees-polos,Shirts,RC,"95% recycled polyester, 5% polyester",polyester,100,0,synthetic,polyester,"$39.99; tech: NB ICEx; origin line ""Imported"" unless stated; SAMPLE: 37 men's clothing styles read on newbalance.com PDPs via WebFetch 2026-10-10; 33 = every distinct en-US men's apparel URL (MT/MJ/MP/MS codes) in the first 299 entries of sitemap_0-product.xml (WebFetch truncated the file there), plus 4 PDPs named in the browser price read; not random, skews to core/basic lines"
New Balance,MT41253,RC Essential T-Shirt,https://www.newbalance.com/pd/rc-essential-t-shirt/MT41253.html,tees-polos,Shirts,RC,"95% recycled polyester, 5% polyester",polyester,100,0,synthetic,polyester,"$49.99; tech: NB ICEx; origin line ""Imported"" unless stated; SAMPLE: 37 men's clothing styles read on newbalance.com PDPs via WebFetch 2026-10-10; 33 = every distinct en-US men's apparel URL (MT/MJ/MP/MS codes) in the first 299 entries of sitemap_0-product.xml (WebFetch truncated the file there), plus 4 PDPs named in the browser price read; not random, skews to core/basic lines"
New Balance,MT41256,RC Essential Long Sleeve,https://www.newbalance.com/pd/rc-essential-long-sleeve/MT41256.html,tees-polos,Shirts,RC,"95% recycled polyester, 5% polyester",polyester,100,0,synthetic,polyester,"$54.99; tech: NB ICEx; origin line ""Imported"" unless stated; SAMPLE: 37 men's clothing styles read on newbalance.com PDPs via WebFetch 2026-10-10; 33 = every distinct en-US men's apparel URL (MT/MJ/MP/MS codes) in the first 299 entries of sitemap_0-product.xml (WebFetch truncated the file there), plus 4 PDPs named in the browser price read; not random, skews to core/basic lines"
New Balance,MT41401,New Balance Performance Polo,https://www.newbalance.com/pd/new-balance-performance-polo/MT41401.html,tees-polos,Shirts,-,"90% recycled polyester, 10% spandex",polyester,90,10,synthetic,-,"$54.99; tech: NB DRY; origin line ""Imported"" unless stated; SAMPLE: 37 men's clothing styles read on newbalance.com PDPs via WebFetch 2026-10-10; 33 = every distinct en-US men's apparel URL (MT/MJ/MP/MS codes) in the first 299 entries of sitemap_0-product.xml (WebFetch truncated the file there), plus 4 PDPs named in the browser price read; not random, skews to core/basic lines"
New Balance,MT41502,Sport Essentials Logo T-Shirt,https://www.newbalance.com/pd/sport-essentials-logo-t-shirt/MT41502.html,tees-polos,Shirts,Sport Essentials,100% cotton,cotton,100,0,natural,cotton,"$29.99; tech: -; origin line ""Imported"" unless stated; SAMPLE: 37 men's clothing styles read on newbalance.com PDPs via WebFetch 2026-10-10; 33 = every distinct en-US men's apparel URL (MT/MJ/MP/MS codes) in the first 299 entries of sitemap_0-product.xml (WebFetch truncated the file there), plus 4 PDPs named in the browser price read; not random, skews to core/basic lines"
New Balance,MT41505,Sport Essentials Fleece Logo Hoodie,https://www.newbalance.com/pd/sport-essentials-fleece-logo-hoodie/MT41505.html,sweats,Hoodies,Sport Essentials,"60% cotton, 40% recycled polyester",cotton,60,0,blend,-,"$69.99; tech: -; origin line ""Imported"" unless stated; SAMPLE: 37 men's clothing styles read on newbalance.com PDPs via WebFetch 2026-10-10; 33 = every distinct en-US men's apparel URL (MT/MJ/MP/MS codes) in the first 299 entries of sitemap_0-product.xml (WebFetch truncated the file there), plus 4 PDPs named in the browser price read; not random, skews to core/basic lines"
New Balance,MT41509,Sport Essentials Cotton T-Shirt,https://www.newbalance.com/pd/sport-essentials-cotton-t-shirt/MT41509.html,tees-polos,Shirts,Sport Essentials,100% cotton,cotton,100,0,natural,cotton,"$29.99; tech: -; origin line ""Imported"" unless stated; SAMPLE: 37 men's clothing styles read on newbalance.com PDPs via WebFetch 2026-10-10; 33 = every distinct en-US men's apparel URL (MT/MJ/MP/MS codes) in the first 299 entries of sitemap_0-product.xml (WebFetch truncated the file there), plus 4 PDPs named in the browser price read; not random, skews to core/basic lines"
New Balance,MT41510,Sport Essentials Fleece Crew,https://www.newbalance.com/pd/sport-essentials-fleece-crew/MT41510.html,sweats,Hoodies,Sport Essentials,"60% cotton, 40% recycled polyester",cotton,60,0,blend,-,"$64.99; tech: -; origin line ""Imported"" unless stated; SAMPLE: 37 men's clothing styles read on newbalance.com PDPs via WebFetch 2026-10-10; 33 = every distinct en-US men's apparel URL (MT/MJ/MP/MS codes) in the first 299 entries of sitemap_0-product.xml (WebFetch truncated the file there), plus 4 PDPs named in the browser price read; not random, skews to core/basic lines"
New Balance,MT41511,Sport Essentials Fleece Hoodie,https://www.newbalance.com/pd/sport-essentials-fleece-hoodie/MT41511.html,sweats,Hoodies,Sport Essentials,"60% cotton, 40% recycled polyester",cotton,60,0,blend,-,"$69.99; tech: -; origin line ""Imported"" unless stated; SAMPLE: 37 men's clothing styles read on newbalance.com PDPs via WebFetch 2026-10-10; 33 = every distinct en-US men's apparel URL (MT/MJ/MP/MS codes) in the first 299 entries of sitemap_0-product.xml (WebFetch truncated the file there), plus 4 PDPs named in the browser price read; not random, skews to core/basic lines"
New Balance,MT41533,Athletics Cotton T-Shirt,https://www.newbalance.com/pd/athletics-cotton-t-shirt/MT41533.html,tees-polos,Shirts,Athletics,100% cotton,cotton,100,0,natural,cotton,"$39.99; tech: -; origin line ""Imported"" unless stated; SAMPLE: 37 men's clothing styles read on newbalance.com PDPs via WebFetch 2026-10-10; 33 = every distinct en-US men's apparel URL (MT/MJ/MP/MS codes) in the first 299 entries of sitemap_0-product.xml (WebFetch truncated the file there), plus 4 PDPs named in the browser price read; not random, skews to core/basic lines"
New Balance,MT41534,Athletics French Terry Hoodie,https://www.newbalance.com/pd/athletics-french-terry-hoodie/MT41534.html,sweats,Hoodies,Athletics,100% cotton,cotton,100,0,natural,cotton,"$89.99; tech: -; origin line ""Imported"" unless stated; SAMPLE: 37 men's clothing styles read on newbalance.com PDPs via WebFetch 2026-10-10; 33 = every distinct en-US men's apparel URL (MT/MJ/MP/MS codes) in the first 299 entries of sitemap_0-product.xml (WebFetch truncated the file there), plus 4 PDPs named in the browser price read; not random, skews to core/basic lines"
New Balance,MT41547,Athletics Premium Logo Crew,https://www.newbalance.com/pd/athletics-premium-logo-crew/MT41547.html,sweats,Hoodies,Athletics,100% cotton,cotton,100,0,natural,cotton,"$79.99; tech: -; origin line ""Imported"" unless stated; SAMPLE: 37 men's clothing styles read on newbalance.com PDPs via WebFetch 2026-10-10; 33 = every distinct en-US men's apparel URL (MT/MJ/MP/MS codes) in the first 299 entries of sitemap_0-product.xml (WebFetch truncated the file there), plus 4 PDPs named in the browser price read; not random, skews to core/basic lines"
New Balance,MT41908,Athletics Premium Logo T-Shirt,https://www.newbalance.com/pd/athletics-premium-logo-t-shirt/MT41908.html,tees-polos,Shirts,Athletics,100% cotton,cotton,100,0,natural,cotton,"$39.99; tech: -; origin line ""Imported"" unless stated; SAMPLE: 37 men's clothing styles read on newbalance.com PDPs via WebFetch 2026-10-10; 33 = every distinct en-US men's apparel URL (MT/MJ/MP/MS codes) in the first 299 entries of sitemap_0-product.xml (WebFetch truncated the file there), plus 4 PDPs named in the browser price read; not random, skews to core/basic lines"
New Balance,MT41915,Space Dye 1/4 Zip,https://www.newbalance.com/pd/space-dye-14-zip/MT41915.html,tees-polos,derived,-,"84% recycled polyester, 16% spandex",polyester,84,16,synthetic,-,"$59.99; tech: NB DRY; poly-knit quarter-zip training top, filed as tees-polos; origin line ""Imported"" unless stated; SAMPLE: 37 men's clothing styles read on newbalance.com PDPs via WebFetch 2026-10-10; 33 = every distinct en-US men's apparel URL (MT/MJ/MP/MS codes) in the first 299 entries of sitemap_0-product.xml (WebFetch truncated the file there), plus 4 PDPs named in the browser price read; not random, skews to core/basic lines"
New Balance,MT43204,RC Essential Heat Grid 1/2 Zip,https://www.newbalance.com/pd/rc-essential-heat-grid-12-zip/MT43204.html,tees-polos,derived,RC,"95% recycled polyester, 5% spandex",polyester,95,5,synthetic,-,"$94.99; tech: NB HEAT; running half-zip layer, filed as tees-polos; origin line ""Imported"" unless stated; SAMPLE: 37 men's clothing styles read on newbalance.com PDPs via WebFetch 2026-10-10; 33 = every distinct en-US men's apparel URL (MT/MJ/MP/MS codes) in the first 299 entries of sitemap_0-product.xml (WebFetch truncated the file there), plus 4 PDPs named in the browser price read; not random, skews to core/basic lines"
New Balance,MT43541,Made in USA Core Crewneck Sweatshirt,https://www.newbalance.com/pd/made-in-usa-core-crewneck-sweatshirt/MT43541.html,sweats,Hoodies,Made in USA,100% cotton,cotton,100,0,natural,cotton,"$154.99; tech: -; origin ""Manufactured in the U.S., from domestically sourced fabrics""; ATHLETIC GREY colourway 95% cotton, 5% polyester; origin line ""Imported"" unless stated; SAMPLE: 37 men's clothing styles read on newbalance.com PDPs via WebFetch 2026-10-10; 33 = every distinct en-US men's apparel URL (MT/MJ/MP/MS codes) in the first 299 entries of sitemap_0-product.xml (WebFetch truncated the file there), plus 4 PDPs named in the browser price read; not random, skews to core/basic lines"
New Balance,MJ53504,High Pile Jacket,https://www.newbalance.com/pd/high-pile-jacket/MJ53504.html,outerwear,Jackets,-,100% recycled polyester,polyester,100,0,synthetic,polyester,"$149.99; tech: -; origin line ""Imported"" unless stated; SAMPLE: 37 men's clothing styles read on newbalance.com PDPs via WebFetch 2026-10-10; 33 = every distinct en-US men's apparel URL (MT/MJ/MP/MS codes) in the first 299 entries of sitemap_0-product.xml (WebFetch truncated the file there), plus 4 PDPs named in the browser price read; not random, skews to core/basic lines"
New Balance,MP41060,"AC Tapered Pant 29""",https://www.newbalance.com/pd/ac-tapered-pant-29/MP41060.html,trousers,Pants,-,"78% recycled polyester, 22% polyester",polyester,100,0,synthetic,polyester,"list $89.99 (on sale $62.99); tech: NB DRY; origin line ""Imported"" unless stated; SAMPLE: 37 men's clothing styles read on newbalance.com PDPs via WebFetch 2026-10-10; 33 = every distinct en-US men's apparel URL (MT/MJ/MP/MS codes) in the first 299 entries of sitemap_0-product.xml (WebFetch truncated the file there), plus 4 PDPs named in the browser price read; not random, skews to core/basic lines"
New Balance,MP41503,Sport Essentials Fleece Jogger,https://www.newbalance.com/pd/sport-essentials-fleece-jogger/MP41503.html,sweats,Pants,Sport Essentials,"60% cotton, 40% recycled polyester",cotton,60,0,blend,-,"$64.99; tech: -; origin line ""Imported"" unless stated; SAMPLE: 37 men's clothing styles read on newbalance.com PDPs via WebFetch 2026-10-10; 33 = every distinct en-US men's apparel URL (MT/MJ/MP/MS codes) in the first 299 entries of sitemap_0-product.xml (WebFetch truncated the file there), plus 4 PDPs named in the browser price read; not random, skews to core/basic lines"
New Balance,MP41508,Athletics French Terry Jogger,https://www.newbalance.com/pd/athletics-french-terry-jogger/MP41508.html,sweats,Pants,Athletics,100% cotton,cotton,100,0,natural,cotton,"$84.99; tech: -; origin line ""Imported"" unless stated; SAMPLE: 37 men's clothing styles read on newbalance.com PDPs via WebFetch 2026-10-10; 33 = every distinct en-US men's apparel URL (MT/MJ/MP/MS codes) in the first 299 entries of sitemap_0-product.xml (WebFetch truncated the file there), plus 4 PDPs named in the browser price read; not random, skews to core/basic lines"
New Balance,MP41510,Athletics Stretch Woven Jogger,https://www.newbalance.com/pd/athletics-stretch-woven-jogger/MP41510.html,trousers,Pants,Athletics,"89% nylon, 11% spandex",polyamide,89,11,synthetic,-,"$74.99; tech: -; origin line ""Imported"" unless stated; SAMPLE: 37 men's clothing styles read on newbalance.com PDPs via WebFetch 2026-10-10; 33 = every distinct en-US men's apparel URL (MT/MJ/MP/MS codes) in the first 299 entries of sitemap_0-product.xml (WebFetch truncated the file there), plus 4 PDPs named in the browser price read; not random, skews to core/basic lines"
New Balance,MP41579,Twill Cargo Jogger,https://www.newbalance.com/pd/twill-cargo-jogger/MP41579.html,trousers,Pants,-,"69% cotton, 28% recycled nylon, 3% spandex",cotton,69,3,blend,-,"$84.99; tech: -; origin line ""Imported"" unless stated; SAMPLE: 37 men's clothing styles read on newbalance.com PDPs via WebFetch 2026-10-10; 33 = every distinct en-US men's apparel URL (MT/MJ/MP/MS codes) in the first 299 entries of sitemap_0-product.xml (WebFetch truncated the file there), plus 4 PDPs named in the browser price read; not random, skews to core/basic lines"
New Balance,MP43547,Made in USA Core Sweatpant,https://www.newbalance.com/pd/made-in-usa-core-sweatpant/MP43547.html,sweats,Pants,Made in USA,100% cotton,cotton,100,0,natural,cotton,"$164.99; tech: -; origin ""Manufactured in the U.S., from domestically sourced fabrics""; ATHLETIC GREY 95% cotton, 5% polyester; origin line ""Imported"" unless stated; SAMPLE: 37 men's clothing styles read on newbalance.com PDPs via WebFetch 2026-10-10; 33 = every distinct en-US men's apparel URL (MT/MJ/MP/MS codes) in the first 299 entries of sitemap_0-product.xml (WebFetch truncated the file there), plus 4 PDPs named in the browser price read; not random, skews to core/basic lines"
New Balance,MP43554,"Athletics Standard Tapered Pant 30""",https://www.newbalance.com/pd/athletics-standard-tapered-pant-30/MP43554.html,trousers,Pants,Athletics,"69% cotton, 28% recycled nylon, 3% spandex",cotton,69,3,blend,-,"$84.99; tech: -; origin line ""Imported"" unless stated; SAMPLE: 37 men's clothing styles read on newbalance.com PDPs via WebFetch 2026-10-10; 33 = every distinct en-US men's apparel URL (MT/MJ/MP/MS codes) in the first 299 entries of sitemap_0-product.xml (WebFetch truncated the file there), plus 4 PDPs named in the browser price read; not random, skews to core/basic lines"
New Balance,MP51273,"RC Pocket Tight 28""",https://www.newbalance.com/pd/rc-pocket-tight-28/MP51273.html,trousers,Pants,RC,"71% recycled polyester, 29% Lycra®",polyester,71,29,synthetic,-,"$89.99; tech: NB DRY, NB Sleek fabric, Lycra; running tight filed as trousers; origin line ""Imported"" unless stated; SAMPLE: 37 men's clothing styles read on newbalance.com PDPs via WebFetch 2026-10-10; 33 = every distinct en-US men's apparel URL (MT/MJ/MP/MS codes) in the first 299 entries of sitemap_0-product.xml (WebFetch truncated the file there), plus 4 PDPs named in the browser price read; not random, skews to core/basic lines"
New Balance,MP53506,Sport Essentials Fleece Pant,https://www.newbalance.com/pd/sport-essentials-fleece-pant/MP53506.html,sweats,Pants,Sport Essentials,"60% cotton, 40% recycled polyester",cotton,60,0,blend,-,"$64.99; tech: -; origin line ""Imported"" unless stated; SAMPLE: 37 men's clothing styles read on newbalance.com PDPs via WebFetch 2026-10-10; 33 = every distinct en-US men's apparel URL (MT/MJ/MP/MS codes) in the first 299 entries of sitemap_0-product.xml (WebFetch truncated the file there), plus 4 PDPs named in the browser price read; not random, skews to core/basic lines"
New Balance,MS41283,"RC Short 7""",https://www.newbalance.com/pd/rc-short-7/MS41283.html,shorts,Shorts,RC,"86% recycled polyester, 14% spandex",polyester,86,14,synthetic,-,"$64.99; tech: NB DRY; shell only, liner composition not stated; origin line ""Imported"" unless stated; SAMPLE: 37 men's clothing styles read on newbalance.com PDPs via WebFetch 2026-10-10; 33 = every distinct en-US men's apparel URL (MT/MJ/MP/MS codes) in the first 299 entries of sitemap_0-product.xml (WebFetch truncated the file there), plus 4 PDPs named in the browser price read; not random, skews to core/basic lines"
New Balance,MS41286,"RC Short 5""",https://www.newbalance.com/pd/rc-short-5/MS41286.html,shorts,Shorts,RC,"86% recycled polyester, 14% spandex",polyester,86,14,synthetic,-,"$64.99; tech: NB DRY; shell only, liner composition not stated; origin line ""Imported"" unless stated; SAMPLE: 37 men's clothing styles read on newbalance.com PDPs via WebFetch 2026-10-10; 33 = every distinct en-US men's apparel URL (MT/MJ/MP/MS codes) in the first 299 entries of sitemap_0-product.xml (WebFetch truncated the file there), plus 4 PDPs named in the browser price read; not random, skews to core/basic lines"
New Balance,MS41504,"Sport Essentials Fleece Short 7""",https://www.newbalance.com/pd/sport-essentials-fleece-short-7/MS41504.html,shorts,Shorts,Sport Essentials,"60% cotton, 40% recycled polyester",cotton,60,0,blend,-,"$49.99; tech: -; origin line ""Imported"" unless stated; SAMPLE: 37 men's clothing styles read on newbalance.com PDPs via WebFetch 2026-10-10; 33 = every distinct en-US men's apparel URL (MT/MJ/MP/MS codes) in the first 299 entries of sitemap_0-product.xml (WebFetch truncated the file there), plus 4 PDPs named in the browser price read; not random, skews to core/basic lines"
New Balance,MS41511,"Athletics French Terry Short 5""",https://www.newbalance.com/pd/athletics-french-terry-short-5/MS41511.html,shorts,Shorts,Athletics,100% cotton,cotton,100,0,natural,cotton,"$64.99; tech: -; origin line ""Imported"" unless stated; SAMPLE: 37 men's clothing styles read on newbalance.com PDPs via WebFetch 2026-10-10; 33 = every distinct en-US men's apparel URL (MT/MJ/MP/MS codes) in the first 299 entries of sitemap_0-product.xml (WebFetch truncated the file there), plus 4 PDPs named in the browser price read; not random, skews to core/basic lines"
New Balance,MS41514,"Sport Essentials Mesh Short 5""",https://www.newbalance.com/pd/sport-essentials-mesh-short-5/MS41514.html,shorts,Shorts,Sport Essentials,100% recycled polyester,polyester,100,0,synthetic,polyester,"$49.99; tech: -; origin line ""Imported"" unless stated; SAMPLE: 37 men's clothing styles read on newbalance.com PDPs via WebFetch 2026-10-10; 33 = every distinct en-US men's apparel URL (MT/MJ/MP/MS codes) in the first 299 entries of sitemap_0-product.xml (WebFetch truncated the file there), plus 4 PDPs named in the browser price read; not random, skews to core/basic lines"
New Balance,MS51271,"RC Pocket Half Tight 9""",https://www.newbalance.com/pd/rc-pocket-half-tight-9/MS51271.html,shorts,Shorts,RC,"71% recycled polyester, 29% Lycra®",polyester,71,29,synthetic,-,"$69.99; tech: NB DRY, Lycra; origin line ""Imported"" unless stated; SAMPLE: 37 men's clothing styles read on newbalance.com PDPs via WebFetch 2026-10-10; 33 = every distinct en-US men's apparel URL (MT/MJ/MP/MS codes) in the first 299 entries of sitemap_0-product.xml (WebFetch truncated the file there), plus 4 PDPs named in the browser price read; not random, skews to core/basic lines"
New Balance,MT62N7SG,Made in USA Heritage Running Graphic T-Shirt,https://www.newbalance.com/pd/made-in-usa-heritage-running-graphic-t-shirt/MT62N7SG.html,tees-polos,Shirts,Made in USA,100% cotton,cotton,100,0,natural,cotton,"$74.99; tech: -; origin ""Manufactured in the U.S., from domestically sourced fabrics""; origin line ""Imported"" unless stated; SAMPLE: 37 men's clothing styles read on newbalance.com PDPs via WebFetch 2026-10-10; 33 = every distinct en-US men's apparel URL (MT/MJ/MP/MS codes) in the first 299 entries of sitemap_0-product.xml (WebFetch truncated the file there), plus 4 PDPs named in the browser price read; not random, skews to core/basic lines"
New Balance,MT62D56Z,NYC Marathon Race Day Ultra Light Printed T-Shirt,https://www.newbalance.com/pd/nyc-marathon-race-day-ultra-light-printed-t-shirt/MT62D56Z.html,tees-polos,Shirts,NYC Marathon,"74% recycled nylon, 26% lycra",polyamide,74,26,synthetic,-,"$109.99; tech: NB ICE, Lycra; TCS NYC Marathon event collection; origin line ""Imported"" unless stated; SAMPLE: 37 men's clothing styles read on newbalance.com PDPs via WebFetch 2026-10-10; 33 = every distinct en-US men's apparel URL (MT/MJ/MP/MS codes) in the first 299 entries of sitemap_0-product.xml (WebFetch truncated the file there), plus 4 PDPs named in the browser price read; not random, skews to core/basic lines"
New Balance,MJ62S4CH,Utility Stretch Woven Jacket,https://www.newbalance.com/pd/utility-stretch-woven-jacket/MJ62S4CH.html,outerwear,Jackets,-,"Body: 86% recycled polyester, 14% elastane",polyester,86,14,synthetic,-,"$99.99; tech: NB DRY; pocket bag 100% recycled polyester ignored; origin line ""Imported"" unless stated; SAMPLE: 37 men's clothing styles read on newbalance.com PDPs via WebFetch 2026-10-10; 33 = every distinct en-US men's apparel URL (MT/MJ/MP/MS codes) in the first 299 entries of sitemap_0-product.xml (WebFetch truncated the file there), plus 4 PDPs named in the browser price read; not random, skews to core/basic lines"
New Balance,MJ62A2MC,Basketball Padded Jacket,https://www.newbalance.com/pd/basketball-padded-jacket/MJ62A2MC.html,outerwear,Jackets,-,Main body: 100% recycled polyester,polyester,100,0,synthetic,polyester,"$179.99; tech: -; FLAG: page also says ""Nylon woven fabric"" for the shell; lining 100% recycled polyester; fill 90% recycled polyester, 10% polyester; origin line ""Imported"" unless stated; SAMPLE: 37 men's clothing styles read on newbalance.com PDPs via WebFetch 2026-10-10; 33 = every distinct en-US men's apparel URL (MT/MJ/MP/MS codes) in the first 299 entries of sitemap_0-product.xml (WebFetch truncated the file there), plus 4 PDPs named in the browser price read; not random, skews to core/basic lines"
Nike,DC5094,Nike Sportswear Swoosh Men's T-Shirt,https://www.nike.com/t/sportswear-swoosh-mens-t-shirt-LzncrX/DC5094-491,tees-polos,Tops & T-Shirts,Nike Sportswear,50-100% cotton/0-50% polyester,cotton,50,0,blend,-,"range composition; 'Material percentages may vary'; composition is a range (50-100% cotton/0-50% polyester); lead_pct is the lower bound; may be 100% cotton; price seen $32; tech: -; origin line ""Imported""; SAMPLE: 64 men's clothing styles read on nike.com PDPs 2026-10-10, first distinct non-Jordan styles in default grid order per category (plus search finds for shirts/denim/knit/chinos); men's clothing grid states 2,269 tiles; not random"
Nike,JF6187,Nike Sportswear Men's T-Shirt,https://www.nike.com/t/sportswear-mens-t-shirt-elkcFPY1/JF6187-010,tees-polos,Tops & T-Shirts,Nike Sportswear,100% cotton,cotton,100,0,natural,cotton,"price seen $37; tech: -; origin line ""Imported""; SAMPLE: 64 men's clothing styles read on nike.com PDPs 2026-10-10, first distinct non-Jordan styles in default grid order per category (plus search finds for shirts/denim/knit/chinos); men's clothing grid states 2,269 tiles; not random"
Nike,JA0084,Nike Sportswear Men's T-Shirt,https://www.nike.com/t/sportswear-mens-t-shirt-Zoxj6Gd9/JA0084-010,tees-polos,Tops & T-Shirts,Nike Sportswear,100% cotton,cotton,100,0,natural,cotton,"price seen $42; tech: -; origin line ""Imported""; SAMPLE: 64 men's clothing styles read on nike.com PDPs 2026-10-10, first distinct non-Jordan styles in default grid order per category (plus search finds for shirts/denim/knit/chinos); men's clothing grid states 2,269 tiles; not random"
Nike,JA0086,Nike Sportswear T-Shirt,https://www.nike.com/t/sportswear-t-shirt-bSquVp5w/JA0086-010,tees-polos,Tops & T-Shirts,Nike Sportswear,100% cotton,cotton,100,0,natural,cotton,"listed in men's grid; size guide gender-neutral; price seen $47; tech: -; origin line ""Imported""; SAMPLE: 64 men's clothing styles read on nike.com PDPs 2026-10-10, first distinct non-Jordan styles in default grid order per category (plus search finds for shirts/denim/knit/chinos); men's clothing grid states 2,269 tiles; not random"
Nike,IZ3196,Nike Sportswear Men's Thermal Top,https://www.nike.com/t/sportswear-mens-thermal-top-bnUD194j/IZ3196-715,tees-polos,Tops & T-Shirts,Nike Sportswear,100% cotton,cotton,100,0,natural,cotton,"price seen $50; tech: -; origin line ""Imported""; SAMPLE: 64 men's clothing styles read on nike.com PDPs 2026-10-10, first distinct non-Jordan styles in default grid order per category (plus search finds for shirts/denim/knit/chinos); men's clothing grid states 2,269 tiles; not random"
Nike,IH1121,Nike Sportswear Premium Essentials Men's T-Shirt,https://www.nike.com/t/sportswear-premium-essentials-mens-t-shirt-KvYyYtT6/IH1121-491,tees-polos,Tops & T-Shirts,Nike Sportswear,100% cotton,cotton,100,0,natural,cotton,"grid tile tagged Recycled Materials; price seen $47; tech: -; origin line ""Imported""; SAMPLE: 64 men's clothing styles read on nike.com PDPs 2026-10-10, first distinct non-Jordan styles in default grid order per category (plus search finds for shirts/denim/knit/chinos); men's clothing grid states 2,269 tiles; not random"
Nike,IX2080,Nike Sportswear Men's Loose T-Shirt,https://www.nike.com/t/sportswear-mens-loose-t-shirt-7FvgEywO/IX2080-491,tees-polos,Tops & T-Shirts,Nike Sportswear,100% cotton,cotton,100,0,natural,cotton,"price seen $37; tech: -; origin line ""Imported""; SAMPLE: 64 men's clothing styles read on nike.com PDPs 2026-10-10, first distinct non-Jordan styles in default grid order per category (plus search finds for shirts/denim/knit/chinos); men's clothing grid states 2,269 tiles; not random"
Nike,IM5572,Nike Club Men's Long-Sleeve Rugby Top,https://www.nike.com/t/club-mens-long-sleeve-rugby-top-DIwwRoPK/IM5572-491,tees-polos,Tops & T-Shirts,Nike Club,100% cotton,cotton,100,0,natural,cotton,"price seen $75; tech: -; origin line ""Imported""; SAMPLE: 64 men's clothing styles read on nike.com PDPs 2026-10-10, first distinct non-Jordan styles in default grid order per category (plus search finds for shirts/denim/knit/chinos); men's clothing grid states 2,269 tiles; not random"
Nike,IR8280,Nike Men's Basketball T-Shirt,https://www.nike.com/t/mens-basketball-t-shirt-FVLeAr7d/IR8280-100,tees-polos,Tops & T-Shirts,-,100% cotton,cotton,100,0,natural,cotton,"price seen $47; tech: -; origin line ""Imported""; SAMPLE: 64 men's clothing styles read on nike.com PDPs 2026-10-10, first distinct non-Jordan styles in default grid order per category (plus search finds for shirts/denim/knit/chinos); men's clothing grid states 2,269 tiles; not random"
Nike,IR6760,Nike SB Skate Jersey,https://www.nike.com/t/sb-skate-jersey-TqrWTw9M/IR6760-133,tees-polos,Tops & T-Shirts,Nike SB,Body: 100% polyester. Rib: 95% polyester/5% spandex.,polyester,100,0,synthetic,polyester,"spandex in rib only (trim); price seen $100; tech: -; origin line ""Imported""; SAMPLE: 64 men's clothing styles read on nike.com PDPs 2026-10-10, first distinct non-Jordan styles in default grid order per category (plus search finds for shirts/denim/knit/chinos); men's clothing grid states 2,269 tiles; not random"
Nike,IQ4946,Nike Project F.R.O.G. Men's Dri-FIT Long-Sleeve Gleam Top,https://www.nike.com/t/project-frog-mens-dri-fit-long-sleeve-gleam-top-ZXCHNEHo/IQ4946-635,tees-polos,Tops & T-Shirts,Nike Project F.R.O.G.,Body: 100% polyester. Mesh: 82% polyester/18% spandex.,polyester,100,0,synthetic,polyester,"spandex in mesh panel only; price seen $100; tech: Dri-FIT; origin line ""Imported""; SAMPLE: 64 men's clothing styles read on nike.com PDPs 2026-10-10, first distinct non-Jordan styles in default grid order per category (plus search finds for shirts/denim/knit/chinos); men's clothing grid states 2,269 tiles; not random"
Nike,IH1306,Nike ACG Men's Dri-FIT T-Shirt,https://www.nike.com/t/acg-mens-dri-fit-t-shirt-JvZyrZju/IH1306-696,tees-polos,Tops & T-Shirts,ACG,57% cotton/43% polyester,cotton,57,0,blend,-,"price seen $55; tech: Dri-FIT; origin line ""Imported""; SAMPLE: 64 men's clothing styles read on nike.com PDPs 2026-10-10, first distinct non-Jordan styles in default grid order per category (plus search finds for shirts/denim/knit/chinos); men's clothing grid states 2,269 tiles; not random"
Nike,IF1461,Nike Strike Men's Dri-FIT Short-Sleeve Soccer Top,https://www.nike.com/t/strike-mens-dri-fit-short-sleeve-soccer-top-GXiWwgcY/IF1461-008,tees-polos,Tops & T-Shirts,Nike Strike,100% polyester,polyester,100,0,synthetic,polyester,"at least 75% recycled polyester; price seen $47; tech: Dri-FIT; origin line ""Imported""; SAMPLE: 64 men's clothing styles read on nike.com PDPs 2026-10-10, first distinct non-Jordan styles in default grid order per category (plus search finds for shirts/denim/knit/chinos); men's clothing grid states 2,269 tiles; not random"
Nike,IF2082,Nike Miler Men's Dri-FIT Short-Sleeve Running Top,https://www.nike.com/t/miler-mens-dri-fit-short-sleeve-running-top-W7gjEunO/IF2082-008,tees-polos,Tops & T-Shirts,Nike Miler,100% polyester,polyester,100,0,synthetic,polyester,"price seen $37; tech: Dri-FIT; origin line ""Imported""; SAMPLE: 64 men's clothing styles read on nike.com PDPs 2026-10-10, first distinct non-Jordan styles in default grid order per category (plus search finds for shirts/denim/knit/chinos); men's clothing grid states 2,269 tiles; not random"
Nike,HV2702,Nike Stride Men's Dri-FIT ADV Long-Sleeve Running Top,https://www.nike.com/t/stride-mens-dri-fit-adv-long-sleeve-running-top-DzF4vLQk/HV2702-372,tees-polos,Tops & T-Shirts,Nike Stride,100% polyester,polyester,100,0,synthetic,polyester,"price seen $65; tech: Dri-FIT ADV; origin line ""Imported""; SAMPLE: 64 men's clothing styles read on nike.com PDPs 2026-10-10, first distinct non-Jordan styles in default grid order per category (plus search finds for shirts/denim/knit/chinos); men's clothing grid states 2,269 tiles; not random"
Nike,II2350,Nike Tech Helios Men's Dri-FIT Short-Sleeve Top,https://www.nike.com/t/tech-helios-mens-dri-fit-short-sleeve-top-gU0nEUa3/II2350-303,tees-polos,Tops & T-Shirts,Nike Tech,Body: 100% polyester. Panels: 72% nylon/28% spandex.,polyester,100,0,synthetic,polyester,"spandex in panels only; price seen $145; tech: Dri-FIT; origin line ""Imported""; SAMPLE: 64 men's clothing styles read on nike.com PDPs 2026-10-10, first distinct non-Jordan styles in default grid order per category (plus search finds for shirts/denim/knit/chinos); men's clothing grid states 2,269 tiles; not random"
Nike,IH0745,Nike Stride Aero-FIT Men's Short-Sleeve Running Top,https://www.nike.com/t/stride-aero-fit-mens-short-sleeve-running-top-FazmcjWB/IH0745-010,tees-polos,Tops & T-Shirts,Nike Stride,100% polyester,polyester,100,0,synthetic,polyester,"price seen $75; tech: Aero-FIT; origin line ""Imported""; SAMPLE: 64 men's clothing styles read on nike.com PDPs 2026-10-10, first distinct non-Jordan styles in default grid order per category (plus search finds for shirts/denim/knit/chinos); men's clothing grid states 2,269 tiles; not random"
Nike,DH0857,NikeCourt Dri-FIT Men's Tennis Polo,https://www.nike.com/t/nikecourt-dri-fit-mens-tennis-polo-KLl6RP/DH0857-677,tees-polos,Polos,NikeCourt,100% polyester,polyester,100,0,synthetic,polyester,"list $55, sale $38.97; price seen $55; tech: Dri-FIT; origin line ""Imported""; SAMPLE: 64 men's clothing styles read on nike.com PDPs 2026-10-10, first distinct non-Jordan styles in default grid order per category (plus search finds for shirts/denim/knit/chinos); men's clothing grid states 2,269 tiles; not random"
Nike,IO2163,Nike Tailored Performance Men's Dri-FIT Golf Polo,https://www.nike.com/t/tailored-performance-mens-dri-fit-golf-polo-j2Yu5oys/IO2163-419,tees-polos,Polos,Nike Golf;Nike Tailored Performance,100% polyester,polyester,100,0,synthetic,polyester,"list $140, sale $79.97; price seen $140; tech: Dri-FIT; origin line ""Imported""; SAMPLE: 64 men's clothing styles read on nike.com PDPs 2026-10-10, first distinct non-Jordan styles in default grid order per category (plus search finds for shirts/denim/knit/chinos); men's clothing grid states 2,269 tiles; not random"
Nike,IF0731,Nike Sportswear Club Men's Jersey Polo,https://www.nike.com/t/sportswear-club-mens-jersey-polo-JLSVApCp/IF0731-451,tees-polos,Polos,Nike Sportswear Club,100% cotton,cotton,100,0,natural,cotton,"list $75, sale $47.97; price seen $75; tech: -; origin line ""Imported""; SAMPLE: 64 men's clothing styles read on nike.com PDPs 2026-10-10, first distinct non-Jordan styles in default grid order per category (plus search finds for shirts/denim/knit/chinos); men's clothing grid states 2,269 tiles; not random"
Nike,DH0822,Nike Dri-FIT Victory Men's Golf Polo,https://www.nike.com/t/dri-fit-victory-mens-golf-polo-LlzSmp/DH0822-100,tees-polos,Polos,Nike Golf,100% polyester,polyester,100,0,synthetic,polyester,"list $60, sale $32.97; price seen $60; tech: Dri-FIT; origin line ""Imported""; SAMPLE: 64 men's clothing styles read on nike.com PDPs 2026-10-10, first distinct non-Jordan styles in default grid order per category (plus search finds for shirts/denim/knit/chinos); men's clothing grid states 2,269 tiles; not random"
Nike,FQ2912,Nike Club Men's Crew-Neck Sweater,https://www.nike.com/t/club-mens-crew-neck-sweater-dshqbk/FQ2912-133,knitwear,derived (search),Nike Club,100% cotton,cotton,100,0,natural,cotton,"list $90, sale $67.97; found via search, listing slug not read; price seen $90; tech: -; origin line ""Imported""; SAMPLE: 64 men's clothing styles read on nike.com PDPs 2026-10-10, first distinct non-Jordan styles in default grid order per category (plus search finds for shirts/denim/knit/chinos); men's clothing grid states 2,269 tiles; not random"
Nike,IM6227,Nike Tech Boreas Men's Therma-FIT Full-Zip Hoodie,https://www.nike.com/t/tech-boreas-mens-therma-fit-full-zip-hoodie-Mo2tFGrl/IM6227-010,sweats,Hoodies & Pullovers,Nike Tech,Face of body fabric: 100% cotton. Back of body fabric: 100% polyester. Face of panels fabric: 100% polyester. Back of panels fabric: 100% cotton. Lining insets: 53% cotton/47% polyester.,cotton,100,0,blend,-,"bonded face/back; lead read from first-listed face fabric; bonded fabric: first-listed face of body 100% cotton, back of body 100% polyester; lead read from first-listed line per rules_fibre, pure set to blend because the body cloth is two-fibre; price seen $195; tech: Therma-FIT; origin line ""Imported""; SAMPLE: 64 men's clothing styles read on nike.com PDPs 2026-10-10, first distinct non-Jordan styles in default grid order per category (plus search finds for shirts/denim/knit/chinos); men's clothing grid states 2,269 tiles; not random"
Nike,HV0949,Nike Tech Men's Fleece Windrunner Full-Zip Jacket,https://www.nike.com/t/tech-mens-fleece-windrunner-full-zip-jacket-HqUykgjE/HV0949-304,sweats,Hoodies & Pullovers; Jackets & Vests,Nike Tech;Tech Fleece,Body: 53% cotton/47% polyester. Pocket bag knuckle side: 100% cotton. Hood lining: 53% cotton/47% polyester.,cotton,53,0,blend,-,"Nike lists under jackets; assigned sweats by garment (fleece full-zip hoodie); price seen $140; tech: Tech Fleece; origin line ""Imported""; SAMPLE: 64 men's clothing styles read on nike.com PDPs 2026-10-10, first distinct non-Jordan styles in default grid order per category (plus search finds for shirts/denim/knit/chinos); men's clothing grid states 2,269 tiles; not random"
Nike,IF0685,Nike Sportswear Club Men's Fleece Hoodie,https://www.nike.com/t/sportswear-club-mens-fleece-hoodie-oMMsocBV/IF0685-011,sweats,Hoodies & Pullovers,Nike Sportswear Club,Body: 80% cotton/20% polyester. Hood lining: 80% cotton/20% polyester.,cotton,80,0,blend,-,"price seen $80; tech: -; origin line ""Imported""; SAMPLE: 64 men's clothing styles read on nike.com PDPs 2026-10-10, first distinct non-Jordan styles in default grid order per category (plus search finds for shirts/denim/knit/chinos); men's clothing grid states 2,269 tiles; not random"
Nike,IX1936,Nike Solo Fleece Men's Crew-Neck Sweatshirt,https://www.nike.com/t/solo-fleece-mens-crew-neck-sweatshirt-e9YVLEwd/IX1936-063,sweats,Hoodies & Pullovers,Nike Solo Fleece,82% cotton/18% polyester,cotton,82,0,blend,-,"price seen $70; tech: -; origin line ""Imported""; SAMPLE: 64 men's clothing styles read on nike.com PDPs 2026-10-10, first distinct non-Jordan styles in default grid order per category (plus search finds for shirts/denim/knit/chinos); men's clothing grid states 2,269 tiles; not random"
Nike,IM5463,Nike SB Skate 1/2-Zip Fleece Crew-Neck Sweatshirt,https://www.nike.com/t/sb-skate-1-2-zip-fleece-crew-neck-sweatshirt-dPpaOATp/IM5463-133,sweats,Hoodies & Pullovers,Nike SB,82% cotton/18% polyester,cotton,82,0,blend,-,"price seen $85; tech: -; origin line ""Imported""; SAMPLE: 64 men's clothing styles read on nike.com PDPs 2026-10-10, first distinct non-Jordan styles in default grid order per category (plus search finds for shirts/denim/knit/chinos); men's clothing grid states 2,269 tiles; not random"
Nike,IM6229,Nike Tech Boreas Men's Loose Therma-FIT Open-Hem Pants,https://www.nike.com/t/tech-boreas-mens-loose-therma-fit-open-hem-pants-MAcXtwac/IM6229-010,trousers,Pants & Tights,Nike Tech,Face of body fabric: 100% cotton. Back of back body fabric: 100% polyester. Face of panels fabric: 100% polyester. Back of panels fabric: 100% cotton. Pockets: 100% cotton.,cotton,100,0,blend,-,"bonded face/back; lead read from first-listed face fabric; bonded fabric: first-listed face of body 100% cotton, back of body 100% polyester; lead read from first-listed line per rules_fibre, pure set to blend because the body cloth is two-fibre; price seen $165; tech: Therma-FIT;Tech Fleece; origin line ""Imported""; SAMPLE: 64 men's clothing styles read on nike.com PDPs 2026-10-10, first distinct non-Jordan styles in default grid order per category (plus search finds for shirts/denim/knit/chinos); men's clothing grid states 2,269 tiles; not random"
Nike,HV0959,Nike Tech Men's Fleece Joggers,https://www.nike.com/t/tech-mens-fleece-joggers-MOfTXHdz/HV0959-304,trousers,Pants & Tights,Nike Tech;Tech Fleece,Body: 53% cotton/47% polyester. Pocket Bag: 100% cotton.,cotton,53,0,blend,-,"price seen $120; tech: Tech Fleece; origin line ""Imported""; SAMPLE: 64 men's clothing styles read on nike.com PDPs 2026-10-10, first distinct non-Jordan styles in default grid order per category (plus search finds for shirts/denim/knit/chinos); men's clothing grid states 2,269 tiles; not random"
Nike,IF1284,Nike Air Men's Open-Hem Fleece Pants,https://www.nike.com/t/air-mens-open-hem-fleece-pants-17WySKfL/IF1284-013,trousers,Pants & Tights,Nike Air,Body: 80% cotton/20% polyester. Pocket bags: 100% cotton.,cotton,80,0,blend,-,"price seen $85; tech: -; origin line ""Imported""; SAMPLE: 64 men's clothing styles read on nike.com PDPs 2026-10-10, first distinct non-Jordan styles in default grid order per category (plus search finds for shirts/denim/knit/chinos); men's clothing grid states 2,269 tiles; not random"
Nike,IQ5555,Nike Windrunner Men's Weatherized Pants,https://www.nike.com/t/windrunner-mens-weatherized-pants-UoHfpmOj/IQ5555-010,trousers,Pants & Tights,Windrunner,Body/Lining: 100% polyester,polyester,100,0,synthetic,polyester,"price seen $120; tech: Storm-FIT; origin line ""Imported""; SAMPLE: 64 men's clothing styles read on nike.com PDPs 2026-10-10, first distinct non-Jordan styles in default grid order per category (plus search finds for shirts/denim/knit/chinos); men's clothing grid states 2,269 tiles; not random"
Nike,IO3782,Nike Club Men's Straight Stretch Pants,https://www.nike.com/t/club-mens-straight-stretch-pants-W7Kos3ZC/IO3782-010,trousers,Pants & Tights,Nike Club,Body: 44% cotton/43% polyester/13% spandex. Pocket bags: 87% polyester/13% cotton.,cotton,44,13,blend,-,"price seen $95; tech: -; origin line ""Imported""; SAMPLE: 64 men's clothing styles read on nike.com PDPs 2026-10-10, first distinct non-Jordan styles in default grid order per category (plus search finds for shirts/denim/knit/chinos); men's clothing grid states 2,269 tiles; not random"
Nike,IM6333,Nike Standard Issue Men's Therma-FIT Brushed Open-Hem Basketball Pants,https://www.nike.com/t/standard-issue-mens-therma-fit-brushed-open-hem-basketball-pants-cWiAcw7p/IM6333-491,trousers,Pants & Tights,Nike Standard Issue,Body: 52% polyester/48% cotton. Pocket bag: 100% cotton.,polyester,52,0,blend,-,"price seen $95; tech: Therma-FIT; origin line ""Imported""; SAMPLE: 64 men's clothing styles read on nike.com PDPs 2026-10-10, first distinct non-Jordan styles in default grid order per category (plus search finds for shirts/denim/knit/chinos); men's clothing grid states 2,269 tiles; not random"
Nike,HV1433,Nike Sportswear Club Men's Woven Cargo Pants,https://www.nike.com/t/sportswear-club-mens-woven-cargo-pants-2XCkbz/HV1433-491,trousers,Pants & Tights,Nike Sportswear Club,97% cotton/3% spandex. Pocket Bags: 87% polyester/13% cotton,cotton,97,3,blend,-,"price seen $105; tech: -; origin line ""Imported""; SAMPLE: 64 men's clothing styles read on nike.com PDPs 2026-10-10, first distinct non-Jordan styles in default grid order per category (plus search finds for shirts/denim/knit/chinos); men's clothing grid states 2,269 tiles; not random"
Nike,FN3730,Nike Club Men's Open-Hem Fleece Pants,https://www.nike.com/t/club-mens-open-hem-fleece-pants-AVWynput/FN3730-491,trousers,Pants & Tights,Nike Club,Body: 80-81% cotton/19-20% polyester. Side pocket knuckle side: 100% cotton. Back pocket: 100% cotton.,cotton,80,0,blend,-,"range composition; lead_pct lower bound; composition is a range (80-81% cotton/19-20% polyester); lead_pct lower bound; price seen $65; tech: -; origin line ""Imported""; SAMPLE: 64 men's clothing styles read on nike.com PDPs 2026-10-10, first distinct non-Jordan styles in default grid order per category (plus search finds for shirts/denim/knit/chinos); men's clothing grid states 2,269 tiles; not random"
Nike,IX7293,Nike Men's Therma-FIT Versatile Pants,https://www.nike.com/t/mens-therma-fit-versatile-pants-hEa062RV/IX7293-320,trousers,Pants & Tights,-,"Body: 100% Polyester; Pocket Bags: 75% Polyester, 13% Cotton, 12% Rayon;",polyester,100,0,synthetic,polyester,"price seen $80; tech: Therma-FIT; origin line ""Imported""; SAMPLE: 64 men's clothing styles read on nike.com PDPs 2026-10-10, first distinct non-Jordan styles in default grid order per category (plus search finds for shirts/denim/knit/chinos); men's clothing grid states 2,269 tiles; not random"
Nike,HQ6941,Nike 24.7 PerfectStretch Men's Dri-FIT Loose-Fit Chino Trousers,https://www.nike.com/t/24-7-perfectstretch-mens-dri-fit-loose-fit-chino-trousers-pbNDFCjJ/HQ6941-320,trousers,derived (search: chino),Nike 24.7,Body: 100% polyester. Pocket Bags: 86% polyester/14% spandex,polyester,100,0,synthetic,polyester,"list $130, sale $105.97; price seen $130; tech: Dri-FIT;PerfectStretch; origin line ""Imported""; SAMPLE: 64 men's clothing styles read on nike.com PDPs 2026-10-10, first distinct non-Jordan styles in default grid order per category (plus search finds for shirts/denim/knit/chinos); men's clothing grid states 2,269 tiles; not random"
Nike,IQ8445,Nike Club Rules Men's Pleated Pants,https://www.nike.com/t/club-rules-mens-pleated-pants-F6BXnIkq/IQ8445-297,trousers,derived (search: chino),Nike Club Rules,Body: 100% cotton. Pockets: 87% polyester/13% cotton.,cotton,100,0,natural,cotton,"price seen $150; tech: -; origin line ""Imported""; SAMPLE: 64 men's clothing styles read on nike.com PDPs 2026-10-10, first distinct non-Jordan styles in default grid order per category (plus search finds for shirts/denim/knit/chinos); men's clothing grid states 2,269 tiles; not random"
Nike,HJ1997,Nike Club Men's Woven Tapered Pants,https://www.nike.com/t/club-mens-woven-tapered-pants-DVRkDX9Y/HJ1997-298,trousers,derived (search: chino),Nike Club,Body: 100% polyester; Pocket bags: 87% polyester/13% cotton.,polyester,100,0,synthetic,polyester,"price seen $75; tech: -; origin line ""Imported""; SAMPLE: 64 men's clothing styles read on nike.com PDPs 2026-10-10, first distinct non-Jordan styles in default grid order per category (plus search finds for shirts/denim/knit/chinos); men's clothing grid states 2,269 tiles; not random"
Nike,IB2992,Nike SB Men's Loose Denim Skate Pants,https://www.nike.com/t/sb-mens-loose-denim-skate-pants-s8HQQc/IB2992-246,denim,derived (search: denim),Nike SB,100% cotton,cotton,100,0,natural,cotton,"price seen $115; tech: -; origin line ""Imported""; SAMPLE: 64 men's clothing styles read on nike.com PDPs 2026-10-10, first distinct non-Jordan styles in default grid order per category (plus search finds for shirts/denim/knit/chinos); men's clothing grid states 2,269 tiles; not random"
Nike,II7363,Nike SB Men's Loose Denim Skate Pants,https://www.nike.com/t/sb-mens-loose-denim-skate-pants-eQB85iqx/II7363-487,denim,derived (search: denim),Nike SB,100% cotton,cotton,100,0,natural,cotton,"same title as IB2992, different style number; price seen $115; tech: -; origin line ""Imported""; SAMPLE: 64 men's clothing styles read on nike.com PDPs 2026-10-10, first distinct non-Jordan styles in default grid order per category (plus search finds for shirts/denim/knit/chinos); men's clothing grid states 2,269 tiles; not random"
Nike,IX1921,Nike Solo Fleece Men's Shorts,https://www.nike.com/t/solo-fleece-mens-shorts-laMWVU5T/IX1921-063,shorts,Shorts,Nike Solo Fleece,Body: 82% cotton/18% polyester. Pockets: 100% cotton.,cotton,82,0,blend,-,"price seen $55; tech: -; origin line ""Imported""; SAMPLE: 64 men's clothing styles read on nike.com PDPs 2026-10-10, first distinct non-Jordan styles in default grid order per category (plus search finds for shirts/denim/knit/chinos); men's clothing grid states 2,269 tiles; not random"
Nike,IF2036,"Nike Stride Men's Dri-FIT 7"" 2-in-1 Running Shorts",https://www.nike.com/t/stride-mens-dri-fit-7-2-in-1-running-shorts-YUOki1Cj/IF2036-255,shorts,Shorts,Nike Stride,Body: 100% polyester. Panels: 82% polyester/18% spandex. Tight: 92% polyester/8% spandex,polyester,100,0,synthetic,polyester,"spandex in panels/inner tight only; price seen $70; tech: Dri-FIT; origin line ""Imported""; SAMPLE: 64 men's clothing styles read on nike.com PDPs 2026-10-10, first distinct non-Jordan styles in default grid order per category (plus search finds for shirts/denim/knit/chinos); men's clothing grid states 2,269 tiles; not random"
Nike,FN3307,Nike Club Men's Woven Flow Shorts,https://www.nike.com/t/club-mens-woven-flow-shorts-vw2WpQ/FN3307-491,shorts,Shorts,Nike Club,100% polyester,polyester,100,0,synthetic,polyester,"price seen $55; tech: -; origin line ""Imported""; SAMPLE: 64 men's clothing styles read on nike.com PDPs 2026-10-10, first distinct non-Jordan styles in default grid order per category (plus search finds for shirts/denim/knit/chinos); men's clothing grid states 2,269 tiles; not random"
Nike,IM5718,Nike N.A.C. Men's Dri-FIT Fleece Training Shorts,https://www.nike.com/t/nac-mens-dri-fit-fleece-training-shorts-GSKdyob0/IM5718-077,shorts,Shorts,Nike N.A.C.,Body: 54% polyester/46% cotton. Pocket bags: 58% cotton/42% polyester,polyester,54,0,blend,-,"price seen $70; tech: Dri-FIT; origin line ""Imported""; SAMPLE: 64 men's clothing styles read on nike.com PDPs 2026-10-10, first distinct non-Jordan styles in default grid order per category (plus search finds for shirts/denim/knit/chinos); men's clothing grid states 2,269 tiles; not random"
Nike,IM4221,ACG Dolomiti Corduroy Shorts,https://www.nike.com/t/acg-dolomiti-corduroy-shorts-jw95uQIe/IM4221-104,shorts,Shorts,ACG,100% polyester,polyester,100,0,synthetic,polyester,"in men's grid; size guide gender-neutral; price seen $95; tech: -; origin line ""Imported""; SAMPLE: 64 men's clothing styles read on nike.com PDPs 2026-10-10, first distinct non-Jordan styles in default grid order per category (plus search finds for shirts/denim/knit/chinos); men's clothing grid states 2,269 tiles; not random"
Nike,IO7471,"Ja Men's Nike 14"" Basketball Shorts",https://www.nike.com/t/ja-mens-nike-14-basketball-shorts-rDWhlmCP/IO7471-652,shorts,Shorts,Ja,100% cotton,cotton,100,0,natural,cotton,"Ja Morant athlete line (Nike-branded); price seen $100; tech: -; origin line ""Imported""; SAMPLE: 64 men's clothing styles read on nike.com PDPs 2026-10-10, first distinct non-Jordan styles in default grid order per category (plus search finds for shirts/denim/knit/chinos); men's clothing grid states 2,269 tiles; not random"
Nike,IO9003,ACG Lava Flow Ultralight Men's Therma-FIT ADV Down Jacket,https://www.nike.com/t/acg-lava-flow-ultralight-mens-therma-fit-adv-down-jacket-pIWxtmVU/IO9003-480,outerwear,Jackets & Vests,ACG,Body/Lining: 100% nylon. Fill: grey goose down (minimum 90% down)/(APA version: 90% grey goose down/10% feathers).,polyamide,100,0,synthetic,polyamide,"shell read (nylon), not fill; price seen $400; tech: Therma-FIT ADV; origin line ""Imported""; SAMPLE: 64 men's clothing styles read on nike.com PDPs 2026-10-10, first distinct non-Jordan styles in default grid order per category (plus search finds for shirts/denim/knit/chinos); men's clothing grid states 2,269 tiles; not random"
Nike,IF1317,Nike Tech Men's Storm-FIT ADV Jacket,https://www.nike.com/t/tech-mens-storm-fit-adv-jacket-xB1Io13F/IF1317-010,outerwear,Jackets & Vests,Nike Tech,Body: 100% polyester. Mesh: 80% polyester/20% spandex.,polyester,100,0,synthetic,polyester,"spandex in mesh only; price seen $350; tech: Storm-FIT ADV; origin line ""Imported""; SAMPLE: 64 men's clothing styles read on nike.com PDPs 2026-10-10, first distinct non-Jordan styles in default grid order per category (plus search finds for shirts/denim/knit/chinos); men's clothing grid states 2,269 tiles; not random"
Nike,IM5769,Nike Windrunner Men's Loose Storm-FIT Jacket,https://www.nike.com/t/windrunner-mens-loose-storm-fit-jacket-JM4omj5l/IM5769-010,outerwear,Jackets & Vests,Windrunner,Body/Lining: 100% polyester,polyester,100,0,synthetic,polyester,"price seen $130; tech: Storm-FIT; origin line ""Imported""; SAMPLE: 64 men's clothing styles read on nike.com PDPs 2026-10-10, first distinct non-Jordan styles in default grid order per category (plus search finds for shirts/denim/knit/chinos); men's clothing grid states 2,269 tiles; not random"
Nike,IB2975,Nike Sportswear Club Men's Therma-FIT Down Puffer Jacket,https://www.nike.com/t/sportswear-club-mens-therma-fit-down-puffer-jacket-mc4M6Z/IB2975-491,outerwear,Jackets & Vests,Nike Sportswear Club,Body/Lining: 100% polyester; Fill: duck down (Minimum 85% down)/(APA version: 85% duck down/15% feathers),polyester,100,0,synthetic,polyester,"shell read (polyester), not fill; price seen $200; tech: Therma-FIT; origin line ""Imported""; SAMPLE: 64 men's clothing styles read on nike.com PDPs 2026-10-10, first distinct non-Jordan styles in default grid order per category (plus search finds for shirts/denim/knit/chinos); men's clothing grid states 2,269 tiles; not random"
Nike,IQ0622,Nike Club Men's Wool Varsity Jacket,https://www.nike.com/t/club-mens-wool-varsity-jacket-9LXGMo3u/IQ0622-010,outerwear,Jackets & Vests,Nike Club,Body: 54% wool/46% polyester. Sleeves: 100% leather. Lining: 100% nylon. Fill: 100% polyester.,wool,54,0,blend,-,"list $400, sale $320.97 (grid showed $263.97); body wool/polyester; sleeves 100% leather; price seen $400; tech: -; origin line ""Imported""; SAMPLE: 64 men's clothing styles read on nike.com PDPs 2026-10-10, first distinct non-Jordan styles in default grid order per category (plus search finds for shirts/denim/knit/chinos); men's clothing grid states 2,269 tiles; not random"
Nike,IQ7654,Nike Club Men's Corduroy Coaches Jacket,https://www.nike.com/t/club-mens-corduroy-coaches-jacket-0bdiFKaU/IQ7654-010,outerwear,Jackets & Vests,Nike Club,Body: 100% cotton. Lining: 65% polyester/35% cotton.,cotton,100,0,natural,cotton,"price seen $120; tech: -; origin line ""Imported""; SAMPLE: 64 men's clothing styles read on nike.com PDPs 2026-10-10, first distinct non-Jordan styles in default grid order per category (plus search finds for shirts/denim/knit/chinos); men's clothing grid states 2,269 tiles; not random"
Nike,IM5647,Nike Project F.R.O.G. Men's Woven Flow Track Jacket,https://www.nike.com/t/project-frog-mens-woven-flow-track-jacket-s2uR1aSD/IM5647-010,outerwear,Jackets & Vests,Nike Project F.R.O.G.,Body: 100% nylon. Insets and Lining: 100% polyester.,polyamide,100,0,synthetic,polyamide,"price seen $200; tech: -; origin line ""Imported""; SAMPLE: 64 men's clothing styles read on nike.com PDPs 2026-10-10, first distinct non-Jordan styles in default grid order per category (plus search finds for shirts/denim/knit/chinos); men's clothing grid states 2,269 tiles; not random"
Nike,FV8962,Nike Totality Men's Dri-FIT Knit Versatile Jacket,https://www.nike.com/t/totality-mens-dri-fit-knit-versatile-jacket-Fl7HpX/FV8962-010,outerwear,Jackets & Vests,Nike Totality,100% polyester,polyester,100,0,synthetic,polyester,"list $65, sale $49.97; knit training jacket; price seen $65; tech: Dri-FIT; origin line ""Imported""; SAMPLE: 64 men's clothing styles read on nike.com PDPs 2026-10-10, first distinct non-Jordan styles in default grid order per category (plus search finds for shirts/denim/knit/chinos); men's clothing grid states 2,269 tiles; not random"
Nike,FV8909,ACG Lunar Lake Men's PrimaLoft Therma-FIT ADV Loose Hooded Jacket,https://www.nike.com/t/acg-lunar-lake-mens-primaloft-therma-fit-adv-loose-hooded-jacket-Rz2qzc/FV8909-010,outerwear,Jackets & Vests,ACG,Body: 100% nylon. Lining/Fill: 100% polyester.,polyamide,100,0,synthetic,polyamide,"price seen $300; tech: Therma-FIT ADV;PrimaLoft (licensed); origin line ""Imported""; SAMPLE: 64 men's clothing styles read on nike.com PDPs 2026-10-10, first distinct non-Jordan styles in default grid order per category (plus search finds for shirts/denim/knit/chinos); men's clothing grid states 2,269 tiles; not random"
Nike,HJ2029,Nike Club Men's Short-Sleeve Button-Down Shirt,https://www.nike.com/t/club-mens-short-sleeve-button-down-shirt-fljFjk/HJ2029-297,shirts,derived (search: button shirt),Nike Club,100% cotton,cotton,100,0,natural,cotton,"list $75, sale $47.97; page says woven cotton; price seen $75; tech: -; origin line ""Imported""; SAMPLE: 64 men's clothing styles read on nike.com PDPs 2026-10-10, first distinct non-Jordan styles in default grid order per category (plus search finds for shirts/denim/knit/chinos); men's clothing grid states 2,269 tiles; not random"
Nike,IM5144,ACG Aireez Men's Long-Sleeve Button-Up Trail Running Top,https://www.nike.com/t/acg-aireez-mens-long-sleeve-button-up-trail-running-top-dOVnCZn5/IM5144-236,shirts,derived (search: button shirt),ACG,72% nylon/28% spandex,polyamide,72,28,synthetic,-,"button-up front, button-down collar; woven not stated; price seen $120; tech: Dri-FIT; origin line ""Imported""; SAMPLE: 64 men's clothing styles read on nike.com PDPs 2026-10-10, first distinct non-Jordan styles in default grid order per category (plus search finds for shirts/denim/knit/chinos); men's clothing grid states 2,269 tiles; not random"
Nike,IQ6594,Nike SB Long-Sleeve Skate Top,https://www.nike.com/t/sb-long-sleeve-skate-top-J0dRHjI7/IQ6594-645,tees-polos,Tops & T-Shirts,Nike SB,Body: 100% polyester. Rib: 97% polyester/3% spandex,polyester,100,0,synthetic,polyester,"spandex in rib only; price seen $110; tech: -; origin line ""Imported""; SAMPLE: 64 men's clothing styles read on nike.com PDPs 2026-10-10, first distinct non-Jordan styles in default grid order per category (plus search finds for shirts/denim/knit/chinos); men's clothing grid states 2,269 tiles; not random"
Nike,IV4850,Nike Sportswear Club Men's Hockey Jersey,https://www.nike.com/t/sportswear-club-mens-hockey-jersey-R9zq8CGC/IV4850-323,tees-polos,derived (Men's Clothing grid),Nike Sportswear Club,58% cotton/42% polyester,cotton,58,0,blend,-,"price seen $95; tech: -; origin line ""Imported""; SAMPLE: 64 men's clothing styles read on nike.com PDPs 2026-10-10, first distinct non-Jordan styles in default grid order per category (plus search finds for shirts/denim/knit/chinos); men's clothing grid states 2,269 tiles; not random"
Nike,IF0844,Nike Sportswear Club Men's Sport Shorts,https://www.nike.com/t/sportswear-club-mens-sport-shorts-Oi6uWk0H/IF0844-491,shorts,Shorts,Nike Sportswear Club,Body: 100% nylon. Mesh: 100% polyester.,polyamide,100,0,synthetic,polyamide,"price seen $55; tech: -; origin line ""Imported""; SAMPLE: 64 men's clothing styles read on nike.com PDPs 2026-10-10, first distinct non-Jordan styles in default grid order per category (plus search finds for shirts/denim/knit/chinos); men's clothing grid states 2,269 tiles; not random"
Nike,HQ0470,Nike Tech Men's Woven Shorts,https://www.nike.com/t/tech-mens-woven-shorts-cO0Zlzwi/HQ0470-440,shorts,Shorts,Nike Tech,Body: 94% Nylon/6% Spandex; Pocket Bags: 100% Polyester.,polyamide,94,6,synthetic,-,"list $90, sale $54.97; price seen $90; tech: -; origin line ""Imported""; SAMPLE: 64 men's clothing styles read on nike.com PDPs 2026-10-10, first distinct non-Jordan styles in default grid order per category (plus search finds for shirts/denim/knit/chinos); men's clothing grid states 2,269 tiles; not random"
Nike,IO4147,Nike Club Men's Winterized Fleece Full-Zip Vest,https://www.nike.com/t/club-mens-winterized-fleece-full-zip-vest-ogm61SIY/IO4147-491,outerwear,Jackets & Vests,Nike Club,Body: 100% polyester. Lining: 100% nylon.,polyester,100,0,synthetic,polyester,"price seen $115; tech: -; origin line ""Imported""; SAMPLE: 64 men's clothing styles read on nike.com PDPs 2026-10-10, first distinct non-Jordan styles in default grid order per category (plus search finds for shirts/denim/knit/chinos); men's clothing grid states 2,269 tiles; not random"
Nike,NESSG545,"Nike Swim Breaker Men's 9"" Brief-Lined Volley Short",https://www.nike.com/t/swim-breaker-mens-9-brief-lined-volley-short-Phv5C2L8/NESSG545-434,underwear-swim,Swimwear,Nike Swim,Body: 90% polyester 10% spandex; Liner: 100% recycled polyester,polyester,90,10,synthetic,-,"list $69, sale $41.97; no origin line on page; NESS style prefix; swim; excluded from split verdict; price seen $69 list; no origin line; SAMPLE: 64 men's clothing styles read on nike.com PDPs 2026-10-10, first distinct non-Jordan styles in default grid order per category (plus search finds for shirts/denim/knit/chinos); men's clothing grid states 2,269 tiles; not random"
Off-White,44MAA120S26J008001,Half Arrow Skate T-shirt,https://www.off---white.com/en-us/men/clothing/t-shirts/half-arrow-skate-t-shirt-44MAA120S26J008001.html,tees-polos,T-Shirts,-,Fabric: 100% Cotton,cotton,100,0,natural,cotton,Made in not stated; listing $295; no price on PDP; read 2026-10-10
Off-White,44MAA027S26J001001,Metal Arrow Slim T-shirt,https://www.off---white.com/en-us/men/clothing/t-shirts/metal-arrow-slim-t-shirt-44MAA027S26J001001.html,tees-polos,T-Shirts,-,Fabric: 100% Cotton,cotton,100,0,natural,cotton,Made in not stated; canonical under /sale/; no price on PDP; read 2026-10-10
Off-White,44MAA027S26J00B001,Small Arrow Slim T-shirt,https://www.off---white.com/en-us/men/clothing/t-shirts/small-arrow-slim-t-shirt-44MAA027S26J00B001.html,tees-polos,T-Shirts,-,Fabric: 100% Cotton,cotton,100,0,natural,cotton,Made in not stated; listing $250; no price on PDP; read 2026-10-10
Off-White,44MAA120S26J00K001,Type Arrow Skate T-shirt,https://www.off---white.com/en-us/men/clothing/t-shirts/type-arrow-skate-t-shirt-44MAA120S26J00K001.html,tees-polos,T-Shirts,-,Fabric: 100% Cotton,cotton,100,0,natural,cotton,Made in not stated; PDP $375; canonical under special-selection; read 2026-10-10
Off-White,44MAA120S26J00J001,Paint Arrow Skate T-shirt,https://www.off---white.com/en-us/men/clothing/t-shirts/paint-arrow-skate-t-shirt-44MAA120S26J00J001.html,tees-polos,T-Shirts,-,Fabric: 100% Cotton,cotton,100,0,natural,cotton,Made in not stated; canonical under /sale/; no price on PDP; read 2026-10-10
Off-White,44MAA027S26J007001,Heraldic Arrow Slim T-shirt,https://www.off---white.com/en-us/men/clothing/t-shirts/heraldic-arrow-slim-t-shirt-44MAA027S26J007001.html,tees-polos,T-Shirts,-,Fabric: 100% Cotton,cotton,100,0,natural,cotton,Made in not stated; no price on PDP; read 2026-10-10
Off-White,44MAA120S26J00I001,3D Spray Arrow Skate T-shirt,https://www.off---white.com/en-us/men/clothing/t-shirts/3d-spray-arrow-skate-t-shirt-44MAA120S26J00I001.html,tees-polos,T-Shirts,-,Fabric: 100% Cotton,cotton,100,0,natural,cotton,Made in not stated; no price on PDP; read 2026-10-10
Off-White,44MAA120S26J003001,Jewel Arrow Skate T-shirt,https://www.off---white.com/en-us/men/clothing/t-shirts/jewel-arrow-skate-t-shirt-44MAA120S26J003001.html,tees-polos,T-Shirts,-,Fabric: 100% Cotton,cotton,100,0,natural,cotton,Made in not stated; canonical under special-selection; no price on PDP; read 2026-10-10
Off-White,44MAA120S26J00A001,OWR Skate T-shirt,https://www.off---white.com/en-us/men/clothing/t-shirts/owr-skate-t-shirt-44MAA120S26J00A001.html,tees-polos,T-Shirts,-,Fabric: 100% Cotton,cotton,100,0,natural,cotton,Made in not stated; canonical under special-selection; no price on PDP; read 2026-10-10
Off-White,44MAA120Z26J003001,Dream Arrow Skate T-shirt,https://www.off---white.com/en-us/men/clothing/t-shirts/dream-arrow-skate-t-shirt-44MAA120Z26J003001.html,tees-polos,T-Shirts,-,Fabric: 100% Cotton,cotton,100,0,natural,cotton,Made in not stated; PDP $325; canonical under /archive/men-archive/; read 2026-10-10
Off-White,44MCI013S26F009250,Heraldic Arrow Skate Sweatshort,https://www.off---white.com/en-us/men/clothing/shorts/heraldic-arrow-skate-sweatshort-44MCI013S26F009250.html,shorts,Shorts,-,Fabric: 100% Cotton,cotton,100,0,natural,cotton,Made in not stated; PDP $445; read 2026-10-10
Off-White,44MBB12NG25F001125,Off-White™ c/o AC Milan Arrow Hoodie,https://www.off---white.com/en-us/men/clothing/sweatshirts/off-white-co-ac-milan-arrow-hoodie-44MBB12NG25F001125.html,sweats,Sweatshirts,-,Fabric: 100% Cotton,cotton,100,0,natural,cotton,Made in not stated; collaboration; no price on PDP; read 2026-10-10
Off-White,44MAA027G25J00O125,Off-White™ c/o AC Milan Arrow Slim T-Shirt,https://www.off---white.com/en-us/men/clothing/t-shirts/off-white-co-ac-milan-arrow-slim-t-shirt-44MAA027G25J00O125.html,tees-polos,T-Shirts,-,Fabric: 100% Cotton,cotton,100,0,natural,cotton,Made in not stated; collaboration; PDP $195; read 2026-10-10
Off-White,OMJA122S25LEA0021070,Off Croco Lea Wool Varsity Jk,https://www.off---white.com/en-us/men/clothing/leather/crocodile-wool%2Fleather-varsity-jacket-OMJA122S25LEA0021070.html,outerwear,Leather (now /archive/men-archive/outerwear/),-,"OUTER:Virgin Wool 75%, OUTER:Leather 100%, OUTER:Polyamide 25%, LINING:viscose 100%",wool,75,0,blend,-,"ARCHIVE (SS25), sold out, $3,200; not in current range and not counted in styles_with_composition; sleeves leather; Made in not stated; read 2026-10-10"
Orvis,3KAX,Merino Piqué Crewneck Sweater,https://www.orvis.com/product/merino-pique-crewneck-sweater/3KAX.html,knitwear,Sweaters,-,Pure merino wool.,wool,100,0,natural,wool,PDP read 2026-10-10; $129 - $149 displayed; Imported
Orvis,3LZT,Moss Stitch Crewneck Sweater,https://www.orvis.com/product/moss-stitch-crewneck-sweater/3LZT.html,knitwear,Sweaters,-,80% wool / 20% nylon,wool,80,0,blend,-,PDP read 2026-10-10; $179; Imported
Orvis,3BC8,Country Twill Long-Sleeve Button-Down Shirt,https://www.orvis.com/product/country-twill-long-sleeve-button-down-shirt/3BC8.html,shirts,Button-Down Shirts,-,"Pure, 4-oz. cotton twill",cotton,100,0,natural,cotton,PDP read 2026-10-10; $98; Imported; named fibre no pct filed at 100
Orvis,3M7P,Men's River Guide Long-Sleeve Shirt,https://www.orvis.com/product/mens-river-guide-long-sleeve-shirt/3M7P.html,shirts,Button-Down Shirts,-,64% cotton / 31% recycled polyester / 5% spandex,cotton,64,5,blend,-,PDP read 2026-10-10; $119; Imported; OutSmart Fresh
Orvis,3A8M,Tech Chambray Long-Sleeve Western Shirt,https://www.orvis.com/product/tech-chambray-long-sleeve-western-shirt/3A8M.html,shirts,Button-Down Shirts,Tech Chambray,Recycled polyester/polyester.,polyester,100,0,synthetic,polyester,"PDP read 2026-10-10; $119; Imported; OutSmart Fresh, bluesign, MarinoWul+ named in copy; no pct, both parts polyester"
Orvis,18Z9,Men's Tech Chambray Long-Sleeve Work Shirt,https://www.orvis.com/product/mens-tech-chambray-long-sleeve-work-shirt/18Z9.html,shirts,Button-Down Shirts,Tech Chambray,Recycled polyester/polyester.,polyester,100,0,synthetic,polyester,PDP read 2026-10-10; $110; Imported; OutSmart Fresh
Orvis,3NRS,Perfect Flannel Shirt,https://www.orvis.com/product/perfect-flannel-shirt/3NRS.html,shirts,Button-Down Shirts,-,100% cotton,cotton,100,0,natural,cotton,PDP read 2026-10-10; $110; Imported
Orvis,2SSE,Men's Flat Creek Tech Flannel Shirt,https://www.orvis.com/product/mens-flat-creek-tech-flannel-shirt/2SSE.html,shirts,Button-Down Shirts,-,Cotton/recycled polyester/spandex.,cotton,NC,NC,blend,-,"PDP read 2026-10-10; $110; Imported; no pcts - lead = first listed; elastane present, share unstated; bluesign"
Orvis,3JA4,Men's PRO Fishing Jacket,https://www.orvis.com/product/mens-pro-fishing-jacket/3JA4.html,outerwear,Jackets,PRO,Nylon.,polyamide,100,0,synthetic,polyamide,PDP read 2026-10-10; $449; Imported; CORDURA (4-layer stretch per copy); YKK AquaGuard zips
Orvis,3ENP,Men's PRO ToughShell Jacket,https://www.orvis.com/product/mens-pro-toughshell-jacket/3ENP.html,outerwear,Jackets,PRO;ToughShell,100% nylon.,polyamide,100,0,synthetic,polyamide,PDP read 2026-10-10; $449; Imported
Orvis,3NJ2,Men's R65 Sweater Fleece Jacket,https://www.orvis.com/product/mens-r65-sweater-fleece-jacket/3NJ2.html,outerwear,Jackets,R65,100% recycled polyester,polyester,100,0,synthetic,polyester,PDP read 2026-10-10; $119; Imported; R65 trademark
Orvis,3L5N,Men's 1856 Field Coat,https://www.orvis.com/product/mens-1856-field-coat/3L5N.html,outerwear,Jackets,1856,"100% cotton canvas exterior (lining: plaid flannel, no content stated)",cotton,100,0,natural,cotton,PDP read 2026-10-10; $198; Imported
Orvis,3KN6,Bromley Polo,https://www.orvis.com/product/bromley-polo/3KN6.html,tees-polos,Shirts & T-Shirts,-,Pure cotton. (slub Pima cotton jersey),cotton,100,0,natural,cotton,PDP read 2026-10-10; $79; Imported
Orvis,3KNX,Men's Outbound Merino Polo,https://www.orvis.com/product/mens-outbound-merino-polo/3KNX.html,tees-polos,Shirts & T-Shirts,Outbound Merino,87% wool / 13% nylon,wool,87,0,blend,-,PDP read 2026-10-10; $110; Imported
Orvis,3LMS,Crossed Rods T-Shirt,https://www.orvis.com/product/crossed-rods-t-shirt/3LMS.html,tees-polos,T-Shirts,-,Cotton/polyester.,cotton,NC,0,blend,-,PDP read 2026-10-10; $45; Imported; no pcts - lead = first listed
Orvis,3KN9,Men's Outbound Merino Short-Sleeve T-Shirt,https://www.orvis.com/product/mens-outbound-merino-short-sleeve-t-shirt/3KN9.html,tees-polos,T-Shirts,Outbound Merino,87% wool / 13% nylon,wool,87,0,blend,-,PDP read 2026-10-10; $89; Imported
Orvis,3HME,Men's DriCast Long-Sleeve Crew,https://www.orvis.com/product/mens-dricast-long-sleeve-crew/3HME.html,tees-polos,T-Shirts,DriCast,Recycled polyester/rayon/spandex.,polyester,NC,NC,blend,-,"PDP read 2026-10-10; $69 on PDP (grid shows $49-$69 sale range); Imported; DriCast, OutSmart Fresh"
Orvis,3KN5,Men's Sun Defense Hoodie,https://www.orvis.com/product/mens-sun-defense-hoodie/3KN5.html,tees-polos,Performance Shirts,Sun Defense,Recycled polyester/spandex.,polyester,NC,NC,blend,-,PDP read 2026-10-10; $89; Imported; OutSmart Fresh
Orvis,3K7M,1856 Stretch Twill Regular Fit Chinos,https://www.orvis.com/product/1856-stretch-twill-regular-fit-chinos/3K7M.html,trousers,Pants & Shorts,1856,Cotton/spandex.,cotton,NC,NC,blend,-,PDP read 2026-10-10; $119; Imported
Orvis,3J47,Out-Of-Office Chinos,https://www.orvis.com/product/out-of-office-chinos/3J47.html,trousers,Pants & Shorts,Out-Of-Office,Cotton/nylon/LYCRA.,cotton,NC,NC,blend,-,PDP read 2026-10-10; $139; Imported; LYCRA
Orvis,2LNF,Men's 1856 Stretch Twill 5-Pocket Pants,https://www.orvis.com/product/mens-1856-stretch-twill-5-pocket-pants/2LNF.html,trousers,Pants & Shorts,1856,Cotton/spandex.,cotton,NC,NC,blend,-,PDP read 2026-10-10; $110; Imported
Orvis,3JN8,Jackson Quick-Dry Regular Fit Pants,https://www.orvis.com/product/jackson-quick-dry-regular-fit-pants/3JN8.html,trousers,Pants & Shorts,Jackson Quick-Dry,Recycled nylon/spandex.,polyamide,NC,NC,blend,-,PDP read 2026-10-10; $129; Imported; TurboDry (waistband)
Orvis,3MKS,Men's Missouri Breaks Field Pants,https://www.orvis.com/product/mens-missouri-breaks-field-pants/3MKS.html,trousers,Pants & Shorts,Missouri Breaks,Body: 98% cotton / 2% spandex; Reinforcement: 100% cotton canvas,cotton,98,2,blend,-,PDP read 2026-10-10; $139; Imported
Orvis,29N1,Out-Of-Office 5-Pocket Pants,https://www.orvis.com/product/out-of-office-5-pocket-pants/29N1.html,trousers,Pants & Shorts,Out-Of-Office,Cotton/nylon/LYCRA.,cotton,NC,NC,blend,-,PDP read 2026-10-10; Was $139 (sale $104.25); Imported; LYCRA
Orvis,3ENR,Men's PRO ToughShell Pants,https://www.orvis.com/product/mens-pro-toughshell-pants/3ENR.html,trousers,Pants & Shorts,PRO;ToughShell,100% nylon.,polyamide,100,0,synthetic,polyamide,PDP read 2026-10-10; $349; Imported
Orvis,28RZ,Merino 1/4-Zip Sweater,https://www.orvis.com/product/merino-14-zip-sweater/28RZ.html,knitwear,Sweaters,-,100% Wool (image label); pure merino wool,wool,100,0,natural,wool,PDP read 2026-10-10; $149; no made-in line found
Orvis,3EL9,Ultimate Foul-Weather Sweater,https://www.orvis.com/product/ultimate-foul-weather-sweater/3EL9.html,knitwear,Sweaters,-,Wool/recycled polyester.,wool,NC,0,blend,-,PDP read 2026-10-10; $198; Imported
Orvis,3ANE,Merino Button Mockneck Sweater,https://www.orvis.com/product/merino-button-mockneck-sweater/3ANE.html,knitwear,Sweaters,-,Pure merino wool.,wool,100,0,natural,wool,PDP read 2026-10-10; $149; Imported
Orvis,2THB,Briar Jacket,https://www.orvis.com/product/briar-jacket/2THB.html,outerwear,Jackets,Briar,"Cotton/spandex shell, polyester lining.",cotton,NC,NC,blend,-,PDP read 2026-10-10; $159; Imported; Bedford cord; Supplex sleeve lining
Orvis,3KRX,Men's Ultralight Storm 2.5L Jacket,https://www.orvis.com/product/mens-ultralight-storm-25l-jacket/3KRX.html,outerwear,Jackets,-,Nylon with DWR finish.,polyamide,100,0,synthetic,polyamide,PDP read 2026-10-10; $198; Imported; DryTouch
Orvis,2TZ1,Men's Clearwater Wading Jacket,https://www.orvis.com/product/mens-clearwater-wading-jacket/2TZ1.html,outerwear,Jackets,Clearwater,Nylon shell/ polyurethane membrane/nylon tricot liner.,polyamide,100,0,synthetic,polyamide,PDP read 2026-10-10; $269; Imported; shell read
Orvis,3JHT,Men's Drift Jacket,https://www.orvis.com/product/mens-drift-jacket/3JHT.html,outerwear,Jackets,Drift,Recycled nylon.,polyamide,100,0,synthetic,polyamide,PDP read 2026-10-10; $210; Imported; Thermore Genius insulation
Orvis,2SGH,Men's PRO Insulated Hoodie,https://www.orvis.com/product/mens-pro-insulated-hoodie/2SGH.html,outerwear,Jackets,PRO,"Solid: Nylon. Print: Polyester shell. Polyester insulation, Nylon liner.",polyamide,100,0,synthetic,polyamide,PDP read 2026-10-10; $269; Imported; PrimaLoft Gold Active; Polartec Alpha; first-listed (Solid) shell read
Orvis,3NJX,Men's Mad River Sherpa Jacket,https://www.orvis.com/product/mens-mad-river-sherpa-jacket/3NJX.html,outerwear,Jackets,Mad River,100% recycled polyester,polyester,100,0,synthetic,polyester,PDP read 2026-10-10; $139; Imported
Orvis,3MNX,Men's Route 7 Vest,https://www.orvis.com/product/mens-route-7-vest/3MNX.html,outerwear,Vests,-,100% recycled polyester,polyester,100,0,synthetic,polyester,"PDP read 2026-10-10; $179; Imported; story copy mentions oyster shells, spec says 100% recycled polyester"
Orvis,3CNP,Men's PRO Upland Softshell Jacket,https://www.orvis.com/product/mens-pro-upland-softshell-jacket/3CNP.html,outerwear,Jackets,PRO,Nylon/spandex.,polyamide,NC,NC,blend,-,PDP read 2026-10-10; $198; Imported
Orvis,3MKK,Men's Midweight Long-Sleeve Shooting Shirt,https://www.orvis.com/product/mens-midweight-long-sleeve-shooting-shirt/3MKK.html,shirts,Button-Down Shirts,-,75% cotton / 22% polyester / 3% spandex,cotton,75,3,blend,-,PDP read 2026-10-10; $98; Imported
Orvis,3GBM,Men's PRO LT Upland Shirt,https://www.orvis.com/product/mens-pro-lt-upland-shirt/3GBM.html,shirts,Button-Down Shirts,PRO,Recycled nylon/spandex.,polyamide,NC,NC,blend,-,PDP read 2026-10-10; $129; Imported
Orvis,3G6F,Snowy River Brushed Knit Long-Sleeve Shirt,https://www.orvis.com/product/snowy-river-brushed-knit-long-sleeve-shirt/3G6F.html,shirts,Button-Down Shirts,-,Polyester/rayon/spandex.,polyester,NC,NC,blend,-,PDP read 2026-10-10; $139; Imported; knit
Orvis,3KMN,Garment-Dyed Poplin Short-Sleeve Shirt,https://www.orvis.com/product/garment-dyed-poplin-short-sleeve-shirt/3KMN.html,shirts,Button-Down Shirts,-,Cotton.,cotton,100,0,natural,cotton,PDP read 2026-10-10; Was $79 (sale $49); Imported
Orvis,3M7M,Men's Open Air Caster Long-Sleeve Shirt,https://www.orvis.com/product/mens-open-air-caster-long-sleeve-shirt/3M7M.html,shirts,Button-Down Shirts,-,50% nylon / 21% polyester / 26% recycled polyester / 3% spandex,polyamide,50,3,blend,-,PDP read 2026-10-10; $110; Imported; OutSmart Fresh; parts sum 100
Orvis,3NRH,Men's Brown Trout Graphic Hoodie,https://www.orvis.com/product/mens-brown-trout-graphic-hoodie/3NRH.html,sweats,Sweatshirts,-,80% cotton / 20% polyester,cotton,80,0,blend,-,PDP read 2026-10-10; $79; Imported
Orvis,3NJZ,Men's Horseshoe Hills Fleece 1/4-Zip,https://www.orvis.com/product/mens-horseshoe-hills-fleece-14-zip/3NJZ.html,sweats,Fleece,Horseshoe Hills,50% recycled polyester/44% polyester/6% spandex,polyester,94,6,synthetic,-,PDP read 2026-10-10; $98; Imported; recycled + virgin polyester summed
Orvis,3KPP,"1856 Stretch Twill Chino 7"" Shorts",https://www.orvis.com/product/1856-stretch-twill-chino-7-shorts/3KPP.html,shorts,Pants & Shorts,1856,Cotton/spandex.,cotton,NC,NC,blend,-,PDP read 2026-10-10; Was $98 (sale $79); Imported
Orvis,3M1A,Men's Missouri Breaks Waxed Field Pants,https://www.orvis.com/product/mens-missouri-breaks-waxed-field-pants/3M1A.html,trousers,Pants & Shorts,Missouri Breaks,Body: 98% cotton / 2% spandex; Front reinforcement: 100% cotton canvas with dry-wax finish,cotton,98,2,blend,-,PDP read 2026-10-10; $169; Imported
Paul Stuart,20165302,Cashmere & Silk Long Sleeve Polo,https://www.paulstuart.com/sale/mens-sale/sweaters/cashmere-and-silk-long-sleeve-polo/20165302-2564.html,tees-polos,Polos & T-Shirts,-,"70% Cashmere, 30% Silk",cashmere,70,0,natural,-,"read 2026-10-10; Made in Italy; $995 reg, $599.75 sale"
Paul Stuart,20121321,Cotton Pique Logo Polo,https://www.paulstuart.com/clearancemens-clearancepolos/cotton-pique-logo-polo/20121321-N001.html,tees-polos,Polos & T-Shirts,-,100% Cotton,cotton,100,0,natural,cotton,"read 2026-10-10; no country stated; $125 reg, $99.75 sale"
Paul Stuart,201B0101,Pima Interlock Logo T-Shirt,https://www.paulstuart.com/mens/sportswear/polos-and-t-shirts/pima-interlock-logo-t-shirt/201B0101-N680.html,tees-polos,Polos & T-Shirts,-,100% Pima Cotton,cotton,100,0,natural,cotton,read 2026-10-10; Made in Peru; $80
Paul Stuart,201829R1,Pima Cotton Interlock Polo,https://www.paulstuart.com/mens/sportswear/polos-and-t-shirts/pima-cotton-interlock-polo/201829R1-4496.html,tees-polos,Polos & T-Shirts,-,100% Cotton,cotton,100,0,natural,cotton,"read 2026-10-10; ""Imported""; $175"
Paul Stuart,2018MOF01,Solid Mélange Performance Polo,https://www.paulstuart.com/clearancemens-clearancepolos/solid-m%C3%A9lange-performance-polo/2018MOF01-N410.html,tees-polos,Polos & T-Shirts,-,"55% Cotton, 45% Polyester",cotton,55,0,blend,-,"read 2026-10-10; Made in Italy; ""performance fabric"" generic; $195 reg"
Paul Stuart,20170803,Deco Dot Performance Polo,https://www.paulstuart.com/clearancemens-clearancepolos/deco-dot-performance-polo/20170803-5152.html,tees-polos,Polos & T-Shirts,-,92% Polyester 8% Elastane,polyester,92,8,synthetic,-,read 2026-10-10; Made in Italy; $160 reg
Paul Stuart,20185606,Merino Wool Crewneck Sweater,https://www.paulstuart.com/mens/sportswear/sweaters/merino-wool-crewneck-sweater/20185606-N601.html,knitwear,Sweaters,-,100% Virgin Wool,wool,100,0,natural,wool,read 2026-10-10; Made in Italy; $450
Paul Stuart,21585071,Cashmere Crewneck Sweater,https://www.paulstuart.com/mens/sportswear/sweaters/cashmere-crewneck-sweater/21585071-N601.html,knitwear,Sweaters,-,100% Cashmere,cashmere,100,0,natural,cashmere,read 2026-10-10; Made in Italy; $750
Paul Stuart,22082592,Cotton & Linen Summer Sweater,https://www.paulstuart.com/sale/mens-sale/sweaters/cotton-and-linen-summer-sweater/22082592-N040.html,knitwear,Sweaters,-,"52% Organic Cotton, 48% Linen",cotton,52,0,natural,-,read 2026-10-10; Made in Italy; crewneck; $295 reg
Paul Stuart,22081571,Wool Blend Full-Zip Sweater,https://www.paulstuart.com/mens/sportswear/sweaters/wool-blend-full-zip-sweater/22081571-N201.html,knitwear,Sweaters,-,"88% Merino Wool, 10% Cashmere, 2% Elastane",wool,88,2,blend,-,read 2026-10-10; Made in Italy; $650
Paul Stuart,2208409,Classic Alpaca Links V-Neck Sweater,https://www.paulstuart.com/sale/mens-sale/sweaters/classic-alpaca-links-v-neck-sweater/2208409-3110.html,knitwear,Sweaters,-,100% Alpaca,alpaca,100,0,natural,alpaca,read 2026-10-10; Made in Peru; $425 reg
Paul Stuart,220824860,Silk & Cotton Crew Neck,https://www.paulstuart.com/sale/mens-sale/sweaters/silk-and-cotton-crew-neck/220824860-1458.html,knitwear,Sweaters,-,55% Silk 45% Organic Cotton,silk,55,0,natural,-,read 2026-10-10; Made in Italy; $595 reg
Paul Stuart,22085008,Donegal Crewneck Sweater,https://www.paulstuart.com/mens/sportswear/sweaters/donegal-crewneck-sweater/22085008-N800.html,knitwear,Sweaters,-,100% Wool,wool,100,0,natural,wool,read 2026-10-10; Made in Scotland; $550
Paul Stuart,1049990,Super 140s Cotton Button Down Collar Dress Shirt,https://www.paulstuart.com/mens/tailored-clothing/dress-shirts/super-140s-cotton-button-down-collar-dress-shirt/1049990-N100.html,shirts,Dress Shirts,-,100% Super 140s 2-Ply Italian Cotton,cotton,100,0,natural,cotton,read 2026-10-10; Made in Canada; $245
Paul Stuart,80487025,Cotton Stripe Dress Shirt,https://www.paulstuart.com/sale/mens-sale/dress-shirts/cotton-stripe-dress-shirt/80487025-N107.html,shirts,Dress Shirts,Phineas Cole,100% Cotton,cotton,100,0,natural,cotton,read 2026-10-10; brand line Phineas Cole; Made in Italy; $495 reg
Paul Stuart,105P0485,Handmade Spread Collar Dress Shirt,https://www.paulstuart.com/mens/tailored-clothing/dress-shirts/handmade-spread-collar-dress-shirt/105P0485-N107.html,shirts,Dress Shirts,-,100% Cotton,cotton,100,0,natural,cotton,"read 2026-10-10; ""Imported""; handmade buttonholes; $395"
Paul Stuart,10414468,The Traveler Dress Shirt,https://www.paulstuart.com/mens/tailored-clothing/dress-shirts/the-traveler-dress-shirt/10414468-N100.html,shirts,Dress Shirts,Traveler Collection,100% Italian wrinkle resistant cotton,cotton,100,0,natural,cotton,"read 2026-10-10; brand line ""Traveler Collection""; no country stated; $245"
Paul Stuart,10586723,Glen Plaid Spread Collar Dress Shirt,https://www.paulstuart.com/mens/tailored-clothing/dress-shirts/glen-plaid-spread-collar-dress-shirt/10586723-N400.html,shirts,Dress Shirts,Made in America,100% Cotton,cotton,100,0,natural,cotton,read 2026-10-10; Made in America; maker Hamilton Shirts; cloth Thomas Mason; $395
Paul Stuart,21080032,Oxford Button-Down Shirt,https://www.paulstuart.com/mens/sportswear/sport-shirts/oxford-button-down-shirt/21080032-4280.html,shirts,Sport Shirts,-,100% Cotton,cotton,100,0,natural,cotton,read 2026-10-10; Made in Canada; cloth Somelos (Portugal); $295
Paul Stuart,2107G001,Linen Sport Shirt,https://www.paulstuart.com/sale/mens-sale/shirts/linen-sport-shirt/2107G001-N100.html,shirts,Sport Shirts,-,100% Linen,linen,100,0,natural,linen,"read 2026-10-10; ""Imported""; $450 reg"
Paul Stuart,21080005,Classic Seersucker Shirt,https://www.paulstuart.com/mens/sportswear/sport-shirts/classic-seersucker-shirt/21080005-N650.html,shirts,Sport Shirts,-,100% Cotton,cotton,100,0,natural,cotton,read 2026-10-10; Made in Italy; $295
Paul Stuart,237B3660,Denim Five-Pocket Pant,https://www.paulstuart.com/sale/mens-sale/pants-and-shorts/denim-five-pocket-pant/237B3660-X025.html,denim,Pants,-,98% Cotton 2% Elastane,cotton,98,2,blend,-,"read 2026-10-10; ""Imported""; $350 reg"
Paul Stuart,2378487X,Vintage Wash Five-Pocket Denim,https://www.paulstuart.com/sale/mens-sale/pants-and-shorts/vintage-wash-five-pocket-denim/2378487X-2282.html,denim,Pants,-,"98% Cotton, 2% Elastane",cotton,98,2,blend,-,read 2026-10-10; Made in Italy; $595 reg
Paul Stuart,237P3918,Cotton Twill Five-Pocket Pant,https://www.paulstuart.com/mens/sportswear/pants/cotton-twill-five-pocket-pant/237P3918-6030.html,trousers,Pants,-,"98% Cotton, 2% Elastane",cotton,98,2,blend,-,read 2026-10-10; Made in Italy; $495
Paul Stuart,23781071,Technical Jersey Stretch Trouser,https://www.paulstuart.com/sale/mens-sale/pants-and-shorts/technical-jersey-stretch-trouser/23781071-1872.html,trousers,Pants,-,71% Polyamide 29% Elastane,polyamide,71,29,synthetic,-,"read 2026-10-10; ""Imported""; $450 reg"
Paul Stuart,26880020,Linen Garment Dyed Trouser,https://www.paulstuart.com/mens/sportswear/pants/linen-garment-dyed-trouser/26880020-6544.html,trousers,Pants,-,100% Linen,linen,100,0,natural,linen,read 2026-10-10; Made in Italy; $395
Paul Stuart,2378C003,Corduroy Five-Pocket Pant,https://www.paulstuart.com/mens/sportswear/pants/corduroy-five-pocket-pant/2378C003-N252.html,trousers,Pants,-,"92% Cotton, 8% Cashmere",cotton,92,0,natural,-,read 2026-10-10; Made in Italy; $650
Paul Stuart,721B3900,All Year Wool Dress Trouser,https://www.paulstuart.com/mens/tailored-clothing/dress-pants/all-year-wool-dress-trouser/721B3900-N010.html,trousers,Dress Pants,-,"100% Wool, Woven In Italy",wool,100,0,natural,wool,read 2026-10-10; Made in Canada; $475
Paul Stuart,72163208,Summer Breeze Dress Trouser,https://www.paulstuart.com/sale/mens-sale/pants-and-shorts/summer-breeze-dress-trouser/72163208-N103.html,trousers,Dress Pants,-,"40% Wool, 35% Silk, 25% Linen",wool,40,0,natural,-,read 2026-10-10; Made in Canada; $995 reg
Paul Stuart,720B1383,Performance Dress Trouser,https://www.paulstuart.com/sale/mens-sale/pants-and-shorts/performance-dress-trouser/720B1383-N410.html,trousers,Dress Pants,-,52% Wool 46% Poly 2% Elastane,wool,52,2,blend,-,"read 2026-10-10; Made in Italy; ""High Performace Cloth"" (sic); $595 reg"
Paul Stuart,72189895,Wool Cashmere Trouser,https://www.paulstuart.com/mens/tailored-clothing/dress-pants/wool-cashmere-trouser/72189895-N201.html,trousers,Dress Pants,-,"95% Wool, 4% Cashmere, 1% Elastane",wool,95,1,blend,-,"read 2026-10-10; Made in Italy; Biella flannel, mill unnamed; $695"
Paul Stuart,867B3900,Super 110s All Year Wool Dress Trouser,https://www.paulstuart.com/mens/tailored-clothing/super-110s-all%C2%A0year-wool-dress-trouser/867B3900-N050.html,trousers,Dress Pants,Phineas Cole,100% Super 110's Wool,wool,100,0,natural,wool,read 2026-10-10; brand line Phineas Cole; Made in Canada; $495
Paul Stuart,701B0652,All Year Wool Suit,https://www.paulstuart.com/menstailored-clothingsuits-and-tuxedos/all-year-wool-suit/701B0652-N410.html,tailoring,Suits,-,"100% Wool, Woven in Italy",wool,100,0,natural,wool,"read 2026-10-10; Made in Canada; lining not stated; $2,895"
Paul Stuart,860B0660,Super 150s Wool Drake Suit,https://www.paulstuart.com/mens/tailored-clothing/super-150s-wool-drake-suit/860B0660-N410.html,tailoring,Suits,Phineas Cole,100% Wool Super 160,wool,100,0,natural,wool,"read 2026-10-10; brand line Phineas Cole; title says Super 150s, composition says Super 160; Made in Canada; $2,895"
Paul Stuart,86081211,Super 130s Wool Double Breasted Suit,https://www.paulstuart.com/sale/mens-sale/suits-and-tuxedos/super-130s-wool-double-breasted-suit/86081211-N410.html,tailoring,Suits,Phineas Cole,Super 130's 100% Wool,wool,100,0,natural,wool,"read 2026-10-10; brand line Phineas Cole; Made in Italy; $3,695 reg"
Paul Stuart,70186047,All Year Cotton Double Breasted Suit,https://www.paulstuart.com/sale/mens-sale/suits-and-tuxedos/all-year-cotton-double-breasted-suit/70186047-N410.html,tailoring,Suits,-,100% Cotton,cotton,100,0,natural,cotton,"read 2026-10-10; Made in Italy; $3,795 reg"
Paul Stuart,7448910,Super 120s Wool Paul Tuxedo,https://www.paulstuart.com/mens/tailored-clothing/tuxedos/super-120s-wool-paul-tuxedo/7448910-N001.html,tailoring,Tuxedos,-,100% Super 120s English Wool,wool,100,0,natural,wool,"read 2026-10-10; ""Constructed in Canada""; $3,295"
Paul Stuart,711B5700,Two Fifty Navy Blazer,https://www.paulstuart.com/mens/tailored-clothing/blazers-and-jackets/two-fifty-navy-blazer/711B5700-N410.html,tailoring,Blazers & Jackets,Made in America,100% Wool,wool,100,0,natural,wool,"read 2026-10-10; Made in America; maker Rochester Tailored Clothing; cloth American Woolen (CT); 250 numbered pieces; $2,026"
Paul Stuart,71183A60,Cashmere Patch Pocket Jacket,https://www.paulstuart.com/mens/tailored-clothing/blazers-and-jackets/cashmere-patch-pocket-jacket/71183A60-2388.html,tailoring,Blazers & Jackets,-,100% Cashmere,cashmere,100,0,natural,cashmere,"read 2026-10-10; Made in Italy; cloth Loro Piana; ""Tailored in Naples""; $3,495"
Paul Stuart,71181313,Windowpane Bamboo Jacket,https://www.paulstuart.com/sale/mens-sale/sport-jacket-and-blazers/windowpane-bamboo-jacket/71181313-N450.html,tailoring,Blazers & Jackets,-,"100% Bamboo, Woven in Italy",other-cellulosic,100,0,cellulosic,other-cellulosic,"read 2026-10-10; fibre written ""Bamboo"" (cellulosic; viscose/lyocell not stated); Made in Canada; $1,795 reg"
Paul Stuart,86685032,Basketweave Jacket,https://www.paulstuart.com/sale/mens-sale/sport-jacket-and-blazers/basketweave-jacket/86685032-N200.html,tailoring,Blazers & Jackets,Phineas Cole,"38% Silk, 36% Linen, 16% Cotton, 10% Polyamide",silk,38,0,blend,-,"read 2026-10-10; brand line Phineas Cole; Made in Italy; $2,495 reg"
Paul Stuart,32481050,Quilted Jacket,https://www.paulstuart.com/mens/sportswear/outerwear/quilted-jacket/32481050-N302.html,outerwear,Outerwear,-,100% Polyester (Diamond Quilted Poly Shell; 100% Cotton Melange Lining; Midweight Poly Fill),polyester,100,0,synthetic,polyester,"read 2026-10-10; Made in Italy; $1,295"
Paul Stuart,32472434,Double Faced Cashmere Coat,https://www.paulstuart.com/mens/sportswear/outerwear/double-faced-cashmere-coat/32472434-1724.html,outerwear,Outerwear,-,100% Loro Piana Cashmere,cashmere,100,0,natural,cashmere,"read 2026-10-10; Made in Italy; mill Loro Piana; $4,995"
Paul Stuart,3268383D,Nor'easter Overcoat,https://www.paulstuart.com/mens/tailored-clothing/overcoats/noreaster-overcoat/3268383D-N600.html,outerwear,Overcoats,-,100% Cotton,cotton,100,0,natural,cotton,"read 2026-10-10; Made in Ireland; cloth woven by Mackintosh; liner composition not stated; $2,295"
Paul Stuart,32673831,Double Breasted Raincoat,https://www.paulstuart.com/mens/sportswear/outerwear/double-breasted-raincoat/32673831-N300.html,outerwear,Outerwear,-,100% Cotton,cotton,100,0,natural,cotton,"read 2026-10-10; Made in Ireland; $1,595"
Paul Stuart,32475603,Belsetta Quilted Coat,https://www.paulstuart.com/mens/sportswear/outerwear/belsetta-quilted-coat/32475603-N410.html,outerwear,Outerwear,-,ND,ND,ND,ND,undisclosed,-,"read 2026-10-10; page says ""Microfiber Fabric"" / ""Italian Belsetta Fabric"", no fibre named; Made in Italy; $1,895"
Paul Stuart,32573856,Suede Blouson Jacket,https://www.paulstuart.com/mens/sportswear/outerwear/suede-blouson-jacket/32573856-N410.html,outerwear,Outerwear,-,Suede & Real Down,leather,ND,0,natural,-,"read 2026-10-10; named fibres, no percentages (lead_pct ND); quilted nylon lining per description; Made in Italy; $1,695"
Paul Stuart,74087482,Double-Breasted Plaid Officer's Coat,https://www.paulstuart.com/mens/tailored-clothing/overcoats/double-breasted-plaid-officers-coat/74087482-N200.html,outerwear,Overcoats,-,"95% Wool, 5% Cashmere",wool,95,0,natural,-,"read 2026-10-10; Made in Italy; $3,495"
Paul Stuart,33980002,Performance Zip-Up Vest,https://www.paulstuart.com/mens/sportswear/vests/performance-zip-up-vest/33980002-N400.html,outerwear,Vests,-,"65% Cotton, 35% Lux Polyamide",cotton,65,0,blend,-,"read 2026-10-10; Made in Italy; ""Performance Easy-Care Cloth""; $375 reg"
Paul Stuart,26574196,Nautical Print Swim Trunk,https://www.paulstuart.com/sale/mens-sale/pants-and-shorts/nautical-print-swim-trunk/26574196-N410.html,underwear-swim,Shorts & Swim Trunks,-,"51% Nylon, 49% Polyester",polyamide,51,0,synthetic,-,read 2026-10-10; Made in Italy; $295 reg
Paul Stuart,66083163,Wool Plaid Robe,https://www.paulstuart.com/mens/lounge/wool-plaid-robe/66083163-2068.html,other,Lounge,-,100% Wool,wool,100,0,natural,wool,"read 2026-10-10; other = robe; ""handcrafted at our NYC Madison Avenue flagship store by our in-house tailors""; $1,995"
Paul Stuart,1580756,Cotton Broadcloth Pajama,https://www.paulstuart.com/mens/lounge/pajamas-and-loungewear/cotton-broadcloth-pajama/1580756-N400.html,other,Lounge,-,100% Cotton,cotton,100,0,natural,cotton,read 2026-10-10; other = pajama; Made in Canada; $350 reg
Pendleton,51135,Men's Snap-Front Western Canyon Shirt,https://www.pendleton-usa.com/product/mens-snap-front-western-canyon-shirt/51135.html,shirts,Wool Shirts,-,100% pure virgin wool,wool,100,0,natural,wool,PDP read 2026-10-10; $210-$218; origin: Imported of USA fabric; Fabric woven in our American mills; Umatilla® wool (machine-washable)
Pendleton,50000,Men's Plaid Board Shirt,https://www.pendleton-usa.com/product/mens-plaid-board-shirt/50000.html,shirts,Wool Shirts,NC,NC,NC,NC,NC,NC,NC,listing tile only (category page read 2026-10-10); $179-$219 (tiles); PDP not read; URL built from tile code and title (pattern verified on 46 PDPs)
Pendleton,51137,Men's Plaid Lodge Shirt,https://www.pendleton-usa.com/product/mens-plaid-lodge-shirt/51137.html,shirts,Wool Shirts,-,100% pure virgin wool,wool,100,0,natural,wool,PDP read 2026-10-10; $198; origin: Assembled in Mexico of USA made fabric; Fabric woven in our American mills; Umatilla® wool (machine-washable)
Pendleton,51161,Men's Elbow-Patch Trail Shirt,https://www.pendleton-usa.com/product/mens-elbow-patch-trail-shirt/51161.html,shirts,Wool Shirts,-,100% pure virgin wool,wool,100,0,natural,wool,PDP read 2026-10-10; $198; origin: Assembled in Mexico of USA made fabric; Fabric woven in our American mills; Ultrasuede® elbow patches; machine-washable wool
Pendleton,50050,Men's Board Shirt,https://www.pendleton-usa.com/product/mens-board-shirt/50050.html,shirts,Wool Shirts,Board Shirt,100% pure virgin wool,wool,100,0,natural,wool,PDP read 2026-10-10; $198-$230; origin: Imported of USA fabric; Fabric woven in our American mills; wool from Umatilla County OR ranchers; 'still our bestselling shirt today'
Pendleton,51162,Men's Plaid Elbow-Patch Trail Shirt,https://www.pendleton-usa.com/product/mens-plaid-elbow-patch-trail-shirt/51162.html,shirts,Wool Shirts,NC,NC,NC,NC,NC,NC,NC,listing tile only (category page read 2026-10-10); $198; PDP not read; URL built from tile code and title (pattern verified on 46 PDPs)
Pendleton,51136,Men's Plaid Snap-Front Western Canyon Shirt,https://www.pendleton-usa.com/product/mens-plaid-snap-front-western-canyon-shirt/51136.html,shirts,Wool Shirts,NC,NC,NC,NC,NC,NC,NC,listing tile only (category page read 2026-10-10); $189-$218; PDP not read; URL built from tile code and title (pattern verified on 46 PDPs)
Pendleton,54350Z,Men's Scout Shirt,https://www.pendleton-usa.com/product/mens-scout-shirt/54350Z.html,shirts,Wool Shirts,-,100% virgin wool,wool,100,0,natural,wool,PDP read 2026-10-10; $210; origin: Assembled in El Salvador of USA made fabric; machine washable virgin wool woven in our American mills
Pendleton,59010Z,Men's Plaid Merino Lodge Shirt,https://www.pendleton-usa.com/product/mens-plaid-merino-lodge-shirt/59010Z.html,shirts,Wool Shirts,-,100% merino wool,wool,100,0,natural,wool,PDP read 2026-10-10; $179; origin: Imported of USA fabric; Fabric woven in our American mills; AirLoom® merino
Pendleton,59008Z,Men's Plaid Merino Lodge Shirt,https://www.pendleton-usa.com/product/mens-plaid-merino-lodge-shirt/59008Z.html,shirts,Wool Shirts,NC,NC,NC,NC,NC,NC,NC,listing tile only (category page read 2026-10-10); $179; PDP not read; URL built from tile code and title (pattern verified on 46 PDPs)
Pendleton,59007Z,Men's Plaid Merino Lodge Shirt,https://www.pendleton-usa.com/product/mens-plaid-merino-lodge-shirt/59007Z.html,shirts,Wool Shirts,NC,NC,NC,NC,NC,NC,NC,listing tile only (category page read 2026-10-10); $179; PDP not read; URL built from tile code and title (pattern verified on 46 PDPs)
Pendleton,54293Z,Men's Mill Merino Shirt,https://www.pendleton-usa.com/product/mens-mill-merino-shirt/54293Z.html,shirts,Wool Shirts,Mill Merino,100% virgin wool,wool,100,0,natural,wool,"PDP read 2026-10-10; $198; origin: Assembled in El Salvador of USA made fabric; Woven in our Washougal, Washington, mill, our exclusive merino wool fabric"
Pendleton,59009Z,Men's Plaid Harrison Merino Shirt,https://www.pendleton-usa.com/product/mens-plaid-harrison-merino-shirt/59009Z.html,shirts,Wool Shirts,-,100% merino wool,wool,100,0,natural,wool,PDP read 2026-10-10; $189; origin: Imported of USA fabric; Fabric woven in our American mills; AirLoom® merino
Pendleton,54292Z,Men's Forest Twill Shirt Jacket,https://www.pendleton-usa.com/product/mens-forest-twill-shirt-jacket/54292Z.html,outerwear,Wool Shirts,-,75% virgin wool / 25% lambswool,wool,100,0,natural,wool,PDP read 2026-10-10; $248; origin: Assembled in El Salvador of USA made fabric; Oregon Tweed® wool woven in our Pacific Northwest mills
Pendleton,54352Z,Men's Lodge Shirt,https://www.pendleton-usa.com/product/mens-lodge-shirt/54352Z.html,shirts,Wool Shirts,NC,NC,NC,NC,NC,NC,NC,listing tile only (category page read 2026-10-10); $198; PDP not read; URL built from tile code and title (pattern verified on 46 PDPs)
Pendleton,58541Z,Men's Buffalo Check Scout Shirt,https://www.pendleton-usa.com/product/mens-buffalo-check-scout-shirt/58541Z.html,shirts,Wool Shirts,NC,NC,NC,NC,NC,NC,NC,listing tile only (category page read 2026-10-10); $210; PDP not read; URL built from tile code and title (pattern verified on 46 PDPs)
Pendleton,54355Z,Men's Plaid Mill Merino Shirt,https://www.pendleton-usa.com/product/mens-plaid-mill-merino-shirt/54355Z.html,shirts,Wool Shirts,NC,NC,NC,NC,NC,NC,NC,listing tile only (category page read 2026-10-10); $198; PDP not read; URL built from tile code and title (pattern verified on 46 PDPs)
Pendleton,58884Z,Men's Short-Sleeve Plaid Board Shirt,https://www.pendleton-usa.com/product/mens-short-sleeve-plaid-board-shirt/58884Z.html,shirts,Wool Shirts,NC,NC,NC,NC,NC,NC,NC,listing tile only (category page read 2026-10-10); $188; PDP not read; URL built from tile code and title (pattern verified on 46 PDPs)
Pendleton,51159,Men's Sir Pendleton Merino Shirt,https://www.pendleton-usa.com/product/mens-sir-pendleton-merino-shirt/51159.html,shirts,Wool Shirts,Sir Pendleton,100% pure virgin wool,wool,100,0,natural,wool,"PDP read 2026-10-10; compare-at $179 (on sale); origin: Imported of USA fabric; Woven in our Washougal, Washington, mill, our exclusive merino wool fabric"
Pendleton,58979Z,Men's Plaid Snap-Front Wyatt Cotton Shirt,https://www.pendleton-usa.com/product/mens-plaid-snap-front-wyatt-cotton-shirt/58979Z.html,shirts,Cotton & Linen Shirts,-,100% cotton,cotton,100,0,natural,cotton,PDP read 2026-10-10; $118; origin: Imported from Honduras; no mill named; snap front
Pendleton,54307Z,Men's Lost Trail Cotton Chamois Shirt,https://www.pendleton-usa.com/product/mens-lost-trail-cotton-chamois-shirt/54307Z.html,shirts,Cotton & Linen Shirts,DoubleSoft,100% cotton,cotton,100,0,natural,cotton,PDP read 2026-10-10; $168; origin: Imported from Indonesia; DoubleSoft™ cotton chamois; no mill named
Pendleton,54302Z,Men's Plaid Canyon Cotton Shirt,https://www.pendleton-usa.com/product/mens-plaid-canyon-cotton-shirt/54302Z.html,shirts,Cotton & Linen Shirts,NC,NC,NC,NC,NC,NC,NC,listing tile only (category page read 2026-10-10); $118; PDP not read; URL built from tile code and title (pattern verified on 46 PDPs)
Pendleton,54301Z,Men's Short-Sleeve Laramie Snap-Front Shirt,https://www.pendleton-usa.com/product/mens-short-sleeve-laramie-snap-front-shirt/54301Z.html,shirts,Cotton & Linen Shirts,NC,NC,NC,NC,NC,NC,NC,listing tile only (category page read 2026-10-10); $98; PDP not read; URL built from tile code and title (pattern verified on 46 PDPs)
Pendleton,54295Z,Men's Short-Sleeve Shoreline Cotton Shirt,https://www.pendleton-usa.com/product/mens-short-sleeve-shoreline-cotton-shirt/54295Z.html,shirts,Cotton & Linen Shirts,Shoreline,100% cotton,cotton,100,0,natural,cotton,PDP read 2026-10-10; $88; origin: Imported from Indonesia; exclusive Pendleton prints; no mill named
Pendleton,54303Z,Men's Dillon Western Twill Shirt,https://www.pendleton-usa.com/product/mens-dillon-western-twill-shirt/54303Z.html,shirts,Cotton & Linen Shirts,NC,NC,NC,NC,NC,NC,NC,listing tile only (category page read 2026-10-10); $128; PDP not read; URL built from tile code and title (pattern verified on 46 PDPs)
Pendleton,54294Z,Men's Short-Sleeve National Park Shoreline Shirt,https://www.pendleton-usa.com/product/mens-short-sleeve-national-park-shoreline-shirt/54294Z.html,shirts,Cotton & Linen Shirts,NC,NC,NC,NC,NC,NC,NC,listing tile only (category page read 2026-10-10); $88; PDP not read; URL built from tile code and title (pattern verified on 46 PDPs)
Pendleton,54300Z,Men's Riley Twill Shirt,https://www.pendleton-usa.com/product/mens-riley-twill-shirt/54300Z.html,shirts,Cotton & Linen Shirts,NC,NC,NC,NC,NC,NC,NC,listing tile only (category page read 2026-10-10); $118; PDP not read; URL built from tile code and title (pattern verified on 46 PDPs)
Pendleton,54299Z,Men's Riley Denim Shirt,https://www.pendleton-usa.com/product/mens-riley-denim-shirt/54299Z.html,shirts,Cotton & Linen Shirts,-,100% cotton,cotton,100,0,natural,cotton,PDP read 2026-10-10; $128; origin: Imported from Vietnam; no mill named
Pendleton,58790Z,Men's Burnside Doublebrushed Flannel Shirt,https://www.pendleton-usa.com/product/mens-burnside-doublebrushed-flannel-shirt/58790Z.html,shirts,Cotton & Linen Shirts,-,100% cotton,cotton,100,0,natural,cotton,PDP read 2026-10-10; $110; origin: Imported; no mill named; double-brushed flannel
Pendleton,58930Z,Men's Salmon Embroidered Denim Gambler Shirt,https://www.pendleton-usa.com/product/mens-salmon-embroidered-denim-gambler-shirt/58930Z.html,shirts,Cotton & Linen Shirts,NC,NC,NC,NC,NC,NC,NC,listing tile only (category page read 2026-10-10); $148; PDP not read; URL built from tile code and title (pattern verified on 46 PDPs)
Pendleton,58934Z,Men's Plaid Burnside Cotton Flannel Shirt,https://www.pendleton-usa.com/product/mens-plaid-burnside-cotton-flannel-shirt/58934Z.html,shirts,Cotton & Linen Shirts,NC,NC,NC,NC,NC,NC,NC,listing tile only (category page read 2026-10-10); $118; PDP not read; URL built from tile code and title (pattern verified on 46 PDPs)
Pendleton,54304Z,Men's Rodeo Embroidered Denim Gambler Shirt,https://www.pendleton-usa.com/product/mens-rodeo-embroidered-denim-gambler-shirt/54304Z.html,shirts,Cotton & Linen Shirts,NC,NC,NC,NC,NC,NC,NC,listing tile only (category page read 2026-10-10); $148; PDP not read; URL built from tile code and title (pattern verified on 46 PDPs)
Pendleton,58931Z,Men's Fremont Cotton Flannel Shirt,https://www.pendleton-usa.com/product/mens-fremont-cotton-flannel-shirt/58931Z.html,shirts,Cotton & Linen Shirts,NC,NC,NC,NC,NC,NC,NC,listing tile only (category page read 2026-10-10); $118; PDP not read; URL built from tile code and title (pattern verified on 46 PDPs)
Pendleton,58933Z,Men's Burnside Cotton Flannel Shirt,https://www.pendleton-usa.com/product/mens-burnside-cotton-flannel-shirt/58933Z.html,shirts,Cotton & Linen Shirts,NC,NC,NC,NC,NC,NC,NC,listing tile only (category page read 2026-10-10); $118; PDP not read; URL built from tile code and title (pattern verified on 46 PDPs)
Pendleton,54298Z,Men's Scenic Guide Twill Shirt,https://www.pendleton-usa.com/product/mens-scenic-guide-twill-shirt/54298Z.html,shirts,Cotton & Linen Shirts,NC,NC,NC,NC,NC,NC,NC,listing tile only (category page read 2026-10-10); $118; PDP not read; URL built from tile code and title (pattern verified on 46 PDPs)
Pendleton,58932Z,Men's Plaid Cotton Fremont Flannel Shirt,https://www.pendleton-usa.com/product/mens-plaid-cotton-fremont-flannel-shirt/58932Z.html,shirts,Cotton & Linen Shirts,NC,NC,NC,NC,NC,NC,NC,listing tile only (category page read 2026-10-10); $118; PDP not read; URL built from tile code and title (pattern verified on 46 PDPs)
Pendleton,54305Z,Men's Gambler Denim Shirt,https://www.pendleton-usa.com/product/mens-gambler-denim-shirt/54305Z.html,shirts,Cotton & Linen Shirts,NC,NC,NC,NC,NC,NC,NC,listing tile only (category page read 2026-10-10); $128; PDP not read; URL built from tile code and title (pattern verified on 46 PDPs)
Pendleton,58961Z,Men's Glacier Cotton Chamois Driftwood Shirt,https://www.pendleton-usa.com/product/mens-glacier-cotton-chamois-driftwood-shirt/58961Z.html,shirts,Cotton & Linen Shirts,DoubleSoft,100% cotton,cotton,100,0,natural,cotton,PDP read 2026-10-10; $198; origin: Imported; DoubleSoft Cotton Chamois; no mill named
Pendleton,54306Z,Men's Painted Hills Cotton Chamois Shirt,https://www.pendleton-usa.com/product/mens-painted-hills-cotton-chamois-shirt/54306Z.html,shirts,Cotton & Linen Shirts,NC,NC,NC,NC,NC,NC,NC,listing tile only (category page read 2026-10-10); $168; PDP not read; URL built from tile code and title (pattern verified on 46 PDPs)
Pendleton,54308Z,Men's Belmont Moleskin Shirt,https://www.pendleton-usa.com/product/mens-belmont-moleskin-shirt/54308Z.html,shirts,Cotton & Linen Shirts,-,100% cotton,cotton,100,0,natural,cotton,PDP read 2026-10-10; $168; origin: Imported from Vietnam; cotton moleskin; no mill named
Pendleton,58929Z,Men's Laramie Snap-Front Shirt,https://www.pendleton-usa.com/product/mens-laramie-snap-front-shirt/58929Z.html,shirts,Cotton & Linen Shirts,NC,NC,NC,NC,NC,NC,NC,listing tile only (category page read 2026-10-10); $98; PDP not read; URL built from tile code and title (pattern verified on 46 PDPs)
Pendleton,54297Z,Men's Fremont Cotton Shirt,https://www.pendleton-usa.com/product/mens-fremont-cotton-shirt/54297Z.html,shirts,Cotton & Linen Shirts,-,100% cotton,cotton,100,0,natural,cotton,PDP read 2026-10-10; $128; origin: Imported from Indonesia; pima cotton (body) / double brushed (meta); no mill named
Pendleton,50070,Men's Plaid Beach Shack Cotton Shirt,https://www.pendleton-usa.com/product/mens-plaid-beach-shack-cotton-shirt/50070.html,shirts,Cotton & Linen Shirts,NC,NC,NC,NC,NC,NC,NC,listing tile only (category page read 2026-10-10); compare-at $110 (on sale); PDP not read; URL built from tile code and title (pattern verified on 46 PDPs)
Pendleton,58725Z,Men's Stripe Beach Shack Cotton Shirt,https://www.pendleton-usa.com/product/mens-stripe-beach-shack-cotton-shirt/58725Z.html,shirts,Cotton & Linen Shirts,NC,NC,NC,NC,NC,NC,NC,listing tile only (category page read 2026-10-10); compare-at $110 (on sale); PDP not read; URL built from tile code and title (pattern verified on 46 PDPs)
Pendleton,59018Z,Men's Short-Sleeve Stripe Bayside Shirt,https://www.pendleton-usa.com/product/mens-short-sleeve-stripe-bayside-shirt/59018Z.html,shirts,Cotton & Linen Shirts,NC,NC,NC,NC,NC,NC,NC,listing tile only (category page read 2026-10-10); compare-at $98 (on sale); PDP not read; URL built from tile code and title (pattern verified on 46 PDPs)
Pendleton,59019Z,Men's Short-Sleeve Bayside Shirt,https://www.pendleton-usa.com/product/mens-short-sleeve-bayside-shirt/59019Z.html,shirts,Cotton & Linen Shirts,NC,NC,NC,NC,NC,NC,NC,listing tile only (category page read 2026-10-10); compare-at $98 (on sale); PDP not read; URL built from tile code and title (pattern verified on 46 PDPs)
Pendleton,59025Z,Men's Short-Sleeve DoubleSoft Gateway Shirt,https://www.pendleton-usa.com/product/mens-short-sleeve-doublesoft-gateway-shirt/59025Z.html,shirts,Cotton & Linen Shirts,NC,NC,NC,NC,NC,NC,NC,listing tile only (category page read 2026-10-10); compare-at $138 (on sale); PDP not read; URL built from tile code and title (pattern verified on 46 PDPs)
Pendleton,59026Z,Men's Twill Work Shirt,https://www.pendleton-usa.com/product/mens-twill-work-shirt/59026Z.html,shirts,Cotton & Linen Shirts,NC,NC,NC,NC,NC,NC,NC,listing tile only (category page read 2026-10-10); compare-at $158 (on sale); PDP not read; URL built from tile code and title (pattern verified on 46 PDPs)
Pendleton,59014Z,Men's Short-Sleeve Shoreline Cotton Shirt,https://www.pendleton-usa.com/product/mens-short-sleeve-shoreline-cotton-shirt/59014Z.html,shirts,Cotton & Linen Shirts,NC,NC,NC,NC,NC,NC,NC,listing tile only (category page read 2026-10-10); compare-at $88 (on sale); PDP not read; URL built from tile code and title (pattern verified on 46 PDPs)
Pendleton,59027Z,Men's Short-Sleeve Shoreline Linen Shirt,https://www.pendleton-usa.com/product/mens-short-sleeve-shoreline-linen-shirt/59027Z.html,shirts,Cotton & Linen Shirts,Shoreline,55% linen / 45% rayon,linen,55,0,blend,-,PDP read 2026-10-10; compare-at $98 (on sale); origin: Imported from Indonesia; no mill named
Pendleton,58879Z,Men's Short-Sleeve Plaid Shoreline Linen Shirt,https://www.pendleton-usa.com/product/mens-short-sleeve-plaid-shoreline-linen-shirt/58879Z.html,shirts,Cotton & Linen Shirts,NC,NC,NC,NC,NC,NC,NC,listing tile only (category page read 2026-10-10); compare-at $98 (on sale); PDP not read; URL built from tile code and title (pattern verified on 46 PDPs)
Pendleton,59015Z,Men's Short-Sleeve National Park Shoreline Shirt,https://www.pendleton-usa.com/product/mens-short-sleeve-national-park-shoreline-shirt/59015Z.html,shirts,Cotton & Linen Shirts,NC,NC,NC,NC,NC,NC,NC,listing tile only (category page read 2026-10-10); compare-at $88 (on sale); PDP not read; URL built from tile code and title (pattern verified on 46 PDPs)
Pendleton,59028Z,Men's Short-Sleeve Plaid Frontier Shirt,https://www.pendleton-usa.com/product/mens-short-sleeve-plaid-frontier-shirt/59028Z.html,shirts,Cotton & Linen Shirts,NC,NC,NC,NC,NC,NC,NC,listing tile only (category page read 2026-10-10); compare-at $88 (on sale); PDP not read; URL built from tile code and title (pattern verified on 46 PDPs)
Pendleton,59020Z,Men's Short-Sleeve Laramie Snap-Front Shirt,https://www.pendleton-usa.com/product/mens-short-sleeve-laramie-snap-front-shirt/59020Z.html,shirts,Cotton & Linen Shirts,NC,NC,NC,NC,NC,NC,NC,listing tile only (category page read 2026-10-10); from $98 (some colours on sale); PDP not read; URL built from tile code and title (pattern verified on 46 PDPs)
Pendleton,59620Z,Men's Twill Work Shirt,https://www.pendleton-usa.com/product/mens-twill-work-shirt/59620Z.html,shirts,Cotton & Linen Shirts,NC,NC,NC,NC,NC,NC,NC,listing tile only (category page read 2026-10-10); compare-at $158 (on sale); PDP not read; URL built from tile code and title (pattern verified on 46 PDPs)
Pendleton,54345Z,Men's Graphic Hoodie,https://www.pendleton-usa.com/product/mens-graphic-hoodie/54345Z.html,sweats,Tees & Sweatshirts,-,65% cotton / 35% polyester,cotton,65,0,blend,-,PDP read 2026-10-10; $75; origin: Imported from Pakistan (Former West Pakistan); no mill named
Pendleton,54340Z,Men's Pendleton Whisky Logo Graphic Tee,https://www.pendleton-usa.com/product/mens-pendleton-whisky-logo-graphic-tee/54340Z.html,tees-polos,Tees & Sweatshirts,NC,NC,NC,NC,NC,NC,NC,listing tile only (category page read 2026-10-10); $35; PDP not read; URL built from tile code and title (pattern verified on 46 PDPs)
Pendleton,54332Z,Men's Short-Sleeve Deschutes Eagle Graphic Tee,https://www.pendleton-usa.com/product/mens-short-sleeve-deschutes-eagle-graphic-tee/54332Z.html,tees-polos,Tees & Sweatshirts,Deschutes,100% cotton,cotton,100,0,natural,cotton,PDP read 2026-10-10; $50; origin: Imported from Peru; combed cotton; no mill named
Pendleton,54339Z,Men's Flying Eagle Graphic Tee,https://www.pendleton-usa.com/product/mens-flying-eagle-graphic-tee/54339Z.html,tees-polos,Tees & Sweatshirts,Heritage Tee Collection,100% cotton,cotton,100,0,natural,cotton,PDP read 2026-10-10; $35; origin: Imported from Nicaragua; no mill named
Pendleton,54334Z,Men's Short-Sleeve Deschutes Star Graphic Tee,https://www.pendleton-usa.com/product/mens-short-sleeve-deschutes-star-graphic-tee/54334Z.html,tees-polos,Tees & Sweatshirts,NC,NC,NC,NC,NC,NC,NC,listing tile only (category page read 2026-10-10); $50; PDP not read; URL built from tile code and title (pattern verified on 46 PDPs)
Pendleton,54333Z,Men's Short-Sleeve Deschutes Vintage Graphic Tee,https://www.pendleton-usa.com/product/mens-short-sleeve-deschutes-vintage-graphic-tee/54333Z.html,tees-polos,Tees & Sweatshirts,NC,NC,NC,NC,NC,NC,NC,listing tile only (category page read 2026-10-10); $50; PDP not read; URL built from tile code and title (pattern verified on 46 PDPs)
Pendleton,58805Z,Men's Long-Sleeve Deschutes Pocket Tee,https://www.pendleton-usa.com/product/mens-long-sleeve-deschutes-pocket-tee/58805Z.html,tees-polos,Tees & Sweatshirts,Deschutes,ND,ND,ND,ND,undisclosed,-,"PDP read 2026-10-10; $65; origin: not stated; 'premium cotton in a hardy jersey knit' (no percentage, no fibre statement as composition); no origin line"
Pendleton,54354Z,Men's Short-Sleeve Deschutes Oregon Graphic Tee,https://www.pendleton-usa.com/product/mens-short-sleeve-deschutes-oregon-graphic-tee/54354Z.html,tees-polos,Tees & Sweatshirts,NC,NC,NC,NC,NC,NC,NC,listing tile only (category page read 2026-10-10); $50; PDP not read; URL built from tile code and title (pattern verified on 46 PDPs)
Pendleton,54341Z,Men's Graphic Tee,https://www.pendleton-usa.com/product/mens-graphic-tee/54341Z.html,tees-polos,Tees & Sweatshirts,NC,NC,NC,NC,NC,NC,NC,listing tile only (category page read 2026-10-10); $35; PDP not read; URL built from tile code and title (pattern verified on 46 PDPs)
Pendleton,59053Z,Men's Wild Horses Graphic Tee,https://www.pendleton-usa.com/product/mens-wild-horses-graphic-tee/59053Z.html,tees-polos,Tees & Sweatshirts,NC,NC,NC,NC,NC,NC,NC,listing tile only (category page read 2026-10-10); $35; PDP not read; URL built from tile code and title (pattern verified on 46 PDPs)
Pendleton,54361Z,Men's Rodeo Spirit Graphic Tee,https://www.pendleton-usa.com/product/mens-rodeo-spirit-graphic-tee/54361Z.html,tees-polos,Tees & Sweatshirts,NC,NC,NC,NC,NC,NC,NC,listing tile only (category page read 2026-10-10); $35; PDP not read; URL built from tile code and title (pattern verified on 46 PDPs)
Pendleton,58552Z,Men's Heritage Logo Hoodie,https://www.pendleton-usa.com/product/mens-heritage-logo-hoodie/58552Z.html,sweats,Tees & Sweatshirts,NC,NC,NC,NC,NC,NC,NC,listing tile only (category page read 2026-10-10); $75; PDP not read; URL built from tile code and title (pattern verified on 46 PDPs)
Pendleton,59036Z,Men's Short-Sleeve Deschutes Vintage Graphic Tee,https://www.pendleton-usa.com/product/mens-short-sleeve-deschutes-vintage-graphic-tee/59036Z.html,tees-polos,Tees & Sweatshirts,NC,NC,NC,NC,NC,NC,NC,listing tile only (category page read 2026-10-10); $50; PDP not read; URL built from tile code and title (pattern verified on 46 PDPs)
Pendleton,54342Z,Men's Pendleton Whisky Let'er Buck Graphic Tee,https://www.pendleton-usa.com/product/mens-pendleton-whisky-leter-buck-graphic-tee/54342Z.html,tees-polos,Tees & Sweatshirts,NC,NC,NC,NC,NC,NC,NC,listing tile only (category page read 2026-10-10); $35; PDP not read; URL built from tile code and title (pattern verified on 46 PDPs)
Pendleton,54343Z,Men's Long-Sleeve Freshwater Fishing Graphic Tee,https://www.pendleton-usa.com/product/mens-long-sleeve-freshwater-fishing-graphic-tee/54343Z.html,tees-polos,Tees & Sweatshirts,NC,NC,NC,NC,NC,NC,NC,listing tile only (category page read 2026-10-10); $45; PDP not read; URL built from tile code and title (pattern verified on 46 PDPs)
Pendleton,54344Z,Men's Pendleton Whisky Rodeo Graphic Hoodie,https://www.pendleton-usa.com/product/mens-pendleton-whisky-rodeo-graphic-hoodie/54344Z.html,sweats,Tees & Sweatshirts,NC,NC,NC,NC,NC,NC,NC,listing tile only (category page read 2026-10-10); $75; PDP not read; URL built from tile code and title (pattern verified on 46 PDPs)
Pendleton,59038Z,Men's Short-Sleeve Vintage Bison Graphic Tee,https://www.pendleton-usa.com/product/mens-short-sleeve-vintage-bison-graphic-tee/59038Z.html,tees-polos,Tees & Sweatshirts,NC,NC,NC,NC,NC,NC,NC,listing tile only (category page read 2026-10-10); $35; PDP not read; URL built from tile code and title (pattern verified on 46 PDPs)
Pendleton,58800Z,Men's Short-Sleeve Deschutes Pocket Tee,https://www.pendleton-usa.com/product/mens-short-sleeve-deschutes-pocket-tee/58800Z.html,tees-polos,Tees & Sweatshirts,NC,NC,NC,NC,NC,NC,NC,listing tile only (category page read 2026-10-10); $50; PDP not read; URL built from tile code and title (pattern verified on 46 PDPs)
Pendleton,58944Z,Men's Pendleton Saddle Graphic Tee,https://www.pendleton-usa.com/product/mens-pendleton-saddle-graphic-tee/58944Z.html,tees-polos,Tees & Sweatshirts,-,100% cotton,cotton,100,0,natural,cotton,PDP read 2026-10-10; $34.50; origin: Imported; Pendleton Whisky saddle graphic; no mill named
Pendleton,54335Z,Men's Short-Sleeve Deschutes Vintage Graphic Tee,https://www.pendleton-usa.com/product/mens-short-sleeve-deschutes-vintage-graphic-tee/54335Z.html,tees-polos,Tees & Sweatshirts,NC,NC,NC,NC,NC,NC,NC,listing tile only (category page read 2026-10-10); $50; PDP not read; URL built from tile code and title (pattern verified on 46 PDPs)
Pendleton,54338Z,Men's French Terry Crewneck Sweatshirt,https://www.pendleton-usa.com/product/mens-french-terry-crewneck-sweatshirt/54338Z.html,sweats,Tees & Sweatshirts,-,100% cotton,cotton,100,0,natural,cotton,PDP read 2026-10-10; $98; origin: Imported from Peru; French terry; no mill named
Pendleton,59039Z,Men's Short-Sleeve Bear Graphic Tee,https://www.pendleton-usa.com/product/mens-short-sleeve-bear-graphic-tee/59039Z.html,tees-polos,Tees & Sweatshirts,NC,NC,NC,NC,NC,NC,NC,listing tile only (category page read 2026-10-10); $35; PDP not read; URL built from tile code and title (pattern verified on 46 PDPs)
Pendleton,54336Z,Men's Short-Sleeve Deschutes Stag Graphic Tee,https://www.pendleton-usa.com/product/mens-short-sleeve-deschutes-stag-graphic-tee/54336Z.html,tees-polos,Tees & Sweatshirts,NC,NC,NC,NC,NC,NC,NC,listing tile only (category page read 2026-10-10); $50; PDP not read; URL built from tile code and title (pattern verified on 46 PDPs)
Pendleton,54337Z,Men's French Terry Quarter-Zip Sweatshirt,https://www.pendleton-usa.com/product/mens-french-terry-quarter-zip-sweatshirt/54337Z.html,sweats,Tees & Sweatshirts,NC,NC,NC,NC,NC,NC,NC,listing tile only (category page read 2026-10-10); $118; PDP not read; URL built from tile code and title (pattern verified on 46 PDPs)
Pendleton,59037Z,Men's Short-Sleeve Canoe Graphic Tee,https://www.pendleton-usa.com/product/mens-short-sleeve-canoe-graphic-tee/59037Z.html,tees-polos,Tees & Sweatshirts,NC,NC,NC,NC,NC,NC,NC,listing tile only (category page read 2026-10-10); compare-at $35 (on sale); PDP not read; URL built from tile code and title (pattern verified on 46 PDPs)
Pendleton,59033Z,Men's Short-Sleeve Deschutes Western Graphic Tee,https://www.pendleton-usa.com/product/mens-short-sleeve-deschutes-western-graphic-tee/59033Z.html,tees-polos,Tees & Sweatshirts,NC,NC,NC,NC,NC,NC,NC,listing tile only (category page read 2026-10-10); from $50 (some colours on sale); PDP not read; URL built from tile code and title (pattern verified on 46 PDPs)
Pendleton,59042Z,Men's Short-Sleeve Bison Sunset Graphic Tee,https://www.pendleton-usa.com/product/mens-short-sleeve-bison-sunset-graphic-tee/59042Z.html,tees-polos,Tees & Sweatshirts,NC,NC,NC,NC,NC,NC,NC,listing tile only (category page read 2026-10-10); compare-at $35 (on sale); PDP not read; URL built from tile code and title (pattern verified on 46 PDPs)
Pendleton,59044Z,Men's Short-Sleeve Western Graphic Tee,https://www.pendleton-usa.com/product/mens-short-sleeve-western-graphic-tee/59044Z.html,tees-polos,Tees & Sweatshirts,NC,NC,NC,NC,NC,NC,NC,listing tile only (category page read 2026-10-10); compare-at $35 (on sale); PDP not read; URL built from tile code and title (pattern verified on 46 PDPs)
Pendleton,59041Z,Men's Short-Sleeve Western Tradition Graphic Tee,https://www.pendleton-usa.com/product/mens-short-sleeve-western-tradition-graphic-tee/59041Z.html,tees-polos,Tees & Sweatshirts,NC,NC,NC,NC,NC,NC,NC,listing tile only (category page read 2026-10-10); compare-at $35 (on sale); PDP not read; URL built from tile code and title (pattern verified on 46 PDPs)
Pendleton,59034Z,Men's Short-Sleeve Deschutes Cross Graphic Tee,https://www.pendleton-usa.com/product/mens-short-sleeve-deschutes-cross-graphic-tee/59034Z.html,tees-polos,Tees & Sweatshirts,NC,NC,NC,NC,NC,NC,NC,listing tile only (category page read 2026-10-10); compare-at $50 (on sale); PDP not read; URL built from tile code and title (pattern verified on 46 PDPs)
Pendleton,59043Z,Men's Short-Sleeve Racehorse Graphic Tee,https://www.pendleton-usa.com/product/mens-short-sleeve-racehorse-graphic-tee/59043Z.html,tees-polos,Tees & Sweatshirts,NC,NC,NC,NC,NC,NC,NC,listing tile only (category page read 2026-10-10); compare-at $35 (on sale); PDP not read; URL built from tile code and title (pattern verified on 46 PDPs)
Pendleton,59040Z,Men's Short-Sleeve Bridge Creek Graphic Tee,https://www.pendleton-usa.com/product/mens-short-sleeve-bridge-creek-graphic-tee/59040Z.html,tees-polos,Tees & Sweatshirts,NC,NC,NC,NC,NC,NC,NC,listing tile only (category page read 2026-10-10); compare-at $35 (on sale); PDP not read; URL built from tile code and title (pattern verified on 46 PDPs)
Pendleton,52124,The Original Westerley Men's Sweater,https://www.pendleton-usa.com/product/the-original-westerley-mens-sweater/52124.html,knitwear,Sweaters,-,100% Lambswool,wool,100,0,natural,wool,PDP read 2026-10-10; $275-$295; origin: Imported from China; shawl-collar zip cardigan; 'debuted in 1972'
Pendleton,58949Z,Men's Shetland Collection Quarter-Zip Sweater,https://www.pendleton-usa.com/product/mens-shetland-collection-quarter-zip-sweater/58949Z.html,knitwear,Sweaters,NC,NC,NC,NC,NC,NC,NC,listing tile only (category page read 2026-10-10); $148; PDP not read; URL built from tile code and title (pattern verified on 46 PDPs)
Pendleton,54324Z,Men's Wool Donegal Fisherman Sweater,https://www.pendleton-usa.com/product/mens-wool-donegal-fisherman-sweater/54324Z.html,knitwear,Sweaters,-,95% wool / 5% acrylic,wool,95,0,blend,-,PDP read 2026-10-10; $188; origin: Imported from Cambodia; crewneck; no mill named
Pendleton,54325Z,Men's Wool Fisherman Cardigan,https://www.pendleton-usa.com/product/mens-wool-fisherman-cardigan/54325Z.html,knitwear,Sweaters,NC,NC,NC,NC,NC,NC,NC,listing tile only (category page read 2026-10-10); $248; PDP not read; URL built from tile code and title (pattern verified on 46 PDPs)
Pendleton,54331Z,Men's Bison Lambswool Zip Cardigan,https://www.pendleton-usa.com/product/mens-bison-lambswool-zip-cardigan/54331Z.html,knitwear,Sweaters,NC,NC,NC,NC,NC,NC,NC,listing tile only (category page read 2026-10-10); $275; PDP not read; URL built from tile code and title (pattern verified on 46 PDPs)
Pendleton,54353Z,Men's Mountain Cotton Cardigan,https://www.pendleton-usa.com/product/mens-mountain-cotton-cardigan/54353Z.html,knitwear,Sweaters,-,100% cotton,cotton,100,0,natural,cotton,PDP read 2026-10-10; $198; origin: Imported from Cambodia; no mill named
Pendleton,55787,Men's Shetland Collection Sweater,https://www.pendleton-usa.com/product/mens-shetland-collection-sweater/55787.html,knitwear,Sweaters,Shetland Collection,100% wool,wool,100,0,natural,wool,PDP read 2026-10-10; $128; origin: Imported from Cambodia; crewneck; no mill/yarn named
Pendleton,58559Z,Men's Harding Zip Lambswool Cardigan,https://www.pendleton-usa.com/product/mens-harding-zip-lambswool-cardigan/58559Z.html,knitwear,Sweaters,Harding,100% lambswool,wool,100,0,natural,wool,PDP read 2026-10-10; $249; origin: Imported; Harding pattern; no mill named
Pendleton,54328Z,Men's Lost Trail Lambswool Zip Cardigan,https://www.pendleton-usa.com/product/mens-lost-trail-lambswool-zip-cardigan/54328Z.html,knitwear,Sweaters,NC,NC,NC,NC,NC,NC,NC,listing tile only (category page read 2026-10-10); $275; PDP not read; URL built from tile code and title (pattern verified on 46 PDPs)
Pendleton,58816Z,Men's Salmon Falls Lambswool Cardigan,https://www.pendleton-usa.com/product/mens-salmon-falls-lambswool-cardigan/58816Z.html,knitwear,Sweaters,NC,NC,NC,NC,NC,NC,NC,listing tile only (category page read 2026-10-10); $275; PDP not read; URL built from tile code and title (pattern verified on 46 PDPs)
Pendleton,54329Z,Men's Merino Polo Sweater,https://www.pendleton-usa.com/product/mens-merino-polo-sweater/54329Z.html,knitwear,Sweaters,-,100% merino wool,wool,100,0,natural,wool,"PDP read 2026-10-10; $175; origin: Imported from Cambodia; knit polo, sleeve length not stated"
Pendleton,54330Z,Men's Merino V-Neck Sweater,https://www.pendleton-usa.com/product/mens-merino-v-neck-sweater/54330Z.html,knitwear,Sweaters,-,100% merino wool,wool,100,0,natural,wool,PDP read 2026-10-10; $175; origin: Imported from Cambodia; no mill named
Pendleton,54327Z,Men's Harding Lambswool Cardigan,https://www.pendleton-usa.com/product/mens-harding-lambswool-cardigan/54327Z.html,knitwear,Sweaters,NC,NC,NC,NC,NC,NC,NC,listing tile only (category page read 2026-10-10); $248; PDP not read; URL built from tile code and title (pattern verified on 46 PDPs)
Pendleton,58952Z,Men's Sawtooth Buck Lambswool Zip Cardigan,https://www.pendleton-usa.com/product/mens-sawtooth-buck-lambswool-zip-cardigan/58952Z.html,knitwear,Sweaters,NC,NC,NC,NC,NC,NC,NC,listing tile only (category page read 2026-10-10); $275; PDP not read; URL built from tile code and title (pattern verified on 46 PDPs)
Pendleton,59045Z,Men's Bridge Creek Cotton Sweater,https://www.pendleton-usa.com/product/mens-bridge-creek-cotton-sweater/59045Z.html,knitwear,Sweaters,NC,NC,NC,NC,NC,NC,NC,listing tile only (category page read 2026-10-10); compare-at $198 (on sale); PDP not read; URL built from tile code and title (pattern verified on 46 PDPs)
Pendleton,59017Z,Men's Lake Scene Cotton Sweater,https://www.pendleton-usa.com/product/mens-lake-scene-cotton-sweater/59017Z.html,knitwear,Sweaters,NC,NC,NC,NC,NC,NC,NC,listing tile only (category page read 2026-10-10); compare-at $149.99 (on sale); PDP not read; URL built from tile code and title (pattern verified on 46 PDPs)
Pendleton,58959Z,Men's Mixed Stitch Merino Sweater Vest,https://www.pendleton-usa.com/product/mens-mixed-stitch-merino-sweater-vest/58959Z.html,knitwear,Sweaters,NC,NC,NC,NC,NC,NC,NC,listing tile only (category page read 2026-10-10); compare-at $149 (on sale); PDP not read; URL built from tile code and title (pattern verified on 46 PDPs)
Pendleton,58938Z,Men's Belmont Corduroy Shirt Jacket,https://www.pendleton-usa.com/product/mens-belmont-corduroy-shirt-jacket/58938Z.html,outerwear,Jackets & Coats,NC,NC,NC,NC,NC,NC,NC,listing tile only (category page read 2026-10-10); $168; PDP not read; URL built from tile code and title (pattern verified on 46 PDPs)
Pendleton,54316Z,Men's Harding Fleece Vest,https://www.pendleton-usa.com/product/mens-harding-fleece-vest/54316Z.html,outerwear,Jackets & Coats,NC,NC,NC,NC,NC,NC,NC,listing tile only (category page read 2026-10-10); $198; PDP not read; URL built from tile code and title (pattern verified on 46 PDPs)
Pendleton,54321Z,Men's Silverton Shearling Collar Wool Coat,https://www.pendleton-usa.com/product/mens-silverton-shearling-collar-wool-coat/54321Z.html,outerwear,Jackets & Coats,-,Shell: 82% wool / 18% cotton; Lining: 100% polyester,wool,82,0,natural,-,PDP read 2026-10-10; $595; origin: Assembled in El Salvador of USA made fabric; woven in our American mills; Crown Point pattern
Pendleton,54314Z,Men's Gorge Canvas Barn Coat,https://www.pendleton-usa.com/product/mens-gorge-canvas-barn-coat/54314Z.html,outerwear,Jackets & Coats,Big Sky Canvas,Shell: 100% cotton canvas; Upper lining: 93% polyester / 3% acrylic,cotton,100,0,natural,cotton,PDP read 2026-10-10; $275; origin: Imported from China; 12-oz. Big Sky Canvas (meta); Harding pattern fleece lining
Pendleton,54315Z,Men's Harding Fleece Jacket,https://www.pendleton-usa.com/product/mens-harding-fleece-jacket/54315Z.html,outerwear,Jackets & Coats,Harding,Shell: 93% polyester / 7% acrylic,polyester,93,0,synthetic,-,PDP read 2026-10-10; $248; origin: Imported from China; Harding pattern fleece; no mill named
Pendleton,54356Z,Men's Western Vest,https://www.pendleton-usa.com/product/mens-western-vest/54356Z.html,outerwear,Jackets & Coats,NC,NC,NC,NC,NC,NC,NC,listing tile only (category page read 2026-10-10); $295; PDP not read; URL built from tile code and title (pattern verified on 46 PDPs)
Pendleton,54313Z,Men's Carson City Canvas Ranch Coat,https://www.pendleton-usa.com/product/mens-carson-city-canvas-ranch-coat/54313Z.html,outerwear,Jackets & Coats,NC,NC,NC,NC,NC,NC,NC,listing tile only (category page read 2026-10-10); $248; PDP not read; URL built from tile code and title (pattern verified on 46 PDPs)
Pendleton,54319Z,Men's Quilted Wool CPO Jacket,https://www.pendleton-usa.com/product/mens-quilted-wool-cpo-jacket/54319Z.html,outerwear,Jackets & Coats,-,Shell: 100% wool; Body lining: 100% nylon; Fill: 100% polyester,wool,100,0,natural,wool,PDP read 2026-10-10; $325; origin: Assembled in El Salvador of USA made fabric; CPO jacket ('inspired by the military-issued CPO shirt jacket')
Pendleton,54310Z,Men's Pine Grove Canvas Vest,https://www.pendleton-usa.com/product/mens-pine-grove-canvas-vest/54310Z.html,outerwear,Jackets & Coats,NC,NC,NC,NC,NC,NC,NC,listing tile only (category page read 2026-10-10); $198; PDP not read; URL built from tile code and title (pattern verified on 46 PDPs)
Pendleton,54323Z,Men's Lookout Valley Varsity Wool Jacket,https://www.pendleton-usa.com/product/mens-lookout-valley-varsity-wool-jacket/54323Z.html,outerwear,Jackets & Coats,-,Shell: 82% virgin wool / 18% cotton; Lining: 100% nylon,wool,82,0,natural,-,PDP read 2026-10-10; $550; origin: Assembled in El Salvador of USA made fabric; meta: 100% wool woven in our USA mills (conflicts with shell line)
Pendleton,54318Z,Men's Wool Lawson Coat,https://www.pendleton-usa.com/product/mens-wool-lawson-coat/54318Z.html,outerwear,Jackets & Coats,-,Shell: 100% virgin wool; Yoke and pocket lining: 65% Polyester / 35% Cotton,wool,100,0,natural,wool,PDP read 2026-10-10; $350; origin: Assembled in El Salvador of USA made fabric; 11.3-oz wool fabric; mill not named beyond USA made fabric
Pendleton,54311Z,Men's Tahoma Canvas Trucker Jacket,https://www.pendleton-usa.com/product/mens-tahoma-canvas-trucker-jacket/54311Z.html,outerwear,Jackets & Coats,Big Sky Canvas,Shell: 100% cotton canvas; Upper lining: 60% wool / 40% polyester; Fill: 100% polyester,cotton,100,0,natural,cotton,PDP read 2026-10-10; $248; origin: Imported from China; 12-oz. Big Sky Canvas
Pendleton,54322Z,Men's Brownsville Shearling Collar Coat,https://www.pendleton-usa.com/product/mens-brownsville-shearling-collar-coat/54322Z.html,outerwear,Jackets & Coats,-,Shell: 82% wool / 18% cotton; Collar: 100% shearling; Lining: 100% polyester,wool,82,0,natural,-,PDP read 2026-10-10; $625; origin: Assembled in El Salvador of USA made fabric; blanket-weight wool jacquard woven in our American mills
Pendleton,54320Z,Men's Plaid Quilted Wool CPO Jacket,https://www.pendleton-usa.com/product/mens-plaid-quilted-wool-cpo-jacket/54320Z.html,outerwear,Jackets & Coats,NC,NC,NC,NC,NC,NC,NC,listing tile only (category page read 2026-10-10); $325; PDP not read; URL built from tile code and title (pattern verified on 46 PDPs)
Pendleton,58985Z,Men's Plaid Quilted CPO Jacket,https://www.pendleton-usa.com/product/mens-plaid-quilted-cpo-jacket/58985Z.html,outerwear,Jackets & Coats,NC,NC,NC,NC,NC,NC,NC,listing tile only (category page read 2026-10-10); compare-at $148.99 (on sale); PDP not read; URL built from tile code and title (pattern verified on 46 PDPs)
Pendleton,58966Z,Men's College Fund Directions Home Wool Coat,https://www.pendleton-usa.com/product/mens-college-fund-directions-home-wool-coat/58966Z.html,outerwear,Jackets & Coats,NC,NC,NC,NC,NC,NC,NC,listing tile only (category page read 2026-10-10); compare-at $278.99 (on sale); PDP not read; URL built from tile code and title (pattern verified on 46 PDPs)
Pendleton,59046Z,Men's Culver Denim Jacket,https://www.pendleton-usa.com/product/mens-culver-denim-jacket/59046Z.html,outerwear,Jackets & Coats,NC,NC,NC,NC,NC,NC,NC,listing tile only (category page read 2026-10-10); compare-at $250 (on sale); PDP not read; URL built from tile code and title (pattern verified on 46 PDPs)
Pendleton,54360Z,Men's Astoria Stretch Chinos,https://www.pendleton-usa.com/product/mens-astoria-stretch-chinos/54360Z.html,trousers,Pants & Shorts,-,98% Cotton / 2% Spandex,cotton,98,2,blend,-,PDP read 2026-10-10; $148; origin: Imported from Vietnam; no mill named
Pendleton,54312Z,Men's Relaxed Moleskin Chino Pants,https://www.pendleton-usa.com/product/mens-relaxed-moleskin-chino-pants/54312Z.html,trousers,Pants & Shorts,-,100% cotton,cotton,100,0,natural,cotton,PDP read 2026-10-10; $148; origin: Imported from Vietnam; cotton moleskin
Pendleton,58903Z,Men's Skyler Cotton/Linen Pants,https://www.pendleton-usa.com/product/mens-skyler-cotton-linen-pants/58903Z.html,trousers,Pants & Shorts,-,94% cotton/6% linen,cotton,94,0,natural,-,PDP read 2026-10-10; $119; origin: Imported; elastic back waist
Pendleton,58902Z,Men's Skyler Cotton/Linen Shorts,https://www.pendleton-usa.com/product/mens-skyler-cotton-linen-shorts/58902Z.html,shorts,Pants & Shorts,NC,NC,NC,NC,NC,NC,NC,listing tile only (category page read 2026-10-10); $89.50; PDP not read; URL built from tile code and title (pattern verified on 46 PDPs)
Pendleton,54346Z,Men's Camp Print Flannel Pajama Pants,https://www.pendleton-usa.com/product/mens-camp-print-flannel-pajama-pants/54346Z.html,other,Bathrobes & Pajamas,NC,NC,NC,NC,NC,NC,NC,listing tile only (category page read 2026-10-10); $65; PDP not read; URL built from tile code and title (pattern verified on 46 PDPs)
Pendleton,54347Z,Men's Cowboy Print Flannel Pajama Pants,https://www.pendleton-usa.com/product/mens-cowboy-print-flannel-pajama-pants/54347Z.html,other,Bathrobes & Pajamas,NC,NC,NC,NC,NC,NC,NC,listing tile only (category page read 2026-10-10); $65; PDP not read; URL built from tile code and title (pattern verified on 46 PDPs)
Pendleton,58974Z,Men's Plaid Flannel Pajama Set,https://www.pendleton-usa.com/product/mens-plaid-flannel-pajama-set/58974Z.html,other,Bathrobes & Pajamas,-,100% cotton,cotton,100,0,natural,cotton,PDP read 2026-10-10; $128; origin: Imported from Indonesia; no mill named
Pendleton,58970Z,Men's Plaid Flannel Pajama Pants,https://www.pendleton-usa.com/product/mens-plaid-flannel-pajama-pants/58970Z.html,other,Bathrobes & Pajamas,NC,NC,NC,NC,NC,NC,NC,listing tile only (category page read 2026-10-10); $65; PDP not read; URL built from tile code and title (pattern verified on 46 PDPs)
Pendleton,54348Z,Unisex Wyeth Trail Cotton Terry Velour Bathrobe,https://www.pendleton-usa.com/product/unisex-wyeth-trail-cotton-terry-velour-bathrobe/54348Z.html,other,Bathrobes & Pajamas,-,100% cotton,cotton,100,0,natural,cotton,PDP read 2026-10-10; $198; origin: Imported from China; no mill named
Pendleton,58748Z,Unisex Cotton Terry Velour Robe,https://www.pendleton-usa.com/product/unisex-cotton-terry-velour-robe/58748Z.html,other,Bathrobes & Pajamas,NC,NC,NC,NC,NC,NC,NC,listing tile only (category page read 2026-10-10); $198; PDP not read; URL built from tile code and title (pattern verified on 46 PDPs)
Pendleton,59047Z,Unisex Ponderosa Cotton Terry Velour Bathrobe,https://www.pendleton-usa.com/product/unisex-ponderosa-cotton-terry-velour-bathrobe/59047Z.html,other,Bathrobes & Pajamas,NC,NC,NC,NC,NC,NC,NC,listing tile only (category page read 2026-10-10); $198; PDP not read; URL built from tile code and title (pattern verified on 46 PDPs)
Pendleton,58976Z,Men's Ski Print Flannel Pajama Set,https://www.pendleton-usa.com/product/mens-ski-print-flannel-pajama-set/58976Z.html,other,Bathrobes & Pajamas,NC,NC,NC,NC,NC,NC,NC,listing tile only (category page read 2026-10-10); $128; PDP not read; URL built from tile code and title (pattern verified on 46 PDPs)
Pendleton,51052,Unisex Cotton Terry Velour Bathrobe,https://www.pendleton-usa.com/product/unisex-cotton-terry-velour-bathrobe/51052.html,other,Bathrobes & Pajamas,NC,NC,NC,NC,NC,NC,NC,listing tile only (category page read 2026-10-10); compare-at $198 (on sale); PDP not read; URL built from tile code and title (pattern verified on 46 PDPs)
Pendleton,58972Z,Unisex Autumn Birch Cotton Terry Velour Bathrobe,https://www.pendleton-usa.com/product/unisex-autumn-birch-cotton-terry-velour-bathrobe/58972Z.html,other,Bathrobes & Pajamas,NC,NC,NC,NC,NC,NC,NC,listing tile only (category page read 2026-10-10); compare-at $198 (on sale); PDP not read; URL built from tile code and title (pattern verified on 46 PDPs)
Red Wing,98468,Short Sleeve Pocket T-Shirt,https://www.redwingshoes.com/apparel/mens/short-sleeve-shirts/short-sleeve-pocket-t-shirt-98468.html,tees-polos,Short Sleeve Shirts,-,100% Cotton,cotton,100,0,natural,cotton,"9 colourways (98444,98445,98451,98468-98473), each with its own style number; features list says ""Premium Cotton-based Blend"", Product Details say 100% Cotton - details used; $25.99; Globally Sourced"
Red Wing,98479,Short Sleeve Wing T-Shirt,https://www.redwingshoes.com/apparel/mens/short-sleeve-shirts/short-sleeve-wing-t-shirt-98479.html,tees-polos,Short Sleeve Shirts,-,100% Cotton,cotton,100,0,natural,cotton,"2 colourways (98478,98479); $25.99; Globally Sourced"
Red Wing,97610,Classic Logo T-Shirt,https://www.redwingshoes.com/apparel/mens/short-sleeve-shirts/classic-logo-t-shirt-97610.html,tees-polos,Short Sleeve Shirts,-,100% heavy-weight cotton,cotton,100,0,natural,cotton,"titled Unisex, listed under Men's; 2 colourways (97610,97611); $44.99; Made in USA, cut/sewn/printed in US"
Red Wing,98474,Long Sleeve Pocket T-Shirt with Sleeve Print,https://www.redwingshoes.com/apparel/mens/long-sleeve-shirts/long-sleeve-pocket-t-shirt-with-sleeve-print-98474.html,tees-polos,Long Sleeve Shirts,-,100% Cotton,cotton,100,0,natural,cotton,"5 colourways (98446,98474-98477); features say ""Premium Cotton-based Blend"", details 100% Cotton - details used; $35.99; Globally Sourced"
Red Wing,98455,Long Sleeve Pocket T-Shirt,https://www.redwingshoes.com/apparel/mens/long-sleeve-shirts/long-sleeve-pocket-t-shirt-98455.html,tees-polos,Long Sleeve Shirts,-,100% Cotton,cotton,100,0,natural,cotton,"single colour (Olive); no sleeve print mentioned, counted as a separate style - may be a colourway of 98474; $35.99"
Red Wing,98480,Hoodie with Sleeve Print,https://www.redwingshoes.com/apparel/mens/hoodies-sweatshirts/hoodie-with-sleeve-print-98480.html,sweats,Hoodies & Sweatshirts,-,"80% Cotton, 20% Polyester Fleece",cotton,80,0,blend,-,"5 colourways (98447,98448 web exclusive,98480-98482); $55.99; Globally Sourced"
Stüssy,1905216,FRESH FOILS TEE,https://www.stussy.com/products/1905216-fresh-foils-tee-red,tees-polos,Tees,-,100% cotton,cotton,100,0,natural,cotton,1 colour sold out; composition source: graphics.atom (read 2026-10-10)
Stüssy,1905200,HIGH ROLLERS TEE,https://www.stussy.com/products/1905200-high-rollers-tee-faded-black,tees-polos,Tees,-,NC,NC,NC,NC,NC,NC,composition not read within the fetch cap (tile census only)
Stüssy,1905205,KIDS TEE,https://www.stussy.com/products/1905205-kids-tee-black,tees-polos,Tees,-,100% cotton,cotton,100,0,natural,cotton,composition source: graphics.atom (read 2026-10-10)
Stüssy,1905202,DICE CLOCK TEE,https://www.stussy.com/products/1905202-dice-clock-tee-black,tees-polos,Tees,-,NC,NC,NC,NC,NC,NC,composition not read within the fetch cap (tile census only)
Stüssy,1905201,SMOOTH SK8 TEE,https://www.stussy.com/products/1905201-smooth-sk8-tee-black,tees-polos,Tees,-,NC,NC,NC,NC,NC,NC,composition not read within the fetch cap (tile census only)
Stüssy,1905199,SNAKESKIN TEE,https://www.stussy.com/products/1905199-snakeskin-tee-black,tees-polos,Tees,-,100% cotton,cotton,100,0,natural,cotton,composition source: graphics.atom (read 2026-10-10)
Stüssy,1905022,8 BALL TEE,https://www.stussy.com/products/1905022-8-ball-tee-faded-black,tees-polos,Tees,-,NC,NC,NC,NC,NC,NC,composition not read within the fetch cap (tile census only)
Stüssy,1905217,BLOCK SPORT TEE,https://www.stussy.com/products/1905217-block-sport-tee-black,tees-polos,Tees,-,NC,NC,NC,NC,NC,NC,composition not read within the fetch cap (tile census only)
Stüssy,1905203,PEACE INCREASED TEE,https://www.stussy.com/products/1905203-peace-increased-tee-black,tees-polos,Tees,-,100% cotton,cotton,100,0,natural,cotton,composition source: graphics.atom (read 2026-10-10)
Stüssy,1905195,DOT SURF PUFF PRINT TEE,https://www.stussy.com/products/1905195-dot-surf-puff-print-tee-black,tees-polos,Tees,-,NC,NC,NC,NC,NC,NC,composition not read within the fetch cap (tile census only)
Stüssy,1905194,DOUBLE VENUS TEE,https://www.stussy.com/products/1905194-double-venus-tee-black,tees-polos,Tees,-,NC,NC,NC,NC,NC,NC,composition not read within the fetch cap (tile census only)
Stüssy,wrt901100,JUNYA SURFMAN TEE,https://www.stussy.com/products/wrt901100-junya-surfman-tee-black,tees-polos,Tees,Junya Watanabe collaboration,100% cotton,cotton,100,0,natural,cotton,collab Junya Watanabe; composition source: graphics.atom (read 2026-10-10)
Stüssy,wrt903100,JUNYA VENUS TEE,https://www.stussy.com/products/wrt903100-junya-venus-tee-black,tees-polos,Tees,Junya Watanabe collaboration,100% cotton,cotton,100,0,natural,cotton,collab Junya Watanabe; composition source: graphics.atom (read 2026-10-10)
Stüssy,1905186,BOX CROWN TEE,https://www.stussy.com/products/1905186-box-crown-tee-black,tees-polos,Tees,-,NC,NC,NC,NC,NC,NC,composition not read within the fetch cap (tile census only)
Stüssy,1905191,LINK SPORT TEE,https://www.stussy.com/products/1905191-link-sport-tee-faded-black,tees-polos,Tees,-,NC,NC,NC,NC,NC,NC,composition not read within the fetch cap (tile census only)
Stüssy,1905187,TALL DICE TEE,https://www.stussy.com/products/1905187-tall-dice-tee-white,tees-polos,Tees,-,NC,NC,NC,NC,NC,NC,composition not read within the fetch cap (tile census only)
Stüssy,1905204,GARMENT CO. TEE,https://www.stussy.com/products/1905204-garment-co-tee-natural,tees-polos,Tees,-,100% cotton,cotton,100,0,natural,cotton,composition source: graphics.atom (read 2026-10-10)
Stüssy,1140364,GARMENT DYED SS TEE,https://www.stussy.com/products/1140364-garment-dyed-ss-tee-faded-black,tees-polos,Tees,-,NC,NC,NC,NC,NC,NC,composition not read within the fetch cap (tile census only)
Stüssy,1140407,LAZY FLORAL TEE,https://www.stussy.com/products/1140407-lazy-floral-tee-vintage-black,tees-polos,Tees,-,NC,NC,NC,NC,NC,NC,composition not read within the fetch cap (tile census only)
Stüssy,1140283,LAZY TEE,https://www.stussy.com/products/1140283-lazy-tee-white,tees-polos,Tees,-,100% cotton,cotton,100,0,natural,cotton,composition source: pdp (read 2026-10-10)
Stüssy,1905001,BASIC STÜSSY TEE,https://www.stussy.com/products/1905001-basic-stussy-tee-black,tees-polos,Tees,Basic Stüssy,100% cotton,cotton,100,0,natural,cotton,composition source: basic-stussy-tees.atom (read 2026-10-10)
Stüssy,1905000,BASIC STÜSSY TEE,https://www.stussy.com/products/1905000-basic-stussy-tee-black,tees-polos,Tees,Basic Stüssy,100% cotton,cotton,100,0,natural,cotton,composition source: basic-stussy-tees.atom (read 2026-10-10)
Stüssy,1995212,STUSSY STAR LS TEE,https://www.stussy.com/products/1995212-stussy-star-ls-tee-black,tees-polos,Tees,-,100% cotton,cotton,100,0,natural,cotton,composition source: graphics.atom (read 2026-10-10)
Stüssy,1140400,LS RINGER TEE,https://www.stussy.com/products/1140400-ls-ringer-tee-ink,tees-polos,Tees,-,100% cotton,cotton,100,0,natural,cotton,composition source: graphics.atom (read 2026-10-10)
Stüssy,1140333,LAZY LS TEE,https://www.stussy.com/products/1140333-lazy-ls-tee-vintage-black,tees-polos,Tees,-,NC,NC,NC,NC,NC,NC,composition not read within the fetch cap (tile census only)
Stüssy,1995000,BASIC STÜSSY LS TEE,https://www.stussy.com/products/1995000-basic-stussy-ls-tee-white,tees-polos,Tees,Basic Stüssy,100% cotton,cotton,100,0,natural,cotton,black sold out; composition source: basic-stussy-tees.atom (read 2026-10-10)
Stüssy,1995001,BASIC STÜSSY LS TEE,https://www.stussy.com/products/1995001-basic-stussy-ls-tee-palm,tees-polos,Tees,Basic Stüssy,100% cotton,cotton,100,0,natural,cotton,composition source: basic-stussy-tees.atom (read 2026-10-10)
Stüssy,1140199,TEES 3 PACK,https://www.stussy.com/products/1140199-tees-3-pack-black,underwear-swim,Tees,-,100% cotton,cotton,100,0,natural,cotton,composition source: basic-stussy-tees.atom (read 2026-10-10)
Stüssy,116811,VARSITY FLEECE PANT,https://www.stussy.com/products/116811-varsity-fleece-pant-grey-heather,sweats,Sweats,-,66% cotton / 34% polyester,cotton,66,0,blend,-,composition source: collections/sweats/products.json (read 2026-10-10)
Stüssy,1915000,BASIC STÜSSY CREW,https://www.stussy.com/products/1915000-basic-stussy-crew-black,sweats,Sweats,Basic Stüssy,75% cotton / 25% polyester,cotton,75,0,blend,-,composition source: collections/sweats/products.json (read 2026-10-10)
Stüssy,1915000gd,BASIC STÜSSY CREW GARMENT DYED,https://www.stussy.com/products/1915000gd-basic-stussy-crew-garment-dyed-gold,sweats,Sweats,Basic Stüssy,100% cotton,cotton,100,0,natural,cotton,"own code suffix; 100% cotton vs 75/25 on 1915000, so kept as a separate style; composition source: crew-sweats.atom (read 2026-10-10)"
Stüssy,118603,BASIC DIAMOND ZIP HOODIE,https://www.stussy.com/products/118603-basic-diamond-zip-hoodie-black,sweats,Sweats,-,66% cotton / 34% polyester,cotton,66,0,blend,-,composition source: collections/sweats/products.json (read 2026-10-10)
Stüssy,118589,VARSITY ZIP HOODIE,https://www.stussy.com/products/118589-varsity-zip-hoodie-washed-black,sweats,Sweats,-,NC,NC,NC,NC,NC,NC,composition not read within the fetch cap (tile census only)
Stüssy,1975203,PEACE INCREASED ZIP HOODIE,https://www.stussy.com/products/1975203-peace-increased-zip-hoodie-black,sweats,Sweats,-,75% cotton / 25% polyester,cotton,75,0,blend,-,composition source: zip-ups.atom (read 2026-10-10)
Stüssy,1975191,LINK SPORT ZIP HOODIE GARMENT DYED,https://www.stussy.com/products/1975191-link-sport-zip-hoodie-garment-dyed-bone,sweats,Sweats,-,NC,NC,NC,NC,NC,NC,composition not read within the fetch cap (tile census only)
Stüssy,1975199,SNAKESKIN ZIP HOODIE,https://www.stussy.com/products/1975199-snakeskin-zip-hoodie-black,sweats,Sweats,-,75% cotton / 25% polyester,cotton,75,0,blend,-,composition source: zip-ups.atom (read 2026-10-10)
Stüssy,118632,FLEECE CREW,https://www.stussy.com/products/118632-fleece-crew-black,sweats,Sweats,-,100% cotton,cotton,100,0,natural,cotton,composition source: crew-sweats.atom (read 2026-10-10)
Stüssy,118621,PANELED STRIPE CREW,https://www.stussy.com/products/118621-paneled-stripe-crew-navy,sweats,Sweats,-,66% cotton / 34% polyester,cotton,66,0,blend,-,composition source: crew-sweats.atom (read 2026-10-10)
Stüssy,118624,DOUBLE FACED ZIP HOODIE,https://www.stussy.com/products/118624-double-faced-zip-hoodie-ash-heather,sweats,Sweats,-,76% cotton / 24% polyester,cotton,76,0,blend,-,composition source: zip-ups.atom (read 2026-10-10)
Stüssy,118634,FLEECE ZIP HOODIE,https://www.stussy.com/products/118634-fleece-zip-hoodie-brown,sweats,Sweats,-,100% cotton,cotton,100,0,natural,cotton,composition source: zip-ups.atom (read 2026-10-10)
Stüssy,118633,FLEECE HOODIE,https://www.stussy.com/products/118633-fleece-hoodie-black,sweats,Sweats,-,100% cotton,cotton,100,0,natural,cotton,composition source: hoodies.atom (read 2026-10-10)
Stüssy,116812,FLEECE PANT,https://www.stussy.com/products/116812-fleece-pant-grey-heather,sweats,Sweats,-,100% cotton,cotton,100,0,natural,cotton,composition source: sweatpants.atom (read 2026-10-10)
Stüssy,1975220,PRINTED PATTERN ZIP HOODIE,https://www.stussy.com/products/1975220-printed-pattern-zip-hoodie-pink-palaka,sweats,Sweats,-,75% cotton 25% polyester,cotton,75,0,blend,-,composition source: zip-ups.atom (read 2026-10-10)
Stüssy,118619,PLAID LINED ZIP HOODIE,https://www.stussy.com/products/118619-plaid-lined-zip-hoodie-black,sweats,Sweats,-,66% cotton / 34% polyester,cotton,66,0,blend,-,composition source: zip-ups.atom (read 2026-10-10)
Stüssy,1925217,BLOCK SPORT HOODIE GARMENT DYED,https://www.stussy.com/products/1925217-block-sport-hoodie-garment-dyed-midnight,sweats,Sweats,-,100% cotton,cotton,100,0,natural,cotton,composition source: hoodies.atom (read 2026-10-10)
Stüssy,118612,LIGHTWEIGHT TERRY HOODIE,https://www.stussy.com/products/118612-lightweight-terry-hoodie-black,sweats,Sweats,-,100% cotton,cotton,100,0,natural,cotton,composition source: hoodies.atom (read 2026-10-10)
Stüssy,116667,FADED GRAPHIC FLEECE PANT,https://www.stussy.com/products/116667-faded-graphic-fleece-pant-washed-navy,sweats,Sweats,-,83% cotton / 17% polyester,cotton,83,0,blend,-,composition source: sweatpants.atom (read 2026-10-10)
Stüssy,1975187,TALL DICE ZIP HOODIE,https://www.stussy.com/products/1975187-tall-dice-zip-hoodie-navy,sweats,Sweats,-,NC,NC,NC,NC,NC,NC,composition not read within the fetch cap (tile census only)
Stüssy,1975195,DOT SURF PUFF PRINT ZIP HOODIE,https://www.stussy.com/products/1975195-dot-surf-puff-print-zip-hoodie-black,sweats,Sweats,-,NC,NC,NC,NC,NC,NC,composition not read within the fetch cap (tile census only)
Stüssy,118525,SUN FADED OVERSIZED CREW,https://www.stussy.com/products/118525-sun-faded-oversized-crew-navy,sweats,Sweats,-,66% cotton / 34% polyester,cotton,66,0,blend,-,composition source: crew-sweats.atom (read 2026-10-10)
Stüssy,118613,LIGHTWEIGHT TERRY ZIP HOODIE,https://www.stussy.com/products/118613-lightweight-terry-zip-hoodie-black,sweats,Sweats,-,NC,NC,NC,NC,NC,NC,composition not read within the fetch cap (tile census only)
Stüssy,112371,LIGHTWEIGHT TERRY SHORT,https://www.stussy.com/products/112371-lightweight-terry-short-yellow,shorts,Sweats,-,100% cotton,cotton,100,0,natural,cotton,garment=shorts; composition source: shorts.atom (read 2026-10-10)
Stüssy,1925216,FRESH FOILS HOODIE GARMENT DYED,https://www.stussy.com/products/1925216-fresh-foils-hoodie-garment-dyed-faded-black,sweats,Sweats,-,100% cotton,cotton,100,0,natural,cotton,composition source: hoodies.atom (read 2026-10-10)
Stüssy,118622,ZIP FLEECE MOCK NECK,https://www.stussy.com/products/118622-zip-fleece-mock-neck-black,sweats,Sweats,-,76% cotton / 24% polyester,cotton,76,0,blend,-,composition source: zip-ups.atom (read 2026-10-10)
Stüssy,118540,STÜSSY SPORT ZIP HOODIE,https://www.stussy.com/products/118540-stussy-sport-zip-hoodie-tan,sweats,Sweats,-,66% cotton / 34% polyester,cotton,66,0,blend,-,composition source: zip-ups.atom (read 2026-10-10)
Stüssy,1925000,BASIC STÜSSY HOODIE,https://www.stussy.com/products/1925000-basic-stussy-hoodie-navy,sweats,Sweats,Basic Stüssy,75% cotton / 25% polyester,cotton,75,0,blend,-,composition source: hoodies.atom (read 2026-10-10)
Stüssy,116791,SPORT FLEECE PANT,https://www.stussy.com/products/116791-sport-fleece-pant-ash-heather,sweats,Sweats,-,76% cotton / 24% polyester,cotton,76,0,blend,-,composition source: sweatpants.atom (read 2026-10-10)
Stüssy,118605,MOTIF PRINT HOODIE,https://www.stussy.com/products/118605-motif-print-hoodie-black,sweats,Sweats,-,66% cotton / 34% polyester,cotton,66,0,blend,-,composition source: hoodies.atom (read 2026-10-10)
Stüssy,1975000,BASIC STÜSSY ZIP HOODIE,https://www.stussy.com/products/1975000-basic-stussy-zip-hoodie-ash-heather,sweats,Sweats,Basic Stüssy,NC,NC,NC,NC,NC,NC,composition not read within the fetch cap (tile census only)
Stüssy,1140411,CLASSIC PIQUE LS POLO,https://www.stussy.com/products/1140411-classic-pique-ls-polo-black,tees-polos,Tops & Shirts,-,100% cotton,cotton,100,0,natural,cotton,composition source: button-ups.atom (read 2026-10-10)
Stüssy,1140396,PIGMENT DYED LS THERMAL,https://www.stussy.com/products/1140396-pigment-dyed-ls-thermal-faded-black,tees-polos,Tops & Shirts,-,100% cotton,cotton,100,0,natural,cotton,composition source: thermals.atom (read 2026-10-10)
Stüssy,1140368,PIGMENT DYED SS THERMAL,https://www.stussy.com/products/1140368-pigment-dyed-ss-thermal-camo,tees-polos,Tops & Shirts,-,100% cotton,cotton,100,0,natural,cotton,composition source: thermals.atom (read 2026-10-10)
Stüssy,1140367,CLASSIC PIQUE POLO,https://www.stussy.com/products/1140367-classic-pique-polo-black,tees-polos,Tops & Shirts,-,100% cotton,cotton,100,0,natural,cotton,composition source: pdp 1140367-classic-pique-polo-black (read 2026-10-10)
Stüssy,1110368,MATTHEW PRINTED SHIRT,https://www.stussy.com/products/1110368-matthew-printed-shirt-lt-blue,shirts,Tops & Shirts,-,100% TENCEL™,lyocell,100,0,cellulosic,lyocell,composition source: button-ups.atom (read 2026-10-10)
Stüssy,1110328,MATTHEW PRINTED SHIRT,https://www.stussy.com/products/1110328-matthew-printed-shirt-navy,shirts,Tops & Shirts,-,100% TENCEL™,lyocell,100,0,cellulosic,lyocell,composition source: button-ups.atom (read 2026-10-10)
Stüssy,1110401,ANIMAL PRINT FLANNEL SHIRT,https://www.stussy.com/products/1110401-animal-print-flannel-shirt-leopard,shirts,Tops & Shirts,-,100% cotton,cotton,100,0,natural,cotton,composition source: pdp 1110401-animal-print-flannel-shirt-leopard (read 2026-10-10)
Stüssy,1140374,WOOL LS THERMAL,https://www.stussy.com/products/1140374-wool-ls-thermal-black,tees-polos,Tops & Shirts,-,100% wool,wool,100,0,natural,wool,composition source: thermals.atom (read 2026-10-10)
Stüssy,1110388,STANDARD SHIRT,https://www.stussy.com/products/1110388-standard-shirt-purple-stripe,shirts,Tops & Shirts,-,100% cotton,cotton,100,0,natural,cotton,composition source: pdp 1110388-standard-shirt-purple-stripe (read 2026-10-10)
Stüssy,1140392,PERFORMANCE WETSUIT TOP,https://www.stussy.com/products/1140392-performance-wetsuit-top-black,underwear-swim,Tops & Shirts,-,NC,NC,NC,NC,NC,NC,garment=swim/surf; composition not read within the fetch cap (tile census only)
Stüssy,1140403,HALF ZIP THERMAL MOCK NECK,https://www.stussy.com/products/1140403-half-zip-thermal-mock-neck-sand,tees-polos,Tops & Shirts,-,96% polyester / 4% elastane,polyester,96,4,synthetic,-,composition source: thermals.atom (read 2026-10-10)
Stüssy,1110375,DAX PRINTED SHIRT,https://www.stussy.com/products/1110375-dax-printed-shirt-brown,shirts,Tops & Shirts,-,100% cotton,cotton,100,0,natural,cotton,composition source: button-ups.atom (read 2026-10-10)
Stüssy,1110402,DAX PRINTED SHIRT,https://www.stussy.com/products/1110402-dax-printed-shirt-blue,shirts,Tops & Shirts,-,100% cotton,cotton,100,0,natural,cotton,composition source: button-ups.atom (read 2026-10-10)
Stüssy,1110364,OXFORD SHIRT,https://www.stussy.com/products/1110364-oxford-shirt-blue-stripe,shirts,Tops & Shirts,-,100% cotton,cotton,100,0,natural,cotton,composition source: button-ups.atom (read 2026-10-10)
Stüssy,1110394,DENIM WESTERN SHIRT,https://www.stussy.com/products/1110394-denim-western-shirt-dark-denim,shirts,Tops & Shirts,-,100% cotton,cotton,100,0,natural,cotton,composition source: button-ups.atom (read 2026-10-10)
Stüssy,1110369,MATTHEW PLAID SHIRT,https://www.stussy.com/products/1110369-matthew-plaid-shirt-charcoal,shirts,Tops & Shirts,-,100% TENCEL™,lyocell,100,0,cellulosic,lyocell,composition source: pdp 1110369-matthew-plaid-shirt-charcoal (read 2026-10-10)
Stüssy,1110415,STANDARD SS SHIRT,https://www.stussy.com/products/1110415-standard-ss-shirt-blue-stripe,shirts,Tops & Shirts,-,100% cotton,cotton,100,0,natural,cotton,composition source: pdp 1110415-standard-ss-shirt-blue-stripe (read 2026-10-10)
Stüssy,1110408,STANDARD CRINKLE SHIRT,https://www.stussy.com/products/1110408-standard-crinkle-shirt-burgundy-check,shirts,Tops & Shirts,-,99% cotton / 1% elastane,cotton,99,1,blend,-,composition source: button-ups.atom (read 2026-10-10)
Stüssy,1140372,STRIPED RUGBY SHIRT,https://www.stussy.com/products/1140372-striped-rugby-shirt-black,tees-polos,Tops & Shirts,-,100% cotton,cotton,100,0,natural,cotton,composition source: button-ups.atom (read 2026-10-10)
Stüssy,wrb901100,JUNYA BUTTON DOWN SHIRT,https://www.stussy.com/products/wrb901100-junya-button-down-shirt-saxe-blue,shirts,Tops & Shirts,Junya Watanabe collaboration,NC,NC,NC,NC,NC,NC,collab Junya Watanabe; composition not read within the fetch cap (tile census only)
Stüssy,1110419,HAWAIIAN FLORAL SHIRT,https://www.stussy.com/products/1110419-hawaiian-floral-shirt-red,shirts,Tops & Shirts,-,100% viscose,viscose,100,0,cellulosic,viscose,composition source: button-ups.atom (read 2026-10-10)
Stüssy,1140410,LIGHTWEIGHT THERMAL HOODIE,https://www.stussy.com/products/1140410-lightweight-thermal-hoodie-faded-black,sweats,Tops & Shirts,-,100% cotton,cotton,100,0,natural,cotton,composition source: thermals.atom (read 2026-10-10)
Stüssy,1140389,LAGUNA 80 JERSEY,https://www.stussy.com/products/1140389-laguna-80-jersey-black,tees-polos,Tops & Shirts,-,100% cotton,cotton,100,0,natural,cotton,composition source: jerseys.atom (read 2026-10-10)
Stüssy,1140356,BASIC STÜSSY THERMAL,https://www.stussy.com/products/1140356-basic-stussy-thermal-tree-bark-camo,tees-polos,Tops & Shirts,Basic Stüssy,100% cotton,cotton,100,0,natural,cotton,composition source: thermals.atom (read 2026-10-10)
Stüssy,1140387,TERRAIN JERSEY,https://www.stussy.com/products/1140387-terrain-jersey-blue,tees-polos,Tops & Shirts,-,100% polyester,polyester,100,0,synthetic,polyester,composition source: jerseys.atom (read 2026-10-10)
Stüssy,1140382,EXTRA TOUGH RAGLAN THERMAL,https://www.stussy.com/products/1140382-extra-tough-raglan-thermal-navy,tees-polos,Tops & Shirts,-,100% cotton,cotton,100,0,natural,cotton,composition source: thermals.atom (read 2026-10-10)
Stüssy,1110389,COTTON SILK WESTERN SHIRT,https://www.stussy.com/products/1110389-cotton-silk-western-shirt-off-white,shirts,Tops & Shirts,-,NC,NC,NC,NC,NC,NC,composition not read within the fetch cap (tile census only)
Stüssy,1140393,SS RASH GUARD,https://www.stussy.com/products/1140393-ss-rash-guard-black,underwear-swim,Tops & Shirts,-,NC,NC,NC,NC,NC,NC,garment=swim; composition not read within the fetch cap (tile census only)
Stüssy,117291,TEXTURED CARDIGAN,https://www.stussy.com/products/117291-textured-cardigan-navy-brown,knitwear,Knits,-,48% nylon / 20% wool / 19% acrylic / 13% alpaca,polyamide,48,0,blend,-,composition source: knits.atom (read 2026-10-10)
Stüssy,117274,WAFFLE CASHMERE ZIP HOOD SWEATER,https://www.stussy.com/products/117274-waffle-cashmere-zip-hood-sweater-deep-navy,knitwear,Knits,-,100% cashmere,cashmere,100,0,natural,cashmere,composition source: knits.atom (read 2026-10-10)
Stüssy,117313,MESH PRINT SWEATER,https://www.stussy.com/products/117313-mesh-print-sweater-mesh-net,knitwear,Knits,-,55% linen / 45% cotton,linen,55,0,natural,-,composition source: knits.atom (read 2026-10-10)
Stüssy,117317,PIQUE KNIT STRIPE RUGBY,https://www.stussy.com/products/117317-pique-knit-stripe-rugby-olive,knitwear,Knits,-,100% cotton,cotton,100,0,natural,cotton,composition source: knits.atom (read 2026-10-10)
Stüssy,117257,WAFFLE CASHMERE SWEATER,https://www.stussy.com/products/117257-waffle-cashmere-sweater-deep-navy,knitwear,Knits,-,100% cashmere,cashmere,100,0,natural,cashmere,composition source: knits.atom (read 2026-10-10)
Stüssy,117314,MERINO ROLL NECK SWEATER,https://www.stussy.com/products/117314-merino-roll-neck-sweater-brown,knitwear,Knits,-,100% RWS merino wool,wool,100,0,natural,wool,composition source: knits.atom (read 2026-10-10)
Stüssy,117305,STRIPED HIBISCUS SWEATER,https://www.stussy.com/products/117305-striped-hibiscus-sweater-black,knitwear,Knits,-,60% cotton / 30% nylon / 10% merino wool,cotton,60,0,blend,-,composition source: knits.atom (read 2026-10-10)
Stüssy,117298,BEACH HOODED SWEATER,https://www.stussy.com/products/117298-beach-hooded-sweater-black,knitwear,Knits,-,55% linen / 45% cotton,linen,55,0,natural,-,composition source: knits.atom (read 2026-10-10)
Stüssy,117299,TWO TONE RAGLAN SWEATER,https://www.stussy.com/products/117299-two-tone-raglan-sweater-natural,knitwear,Knits,-,55% RWS merino wool / 45% cotton,wool,55,0,natural,-,composition source: knits.atom (read 2026-10-10)
Stüssy,117297,LIGHTWEIGHT STRIPED SWEATER,https://www.stussy.com/products/117297-lightweight-striped-sweater-brown,knitwear,Knits,-,72% linen / 28% cotton,linen,72,0,natural,-,composition source: pdp 117297-lightweight-striped-sweater-brown (read 2026-10-10)
Stüssy,117312,WAVE KNIT SWEATER,https://www.stussy.com/products/117312-wave-knit-sweater-black,knitwear,Knits,-,50% wool / 50% acrylic,wool,50,0,blend,-,composition source: knits.atom (read 2026-10-10)
Stüssy,117282,TEXTURED ZIP HOODED SWEATER,https://www.stussy.com/products/117282-textured-zip-hooded-sweater-black,knitwear,Knits,-,100% RWS merino wool,wool,100,0,natural,wool,composition source: pdp 117282-textured-zip-hooded-sweater-black (read 2026-10-10)
Stüssy,117287,LEOPARD SWEATER,https://www.stussy.com/products/117287-leopard-sweater-leopard,knitwear,Knits,-,55% linen / 45% cotton,linen,55,0,natural,-,composition source: pdp 117287-leopard-sweater-leopard (read 2026-10-10)
Stüssy,115880,GORE-TEX GUIDE SHELL,https://www.stussy.com/products/115880-gore-tex-guide-shell-black,outerwear,Outerwear,-,Shell 1: 57% recycled polyester / 24% expanded polyethylene/polyurethane / 19% polyamide; Shell 2: 72% recycled polyester / 15% expanded polyethylene/polyurethane / 13% polyamide,polyester,57,0,blend,-,composition source: outerwear.atom (read 2026-10-10)
Stüssy,wsm4269fb,OUR LEGACY LEATHER FIREMAN JACKET,https://www.stussy.com/products/wsm4269fb-our-legacy-leather-fireman-jacket-black,outerwear,Outerwear,Our Legacy Work Shop collaboration,Main material: 100% leather; Lining: 70% cotton 30% viscose,leather,100,0,natural,leather,collab Our Legacy Work Shop; composition source: outerwear.atom (read 2026-10-10)
Stüssy,118529,SHERPA REVERSIBLE JACKET,https://www.stussy.com/products/118529-sherpa-reversible-jacket-black,outerwear,Outerwear,-,Exterior: 100% polyester; Interior: 100% nylon,polyester,100,0,synthetic,polyester,composition source: pdp 118529-sherpa-reversible-jacket-black (read 2026-10-10)
Stüssy,115856,MIDWEIGHT HOODED PUFFER,https://www.stussy.com/products/115856-midweight-hooded-puffer-black,outerwear,Outerwear,-,Main material: 100% nylon; Fill: 90% down / 10% feathers,polyamide,100,0,synthetic,polyamide,composition source: outerwear.atom (read 2026-10-10)
Stüssy,115855,MIDWEIGHT PUFFER,https://www.stussy.com/products/115855-midweight-puffer-olive,outerwear,Outerwear,-,Main material: 100% nylon; Fill: 90% down / 10% feathers,polyamide,100,0,synthetic,polyamide,composition source: outerwear.atom (read 2026-10-10)
Stüssy,115902,LIGHTWEIGHT MOCK JACKET,https://www.stussy.com/products/115902-lightweight-mock-jacket-black,outerwear,Outerwear,-,100% nylon; Mesh: 100% polyester,polyamide,100,0,synthetic,polyamide,composition source: pdp 115902-lightweight-mock-jacket-black (read 2026-10-10)
Stüssy,115951,WAXED COTTON BEACH SHELL,https://www.stussy.com/products/115951-waxed-cotton-beach-shell-black,outerwear,Outerwear,-,65% cotton / 35% nylon,cotton,65,0,blend,-,composition source: pdp 115951-waxed-cotton-beach-shell-black (read 2026-10-10)
Stüssy,115981,DENIM TRUCKER JACKET,https://www.stussy.com/products/115981-denim-trucker-jacket-light-wash-indigo,outerwear,Outerwear,-,100% cotton,cotton,100,0,natural,cotton,composition source: jackets.atom (read 2026-10-10)
Stüssy,115980,DENIM TRUCKER JACKET,https://www.stussy.com/products/115980-denim-trucker-jacket-raw-black-contrast-stitch,outerwear,Outerwear,-,100% cotton,cotton,100,0,natural,cotton,composition source: jackets.atom (read 2026-10-10)
Stüssy,115988,PRINTED DENIM TRUCKER,https://www.stussy.com/products/115988-trucker-jacket-denim-pink-hawaiian,outerwear,Outerwear,-,100% cotton,cotton,100,0,natural,cotton,composition source: jackets.atom (read 2026-10-10)
Stüssy,115831,DUSTER COAT,https://www.stussy.com/products/115831-duster-coat-black,outerwear,Outerwear,-,100% cotton; Lining: 100% cotton,cotton,100,0,natural,cotton,"composition source: pdp 115831-duster-coat-black (Italian cotton canvas, no mill) (read 2026-10-10)"
Stüssy,115911,GARAGE JACKET LEATHER,https://www.stussy.com/products/115911-garage-jacket-leather-dark-brown,outerwear,Outerwear,-,NC,NC,NC,NC,NC,NC,composition not read within the fetch cap (tile census only)
Stüssy,115830,GARAGE JACKET LEATHER,https://www.stussy.com/products/115830-garage-jacket-leather-black,outerwear,Outerwear,-,100% leather; Lining: 100% polyester; Fill: 100% polyester,leather,100,0,natural,leather,composition source: pdp 115830-garage-jacket-leather-black (read 2026-10-10)
Stüssy,115913,WORK JACKET CANVAS,https://www.stussy.com/products/115913-work-jacket-canvas-black,outerwear,Outerwear,-,100% cotton,cotton,100,0,natural,cotton,composition source: pdp 115913-work-jacket-canvas-black (read 2026-10-10)
Stüssy,115947,NYCO COLLARED WORK JACKET,https://www.stussy.com/products/115947-nyco-collared-work-jacket-black,outerwear,Outerwear,-,52% recycled nylon / 48% organic cotton canvas; Lining: 100% polyester,polyamide,52,0,blend,-,composition source: outerwear.atom (read 2026-10-10)
Stüssy,1110395,CANVAS WORK OVERSHIRT,https://www.stussy.com/products/1110395-canvas-work-overshirt-black,shirts,Outerwear,-,100% cotton,cotton,100,0,natural,cotton,shirt-jacket; composition source: pdp 1110395-canvas-work-overshirt-black (read 2026-10-10)
Stüssy,115990,OFFSHORE JACKET,https://www.stussy.com/products/115990-offshore-jacket-black,outerwear,Outerwear,-,100% nylon; Lining: 100% polyester; Fill: 100% polyester,polyamide,100,0,synthetic,polyamide,composition source: outerwear.atom (read 2026-10-10)
Stüssy,115961,RALLY INSULATED JACKET,https://www.stussy.com/products/115961-rally-insulated-jacket-black,outerwear,Outerwear,-,Main material: 100% nylon; Lining: 100% nylon; Fill: 100% PrimaLoft® Gold,polyamide,100,0,synthetic,polyamide,composition source: outerwear.atom (read 2026-10-10)
Stüssy,115938,LEATHER WORK JACKET,https://www.stussy.com/products/115938-leather-work-jacket-black,outerwear,Outerwear,-,100% leather; Lining: 100% polyester,leather,100,0,natural,leather,composition source: pdp 115938-leather-work-jacket-black (read 2026-10-10)
Stüssy,115967,FLIGHT PARKA,https://www.stussy.com/products/115967-flight-parka-black,outerwear,Outerwear,-,100% nylon; Lining: 100% polyester; Fill: 100% polyester,polyamide,100,0,synthetic,polyamide,composition source: outerwear.atom (read 2026-10-10)
Stüssy,115933,LAYERED MESH REVERSIBLE JACKET,https://www.stussy.com/products/115933-layered-mesh-reversible-jacket-black,outerwear,Outerwear,-,Exterior: 100% nylon; Interior: 100% cotton,polyamide,100,0,synthetic,polyamide,composition source: pdp 115933-layered-mesh-reversible-jacket-black (read 2026-10-10)
Stüssy,115908,SOFT SHELL JACKET,https://www.stussy.com/products/115908-soft-shell-jacket-black,outerwear,Outerwear,-,92% nylon / 8% elastane,polyamide,92,8,synthetic,-,composition source: pdp 115908-soft-shell-jacket-black (Italian majo-tech soft shell) (read 2026-10-10)
Stüssy,115970,LEATHER DUSTER,https://www.stussy.com/products/115970-leather-duster-sand,outerwear,Outerwear,-,100% leather; Lining: 100% cotton,leather,100,0,natural,leather,composition source: pdp 115970-leather-duster-sand (read 2026-10-10)
Stüssy,115964,COASTLINE HOODED JACKET,https://www.stussy.com/products/115964-coastline-hooded-jacket-black,outerwear,Outerwear,-,Main material: 100% nylon; Lining: 100% polyester,polyamide,100,0,synthetic,polyamide,composition source: pdp 115964-coastline-hooded-jacket-black (read 2026-10-10)
Stüssy,115983,ULTRA LIGHTWEIGHT NYLON TRENCH,https://www.stussy.com/products/115983-ultra-lightweight-nylon-trench-black,outerwear,Outerwear,-,100% nylon,polyamide,100,0,synthetic,polyamide,composition source: outerwear.atom (read 2026-10-10)
Stüssy,115968,WOOL VARSITY JACKET,https://www.stussy.com/products/115968-wool-varsity-jacket-black,outerwear,Outerwear,-,Shell: 75% wool / 25% nylon; Sleeves / accents: 100% leather; Lining: 100% polyester; Fill: 100% recycled polyester,wool,75,0,blend,-,"composition source: pdp 115968-wool-varsity-jacket-black (Italian wool, no mill) (read 2026-10-10)"
Stüssy,1110381,ZIP HOODED PLAID SHIRT,https://www.stussy.com/products/1110381-zip-hooded-plaid-shirt-charcoal,outerwear,Outerwear,-,58% cotton / 42% rayon; Lining: 100% polyester; Fill: 100% polyester,cotton,58,0,blend,-,shirt-jacket; composition source: pdp 1110381-zip-hooded-plaid-shirt-charcoal (read 2026-10-10)
Stüssy,115955,MA-1 BOMBER JACKET,https://www.stussy.com/products/115955-ma-1-bomber-jacket-black,outerwear,Outerwear,-,100% nylon; Lining: 100% nylon; Fill: 100% polyester,polyamide,100,0,synthetic,polyamide,composition source: outerwear.atom (read 2026-10-10)
Stüssy,115945,RIPSTOP WORK JACKET,https://www.stussy.com/products/115945-ripstop-work-jacket-burgundy,outerwear,Outerwear,-,100% cotton; Lining: 100% polyester; Fill: 100% polyester,cotton,100,0,natural,cotton,composition source: pdp 115945-ripstop-work-jacket-burgundy (read 2026-10-10)
Stüssy,115903,MOCK NECK FLIGHT BOMBER,https://www.stussy.com/products/115903-mock-neck-flight-bomber-black,outerwear,Outerwear,-,100% polyester; Panels: 100% nylon; Lining: 100% nylon; Fill: 100% polyester,polyester,100,0,synthetic,polyester,composition source: pdp 115903-mock-neck-flight-bomber-black (read 2026-10-10)
Stüssy,115948,GARAGE JACKET SUEDE,https://www.stussy.com/products/115948-garage-jacket-suede-suede,outerwear,Outerwear,-,100% leather; Lining: 100% polyester; Fill: 100% polyester,leather,100,0,natural,leather,composition source: pdp 115948-garage-jacket-suede-suede (read 2026-10-10)
Stüssy,115900,LIGHTWEIGHT HOODED JACKET,https://www.stussy.com/products/115900-lightweight-hooded-jacket-black,outerwear,Outerwear,-,100% nylon,polyamide,100,0,synthetic,polyamide,composition source: pdp 115900-lightweight-hooded-jacket-black (read 2026-10-10)
Stüssy,115958,TOURING JACKET,https://www.stussy.com/products/115958-touring-jacket-black,outerwear,Outerwear,-,56% nylon / 44% cotton; Lining: 100% polyester,polyamide,56,0,blend,-,composition source: pdp 115958-touring-jacket-black (read 2026-10-10)
Stüssy,115987,LIGHTWEIGHT FIELD PARKA,https://www.stussy.com/products/115987-lightweight-field-parka-black,outerwear,Outerwear,-,100% cotton,cotton,100,0,natural,cotton,composition source: pdp 115987-lightweight-field-parka-black (read 2026-10-10)
Stüssy,115966,FIREMAN JACKET,https://www.stussy.com/products/115966-fireman-jacket-black,outerwear,Outerwear,-,68% recycled nylon / 32% nylon,polyamide,100,0,synthetic,polyamide,composition source: pdp 115966-fireman-jacket-black (read 2026-10-10)
Stüssy,wrj901100,JUNYA VARSITY JACKET,https://www.stussy.com/products/wrj901100-junya-varsity-jacket-black,outerwear,Outerwear,Junya Watanabe collaboration,NC,NC,NC,NC,NC,NC,collab Junya Watanabe; composition not read within the fetch cap (tile census only)
Stüssy,wrj908100,JUNYA TACTICAL JACKET,https://www.stussy.com/products/wrj908100-junya-tactical-jacket-black,outerwear,Outerwear,Junya Watanabe collaboration,NC,NC,NC,NC,NC,NC,collab Junya Watanabe; composition not read within the fetch cap (tile census only)
Stüssy,115935,MX JACKET,https://www.stussy.com/products/115935-mx-jacket-black,outerwear,Outerwear,-,100% polyester; Mesh: 100% polyester,polyester,100,0,synthetic,polyester,composition source: pdp 115935-mx-jacket-black (read 2026-10-10)
Stüssy,wrj928100,JUNYA SPORT COAT,https://www.stussy.com/products/wrj928100-junya-sport-coat-black,tailoring,Outerwear,Junya Watanabe collaboration,NC,NC,NC,NC,NC,NC,collab Junya Watanabe; garment=tailoring; composition not read within the fetch cap (tile census only)
Stüssy,115936,MECHANIC JACKET,https://www.stussy.com/products/115936-mechanic-jacket-black,outerwear,Outerwear,-,100% polyester; Panel: 100% polyester,polyester,100,0,synthetic,polyester,composition source: pdp 115936-mechanic-jacket-black (read 2026-10-10)
Stüssy,115906,POLAR FLEECE LINED JACKET,https://www.stussy.com/products/115906-polar-fleece-lined-jacket-black,outerwear,Outerwear,-,Main material: 100% nylon; Lining: 100% polyester,polyamide,100,0,synthetic,polyamide,composition source: pdp 115906-polar-fleece-lined-jacket-black (read 2026-10-10)
Stüssy,wrj903100,JUNYA LEATHER JACKET,https://www.stussy.com/products/wrj903100-junya-leather-jacket-black,outerwear,Outerwear,Junya Watanabe collaboration,NC,NC,NC,NC,NC,NC,collab Junya Watanabe; composition not read within the fetch cap (tile census only)
Stüssy,116672,NEW CLASSIC JEAN DENIM,https://www.stussy.com/products/116672-new-classic-jean-denim-rinsed-indigo,denim,Bottoms,Classics,100% cotton,cotton,100,0,natural,cotton,composition source: jeans.atom (read 2026-10-10)
Stüssy,116787,NEW CLASSIC JEAN DENIM,https://www.stussy.com/products/116787-new-classic-jean-denim-cheetah,denim,Bottoms,Classics,100% cotton,cotton,100,0,natural,cotton,cheetah; composition source: jeans.atom (read 2026-10-10)
Stüssy,116759,NEW CLASSIC JEAN DENIM,https://www.stussy.com/products/116759-new-classic-jean-denim-dark-wash-indigo,denim,Bottoms,Classics,100% cotton,cotton,100,0,natural,cotton,composition source: jeans.atom (read 2026-10-10)
Stüssy,116705,NEW CLASSIC JEAN DENIM,https://www.stussy.com/products/116705-new-classic-jean-denim-leopard,denim,Bottoms,Classics,100% cotton,cotton,100,0,natural,cotton,leopard; composition source: jeans.atom (read 2026-10-10)
Stüssy,116737,NEW CLASSIC JEAN DENIM,https://www.stussy.com/products/116737-new-classic-jean-denim-python,denim,Bottoms,Classics,100% cotton,cotton,100,0,natural,cotton,python; composition source: jeans.atom (read 2026-10-10)
Stüssy,116599t,BIG OL' JEAN DENIM,https://www.stussy.com/products/116599t-big-ol-jean-denim-raw-black-contrast-stitch,denim,Bottoms,Big Ol',100% cotton,cotton,100,0,natural,cotton,composition source: jeans.atom (read 2026-10-10)
Stüssy,116761,BIG OL' JEAN DENIM,https://www.stussy.com/products/116761-big-ol-jean-denim-indigo-stone-wash,denim,Bottoms,Big Ol',100% cotton,cotton,100,0,natural,cotton,composition source: jeans.atom (read 2026-10-10)
Stüssy,116768,BIG OL' JEAN DENIM,https://www.stussy.com/products/116768-big-ol-jean-denim-brown-chevron,denim,Bottoms,Big Ol',100% cotton,cotton,100,0,natural,cotton,composition source: pants.atom (read 2026-10-10)
Stüssy,112334u,JERSEY SHORT,https://www.stussy.com/products/112334u-jersey-short-black,shorts,Bottoms,-,100% cotton,cotton,100,0,natural,cotton,composition source: shorts.atom (read 2026-10-10)
Stüssy,112335,BASIC MESH SHORT,https://www.stussy.com/products/112335-basic-mesh-short-black,shorts,Bottoms,-,NC,NC,NC,NC,NC,NC,composition not read within the fetch cap (tile census only)
Stüssy,112364,BAGGY TWILL CORD BEACH SHORT,https://www.stussy.com/products/112364-baggy-twill-cord-beach-short-black,shorts,Bottoms,-,100% cotton,cotton,100,0,natural,cotton,composition source: shorts.atom (read 2026-10-10)
Stüssy,113179,PEAK BOARD SHORT,https://www.stussy.com/products/113179-peak-board-short-black,underwear-swim,Bottoms,-,88% nylon / 12% elastane,polyamide,88,12,synthetic,-,swim; composition source: shorts.atom (read 2026-10-10)
Stüssy,112296t,BIG OL' SHORT DENIM,https://www.stussy.com/products/112296t-big-ol-short-denim-white,shorts,Bottoms,Big Ol',100% cotton,cotton,100,0,natural,cotton,composition source: shorts.atom (read 2026-10-10)
Stüssy,112354,BIG OL' SHORT DENIM,https://www.stussy.com/products/112354-big-ol-short-denim-indigo-stone-wash,shorts,Bottoms,Big Ol',NC,NC,NC,NC,NC,NC,composition not read within the fetch cap (tile census only)
Stüssy,116802,PAJAMA PANT,https://www.stussy.com/products/116802-pajama-pant-plaid,trousers,Bottoms,-,NC,NC,NC,NC,NC,NC,composition not read within the fetch cap (tile census only)
Stüssy,116763,SLIM JEAN DENIM,https://www.stussy.com/products/116763-slim-jean-denim-dark-wash-indigo,denim,Bottoms,Slim,100% cotton,cotton,100,0,natural,cotton,composition source: jeans.atom (read 2026-10-10)
Stüssy,116752,SLIM JEAN DENIM,https://www.stussy.com/products/116752-slim-jean-denim-raw-black-contrast-stitch,denim,Bottoms,Slim,100% cotton,cotton,100,0,natural,cotton,composition source: jeans.atom (read 2026-10-10)
Stüssy,112345,SPORT SHORT,https://www.stussy.com/products/112345-sport-short-black,shorts,Bottoms,-,92% polyester / 8% spandex,polyester,92,8,synthetic,-,composition source: shorts.atom (read 2026-10-10)
Stüssy,113155n,STOCK WATER SHORT,https://www.stussy.com/products/113155n-stock-water-short-black,underwear-swim,Bottoms,-,Main material: 100% nylon; Brief: 100% polyester,polyamide,100,0,synthetic,polyamide,swim; composition source: shorts.atom (read 2026-10-10)
Stüssy,116801,NEW CLASSIC JEAN OVERDYED,https://www.stussy.com/products/116801-new-classic-jean-overdyed-sand,denim,Bottoms,Classics,100% cotton,cotton,100,0,natural,cotton,composition source: pants.atom (read 2026-10-10)
Stüssy,116800,BIG OL' JEAN OVERDYED,https://www.stussy.com/products/116800-big-ol-jean-overdyed-sand,denim,Bottoms,Big Ol',100% cotton,cotton,100,0,natural,cotton,composition source: pants.atom (read 2026-10-10)
Stüssy,116809,SLIM JEAN OVERDYED,https://www.stussy.com/products/116809-slim-jean-overdyed-sand,denim,Bottoms,Slim,100% cotton,cotton,100,0,natural,cotton,composition source: pants.atom (read 2026-10-10)
Stüssy,116774,BEACH PANT COTTON TWILL,https://www.stussy.com/products/116774-beach-pant-cotton-twill-black,trousers,Bottoms,-,100% cotton,cotton,100,0,natural,cotton,composition source: pdp 116774-beach-pant-cotton-twill-black (read 2026-10-10)
Stüssy,116784,NEW CLASSIC PANT CORDUROY,https://www.stussy.com/products/116784-new-classic-pant-corduroy-black,trousers,Bottoms,-,100% cotton,cotton,100,0,natural,cotton,composition source: pants.atom (read 2026-10-10)
Stüssy,116783,UNIFORM PANT,https://www.stussy.com/products/116783-uniform-pant-black,trousers,Bottoms,-,100% cotton,cotton,100,0,natural,cotton,composition source: pants.atom (read 2026-10-10)
Stüssy,116715,CARGO PANT,https://www.stussy.com/products/116715-cargo-pant-woodland-camo,trousers,Bottoms,-,100% cotton,cotton,100,0,natural,cotton,composition source: cargos.atom (read 2026-10-10)
Stüssy,112360,TRANSIT SHORT,https://www.stussy.com/products/112360-transit-short-black,shorts,Bottoms,-,Main material: 64% polyamide / 36% cotton; Mesh: 100% polyester,polyamide,64,0,blend,-,composition source: shorts.atom (read 2026-10-10)
Stüssy,116785,SIDE STRIPE TRACK PANT,https://www.stussy.com/products/116785-side-stripe-track-pant-navy,trousers,Bottoms,-,100% nylon; mesh lining 100% polyester,polyamide,100,0,synthetic,polyamide,composition source: pants.atom (read 2026-10-10)
Stüssy,112348,BAGGY BEACH SHORT,https://www.stussy.com/products/112348-baggy-beach-short-blue,shorts,Bottoms,-,NC,NC,NC,NC,NC,NC,composition not read within the fetch cap (tile census only)
Stüssy,112356,BAGGY BEACH SHORT,https://www.stussy.com/products/112356-baggy-beach-short-sand-camo,shorts,Bottoms,-,100% polyester,polyester,100,0,synthetic,polyester,composition source: shorts.atom (read 2026-10-10)
Stüssy,116776,NEW CLASSIC PANT SUEDE,https://www.stussy.com/products/116776-new-classic-pant-suede-tan,trousers,Bottoms,-,100% leather,leather,100,0,natural,leather,composition source: pants.atom (read 2026-10-10)
Stüssy,116789,LEATHER MOTO PANT,https://www.stussy.com/products/116789-leather-moto-pant-black,trousers,Bottoms,-,100% leather,leather,100,0,natural,leather,composition source: pdp 116789-leather-moto-pant-black (read 2026-10-10)
Stüssy,116781,STRIPED WOOL BEACH PANT,https://www.stussy.com/products/116781-striped-wool-beach-pant-navy-pinstripe,trousers,Bottoms,-,100% wool,wool,100,0,natural,wool,composition source: pants.atom (read 2026-10-10)
Stüssy,116799,BEACH PANT,https://www.stussy.com/products/116799-poly-beach-pant-black,trousers,Bottoms,-,100% polyester,polyester,100,0,synthetic,polyester,handle poly-beach-pant; composition source: pdp 116799-poly-beach-pant-black (read 2026-10-10)
Stüssy,116764,NEW CLASSIC PANT LEATHER,https://www.stussy.com/products/116764-new-classic-pant-leather-dark-brown,trousers,Bottoms,-,100% leather; Lining: 100% polyester,leather,100,0,natural,leather,composition source: pdp 116764-new-classic-pant-leather-dark-brown (read 2026-10-10)
Stüssy,116732,NEW CLASSIC PANT LEATHER,https://www.stussy.com/products/116732-new-classic-pant-leather-black,trousers,Bottoms,-,NC,NC,NC,NC,NC,NC,composition not read within the fetch cap (tile census only)
Stüssy,113172,CURVED PANEL BOARD SHORT,https://www.stussy.com/products/113172-curved-panel-board-short-light-blue,underwear-swim,Bottoms,-,Main material: 100% polyester,polyester,100,0,synthetic,polyester,swim; composition source: shorts.atom (read 2026-10-10)
Stüssy,wrp909100,JUNYA CARGO PANTS,https://www.stussy.com/products/wrp909100-junya-cargo-pants-green,trousers,Bottoms,Junya Watanabe collaboration,100% cotton,cotton,100,0,natural,cotton,collab Junya Watanabe; composition source: pants.atom (read 2026-10-10)
Stüssy,113176,COASTAL BOARD SHORT,https://www.stussy.com/products/113176-coastal-board-short-black,underwear-swim,Bottoms,-,100% polyester,polyester,100,0,synthetic,polyester,swim; composition source: shorts.atom (read 2026-10-10)
Stüssy,112357,SURPLUS SHORT,https://www.stussy.com/products/112357-surplus-short-black,shorts,Bottoms,-,75% cotton / 25% nylon,cotton,75,0,blend,-,composition source: shorts.atom (read 2026-10-10)
Stüssy,113166,PANELED BOARD SHORT,https://www.stussy.com/products/113166-paneled-board-short-black,underwear-swim,Bottoms,-,NC,NC,NC,NC,NC,NC,swim; composition not read within the fetch cap (tile census only)
Supreme,70mzqc3tj4mzqags,Supreme/Rita Ackermann Hooded Work Jacket,https://us.supreme.com/products/70mzqc3tj4mzqags,outerwear,derived,Supreme/Rita Ackermann,All cotton canvas; cotton poplin lining; 3M Thinsulate insulation,cotton,100,0,natural,cotton,"read 2026-10-10 from PDP (WebFetch summary of description); handle used as style code; collaboration; $398; shell read as ""all cotton"" = 100% cotton"
Supreme,t6i9rlqcqlicu8gd,Faux Shearling Lined Bomber Jacket,https://us.supreme.com/products/t6i9rlqcqlicu8gd,outerwear,derived,-,All cotton 13 oz. denim; faux shearling lining; 3M Thinsulate insulation,cotton,100,0,natural,cotton,read 2026-10-10 from PDP (WebFetch summary of description); handle used as style code; $288; lining fibre not stated
Supreme,b6jkwa_we-igl9fc,Micro Down Half Zip Hooded Pullover,https://us.supreme.com/products/b6jkwa_we-igl9fc,outerwear,derived,-,Water resistant Pertex poly; nylon lining; down filled,polyester,ND,ND,synthetic,-,"read 2026-10-10 from PDP (WebFetch summary of description); handle used as style code; $238; shell named fibre, no %"
Supreme,x-lby1v0c1hffdyc,GORE-TEX N-2B Jacket,https://us.supreme.com/products/x-lby1v0c1hffdyc,outerwear,derived,-,GORE-TEX 2-Layer poly ripstop shell; polar fleece lining (hood),polyester,ND,ND,synthetic,-,read 2026-10-10 from PDP (WebFetch summary of description); handle used as style code; $498; no %
Supreme,x8kknwjfsv7wo-gz,Quilted Lined Flannel Snap Shirt,https://us.supreme.com/products/x8kknwjfsv7wo-gz,shirts,derived,-,All cotton flannel; quilted taffeta lining,cotton,100,0,natural,cotton,"read 2026-10-10 from PDP (WebFetch summary of description); handle used as style code; $168; snap front, lined"
Supreme,mn2nqomctelxi3by,Wolves Sweater,https://us.supreme.com/products/mn2nqomctelxi3by,knitwear,derived,-,Wool,wool,ND,ND,natural,-,"read 2026-10-10 from PDP (WebFetch summary of description); handle used as style code; $178; ""Wool with jacquard knit graphic""; no %; neckline not stated"
Supreme,i9stofowgvyshwfj,Washed Logo Hooded Sweatshirt,https://us.supreme.com/products/i9stofowgvyshwfj,sweats,derived,-,ND,ND,ND,ND,undisclosed,-,"read 2026-10-10 from PDP (WebFetch summary of description); handle used as style code; $168; ""Brushed-back fleece"" is a cloth, no fibre"
Supreme,cvvtgxkeerhuxpoa,Fuck You Zip Up Hooded Sweatshirt,https://us.supreme.com/products/cvvtgxkeerhuxpoa,sweats,derived,-,ND,ND,ND,ND,undisclosed,-,"read 2026-10-10 from PDP (WebFetch summary of description); handle used as style code; $268; ""Brushed-back fleece"", no fibre"
Supreme,v69t7y-5uwsdk-qf,Reversible Work Zip Up Hooded Sweatshirt,https://us.supreme.com/products/v69t7y-5uwsdk-qf,sweats,derived,-,ND,ND,ND,ND,undisclosed,-,"read 2026-10-10 from PDP (WebFetch summary of description); handle used as style code; $178; ""Brushed-back fleece"" (first side, no fibre); reverse ""Cotton waffle thermal"""
Supreme,iryjz3xcjue7s6xi,Washed Logo Sweatpant,https://us.supreme.com/products/iryjz3xcjue7s6xi,sweats,derived,-,ND,ND,ND,ND,undisclosed,-,"read 2026-10-10 from PDP (WebFetch summary of description); handle used as style code; $158; ""Brushed-back fleece"", no fibre"
Supreme,nxje-9j8-nvo1ejo,Supreme/Rita Ackermann Soccer Jersey,https://us.supreme.com/products/nxje-9j8-nvo1ejo,tees-polos,derived,Supreme/Rita Ackermann,Poly jersey,polyester,ND,ND,synthetic,-,read 2026-10-10 from PDP (WebFetch summary of description); handle used as style code; collaboration; $148; no %
Supreme,hq0btw5csp-2zr,Milan Sequin S/S Top,https://us.supreme.com/products/hq0btw5csp-2zr,tees-polos,derived,-,All cotton jersey,cotton,100,0,natural,cotton,read 2026-10-10 from PDP (WebFetch summary of description); handle used as style code; $88; crewneck jersey top; sequin decoration
Supreme,rh7n9j0d1-ukkm90,Washed S/S Top,https://us.supreme.com/products/rh7n9j0d1-ukkm90,tees-polos,derived,-,All cotton jersey,cotton,100,0,natural,cotton,read 2026-10-10 from PDP (WebFetch summary of description); handle used as style code; $58; crewneck
Supreme,btpsioz9z3xx4nfr,Jim Tee,https://us.supreme.com/products/btpsioz9z3xx4nfr,tees-polos,derived,-,All cotton,cotton,100,0,natural,cotton,read 2026-10-10 from PDP (WebFetch summary of description); handle used as style code; $48
Supreme,mcef1bwdhrtyd-fx,Script Tee,https://us.supreme.com/products/mcef1bwdhrtyd-fx,tees-polos,derived,-,All cotton,cotton,100,0,natural,cotton,read 2026-10-10 from PDP (WebFetch summary of description); handle used as style code; $58
Supreme,ay9vjboamzlmf-fx,Paris Tee,https://us.supreme.com/products/ay9vjboamzlmf-fx,tees-polos,derived,-,All cotton,cotton,100,0,natural,cotton,read 2026-10-10 from PDP (WebFetch summary of description); handle used as style code; $48
Supreme,kqbt6gkibk_ki6os,Sharp Tee,https://us.supreme.com/products/kqbt6gkibk_ki6os,tees-polos,derived,-,All cotton,cotton,100,0,natural,cotton,"read 2026-10-10 from PDP (WebFetch summary of description); handle used as style code; $44; ""Original artwork by Art Dealer"""
Supreme,h7xcftte-3enbciz,Growl Tee,https://us.supreme.com/products/h7xcftte-3enbciz,tees-polos,derived,-,All cotton,cotton,100,0,natural,cotton,read 2026-10-10 from PDP (WebFetch summary of description); handle used as style code; $44
Supreme,gwuzfgimme9qzkz,Tears Tee,https://us.supreme.com/products/gwuzfgimme9qzkz,tees-polos,derived,-,All cotton,cotton,100,0,natural,cotton,read 2026-10-10 from PDP (WebFetch summary of description); handle used as style code; $44
Supreme,we9_jwywfqg8hr-_,Pills Tee,https://us.supreme.com/products/we9_jwywfqg8hr-_,tees-polos,derived,-,All cotton,cotton,100,0,natural,cotton,read 2026-10-10 from PDP (WebFetch summary of description); handle used as style code; $44
Supreme,wx7wlsyui7w-0y69,Supreme/Rita Ackermann Double Knee Painter Pant,https://us.supreme.com/products/wx7wlsyui7w-0y69,trousers,derived,Supreme/Rita Ackermann,All cotton canvas,cotton,100,0,natural,cotton,read 2026-10-10 from PDP (WebFetch summary of description); handle used as style code; collaboration; $298
Supreme,spuvfriidpdd-fo1,Painter Pant,https://us.supreme.com/products/spuvfriidpdd-fo1,trousers,derived,-,All cotton canvas,cotton,100,0,natural,cotton,read 2026-10-10 from PDP (WebFetch summary of description); handle used as style code; $178; utility work pant
Supreme,ri-rmxd4xwtinvxh,GORE-TEX Cargo Pant,https://us.supreme.com/products/ri-rmxd4xwtinvxh,trousers,derived,-,GORE-TEX 2-Layer poly ripstop,polyester,ND,ND,synthetic,-,read 2026-10-10 from PDP (WebFetch summary of description); handle used as style code; $298; no %
Supreme,wv8slaxoc7k1mqqj,Slim Straight Selvedge Jean,https://us.supreme.com/products/wv8slaxoc7k1mqqj,denim,derived,-,All cotton 13 oz. selvedge denim,cotton,100,0,natural,cotton,"read 2026-10-10 from PDP (WebFetch summary of description); handle used as style code; $298; ""Made in Japan"" (only clothing PDP stating origin)"
Supreme,s7-09j3lt1jxmxa,Supreme/Rita Ackermann Soccer Short,https://us.supreme.com/products/s7-09j3lt1jxmxa,shorts,derived,Supreme/Rita Ackermann,Poly jersey,polyester,ND,ND,synthetic,-,read 2026-10-10 from PDP (WebFetch summary of description); handle used as style code; collaboration; $148; no %
Supreme,pyxolz05pgr253um,Supreme®/Hanes® Boxer Briefs (4 Pack),https://us.supreme.com/products/pyxolz05pgr253um,underwear-swim,derived,Supreme/Hanes,All cotton,cotton,100,0,natural,cotton,read 2026-10-10 from PDP (WebFetch summary of description); handle used as style code; collaboration; $40
Supreme,amtdm2nlu-otocni,Supreme®/Hanes® Tagless Tees (3 Pack),https://us.supreme.com/products/amtdm2nlu-otocni,underwear-swim,derived,Supreme/Hanes,All cotton,cotton,100,0,natural,cotton,read 2026-10-10 from PDP (WebFetch summary of description); handle used as style code; collaboration; $30; undershirts
The North Face,NF0A8JPX,Men's Evolution TNF Diamond Regular Short-Sleeve Tee,https://www.thenorthface.com/en-us/p/mens-211701/mens-evolution-tnf-diamond-regular-short-sleeve-tee-NF0A8JPX,tees-polos,T-Shirts,Evolution,"Solid Body 160 g/m² 100% Climate Conscious Cotton (pale grey heather: 85% Climate Conscious Cotton, 15% recycled polyester)",cotton,100,0,natural,cotton,"price seen $35; tech: -; no made-in line on page; solid colour body read as main; SAMPLE: 56 men's clothing styles read one PDP at a time on thenorthface.com/en-us 2026-10-10, chosen across categories from category grids (T-Shirts 62, Shirts & Polos 11, Hoodies & Sweatshirts 39, Fleece 46, Insulated & Down 59, Windbreakers 24, Summit Series 75, Pants 29, Shorts 16); not random; Shop All Men's states 539 products incl. footwear/accessories"
The North Face,NF0A8C95,Men's Summit Himalayan Down Parka,https://www.thenorthface.com/en-us/p/mens/mens-collections/mens-summit-series-324273/mens-summit-himalayan-down-parka-NF0A8C95,outerwear,Summit Series (Insulated),Summit Series,Main body 15D Pertex Y Fuse 100% recycled nylon ripstop; hood/yoke 7D x 15D FUTURELIGHT 100% recycled nylon; lining 100% recycled nylon; 800-fill ProDown,polyamide,100,0,synthetic,polyamide,"price seen $780; tech: FUTURELIGHT;Pertex; no made-in line on page; SAMPLE: 56 men's clothing styles read one PDP at a time on thenorthface.com/en-us 2026-10-10, chosen across categories from category grids (T-Shirts 62, Shirts & Polos 11, Hoodies & Sweatshirts 39, Fleece 46, Insulated & Down 59, Windbreakers 24, Summit Series 75, Pants 29, Shorts 16); not random; Shop All Men's states 539 products incl. footwear/accessories"
The North Face,NF0A7ZZ4,Men's TNF Packable Jacket,https://www.thenorthface.com/en-us/p/mens/mens-jackets-and-vests-211702/mens-tnf-packable-jacket-NF0A7ZZ4,outerwear,Jackets & Vests,-,75D x 160D DRYVENT 2L 100% recycled polyester woven ripstop; lining 100% recycled polyester,polyester,100,0,synthetic,polyester,"price seen $220 (sale 154); tech: DryVent; no made-in line on page; SAMPLE: 56 men's clothing styles read one PDP at a time on thenorthface.com/en-us 2026-10-10, chosen across categories from category grids (T-Shirts 62, Shirts & Polos 11, Hoodies & Sweatshirts 39, Fleece 46, Insulated & Down 59, Windbreakers 24, Summit Series 75, Pants 29, Shorts 16); not random; Shop All Men's states 539 products incl. footwear/accessories"
The North Face,NF0A8J6N,Men's Fontanales Wind Jacket Reflective,https://www.thenorthface.com/en-us/p/mens/mens-jackets-and-vests/mens-windbreakers-299290/mens-fontanales-wind-jacket-reflective-NF0A8J6N,outerwear,Windbreakers,-,Main body 50D WINDWALL 100% recycled polyester,polyester,100,0,synthetic,polyester,"price seen $120; tech: WindWall; no made-in line on page; SAMPLE: 56 men's clothing styles read one PDP at a time on thenorthface.com/en-us 2026-10-10, chosen across categories from category grids (T-Shirts 62, Shirts & Polos 11, Hoodies & Sweatshirts 39, Fleece 46, Insulated & Down 59, Windbreakers 24, Summit Series 75, Pants 29, Shorts 16); not random; Shop All Men's states 539 products incl. footwear/accessories"
The North Face,NF0A8HZ0,Men's Tri-Blend Short-Sleeve Pocket Tee,https://www.thenorthface.com/en-us/p/mens/mens-tops/mens-t-shirts-213137/mens-tri-blend-short-sleeve-pocket-tee-NF0A8HZ0,tees-polos,T-Shirts,-,"Body 50% recycled polyester, 38% Climate Conscious Cotton, 12% lyocell",polyester,50,0,blend,-,"price seen $45; tech: -; no made-in line on page; description says 13% TENCEL Lyocell; SAMPLE: 56 men's clothing styles read one PDP at a time on thenorthface.com/en-us 2026-10-10, chosen across categories from category grids (T-Shirts 62, Shirts & Polos 11, Hoodies & Sweatshirts 39, Fleece 46, Insulated & Down 59, Windbreakers 24, Summit Series 75, Pants 29, Shorts 16); not random; Shop All Men's states 539 products incl. footwear/accessories"
The North Face,NF0A88X5,Men's Adventure Tee,https://www.thenorthface.com/en-us/p/mens/mens-tops/mens-active-tops-224210/mens-adventure-tee-NF0A88X5,tees-polos,T-Shirts / Active,-,"92% recycled polyester, 8% elastane with FLASHDRY-XD",polyester,92,8,synthetic,-,"price seen $50 (sale 29.98); tech: FlashDry; no made-in line on page; SAMPLE: 56 men's clothing styles read one PDP at a time on thenorthface.com/en-us 2026-10-10, chosen across categories from category grids (T-Shirts 62, Shirts & Polos 11, Hoodies & Sweatshirts 39, Fleece 46, Insulated & Down 59, Windbreakers 24, Summit Series 75, Pants 29, Shorts 16); not random; Shop All Men's states 539 products incl. footwear/accessories"
The North Face,NF0A8H7F,Men's Vista Stripe Short-Sleeve Tee,https://www.thenorthface.com/en-us/p/mens/mens-tops/mens-t-shirts-213137/mens-vista-stripe-short-sleeve-tee-NF0A8H7F,tees-polos,T-Shirts,-,Body 175 g/m² 100% Climate Conscious Cotton,cotton,100,0,natural,cotton,"price seen $50; tech: -; no made-in line on page; SAMPLE: 56 men's clothing styles read one PDP at a time on thenorthface.com/en-us 2026-10-10, chosen across categories from category grids (T-Shirts 62, Shirts & Polos 11, Hoodies & Sweatshirts 39, Fleece 46, Insulated & Down 59, Windbreakers 24, Summit Series 75, Pants 29, Shorts 16); not random; Shop All Men's states 539 products incl. footwear/accessories"
The North Face,NF0A8J8N,Men's Mountain Athletics Short-Sleeve Tee 2.0,https://www.thenorthface.com/en-us/p/mens-211701/mens-mountain-athletics-short-sleeve-tee-20-NF0A8J8N,tees-polos,T-Shirts,Mountain Athletics,Body 75D 100% recycled polyester with FLASHDRY,polyester,100,0,synthetic,polyester,"price seen $45; tech: FlashDry; no made-in line on page; SAMPLE: 56 men's clothing styles read one PDP at a time on thenorthface.com/en-us 2026-10-10, chosen across categories from category grids (T-Shirts 62, Shirts & Polos 11, Hoodies & Sweatshirts 39, Fleece 46, Insulated & Down 59, Windbreakers 24, Summit Series 75, Pants 29, Shorts 16); not random; Shop All Men's states 539 products incl. footwear/accessories"
The North Face,NF0A883M,Men's LIGHTRANGE Packable Short-Sleeve Tee,https://www.thenorthface.com/en-us/p/mens/mens-tops/mens-shirts-and-polos-224208/mens-lightrange-packable-short-sleeve-tee-NF0A883M,tees-polos,T-Shirts,LIGHTRANGE,"83% recycled polyester, 17% polyester knit mesh with LIGHTRANGE technology",polyester,100,0,synthetic,polyester,"price seen $55 (sale 39); tech: LIGHTRANGE; no made-in line on page; SAMPLE: 56 men's clothing styles read one PDP at a time on thenorthface.com/en-us 2026-10-10, chosen across categories from category grids (T-Shirts 62, Shirts & Polos 11, Hoodies & Sweatshirts 39, Fleece 46, Insulated & Down 59, Windbreakers 24, Summit Series 75, Pants 29, Shorts 16); not random; Shop All Men's states 539 products incl. footwear/accessories"
The North Face,NF0A88XC,Men's Summit Series High Trail Short-Sleeve,https://www.thenorthface.com/en-us/p/mens/mens-collections/mens-summit-series-run-348280/mens-summit-series-high-trail-short-sleeve-NF0A88XC,tees-polos,Summit Series Run,Summit Series,Front body 100% recycled polyester knit pique; back 100% recycled polyester with FLASHDRY-PRO,polyester,100,0,synthetic,polyester,"price seen $85; tech: FlashDry; no made-in line on page; SAMPLE: 56 men's clothing styles read one PDP at a time on thenorthface.com/en-us 2026-10-10, chosen across categories from category grids (T-Shirts 62, Shirts & Polos 11, Hoodies & Sweatshirts 39, Fleece 46, Insulated & Down 59, Windbreakers 24, Summit Series 75, Pants 29, Shorts 16); not random; Shop All Men's states 539 products incl. footwear/accessories"
The North Face,NF0A8HW4,Men's Summit Series High Trail Short-Sleeve—Graphic,https://www.thenorthface.com/en-us/p/mens/mens-collections/mens-summit-series-324273/mens-summit-series-high-trail-short-sleevegraphic-NF0A8HW4,tees-polos,T-Shirts,Summit Series,Front body 100% recycled polyester knit pique with FLASHDRY; back 100% recycled polyester FLASHDRY PRO,polyester,100,0,synthetic,polyester,"price seen $85; tech: FlashDry; no made-in line on page; listed in Men's T-Shirts grid; SAMPLE: 56 men's clothing styles read one PDP at a time on thenorthface.com/en-us 2026-10-10, chosen across categories from category grids (T-Shirts 62, Shirts & Polos 11, Hoodies & Sweatshirts 39, Fleece 46, Insulated & Down 59, Windbreakers 24, Summit Series 75, Pants 29, Shorts 16); not random; Shop All Men's states 539 products incl. footwear/accessories"
The North Face,NF0A8HZT,Men's Dynamic Short-Sleeve Tee,https://www.thenorthface.com/en-us/p/mens/mens-tops/mens-t-shirts-213137/mens-dynamic-short-sleeve-tee-NF0A8HZT,tees-polos,T-Shirts,Dynamic Collection,"94% recycled polyester, 6% recycled elastane with FLASHDRY-XD",polyester,94,6,synthetic,-,"price seen $60; tech: FlashDry; no made-in line on page; SAMPLE: 56 men's clothing styles read one PDP at a time on thenorthface.com/en-us 2026-10-10, chosen across categories from category grids (T-Shirts 62, Shirts & Polos 11, Hoodies & Sweatshirts 39, Fleece 46, Insulated & Down 59, Windbreakers 24, Summit Series 75, Pants 29, Shorts 16); not random; Shop All Men's states 539 products incl. footwear/accessories"
The North Face,NF0A8KQK,Men's AXYS Short-Sleeve Tee,https://www.thenorthface.com/en-us/p/mens-211701/mens-axys-short-sleeve-tee-NF0A8KQK,tees-polos,T-Shirts,-,Solid body 180 g/m² 100% Climate Conscious Cotton (heather 85/15 cotton/recycled polyester),cotton,100,0,natural,cotton,"price seen $45; tech: -; no made-in line on page; SAMPLE: 56 men's clothing styles read one PDP at a time on thenorthface.com/en-us 2026-10-10, chosen across categories from category grids (T-Shirts 62, Shirts & Polos 11, Hoodies & Sweatshirts 39, Fleece 46, Insulated & Down 59, Windbreakers 24, Summit Series 75, Pants 29, Shorts 16); not random; Shop All Men's states 539 products incl. footwear/accessories"
The North Face,NF0A8JA8,Unisex NSE Slopes Relaxed Short-Sleeve Tee—Graphic,https://www.thenorthface.com/en-us/p/shop-all/unisex-829883/unisex-nse-slopes-relaxed-short-sleeve-teegraphic-NF0A8JA8,tees-polos,T-Shirts,-,Body 220 g/m² 100% Climate Conscious Cotton,cotton,100,0,natural,cotton,"price seen $45; tech: -; no made-in line on page; unisex, listed in men's T-shirts grid; SAMPLE: 56 men's clothing styles read one PDP at a time on thenorthface.com/en-us 2026-10-10, chosen across categories from category grids (T-Shirts 62, Shirts & Polos 11, Hoodies & Sweatshirts 39, Fleece 46, Insulated & Down 59, Windbreakers 24, Summit Series 75, Pants 29, Shorts 16); not random; Shop All Men's states 539 products incl. footwear/accessories"
The North Face,NF0A872U,Men's Adventure Polo,https://www.thenorthface.com/en-us/p/mens/mens-tops/mens-active-tops-224210/mens-adventure-polo-NF0A872U,tees-polos,Shirts & Polos,-,"92% recycled polyester, 8% elastane with FLASHDRY-XD",polyester,92,8,synthetic,-,"price seen $55 (sale 32.98); tech: FlashDry; no made-in line on page; SAMPLE: 56 men's clothing styles read one PDP at a time on thenorthface.com/en-us 2026-10-10, chosen across categories from category grids (T-Shirts 62, Shirts & Polos 11, Hoodies & Sweatshirts 39, Fleece 46, Insulated & Down 59, Windbreakers 24, Summit Series 75, Pants 29, Shorts 16); not random; Shop All Men's states 539 products incl. footwear/accessories"
The North Face,NF0A8G0V,Men's LIGHTRANGE Packable Short-Sleeve Polo,https://www.thenorthface.com/en-us/p/mens/mens-tops/mens-shirts-and-polos-224208/mens-lightrange-packable-short-sleeve-polo-NF0A8G0V,tees-polos,Shirts & Polos,LIGHTRANGE,120 g/m² 100% recycled polyester with LIGHTRANGE technology,polyester,100,0,synthetic,polyester,"price seen $65 (sale 46); tech: LIGHTRANGE; no made-in line on page; SAMPLE: 56 men's clothing styles read one PDP at a time on thenorthface.com/en-us 2026-10-10, chosen across categories from category grids (T-Shirts 62, Shirts & Polos 11, Hoodies & Sweatshirts 39, Fleece 46, Insulated & Down 59, Windbreakers 24, Summit Series 75, Pants 29, Shorts 16); not random; Shop All Men's states 539 products incl. footwear/accessories"
The North Face,NF0A8KT1,Men's Mountain Falls Flannel Button-Down Long-Sleeve Shirt,https://www.thenorthface.com/en-us/p/mens/mens-tops/mens-shirts-and-polos-224208/mens-mountain-falls-flannel-button-down-long-sleeve-shirt-NF0A8KT1,shirts,Shirts & Polos,-,Body 175 g/m² 100% Climate Conscious Cotton,cotton,100,0,natural,cotton,"price seen $100; tech: -; no made-in line on page; SAMPLE: 56 men's clothing styles read one PDP at a time on thenorthface.com/en-us 2026-10-10, chosen across categories from category grids (T-Shirts 62, Shirts & Polos 11, Hoodies & Sweatshirts 39, Fleece 46, Insulated & Down 59, Windbreakers 24, Summit Series 75, Pants 29, Shorts 16); not random; Shop All Men's states 539 products incl. footwear/accessories"
The North Face,NF0A8H7J,Men's Beta Long-Sleeve Shirt,https://www.thenorthface.com/en-us/p/mens/mens-tops-211703/mens-beta-long-sleeve-shirt-NF0A8H7J,shirts,Shirts & Polos,-,"97% Climate Conscious Cotton, 3% elastane",cotton,97,3,blend,-,"price seen $110; tech: -; no made-in line on page; snap front; SAMPLE: 56 men's clothing styles read one PDP at a time on thenorthface.com/en-us 2026-10-10, chosen across categories from category grids (T-Shirts 62, Shirts & Polos 11, Hoodies & Sweatshirts 39, Fleece 46, Insulated & Down 59, Windbreakers 24, Summit Series 75, Pants 29, Shorts 16); not random; Shop All Men's states 539 products incl. footwear/accessories"
The North Face,NF0A8FTQ,Men's Packable Short-Sleeve Shirt,https://www.thenorthface.com/en-us/p/mens/mens-tops/mens-shirts-and-polos-224208/mens-packable-short-sleeve-shirt-NF0A8FTQ,shirts,Shirts & Polos,-,"70D 126 g/m² 52% recycled nylon, 48% nylon ripstop with FLASHDRY-XD",polyamide,100,0,synthetic,polyamide,"price seen $90 (sale 53.98, final sale); tech: FlashDry; no made-in line on page; SAMPLE: 56 men's clothing styles read one PDP at a time on thenorthface.com/en-us 2026-10-10, chosen across categories from category grids (T-Shirts 62, Shirts & Polos 11, Hoodies & Sweatshirts 39, Fleece 46, Insulated & Down 59, Windbreakers 24, Summit Series 75, Pants 29, Shorts 16); not random; Shop All Men's states 539 products incl. footwear/accessories"
The North Face,NF0A8H75,Men's Open Range Insulated Long-Sleeve Shirt,https://www.thenorthface.com/en-us/p/mens/mens-tops-211703/mens-open-range-insulated-long-sleeve-shirt-NF0A8H75,shirts,Shirts & Polos,-,Shell 100% recycled nylon; lining WINDWALL 100% recycled polyester; insulation 80 g 100% recycled polyester,polyamide,100,0,synthetic,polyamide,"price seen $170; tech: WindWall; no made-in line on page; snap-front insulated shirt-jacket, house lists under Shirts & Polos; SAMPLE: 56 men's clothing styles read one PDP at a time on thenorthface.com/en-us 2026-10-10, chosen across categories from category grids (T-Shirts 62, Shirts & Polos 11, Hoodies & Sweatshirts 39, Fleece 46, Insulated & Down 59, Windbreakers 24, Summit Series 75, Pants 29, Shorts 16); not random; Shop All Men's states 539 products incl. footwear/accessories"
The North Face,NF0A8H7E,Men's Vista Rugby Long-Sleeve Shirt,https://www.thenorthface.com/en-us/p/mens/mens-tops/mens-shirts-and-polos-224208/mens-vista-rugby-long-sleeve-shirt-NF0A8H7E,tees-polos,Shirts & Polos,-,Body 300 g/m² 100% Climate Conscious Cotton; collar 100% organic cotton,cotton,100,0,natural,cotton,"price seen $110; tech: -; no made-in line on page; knit rugby; SAMPLE: 56 men's clothing styles read one PDP at a time on thenorthface.com/en-us 2026-10-10, chosen across categories from category grids (T-Shirts 62, Shirts & Polos 11, Hoodies & Sweatshirts 39, Fleece 46, Insulated & Down 59, Windbreakers 24, Summit Series 75, Pants 29, Shorts 16); not random; Shop All Men's states 539 products incl. footwear/accessories"
The North Face,NF0A8JK3,Men's Open Range Fleece Long-Sleeve Shirt,https://www.thenorthface.com/en-us/p/mens-211701/mens-open-range-fleece-long-sleeve-shirt-NF0A8JK3,shirts,Shirts & Polos,-,Body 258 g/m² 100% recycled polyester,polyester,100,0,synthetic,polyester,"price seen $120; tech: -; no made-in line on page; snap front fleece shirt; SAMPLE: 56 men's clothing styles read one PDP at a time on thenorthface.com/en-us 2026-10-10, chosen across categories from category grids (T-Shirts 62, Shirts & Polos 11, Hoodies & Sweatshirts 39, Fleece 46, Insulated & Down 59, Windbreakers 24, Summit Series 75, Pants 29, Shorts 16); not random; Shop All Men's states 539 products incl. footwear/accessories"
The North Face,NF0A8CWM,Men's Evolution Simple Dome Regular Hoodie,https://www.thenorthface.com/en-us/p/mens/mens-tops/mens-hoodies-and-sweatshirts-224211/mens-evolution-simple-dome-regular-hoodie-NF0A8CWM,sweats,Hoodies & Sweatshirts,Evolution,"Solid body 280 g/m² 68% Climate Conscious Cotton, 32% recycled polyester",cotton,68,0,blend,-,"price seen $65 (sale 38.98); tech: -; no made-in line on page; elastane only in rib; SAMPLE: 56 men's clothing styles read one PDP at a time on thenorthface.com/en-us 2026-10-10, chosen across categories from category grids (T-Shirts 62, Shirts & Polos 11, Hoodies & Sweatshirts 39, Fleece 46, Insulated & Down 59, Windbreakers 24, Summit Series 75, Pants 29, Shorts 16); not random; Shop All Men's states 539 products incl. footwear/accessories"
The North Face,NF0A8J08,Men's Chabot 2.0 Long-Sleeve Hoodie,https://www.thenorthface.com/en-us/p/mens-211701/mens-chabot-20-long-sleeve-hoodie-NF0A8J08,sweats,Hoodies & Sweatshirts,-,Body 400 g/m² 100% Climate Conscious Cotton; rib 94% cotton 6% elastane,cotton,100,0,natural,cotton,"price seen $100; tech: -; no made-in line on page; elastane only in rib; SAMPLE: 56 men's clothing styles read one PDP at a time on thenorthface.com/en-us 2026-10-10, chosen across categories from category grids (T-Shirts 62, Shirts & Polos 11, Hoodies & Sweatshirts 39, Fleece 46, Insulated & Down 59, Windbreakers 24, Summit Series 75, Pants 29, Shorts 16); not random; Shop All Men's states 539 products incl. footwear/accessories"
The North Face,NF0A8J03,Men's Dynamic Hoodie,https://www.thenorthface.com/en-us/p/mens-211701/mens-dynamic-hoodie-NF0A8J03,sweats,Hoodies & Sweatshirts,Dynamic Collection,"Body 85% recycled polyester, 8% elastane, 7% lyocell with FLASHDRY-XD",polyester,85,8,blend,-,"price seen $120; tech: FlashDry; no made-in line on page; SAMPLE: 56 men's clothing styles read one PDP at a time on thenorthface.com/en-us 2026-10-10, chosen across categories from category grids (T-Shirts 62, Shirts & Polos 11, Hoodies & Sweatshirts 39, Fleece 46, Insulated & Down 59, Windbreakers 24, Summit Series 75, Pants 29, Shorts 16); not random; Shop All Men's states 539 products incl. footwear/accessories"
The North Face,NF0A8KQU,Men's TNF Double Knit Hoodie,https://www.thenorthface.com/en-us/p/shop-all/athleisure-800282/mens-tnf-double-knit-hoodie-NF0A8KQU,sweats,Hoodies & Sweatshirts,-,"Body 70% Climate Conscious Cotton, 30% recycled polyester",cotton,70,0,blend,-,"price seen $70; tech: -; no made-in line on page; elastane only in rib; SAMPLE: 56 men's clothing styles read one PDP at a time on thenorthface.com/en-us 2026-10-10, chosen across categories from category grids (T-Shirts 62, Shirts & Polos 11, Hoodies & Sweatshirts 39, Fleece 46, Insulated & Down 59, Windbreakers 24, Summit Series 75, Pants 29, Shorts 16); not random; Shop All Men's states 539 products incl. footwear/accessories"
The North Face,NF0A8H2E,Unisex Tekno Hoodie,https://www.thenorthface.com/en-us/p/mens/mens-tops-211703/unisex-tekno-hoodie-NF0A8H2E,sweats,Hoodies & Sweatshirts,-,"Body WINDWALL 94% recycled polyester, 6% elastane bonded fabric",polyester,94,6,synthetic,-,"price seen $150; tech: WindWall; no made-in line on page; unisex, filed under Men's Tops; SAMPLE: 56 men's clothing styles read one PDP at a time on thenorthface.com/en-us 2026-10-10, chosen across categories from category grids (T-Shirts 62, Shirts & Polos 11, Hoodies & Sweatshirts 39, Fleece 46, Insulated & Down 59, Windbreakers 24, Summit Series 75, Pants 29, Shorts 16); not random; Shop All Men's states 539 products incl. footwear/accessories"
The North Face,NF0A8FKR,Men's Evolution Simple Dome Oversize Crew,https://www.thenorthface.com/en-us/p/mens/mens-tops/mens-hoodies-and-sweatshirts-224211/mens-evolution-simple-dome-oversize-crew-NF0A8FKR,sweats,Hoodies & Sweatshirts,Evolution,"Solid body 67% Climate Conscious Cotton, 33% recycled polyester",cotton,67,0,blend,-,"price seen $60; tech: -; no made-in line on page; elastane only in rib; SAMPLE: 56 men's clothing styles read one PDP at a time on thenorthface.com/en-us 2026-10-10, chosen across categories from category grids (T-Shirts 62, Shirts & Polos 11, Hoodies & Sweatshirts 39, Fleece 46, Insulated & Down 59, Windbreakers 24, Summit Series 75, Pants 29, Shorts 16); not random; Shop All Men's states 539 products incl. footwear/accessories"
The North Face,NF0A8D0R,Men's Glacier Fleece Jacket,https://www.thenorthface.com/en-us/p/mens/mens-fleece/mens-fleece-full-zip-829791/mens-glacier-fleece-jacket-NF0A8D0R,sweats,Fleece,-,Solid body 75D 165 g/m² 100% recycled polyester brush-faced fleece,polyester,100,0,synthetic,polyester,"price seen $100; tech: -; no made-in line on page; page also shows a sale block $90/$53.98 conflicting with $100; SAMPLE: 56 men's clothing styles read one PDP at a time on thenorthface.com/en-us 2026-10-10, chosen across categories from category grids (T-Shirts 62, Shirts & Polos 11, Hoodies & Sweatshirts 39, Fleece 46, Insulated & Down 59, Windbreakers 24, Summit Series 75, Pants 29, Shorts 16); not random; Shop All Men's states 539 products incl. footwear/accessories"
The North Face,NF0A89GT,Men's Yumiori Reversible Jacket,https://www.thenorthface.com/en-us/p/mens/mens-fleece/mens-fleece-full-zip-829791/mens-yumiori-reversible-jacket-NF0A89GT,sweats,Fleece,Yumiori,Outer 255 g/m² 100% recycled polyester fleece; reverse WINDWALL 100% recycled nylon,polyester,100,0,synthetic,polyester,"price seen $200 (sale 119.98); tech: WindWall; no made-in line on page; SAMPLE: 56 men's clothing styles read one PDP at a time on thenorthface.com/en-us 2026-10-10, chosen across categories from category grids (T-Shirts 62, Shirts & Polos 11, Hoodies & Sweatshirts 39, Fleece 46, Insulated & Down 59, Windbreakers 24, Summit Series 75, Pants 29, Shorts 16); not random; Shop All Men's states 539 products incl. footwear/accessories"
The North Face,NF0A88XR,Men's TNF Fleeski 1/4-Zip Pullover,https://www.thenorthface.com/en-us/p/mens/mens-fleece/mens-fleece-pullover-829794/mens-tnf-fleeski-1-4-zip-pullover-NF0A88XR,sweats,Fleece,-,Body 255 g/m² 100% recycled polyester,polyester,100,0,synthetic,polyester,"price seen $140 (sale 98); tech: -; no made-in line on page; SAMPLE: 56 men's clothing styles read one PDP at a time on thenorthface.com/en-us 2026-10-10, chosen across categories from category grids (T-Shirts 62, Shirts & Polos 11, Hoodies & Sweatshirts 39, Fleece 46, Insulated & Down 59, Windbreakers 24, Summit Series 75, Pants 29, Shorts 16); not random; Shop All Men's states 539 products incl. footwear/accessories"
The North Face,NF0A3C8D,Men's 1996 Retro Nuptse Jacket,https://www.thenorthface.com/en-us/p/mens/mens-jackets-and-vests/mens-insulated-and-down-300771/mens-1996-retro-nuptse-jacket-NF0A3C8D,outerwear,Insulated & Down,Nuptse,Body 40D 100% recycled nylon ripstop; hood/shoulders/lining 100% recycled nylon taffeta; 700 fill recycled waterfowl down,polyamide,100,0,synthetic,polyamide,"price seen $380; tech: -; no made-in line on page; SAMPLE: 56 men's clothing styles read one PDP at a time on thenorthface.com/en-us 2026-10-10, chosen across categories from category grids (T-Shirts 62, Shirts & Polos 11, Hoodies & Sweatshirts 39, Fleece 46, Insulated & Down 59, Windbreakers 24, Summit Series 75, Pants 29, Shorts 16); not random; Shop All Men's states 539 products incl. footwear/accessories"
The North Face,NF0A8D1P,Men's THERMOBALL Jacket,https://www.thenorthface.com/en-us/p/mens/mens-jackets-and-vests/mens-insulated-and-down-300771/mens-thermoball-jacket-NF0A8D1P,outerwear,Insulated & Down,ThermoBall,Body and lining 30D WINDWALL 100% recycled polyester; insulation 11 g/ft² THERMOBALL 100% post-consumer recycled polyester,polyester,100,0,synthetic,polyester,"price seen $220 (sale 154); tech: ThermoBall;WindWall; no made-in line on page; no PrimaLoft named on page; SAMPLE: 56 men's clothing styles read one PDP at a time on thenorthface.com/en-us 2026-10-10, chosen across categories from category grids (T-Shirts 62, Shirts & Polos 11, Hoodies & Sweatshirts 39, Fleece 46, Insulated & Down 59, Windbreakers 24, Summit Series 75, Pants 29, Shorts 16); not random; Shop All Men's states 539 products incl. footwear/accessories"
The North Face,NF0A88XU,Men's Hydrenalite Down Jacket,https://www.thenorthface.com/en-us/p/mens/mens-jackets-and-vests/mens-insulated-and-down-300771/mens-hydrenalite-down-jacket-NF0A88XU,outerwear,Insulated & Down,-,Shell 30D 100% recycled nylon taffeta; lining 100% recycled nylon taffeta; 600 fill recycled waterfowl down,polyamide,100,0,synthetic,polyamide,"price seen $230; tech: -; no made-in line on page; SAMPLE: 56 men's clothing styles read one PDP at a time on thenorthface.com/en-us 2026-10-10, chosen across categories from category grids (T-Shirts 62, Shirts & Polos 11, Hoodies & Sweatshirts 39, Fleece 46, Insulated & Down 59, Windbreakers 24, Summit Series 75, Pants 29, Shorts 16); not random; Shop All Men's states 539 products incl. footwear/accessories"
The North Face,NF0A5GJF,Men's McMurdo Parka,https://www.thenorthface.com/en-us/p/mens/mens-jackets-and-vests/mens-parkas-300775/mens-mcmurdo-parka-NF0A5GJF,outerwear,Parkas,McMurdo,Shell DryVent 2L 100% recycled nylon woven; lining 100% recycled polyester; 600 fill recycled waterfowl down; ruff 62% polyester 38% acrylic,polyamide,100,0,synthetic,polyamide,"price seen $450; tech: DryVent; no made-in line on page; SAMPLE: 56 men's clothing styles read one PDP at a time on thenorthface.com/en-us 2026-10-10, chosen across categories from category grids (T-Shirts 62, Shirts & Polos 11, Hoodies & Sweatshirts 39, Fleece 46, Insulated & Down 59, Windbreakers 24, Summit Series 75, Pants 29, Shorts 16); not random; Shop All Men's states 539 products incl. footwear/accessories"
The North Face,NF0A8H0P,Men's Pertex Explore Jacket,https://www.thenorthface.com/en-us/p/mens/mens-jackets-and-vests/mens-insulated-and-down-300771/mens-pertex-explore-jacket-NF0A8H0P,outerwear,Insulated & Down,-,Shell Pertex Quantum 100% recycled nylon; lining 100% recycled polyester; insulation 100% recycled polyester,polyamide,100,0,synthetic,polyamide,"price seen $280; tech: Pertex; no made-in line on page; SAMPLE: 56 men's clothing styles read one PDP at a time on thenorthface.com/en-us 2026-10-10, chosen across categories from category grids (T-Shirts 62, Shirts & Polos 11, Hoodies & Sweatshirts 39, Fleece 46, Insulated & Down 59, Windbreakers 24, Summit Series 75, Pants 29, Shorts 16); not random; Shop All Men's states 539 products incl. footwear/accessories"
The North Face,NF0A8H0M,Men's Aconcagua Jacket,https://www.thenorthface.com/en-us/p/mens-211701/mens-aconcagua-jacket-NF0A8H0M,outerwear,Insulated & Down,-,Shell WINDWALL 100% recycled polyester; lining 100% recycled polyester; insulation 100% recycled polyester,polyester,100,0,synthetic,polyester,"price seen $200; tech: WindWall; no made-in line on page; SAMPLE: 56 men's clothing styles read one PDP at a time on thenorthface.com/en-us 2026-10-10, chosen across categories from category grids (T-Shirts 62, Shirts & Polos 11, Hoodies & Sweatshirts 39, Fleece 46, Insulated & Down 59, Windbreakers 24, Summit Series 75, Pants 29, Shorts 16); not random; Shop All Men's states 539 products incl. footwear/accessories"
The North Face,NF0A831M,Men's GORE-TEX Mountain Jacket,https://www.thenorthface.com/en-us/p/shop-all/rain-gear-592279/mens-gore-tex-mountain-jacket-NF0A831M,outerwear,Rainwear,Mountain Jacket,Body 150D GORE-TEX 2L 100% recycled polyester; lining 100% recycled polyester,polyester,100,0,synthetic,polyester,"price seen $450 (sale 315); tech: GORE-TEX; no made-in line on page; SAMPLE: 56 men's clothing styles read one PDP at a time on thenorthface.com/en-us 2026-10-10, chosen across categories from category grids (T-Shirts 62, Shirts & Polos 11, Hoodies & Sweatshirts 39, Fleece 46, Insulated & Down 59, Windbreakers 24, Summit Series 75, Pants 29, Shorts 16); not random; Shop All Men's states 539 products incl. footwear/accessories"
The North Face,NF0A7QEY,Men's Antora Jacket,https://www.thenorthface.com/en-us/p/mens/mens-jackets-and-vests/mens-rainwear-299284/mens-antora-jacket-NF0A7QEY,outerwear,Rainwear,Antora,Body DRYVENT 2L 100% recycled nylon ripstop; lining 100% recycled polyester mesh,polyamide,100,0,synthetic,polyamide,"price seen $130; tech: DryVent; no made-in line on page; SAMPLE: 56 men's clothing styles read one PDP at a time on thenorthface.com/en-us 2026-10-10, chosen across categories from category grids (T-Shirts 62, Shirts & Polos 11, Hoodies & Sweatshirts 39, Fleece 46, Insulated & Down 59, Windbreakers 24, Summit Series 75, Pants 29, Shorts 16); not random; Shop All Men's states 539 products incl. footwear/accessories"
The North Face,NF0A86WG,Men's Summit Superior FUTURELIGHT Jacket,https://www.thenorthface.com/en-us/p/mens/mens-collections/mens-summit-series-324273/mens-summit-series-superior-futurelight-jacket-NF0A86WG,outerwear,Summit Series,Summit Series,Body 7D x 15D FUTURELIGHT 3L 100% recycled nylon bonded fabric,polyamide,100,0,synthetic,polyamide,"price seen $360 (sale 252); tech: FUTURELIGHT; no made-in line on page; SAMPLE: 56 men's clothing styles read one PDP at a time on thenorthface.com/en-us 2026-10-10, chosen across categories from category grids (T-Shirts 62, Shirts & Polos 11, Hoodies & Sweatshirts 39, Fleece 46, Insulated & Down 59, Windbreakers 24, Summit Series 75, Pants 29, Shorts 16); not random; Shop All Men's states 539 products incl. footwear/accessories"
The North Face,NF0A8C9M,Men's Summit Series Mountain GORE-TEX Pro Jacket,https://www.thenorthface.com/en-us/p/mens/mens-collections/mens-summit-series-324273/mens-summit-series-mountain-gore-tex-pro-jacket-NF0A8C9M,outerwear,Summit Series,Summit Series,"Main body 80D GORE-TEX Pro 3L 100% recycled nylon woven; hood/arms 91% recycled polyester, 9% polyethylene Spectra",polyamide,100,0,synthetic,polyamide,"price seen $900; tech: GORE-TEX; no made-in line on page; SAMPLE: 56 men's clothing styles read one PDP at a time on thenorthface.com/en-us 2026-10-10, chosen across categories from category grids (T-Shirts 62, Shirts & Polos 11, Hoodies & Sweatshirts 39, Fleece 46, Insulated & Down 59, Windbreakers 24, Summit Series 75, Pants 29, Shorts 16); not random; Shop All Men's states 539 products incl. footwear/accessories"
The North Face,NF0A84HR,Men's Apex Bionic 3 Jacket,https://www.thenorthface.com/en-us/p/mens/mens-jackets-and-vests/mens-softshells-299287/mens-apex-bionic-3-jacket-NF0A84HR,outerwear,Softshell,Apex,"Solid body 96% recycled polyester, 4% elastane with 100% recycled polyester backer (heather body WINDWALL 100% recycled polyester)",polyester,96,4,synthetic,-,"price seen $180; tech: WindWall; no made-in line on page; SAMPLE: 56 men's clothing styles read one PDP at a time on thenorthface.com/en-us 2026-10-10, chosen across categories from category grids (T-Shirts 62, Shirts & Polos 11, Hoodies & Sweatshirts 39, Fleece 46, Insulated & Down 59, Windbreakers 24, Summit Series 75, Pants 29, Shorts 16); not random; Shop All Men's states 539 products incl. footwear/accessories"
The North Face,NF0A8ESA,Men's Valley View Jacket,https://www.thenorthface.com/en-us/p/mens/mens-jackets-and-vests/mens-rainwear-299284/mens-valley-view-jacket-NF0A8ESA,outerwear,Rainwear,-,"Body DRYVENT 3L 85% recycled polyester, 15% nylon",polyester,85,0,synthetic,-,"price seen $300 (sale 210); tech: DryVent; no made-in line on page; SAMPLE: 56 men's clothing styles read one PDP at a time on thenorthface.com/en-us 2026-10-10, chosen across categories from category grids (T-Shirts 62, Shirts & Polos 11, Hoodies & Sweatshirts 39, Fleece 46, Insulated & Down 59, Windbreakers 24, Summit Series 75, Pants 29, Shorts 16); not random; Shop All Men's states 539 products incl. footwear/accessories"
The North Face,NF0A87Y4,Men's Cirque Down Jacket,https://www.thenorthface.com/en-us/p/mens/mens-jackets-and-vests/mens-ski-and-snowboarding-jackets-299293/mens-cirque-down-jacket-NF0A87Y4,outerwear,Ski & Snowboarding Jackets,-,"Body DRYVENT 2L 94% recycled polyester, 6% elastane twill; lining 100% recycled polyester; 600 fill recycled waterfowl down; HEATSEEKER Advanced",polyester,94,6,synthetic,-,"price seen $490; tech: DryVent;Heatseeker; no made-in line on page; SAMPLE: 56 men's clothing styles read one PDP at a time on thenorthface.com/en-us 2026-10-10, chosen across categories from category grids (T-Shirts 62, Shirts & Polos 11, Hoodies & Sweatshirts 39, Fleece 46, Insulated & Down 59, Windbreakers 24, Summit Series 75, Pants 29, Shorts 16); not random; Shop All Men's states 539 products incl. footwear/accessories"
The North Face,NF0A5J96,Men's Sprag 5-Pocket Pant,https://www.thenorthface.com/en-us/p/mens/mens-bottoms/mens-pants-224219/mens-sprag-5-pocket-pants-NF0A5J96,trousers,Pants,-,"Body 94% recycled nylon, 6% elastane plain weave with FLASHDRY",polyamide,94,6,synthetic,-,"price seen $90; tech: FlashDry; no made-in line on page; SAMPLE: 56 men's clothing styles read one PDP at a time on thenorthface.com/en-us 2026-10-10, chosen across categories from category grids (T-Shirts 62, Shirts & Polos 11, Hoodies & Sweatshirts 39, Fleece 46, Insulated & Down 59, Windbreakers 24, Summit Series 75, Pants 29, Shorts 16); not random; Shop All Men's states 539 products incl. footwear/accessories"
The North Face,NF0A8EQX,Men's Summit Off Width Pant,https://www.thenorthface.com/en-us/p/mens/mens-bottoms/mens-pants-224219/mens-summit-off-width-pant-NF0A8EQX,trousers,Pants,Summit Series,"Body WINDWALL 89% recycled nylon, 11% elastane",polyamide,89,11,synthetic,-,"price seen $210; tech: WindWall;FlashDry; no made-in line on page; SAMPLE: 56 men's clothing styles read one PDP at a time on thenorthface.com/en-us 2026-10-10, chosen across categories from category grids (T-Shirts 62, Shirts & Polos 11, Hoodies & Sweatshirts 39, Fleece 46, Insulated & Down 59, Windbreakers 24, Summit Series 75, Pants 29, Shorts 16); not random; Shop All Men's states 539 products incl. footwear/accessories"
The North Face,NF0A8EC4,Men's Exploration Regular Tapered Pant,https://www.thenorthface.com/en-us/p/mens-211701/mens-exploration-regular-tapered-pant-NF0A8EC4,trousers,Pants,Exploration,"93% recycled nylon, 7% elastane woven",polyamide,93,7,synthetic,-,"price seen $110; tech: -; no made-in line on page; SAMPLE: 56 men's clothing styles read one PDP at a time on thenorthface.com/en-us 2026-10-10, chosen across categories from category grids (T-Shirts 62, Shirts & Polos 11, Hoodies & Sweatshirts 39, Fleece 46, Insulated & Down 59, Windbreakers 24, Summit Series 75, Pants 29, Shorts 16); not random; Shop All Men's states 539 products incl. footwear/accessories"
The North Face,NF0A8H9M,Men's TNF Tech Woven Pant,https://www.thenorthface.com/en-us/p/mens/mens-bottoms/mens-shorts-224220/mens-tnf-tech-woven-pant-NF0A8H9M,trousers,Pants,-,"Body WINDWALL 90% recycled nylon, 10% spandex elastane",polyamide,90,10,synthetic,-,"price seen $160; tech: WindWall; no made-in line on page; SAMPLE: 56 men's clothing styles read one PDP at a time on thenorthface.com/en-us 2026-10-10, chosen across categories from category grids (T-Shirts 62, Shirts & Polos 11, Hoodies & Sweatshirts 39, Fleece 46, Insulated & Down 59, Windbreakers 24, Summit Series 75, Pants 29, Shorts 16); not random; Shop All Men's states 539 products incl. footwear/accessories"
The North Face,NF0A86R3,Men's Wander Jogger 2.0,https://www.thenorthface.com/en-us/p/mens/mens-bottoms/mens-sweatpants-and-joggers-829829/mens-wander-joggers-20-NF0A86R3,trousers,Sweatpants & Joggers,Wander,"86% recycled polyester, 14% elastane plain weave with FLASHDRY-XD",polyester,86,14,synthetic,-,"price seen $80 (sale 47.98); tech: FlashDry; no made-in line on page; SAMPLE: 56 men's clothing styles read one PDP at a time on thenorthface.com/en-us 2026-10-10, chosen across categories from category grids (T-Shirts 62, Shirts & Polos 11, Hoodies & Sweatshirts 39, Fleece 46, Insulated & Down 59, Windbreakers 24, Summit Series 75, Pants 29, Shorts 16); not random; Shop All Men's states 539 products incl. footwear/accessories"
The North Face,NF0A86R6,Men's Wander Short 2.0,https://www.thenorthface.com/en-us/p/mens/mens-bottoms/mens-shorts-224220/mens-wander-shorts-20-NF0A86R6,shorts,Shorts,Wander,"86% recycled polyester, 14% elastane plain weave with FLASHDRY-XD",polyester,86,14,synthetic,-,"price seen $55 (sale 39); tech: FlashDry; no made-in line on page; SAMPLE: 56 men's clothing styles read one PDP at a time on thenorthface.com/en-us 2026-10-10, chosen across categories from category grids (T-Shirts 62, Shirts & Polos 11, Hoodies & Sweatshirts 39, Fleece 46, Insulated & Down 59, Windbreakers 24, Summit Series 75, Pants 29, Shorts 16); not random; Shop All Men's states 539 products incl. footwear/accessories"
The North Face,NF0A8BB4,Men's Summit Series Pacesetter 5in Shorts,https://www.thenorthface.com/en-us/p/mens/mens-collections/mens-summit-series-run-348280/mens-summit-series-pacesetter-5-shorts-NF0A8BB4,shorts,Shorts,Summit Series;LIGHTRANGE,"Front body 82% recycled polyester, 18% polyester stretch woven with LIGHTRANGE, FLASHDRY",polyester,100,0,synthetic,polyester,"price seen $80; tech: FlashDry;LIGHTRANGE; no made-in line on page; SAMPLE: 56 men's clothing styles read one PDP at a time on thenorthface.com/en-us 2026-10-10, chosen across categories from category grids (T-Shirts 62, Shirts & Polos 11, Hoodies & Sweatshirts 39, Fleece 46, Insulated & Down 59, Windbreakers 24, Summit Series 75, Pants 29, Shorts 16); not random; Shop All Men's states 539 products incl. footwear/accessories"
The North Face,NF0A8CWW,Men's Evolution Simple Dome Regular Short,https://www.thenorthface.com/en-us/p/sale/mens-sale-317774/mens-evolution-simple-dome-shorts-NF0A8CWW,shorts,Shorts,Evolution,"Solid body 67% Climate Conscious Cotton, 33% recycled polyester",cotton,67,0,blend,-,"price seen $50; tech: -; no made-in line on page; SAMPLE: 56 men's clothing styles read one PDP at a time on thenorthface.com/en-us 2026-10-10, chosen across categories from category grids (T-Shirts 62, Shirts & Polos 11, Hoodies & Sweatshirts 39, Fleece 46, Insulated & Down 59, Windbreakers 24, Summit Series 75, Pants 29, Shorts 16); not random; Shop All Men's states 539 products incl. footwear/accessories"
The North Face,NF0A8BHV,Men's Class V Pathfinder Belted Short 7in,https://www.thenorthface.com/en-us/p/mens/mens-bottoms/mens-shorts-224220/mens-class-v-pathfinder-belted-7-shorts-NF0A8BHV,shorts,Shorts,-,"Body 94% recycled nylon, 6% elastane with FLASHDRY-XD",polyamide,94,6,synthetic,-,"price seen $70 (sale 41.98); tech: FlashDry; no made-in line on page; SAMPLE: 56 men's clothing styles read one PDP at a time on thenorthface.com/en-us 2026-10-10, chosen across categories from category grids (T-Shirts 62, Shirts & Polos 11, Hoodies & Sweatshirts 39, Fleece 46, Insulated & Down 59, Windbreakers 24, Summit Series 75, Pants 29, Shorts 16); not random; Shop All Men's states 539 products incl. footwear/accessories"
The North Face,NF0A5ABU,Men's Freedom Insulated Pants,https://www.thenorthface.com/en-us/p/mens/mens-bottoms/mens-pants-224219/mens-freedom-insulated-pants-NF0A5ABU,trousers,Snow Pants,Freedom,Solid body 160D x 140D DryVent 2L 100% recycled nylon; lining 100% recycled polyester; 60 g Heatseeker Eco,polyamide,100,0,synthetic,polyamide,"price seen $200 (sale 140); tech: DryVent;Heatseeker; no made-in line on page; SAMPLE: 56 men's clothing styles read one PDP at a time on thenorthface.com/en-us 2026-10-10, chosen across categories from category grids (T-Shirts 62, Shirts & Polos 11, Hoodies & Sweatshirts 39, Fleece 46, Insulated & Down 59, Windbreakers 24, Summit Series 75, Pants 29, Shorts 16); not random; Shop All Men's states 539 products incl. footwear/accessories"
The North Face,NF0A8HB1,Men's Summit Pro Baselayer Crew,https://www.thenorthface.com/en-us/p/mens-211701/mens-summit-pro-baselayer-crew-NF0A8HB1,underwear-swim,Baselayer,Summit Series,"Body DOTKNIT 62% recycled polyester, 38% wool with FLASHDRY Pro",polyester,62,0,blend,-,"price seen $130; tech: DotKnit;FlashDry; no made-in line on page; baselayer, mapped to underwear-swim; SAMPLE: 56 men's clothing styles read one PDP at a time on thenorthface.com/en-us 2026-10-10, chosen across categories from category grids (T-Shirts 62, Shirts & Polos 11, Hoodies & Sweatshirts 39, Fleece 46, Insulated & Down 59, Windbreakers 24, Summit Series 75, Pants 29, Shorts 16); not random; Shop All Men's states 539 products incl. footwear/accessories"
The North Face,NF0A7UJK,Men's Canyonlands Hybrid Jacket,https://www.thenorthface.com/en-us/p/mens/mens-fleece/mens-fleece-full-zip-829791/mens-canyonlands-hybrid-jacket-NF0A7UJK,outerwear,Fleece / Insulated & Down,-,Body 100% recycled polyester plain weave; side panels 96% recycled polyester 4% elastane knit; Heatseeker,polyester,100,0,synthetic,polyester,"price seen $200; tech: Heatseeker; no made-in line on page; SAMPLE: 56 men's clothing styles read one PDP at a time on thenorthface.com/en-us 2026-10-10, chosen across categories from category grids (T-Shirts 62, Shirts & Polos 11, Hoodies & Sweatshirts 39, Fleece 46, Insulated & Down 59, Windbreakers 24, Summit Series 75, Pants 29, Shorts 16); not random; Shop All Men's states 539 products incl. footwear/accessories"
Tod's,X5MB3515620XJQ,T-shirt in Jersey,https://www.tods.com/us-en/T-shirt-in-Jersey/p/X5MB3515620XJQU807/,tees-polos,T-Shirt,-,"100% cotton, inserts 100% cotton",cotton,100,0,natural,cotton,Made in Italy; 2 colourways on listings
Tod's,X5MB3505800VDN,T-shirt in Jersey,https://www.tods.com/us-en/T-shirt-in-Jersey/p/X5MB3505800VDNB001/,tees-polos,T-Shirt,-,100% cotton,cotton,100,0,natural,cotton,Made in Italy; 2 colourways on listings
Tod's,X5MB3515600XJQ,T-shirt in Jersey,https://www.tods.com/us-en/T-shirt-in-Jersey/p/X5MB3515600XJQC200/,tees-polos,T-Shirt,-,100% cotton,cotton,100,0,natural,cotton,Made in Italy
Tod's,X8MC1538630YKD,Polo Shirt in Merino Wool,https://www.tods.com/us-en/Polo-Shirt-in-Merino-Wool/p/X8MC1538630YKDB006/,tees-polos,Polo; Knitwear,-,100% merino wool,wool,100,0,natural,wool,listed under Polo and Knitwear; assigned by garment to tees-polos; Made in Italy; 2 colourways on listings
Tod's,X8MC1538090YKH,Polo Shirt in Alpaca and Cashmere,https://www.tods.com/us-en/Polo-Shirt-in-Alpaca-and-Cashmere/p/X8MC1538090YKHM014/,tees-polos,Polo; Knitwear,-,"90% alpaca, 10% cashmere, lambskin leather detailing",alpaca,90,0,natural,-,listed under Polo and Knitwear; assigned by garment to tees-polos; Made in Italy; 2 colourways on listings
Tod's,X8MC1518410XAA,Polo Shirt in Wool Piquet,https://www.tods.com/us-en/Polo-Shirt-in-Wool-Piquet/p/X8MC1518410XAAS600/,tees-polos,Polo; Knitwear,-,"100% wool, leather detailing",wool,100,0,natural,wool,listed under Polo and Knitwear; assigned by garment to tees-polos; Made in Italy
Tod's,X8MC1498500WFV,Polo Shirt in T15 Wool,https://www.tods.com/us-en/Polo-Shirt-in-T15-Wool/p/X8MC1498500WFVU808/,tees-polos,Polo; Knitwear,T15 Wool,100% wool,wool,100,0,natural,wool,listed under Polo and Knitwear; assigned by garment to tees-polos; Made in Italy
Tod's,X8MC1528370YAO,Polo Shirt in Vanisé Knit,https://www.tods.com/us-en/Polo-Shirt-in-Vanisé-Knit/p/X8MC1528370YAOB006/,tees-polos,Polo; Knitwear,-,100% cotton,cotton,100,0,natural,cotton,listed under Polo and Knitwear; assigned by garment to tees-polos; Made in Italy
Tod's,X5MB2525770WGD,Polo Shirt in Piquet,https://www.tods.com/us-en/Polo-Shirt-in-Piquet/p/X5MB2525770WGDV212/,tees-polos,Polo,-,100% cotton,cotton,100,0,natural,cotton,Made in Italy; 2 colourways on listings
Tod's,X5MB2495500WGD,Polo Shirt in Piquet,https://www.tods.com/us-en/Polo-Shirt-in-Piquet/p/X5MB2495500WGDS800/,tees-polos,Polo,-,100% cotton,cotton,100,0,natural,cotton,Made in Italy; 3 colourways on listings
Tod's,X8MC1528020WFU,Polo Shirt in Linen Knit,https://www.tods.com/us-en/Polo-Shirt-in-Linen-Knit/p/X8MC1528020WFUM021/,tees-polos,Polo; Knitwear,-,"100% linen, leather detailing",linen,100,0,natural,linen,listed under Polo and Knitwear; assigned by garment to tees-polos; Made in Italy; 2 colourways on listings
Tod's,X6MA1536200YJQ,Shirt in Cotton Herringbone,https://www.tods.com/us-en/Shirt-in-Cotton-Herringbone/p/X6MA1536200YJQB018/,shirts,Shirts,-,"51% cotton, 49% lyocell",cotton,51,0,blend,-,Made in Italy; 2 colourways on listings
Tod's,X1M04520510ZYJ,Overshirt in Pashmy Suede,https://www.tods.com/us-en/Overshirt-in-Pashmy-Suede/p/X1M04520510ZYJG837/,outerwear,Outerwear; Shirts,Pashmy,"100% lambskin leather, lined parts 100% cotton",leather,100,0,natural,leather,listed under Shirts and Outerwear; leather/suede overshirt assigned to outerwear; made-in not stated on page
Tod's,X1M04531510WNX,Overshirt in Mélange Flannel,https://www.tods.com/us-en/Overshirt-in-Mélange-Flannel/p/X1M04531510WNXB608/,shirts,Shirts,-,"100% virgin wool, leather detailing",wool,100,0,natural,wool,Made in Italy
Tod's,X1M04520320XZT,Overshirt in Leather,https://www.tods.com/us-en/Overshirt-in-Leather/p/X1M04520320XZTS801/,outerwear,Outerwear; Shirts,-,"100% lambskin leather, body lining 100% cotton, sleeve lining 100% cupro",leather,100,0,natural,leather,listed under Shirts and Outerwear; leather/suede overshirt assigned to outerwear; made-in not stated on page
Tod's,X6MA1526310YCC,Mandarin Shirt in Linen,https://www.tods.com/us-en/Mandarin-Shirt-in-Linen/p/X6MA1526310YCCC407/,shirts,Shirts,-,100% linen,linen,100,0,natural,linen,Made in Italy; 2 colourways on listings
Tod's,X6MA1526010WEQ,Button Down Shirt in Linen,https://www.tods.com/us-en/Button-Down-Shirt-in-Linen/p/X6MA1526010WEQB001/,shirts,Shirts,-,100% linen,linen,100,0,natural,linen,Made in Italy
Tod's,X6MA1526010YFE,Button Down Shirt in Striped Linen,https://www.tods.com/us-en/Button-Down-Shirt-in-Striped-Linen/p/X6MA1526010YFEM008/,shirts,Shirts,-,100% linen,linen,100,0,natural,linen,Made in Italy; 2 colourways on listings
Tod's,X6MA1516070XPL,Shirt in Cotton,https://www.tods.com/us-en/Shirt-in-Cotton/p/X6MA1516070XPL0135/,shirts,Shirts,-,100% cotton,cotton,100,0,natural,cotton,Made in Italy; 2 colourways on listings
Tod's,X6MA1506020WXK,Relaxed-Fit Shirt in Oxford,https://www.tods.com/us-en/Relaxed-Fit-Shirt-in-Oxford/p/X6MA1506020WXKB001/,shirts,Shirts,-,100% cotton,cotton,100,0,natural,cotton,Made in Italy
Tod's,X3M81524820YIN,Chino Trousers in Cotton,https://www.tods.com/us-en/Chino-Trousers-in-Cotton/p/X3M81524820YINB601/,trousers,Trousers,-,"97% cotton, 3% elastane, lined parts 100% cotton",cotton,97,3,blend,-,Made in Italy; 3 colourways on listings
Tod's,X3M81514040ZYD,Trousers in Technical Cotton with Drawstring,https://www.tods.com/us-en/Trousers-in-Technical-Cotton-with-Drawstring/p/X3M81514040ZYDU808/,trousers,Trousers,-,"69% cotton, 31% polyester, lined parts 100% cotton, leather detailing",cotton,69,0,blend,-,Made in Italy
Tod's,X3M8253417LJDE,5-Pocket Jeans in Cotton,https://www.tods.com/us-en/5-Pocket-Jeans-in-Cotton/p/X3M8253417LJDEU612/,denim,Trousers,-,"100% cotton, line detailing 100% cotton, leather inserts",cotton,100,0,natural,cotton,Made in Italy
Tod's,X3M81524820XZC,Chino Trousers in Cotton,https://www.tods.com/us-en/Chino-Trousers-in-Cotton/p/X3M81524820XZCB002/,trousers,Trousers,-,"100% cotton, lined parts 100% cotton",cotton,100,0,natural,cotton,Made in Italy; 3 colourways on listings
Tod's,X3M81524320XZU,Trousers in Pashmy Suede,https://www.tods.com/us-en/Trousers-in-Pashmy-Suede/p/X3M81524320XZUG809/,trousers,Trousers,Pashmy,"100% ovine leather, lining 100% viscose, second lining 100% cotton",leather,100,0,natural,leather,Made in Italy
Tod's,X3M81514200XIX,Chino Trousers in Corduroy,https://www.tods.com/us-en/Chino-Trousers-in-Corduroy/p/X3M81514200XIXB004/,trousers,Trousers,-,"100% cotton, lined parts 100% cotton, leather detailing",cotton,100,0,natural,cotton,Made in Italy
Tod's,X3M81514040WNX,Trousers in Flannel with Drawstring,https://www.tods.com/us-en/Trousers-in-Flannel-with-Drawstring/p/X3M81514040WNXB608/,trousers,Trousers,-,"100% virgin wool, lined parts 100% cotton, leather detailing",wool,100,0,natural,wool,Made in Italy; 2 colourways on listings
Tod's,X5M88515580XIE,Jogging Trousers in Cashmere-Blend Jersey,https://www.tods.com/us-en/Jogging-Trousers-in-Cashmere-Blend-Jersey/p/X5M88515580XIE1535/,trousers,Trousers,-,"88% virgin wool, 8% cashmere, 4% polyamide, internal parts 90% virgin wool, 10% cashmere",wool,88,0,blend,-,Made in Italy; 2 colourways on listings
Tod's,X3M8249407LJDE,5-Pocket Jeans,https://www.tods.com/us-en/5-Pocket-Jeans/p/X3M8249407LJDEU612/,denim,Trousers,-,100% cotton,cotton,100,0,natural,cotton,Made in Italy
Tod's,X3M8251415LWQV,Relaxed-Fit 5-Pocket Jeans,https://www.tods.com/us-en/Relaxed-Fit-5-Pocket-Jeans/p/X3M8251415LWQVU605/,denim,Trousers,-,"100% cotton, leather detailing",cotton,100,0,natural,cotton,Made in Italy
Tod's,X3M8250415LJDE,Relaxed-Fit 5-Pocket Jeans,https://www.tods.com/us-en/Relaxed-Fit-5-Pocket-Jeans/p/X3M8250415LJDEU005/,denim,Trousers,-,"100% cotton, leather detailing",cotton,100,0,natural,cotton,Made in Italy
Tod's,X3M8250407LWEE,5-Pocket Jeans,https://www.tods.com/us-en/5-Pocket-Jeans/p/X3M8250407LWEEC004/,denim,Trousers,-,"100% cotton, leather detailing",cotton,100,0,natural,cotton,Made in Italy
Tod's,X3M8249407LWEE,5-Pocket Trousers in Denim,https://www.tods.com/us-en/5-Pocket-Trousers-in-Denim/p/X3M8249407LWEEC004/,denim,Trousers,-,100% cotton,cotton,100,0,natural,cotton,Made in Italy
Tod's,X3M8250415LWEE,Relaxed-Fit 5-Pocket Jeans,https://www.tods.com/us-en/Relaxed-Fit-5-Pocket-Jeans/p/X3M8250415LWEEC004/,denim,Trousers,-,"100% cotton, leather detailing",cotton,100,0,natural,cotton,Made in Italy
Tod's,X3M83524010XZC,Bermuda Shorts in Cotton,https://www.tods.com/us-en/Bermuda-Shorts-in-Cotton/p/X3M83524010XZCV425/,shorts,Trousers,-,"100% cotton, lined parts 100% cotton",cotton,100,0,natural,cotton,Made in Italy; 2 colourways on listings
Tod's,X8MC1538540YJZ,Round-neck Jumper in Cashmere and Silk,https://www.tods.com/us-en/Round-neck-Jumper-in-Cashmere-and-Silk/p/X8MC1538540YJZU807/,knitwear,Knitwear,-,"60% cashmere, 40% silk, leather detailing",cashmere,60,0,natural,-,Made in Italy; 2 colourways on listings
Tod's,X8MC1538080YKH,Round-neck Jumper in Alpaca and Cashmere,https://www.tods.com/us-en/Round-neck-Jumper-in-Alpaca-and-Cashmere/p/X8MC1538080YKHM014/,knitwear,Knitwear,-,"90% alpaca, 10% cashmere, lambskin leather detailing",alpaca,90,0,natural,-,Made in Italy
Tod's,X8MC1538160YKI,Round-neck Jumper in Cashmere,https://www.tods.com/us-en/Round-neck-Jumper-in-Cashmere/p/X8MC1538160YKIB608/,knitwear,Knitwear,-,"100% cashmere, lambskin leather detailing",cashmere,100,0,natural,cashmere,Made in Italy; 2 colourways on listings
Tod's,X8MC1538460YKJ,Half-Zip Pullover in Cashmere,https://www.tods.com/us-en/Half-Zip-Pullover-in-Cashmere/p/X8MC1538460YKJT034/,knitwear,Knitwear,-,"100% cashmere, leather detailing",cashmere,100,0,natural,cashmere,Made in Italy; 2 colourways on listings
Tod's,X8MC1538170YKL,Cashmere Blend Jumper,https://www.tods.com/us-en/Cashmere-Blend-Jumper/p/X8MC1538170YKLC006/,knitwear,Knitwear,-,"70% merino wool, 30% cashmere, leather detailing",wool,70,0,natural,-,Made in Italy
Tod's,X8MC1538070YJU,Turtleneck in Wool and Alpaca,https://www.tods.com/us-en/Turtleneck-in-Wool-and-Alpaca/p/X8MC1538070YJUC006/,knitwear,Knitwear,-,"70% wool, 25% alpaca, 5% cashmere, leather detailing",wool,70,0,natural,-,Made in Italy; 2 colourways on listings
Tod's,X8MC1538300YOE,Cashmere Blend Turtleneck,https://www.tods.com/us-en/Cashmere-Blend-Turtleneck/p/X8MC1538300YOEU808/,knitwear,Knitwear,-,"41% virgin wool, 38% wool, 19% cashmere, 2% polyamide, leather detailing",wool,79,0,blend,-,41% virgin wool + 38% wool summed as wool 79; Made in Italy
Tod's,X8MC1518520WFV,Turtleneck in T15 Wool,https://www.tods.com/us-en/Turtleneck-in-T15-Wool/p/X8MC1518520WFVB999/,knitwear,Knitwear,T15 Wool,100% wool,wool,100,0,natural,wool,Made in Italy; 2 colourways on listings
Tod's,X8MC1518510WFV,Round-neck Jumper in T15 Wool,https://www.tods.com/us-en/Round-neck-Jumper-in-T15-Wool/p/X8MC1518510WFVB205/,knitwear,Knitwear,T15 Wool,100% wool,wool,100,0,natural,wool,Made in Italy; 2 colourways on listings
Tod's,X8MC1518180VRH,Cashmere Blend Cardigan,https://www.tods.com/us-en/Cashmere-Blend-Cardigan/p/X8MC1518180VRHB002/,knitwear,Knitwear,-,"70% wool, 30% cashmere, leather detailing",wool,70,0,natural,-,Made in Italy; 2 colourways on listings
Tod's,X8MC1518530WFV,Jumper in T15 Wool,https://www.tods.com/us-en/Jumper-in-T15-Wool/p/X8MC1518530WFVU809/,knitwear,Knitwear,T15 Wool,"100% wool, leather detailing",wool,100,0,natural,wool,Made in Italy; 2 colourways on listings
Tod's,X8MC1498260VRH,Cashmere Blend Round-neck Jumper,https://www.tods.com/us-en/Cashmere-Blend-Round-neck-Jumper/p/X8MC1498260VRHB002/,knitwear,Knitwear,-,"70% wool, 30% cashmere",wool,70,0,natural,-,Made in Italy; 2 colourways on listings
Tod's,X8MC1498140VRH,Cashmere Blend Round-neck Jumper,https://www.tods.com/us-en/Cashmere-Blend-Round-neck-Jumper/p/X8MC1498140VRHU808/,knitwear,Knitwear,-,"70% wool, 30% cashmere",wool,70,0,natural,-,Made in Italy; 2 colourways on listings
Tod's,X8MC1498510WFV,Round-neck Jumper in T15 Wool,https://www.tods.com/us-en/Round-neck-Jumper-in-T15-Wool/p/X8MC1498510WFVU808/,knitwear,Knitwear,T15 Wool,100% wool,wool,100,0,natural,wool,Made in Italy
Tod's,X8MC1518890VRH,Round-neck Jumper in Wool and Cashmere,https://www.tods.com/us-en/Round-neck-Jumper-in-Wool-and-Cashmere/p/X8MC1518890VRHS407/,knitwear,Knitwear,-,"70% extra-fine lambskin wool, 30% cashmere, leather detailing",wool,70,0,natural,-,Made in Italy
Tod's,X1M42532110XZU,Castello Jacket in Pashmy Suede,https://www.tods.com/us-en/Castello-Jacket-in-Pashmy-Suede/p/X1M42532110XZUS004/,outerwear,Outerwear,Pashmy,"100% lambskin leather, body lining 51% viscose, 49% cotton, sleeve lining 100% cupro",leather,100,0,natural,leather,Made in Italy
Tod's,X1M42522220XIM,Castello Jacket in Double Fabric,https://www.tods.com/us-en/Castello-Jacket-in-Double-Fabric/p/X1M42522220XIMB601/,outerwear,Outerwear,-,"100% virgin wool, sleeve lining 100% cupro, ovine leather detailing",wool,100,0,natural,wool,Made in Italy
Tod's,X1M42522110XZU,Castello Jacket in Pashmy Suede,https://www.tods.com/us-en/Castello-Jacket-in-Pashmy-Suede/p/X1M42522110XZUU808/,outerwear,Outerwear,Pashmy,"100% ovine leather, body lining 100% cotton, sleeve lining 100% cupro",leather,100,0,natural,leather,Made in Italy
Tod's,X1M42511750WOM,Castello Jacket in Shearling Velour,https://www.tods.com/us-en/Castello-Jacket-in-Shearling-Velour/p/X1M42511750WOMS802/,outerwear,Outerwear,-,"ovine fur, leather detailing",other-natural,100,0,natural,other-natural,"named material without percentage (""ovine fur"", shearling); lead_pct 100 by rule that a named fibre counts; Made in Italy"
Tod's,X1M36530660XZU,Spiga Shirt Jacket in Pashmy Suede,https://www.tods.com/us-en/Spiga-Shirt-Jacket-in-Pashmy-Suede/p/X1M36530660XZUB800/,outerwear,Outerwear,Pashmy,"100% lambskin leather, body lining 51% viscose, 49% cotton, sleeve lining 100% cupro, padding 100% polyester",leather,100,0,natural,leather,Made in Italy
Tod's,X1M04510650XZU,Spiga Shirt Jacket in Pashmy Suede,https://www.tods.com/us-en/Spiga-Shirt-Jacket-in-Pashmy-Suede/p/X1M04510650XZUG600/,outerwear,Outerwear,Pashmy,"100% lambskin leather, body lining 51% viscose, 49% cotton, sleeve lining 100% cupro",leather,100,0,natural,leather,Made in Italy
Tod's,X1M12530220XZU,Jacket in Pashmy Suede,https://www.tods.com/us-en/Jacket-in-Pashmy-Suede/p/X1M12530220XZUC003/,outerwear,Outerwear,Pashmy,"100% ovine leather, body lining 51% viscose, 49% cotton, sleeve lining 100% cupro",leather,100,0,natural,leather,Made in Italy; 2 colourways on listings
Tod's,X1M11522240XIM,Mandarin-Collar Bomber Jacket in Double Fabric,https://www.tods.com/us-en/Mandarin-Collar-Bomber-Jacket-in-Double-Fabric/p/X1M11522240XIMB601/,outerwear,Outerwear,-,ND,ND,ND,ND,undisclosed,-,listed on Outerwear grid 2026-10-10 but PDP redirects to Men/Ready-To-Wear/View-all (tried twice); composition unread; made-in unread
Tod's,X1M12530680XZU,Jacket in Pashmy Suede,https://www.tods.com/us-en/Jacket-in-Pashmy-Suede/p/X1M12530680XZUU808/,outerwear,Outerwear,Pashmy,"100% ovine leather, body lining 51% viscose, 49% cotton",leather,100,0,natural,leather,Made in Italy; 2 colourways on listings
Tod's,X1M11510030XZU,Brera Bomber Jacket in Pashmy Suede,https://www.tods.com/us-en/Brera-Bomber-Jacket-in-Pashmy-Suede/p/X1M11510030XZUC003/,outerwear,Outerwear,Pashmy,"100% ovine leather, body lining 100% cotton, sleeve lining 100% cupro, knit hems 82% cotton, 15% polyamide, 3% elastane, padding 100% polyester, bovine leather detailing",leather,100,0,natural,leather,"elastane only in trims (knit hems), not main line; Made in Italy; 4 colourways on listings"
Tod's,X1M12520230XZU,Bomber Jacket in Pashmy Suede,https://www.tods.com/us-en/Bomber-Jacket-in-Pashmy-Suede/p/X1M12520230XZUG218/,outerwear,Outerwear,Pashmy,"100% ovine leather, body lining 100% linen, sleeve lining 100% cupro, knit hems 90% cotton, 8% polyamide, 2% elastane",leather,100,0,natural,leather,"elastane only in trims (knit hems), not main line; Made in Italy"
Tod's,X1M11510030WDN,Bomber Jacket in Pashmy Suede,https://www.tods.com/us-en/Bomber-Jacket-in-Pashmy-Suede/p/X1M11510030WDNS801/,outerwear,Outerwear,Pashmy,"100% ovine leather, interior 100% cotton, sleeve lining 100% cupro (striped jacquard twill)",leather,100,0,natural,leather,Made in Italy
Tod's,X1M11490030WDN,Pashmy Bomber Jacket in Suede,https://www.tods.com/us-en/Pashmy-Bomber-Jacket-in-Suede/p/X1M11490030WDNS205/,outerwear,Outerwear,Pashmy,"100% ovine leather, knit hems 85% cotton, 12% polyamide, 3% elastane, bovine leather detailing, body lining 57% cupro, 43% silk, sleeve...",leather,100,0,natural,leather,"elastane only in trims (knit hems), not main line; Made in Italy; 2 colourways on listings"
Tod's,X1M11500030WDN,Bomber Jacket in Pashmy Suede,https://www.tods.com/us-en/Bomber-Jacket-in-Pashmy-Suede/p/X1M11500030WDNC003/,outerwear,Outerwear,Pashmy,"100% ovine leather, knit hems 85% cotton, 13% polyamide, 2% elastane, body lining 100% cotton, sleeve lining 100% cupro, padding 100% polyester",leather,100,0,natural,leather,"elastane only in trims (knit hems), not main line; Made in Italy; 2 colourways on listings"
Tod's,X1M11531420IIE,Brera Bomber Jacket in Soft-Touch Microfiber,https://www.tods.com/us-en/Brera-Bomber-Jacket-in-Soft-Touch-Microfiber/p/X1M11531420IIEU809/,outerwear,Outerwear,-,"70% polyester, 30% polyamide, knit hems 77% polyester, 20% polyamide, 3% elastane, body lining 51% viscose, 49% cotton, sleeve lining 100% cupro, padding 100% polyester, leather detailing",polyester,70,0,synthetic,-,"elastane only in trims (knit hems), not main line; Made in Italy; 2 colourways on listings"
Tod's,X1M12530010ZYD,Jacket in Technical Cotton,https://www.tods.com/us-en/Jacket-in-Technical-Cotton/p/X1M12530010ZYDU808/,outerwear,Outerwear,-,"69% cotton, 31% polyester, sleeve lining 100% cupro, leather detailing",cotton,69,0,blend,-,Made in Italy
Tod's,X1M11500420WFT,Bomber Jacket in Technical Fabric,https://www.tods.com/us-en/Bomber-Jacket-in-Technical-Fabric/p/X1M11500420WFTC803/,outerwear,Outerwear,-,"64% polyamide, 21% polyurethane, 15% elastane, knit hem 96% polyamide, 4% elastane, body lining 100% wool, sleeve lining 100% cupro, leather detailing",polyamide,64,15,synthetic,-,Made in Italy
Tod's,X1M11490420WFT,Bomber Jacket in Technical Fabric,https://www.tods.com/us-en/Bomber-Jacket-in-Technical-Fabric/p/X1M11490420WFTU808/,outerwear,Outerwear,-,"64% polyamide, 21% polyurethane, 15% elastane, leather detailing, knit trim 96% polyamide, 4% elastane, body lining 100% wool, sleeve lining 100% cupro",polyamide,64,15,synthetic,-,Made in Italy
Tod's,X1M12521250WEQ,Jacket in Linen,https://www.tods.com/us-en/Jacket-in-Linen/p/X1M12521250WEQC003/,outerwear,Outerwear,-,"100% linen, body lining 100% linen, sleeve lining 100% cupro, leather detailing",linen,100,0,natural,linen,Made in Italy; 2 colourways on listings
Tod's,X1M12522770ZYD,Jacket in Technical Cotton,https://www.tods.com/us-en/Jacket-in-Technical-Cotton/p/X1M12522770ZYDC002/,outerwear,Outerwear,-,"69% cotton, 31% polyester, 100% cotton inserts, leather detailing",cotton,69,0,blend,-,Made in Italy; 2 colourways on listings
Tod's,X1M06530340IIE,Field Jacket in Soft-Touch Microfiber,https://www.tods.com/us-en/Field-Jacket-in-Soft-Touch-Microfiber/p/X1M06530340IIEB403/,outerwear,Outerwear,-,"70% polyester, 30% polyamide, body lining 51% viscose, 49% cotton, sleeve lining 100% cupro, padding 100% polyester, leather detailing",polyester,70,0,synthetic,-,Made in Italy
Tod's,X1M06510320XJX,Field Jacket in Wool Drap,https://www.tods.com/us-en/Field-Jacket-in-Wool-Drap/p/X1M06510320XJXB610/,outerwear,Outerwear,-,"100% wool with polyurethane coating, body lining 100% cotton, sleeve lining 100% cupro, leather detailing",wool,100,0,natural,wool,Made in Italy
Tod's,X1M06520340IIE,Field Jacket in Technical Canvas,https://www.tods.com/us-en/Field-Jacket-in-Technical-Canvas/p/X1M06520340IIEB018/,outerwear,Outerwear,-,"75% polyester, 24% polyamide, body lining 100% cotton, sleeve lining 100% cupro, leather detailing",polyester,75,0,synthetic,-,Made in Italy
Tod's,X1M06510410WFT,Field Jacket in Technical Fabric,https://www.tods.com/us-en/Field-Jacket-in-Technical-Fabric/p/X1M06510410WFTU808/,outerwear,Outerwear,-,"64% polyamide, 21% polyurethane, 15% elastane, body lining 100% virgin wool, sleeve lining 100% cupro, padding 100% polyester, ovine leather detailing",polyamide,64,15,synthetic,-,Made in Italy
Tod's,X1M12530270YPO,Jacket in Nappa Leather with Hood,https://www.tods.com/us-en/Jacket-in-Nappa-Leather-with-Hood/p/X1M12530270YPOS017/,outerwear,Outerwear,-,"100% calfskin leather, body lining 55% silk, 45% cashmere, sleeve lining 100% cupro",leather,100,0,natural,leather,Made in Italy
Tod's,X1M13530550YPO,Jacket in Nappa Leather,https://www.tods.com/us-en/Jacket-in-Nappa-Leather/p/X1M13530550YPOS802/,outerwear,Outerwear,-,"100% calfskin leather, sleeve lining 100% cupro",leather,100,0,natural,leather,Made in Italy
Tod's,X1M04500870WTN,Overshirt in Nappa Leather,https://www.tods.com/us-en/Overshirt-in-Nappa-Leather/p/X1M04500870WTNS802/,outerwear,Outerwear,-,"100% ovine leather, body lining 100% cotton, sleeve lining 100% cupro",leather,100,0,natural,leather,Made in Italy
Tod's,X1M04510650WDN,Shirt Jacket in Pashmy Suede,https://www.tods.com/us-en/Shirt-Jacket-in-Pashmy-Suede/p/X1M04510650WDNC817/,outerwear,Outerwear,Pashmy,"100% ovine leather, interior100% cotton, sleeve lining 100% cupro (striped jacquard twill)",leather,100,0,natural,leather,Made in Italy
Tod's,X1M12500020WDN,Coach Jacket in Pashmy Suede,https://www.tods.com/us-en/Coach-Jacket-in-Pashmy-Suede/p/X1M12500020WDNU604/,outerwear,Outerwear,Pashmy,"100% ovine leather, knit hems 70% cotton, 26% polyamide, 4% elastane, body lining 100% cotton, sleeve lining 100% cupro",leather,100,0,natural,leather,"elastane only in trims (knit hems), not main line; Made in Italy; 2 colourways on listings"
Tod's,X1M12520220XZU,Jacket in Pashmy Suede,https://www.tods.com/us-en/Jacket-in-Pashmy-Suede/p/X1M12520220XZUV422/,outerwear,Outerwear,Pashmy,"100% ovine leather, body lining 100% cotton, sleeve lining 100% cupro",leather,100,0,natural,leather,Made in Italy
Tod's,X1M04500650WDN,Shirt Jacket in Pashmy Suede,https://www.tods.com/us-en/Shirt-Jacket-in-Pashmy-Suede/p/X1M04500650WDNC003/,outerwear,Outerwear,Pashmy,"100% ovine leather, body lining 100% cotton, sleeve lining 100% cupro",leather,100,0,natural,leather,Made in Italy
Tod's,X1M04510900XIE,Shirt Jacket in Cashmere-Blend Jersey,https://www.tods.com/us-en/Shirt-Jacket-in-Cashmere-Blend-Jersey/p/X1M04510900XIE1535/,outerwear,Outerwear,-,"88% virgin wool, 8% cashmere, 4% polyamide",wool,88,0,blend,-,Made in Italy
Tod's,X1M12490040WDN,Pashmy Trucker Jacket in Suede,https://www.tods.com/us-en/Pashmy-Trucker-Jacket-in-Suede/p/X1M12490040WDNC003/,outerwear,Outerwear,Pashmy,"100% ovine leather, body lining 57% cupro, 43% silk, sleeve lining 100% cupro",leather,100,0,natural,leather,Made in Italy
Tod's,X2M74533020WNX,Blazer in Mélange Flannel,https://www.tods.com/us-en/Blazer-in-Mélange-Flannel/p/X2M74533020WNXB608/,tailoring,Outerwear,-,"100% wool, body lining 51% viscose, 49% cotton, sleeve lining 100% cupro, lambskin leather detailing",wool,100,0,natural,wool,Made in Italy
Tod's,X1M03500120WDN,Blazer in Pashmy Suede,https://www.tods.com/us-en/Blazer-in-Pashmy-Suede/p/X1M03500120WDNC003/,tailoring,Outerwear,Pashmy,"100% ovine leather, body lining 100% cotton, sleeve lining 100% cupro",leather,100,0,natural,leather,Made in Italy
Tod's,X2M74513130XIE,Blazer in Cashmere-Blend Jersey,https://www.tods.com/us-en/Blazer-in-Cashmere-Blend-Jersey/p/X2M74513130XIE2924/,tailoring,Outerwear,-,"88% virgin wool, 8% cashmere, 4% polyamide, sleeve lining 100% cupro (striped jacquard twill)",wool,88,0,blend,-,Made in Italy
Tod's,X1M61500060WFT,Car Coat in Stretch Nylon,https://www.tods.com/us-en/Car-Coat-in-Stretch-Nylon/p/X1M61500060WFTS610/,outerwear,Outerwear,-,"80% polyamide, 20% elastane, with polyurethane coating, ovine leather detailing, body lining 100% virgin wool, sleeve lining 100% cupro, padding 100% polyester",polyamide,80,20,synthetic,-,Made in Italy
Tod's,X1M10532460IIE,Gilet in Soft-Touch Microfiber,https://www.tods.com/us-en/Gilet-in-Soft-Touch-Microfiber/p/X1M10532460IIEB403/,outerwear,Outerwear,-,"70% polyester, 30% polyamide, lining 51% viscose, 49% cotton, padding 100% polyester, leather detailing",polyester,70,0,synthetic,-,Made in Italy; 2 colourways on listings
Tod's,X1M10510460WFT,Waistcoat in Technical Fabric,https://www.tods.com/us-en/Waistcoat-in-Technical-Fabric/p/X1M10510460WFTU808/,outerwear,Outerwear,-,"64% polyamide, 21% polyurethane, 15% elastane, lining 100% virgin wool, padding 100% polyester, ovine leather detailing",polyamide,64,15,synthetic,-,"technical-fabric gilet, kept in outerwear not tailoring; Made in Italy"
Tod's,X1M10521460WFT,Waistcoat in Technical Fabric,https://www.tods.com/us-en/Waistcoat-in-Technical-Fabric/p/X1M10521460WFTU808/,outerwear,Outerwear,-,"64% polyamide, 21% polyurethane, 15% elastane, leather detailing",polyamide,64,15,synthetic,-,"technical-fabric gilet, kept in outerwear not tailoring; Made in Italy"
Tod's,X1M60520470XYX,Trench Coat in Gabardine,https://www.tods.com/us-en/Trench-Coat-in-Gabardine/p/X1M60520470XYXC407/,outerwear,Outerwear,-,"100% cotton, body lining 100% cotton, sleeve lining 100% cupro, leather detailing",cotton,100,0,natural,cotton,Made in Italy
Tod's,X1M11521310XZU,Bomber Jacket in Knit and Pashmy,https://www.tods.com/us-en/Bomber-Jacket-in-Knit-and-Pashmy/p/X1M11521310XZUC003/,outerwear,Outerwear,Pashmy,"100% cotton, second fabric 100% ovine leather, knit hems 100% cotton, leather detailing",cotton,100,0,natural,cotton,Made in Italy
Tod's,X1M11510530XIM,Bomber Jacket in Wool Double Fabric,https://www.tods.com/us-en/Bomber-Jacket-in-Wool-Double-Fabric/p/X1M11510530XIMU809/,outerwear,Outerwear,-,"100% virgin wool, knit hems 88% wool, 10% polyamide, 2% elastane, sleeve lining 100% cupro, ovine leather detailing",wool,100,0,natural,wool,"elastane only in trims (knit hems), not main line; Made in Italy"
Tod's,X1M04510980XXK,Spiga Shirt Jacket in Wool Drap,https://www.tods.com/us-en/Spiga-Shirt-Jacket-in-Wool-Drap/p/X1M04510980XXKS801/,outerwear,Outerwear,-,"100% wool with polyurethane membrane, body lining 100% cotton, ovine leather detailing",wool,100,0,natural,wool,Made in Italy
Tod's,X1M13511080WDR,Over-Jacket in T15 Wool Drap,https://www.tods.com/us-en/Over-Jacket-in-T15-Wool-Drap/p/X1M13511080WDRU809/,outerwear,Outerwear,T15 Wool,"100% wool with water-repellent and breathable membrane, ovine leather detailing, interior 100% cotton, sleeve lining 100% cupro (striped jacquard twill)",wool,100,0,natural,wool,Made in Italy
Tod's,X1M32511980ZXW,Hooded Down Jacket,https://www.tods.com/us-en/Hooded-Down-Jacket/p/X1M32511980ZXWU808/,outerwear,Outerwear,-,"51% polyamide, 49% polyester, body lining 100% cotton, sleeve lining 100% polyester, leather detailing, padding 90% down, 10% feathers, class I feathers",polyamide,51,0,synthetic,-,Made in Italy
Tod's,X1M32511580WDN,Down Jacket in Pashmy Suede,https://www.tods.com/us-en/Down-Jacket-in-Pashmy-Suede/p/X1M32511580WDNC003/,outerwear,Outerwear,Pashmy,"100% ovine leather, interior 100% cotton, sleeve lining 100% cupro (striped jacquard twill), down padded",leather,100,0,natural,leather,Made in Italy
Tommy Hilfiger,78JA560,Everyday T-Shirt,https://usa.tommy.com/en/men/clothing/tops/everyday-t-shirt/78JA560-100.html,tees-polos,T-Shirts,Factory,100% regenerative cotton,cotton,100,0,natural,cotton,"PDP read 2026-10-10; origin ""Imported""; compare-at $39.50 all colours"
Tommy Hilfiger,XM05718,Hilfiger 1985 Athletic Logo T-Shirt,https://usa.tommy.com/en/men/clothing/tops/hilfiger-1985-athletic-logo-t-shirt/XM05718-XJS.html,tees-polos,T-Shirts,-,100% regenerative cotton,cotton,100,0,natural,cotton,"PDP read 2026-10-10; origin ""Imported""; no Factory label on PDP; compare-at $44.50"
Tommy Hilfiger,MW42675,New York Label Cotton-Linen T-Shirt,https://usa.tommy.com/en/men/clothing/tops/new-york-label-cotton-linen-t-shirt/MW42675-C1O.html,tees-polos,T-Shirts,New York Label;Factory,"57% cotton, 43% linen",cotton,57,0,natural,-,"PDP read 2026-10-10; origin ""Imported""; Factory label above title (verbatim check); compare-at $99.50"
Tommy Hilfiger,MW44918,Varsity Stripe Interlock T-Shirt,https://usa.tommy.com/en/men/clothing/tops/varsity-stripe-interlock-t-shirt/MW44918-DW5.html,tees-polos,T-Shirts,-,"87% cotton, 13% elastane",cotton,87,13,blend,-,"PDP read 2026-10-10; origin ""Imported""; compare-at $74.50"
Tommy Hilfiger,MW43511,New York Label Classic Crewneck T-Shirt,https://usa.tommy.com/en/men/clothing/tops/new-york-label-classic-crewneck-t-shirt/MW43511-DW5.html,tees-polos,T-Shirts,New York Label,100% cotton,cotton,100,0,natural,cotton,"PDP read 2026-10-10; origin ""Imported""; mercerized; compare-at $59.50"
Tommy Hilfiger,MW33691,Embroidered Script Logo T-Shirt,https://usa.tommy.com/en/men/clothing/tops/embroidered-script-logo-t-shirt/MW33691-DBZ.html,tees-polos,T-Shirts,-,100% regenerative cotton,cotton,100,0,natural,cotton,"PDP read 2026-10-10; origin ""Imported""; compare-at $49.50"
Tommy Hilfiger,XM07456,Rugby Stripe T-Shirt,https://usa.tommy.com/en/men/clothing/tops/rugby-stripe-t-shirt/XM07456-AEY.html,tees-polos,T-Shirts,Factory,100% regenerative cotton,cotton,100,0,natural,cotton,"PDP read 2026-10-10; origin ""Imported""; compare-at $44.50"
Tommy Hilfiger,MW44909,Relaxed Fit Varsity Logo Pocket T-Shirt,https://usa.tommy.com/en/men/clothing/tops/relaxed-fit-varsity-logo-pocket-t-shirt/MW44909-VLP.html,tees-polos,T-Shirts,-,"70% regenerative cotton, 30% recycled cotton",cotton,100,0,natural,cotton,"PDP read 2026-10-10; origin ""Imported""; compare-at $69.50"
Tommy Hilfiger,78JA568,Regular Fit Stretch Pique Tommy Polo,https://usa.tommy.com/en/men/clothing/tops/regular-fit-stretch-tommy-polo/78JA568-XLG.html,tees-polos,Polos,Factory,"97% regenerative cotton, 3% elastane",cotton,97,3,blend,-,"PDP read 2026-10-10; origin ""Imported""; hero ""Prep, Perfected"" tile on men's polos; Factory label; compare-at $69.50"
Tommy Hilfiger,MW45190,New York Label Performance Sweater Polo,https://usa.tommy.com/en/men/clothing/tops/new-york-label-performance-sweater-polo/MW45190-Z00.html,knitwear,Polos; Sweaters,New York Label,"53% recycled polyester, 47% lyocell",polyester,53,0,blend,-,"PDP read 2026-10-10; origin ""Imported""; ""technical knit blend sourced from Italy""; compare-at $179"
Tommy Hilfiger,78JA019,Regular Fit Tommy Wicking Polo,https://usa.tommy.com/en/men/clothing/tops/regular-fit-tommy-wicking-polo/78JA019-RBN.html,tees-polos,Polos,-,"60% cotton, 40% polyester",cotton,60,0,blend,-,"PDP read 2026-10-10; origin ""Imported""; ""Quick-dry, wicking, UPF 50""; compare-at $74.50"
Tommy Hilfiger,MW44714,Classic Fit Back Flag Logo Polo,https://usa.tommy.com/en/men/clothing/tops/classic-fit-back-flag-logo-polo/MW44714-DCC.html,tees-polos,Polos,-,100% regenerative cotton,cotton,100,0,natural,cotton,"PDP read 2026-10-10; origin ""Imported""; compare-at $129"
Tommy Hilfiger,DM23531,Tommy Jeans Relaxed Striped Rugby Polo,https://usa.tommy.com/en/tommy-jeans/guys/tops/tommy-jeans-relaxed-striped-rugby-polo/DM23531-V11.html,tees-polos,Polos,Tommy Jeans,100% regenerative cotton,cotton,100,0,natural,cotton,"PDP read 2026-10-10; origin ""Imported""; compare-at $119"
Tommy Hilfiger,MW45205,New York Label Wool-Blend Sweater Polo,https://usa.tommy.com/en/men/clothing/tops/new-york-label-wool-blend-sweater-polo/MW45205-Z00.html,knitwear,Polos; Sweaters,New York Label,"70% certified wool, 30% recycled nylon",wool,70,0,blend,-,"PDP read 2026-10-10; origin ""Imported""; compare-at $149"
Tommy Hilfiger,XM07643,Regular Fit Jersey Pocket Polo,https://usa.tommy.com/en/men/clothing/tops/regular-fit-jersey-pocket-polo/XM07643-C1Y.html,tees-polos,Polos,Factory,100% cotton,cotton,100,0,natural,cotton,"PDP read 2026-10-10; origin ""Imported""; compare-at $74.50"
Tommy Hilfiger,MW44761,Short-Sleeve Cotton-Cashmere Sweater Polo,https://usa.tommy.com/en/men/clothing/tops/short-sleeve-cotton-cashmere-sweater-polo/MW44761-DW5.html,knitwear,Polos; Sweaters,-,"50% organic cotton, 45% cotton, 5% cashmere",cotton,95,0,natural,-,"PDP read 2026-10-10; origin ""Imported""; compare-at $99.50"
Tommy Hilfiger,01T0533,Slim Fit THFlex Dress Shirt,https://usa.tommy.com/en/men/clothing/tops/slim-fit-thflex-dress-shirt/01T0533-CRE.html,shirts,Dress Shirts,THFlex;Factory,"96% cotton, 4% elastane",cotton,96,4,blend,-,"PDP read 2026-10-10; origin ""Imported""; ""cotton twill blended with THFlex stretch fibers""; compare-at $99.50"
Tommy Hilfiger,01T0590,Slim Fit Check THFlex Dress Shirt,https://usa.tommy.com/en/men/clothing/tops/slim-fit-check-thflex-dress-shirt/01T0590-7L6.html,shirts,Dress Shirts,THFlex,"96% cotton, 4% elastane",cotton,96,4,blend,-,"PDP read 2026-10-10; origin ""Imported""; compare-at $99.50"
Tommy Hilfiger,78J9041,Regular Fit Stretch Stripe Oxford Shirt,https://usa.tommy.com/en/men/clothing/tops/regular-fit-stretch-stripe-oxford-shirt/78J9041-L8Q.html,shirts,Oxford Shirts,-,"98% organic cotton, 2% elastane",cotton,98,2,blend,-,"PDP read 2026-10-10; origin ""Imported""; compare-at $69.50"
Tommy Hilfiger,MW44641,Water-Repellent Padded Tech Shirt,https://usa.tommy.com/en/men/clothing/tops/water-repellent-padded-tech-shirt/MW44641-DCC.html,shirts,Shirts,-,"Shell: 85% recycled nylon, 15% elastane; Fill: 50% recycled polyester, 50% polyester",polyamide,85,15,synthetic,-,"PDP read 2026-10-10; origin ""Imported""; padded shirt-jacket filed under house label Shirts; ""special flex technology"" (unnamed); compare-at $169"
Tommy Hilfiger,MW44585,Classic Fit Plaid Flannel Overshirt,https://usa.tommy.com/en/men/clothing/tops/classic-fit-plaid-flannel-overshirt/MW44585-0MS.html,shirts,Flannel Shirts,-,100% organic cotton,cotton,100,0,natural,cotton,"PDP read 2026-10-10; origin ""Imported""; compare-at $129"
Tommy Hilfiger,MW42701,Relaxed Fit Lightweight Wool Shirt,https://usa.tommy.com/en/men/clothing/tops/relaxed-fit-lightweight-wool-shirt/MW42701-DCA.html,shirts,Shirts,-,100% certified wool,wool,100,0,natural,wool,"PDP read 2026-10-10; origin ""Imported""; compare-at $159"
Tommy Hilfiger,MW45647,Regular Fit Corduroy Western Shirt,https://usa.tommy.com/en/men/clothing/tops/regular-fit-corduroy-western-shirt/MW45647-BCL.html,shirts,Shirts,-,100% regenerative cotton,cotton,100,0,natural,cotton,"PDP read 2026-10-10; origin ""Imported""; compare-at $109"
Tommy Hilfiger,DM23616,Tommy Jeans Check Overshirt,https://usa.tommy.com/en/men/clothing/tops/tommy-jeans-check-overshirt/DM23616-0LZ.html,shirts,Shirts,Tommy Jeans,100% recycled polyester,polyester,100,0,synthetic,polyester,"PDP read 2026-10-10; origin ""Imported""; compare-at $129"
Tommy Hilfiger,78JA146,Stretch Straight Jean,https://usa.tommy.com/en/men/clothing/jeans/stretch-straight-jean/78JA146-ISS.html,denim,Jeans,Factory,"98% cotton, 2% elastane",cotton,98,2,blend,-,"PDP read 2026-10-10; origin ""Imported""; Factory label on listing tile; PDP shows $89.50 and $99.50 blocks, metadata $89.50"
Tommy Hilfiger,DM22489,Tommy Jeans Chain-Print Relaxed Jean,https://usa.tommy.com/en/tommy-jeans/guys/bottoms/tommy-jeans-chain-print-relaxed-jean/DM22489-1BK.html,denim,Jeans,Tommy Jeans,"92% regenerative cotton, 8% recycled polyester",cotton,92,0,blend,-,"PDP read 2026-10-10; origin ""Imported""; compare-at $179"
Tommy Hilfiger,MW44902,Distressed Relaxed Straight Jean,https://usa.tommy.com/en/men/clothing/jeans/distressed-relaxed-straight-jean/MW44902-1BF.html,denim,Jeans,-,"80% cotton, 20% recycled cotton",cotton,100,0,natural,cotton,"PDP read 2026-10-10; origin ""Imported""; compare-at $149"
Tommy Hilfiger,DM23676,Tommy Jeans Baggy Jean,https://usa.tommy.com/en/men/clothing/jeans/tommy-jeans-baggy-jean/DM23676-1BK.html,denim,Jeans,Tommy Jeans,"69% regenerative cotton, 30% recycled cotton, 1% elastane",cotton,99,1,blend,-,"PDP read 2026-10-10; origin ""Imported""; compare-at $129"
Tommy Hilfiger,78JA569,THFlex Tommy Slim Chino,https://usa.tommy.com/en/men/clothing/pants/thflex-tommy-slim-chino/78JA569-C9T.html,trousers,Chinos,THFlex;Factory,"77% cotton, 20% recycled cotton, 3% elastane",cotton,97,3,blend,-,"PDP read 2026-10-10; origin ""Imported""; compare-at shown as $79.50 on some colours and $89.50 on others"
Tommy Hilfiger,MW43513,Relaxed Twill Pant,https://usa.tommy.com/en/men/clothing/pants/relaxed-twill-pant/MW43513-DW5.html,trousers,Pants & Chinos,-,"98% cotton, 2% elastane",cotton,98,2,blend,-,"PDP read 2026-10-10; origin ""Imported""; compare-at $179"
Tommy Hilfiger,MW45271,New York Label Stretch-Cotton Pant,https://usa.tommy.com/en/men/clothing/pants/new-york-label-stretch-cotton-pant/MW45271-0F4.html,trousers,Pants & Chinos,New York Label,"99% organic cotton, 1% elastane",cotton,99,1,blend,-,"PDP read 2026-10-10; origin ""Imported""; compare-at $139"
Tommy Hilfiger,MW44831,Relaxed Pleated Corduroy Pant,https://usa.tommy.com/en/men/clothing/pants/relaxed-pleated-corduroy-pant/MW44831-YA8.html,trousers,Pants & Chinos,-,100% regenerative cotton,cotton,100,0,natural,cotton,"PDP read 2026-10-10; origin ""Imported""; compare-at $159"
Tommy Hilfiger,78J8322,Classic Crewneck Sweater,https://usa.tommy.com/en/men/clothing/tops/classic-crewneck-sweater/78J8322-BDS.html,knitwear,Sweaters,Factory,100% cotton,cotton,100,0,natural,cotton,"PDP read 2026-10-10; origin ""Imported""; compare-at $84.50 all colours"
Tommy Hilfiger,MW45289,Fair Isle Wool-Blend Zip Cardigan,https://usa.tommy.com/en/men/clothing/tops/fair-isle-wool-blend-zip-cardigan/MW45289-DW5.html,knitwear,Sweaters,-,"80% certified wool, 20% recycled nylon",wool,80,0,blend,-,"PDP read 2026-10-10; origin ""Imported""; compare-at $349"
Tommy Hilfiger,MW40442,Striped Lambswool Cable Knit Sweater,https://usa.tommy.com/en/men/clothing/tops/striped-lambswool-cable-knit-sweater/MW40442-0BH.html,knitwear,Sweaters,-,100% certified wool,wool,100,0,natural,wool,"PDP read 2026-10-10; origin ""Imported""; crewneck; compare-at $179"
Tommy Hilfiger,MW45073,Crest Logo Cable Knit Wool-Blend Sweater,https://usa.tommy.com/en/men/clothing/tops/crest-logo-cable-knit-wool-blend-sweater/MW45073-Z00.html,knitwear,Sweaters,-,"80% certified wool, 20% recycled nylon",wool,80,0,blend,-,"PDP read 2026-10-10; origin ""Imported""; crewneck; compare-at $189"
Tommy Hilfiger,DM23625,Tommy Jeans Cable Knit Wool Sweater,https://usa.tommy.com/en/men/clothing/tops/tommy-jeans-cable-knit-wool-sweater/DM23625-AEF.html,knitwear,Sweaters,Tommy Jeans,100% certified wool,wool,100,0,natural,wool,"PDP read 2026-10-10; origin ""Imported""; crewneck; compare-at $179"
Tommy Hilfiger,XM08033,Cable Knit Crewneck Sweater,https://usa.tommy.com/en/men/clothing/tops/cable-knit-crewneck-sweater/XM08033-VLP.html,knitwear,Sweaters,Factory,100% cotton,cotton,100,0,natural,cotton,"PDP read 2026-10-10; origin ""Imported""; ""The Classic Crewneck"" promo tile; compare-at $99.50"
Tommy Hilfiger,MW44698,New York Label Wool-Blend Quarter-Zip Sweater,https://usa.tommy.com/en/men/clothing/tops/new-york-label-wool-blend-quarter-zip-sweater/MW44698-0A4.html,knitwear,Sweaters,New York Label,"55% certified wool, 45% lyocell",wool,55,0,blend,-,"PDP read 2026-10-10; origin ""Imported""; compare-at $229"
Tommy Hilfiger,MW37231,Solid Fleece Jogger,https://usa.tommy.com/en/men/clothing/sweatpants-joggers/solid-fleece-jogger/MW37231-DW5.html,sweats,Sweatpants & Joggers,-,"60% cotton, 40% polyester",cotton,60,0,blend,-,"PDP read 2026-10-10; origin ""Imported""; compare-at $99.50"
Tommy Hilfiger,MW44994,Relaxed Heavyweight Terry Sweatpant,https://usa.tommy.com/en/men/clothing/sweatpants-joggers/relaxed-heavyweight-terry-sweatpant/MW44994-DW5.html,sweats,Sweatpants & Joggers,-,100% cotton,cotton,100,0,natural,cotton,"PDP read 2026-10-10; origin ""Imported""; compare-at $139"
Tommy Hilfiger,78JB336,Embroidered Tommy Logo Hoodie,https://usa.tommy.com/en/men/clothing/tops/embroidered-tommy-logo-hoodie/78JB336-BDS.html,sweats,Hoodies & Sweatshirts,Factory,"69% cotton, 31% polyester",cotton,69,0,blend,-,"PDP read 2026-10-10; origin ""Imported""; compare-at $89.50"
Tommy Hilfiger,DM22643,Tommy Jeans Big Flag Logo Sweatshirt,https://usa.tommy.com/en/men/clothing/tops/tommy-jeans-big-flag-logo-sweatshirt/DM22643-MBM.html,sweats,Hoodies & Sweatshirts,Tommy Jeans,100% regenerative cotton,cotton,100,0,natural,cotton,"PDP read 2026-10-10; origin ""Imported""; compare-at $89.50"
Tommy Hilfiger,XM06097,Essential Zip Hoodie,https://usa.tommy.com/en/men/clothing/tops/essential-zip-hoodie/XM06097-HDV.html,sweats,Hoodies & Sweatshirts,Factory,"69% regenerative cotton, 31% polyester",cotton,69,0,blend,-,"PDP read 2026-10-10; origin ""Imported""; compare-at $99.50"
Tommy Hilfiger,MW44801,Mixed-Media Varsity Jacket,https://usa.tommy.com/en/men/clothing/jackets/mixed-media-varsity-jacket/MW44801-GSA.html,outerwear,Jackets & Coats,-,"Shell: 72% certified wool, 25% nylon, 3% recycled cashmere. Sleeves: 100% leather. Fill: 100% polyester.",wool,72,0,blend,-,"PDP read 2026-10-10; origin ""Imported""; compare-at $699"
Tommy Hilfiger,MW42691,Relaxed Suede Moto Jacket,https://usa.tommy.com/en/men/clothing/jackets/relaxed-suede-moto-jacket/MW42691-DCC.html,outerwear,Jackets & Coats,-,ND,ND,ND,ND,undisclosed,-,"PDP read 2026-10-10; origin ""Imported""; out of stock; description says only ""supple suede"", no composition line; compare-at $699"
Tommy Hilfiger,TQ002983,Double-Breasted Coat,https://usa.tommy.com/en/sale/mens-sale/clothing/double-breasted-coat/TQ002983-410.html,outerwear,Jackets & Coats,Runway,"95% cotton, 5% elastane",cotton,95,5,blend,-,"PDP read 2026-10-10; origin ""Imported""; ""limited-edition style from our Spring 2025 runway collection""; compare-at $1,339"
Tommy Hilfiger,DM22984,Tommy Jeans Classic Denim Jacket,https://usa.tommy.com/en/men/clothing/jackets/tommy-jeans-classic-denim-jacket/DM22984-1BK.html,outerwear,Jackets & Coats,Tommy Jeans,"79% regenerative cotton, 20% recycled cotton, 1% elastane",cotton,99,1,blend,-,"PDP read 2026-10-10; origin ""Imported""; compare-at $99.50"
Tommy Hilfiger,MW45631,Water-Repellent Down Parka,https://usa.tommy.com/en/men/clothing/jackets/water-repellent-down-parka/MW45631-XLD.html,outerwear,Jackets & Coats,-,"Shell: 81% recycled polyester, 15% polyethylene, 4% polyurethane. Fill: 100% certified duck down.",polyester,81,0,synthetic,-,"PDP read 2026-10-10; origin ""Imported""; shell read over fill; compare-at $599"
Tommy Hilfiger,MW44845,New York Label Donegal Wool-Blend Coat,https://usa.tommy.com/en/men/clothing/jackets/new-york-label-donegal-wool-blend-coat/MW44845-BD2.html,outerwear,Jackets & Coats,New York Label,"40% recycled wool, 30% certified wool, 16% polyester, 14% nylon",wool,70,0,blend,-,"PDP read 2026-10-10; origin ""Imported""; wool total 70; compare-at $529"
Tommy Hilfiger,MW44840,New York Label Wool-Cashmere Blend Varsity Jacket,https://usa.tommy.com/en/men/clothing/jackets/new-york-label-wool-cashmere-blend-varsity-jacket/MW44840-DW5.html,outerwear,Jackets & Coats,New York Label,"95% certified wool, 5% cashmere",wool,95,0,natural,-,"PDP read 2026-10-10; origin ""Imported""; compare-at $449"
Tommy Hilfiger,MW44843,New York Label Nubuck Leather Jacket,https://usa.tommy.com/en/men/clothing/jackets/new-york-label-nubuck-leather-jacket/MW44843-DW5.html,outerwear,Jackets & Coats,New York Label,100% nubuck leather,leather,100,0,natural,leather,"PDP read 2026-10-10; origin ""Imported""; compare-at $599"
Tommy Hilfiger,XM07280,Water-Repellent Ripstop Windbreaker,https://usa.tommy.com/en/men/clothing/jackets/water-repellent-ripstop-windbreaker/XM07280-C7G.html,outerwear,Jackets & Coats,Factory,100% nylon,polyamide,100,0,synthetic,polyamide,"PDP read 2026-10-10; origin ""Imported""; compare-at $149"
Tommy Hilfiger,DM23223,Tommy Jeans Packable Chicago Windbreaker,https://usa.tommy.com/en/tommy-jeans/guys/jackets/tommy-jeans-packable-chicago-windbreaker/DM23223-0H7.html,outerwear,Jackets & Coats,Tommy Jeans,100% recycled polyester,polyester,100,0,synthetic,polyester,"PDP read 2026-10-10; origin ""Imported""; compare-at $159"
Tommy Hilfiger,MW44747,Relaxed Wool Duffel Coat,https://usa.tommy.com/en/men/clothing/jackets/relaxed-wool-duffel-coat/MW44747-GVH.html,outerwear,Jackets & Coats,-,100% certified wool,wool,100,0,natural,wool,"PDP read 2026-10-10; origin ""Imported""; compare-at $499"
Tommy Hilfiger,TX004240,Glen Plaid Wool-Blend Blazer,https://usa.tommy.com/en/men/clothing/jackets/glen-plaid-wool-blend-blazer/TX004240-460.html,tailoring,Jackets & Coats,Factory,"40% wool, 30% viscose, 30% polyester",wool,40,0,blend,-,"PDP read 2026-10-10; origin ""Imported""; fabric from ""the renowned Lardini mill in Italy""; Factory label; compare-at $529"
Tommy Hilfiger,XM04501,"Regular Fit 9"" Comfort Waist Tommy Short",https://usa.tommy.com/en/men/clothing/shorts/regular-fit-9%22-comfort-waist-tommy-short/XM04501-DW5.html,shorts,Shorts,Factory,"77% cotton, 20% recycled cotton, 3% elastane",cotton,97,3,blend,-,"PDP read 2026-10-10; origin ""Imported""; compare-at $74.50"
Tommy Hilfiger,XM07266,"Regular Fit 7"" Cotton-Linen Blend Short",https://usa.tommy.com/en/men/clothing/shorts/regular-fit-7%22-cotton-linen-blend-short/XM07266-AC1.html,shorts,Shorts,-,"67% cotton, 33% linen",cotton,67,0,natural,-,"PDP read 2026-10-10; origin ""Imported""; compare-at $84.50"
Tommy Hilfiger,MW42988,"Regular Fit 8"" Beach Short",https://usa.tommy.com/en/men/clothing/shorts/regular-fit-8%22-beach-short/MW42988-0A4.html,shorts,Shorts,-,100% cotton,cotton,100,0,natural,cotton,"PDP read 2026-10-10; origin ""Imported""; listing tile showed Factory, PDP did not; compare-at $99.50"
Tommy Hilfiger,XM04392,"Tommy Logo 7"" Swim Trunk",https://usa.tommy.com/en/men/clothing/swimwear/tommy-logo-7%22-swim-trunk/XM04392-XLD.html,underwear-swim,Swimwear,-,100% recycled nylon,polyamide,100,0,synthetic,polyamide,"PDP read 2026-10-10; origin ""Imported""; brief liner fabric not stated; compare-at $74.50"
Tracksmith,m-session-shorts,Session Shorts,https://www.tracksmith.com/products/m-session-shorts,shorts,Shorts,Session,"Body: 92% Polyester / 8% Spandex, 155gsm; Liner: 85% Nylon / 15% Elastane",polyester,92,8,synthetic,-,"liner ""Italian-sourced"" | read 2026-10-10"
Tracksmith,m-harrier-long-sleeve,Harrier Long Sleeve,https://www.tracksmith.com/products/m-harrier-long-sleeve,tees-polos,Long Sleeves,Harrier,"50% Merino Wool (17.5 micron) / 41% 37.5® Nylon / 9% Nylon, 205 gsm",wool,50,0,blend,-,37.5® Technology; Woolmark Rich Blend | read 2026-10-10
Tracksmith,m-session-2-in-1-shorts,Session 2-in-1 Shorts,https://www.tracksmith.com/products/m-session-2-in-1-shorts,shorts,Shorts,Session,"Body: 92% polyester, 8% spandex; Liner: 71% nylon, 29% elastane",polyester,92,8,synthetic,-,- | read 2026-10-10
Tracksmith,m-harrier-tee,Harrier Tee,https://www.tracksmith.com/products/m-harrier-tee,tees-polos,Tees,Harrier,Body Fabric: 48% Merino Wool / 39% 37.5® Nylon / 13% Nylon,wool,48,0,blend,-,37.5® Technology; Woolmark Wool Blend | read 2026-10-10
Tracksmith,m-brighton-base-layer-ls,Brighton Base Layer,https://www.tracksmith.com/products/m-brighton-base-layer-ls,tees-polos,Long Sleeves,Brighton,"Solid Colorways: 52% Merino Wool, 28% Nylon, 20% Polyester; Striped Colorways: 36% Merino Wool, 26% Nylon, 20% Polyester, 18% Polypropylene",wool,52,0,blend,-,"solid colourway composition used; maker FILATI named on page; city editions (Chicago, New York, Berlin, Sydney, Tokyo) collapsed here by title, their PDPs not read | read 2026-10-10"
Tracksmith,m-van-cortlandt-tee,Van Cortlandt Tee,https://www.tracksmith.com/products/m-van-cortlandt-tee,tees-polos,Tees,Van Cortlandt,"2:09 Mesh: 82% Polyester, 18% Spandex, 145gsm Tricot Mesh",polyester,82,18,synthetic,-,2:09 Mesh (house name) | read 2026-10-10
Tracksmith,m-twilight-tee,Twilight Tee,https://www.tracksmith.com/products/m-twilight-tee,tees-polos,Tees,Twilight,Body: 85% Polyester / 15% Elastane,polyester,85,15,synthetic,-,"Bravio Blend (house name); ""Made in Italy"" refers to the fabric | read 2026-10-10"
Tracksmith,m-session-tee,Session Tee,https://www.tracksmith.com/products/m-session-tee,tees-polos,Tees,Session,"Body Fabric: 84% Polyester / 16% Spandex, 144 gsm",polyester,84,16,synthetic,-,Polygiene® finish | read 2026-10-10
Tracksmith,m-turnover-half-tights,Turnover Half Tights,https://www.tracksmith.com/products/m-turnover-half-tights,shorts,Tights,Turnover,Body Fabric: 80% Polyamide / 20% Elastane; Other Fabric: 85% Nylon / 15% Elastane,polyamide,80,20,synthetic,-,"Inverno Blend (house name), Italian fabric | read 2026-10-10"
Tracksmith,m-van-cortlandt-singlet,Van Cortlandt Singlet,https://www.tracksmith.com/products/m-van-cortlandt-singlet,tees-polos,Singlets & Tanks,Van Cortlandt,"2:09 Mesh: 82% Polyester, 18% Spandex, 145gsm Tricot Mesh",polyester,82,18,synthetic,-,- | read 2026-10-10
Tracksmith,m-twilight-shorts,Twilight Shorts,https://www.tracksmith.com/products/m-twilight-shorts,shorts,Shorts,Twilight,"Body: 89% Polyester, 11% Spandex; Liner: 89% Polyester, 11% Spandex",polyester,89,11,synthetic,-,Polygiene® liner | read 2026-10-10
Tracksmith,m-van-cortlandt-shorts,Van Cortlandt Shorts,https://www.tracksmith.com/products/m-van-cortlandt-shorts,shorts,Shorts,Van Cortlandt,"2:09 Mesh: 82% Polyester, 18% Spandex, 145gsm Tricot Mesh",polyester,82,18,synthetic,-,- | read 2026-10-10
Tracksmith,m-twilight-long-sleeve,Twilight Long Sleeve,https://www.tracksmith.com/products/m-twilight-long-sleeve,tees-polos,Long Sleeves,Twilight,Body Fabric: 85% Polyester / 15% Elastane,polyester,85,15,synthetic,-,Bravio Blend; Polygiene® | read 2026-10-10
Tracksmith,m-trackhouse-sweatshirt,Trackhouse Sweatshirt,https://www.tracksmith.com/products/m-trackhouse-sweatshirt,sweats,Mid-Layers,Trackhouse,Body: 80% Cotton / 20% Polyester; Rib: 97% Cotton / 3% Spandex,cotton,80,0,blend,-,elastane in rib only | read 2026-10-10
Tracksmith,m-twilight-tank,Twilight Tank,https://www.tracksmith.com/products/m-twilight-tank,tees-polos,Singlets & Tanks,Twilight,85% Polyester / 15% Elastane,polyester,85,15,synthetic,-,Bravio Blend | read 2026-10-10
Tracksmith,m-twilight-half-tights,Twilight Half Tights,https://www.tracksmith.com/products/m-twilight-half-tights,shorts,Tights,Twilight,"Body: 74% Nylon, 26% Elastane; Liner: 57% Nylon, 43% Elastane",polyamide,74,26,synthetic,-,- | read 2026-10-10
Tracksmith,m-turnover-tights,Turnover Tights,https://www.tracksmith.com/products/m-turnover-tights,trousers,Tights,Turnover,Body Fabric: 80% Polyamide / 20% Elastane; Other Fabric: 85% Nylon / 15% Elastane,polyamide,80,20,synthetic,-,Inverno Blend | read 2026-10-10
Tracksmith,m-van-cortlandt-long-sleeve,Van Cortlandt Long Sleeve,https://www.tracksmith.com/products/m-van-cortlandt-long-sleeve,tees-polos,Long Sleeves,Van Cortlandt,"2:09 Mesh: 82% Polyester, 18% Spandex, 145gsm",polyester,82,18,synthetic,-,- | read 2026-10-10
Tracksmith,m-session-quarter-zip,Session Quarter Zip,https://www.tracksmith.com/products/m-session-quarter-zip,sweats,Mid-Layers,Session,"33% Tencel / 33% Polyester / 31% Nylon / 3% Spandex, 200 gsm",lyocell,33,3,blend,-,"Nilit® Cooling Fibers; tie 33/33, first-listed (Tencel) leads per rule | read 2026-10-10"
Tracksmith,m-heirloom-sweatshirt-boston,Heirloom Sweatshirt,https://www.tracksmith.com/products/m-heirloom-sweatshirt-boston,sweats,Mid-Layers,Heirloom,Body: 80% Cotton / 20% Polyester; Rib: 97% Cotton / 3% Spandex,cotton,80,0,blend,-,"LIMITED EDITION; Boston edition read; Chicago, New York, Berlin, London, Tokyo, Sydney editions collapsed by title | read 2026-10-10"
Tracksmith,m-twilight-split-shorts,Twilight Split Shorts,https://www.tracksmith.com/products/m-twilight-split-shorts,shorts,Shorts,Twilight,Body Fabric: 85% Polyester / 15% Elastane,polyester,85,15,synthetic,-,Bravio Blend; Polygiene® liner (liner composition not stated) | read 2026-10-10
Tracksmith,m-van-cortlandt-grand-shorts,Van Cortlandt Grand Shorts,https://www.tracksmith.com/products/m-van-cortlandt-grand-shorts,shorts,Shorts,Van Cortlandt,"2:09 Mesh: 82% Polyester, 18% Spandex, 145gsm",polyester,82,18,synthetic,-,- | read 2026-10-10
Tracksmith,m-session-pants,Session Pants,https://www.tracksmith.com/products/m-session-pants,trousers,Pants,Session,"33% Tencel, 33% Polyester, 31% Nylon, 3% Spandex, 200 gsm",lyocell,33,3,blend,-,"Nilit® Cooling Fibers; tie, first-listed leads | read 2026-10-10"
Tracksmith,m-strata-half-tights,Strata Half Tights,https://www.tracksmith.com/products/m-strata-half-tights,shorts,Tights,Strata,Body Fabric: 62% Nylon / 38% Elastane,polyamide,62,38,synthetic,-,Made in Portugal; maker P&R Têxteis named on page | read 2026-10-10
Tracksmith,m-session-long-sleeve,Session Long Sleeve,https://www.tracksmith.com/products/m-session-long-sleeve,tees-polos,Long Sleeves,Session,"Body Fabric: 84% Polyester / 16% Spandex, 144 gsm",polyester,84,16,synthetic,-,Polygiene® | read 2026-10-10
Tracksmith,m-chiltern-jacket,Chiltern Jacket,https://www.tracksmith.com/products/m-chiltern-jacket,outerwear,Outerwear,Chiltern,Body: 88% Nylon / 12% Elastane; Mesh Panel: 88% Nylon / 12% Elastane,polyamide,88,12,synthetic,-,PFC-free DWR | read 2026-10-10
Tracksmith,m-van-cortlandt-polo,Van Cortlandt Polo,https://www.tracksmith.com/products/m-van-cortlandt-polo,tees-polos,Tops,Van Cortlandt,"2:09 Mesh: 82% Polyester, 18% Spandex, 145gsm",polyester,82,18,synthetic,-,- | read 2026-10-10
Tracksmith,m-new-york-reversible-singlet,Reversible Singlet (New York),https://www.tracksmith.com/products/m-new-york-reversible-singlet,tees-polos,Singlets & Tanks,Marathon,"2:09 Mesh: 82% Polyester, 18% Spandex, 145gsm",polyester,82,18,synthetic,-,"LIMITED EDITION; New York read; Berlin, Sydney, Boston editions collapsed by title | read 2026-10-10"
Tracksmith,m-strata-singlet,Strata Singlet,https://www.tracksmith.com/products/m-strata-singlet,tees-polos,Singlets & Tanks,Strata,"Body Fabric: Schoeller®, 78% Nylon / 22% Elastane (110gsm)",polyamide,78,22,synthetic,-,Schoeller® coldblack® active>silver™ | read 2026-10-10
Tracksmith,m-trackhouse-crew,Trackhouse Crew,https://www.tracksmith.com/products/m-trackhouse-crew,sweats,Mid-Layers,Trackhouse,Body: 80% cotton / 20% polyester; Rib: 97% cotton / 3% spandex,cotton,80,0,blend,-,Tokyo edition collapsed by title | read 2026-10-10
Tracksmith,m-van-cortlandt-jacket,Van Cortlandt Jacket,https://www.tracksmith.com/products/m-van-cortlandt-jacket,outerwear,Outerwear,Van Cortlandt,"Body: 100% Polyester, Four-Way Stretch Taffeta; Lining: 82% Polyester / 18% Spandex Tricot Mesh",polyester,100,0,synthetic,polyester,2:09 Mesh lining | read 2026-10-10
Tracksmith,m-trackhouse-midweight-crew,Trackhouse Midweight Crew,https://www.tracksmith.com/products/m-trackhouse-midweight-crew,sweats,Mid-Layers,Trackhouse,Body Fabric: 69% Cotton / 31% Polyester; Rib Fabric: 97% Cotton / 3% Spandex,cotton,69,0,blend,-,- | read 2026-10-10
Tracksmith,m-trackhouse-midweight-sweatshirt,Trackhouse Midweight Sweatshirt,https://www.tracksmith.com/products/m-trackhouse-midweight-sweatshirt,sweats,Mid-Layers,Trackhouse,Body Fabric: 69% Cotton / 31% Polyester; Rib Fabric: 97% Cotton / 3% Spandex,cotton,69,0,blend,-,- | read 2026-10-10
Tracksmith,m-meridian-shorts,Meridian Shorts,https://www.tracksmith.com/products/m-meridian-shorts,shorts,Shorts,Meridian,"Body: 83% Nylon, 17% Spandex, 125gsm; Lining: 70% Nylon, 30% Elastane, 55gsm",polyamide,83,17,synthetic,-,"""Venting technology"" generic, not counted | read 2026-10-10"
Tracksmith,m-brighton-base-layer-tee,Brighton Base Layer Tee,https://www.tracksmith.com/products/m-brighton-base-layer-tee,tees-polos,Tees,Brighton,"Solid Colorways: 52% Merino Wool, 28% Nylon, 20% Polyester; Striped: 36% Merino Wool, 26% Nylon, 20% Polyester, 18% Polypropylene",wool,52,0,blend,-,FILATI named as seamless partner | read 2026-10-10
Tracksmith,grayboy-tee-tracksmith,Grayboy Tee,https://www.tracksmith.com/products/grayboy-tee-tracksmith,tees-polos,Tees,Grayboy,"Solid colors: 100% Open End Cotton Jersey; Heather Gray: 90% Open End Cotton, 10% Black Poly Jersey",cotton,100,0,natural,cotton,"all-gender; Made in USA (Massachusetts); Varsity Cotton (house name); graphic editions Amateur, Cross Country, Save Track, Hare, RC/RCR/RCRA collapsed by title | read 2026-10-10"
Tracksmith,m-federation-track-jacket,Federation Track Jacket,https://www.tracksmith.com/products/m-federation-track-jacket,outerwear,Outerwear,Federation,"Body: 79% Cotton / 17% Polyester / 4% Spandex, 300 gsm; Rib: 97% Polyester / 3% Spandex",cotton,79,4,blend,-,ponte | read 2026-10-10
Tracksmith,m-strata-shorts,Strata Shorts,https://www.tracksmith.com/products/m-strata-shorts,shorts,Shorts,Strata,Body: 63% Polyester / 37% Elastane (78gsm); Liner: 66% Nylon / 34% Elastane,polyester,63,37,synthetic,-,"""French-made knit"" | read 2026-10-10"
Tracksmith,m-federation-track-pants,Federation Track Pants,https://www.tracksmith.com/products/m-federation-track-pants,trousers,Pants,Federation,"Body: 79% cotton, 17% polyester, 4% spandex, 300 gsm; Rib: 97% polyester, 3% spandex",cotton,79,4,blend,-,- | read 2026-10-10
Tracksmith,m-brighton-boxer-briefs,Brighton Boxer Briefs,https://www.tracksmith.com/products/m-brighton-boxer-briefs,underwear-swim,Underwear,Brighton,"66% Wool, 32% Nylon, 2% Elastane",wool,66,2,blend,-,- | read 2026-10-10
Tracksmith,grayboy-long-sleeve-tracksmith,Grayboy Long Sleeve,https://www.tracksmith.com/products/grayboy-long-sleeve-tracksmith,tees-polos,Long Sleeves,Grayboy,"Solid colors: 100% Open End Cotton Jersey; Heather Gray: 90% Open End Cotton, 10% Black Poly Jersey",cotton,100,0,natural,cotton,Made in USA; Amateur edition collapsed by title | read 2026-10-10
Tracksmith,m-brighton-briefs,Brighton Briefs,https://www.tracksmith.com/products/m-brighton-briefs,underwear-swim,Underwear,Brighton,"Fabric & Care: 66% Wool, 32% Nylon, 2% Elastane (page also says 83% wool, 12% nylon and 5% elastane)",wool,66,2,blend,-,page contradicts itself; Fabric & Care figure filed | read 2026-10-10
Tracksmith,m-downpour-jacket,Downpour Jacket,https://www.tracksmith.com/products/m-downpour-jacket,outerwear,Outerwear,-,"Body: 100% Nylon Face Side / 100% Polyester Back Side, 75 gsm; Lining: 94% Polyester / 6% Spandex",polyamide,100,0,synthetic,-,3L laminate; face fibre taken as lead; no licensed membrane named | read 2026-10-10
Tracksmith,m-meridian-tank,Meridian Tank,https://www.tracksmith.com/products/m-meridian-tank,tees-polos,Singlets & Tanks,Meridian,"83% Nylon, 17% Spandex, 125 gsm",polyamide,83,17,synthetic,-,- | read 2026-10-10
Tracksmith,m-berlin-tee,City Tee (Berlin),https://www.tracksmith.com/products/m-berlin-tee,tees-polos,Tees,Marathon,"2:09 Mesh: 82% Polyester, 18% Spandex, 145gsm",polyester,82,18,synthetic,-,"LIMITED EDITION; Berlin read; Sydney, Chicago, New York tees collapsed by title | read 2026-10-10"
Tracksmith,m-bislett-pants,Bislett Pants,https://www.tracksmith.com/products/m-bislett-pants,trousers,Pants,-,"Eliot Stretch: 63% Nylon / 31% Polyester / 6% Elastane, 180 gsm",polyamide,63,6,synthetic,-,"Eliot Stretch, Swiss-made; Schoeller Textil AG named | read 2026-10-10"
Tracksmith,m-fieldhouse-short-sleeve-crew,Fieldhouse Short Sleeve Crew,https://www.tracksmith.com/products/m-fieldhouse-short-sleeve-crew,sweats,Lifestyle,Fieldhouse,Body: 74% Cotton / 26% Polyester French Terry; Rib: 58% Cotton / 39% Polyester / 3% Spandex,cotton,74,0,blend,-,- | read 2026-10-10
Tracksmith,m-chiltern-vest,Chiltern Vest,https://www.tracksmith.com/products/m-chiltern-vest,outerwear,Outerwear,Chiltern,Body: 88% nylon / 12% elastane; Mesh panel: 88% nylon / 12% elastane,polyamide,88,12,synthetic,-,- | read 2026-10-10
Tracksmith,m-meridian-tee,Meridian Tee,https://www.tracksmith.com/products/m-meridian-tee,tees-polos,Tees,Meridian,"Body Fabric: 83% Nylon, 17% Spandex, 125 gsm",polyamide,83,17,synthetic,-,"listed as ""Meridian Short Sleeve"" on men apparel page | read 2026-10-10"
Tracksmith,m-strata-speedsuit,Strata Speedsuit,https://www.tracksmith.com/products/m-strata-speedsuit,other,Tops,Strata,Body Fabric: 62% Nylon / 38% Elastane,polyamide,62,38,synthetic,-,other = one-piece speedsuit; Made in Portugal; P&R Têxteis | read 2026-10-10
Tracksmith,m-fieldhouse-mesh-shorts,Fieldhouse Mesh Shorts,https://www.tracksmith.com/products/m-fieldhouse-mesh-shorts,shorts,Shorts,Fieldhouse,Outer Mesh: 89% polyester / 11% spandex; Inner Mesh: 82% polyester / 18% spandex,polyester,89,11,synthetic,-,2:09 Mesh inner | read 2026-10-10
Tracksmith,m-berlin-long-sleeve,City Long Sleeve (Berlin),https://www.tracksmith.com/products/m-berlin-long-sleeve,tees-polos,Long Sleeves,Marathon,"2:09 Mesh: 82% Polyester, 18% Spandex, 145gsm",polyester,82,18,synthetic,-,"LIMITED EDITION; Sydney, New York editions collapsed by title | read 2026-10-10"
Tracksmith,m-franklin-fleece,Franklin Fleece,https://www.tracksmith.com/products/m-franklin-fleece,outerwear,Mid-Layers,Franklin,Body: 100% Polyester; Other: 80% Polyamide / 20% Elastane,polyester,100,0,synthetic,polyester,Polartec® Shed Less Fleece; full-zip fleece filed as outerwear | read 2026-10-10
Tracksmith,m-strata-tee,Strata Tee,https://www.tracksmith.com/products/m-strata-tee,tees-polos,Tees,Strata,"Schoeller®, 78% Nylon / 22% Elastane (110gsm)",polyamide,78,22,synthetic,-,Schoeller® coldblack® active>silver™ | read 2026-10-10
Tracksmith,m-twilight-tights,Twilight Tights,https://www.tracksmith.com/products/m-twilight-tights,trousers,Tights,Twilight,"Body: 74% nylon, 26% elastane; Liner: 57% nylon, 43% elastane",polyamide,74,26,synthetic,-,- | read 2026-10-10
Tracksmith,m-thermal-long-sleeve,Thermal Long Sleeve,https://www.tracksmith.com/products/m-thermal-long-sleeve,tees-polos,Long Sleeves,-,"82% Recycled Polyester, 10% Lyocell, 8% Elastane",polyester,82,8,blend,-,- | read 2026-10-10
Tracksmith,m-van-cortlandt-pants,Van Cortlandt Pants,https://www.tracksmith.com/products/m-van-cortlandt-pants,trousers,Pants,Van Cortlandt,"Body: 100% Polyester, Four-Way Stretch Taffeta; Lining: 82% Polyester / 18% Spandex Tricot Mesh",polyester,100,0,synthetic,polyester,2:09 Mesh lining | read 2026-10-10
Tracksmith,m-bq-singlet,BQ Singlet,https://www.tracksmith.com/products/m-bq-singlet,tees-polos,Singlets & Tanks,Strata,"Front: Strata: 87% Poly, 13% Elastane, 120gsm; Back: 94% Poly, 6% Spandex, 78gsm",polyester,87,13,synthetic,-,"LIMITED EDITION; coldblack®, active>silver™, bluesign® | read 2026-10-10"
Tracksmith,m-downeaster,Downeaster,https://www.tracksmith.com/products/m-downeaster,knitwear,Mid-Layers,-,Body: 100% Merino Wool; Other: 94% Merino Wool / 6% Spandex,wool,100,0,natural,wool,half-zip merino mid-layer; Woolmark New Wool | read 2026-10-10
Tracksmith,m-meridian-speed-shorts,Meridian Speed Shorts,https://www.tracksmith.com/products/m-meridian-speed-shorts,shorts,Shorts,Meridian,"Body: 83% Nylon, 17% Spandex, 125gsm; Lining: 70% Nylon, 30% Elastane, 55gsm",polyamide,83,17,synthetic,-,- | read 2026-10-10
Uniqlo,E455365-000,SUPIMA® Cotton T-Shirt,https://www.uniqlo.com/us/en/products/E455365-000/00,tees-polos,T-Shirts,-,100% Cotton,cotton,100,0,natural,cotton,"UNISEX product in the men's path; sizeGender not read; price seen $19.90; origin codes KH;VN; page origin line ""Imported""; tech: -; SAMPLE: 66 men's clothing styles read 2026-10-10 from the product-detail JSON the uniqlo.com/us product page loads (/us/api/commerce/v5/en/products/<id>/price-groups/00/details), drawn across Uniqlo's men's classes; men's path lists 629 listings incl. accessories and sale price-group duplicates; not random"
Uniqlo,E455476-000,EZY Ultra Stretch Jeans,https://www.uniqlo.com/us/en/products/E455476-000/00,denim,Jeans,-,"455476: [01 OFF WHITE] 74% Cotton, 16% Polyester, 9% Lyocell, 1% Spandex / [06 GRAY, 63 BLUE, 65 BLUE, 68 BLUE] 82% Cotton, 9% Lyocell, 8% Polyester, 1% Spandex / [09 BLACK] 70% Cotton, 20% Polyester, 9% Lyocell, 1% Spandex / [32 BEIGE] 80% Cotton, 9% Polyester, 9% Lyocell, 2% Spandex / 484972: [63 BLUE, 65 BLUE, 69 NAVY] 82% Cotton, 9% Lyocell, 8% Polyester, 1% Spandex / 485622: [09 BLACK] 70% Cotton, 20% Polyester, 9% Lyocell, 1% Spandex",cotton,74,1,blend,-,"composition varies by colour; first-listed colour group 01 OFF WHITE is 74% Cotton 16% Polyester 9% Lyocell 1% Spandex; UNISEX product in the men's path; sizeGender not read; price seen $29.90 sale; origin codes BD; page origin line ""Imported""; tech: -; SAMPLE: 66 men's clothing styles read 2026-10-10 from the product-detail JSON the uniqlo.com/us product page loads (/us/api/commerce/v5/en/products/<id>/price-groups/00/details), drawn across Uniqlo's men's classes; men's path lists 629 listings incl. accessories and sale price-group duplicates; not random"
Uniqlo,E422992-000,Crew Neck T-Shirt,https://www.uniqlo.com/us/en/products/E422992-000/00,tees-polos,T-Shirts,-,100% Cotton,cotton,100,0,natural,cotton,"UNISEX product in the men's path; sizeGender not read; price seen $24.90; origin codes BD;KH;VN; page origin line ""Imported""; tech: -; SAMPLE: 66 men's clothing styles read 2026-10-10 from the product-detail JSON the uniqlo.com/us product page loads (/us/api/commerce/v5/en/products/<id>/price-groups/00/details), drawn across Uniqlo's men's classes; men's path lists 629 listings incl. accessories and sale price-group duplicates; not random"
Uniqlo,E487962-000,Boxy Cropped T-Shirt,https://www.uniqlo.com/us/en/products/E487962-000/00,tees-polos,T-Shirts,-,100% Cotton,cotton,100,0,natural,cotton,"UNISEX product in the men's path; sizeGender not read; price seen $19.90; origin codes VN; page origin line ""Imported""; tech: -; SAMPLE: 66 men's clothing styles read 2026-10-10 from the product-detail JSON the uniqlo.com/us product page loads (/us/api/commerce/v5/en/products/<id>/price-groups/00/details), drawn across Uniqlo's men's classes; men's path lists 629 listings incl. accessories and sale price-group duplicates; not random"
Uniqlo,E465187-000,DRY Color T-Shirt,https://www.uniqlo.com/us/en/products/E465187-000/00,tees-polos,T-Shirts,-,"66% Cotton, 34% Polyester ( 34% Uses Recycled Polyester Fiber )",cotton,66,0,blend,-,"UNISEX product in the men's path; sizeGender not read; price seen $9.90; origin codes IN;VN; page origin line ""Imported""; tech: DRY; SAMPLE: 66 men's clothing styles read 2026-10-10 from the product-detail JSON the uniqlo.com/us product page loads (/us/api/commerce/v5/en/products/<id>/price-groups/00/details), drawn across Uniqlo's men's classes; men's path lists 629 listings incl. accessories and sale price-group duplicates; not random"
Uniqlo,E465185-000,AIRism Cotton Oversized T-Shirt | Half-Sleeve,https://www.uniqlo.com/us/en/products/E465185-000/00,tees-polos,T-Shirts,AIRism,"53% Cotton, 47% Polyester ( 30% Uses Recycled Polyester Fiber )",cotton,53,0,blend,-,"UNISEX product in the men's path; sizeGender not read; price seen $24.90; origin codes BD;ID;VN; page origin line ""Imported""; tech: AIRism; SAMPLE: 66 men's clothing styles read 2026-10-10 from the product-detail JSON the uniqlo.com/us product page loads (/us/api/commerce/v5/en/products/<id>/price-groups/00/details), drawn across Uniqlo's men's classes; men's path lists 629 listings incl. accessories and sale price-group duplicates; not random"
Uniqlo,E482299-000,DRY-EX T-Shirt,https://www.uniqlo.com/us/en/products/E482299-000/00,tees-polos,T-Shirts,-,"[24 ORANGE, 54 GREEN] 65% Polyester, 35% Nylon ( 33% Uses Recycled Polyester Fiber ) / [Other Colors] 65% Polyester, 35% Nylon ( 65% Uses Recycled Polyester Fiber )",polyester,65,0,synthetic,-,"price seen $24.90; origin codes CN;KH; page origin line ""Imported""; tech: DRY-EX; SAMPLE: 66 men's clothing styles read 2026-10-10 from the product-detail JSON the uniqlo.com/us product page loads (/us/api/commerce/v5/en/products/<id>/price-groups/00/details), drawn across Uniqlo's men's classes; men's path lists 629 listings incl. accessories and sale price-group duplicates; not random"
Uniqlo,E482766-000,Waffle Henley Neck T-Shirt | Long Sleeve,https://www.uniqlo.com/us/en/products/E482766-000/00,tees-polos,T-Shirts,-,"Body: 60% Cotton, 40% Polyester ( 40% Uses Recycled Polyester Fiber )/ Rib: 83% Cotton, 17% Polyester",cotton,60,0,blend,-,"price seen $29.90; origin codes KH; page origin line ""Imported""; tech: -; SAMPLE: 66 men's clothing styles read 2026-10-10 from the product-detail JSON the uniqlo.com/us product page loads (/us/api/commerce/v5/en/products/<id>/price-groups/00/details), drawn across Uniqlo's men's classes; men's path lists 629 listings incl. accessories and sale price-group duplicates; not random"
Uniqlo,E482514-000,AIRism T-Shirt,https://www.uniqlo.com/us/en/products/E482514-000/00,tees-polos,T-Shirts,AIRism,"[White] 88% Polyester, 12% Spandex / [Light Gray] 89% Polyester, 11% Spandex / [Black, Navy] 88% Polyester, 12% Spandex (recycled-polyester shares vary)",polyester,88,12,synthetic,-,"composition as summarised by fetch tool (string >125 chars); numbers verified; price seen $14.90; origin codes BD;VN; page origin line ""Imported""; tech: AIRism; SAMPLE: 66 men's clothing styles read 2026-10-10 from the product-detail JSON the uniqlo.com/us product page loads (/us/api/commerce/v5/en/products/<id>/price-groups/00/details), drawn across Uniqlo's men's classes; men's path lists 629 listings incl. accessories and sale price-group duplicates; not random"
Uniqlo,E474244-000,AIRism Cotton T-Shirt,https://www.uniqlo.com/us/en/products/E474244-000/00,tees-polos,T-Shirts,AIRism,"61% Cotton, 33% Polyester, 6% Spandex",cotton,61,6,blend,-,"price seen $14.90; origin codes BD;VN; page origin line ""Imported""; tech: AIRism; SAMPLE: 66 men's clothing styles read 2026-10-10 from the product-detail JSON the uniqlo.com/us product page loads (/us/api/commerce/v5/en/products/<id>/price-groups/00/details), drawn across Uniqlo's men's classes; men's path lists 629 listings incl. accessories and sale price-group duplicates; not random"
Uniqlo,E479525-000,HEATTECH Ultra Warm T-Shirt,https://www.uniqlo.com/us/en/products/E479525-000/00,tees-polos,T-Shirts,HEATTECH,"35% Polyester, 34% Acrylic, 23% Rayon, 8% Spandex (35% uses recycled polyester fiber)",polyester,35,8,blend,-,"thermal base layer filed by Uniqlo under T-Shirts and HEATTECH; price seen $34.90; origin codes VN; page origin line ""Imported""; tech: HEATTECH; SAMPLE: 66 men's clothing styles read 2026-10-10 from the product-detail JSON the uniqlo.com/us product page loads (/us/api/commerce/v5/en/products/<id>/price-groups/00/details), drawn across Uniqlo's men's classes; men's path lists 629 listings incl. accessories and sale price-group duplicates; not random"
Uniqlo,E461003-000,HEATTECH T-Shirt,https://www.uniqlo.com/us/en/products/E461003-000/00,underwear-swim,HEATTECH / Innerwear,HEATTECH,"40% Polyester, 32% Acrylic, 21% Rayon, 7% Spandex (40% uses recycled polyester fiber)",polyester,40,7,blend,-,"base layer; assigned underwear-swim (innerwear) by garment; price seen $19.90; origin codes CN;VN; page origin line ""Imported""; tech: HEATTECH; SAMPLE: 66 men's clothing styles read 2026-10-10 from the product-detail JSON the uniqlo.com/us product page loads (/us/api/commerce/v5/en/products/<id>/price-groups/00/details), drawn across Uniqlo's men's classes; men's path lists 629 listings incl. accessories and sale price-group duplicates; not random"
Uniqlo,E481441-000,HEATTECH Extra Warm Cashmere Blend T-Shirt,https://www.uniqlo.com/us/en/products/E481441-000/00,underwear-swim,HEATTECH / Innerwear,HEATTECH,"57% Acrylic, 28% Rayon, 9% Cashmere, 6% Spandex",acrylic,57,6,blend,-,"base layer; assigned underwear-swim (innerwear) by garment; price seen $29.90; origin codes VN; page origin line ""Imported""; tech: HEATTECH; SAMPLE: 66 men's clothing styles read 2026-10-10 from the product-detail JSON the uniqlo.com/us product page loads (/us/api/commerce/v5/en/products/<id>/price-groups/00/details), drawn across Uniqlo's men's classes; men's path lists 629 listings incl. accessories and sale price-group duplicates; not random"
Uniqlo,E486129-000,Soft Brushed Turtleneck T-Shirt,https://www.uniqlo.com/us/en/products/E486129-000/00,tees-polos,T-Shirts,-,100% Cotton,cotton,100,0,natural,cotton,"price seen $29.90; origin codes VN; page origin line ""Imported""; tech: -; SAMPLE: 66 men's clothing styles read 2026-10-10 from the product-detail JSON the uniqlo.com/us product page loads (/us/api/commerce/v5/en/products/<id>/price-groups/00/details), drawn across Uniqlo's men's classes; men's path lists 629 listings incl. accessories and sale price-group duplicates; not random"
Uniqlo,E479791-000,Soft Knitted Fleece T-Shirt,https://www.uniqlo.com/us/en/products/E479791-000/00,tees-polos,T-Shirts,-,"[01 OFF WHITE, 18 WINE] 95% Polyester, 5% Spandex (34% Uses Recycled Polyester Fiber) / [Other Colors] 95% Polyester, 5% Spandex (26% Uses Recycled Polyester Fiber)",polyester,95,5,synthetic,-,"UNISEX product in the men's path; sizeGender not read; price seen $29.90; origin codes KH;VN; page origin line ""Imported""; tech: -; SAMPLE: 66 men's clothing styles read 2026-10-10 from the product-detail JSON the uniqlo.com/us product page loads (/us/api/commerce/v5/en/products/<id>/price-groups/00/details), drawn across Uniqlo's men's classes; men's path lists 629 listings incl. accessories and sale price-group duplicates; not random"
Uniqlo,E471808-000,Sweat Oversized Pullover Hoodie,https://www.uniqlo.com/us/en/products/E471808-000/00,sweats,Sweatshirts & Hoodies,-,"Body: 67% Polyester, 33% Cotton/ Rib: 82% Cotton, 18% Polyester",polyester,67,0,blend,-,"UNISEX product in the men's path; sizeGender not read; price seen $49.90; origin codes KH;VN; page origin line ""Imported""; tech: -; SAMPLE: 66 men's clothing styles read 2026-10-10 from the product-detail JSON the uniqlo.com/us product page loads (/us/api/commerce/v5/en/products/<id>/price-groups/00/details), drawn across Uniqlo's men's classes; men's path lists 629 listings incl. accessories and sale price-group duplicates; not random"
Uniqlo,E481040-000,Oversized Sweatshirt,https://www.uniqlo.com/us/en/products/E481040-000/00,sweats,Sweatshirts & Hoodies,UNIQLO : C,"Body: 67% Polyester, 33% Cotton/ Rib: 82% Cotton, 18% Polyester",polyester,67,0,blend,-,"description mentions the UNIQLO : C designer collaboration; UNISEX product in the men's path; sizeGender not read; price seen $49.90; origin codes VN; page origin line ""Imported""; tech: -; SAMPLE: 66 men's clothing styles read 2026-10-10 from the product-detail JSON the uniqlo.com/us product page loads (/us/api/commerce/v5/en/products/<id>/price-groups/00/details), drawn across Uniqlo's men's classes; men's path lists 629 listings incl. accessories and sale price-group duplicates; not random"
Uniqlo,E486116-000,Windproof Fleece Full-Zip Hoodie,https://www.uniqlo.com/us/en/products/E486116-000/00,sweats,Sweatshirts & Hoodies,-,Shell: 100% Polyester/ Lining: 100% Polyester,polyester,100,0,synthetic,polyester,"price seen $69.90; origin codes CN;VN; page origin line ""Imported""; tech: Windproof; SAMPLE: 66 men's clothing styles read 2026-10-10 from the product-detail JSON the uniqlo.com/us product page loads (/us/api/commerce/v5/en/products/<id>/price-groups/00/details), drawn across Uniqlo's men's classes; men's path lists 629 listings incl. accessories and sale price-group duplicates; not random"
Uniqlo,E475367-000,AIRism Cotton Pique Polo Shirt,https://www.uniqlo.com/us/en/products/E475367-000/00,tees-polos,Polo Shirts,AIRism,"Body: 57% Cotton, 43% Nylon / Rib: 73% Polyester, 27% Rayon",cotton,57,0,blend,-,"composition as reported by fetch tool, numbers verbatim; price seen $29.90; origin codes VN; page origin line ""Imported""; tech: AIRism; SAMPLE: 66 men's clothing styles read 2026-10-10 from the product-detail JSON the uniqlo.com/us product page loads (/us/api/commerce/v5/en/products/<id>/price-groups/00/details), drawn across Uniqlo's men's classes; men's path lists 629 listings incl. accessories and sale price-group duplicates; not random"
Uniqlo,E482304-000,DRY Pique Polo Shirt,https://www.uniqlo.com/us/en/products/E482304-000/00,tees-polos,Polo Shirts,-,"Body: 72% Cotton, 28% Polyester ( 28% Uses Recycled Polyester Fiber )/ Rib: 73% Polyester, 27% Cotton/ Exclusive of Decoration",cotton,72,0,blend,-,"UNISEX product in the men's path; sizeGender not read; price seen $29.90; origin codes VN; page origin line ""Imported""; tech: DRY; SAMPLE: 66 men's clothing styles read 2026-10-10 from the product-detail JSON the uniqlo.com/us product page loads (/us/api/commerce/v5/en/products/<id>/price-groups/00/details), drawn across Uniqlo's men's classes; men's path lists 629 listings incl. accessories and sale price-group duplicates; not random"
Uniqlo,E460939-000,Merino Polo Sweater,https://www.uniqlo.com/us/en/products/E460939-000/00,knitwear,Polo Shirts / Sweaters & Knitwear,-,100% Wool,wool,100,0,natural,wool,"description: extra-fine Merino wool; price seen $49.90; origin codes VN; page origin line ""Imported""; tech: -; SAMPLE: 66 men's clothing styles read 2026-10-10 from the product-detail JSON the uniqlo.com/us product page loads (/us/api/commerce/v5/en/products/<id>/price-groups/00/details), drawn across Uniqlo's men's classes; men's path lists 629 listings incl. accessories and sale price-group duplicates; not random"
Uniqlo,E484610-000,Harrington Jacket,https://www.uniqlo.com/us/en/products/E484610-000/00,outerwear,Jackets & Parkas,-,"Shell: 50% Cotton, 50% Polyester (50% Uses Recycled Polyester Fiber) / Body Lining: 100% Cotton / Sleeve Lining: 100% Polyester / Rib: 97% Polyester, 3% Spandex / Decoration: Imitation Leather",cotton,50,0,blend,-,"cotton/polyester 50/50 tie: first-listed (cotton) leads; UNISEX product in the men's path; sizeGender not read; price seen $69.90 list (detail 59.90 promo); origin codes KH;VN; page origin line ""Imported""; tech: -; SAMPLE: 66 men's clothing styles read 2026-10-10 from the product-detail JSON the uniqlo.com/us product page loads (/us/api/commerce/v5/en/products/<id>/price-groups/00/details), drawn across Uniqlo's men's classes; men's path lists 629 listings incl. accessories and sale price-group duplicates; not random"
Uniqlo,E491292-000,MA-1 Blouson,https://www.uniqlo.com/us/en/products/E491292-000/00,outerwear,Jackets & Parkas,-,"Shell: 100% Nylon ( 49% Uses Recycled Nylon Fiber )/ Filling: 100% Polyester/ Lining: 100% Polyester/ Rib: 85% Acrylic, 13% Polyester, 2% Spandex/ Decoration: Imitation Leather",polyamide,100,0,synthetic,polyamide,"UNISEX product in the men's path; sizeGender not read; price seen $79.90; origin codes VN; page origin line ""Imported""; tech: -; SAMPLE: 66 men's clothing styles read 2026-10-10 from the product-detail JSON the uniqlo.com/us product page loads (/us/api/commerce/v5/en/products/<id>/price-groups/00/details), drawn across Uniqlo's men's classes; men's path lists 629 listings incl. accessories and sale price-group duplicates; not random"
Uniqlo,E489482-000,Wool Blend Harrington Jacket,https://www.uniqlo.com/us/en/products/E489482-000/00,outerwear,Jackets & Parkas,-,"Shell: 57% Polyester, 33% Wool, 10% Nylon (30% Uses Recycled Polyester Fiber) / Sleeve Lining: 100% Polyester / Body Lining: 65% Polyester, 35% Cotton",polyester,57,0,blend,-,"UNISEX product in the men's path; sizeGender not read; price seen $99.90; origin codes KH; page origin line ""Imported""; tech: -; SAMPLE: 66 men's clothing styles read 2026-10-10 from the product-detail JSON the uniqlo.com/us product page loads (/us/api/commerce/v5/en/products/<id>/price-groups/00/details), drawn across Uniqlo's men's classes; men's path lists 629 listings incl. accessories and sale price-group duplicates; not random"
Uniqlo,E489492-000,Padded Shirt Jacket,https://www.uniqlo.com/us/en/products/E489492-000/00,outerwear,Jackets & Parkas,-,Shell: 100% Cotton/ Filling: 100% Polyester/ Lining: 100% Polyester,cotton,100,0,natural,cotton,"price seen $89.90; origin codes VN; page origin line ""Imported""; tech: -; SAMPLE: 66 men's clothing styles read 2026-10-10 from the product-detail JSON the uniqlo.com/us product page loads (/us/api/commerce/v5/en/products/<id>/price-groups/00/details), drawn across Uniqlo's men's classes; men's path lists 629 listings incl. accessories and sale price-group duplicates; not random"
Uniqlo,E480045-000,Hybrid Down Parka,https://www.uniqlo.com/us/en/products/E480045-000/00,outerwear,Down Jackets & Coats,-,"Shell: 100% Polyester (59% Uses Recycled Polyester Fiber) / Filling: Upper Body: Down (Minimum 85% Down), (100% Uses Recycled Down Feathers) / Lower Body ... Sleeve: 70% Polyester, 30% Rayon / Mesh: Hood: 100% Polyester / Lining: Body: 100% Nylon / Mesh: 100% Polyester",polyester,100,0,synthetic,polyester,"shell reads lead (polyester); UNISEX product in the men's path; sizeGender not read; price seen $179.90; origin codes VN; page origin line ""Imported""; tech: -; SAMPLE: 66 men's clothing styles read 2026-10-10 from the product-detail JSON the uniqlo.com/us product page loads (/us/api/commerce/v5/en/products/<id>/price-groups/00/details), drawn across Uniqlo's men's classes; men's path lists 629 listings incl. accessories and sale price-group duplicates; not random"
Uniqlo,E478280-000,Seamless Down Coat,https://www.uniqlo.com/us/en/products/E478280-000/00,outerwear,Down Jackets & Coats,-,"Shell: 100% Polyester / Filling: Body: Down (Minimum 90% Down) / Hood Edge: Inner Layer: 100% Polyester / Lining: 100% Polyester / Cuff: 87% Polyester, 13% Spandex",polyester,100,0,synthetic,polyester,"cuff spandex excluded (trim); price seen $199.90; origin codes VN; page origin line ""Imported""; tech: -; SAMPLE: 66 men's clothing styles read 2026-10-10 from the product-detail JSON the uniqlo.com/us product page loads (/us/api/commerce/v5/en/products/<id>/price-groups/00/details), drawn across Uniqlo's men's classes; men's path lists 629 listings incl. accessories and sale price-group duplicates; not random"
Uniqlo,E469292-001,Pocketable UV Protection Parka,https://www.uniqlo.com/us/en/products/E469292-001/00,outerwear,Jackets & Parkas,-,100% Polyester ( 44% Uses Recycled Polyester Fiber ),polyester,100,0,synthetic,polyester,"feature text names NANODESIGN (Toray technology); price seen $49.90; origin codes CN;VN; page origin line ""Imported""; tech: NANODESIGN; SAMPLE: 66 men's clothing styles read 2026-10-10 from the product-detail JSON the uniqlo.com/us product page loads (/us/api/commerce/v5/en/products/<id>/price-groups/00/details), drawn across Uniqlo's men's classes; men's path lists 629 listings incl. accessories and sale price-group duplicates; not random"
Uniqlo,E482211-000,BLOCKTECH Parka,https://www.uniqlo.com/us/en/products/E482211-000/00,outerwear,Jackets & Parkas,BLOCKTECH,100% Polyester ( 50% Uses Recycled Polyester Fiber ),polyester,100,0,synthetic,polyester,"only style in the men's BLOCKTECH subcategory (152972) on 2026-10-10; UNISEX product in the men's path; sizeGender not read; price seen $79.90; origin codes VN; page origin line ""Imported""; tech: BLOCKTECH; SAMPLE: 66 men's clothing styles read 2026-10-10 from the product-detail JSON the uniqlo.com/us product page loads (/us/api/commerce/v5/en/products/<id>/price-groups/00/details), drawn across Uniqlo's men's classes; men's path lists 629 listings incl. accessories and sale price-group duplicates; not random"
Uniqlo,E450195-000,Fleece Full-Zip Jacket,https://www.uniqlo.com/us/en/products/E450195-000/00,sweats,Outerwear / Fleece,-,[08 DARK GRAY] 100% Polyester (55% Uses Recycled Polyester Fiber) / [Other Colors] 100% Polyester (100% Uses Recycled Polyester Fiber),polyester,100,0,synthetic,polyester,"fleece jacket filed by Uniqlo under Outerwear and Fleece; assigned sweats (fleece); UNISEX product in the men's path; sizeGender not read; price seen $49.90; origin codes CN;KH;VN; page origin line ""Imported""; tech: -; SAMPLE: 66 men's clothing styles read 2026-10-10 from the product-detail JSON the uniqlo.com/us product page loads (/us/api/commerce/v5/en/products/<id>/price-groups/00/details), drawn across Uniqlo's men's classes; men's path lists 629 listings incl. accessories and sale price-group duplicates; not random"
Uniqlo,E486818-000,Wool Blend Short Coat,https://www.uniqlo.com/us/en/products/E486818-000/00,outerwear,Coats,Uniqlo U,"Shell: 67% Polyester, 33% Wool ( 50% Uses Recycled Polyester Fiber )/ Sleeve Lining: 100% Polyester/ Body Lining: 65% Polyester, 35% Cotton",polyester,67,0,blend,-,"UNISEX product in the men's path; sizeGender not read; price seen $129.90 (list showed 99.90 promo); origin codes KH; page origin line ""Imported""; tech: -; SAMPLE: 66 men's clothing styles read 2026-10-10 from the product-detail JSON the uniqlo.com/us product page loads (/us/api/commerce/v5/en/products/<id>/price-groups/00/details), drawn across Uniqlo's men's classes; men's path lists 629 listings incl. accessories and sale price-group duplicates; not random"
Uniqlo,E450543-000,Cashmere Sweater,https://www.uniqlo.com/us/en/products/E450543-000/00,knitwear,Sweaters & Cardigans,-,100% Cashmere,cashmere,100,0,natural,cashmere,"crew neck per subcategory/tags; price seen $99.90; origin codes CN;KH;VN; page origin line ""Imported""; tech: -; SAMPLE: 66 men's clothing styles read 2026-10-10 from the product-detail JSON the uniqlo.com/us product page loads (/us/api/commerce/v5/en/products/<id>/price-groups/00/details), drawn across Uniqlo's men's classes; men's path lists 629 listings incl. accessories and sale price-group duplicates; not random"
Uniqlo,E486071-000,Lambswool Sweater,https://www.uniqlo.com/us/en/products/E486071-000/00,knitwear,Sweaters & Cardigans,-,100% Wool,wool,100,0,natural,wool,"19.5-micron wool stated; neckline not stated in data; UNISEX product in the men's path; sizeGender not read; price seen $49.90; origin codes BD;VN; page origin line ""Imported""; tech: -; SAMPLE: 66 men's clothing styles read 2026-10-10 from the product-detail JSON the uniqlo.com/us product page loads (/us/api/commerce/v5/en/products/<id>/price-groups/00/details), drawn across Uniqlo's men's classes; men's path lists 629 listings incl. accessories and sale price-group duplicates; not random"
Uniqlo,E487487-000,Merino Blended Sweater,https://www.uniqlo.com/us/en/products/E487487-000/00,knitwear,Sweaters & Cardigans,-,"45% Polyester, 30% Wool, 25% Acrylic ( 45% Uses Recycled Polyester Fiber )",polyester,45,0,blend,-,"price seen $49.90; origin codes VN; page origin line ""Imported""; tech: -; SAMPLE: 66 men's clothing styles read 2026-10-10 from the product-detail JSON the uniqlo.com/us product page loads (/us/api/commerce/v5/en/products/<id>/price-groups/00/details), drawn across Uniqlo's men's classes; men's path lists 629 listings incl. accessories and sale price-group duplicates; not random"
Uniqlo,E486080-000,Souffle Yarn Sweater,https://www.uniqlo.com/us/en/products/E486080-000/00,knitwear,Sweaters & Cardigans,-,"57% Acrylic, 32% Polyester, 8% Wool, 3% Spandex ( 32% Uses Recycled Polyester Fiber )",acrylic,57,3,blend,-,"price seen $49.90; origin codes BD;VN; page origin line ""Imported""; tech: -; SAMPLE: 66 men's clothing styles read 2026-10-10 from the product-detail JSON the uniqlo.com/us product page loads (/us/api/commerce/v5/en/products/<id>/price-groups/00/details), drawn across Uniqlo's men's classes; men's path lists 629 listings incl. accessories and sale price-group duplicates; not random"
Uniqlo,E487943-000,Low Gauge Cable Sweater,https://www.uniqlo.com/us/en/products/E487943-000/00,knitwear,Sweaters & Cardigans,-,"49% Acrylic, 45% Nylon, 6% Wool",acrylic,49,0,blend,-,"price seen $59.90; origin codes KH; page origin line ""Imported""; tech: -; SAMPLE: 66 men's clothing styles read 2026-10-10 from the product-detail JSON the uniqlo.com/us product page loads (/us/api/commerce/v5/en/products/<id>/price-groups/00/details), drawn across Uniqlo's men's classes; men's path lists 629 listings incl. accessories and sale price-group duplicates; not random"
Uniqlo,E475053-000,Smooth Cotton Sweater,https://www.uniqlo.com/us/en/products/E475053-000/00,knitwear,Sweaters & Cardigans,-,100% Cotton,cotton,100,0,natural,cotton,"UNISEX product in the men's path; sizeGender not read; price seen $49.90 (list LTO 39.90); origin codes VN; page origin line ""Imported""; tech: -; SAMPLE: 66 men's clothing styles read 2026-10-10 from the product-detail JSON the uniqlo.com/us product page loads (/us/api/commerce/v5/en/products/<id>/price-groups/00/details), drawn across Uniqlo's men's classes; men's path lists 629 listings incl. accessories and sale price-group duplicates; not random"
Uniqlo,E474146-000,Cashmere Quarter-Zip Sweater,https://www.uniqlo.com/us/en/products/E474146-000/00,knitwear,Sweaters & Cardigans,-,100% Cashmere,cashmere,100,0,natural,cashmere,"price seen $129.90; origin codes KH;VN; page origin line ""Imported""; tech: -; SAMPLE: 66 men's clothing styles read 2026-10-10 from the product-detail JSON the uniqlo.com/us product page loads (/us/api/commerce/v5/en/products/<id>/price-groups/00/details), drawn across Uniqlo's men's classes; men's path lists 629 listings incl. accessories and sale price-group duplicates; not random"
Uniqlo,E456590-000,Super Non-Iron Slim Shirt | Regular Collar,https://www.uniqlo.com/us/en/products/E456590-000/00,shirts,Dress Shirts,-,100% Cotton,cotton,100,0,natural,cotton,"price seen $49.90; origin codes VN; page origin line ""Imported""; tech: -; SAMPLE: 66 men's clothing styles read 2026-10-10 from the product-detail JSON the uniqlo.com/us product page loads (/us/api/commerce/v5/en/products/<id>/price-groups/00/details), drawn across Uniqlo's men's classes; men's path lists 629 listings incl. accessories and sale price-group duplicates; not random"
Uniqlo,E486614-000,Easy Care Soft Shirt,https://www.uniqlo.com/us/en/products/E486614-000/00,shirts,Dress Shirts,-,"57% Rayon, 43% Polyester ( 43% Uses Recycled Polyester Fiber )",viscose,57,0,blend,-,"UNISEX product in the men's path; sizeGender not read; price seen $49.90; origin codes ID; page origin line ""Imported""; tech: -; SAMPLE: 66 men's clothing styles read 2026-10-10 from the product-detail JSON the uniqlo.com/us product page loads (/us/api/commerce/v5/en/products/<id>/price-groups/00/details), drawn across Uniqlo's men's classes; men's path lists 629 listings incl. accessories and sale price-group duplicates; not random"
Uniqlo,E473535-000,Super Non-Iron Jersey Slim Shirt | Regular Collar,https://www.uniqlo.com/us/en/products/E473535-000/00,shirts,Dress Shirts,-,"51% Polyester, 49% Cotton",polyester,51,0,blend,-,"price seen $49.90; origin codes VN; page origin line ""Imported""; tech: DRY; SAMPLE: 66 men's clothing styles read 2026-10-10 from the product-detail JSON the uniqlo.com/us product page loads (/us/api/commerce/v5/en/products/<id>/price-groups/00/details), drawn across Uniqlo's men's classes; men's path lists 629 listings incl. accessories and sale price-group duplicates; not random"
Uniqlo,E456630-000,Oxford Slim Shirt,https://www.uniqlo.com/us/en/products/E456630-000/00,shirts,Casual Shirts,-,100% Cotton,cotton,100,0,natural,cotton,"UNISEX product in the men's path; sizeGender not read; price seen $49.90; origin codes VN; page origin line ""Imported""; tech: -; SAMPLE: 66 men's clothing styles read 2026-10-10 from the product-detail JSON the uniqlo.com/us product page loads (/us/api/commerce/v5/en/products/<id>/price-groups/00/details), drawn across Uniqlo's men's classes; men's path lists 629 listings incl. accessories and sale price-group duplicates; not random"
Uniqlo,E455957-000,Premium Linen Shirt,https://www.uniqlo.com/us/en/products/E455957-000/00,shirts,Casual Shirts / Linen,Linen,100% Linen,linen,100,0,natural,linen,"price seen $49.90; origin codes BD; page origin line ""Imported""; tech: -; SAMPLE: 66 men's clothing styles read 2026-10-10 from the product-detail JSON the uniqlo.com/us product page loads (/us/api/commerce/v5/en/products/<id>/price-groups/00/details), drawn across Uniqlo's men's classes; men's path lists 629 listings incl. accessories and sale price-group duplicates; not random"
Uniqlo,E486600-000,Flannel Shirt | Heather,https://www.uniqlo.com/us/en/products/E486600-000/00,shirts,Casual Shirts,-,100% Cotton,cotton,100,0,natural,cotton,"UNISEX product in the men's path; sizeGender not read; price seen $49.90; origin codes BD; page origin line ""Imported""; tech: -; SAMPLE: 66 men's clothing styles read 2026-10-10 from the product-detail JSON the uniqlo.com/us product page loads (/us/api/commerce/v5/en/products/<id>/price-groups/00/details), drawn across Uniqlo's men's classes; men's path lists 629 listings incl. accessories and sale price-group duplicates; not random"
Uniqlo,E485737-000,Selvedge Straight Jeans,https://www.uniqlo.com/us/en/products/E485737-000/00,denim,Jeans,-,100% Cotton/ Exclusive of Decoration,cotton,100,0,natural,cotton,"price seen $59.90; origin codes BD; page origin line ""Imported""; tech: -; SAMPLE: 66 men's clothing styles read 2026-10-10 from the product-detail JSON the uniqlo.com/us product page loads (/us/api/commerce/v5/en/products/<id>/price-groups/00/details), drawn across Uniqlo's men's classes; men's path lists 629 listings incl. accessories and sale price-group duplicates; not random"
Uniqlo,E482856-000,Slim Straight Jeans,https://www.uniqlo.com/us/en/products/E482856-000/00,denim,Jeans,-,"98% Cotton, 2% Spandex",cotton,98,2,blend,-,"feature text: ""Fabric jointly developed with Kaihara""; price seen $59.90; origin codes BD; page origin line ""Imported""; tech: -; SAMPLE: 66 men's clothing styles read 2026-10-10 from the product-detail JSON the uniqlo.com/us product page loads (/us/api/commerce/v5/en/products/<id>/price-groups/00/details), drawn across Uniqlo's men's classes; men's path lists 629 listings incl. accessories and sale price-group duplicates; not random"
Uniqlo,E491784-000,Smart Pants,https://www.uniqlo.com/us/en/products/E491784-000/00,trousers,Dress Pants,-,"67% Polyester, 29% Rayon, 4% Spandex ( 67% Uses Recycled Polyester Fiber )",polyester,67,4,blend,-,"price seen $59.90; origin codes VN; page origin line ""Imported""; tech: -; SAMPLE: 66 men's clothing styles read 2026-10-10 from the product-detail JSON the uniqlo.com/us product page loads (/us/api/commerce/v5/en/products/<id>/price-groups/00/details), drawn across Uniqlo's men's classes; men's path lists 629 listings incl. accessories and sale price-group duplicates; not random"
Uniqlo,E462197-000,Pleated Wide Pants,https://www.uniqlo.com/us/en/products/E462197-000/00,trousers,Dress Pants,-,"Body: 67% Polyester, 29% Rayon, 4% Spandex (62% Uses Recycled Polyester Fiber) / Pocket Lining: 65% Polyester, 35% Cotton (several colour/sub-product options, all 67/29/4 where stated)",polyester,67,4,blend,-,"price seen $59.90; origin codes BD;VN; page origin line ""Imported""; tech: -; SAMPLE: 66 men's clothing styles read 2026-10-10 from the product-detail JSON the uniqlo.com/us product page loads (/us/api/commerce/v5/en/products/<id>/price-groups/00/details), drawn across Uniqlo's men's classes; men's path lists 629 listings incl. accessories and sale price-group duplicates; not random"
Uniqlo,E487214-000,Barrel Chino Pants,https://www.uniqlo.com/us/en/products/E487214-000/00,trousers,Chinos / Barrel Pants,Uniqlo U,100% Cotton,cotton,100,0,natural,cotton,"sizeGender MEN; price seen $49.90 (promo 49.90); origin codes VN; page origin line ""Imported""; tech: -; SAMPLE: 66 men's clothing styles read 2026-10-10 from the product-detail JSON the uniqlo.com/us product page loads (/us/api/commerce/v5/en/products/<id>/price-groups/00/details), drawn across Uniqlo's men's classes; men's path lists 629 listings incl. accessories and sale price-group duplicates; not random"
Uniqlo,E482952-000,"AirSense Shorts | 9""",https://www.uniqlo.com/us/en/products/E482952-000/00,shorts,Shorts / Dress Pants,AirSense,100% Polyester ( 49% Uses Recycled Polyester Fiber ),polyester,100,0,synthetic,polyester,"page: fabric jointly developed by Toray and UNIQLO; price seen $49.90; origin codes VN; page origin line ""Imported""; tech: DRY; SAMPLE: 66 men's clothing styles read 2026-10-10 from the product-detail JSON the uniqlo.com/us product page loads (/us/api/commerce/v5/en/products/<id>/price-groups/00/details), drawn across Uniqlo's men's classes; men's path lists 629 listings incl. accessories and sale price-group duplicates; not random"
Uniqlo,E454326-000,AIRism Boxer Briefs,https://www.uniqlo.com/us/en/products/E454326-000/00,underwear-swim,Boxers & Briefs,AIRism,"Body: 88% Polyester, 12% Spandex ( 54% Uses Recycled Polyester Fiber )/ Waist: 90% Nylon, 10% Spandex",polyester,88,12,synthetic,-,"price seen $14.90; origin codes VN; page origin line ""Imported""; tech: AIRism; SAMPLE: 66 men's clothing styles read 2026-10-10 from the product-detail JSON the uniqlo.com/us product page loads (/us/api/commerce/v5/en/products/<id>/price-groups/00/details), drawn across Uniqlo's men's classes; men's path lists 629 listings incl. accessories and sale price-group duplicates; not random"
Uniqlo,E439661-000,Woven Trunks | Broadcloth,https://www.uniqlo.com/us/en/products/E439661-000/00,underwear-swim,Boxers & Briefs,-,"Body: 100% Cotton / Elastic Part: 93% Polyester, 7% Spandex (other sub-products: elastic 95/5)",cotton,100,0,natural,cotton,"elastic waist excluded from main line; price seen $7.90; origin codes BD; page origin line ""Imported""; tech: -; SAMPLE: 66 men's clothing styles read 2026-10-10 from the product-detail JSON the uniqlo.com/us product page loads (/us/api/commerce/v5/en/products/<id>/price-groups/00/details), drawn across Uniqlo's men's classes; men's path lists 629 listings incl. accessories and sale price-group duplicates; not random"
Uniqlo,E475376-000,DRY V-Neck T-Shirt,https://www.uniqlo.com/us/en/products/E475376-000/00,tees-polos,T-Shirts,-,"66% Cotton, 34% Polyester ( 34% Uses Recycled Polyester Fiber )",cotton,66,0,blend,-,"sizeGender MEN; price seen $9.90; origin codes VN; page origin line ""Imported""; tech: DRY; SAMPLE: 66 men's clothing styles read 2026-10-10 from the product-detail JSON the uniqlo.com/us product page loads (/us/api/commerce/v5/en/products/<id>/price-groups/00/details), drawn across Uniqlo's men's classes; men's path lists 629 listings incl. accessories and sale price-group duplicates; not random"
Uniqlo,E465193-000,AIRism Cotton T-Shirt | Long Sleeve,https://www.uniqlo.com/us/en/products/E465193-000/00,tees-polos,T-Shirts,Uniqlo U;AIRism,"Body: 53% Cotton, 47% Polyester ( 30% Uses Recycled Polyester Fiber )/ Rib: 73% Cotton, 27% Polyester",cotton,53,0,blend,-,"sizeGender MEN; price seen $29.90; origin codes VN; page origin line ""Imported""; tech: AIRism; SAMPLE: 66 men's clothing styles read 2026-10-10 from the product-detail JSON the uniqlo.com/us product page loads (/us/api/commerce/v5/en/products/<id>/price-groups/00/details), drawn across Uniqlo's men's classes; men's path lists 629 listings incl. accessories and sale price-group duplicates; not random"
Uniqlo,E493511-000,KAWS UNIVERSE UT Graphic T-Shirt,https://www.uniqlo.com/us/en/products/E493511-000/00,tees-polos,UT: Graphic Tees,UT,100% Cotton,cotton,100,0,natural,cotton,"collaboration (KAWS, ""designed just for UNIQLO""); never used as a price; price seen $29.90; origin codes VN; page origin line ""Imported""; tech: -; SAMPLE: 66 men's clothing styles read 2026-10-10 from the product-detail JSON the uniqlo.com/us product page loads (/us/api/commerce/v5/en/products/<id>/price-groups/00/details), drawn across Uniqlo's men's classes; men's path lists 629 listings incl. accessories and sale price-group duplicates; not random"
Uniqlo,E483972-000,DRY-EX Polo Shirt | Pattern,https://www.uniqlo.com/us/en/products/E483972-000/00,tees-polos,Polo Shirts,-,"Body: 65% Polyester, 35% Nylon (65% Uses Recycled Polyester Fiber) / Rib: 93% Polyester, 7% Spandex (93% Uses Recycled Polyester Fiber)",polyester,65,0,synthetic,-,"rib spandex excluded; price seen $29.90; origin codes KH; page origin line ""Imported""; tech: DRY-EX; SAMPLE: 66 men's clothing styles read 2026-10-10 from the product-detail JSON the uniqlo.com/us product page loads (/us/api/commerce/v5/en/products/<id>/price-groups/00/details), drawn across Uniqlo's men's classes; men's path lists 629 listings incl. accessories and sale price-group duplicates; not random"
Uniqlo,E484249-000,Zip-Up Blouson,https://www.uniqlo.com/us/en/products/E484249-000/00,outerwear,Jackets & Parkas,-,100% Cotton/ Exclusive of Decoration,cotton,100,0,natural,cotton,"price seen $59.90; origin codes VN; page origin line ""Imported""; tech: -; SAMPLE: 66 men's clothing styles read 2026-10-10 from the product-detail JSON the uniqlo.com/us product page loads (/us/api/commerce/v5/en/products/<id>/price-groups/00/details), drawn across Uniqlo's men's classes; men's path lists 629 listings incl. accessories and sale price-group duplicates; not random"
Uniqlo,E488773-000,Fishtail Parka,https://www.uniqlo.com/us/en/products/E488773-000/00,outerwear,Coats / Uniqlo U,Uniqlo U,100% Cotton,cotton,100,0,natural,cotton,"sizeGender MEN; price seen $129.90 (promo 129.90); origin codes VN; page origin line ""Imported""; tech: -; SAMPLE: 66 men's clothing styles read 2026-10-10 from the product-detail JSON the uniqlo.com/us product page loads (/us/api/commerce/v5/en/products/<id>/price-groups/00/details), drawn across Uniqlo's men's classes; men's path lists 629 listings incl. accessories and sale price-group duplicates; not random"
Uniqlo,E486176-000,Seamless Down Parka,https://www.uniqlo.com/us/en/products/E486176-000/00,outerwear,Down Jackets & Coats,-,"Shell: 100% Polyester/ Filling: Body: Down ( Minimum 90% Down )/ Hood Edge: 100% Polyester/ Lining: 100% Nylon/ Cuff: 87% Polyester, 13% Spandex",polyester,100,0,synthetic,polyester,"cuff spandex excluded; price seen $179.90; origin codes VN; page origin line ""Imported""; tech: -; SAMPLE: 66 men's clothing styles read 2026-10-10 from the product-detail JSON the uniqlo.com/us product page loads (/us/api/commerce/v5/en/products/<id>/price-groups/00/details), drawn across Uniqlo's men's classes; men's path lists 629 listings incl. accessories and sale price-group duplicates; not random"
Uniqlo,E486117-000,Sweatshirt,https://www.uniqlo.com/us/en/products/E486117-000/00,sweats,Sweatshirts & Hoodies,-,"Body: 100% Cotton/ Rib: 84% Cotton, 16% Polyester",cotton,100,0,natural,cotton,"sizeGender MEN; price seen $39.90; origin codes VN; page origin line ""Imported""; tech: -; SAMPLE: 66 men's clothing styles read 2026-10-10 from the product-detail JSON the uniqlo.com/us product page loads (/us/api/commerce/v5/en/products/<id>/price-groups/00/details), drawn across Uniqlo's men's classes; men's path lists 629 listings incl. accessories and sale price-group duplicates; not random"
Uniqlo,E450260-000,Broadcloth Shirt | Button Down,https://www.uniqlo.com/us/en/products/E450260-000/00,shirts,Casual Shirts,-,100% Cotton,cotton,100,0,natural,cotton,"sizeGender MEN; ""ultra-long cotton fibers""; price seen $49.90; origin codes ID;VN; page origin line ""Imported""; tech: -; SAMPLE: 66 men's clothing styles read 2026-10-10 from the product-detail JSON the uniqlo.com/us product page loads (/us/api/commerce/v5/en/products/<id>/price-groups/00/details), drawn across Uniqlo's men's classes; men's path lists 629 listings incl. accessories and sale price-group duplicates; not random"
Uniqlo,E482890-000,AirSense Pants,https://www.uniqlo.com/us/en/products/E482890-000/00,trousers,Dress Pants,AirSense,[35 BROWN] 100% Polyester / [35 BROWN] 100% Polyester ( 27% Uses Recycled Polyester Fiber ) / [04 GRAY] 100% Polyester,polyester,100,0,synthetic,polyester,"page: fabric jointly developed by Toray and UNIQLO; price seen $39.90 (Sale flag; promo = base; full price not exposed); origin codes VN; page origin line ""Imported""; tech: -; SAMPLE: 66 men's clothing styles read 2026-10-10 from the product-detail JSON the uniqlo.com/us product page loads (/us/api/commerce/v5/en/products/<id>/price-groups/00/details), drawn across Uniqlo's men's classes; men's path lists 629 listings incl. accessories and sale price-group duplicates; not random"
Uniqlo,E488739-000,Jersey Easy Work Pants,https://www.uniqlo.com/us/en/products/E488739-000/00,trousers,Easy Pants,-,"62% Polyester, 31% Cotton, 7% Spandex ( 31% Uses Recycled Polyester Fiber )",polyester,62,7,blend,-,"sizeGender MEN; price seen $49.90; origin codes KH; page origin line ""Imported""; tech: -; SAMPLE: 66 men's clothing styles read 2026-10-10 from the product-detail JSON the uniqlo.com/us product page loads (/us/api/commerce/v5/en/products/<id>/price-groups/00/details), drawn across Uniqlo's men's classes; men's path lists 629 listings incl. accessories and sale price-group duplicates; not random"
Uniqlo,E482556-000,AIRism Ultra Seamless Boxer Briefs,https://www.uniqlo.com/us/en/products/E482556-000/00,underwear-swim,Boxers & Briefs,AIRism,"71% Nylon, 29% Spandex",polyamide,71,29,synthetic,-,"price seen $14.90; origin codes VN; page origin line ""Imported""; tech: AIRism; SAMPLE: 66 men's clothing styles read 2026-10-10 from the product-detail JSON the uniqlo.com/us product page loads (/us/api/commerce/v5/en/products/<id>/price-groups/00/details), drawn across Uniqlo's men's classes; men's path lists 629 listings incl. accessories and sale price-group duplicates; not random"
Uniqlo,E450179-000,Soft Brushed T-Shirt | Long Sleeve,https://www.uniqlo.com/us/en/products/E450179-000/00,tees-polos,T-Shirts,-,100% Cotton,cotton,100,0,natural,cotton,"price seen $29.90; origin codes VN; page origin line ""Imported""; tech: -; SAMPLE: 66 men's clothing styles read 2026-10-10 from the product-detail JSON the uniqlo.com/us product page loads (/us/api/commerce/v5/en/products/<id>/price-groups/00/details), drawn across Uniqlo's men's classes; men's path lists 629 listings incl. accessories and sale price-group duplicates; not random"
Uniqlo,E487688-000,Coverall,https://www.uniqlo.com/us/en/products/E487688-000/00,outerwear,Jackets & Parkas,-,Body: 100% Cotton/ Back Yoke: 100% Cotton,cotton,100,0,natural,cotton,"sizeGender MEN; price seen $59.90; origin codes VN; page origin line ""Imported""; tech: -; SAMPLE: 66 men's clothing styles read 2026-10-10 from the product-detail JSON the uniqlo.com/us product page loads (/us/api/commerce/v5/en/products/<id>/price-groups/00/details), drawn across Uniqlo's men's classes; men's path lists 629 listings incl. accessories and sale price-group duplicates; not random"
UNTUCKit,42461,Wrinkle-Free Gallis Shirt,https://www.untuckit.com/products/gallis-wf-dark-blue,shirts,Button-Down Shirts,Wrinkle-Free,100% Cotton,cotton,100,0,natural,cotton,-
UNTUCKit,42481,Ultrasoft Flannel Shirt,https://www.untuckit.com/products/hartsford-green,shirts,Button-Down Shirts,Ultrasoft,"55% Cotton, 45% Modal",cotton,55,0,blend,-,"In shirts feed, not on the HTML listing; 2 handles (stems 42481, 42480)"
UNTUCKit,41234,Flannel Hemsworth Shirt,https://www.untuckit.com/products/hemsworth-scarab,shirts,Button-Down Shirts,-,100% Cotton,cotton,100,0,natural,cotton,-
UNTUCKit,42121,Wrinkle-Free Arnold Shirt,https://www.untuckit.com/products/arnold-wf,shirts,Button-Down Shirts,Wrinkle-Free,100% Cotton,cotton,100,0,natural,cotton,-
UNTUCKit,42018,Wrinkle-Free Stretch Cotton Arden Shirt,https://www.untuckit.com/products/arden-wf,shirts,Button-Down Shirts,Wrinkle-Free;Stretch Cotton,"95% Supima™ Cotton, 5% Elastane",cotton,95,5,blend,-,6 colourway handles
UNTUCKit,42317,Wrinkle-Free Castro Shirt,https://www.untuckit.com/products/castro-wf,shirts,Button-Down Shirts,Wrinkle-Free,100% Cotton,cotton,100,0,natural,cotton,-
UNTUCKit,42201,Wrinkle-Free Solay Shirt,https://www.untuckit.com/products/solay-wf,shirts,Button-Down Shirts,Wrinkle-Free,100% Cotton,cotton,100,0,natural,cotton,-
UNTUCKit,42206,Wrinkle-Free Serfield Shirt,https://www.untuckit.com/products/serfield-wf,shirts,Button-Down Shirts,Wrinkle-Free,100% Cotton,cotton,100,0,natural,cotton,-
UNTUCKit,42203,Wrinkle-Free Marchand Shirt,https://www.untuckit.com/products/marchand-wf,shirts,Button-Down Shirts,Wrinkle-Free,100% Cotton,cotton,100,0,natural,cotton,-
UNTUCKit,41438,Wrinkle-Free Cadetto Shirt,https://www.untuckit.com/products/cadetto-wf-8,shirts,Button-Down Shirts,Wrinkle-Free,100% Cotton,cotton,100,0,natural,cotton,-
UNTUCKit,42125,Wrinkle-Free Thorne Shirt,https://www.untuckit.com/products/thorne-wf,shirts,Button-Down Shirts,Wrinkle-Free,100% Cotton,cotton,100,0,natural,cotton,-
UNTUCKit,42468,Wrinkle-Free Foxvine Shirt,https://www.untuckit.com/products/foxvine-wf,shirts,Button-Down Shirts,Wrinkle-Free,100% Cotton,cotton,100,0,natural,cotton,"In shirts feed, not on the HTML listing"
UNTUCKit,35686,Wrinkle-Free Castello Shirt,https://www.untuckit.com/products/castello-wrinkle-free,shirts,Button-Down Shirts,Wrinkle-Free,100% Cotton,cotton,100,0,natural,cotton,-
UNTUCKit,31360,Wrinkle-Free Black Stone Shirt,https://www.untuckit.com/products/black-stone-wrinkle-free,shirts,Button-Down Shirts,Wrinkle-Free,100% Cotton,cotton,100,0,natural,cotton,-
UNTUCKit,42475,Performance Melrose Shirt,https://www.untuckit.com/products/melrose-purple,shirts,Button-Down Shirts,Performance,"92% Nylon, 8% Elastane",polyamide,92,8,synthetic,-,-
UNTUCKit,42130,CottonTek™ Brachetto Shirt,https://www.untuckit.com/products/kleinwood-light-blue,shirts,Button-Down Shirts,CottonTek,"68% Cotton, 28% brrr° Nylon, 4% Elastane",cotton,68,4,blend,-,"One title over 6 handles with 6 SKU stems (42130, 42478, 42391, 42352, 42330, 42390); title-dedup counts 1"
UNTUCKit,42473,Performance Lago Sere Shirt,https://www.untuckit.com/products/lago-sere,shirts,Button-Down Shirts,Performance,"94% Nylon, 6% Elastane",polyamide,94,6,synthetic,-,-
UNTUCKit,35451,Wrinkle-Free Pio Cesare Shirt,https://www.untuckit.com/products/pio-cesare-wrinkle-free,shirts,Button-Down Shirts,Wrinkle-Free,100% Cotton,cotton,100,0,natural,cotton,-
UNTUCKit,03046,Wrinkle-Free Sangiovese Shirt,https://www.untuckit.com/products/sangiovese-wrinkle-free,shirts,Button-Down Shirts,Wrinkle-Free,100% Cotton,cotton,100,0,natural,cotton,-
UNTUCKit,31537,Wrinkle-Free Las Cases Special Shirt,https://www.untuckit.com/products/las-cases-special-wrinkle-free,shirts,Button-Down Shirts,Wrinkle-Free,100% Cotton,cotton,100,0,natural,cotton,-
UNTUCKit,02060,Wrinkle-Free Las Cases Shirt,https://www.untuckit.com/products/las-cases-wrinkle-free,shirts,Button-Down Shirts,Wrinkle-Free,100% Cotton,cotton,100,0,natural,cotton,-
UNTUCKit,31365,Wrinkle-Free Bordeaux Shirt,https://www.untuckit.com/products/bordeaux-wrinkle-free,shirts,Button-Down Shirts,Wrinkle-Free,100% Cotton,cotton,100,0,natural,cotton,-
UNTUCKit,00117,Wrinkle-Free Rubican Shirt,https://www.untuckit.com/products/rubican-wrinkle-free,shirts,Button-Down Shirts,Wrinkle-Free,100% Cotton,cotton,100,0,natural,cotton,-
UNTUCKit,00121,Wrinkle-Free Hillside Select Shirt,https://www.untuckit.com/products/hillside-select-wrinkle-free,shirts,Button-Down Shirts,Wrinkle-Free,100% Cotton,cotton,100,0,natural,cotton,-
UNTUCKit,01065,Wrinkle-Free Dolcetto Shirt,https://www.untuckit.com/products/dolcetto-wrinkle-free,shirts,Button-Down Shirts,Wrinkle-Free,100% Cotton,cotton,100,0,natural,cotton,-
UNTUCKit,31362,Wrinkle-Free Douro Shirt,https://www.untuckit.com/products/douro-wrinkle-free,shirts,Button-Down Shirts,Wrinkle-Free,100% Cotton,cotton,100,0,natural,cotton,-
UNTUCKit,01096,Wrinkle-Free Durif Shirt,https://www.untuckit.com/products/durif-wrinkle-free,shirts,Button-Down Shirts,Wrinkle-Free,100% Cotton,cotton,100,0,natural,cotton,-
UNTUCKit,31150,Wrinkle-Free Short-Sleeve Dante Shirt,https://www.untuckit.com/products/dante-wrinkle-free,shirts,Button-Down Shirts,Wrinkle-Free,100% Cotton,cotton,100,0,natural,cotton,-
UNTUCKit,35648,Wrinkle-Free Short-Sleeve Hillstowe Shirt,https://www.untuckit.com/products/hillstowe-button-down-collar,shirts,Button-Down Shirts,Wrinkle-Free,100% Cotton,cotton,100,0,natural,cotton,-
UNTUCKit,35454,Wrinkle-Free Short-Sleeve Petrus Shirt,https://www.untuckit.com/products/petrus-wrinkle-free,shirts,Button-Down Shirts,Wrinkle-Free,100% Cotton,cotton,100,0,natural,cotton,-
UNTUCKit,42282,Vintage Wash Short-Sleeve Normand Shirt,https://www.untuckit.com/products/normand,shirts,Button-Down Shirts,Vintage Wash,100% Cotton,cotton,100,0,natural,cotton,-
UNTUCKit,42281,Vintage Wash Quinnell Shirt,https://www.untuckit.com/products/quinnell-navy,shirts,Button-Down Shirts,Vintage Wash,100% Cotton,cotton,100,0,natural,cotton,-
UNTUCKit,42284,Vintage Wash Whitford Shirt,https://www.untuckit.com/products/whitford,shirts,Button-Down Shirts,Vintage Wash,100% Cotton,cotton,100,0,natural,cotton,-
UNTUCKit,42283,Vintage Wash Valois Shirt,https://www.untuckit.com/products/valois,shirts,Button-Down Shirts,Vintage Wash,100% Cotton,cotton,100,0,natural,cotton,-
UNTUCKit,42336,Vintage Wash Short-Sleeve Silverstone Shirt,https://www.untuckit.com/products/silverstone-blue,shirts,Button-Down Shirts,Vintage Wash,100% Cotton,cotton,100,0,natural,cotton,-
UNTUCKit,42337,Vintage Wash Northwell Shirt,https://www.untuckit.com/products/northwell,shirts,Button-Down Shirts,Vintage Wash,100% Cotton,cotton,100,0,natural,cotton,-
UNTUCKit,42353,Wrinkle-Free Vidal Shirt,https://www.untuckit.com/products/vidal-wf,shirts,Button-Down Shirts,Wrinkle-Free,100% Cotton,cotton,100,0,natural,cotton,-
UNTUCKit,42325,Performance Fairfax Shirt,https://www.untuckit.com/products/fairfax-green,shirts,Button-Down Shirts,Performance,"92% Nylon, 8% Elastane",polyamide,92,8,synthetic,-,-
UNTUCKit,41070,Performance Short-Sleeve Gironde Shirt,https://www.untuckit.com/products/gironde-ss-1,shirts,Button-Down Shirts,Performance,"92% Nylon, 8% Elastane",polyamide,92,8,synthetic,-,-
UNTUCKit,42392,Performance Short-Sleeve Nouveau Shirt,https://www.untuckit.com/products/nouveau,shirts,Button-Down Shirts,Performance,"94% Nylon, 6% Elastane",polyamide,94,6,synthetic,-,-
UNTUCKit,42396,Performance Short-Sleeve Arundel Shirt,https://www.untuckit.com/products/arundel-blue,shirts,Button-Down Shirts,Performance,"92% Nylon, 8% Elastane",polyamide,92,8,synthetic,-,"Red colourway (arundel) reads 94% Nylon, 6% Elastane"
UNTUCKit,42393,Performance Short-Sleeve Livingston Shirt,https://www.untuckit.com/products/livingston,shirts,Button-Down Shirts,Performance,"94% Nylon, 6% Elastane",polyamide,94,6,synthetic,-,-
UNTUCKit,42086,Performance Seersucker Short-Sleeve Shirt,https://www.untuckit.com/products/forbes-perf-seersucker-ss-1,shirts,Button-Down Shirts,Performance,"50% Cotton, 38% Nylon, 12% Polyester",cotton,50,0,blend,-,-
UNTUCKit,42399,Performance Whitman Shirt,https://www.untuckit.com/products/whitman-blue,shirts,Button-Down Shirts,Performance,"92% Nylon, 8% Elastane",polyamide,92,8,synthetic,-,-
UNTUCKit,42400,Performance Mayberry Shirt,https://www.untuckit.com/products/mayberry-blue,shirts,Button-Down Shirts,Performance,"92% Nylon, 8% Elastane",polyamide,92,8,synthetic,-,-
UNTUCKit,40878,Wrinkle-Resistant Linen Short-Sleeve Cameron Shirt,https://www.untuckit.com/products/cameron-wr-tan,shirts,Button-Down Shirts,-,100% Linen,linen,100,0,natural,linen,-
UNTUCKit,42405,Vintage Wash Short-Sleeve Morningside Shirt,https://www.untuckit.com/products/morningside,shirts,Button-Down Shirts,Vintage Wash,100% Cotton,cotton,100,0,natural,cotton,-
UNTUCKit,42406,Vintage Wash Short-Sleeve Dunaway Shirt,https://www.untuckit.com/products/dunaway,shirts,Button-Down Shirts,Vintage Wash,100% Cotton,cotton,100,0,natural,cotton,-
UNTUCKit,42407,Vintage Wash Short-Sleeve Finchley Shirt,https://www.untuckit.com/products/finchley,shirts,Button-Down Shirts,Vintage Wash,100% Cotton,cotton,100,0,natural,cotton,-
UNTUCKit,42409,Vintage Wash Short-Sleeve Camp Collar Shirt,https://www.untuckit.com/products/hollingsworth,shirts,Button-Down Shirts,Vintage Wash,100% Cotton,cotton,100,0,natural,cotton,-
UNTUCKit,42394,Performance Short-Sleeve Van Meter Shirt,https://www.untuckit.com/products/van-meter-green,shirts,Button-Down Shirts,Performance,"92% Nylon, 8% Elastane",polyamide,92,8,synthetic,-,-
UNTUCKit,42083,Performance Short-Sleeve Kincaid Shirt,https://www.untuckit.com/products/kincaid-perf-ss,shirts,Button-Down Shirts,Performance,"92% Nylon, 8% Elastane",polyamide,92,8,synthetic,-,-
UNTUCKit,42398,Performance Short-Sleeve Camp Collar Shirt,https://www.untuckit.com/products/haverman-blue,shirts,Button-Down Shirts,Performance,"92% Nylon, 8% Elastane",polyamide,92,8,synthetic,-,-
UNTUCKit,42099,Performance Short-Sleeve Truesdale Shirt,https://www.untuckit.com/products/truesdale-ss-perf,shirts,Button-Down Shirts,Performance,"94% Polyester, 6% Elastane",polyester,94,6,synthetic,-,-
UNTUCKit,42087,Stretch Cotton Short-Sleeve Rockwell Shirt,https://www.untuckit.com/products/rockwell-ss,shirts,Button-Down Shirts,Stretch Cotton,"97% Organic Cotton, 3% Elastane",cotton,97,3,blend,-,Page says made in a Fair Trade Certified factory (unnamed)
UNTUCKit,42088,Stretch Cotton Short-Sleeve Dunbar Shirt,https://www.untuckit.com/products/dunbar-ss,shirts,Button-Down Shirts,Stretch Cotton,"97% Organic Cotton, 3% Elastane",cotton,97,3,blend,-,Fair Trade Certified factory claim (unnamed)
UNTUCKit,42090,Stretch Cotton Short-Sleeve Ashford Shirt,https://www.untuckit.com/products/ashford-ss,shirts,Button-Down Shirts,Stretch Cotton,"97% Organic Cotton, 3% Elastane",cotton,97,3,blend,-,Fair Trade Certified factory claim (unnamed)
UNTUCKit,42089,Stretch Cotton Short-Sleeve Coldwell Shirt,https://www.untuckit.com/products/coldwell-ss,shirts,Button-Down Shirts,Stretch Cotton,"97% Organic Cotton, 3% Elastane",cotton,97,3,blend,-,Fair Trade Certified factory claim (unnamed)
UNTUCKit,42091,Vintage Wash Short-Sleeve Buchanan Shirt,https://www.untuckit.com/products/buchanan-ss,shirts,Button-Down Shirts,Vintage Wash,100% Cotton,cotton,100,0,natural,cotton,-
UNTUCKit,42213,Performance Short-Sleeve Vandelay Shirt,https://www.untuckit.com/products/vandelay,shirts,Button-Down Shirts,Performance,"94% Nylon, 6% Elastane",polyamide,94,6,synthetic,-,-
UNTUCKit,40349,Performance Gironde Shirt,https://www.untuckit.com/products/gironde-white,shirts,Button-Down Shirts,Performance,"92% Nylon, 8% Elastane",polyamide,92,8,synthetic,-,-
UNTUCKit,42314,Performance Fishing Shirt,https://www.untuckit.com/products/beaumare,shirts,Button-Down Shirts,Performance,100% Polyester,polyester,100,0,synthetic,polyester,"Also listed under Jackets & Vests; counted once, in shirts"
UNTUCKit,42212,Performance Renshaw Shirt,https://www.untuckit.com/products/renshaw,shirts,Button-Down Shirts,Performance,"92% Nylon, 8% Elastane",polyamide,92,8,synthetic,-,-
UNTUCKit,42395,Performance Short-Sleeve Islington Shirt,https://www.untuckit.com/products/islington,shirts,Button-Down Shirts,Performance,"94% Nylon, 6% Elastane",polyamide,94,6,synthetic,-,-
UNTUCKit,42387,Wrinkle-Free Ridgewell Shirt,https://www.untuckit.com/products/ridgewell-wf-yellow,shirts,Button-Down Shirts,Wrinkle-Free,100% Cotton,cotton,100,0,natural,cotton,-
UNTUCKit,31264,Classic Short-Sleeve Coufran Shirt,https://www.untuckit.com/products/coufran,shirts,Button-Down Shirts,-,100% Cotton,cotton,100,0,natural,cotton,-
UNTUCKit,42104,Wrinkle-Free Maitland Shirt,https://www.untuckit.com/products/maitland-wf,shirts,Button-Down Shirts,Wrinkle-Free,100% Cotton,cotton,100,0,natural,cotton,-
UNTUCKit,42319,Wrinkle-Free Morales Shirt,https://www.untuckit.com/products/morales-wf,shirts,Button-Down Shirts,Wrinkle-Free,100% Cotton,cotton,100,0,natural,cotton,-
UNTUCKit,42343,Knit Overshirt,https://www.untuckit.com/products/garavelle-knit-overshirt-cannoli-cream,shirts,Button-Down Shirts,-,"97% Cotton, 3% Elastane",cotton,97,3,blend,-,"Also listed under Jackets & Vests; counted once, in shirts"
UNTUCKit,42231,Brushed Overshirt,https://www.untuckit.com/products/demarin-peacoat,shirts,Button-Down Shirts,-,100% Cotton,cotton,100,0,natural,cotton,"Also listed under Jackets & Vests; counted once, in shirts"
UNTUCKit,42477,Performance Bellaqua Shirt,https://www.untuckit.com/products/bellaqua,shirts,Button-Down Shirts,Performance,"94% Nylon, 6% Elastane",polyamide,94,6,synthetic,-,Coming soon on listing
UNTUCKit,42472,Vintage Wash Western Shirt,https://www.untuckit.com/products/waverford-tan,shirts,Button-Down Shirts,Vintage Wash,100% Cotton,cotton,100,0,natural,cotton,Coming soon on listing
UNTUCKit,40251,Wrinkle-Free Damaschino Long-Sleeve Polo,https://www.untuckit.com/products/damaschino-long-sleeve-hthr-sphagnum,tees-polos,Polos,Wrinkle-Free,100% SUPIMA® Cotton,cotton,100,0,natural,cotton,-
UNTUCKit,42240,Textured Cotton Polo,https://www.untuckit.com/products/ls-all-main-polo-navy,tees-polos,Polos,-,100% Cotton,cotton,100,0,natural,cotton,-
UNTUCKit,42486,Printed CottonTek™ Polo,https://www.untuckit.com/products/valdi-blue,tees-polos,Polos,CottonTek,"52% Cotton, 44% brrr° Polyester, 4% Elastane",cotton,52,4,blend,-,"One title over 3 SKU stems (42486, 42411, 42341)"
UNTUCKit,35510,Wrinkle-Free Damaschino Polo,https://www.untuckit.com/products/damaschino-hthr-grey,tees-polos,Polos,Wrinkle-Free,100% SUPIMA® Cotton,cotton,100,0,natural,cotton,-
UNTUCKit,42339,Textured Performance Polo,https://www.untuckit.com/products/spalding-palace-blue,tees-polos,Polos,Performance,"91% Polyester, 9% Elastane",polyester,91,9,synthetic,-,-
UNTUCKit,31436,Performance Polo,https://www.untuckit.com/products/clavidor-white,tees-polos,Polos,Performance,"91% Polyester, 9% Elastane",polyester,91,9,synthetic,-,-
UNTUCKit,42037,Tipped Performance Polo,https://www.untuckit.com/products/day-performance-polo-placid-blue,tees-polos,Polos,Performance,"59% Pima Cotton, 41% Polyester",cotton,59,0,blend,-,FUZE Technology named
UNTUCKit,42038,Striped Performance Polo,https://www.untuckit.com/products/gilbert-striped-performance-polo-rose-of-sharon,tees-polos,Polos,Performance,"45% Pima Cotton, 55% Polyester",polyester,55,0,blend,-,"FUZE Technology named; written cotton-first, polyester leads"
UNTUCKit,42039,Striped Jersey Performance Polo,https://www.untuckit.com/products/fernandez-striped-performance-polo-lavendula,tees-polos,Polos,Performance,"67% SUPIMA® Cotton, 33% TENCEL™ Lyocell",cotton,67,0,blend,-,FUZE Technology named
UNTUCKit,42340,Performance Hybrid Polo,https://www.untuckit.com/products/fontaine-sea-turtle,tees-polos,Polos,Performance,"50% Cotton, 50% Polyester",cotton,50,0,blend,-,Tie; first-listed cotton leads
UNTUCKit,42489,Classic Cotton Pique Long-Sleeve Polo,https://www.untuckit.com/products/wadsworth-coffee-bean,tees-polos,Polos,-,100% Cotton,cotton,100,0,natural,cotton,Coming soon on listing
UNTUCKit,42491,Textured Henley,https://www.untuckit.com/products/petrelson-pine-grove,tees-polos,Tees & Henleys,-,"43% Cotton, 29% Polyester, 28% Modal",cotton,43,0,blend,-,-
UNTUCKit,41660,EcoSoft™ Henley,https://www.untuckit.com/products/marastina-blue-fog,tees-polos,Tees & Henleys,EcoSoft,"62% Cotton, 33% TENCEL™ Lyocell, 5% Elastane",cotton,62,5,blend,-,-
UNTUCKit,02078,Ultrasoft Henley,https://www.untuckit.com/products/albarino-heather,tees-polos,Tees & Henleys,Ultrasoft,"50% Cotton, 50% Polyester",cotton,50,0,blend,-,Tie; first-listed cotton leads
UNTUCKit,41560,EcoSoft™ Short-Sleeve Henley,https://www.untuckit.com/products/glera-tencel-henley-bright-white,tees-polos,Tees & Henleys,EcoSoft,"62% Cotton, 33% TENCEL™ Lyocell, 5% Elastane",cotton,62,5,blend,-,-
UNTUCKit,42041,EcoSoft™ Pocket Tee,https://www.untuckit.com/products/berry-pocket-tee-vanilla-ice,tees-polos,Tees & Henleys,EcoSoft,"62% Cotton, 33% TENCEL™ Lyocell, 5% Elastane",cotton,62,5,blend,-,-
UNTUCKit,30088,Ultrasoft Tee,https://www.untuckit.com/products/saxum-white,tees-polos,Tees & Henleys,Ultrasoft,"50% Cotton, 50% Polyester",cotton,50,0,blend,-,Tie; first-listed cotton leads
UNTUCKit,40004,Performance Tee,https://www.untuckit.com/products/clarendon-ii,tees-polos,Tees & Henleys,Performance,"91% Polyester, 9% Elastane",polyester,91,9,synthetic,-,-
UNTUCKit,30094,Ultrasoft V-Neck Tee,https://www.untuckit.com/products/bussola-white,tees-polos,Tees & Henleys,Ultrasoft,"50% Cotton, 50% Polyester",cotton,50,0,blend,-,Tie; first-listed cotton leads
UNTUCKit,40028,Ultrasoft Short-Sleeve Henley,https://www.untuckit.com/products/jericho-1,tees-polos,Tees & Henleys,Ultrasoft,"50% Cotton, 50% Polyester",cotton,50,0,blend,-,Tie; first-listed cotton leads
UNTUCKit,42350,5-Pocket Performance Tech Pants,https://www.untuckit.com/products/torre-5-pocket-tech-pant-navy,trousers,Pants,Performance Tech,100% Polyester,polyester,100,0,synthetic,polyester,-
UNTUCKit,42420,UNTUCKit Denim,https://www.untuckit.com/products/denim-pants-rinse,denim,Pants,-,"87% Cotton, 11% Polyester, 2% Lycra",cotton,87,2,blend,-,"Fabrics page writes the denim as 89% cotton, 11% stretch; product feed filed"
UNTUCKit,41735,Traveler Tech Pants,https://www.untuckit.com/products/traveler-pant-silver-birch,trousers,Pants,Traveler Tech,100% Polyester,polyester,100,0,synthetic,polyester,-
UNTUCKit,41851,5-Pocket Chino Pants,https://www.untuckit.com/products/5-pocket-pant-light-grey,trousers,Pants,-,"97% Cotton, 3% Elastane",cotton,97,3,blend,-,-
UNTUCKit,41850,Classic Chino Pants,https://www.untuckit.com/products/chino-pant-navy,trousers,Pants,-,"97% Cotton, 3% Elastane",cotton,97,3,blend,-,-
UNTUCKit,42492,Shawl Collar Sweatshirt,https://www.untuckit.com/products/filipre-pine-grove,sweats,Sweaters & Sweatshirts,-,"67% Cotton, 33% Polyester",cotton,67,0,blend,-,-
UNTUCKit,42242,Sherpa Pullover,https://www.untuckit.com/products/brenley-pullover-ecru,sweats,Sweaters & Sweatshirts,-,100% Polyester,polyester,100,0,synthetic,polyester,-
UNTUCKit,42493,Lightweight Garment Dye Cotton Hoodie,https://www.untuckit.com/products/kraus-pine-grove,sweats,Sweaters & Sweatshirts,-,100% Cotton,cotton,100,0,natural,cotton,-
UNTUCKit,42159,Performance Mason Quarter-Zip,https://www.untuckit.com/products/toovey-performance-quarter-zip-sea-turtle,sweats,Sweaters & Sweatshirts,Performance,"93% Polyester, 7% Elastane",polyester,93,7,synthetic,-,-
UNTUCKit,42160,Performance Mason Hoodie,https://www.untuckit.com/products/weatherby-performance-hoodie-vintage-indigo,sweats,Sweaters & Sweatshirts,Performance,"93% Polyester, 7% Elastane",polyester,93,7,synthetic,-,-
UNTUCKit,31424,Performance Quarter-Zip,https://www.untuckit.com/products/mazzano,sweats,Sweaters & Sweatshirts,Performance,"90% Polyester, 10% Elastane",polyester,90,10,synthetic,-,-
UNTUCKit,42245,Textured Merino Wool Quarter-Zip Sweater,https://www.untuckit.com/products/marvall-peacoat-syrah,knitwear,Sweaters & Sweatshirts,-,100% Merino Wool,wool,100,0,natural,wool,-
UNTUCKit,42029,Cotton Quarter-Zip Sweater,https://www.untuckit.com/products/newbury-quarter-zip-light-blue,knitwear,Sweaters & Sweatshirts,-,100% Cotton,cotton,100,0,natural,cotton,-
UNTUCKit,42346,Waffle-Knit Hoodie Sweater,https://www.untuckit.com/products/blackwald-hoodie-blue,knitwear,Sweaters & Sweatshirts,-,ND,ND,ND,ND,undisclosed,-,"Fabrics field reads the placeholder ""[confirm fabric content]"" on both colourways"
UNTUCKit,42243,Chunky Knit Cardigan,https://www.untuckit.com/products/cordilac-cardigan-grey,knitwear,Sweaters & Sweatshirts,-,35% Cotton 27% Wool 20% Polyester 18% Nylon,cotton,35,0,blend,-,-
UNTUCKit,42244,Cable-Knit Button Neck Sweater,https://www.untuckit.com/products/castilla-red,knitwear,Sweaters & Sweatshirts,-,60% Cotton 40% Merino Wool,cotton,60,0,natural,-,-
UNTUCKit,41894,Quilted City Jacket,https://www.untuckit.com/products/gardner,outerwear,Jackets & Vests,-,100% Polyester,polyester,100,0,synthetic,polyester,Fill: Polyfill insulation (no %); shell read
UNTUCKit,41895,Quilted City Vest,https://www.untuckit.com/products/harper-1,outerwear,Jackets & Vests,-,100% Polyester,polyester,100,0,synthetic,polyester,Fill: Polyfill insulation (no %); shell read
UNTUCKit,42285,French Terry Track Jacket,https://www.untuckit.com/products/gainsborough-navy-blazer,outerwear,Jackets & Vests,-,100% Cotton,cotton,100,0,natural,cotton,-
UNTUCKit,42344,Performance Packable Vest,https://www.untuckit.com/products/giovanet-packable-vest-black,outerwear,Jackets & Vests,Performance,100% Nylon,polyamide,100,0,synthetic,polyamide,Coming soon on listing
UNTUCKit,42151,Quilted Shirt Jacket,https://www.untuckit.com/products/braunfield-1,outerwear,Jackets & Vests,-,"55% Cotton, 45% Polyester",cotton,55,0,blend,-,"Nylon lining mentioned, no %"
UNTUCKit,42150,Performance Tech Jacket,https://www.untuckit.com/products/connolly-1,outerwear,Jackets & Vests,Performance Tech,100% Polyester,polyester,100,0,synthetic,polyester,-
UNTUCKit,42286,Cotton Blend Bomber Jacket,https://www.untuckit.com/products/delgado,outerwear,Jackets & Vests,-,"65% Cotton, 35% Nylon",cotton,65,0,blend,-,Coming soon on listing
UNTUCKit,42309,Italian Wool-Linen Roger Sport Coat,https://www.untuckit.com/products/roger,tailoring,Sport Coats,-,"91% Virgin Wool, 9% Linen",wool,91,0,natural,-,Mill named on page: Lanificio TG di Fabio
UNTUCKit,42308,Wool-Silk Blend Weberly Sport Coat,https://www.untuckit.com/products/weberly,tailoring,Sport Coats,-,"75% Wool, 17% Silk, 8% Linen",wool,75,0,natural,-,Mill named on page: Reda
UNTUCKit,42312,Italian Cotton-Linen Knit Holstein Sport Coat,https://www.untuckit.com/products/holstein,tailoring,Sport Coats,-,"57% Cotton, 43% Linen",cotton,57,0,natural,-,Mill named on page: Maggia
UNTUCKit,42383,Italian Linen Elms Sport Coat,https://www.untuckit.com/products/elms,tailoring,Sport Coats,-,100% Linen,linen,100,0,natural,linen,-
UNTUCKit,42384,Italian Linen-Cotton Sagefield Sport Coat,https://www.untuckit.com/products/sagefield,tailoring,Sport Coats,-,"56% Linen, 44% Cotton",linen,56,0,natural,-,-
UNTUCKit,42385,Italian Cotton-Blend Knit San Oro Sport Coat,https://www.untuckit.com/products/san-oro,tailoring,Sport Coats,-,"80% Cotton, 17% Polyester, 3% Elastane",cotton,80,3,blend,-,-
UNTUCKit,42310,Italian Performance Tech Blazer,https://www.untuckit.com/products/faure-navy-blazer,tailoring,Sport Coats,Performance Tech,"85% Nylon, 15% Elastane",polyamide,85,15,synthetic,-,-
UNTUCKit,42313,Linen-Cotton Birkenhall Sport Coat,https://www.untuckit.com/products/birkenhall,tailoring,Sport Coats,-,"55% Linen, 44% Cotton, 1% Virgin Wool",linen,55,0,natural,-,-
UNTUCKit,42311,Italian Wool Lehmann Sport Coat,https://www.untuckit.com/products/lehmann,tailoring,Sport Coats,-,100% Wool,wool,100,0,natural,wool,-
UNTUCKit,40427,Wrinkle-Resistant Palazzo Sport Coat,https://www.untuckit.com/products/palazzo,tailoring,Sport Coats,-,"100% Wool, Lining: 55% Polyester, 45% Cupro",wool,100,0,natural,wool,Main line read (lining excluded)
UNTUCKit,42118,Italian Wool Mayhold Sport Coat,https://www.untuckit.com/products/mayhold,tailoring,Sport Coats,-,100% Italian Wool,wool,100,0,natural,wool,Mill named on page: Reda
UNTUCKit,40500,"9"" Stretch Chino Shorts",https://www.untuckit.com/products/st-vincent-blue-stone,shorts,Shorts & Swim,-,"97% Cotton, 3% Elastane",cotton,97,3,blend,-,-
UNTUCKit,41499,"7"" Stretch Chino Shorts",https://www.untuckit.com/products/7-st-vincent-navy,shorts,Shorts & Swim,-,"97% Cotton, 3% Elastane",cotton,97,3,blend,-,-
UNTUCKit,40499,"9"" Traveler Tech Shorts",https://www.untuckit.com/products/chancellor-short-navy-1,shorts,Shorts & Swim,Traveler Tech,100% Polyester,polyester,100,0,synthetic,polyester,-
UNTUCKit,42044,Beyond Shorts,https://www.untuckit.com/products/solid-swim-trunk-cayenne,underwear-swim,Shorts & Swim,Beyond,"92% Polyester, 8% Elastane, Liner: 88% Polyester, 12% Elastane",polyester,92,8,synthetic,-,"Swim (product_type Swim); other colourways 89% Polyester, 11% Elastane; printed stem 42043"
UNTUCKit,NC,"7"" Traveler Tech Shorts",https://www.untuckit.com/products/7-traveler-short-black,shorts,Shorts & Swim,Traveler Tech,NC,NC,NC,NC,NC,NC,Listing card only (4 handles); not in the collection feed; composition not read
UNTUCKit,NC,Linen-Cotton Utility Shorts,https://www.untuckit.com/products/rivermarc,shorts,Shorts & Swim,-,NC,NC,NC,NC,NC,NC,Listing card only; product page and .json returned a fetch error; composition not read
Woolrich,CFWOTE2022,Crewneck T-Shirt in Pure Cotton with Print,https://woolrich.us/products/heavy-jersey-graphic-t-shirt-bison,tees-polos,Mens Tops / T-Shirts,-,100% Cotton,cotton,100,0,natural,cotton,Country of Origin: Turkey; regular price $95; 2 colourway listing(s) live; read 2026-10-10
Woolrich,CFWOSI2032,Button-Down Checked Shirt in Pure Cotton Flannel,https://woolrich.us/products/light-cotton-flannel-shirt-dark-grey-buffalo,shirts,Mens Tops / Shirts,-,100% Cotton,cotton,100,0,natural,cotton,Country of Origin: India; regular price $155; 4 colourway listing(s) live; read 2026-10-10
Woolrich,CFWOSI2037,Shirt in Cotton-Blend Twill,https://woolrich.us/products/brushed-twill-shirt-bison,shirts,Mens Tops / Shirts,-,"60% Cotton, 40% Polyester",cotton,60,0,blend,-,Country of Origin: India; regular price $155; 2 colourway listing(s) live; read 2026-10-10
Woolrich,CFWOSI2036,Warren Checked Shirt in Pure Cotton Flannel,https://woolrich.us/products/check-flannel-warren-shirt-beige-check,shirts,Mens Tops / Shirts,-,100% Cotton,cotton,100,0,natural,cotton,Country of Origin: India; regular price $185; 4 colourway listing(s) live; read 2026-10-10
Woolrich,CFWOOS2060,Checked Quilted Overshirt in Wool Blend,https://woolrich.us/products/wool-check-diamond-shirt-jacket-beige-check,outerwear,Mens Tops / Overshirts,-,"60% Wool, 35% Polyester, 5% Polyamide",wool,60,0,blend,-,"Country of Origin: Indonesia; regular price $495; 3 colourway listing(s) live; read 2026-10-10; padded quilted overshirt (PrimaLoft padding) sold under Tops; assigned outerwear by garment; ""recycled Italian wool blend"", no mill named"
Woolrich,CFWOSW2047,Crewneck Sweatshirt in Cotton Blend with Print,https://woolrich.us/products/graphic-crewneck-black,sweats,Mens Tops / Sweatshirts,-,"55% Cotton, 45% Polyamide",cotton,55,0,blend,-,Country of Origin: Turkey; regular price $195; 2 colourway listing(s) live; read 2026-10-10
Woolrich,CFWOKN2061,Crewneck Sweater in Cable-Knit Wool and Cotton Blend,https://woolrich.us/products/cotton-wool-cable-crewneck-gg7-melton-blue,knitwear,Mens Tops / Sweaters,-,"40% Wool, 40% Cotton, 20% Polyamide",wool,40,0,blend,-,Country of Origin: Romania; regular price $320; 2 colourway listing(s) live; read 2026-10-10; wool/cotton tie at 40%: first-listed (wool) leads
Woolrich,CFWOOU2092,Cloud Arctic Parka with Hood,https://woolrich.us/products/cloud-parka-dusty-olive,outerwear,Mens Outerwear / Parkas,-,"100% Polyester (shell); padding 90/10 duck down, RDS",polyester,100,0,synthetic,polyester,"Country of Origin: Vietnam; regular price $765; 1 colourway listing(s) live; read 2026-10-10; feed tags product:unisex and Womens as well as Mens; listed in Mens Outerwear; ""Cloud Poly"" shell"
Woolrich,CFWOOU2177,Bering Jacket in Crinkle Nylon,https://woolrich.us/products/bering-down-jacket-melton-blue,outerwear,Mens Outerwear / Puffer Jackets,-,"100% Polyamide; padding 90/10 duck down, RDS",polyamide,100,0,synthetic,polyamide,Country of Origin: Vietnam; regular price $525; 2 colourway listing(s) live; read 2026-10-10
Woolrich,CFWOOU2195,Quilted Bomber Jacket in Glossy Nylon,https://woolrich.us/products/onion-quilted-bomber-black,outerwear,Mens Outerwear / Bomber Jackets,-,100% Polyamide; PrimaLoft insulation,polyamide,100,0,synthetic,polyamide,Country of Origin: China; regular price $545; 2 colourway listing(s) live; read 2026-10-10
Woolrich,CFWOOU2186,Wool-Blend Jacket with Hood and Zipper,https://woolrich.us/products/double-wool-hooded-jacket-grey-black-check,outerwear,Mens Outerwear / Coats & Jackets,-,"50% Wool, 45% Polyester, 5% Other Fibres",wool,50,0,blend,-,Country of Origin: China; regular price $500; 1 colourway listing(s) live; read 2026-10-10
Woolrich,CFWOOU2240,Quilted Jacket in Lightweight Microfiber,https://woolrich.us/products/microfiber-hooded-jacket-falcon,outerwear,Mens Outerwear / Puffer Jackets,-,100% Polyester; filled with 90/10 RDS down,polyester,100,0,synthetic,polyester,Country of Origin: Vietnam; regular price $545; 1 colourway listing(s) live; read 2026-10-10
Woolrich,CFWOVE2006,Bering Quilted Vest in Crinkle Nylon,https://woolrich.us/products/bering-down-vest-melton-blue,outerwear,Mens Outerwear / Vests,-,"100% Polyamide; padding 90/10 duck down, RDS",polyamide,100,0,synthetic,polyamide,Country of Origin: Vietnam; regular price $400; 2 colourway listing(s) live; read 2026-10-10
