brand,styles_total,styles_with_composition,natural_pct,synthetic_pct,cellulosic_pct,spandex_styles,spandex_high_styles,shape,synthetic_categories,natural_categories,style_method,colourway_ratio,locale_dedup,feed_currency_rate,status,source,note
Levi's,396,380,88,8,0,41,3,one,[],"[""Shirts & Tees"",""Outerwear"",""Jeans""]",product_code,1726/396,per-locale sitemaps; US/en_US only,not shopify,complete,https://www.levi.com/US/en_US/sitemap.xml,"Census 2026-09-13 from levi.com's own US sitemap index /US/en_US/sitemap.xml (root /sitemap.xml does 404; robots.txt lists per-locale sitemaps). 114 Product-en-US-USD-*.xml files -> 4351 product URLs, which reproduces the figure given. Product codes are 9 chars = 5-char style stem + 4-digit colourway (005010193 = style 00501, colour 0193), so 4351 listings collapse to 1053 style stems. One representative colourway per stem was read (1053 PDPs, 1 dead URL: stem 79770 / 797700018 404s). PAYLOAD, not DOM: the F5/Shape 'ngsa' bot scripts blank the rendered title for agents, but a same-origin fetch() of the PDP HTML returns the full server payload window.__LSCO_INITIAL_STATE__.ssrViewStoreProduct, in which the composition is classification feature 'lscoClassificationCatalog/1.0/apparel.material' (first featureValue) and the sex is the 'Gender' feature. Nothing was read from rendered text. MEN'S BOUNDARY RESTATED: the payload Gender field gives Men 396 / Women 604 / Boys 27 / Girls 22 / blank 3 across the 1053 stems. A URL-path rule ('/men/', 'mens', big-tall, LVC-for-men) gives 393 and is wrong both ways: it SWEEPS IN 9 women's styles (Levi's Pride Community Tee, Paisley/Western/Pride bandanas, Denim Pouch, Denim Laptop Sleeve, Denim Card Case, Pride Mini Emerson Bag, Mission Bay Crossbody Pouch - all Gender=Women) and MISSES 12 men's styles the tree files elsewhere (Big & Tall Barstow/Classic Western Shirts, Trucker Jacket Big and Tall, Logo Graphic T-Shirt Tall, XX Chino Big&Tall, Workwear Long-Sleeve T-Shirt, Blue Tab Wool Cashmere Sweater, and Low Rise Footie Socks which sit under accessories/women but are tagged Men). Those 9 were removed and the 12 added; the row is the 396 payload-Men stems. Kids (49 Boys+Girls stems) never enter. COUNTS on 396: natural 348, synthetic 30, cellulosic 2, states no composition 16. Exact shares 87.88 / 7.58 / 0.51 / 4.04; integers by largest remainder = 88 / 8 / 0 / 4. The 2 cellulosic-led styles are real (53% Lyocell/47% Cotton Lama shirt and one 70%-lyocell blend) - cellulosic_pct reads 0 only because 2/396 = 0.5% rounds down; do not read it as zero cellulosic. Natural includes cotton, wool, linen, silk, cashmere, leather/suede (incl. '100% full grain bovine leather', '100% Sheep' shearling), down, hemp. TIES: exactly 1 (50% Nylon / 50% Acrylic, a Sherpa-lined piece) and it is synthetic-vs-synthetic, so first-listed vs last-listed changes nothing on this row - the other resolution gives the same 348/30/2. NO COMPOSITION (16): 5 garments whose apparel.material is empty in the payload (Barstow Western Shirt Big, Workwear Hooded Jacket, Faux Suede Chore Jacket, Varsity Bomber, Flight Bomber Jacket), 7 belts/wallets/card cases that state only 'Imported' or 'Genuine Leather', 1 sock 3-pack that states only 'Cotton', plus 2 that state '100% Specialty' (Levi's own label for leather - Type I Leather Trucker Jacket, Western Suede Vest). Those 2 are held as no-composition because 'Specialty' is not a fibre; calling them leather gives natural 350 and no-composition 14. One style (Logo Bifold ID Wallet, stem D5489) states nothing on its first colourway but '100% full grain bovine leather' on its second, and is counted natural on that basis - composition completeness varies by colourway here. PARSER: 396/396 classify, no unknown fibre descriptors, and every parsed chain sums to 100 +/-1 except one - 'Wool Blend Chore Jacket' states '176% Polyester, 15% Wool, 7% Acrylic, 2% Other Fibers', a typo for 76% on Levi's side (76+15+7+2=100); polyester leads either way so the verdict is unaffected. The care string carries 'Shrinkage in wash approximately 10%', which is why only the FIRST apparel.material value is parsed and never the joined string. Furniture check: the same extractor on /US/en_US/ (no product) returns empty material and empty gender. SPANDEX (main fabric line, which for Levi's is the single composition string): 38 styles contain elastane/LYCRA, 3 of them at >=5%. The looser 'anywhere in the string' reading gives the same 38 and 3. 3 further styles carry a named stretch with no percentage ('Stretch', 'Tech Stretch Knit', 'Tech Stretch Twill' as apparel.material descriptors) and are added to spandex_styles per ruling 3 but never to spandex_high_styles: 38+3 = 41. 71 men's styles carry an explicit 'Non-Stretch' descriptor. Elastomultiester (T400, 3 styles) is NOT counted as elastane. SHAPE one: a denim/cotton house end to end - Shirts & Tees 118 (115 natural), Outerwear 91 (67 natural / 18 synthetic), Jeans 66 (66 natural), Sweaters & Sweatshirts 42 (38 natural), Accessories 31 (19 natural / 3 synthetic / 9 none), Shorts 26 (25 natural), Pants 15 (12 natural), Other 7. No category is synthetic-led, so synthetic_categories is []."
Carhartt,1472,400,17,10,0,200,29,split,"[""Outerwear"", ""Hats"", ""Socks"", ""Thermals & Base Layer"", ""Scrubs""]","[""T-Shirts & Work Shirts"", ""Pants"", ""Hoodies & Sweatshirts""]",product_code,2627/1472,"none (US store, countryIsoCode=US)",not shopify,partial,https://api-c4prd1.carhartt.com/ws/v2/carhartt/products/search?query=:relevance:allCategories:men,"RESTATED UNDER RULING 7 (unisex counts as men's), re-measured 2026-09-14, not copied from the earlier pass. Census re-run against Carhartt's own OCC backend: six sort orders (relevance, top-rated, price-asc, price-desc, name-asc, name-desc) x 10 pages x 100 rows unioned against the 1000-row-per-query cap; totalResults today is 1480 and 1477 distinct code stems were recovered (99.8%). Gender read from each base product's own Gender classification feature via /ws/v2/carhartt/products/{baseCode}?fields=code,description,materialCareContentHtml,classifications,variantMatrix - fields=FULL was NOT used (it pulls a category seoMetaDescription naming another product's 100% polyester thermal lining). Gender today: Men's 583, Men's+Unisex 7, Men's+Unisex+Women's 7, Unisex 874, Women's-only 5, blank 1. THE DENOMINATOR IS THE FULL MEN'S TREE LESS GENUINE WOMEN'S-ONLY PRODUCT = 1477-5 = 1472 styles; the previous row's 601 (Gender includes Men's) is now the men's-EXCLUSIVE alternate and is superseded. VERIFICATION of the earlier pass's alternate (a): it recorded 1476 styles, 408 with composition (27.6%), 17/10/0/73, spandex 135 main-line / 29 at >=5%, 142 anywhere, ratio 2641/1476. This independent re-measure gives 1472 styles, 400 with composition (27.2%), natural 248 / synthetic 148 / cellulosic 4 / none 1072 = 17/10/0/73 by largest remainder - the SAME integers - spandex 133 main-line / 29 at >=5%, 142 anywhere (142 and 29 reproduce exactly), ratio 2627/1472. The 4-6 style gap is census drift (1480 totalResults today against 1484 yesterday) plus a handful of compositions that sit outside the description <li> list. VERIFIED, not copied. WHAT IT DOES TO STATUS: coverage falls from 66.1% on the 601-style row to 27.2% here, far below the 60% line, so status moves from complete to PARTIAL. The hole is structural, not a scraper failure: 793 of the 1072 silent styles are '47-brand licensed college and MLB team caps, which state no composition at all anywhere. SCOPE IS NOW WHAT DECIDES THIS ROW, NOT GENDER. Alternate (c), clothing only out of the same 1472-style tree (dropping Hats, Footwear, Bags, Gloves, Wallets, Belts & Suspenders, Socks, Auto, Work Accessories and bare Accessories): 361 styles, 326 with composition (90.3%), natural 225 / synthetic 97 / cellulosic 4 / none 35 = 62/27/1/10, spandex 134 (97 main-line + 37 named-stretch) with 19 at >=5%, ratio 1026/361, status COMPLETE. The earlier pass put (c) at 367 styles, 62/28/1/9, spandex 100/20 - the same reading within 6 styles of census drift. So the two honest readings of Carhartt are (a) 1472 styles at 17/10/0 and 73% undisclosed, PARTIAL, and (c) 361 clothing styles at 62/27/1 and 10% undisclosed, COMPLETE. The cell carries (a) because ruling 7 is the ruling in force and scope is unruled. SPANDEX: the cell is 200 = 133 main-line elastane (ruling 2, body/shell/self/face/main/outer line only) + 67 named-stretch-with-no-percentage (Rugged Flex, stretchable rib-knit, mechanical/comfort stretch) per ruling 3; the strict main-line-only figure is 133 and anywhere-in-the-string is 142. spandex_high_styles 29 is main-line only and never includes named stretch. The earlier pass counted 52 named-stretch on this tree against my 67; the difference is descriptor breadth, not a different rule, and it never touches the high count. TIES: 11, every one 50/50 cotton-polyester; first-listed wins makes all 11 natural. Other resolution: natural 237 / synthetic 159, which is 16/11/0/73 - one point of natural moves to synthetic and no category verdict changes. PARSER: composition is the first <li> of the base product's description (materialCareContentHtml is populated on only 45 of 1477); chain broken on 'with', 'or' and 'unless' and cut by a running sum at 100, which is what keeps '100% cotton washed canvas with 100% polyester mesh back' and the colour-conditional 'All colors are 100% cotton jersey knit unless specified differently below Heather Gray 90% cotton/10% polyester' from parsing to 200%. Lexicon: Cordura=nylon, Lenzing FR=cellulosic, and Carhartt's own misspellings modacryclic and polyaminde. Two sum failures remain out of 400 (55% and 90%), both the house's own arithmetic. Furniture check: the same extractor on a bogus base code returns 400/empty. || RESTATED 14 Sep under ruling 7 (unisex counts as men's); previous styles_total 601."
Lacoste,992,990,71,27,2,278,168,one,"[""clothing/jackets-coats"", ""clothing/matching-sets-1""]","[""clothing/sweaters-sweatshirts"", ""clothing/t-shirts"", ""clothing/polos""]",product_code,2536/992,22 market sitemap indexes in robots.txt -> /us/ (en_US) only,not shopify,complete,https://www.lacoste.com/us/sitemap_0-product.xml,"Measured 13 Sep 2026 from lacoste.com/us product pages (SFCC, Sites-FlagShip-Site, en_US, USD). CENSUS: /us/sitemap_0-product.xml holds 7117 URLs and 7117 distinct product codes; 3322 sit under /us/lacoste/men/. MEN'S-ONLY + CLOTHING RULE: the men's tree also carries shoes (279 sneakers + 42 slides + 17 performance), bags and small leather goods (219+66+35+6), jewellery (28), watches (13+12), sunglasses (16), home (30) and 1 fragrance. Row covers apparel and worn textile accessories only: /men/clothing/*, /men/underwear/*, accessories/caps-hats, accessories/socks, accessories/scarves-gloves, bags-leather-goods/belts, sport/golf. STYLE RULE (ruling 5): style = the product-code stem before the first dash (L1212-51, L1312-51-476 -> L1212/L1312); 3322 men's listings collapse to 1398 stems, of which 992 are in the clothing scope (2536 listings -> 992 styles, ratio 2.56). ALTERNATE DENOMINATOR CONSIDERED: all 1398 men's stems including shoes/bags/jewellery gives 1376 with composition, 815 natural / 505 synthetic / 28 cellulosic / 28 unreadable (metal, plastic, stainless steel on watches and jewellery) - that basis is in notes_b1b.txt, not in this row. PAYLOAD NOTE: Lacoste does NOT use c_materialComposition. Composition is server-rendered in the PDP HTML inside #accordion-composition and reads 'Cotton (100%)' - fibre first, percentage in parentheses - so a percent-first regex returns zero on 100% of pages. Multi-part garments use ' / ' or ';' between parts with labels 'Main fabric:', 'Shell:', 'Lining:', 'Filling:', 'Rib edge:', 'Outside:'; main fibre read from the FIRST part only (e.g. a down jacket reading 'Main fabric:Polyester (100%) / Filling:Down (90%),Feather (10%)' scores synthetic). SUM CHECK: every one of the 990 first-compositions sums to 100 +/-1 after the part split; before the ';' split was added, 181 rows summed to 300-400 (all footwear 'Upper:/Lining:/Insole:'), which is what caught it. TIES: 4 styles tie for highest share in the first composition; resolved first-listed (ruling 1). Resolved last-listed instead, all 4 read synthetic, so synthetic would be 269 (27%) rather than 265 (27%) - no integer change. SPANDEX: cell is main-fabric-line only - 278 styles carry elastane in the first composition, 168 at >=5%. On the looser 'anywhere in the composition block' reading (rib edges, linings, waistbands) it is 416 and 183. No named-stretch-without-percentage strings on this house. CELLULOSIC: 21 styles, mostly viscose/modal knits in sweaters-sweatshirts (13). FURNITURE CHECK: 233 distinct first-composition strings; the most common is 'Cotton (100%)' at 261/990 (26%), so no value dominates. SHAPE: natural leads 71/27 overall and leads every substantial category except jackets-coats (20 natural vs 50 synthetic) and matching-sets-1 (0 vs 6); swim (4, all synthetic) and underwear-loungewear (66 natural) are excluded from the split verdict per the spec, so this is 'one', not 'split'. 2 styles state no composition; 5 stems 404 and 6 did not return before the box closed - all 11 are outside the clothing scope. robots.txt was read and respected; no disallowed path used."
Mack Weldon,232,231,59,33,8,161,95,one,"[""Accessories""]","[""Tops"",""Bottoms""]",handle,1267/232,none,1.0,complete,"https://mackweldon.com/collections/tops/products.json?limit=250 (plus /collections/bottoms, /collections/underwear, /collections/accessories; composition from each PDP's material-care accordion; read 13 Sep 2026)","Measured fresh 13 Sep 2026, not re-rendered. Four top-level collections reproduce exactly: Tops 97 + Bottoms 50 + Underwear 42 + Accessories 43 = 232 unique handles with zero overlap; 1267 colourways and 5974 variants confirmed to the unit. CORRECTION 1: only 1 style (covert-leather-belt) states no composition, not 13. Twelve of the supposed 13 do state one - it is rendered client-side into an Alpine x-html attribute and is absent from the server HTML (tech-cashmere-crew-neck-sweater = 'Exterior: 90% Merino Wool / 10% Cashmere | Interior: 60% Cotton / 40% Cooling Yarns'), or it uses a non-standard material word (6 accessories at 100% Recycled Poly Canvas / Neoprene / Recycled Industrial Twill). Verified against the live rendered DOM on tech-cashmere-crew-neck-sweater, airknitx-boxer-brief and stratus-active-short. CORRECTION 2: majority synthetic is 76, not 70 - the extra 6 are exactly those poly-canvas/neoprene/twill accessories. TIE RULE: 29 styles (12.5%) have an exact tie for top share across class lines - '47.5% Cotton / 47.5% Modal / 5% Spandex' recurs 12 times. First-listed wins here. Resolving ties to the non-natural side instead gives natural 113 / synthetic 78 / cellulosic 40. The brief's '104 (44.8%) if modal/TENCEL counted' reproduces under neither rule: synthetic+cellulosic is 94 (40.5%) first-listed, 118 (50.9%) tie-to-non-natural. SPANDEX: 153/96 counts elastane|spandex|lycra anywhere in the stated composition; first composition only gives 152/95. A further 9 styles say '5% Stretch' with no fibre named - counting those as elastane gives 162/105. Read percentages not words: tech-boot-sock is .5% Spandex and is correctly not high. SHAPE one: excluding Underwear and the 3 swim styles that sit inside Bottoms, the range is 117 natural / 57 synthetic / 12 cellulosic of 187 - cotton-led with a minority performance block, not two halves. Accessories is the only synthetic-led category and only 20-19. Underwear, had it counted, is also natural-led (20N/16S/6C), so the exclusion changes nothing. DENOMINATOR: /collections/all-mens-clothing confirmed at '182 items' and missing exactly 60 of the 232 - but it also carries 10 live men's styles that are in none of the four (ace-sweatshort, ace-straight-leg-sweatpant, silver-long-sleeve-button-up, tech-cashmere-v-neck-sweater, maverick-tech-chino-pleated-short, merino-fleece-shirt-jacket, 2-pack-airknit-polo, 2-pack-ace-sweatshorts-9, 2-pack-ace-cargo-short, terry-cloth-polo-shorts-set). The four therefore partition cleanly but do NOT exhaust the men's range: the true union is 242 (natural 145 / synthetic 78 / cellulosic 18 / none 1 = 60/32/8/0 pct; spandex 158/100). 232 kept as the agreed denominator. collections.json products_count (Tops 109, Bottoms 57, Underwear 53, Accessories 55) is inflated and must not be used. Composition read from the PDP material-care accordion, first listed part only. || RESTATED 14 Sep on the rev3 rulings. Ruling 2 (main fabric line only): 153/96 anywhere -> 152/95 on the first stated composition, which is the exterior/body line on every multi-part string here (verified on tech-cashmere-crew-neck-sweater, 'Exterior: 90% Merino Wool / 10% Cashmere | Interior: 60% Cotton / 40% Cooling Yarns'). One style at each level carries elastane only in a secondary part. Ruling 3: the 9 styles reading '5% Stretch' with no fibre named are added to spandex_styles only - 152 + 9 = 161 - and NOT to spandex_high_styles, which stays 95. Rulings 1, 4, 5 unchanged from the pilot. DENOMINATOR, UNRESTATED AND FLAGGED: the four top-level collections partition cleanly but do not exhaust the men's range - 10 live men's styles sit in none of them (ace-sweatshort, ace-straight-leg-sweatpant, silver-long-sleeve-button-up, tech-cashmere-v-neck-sweater, maverick-tech-chino-pleated-short, merino-fleece-shirt-jacket, 2-pack-airknit-polo, 2-pack-ace-sweatshorts-9, 2-pack-ace-cargo-short, terry-cloth-polo-shorts-set). The true union is 242: natural 145 / synthetic 78 / cellulosic 18 / none 1 = 60/32/8/0 pct, spandex 158/100 on the anywhere basis. 232 kept as the agreed denominator; say the word and the row moves."
Charles Tyrwhitt,566,539,93,2,0,183,19,one,[],"[""shirts"", ""jackets-blazers"", ""trousers""]",product_code,1118/566,7 market sitemap indexes in robots.txt -> /us/ only,not shopify,complete,https://www.charlestyrwhitt.com/us/sitemap_0-product.xml,"Measured 13 Sep 2026 from charlestyrwhitt.com/us product pages (SFCC). SITEMAP COUNT CORRECTION: the '3233' figure is the sum of the US sitemap index's product AND facet files. sitemap_0-product.xml holds 1218 real PDP URLs; the other 2015 are facet pages (sitemap-US_Facet_Multiple_Products 1433, sitemap-US_Facet_Single_Product 581, sitemap-colour-US 266, sitemap-colour-and-fit-US 515, sitemap-US-Shirt-Facets 40 - overlapping sets). Only the 1218 were censused; 1214 returned 200, 4 returned 403. FIT AND COLLAR (the numeric-stem question): fit and collar are NOT separate products in this feed. Only 9 of 1218 slugs name a fit, and PDP bullets read 'Available in slim fit only' - fit, collar shape and sleeve length are selectors inside one record, so there was nothing to collapse on that axis. What DOES need collapsing is colour: the code is <letters><digits><3-letter colour> (SEF49DNY / SEF49TPE / SEF62AFB). Ruling 5 applied on the numeric stem: 1214 listings -> 625 stems (SEF49, SUB21, TIC2111...). Largest collapse: TIC2111 and TIC2122 at 12 colours each. SCOPE: 59 stems removed as non-clothing - shoes (loafers 8, clr_shoes 8, lace-up 5, sneakers 5, business 4, boots 3), cufflinks 13, umbrellas 2, collar stiffeners 3, shoe care 1, and 6 under an unnamed category code 'S101' that carry no composition. 566 clothing stems remain over 1118 listings (ratio 1.98). No women's products: 0 of 1214 PDPs name a women's category or title. COMPOSITION LOCATION: not c_materialComposition and not in any c_ attribute - it is the first bullet of ul.pdp-main__benefits in the server HTML, e.g. '66% wool, 32% polyester, 2% elastane'. PARSER TRAP FOUND AND FIXED: 94 stems read '100% Super 100s Wool' / '99% Super 110s Wool, 1% elastane'; a fibre-name regex that stops at a digit returns the token 'Super' and classifies them unknown. Normalising 'Super NNNs' before parsing moves all 94 to wool/natural. Without that fix natural reads 457 instead of 551 on the 625-stem basis. SUM CHECK: all 539 first-compositions sum to 100 +/-1; 0 failures. TIES: 0 - no style ties for highest share, so ruling 1 changes nothing here and the other resolution is identical. SPANDEX: main-fabric-line basis - 183 styles, 19 at >=5%. 48 of the 183 are named stretch with no percentage ('100% cotton with natural stretch', 'with stretch') and per ruling 3 they count in spandex_styles and never in spandex_high_styles; the remaining 135 carry a stated elastane figure. The 'anywhere in the composition' reading is IDENTICAL (183/19) because CT states one composition line per product. A naive 'anywhere on the page' reading gives 259 because 'Stretch fabric' and 'Stretch curved waistband' appear as marketing bullets - that is prose, not composition, and is the reason the two figures must not be read off raw page text. CELLULOSIC is 2 styles (a viscose polo, a viscose bow tie), which rounds to 0. FURNITURE CHECK: 69 distinct composition strings; most common '100% cotton' at 111/539 (21%). SHAPE 'one': cotton and wool lead every category; no category is synthetic-led (outerwear is the closest at 8 natural vs 4 synthetic), so synthetic_categories is []. 27 stems state no composition - 18 shirts, 4 socks, 3 clearance accessories, 2 others."
Son of a Tailor,49,49,94,0,6,0,0,one,[],"[""T-Shirts"", ""Knitwear"", ""Polo Shirts""]",handle,53/49,none,not shopify,complete,https://www.sonofatailor.com/products,"A STYLE HERE IS ONE GARMENT SHAPE IN ONE FABRIC - one product slug. Cotton T-Shirt, Wool T-Shirt, Lyocell T-Shirt, Linen T-Shirt and Silk T-Shirt are five styles, not one T-Shirt: each has its own product page, price and stated composition. The trailing numeric segment of the URL (/product/cotton-t-shirt/1-1-3-9-1) encodes fit and colour and was stripped. Counted the other two ways the house reads differently: by GARMENT SHAPE ALONE it is 28 shapes and the fibre question has no answer per style, because one shape spans supima cotton, merino, linen, silk and lyocell; by DISTINCT COMPOSITION it is only 9 fabrics (100% merino x19 styles, 100% cotton x13, 100% cashmere x4, 100% supima x4, 67/33 lyocell-cotton x2, 30/70 linen-cotton x2, 70/30 cotton-silk x2, 50/50 supima-cotton x2, 100% lyocell x1), which reads 78/0/22 and triples the cellulosic share by ignoring how many garments are actually offered in each fabric. CENSUS: there is no product-level sitemap (sitemap.xml is 124 URLs, 7 of them category pages), so the catalogue was read from the rendered DOM of the All tab after scrolling out, then cross-checked against the six category pages separately - same 53 slugs either way (t-shirts 23, knitwear 20, polos 6, shirts 6, sweatshirts 5, accessories 0, the accessories page says it has no products). 4 of the 53 are soft-404s dead at both their listed URL and the bare slug (vento-polo-shirt, cotton-hi-neck-t-shirt-special-edition, poplin-shirt-3pm, areia-shirt), leaving 49 live. Composition is server-rendered in the Nuxt payload on every one - 49 of 49, a structured Fiber field ('Fiber 67% Lyocell | 33% organic cotton') repeated in the description; 0 rows failed the sum-to-100 check. COLOURWAY RATIO IS EFFECTIVELY 1.00 AND GENUINELY SO: colour is a choice inside the made-to-order configurator, never a separate listing, so there is nothing to collapse; 53/49 is listings-including-dead over live styles. NO SYNTHETIC-LED GARMENT EXISTS IN THIS HOUSE - zero polyester, nylon, acrylic or elastane anywhere, so synthetic_categories is [] because none leads, and spandex 0/0 is measured on both bases: elastane, spandex and lycra appear in 0 of 49 product pages, main line or anywhere. 3 cellulosic, all T-Shirts (Lyocell T-Shirt, Lyocell T-Shirt Long Sleeve, Lyocell Undershirt). 2 ties, both 50% Supima / 50% recycled cotton on the Re-Spun tee and sweatshirt; first-listed gives supima, the other resolution gives cotton, both natural, so the row is identical either way. Sweatshirts ties Polo Shirts at 5 natural for third natural-led category. Whole catalogue is men's - the site has no women's category - so nothing was removed for gender. robots.txt carries a group addressed by name to ClaudeBot/GPTBot/PerplexityBot; it is a plain Allow:/ with four private Disallow paths and no agent instructions - read as data, nothing followed, and no disallowed path was fetched."
Mott & Bow,95,95,88,6,6,63,9,one,"[""Swim""]","[""Jeans"", ""Tees"", ""Sweaters""]",title_dedup,405/95,none,1.0,complete,https://mottandbow.com/products.json?limit=250&page=1,"THE 30 IN THE EARLIER REGISTER WAS PAGE-ONE GATING. /products.json?limit=250&page=N pages properly: 7 pages, 1,513 records across all genders. Men's = product_type ^Mens- : 901 raw listings; the 7 records tagged gender_Male outside that are mis-tagged women's pajamas and tees and were not added. 496 of the 901 are pack, bundle, mystery-offer and gift SKU records (3-Pack, 6-Pack, dummy_bundle_redirect) - removed, leaving 405 core listings. Those 405 collapse to 95 STYLES by title: Mott & Bow issues a separate product record per WASH on denim (Slim Mercer Jeans x26 records, Classic Crew Driggs Tee x42) while also carrying colour as a variant option, so the same garment appears both ways. 4 further merges were checked by hand and are genuine duplicate listings: Second Skin Trunk and Second Skin Boxer Brief each have a '...promo' twin, and Performance Stretch Jogger and Swim Trunk each have a 'The ...' twin. COMPOSITION 95 of 95 = 100%, from the 'Fabric Composition:' line in body_html; 0 rows fail sum-to-100 after three house quirks were fixed, and ALL THREE WERE FOUND ONLY BY THE SUM CHECK: a typo '3% Polyesterl' on Slim Hubert, '6 % EME' (elastomultiester) on the Jay denims, and '5% other fiber' on the Oversized Wool Shirt Jacket. EME is a stretch polyester and is counted synthetic but NOT as elastane - the spec rules elastolefin in and says nothing about elastomultiester, and treating it as elastane would add 3 styles to the spandex count. READ THE PERCENTAGE NOT THE WORD MATTERED HERE: every denim page says 'Comfort Stretch: 23% Stretch Factor', a percentage with no fibre in it - a word-matching or naive percent parser scores that as composition on most of the range. LEAD CLASS natural 83 (cotton throughout), synthetic 6, cellulosic 6 (modal underwear and pyjamas plus one TENCEL polo), no-composition 0; exact 87.4/6.3/6.3, reported by largest remainder. SPANDEX IS BROAD AND SHALLOW: 63 of 95 styles carry elastane in the main fabric line but only 9 reach 5% - the distribution is 1% x13, 2% x38, 3% x3 against 5% x5, 7, 8, 10 x3, 13 x2. That 2% is the denim and chino default, not performance stretch. ANYWHERE-IN-THE-STRING basis is 64 / 9, one style stating elastane only in a rib. Swim is the only synthetic-led category (1 of 1); Pants 3-3 and Shorts 1-1 are ties, not synthetic-led, and Jeans is 51-0 natural. Jackets and Sweats also have 3 natural, tying Sweaters for third. colourway_ratio 405/95 is core men's listings over styles; the raw men's record count including the 496 pack SKUs is 901."
Banana Republic,535,448,80,4,0,48,2,one,[],"[""Woven Shirts"",""Knits"",""Sweaters""]",product_code,1454/535,none,not shopify,complete,https://bananarepublic.gap.com/native-product-sitemap.xml,"Census 2026-09-13 from bananarepublic.gap.com/native-product-sitemap.xml (listed in robots.txt): 3549 product URLs, close to the 3503 given - the tree has moved slightly. Gap Inc pids are colourway-level; the style is the pid less its last 3 digits (405006002/012/022/032/042 = style 405006), so 3549 listings collapse to 1635 pid stems. One PDP per stem was read (1635 fetches, 2 errors). The stem is NOT the final unit: the payload's own style_id merges 94 further stems into other styles (505165 and 505167 both resolve to style 505164), so the catalogue is 1569 styles. PAYLOAD, not DOM: each PDP carries window.__PRODUCT_PAGE_STATE__.initialProductData server-rendered in the HTML; the composition is the first bullet of the details section with id 'fabric', and merchandise_hierarchy.department_description / class_description / web_product_type carry the sex. A same-origin fetch of the ~1.1MB PDP returns all of it. Furniture check: the same extractor on the homepage and on a bogus pid returns empty style, empty department and empty fabric. No /products.json, not Shopify. MEN'S BOUNDARY: departments are prefixed - M PANTS, M WOVEN SHIRTS, M KNITS, M SWEATERS, M OUTERWEAR, M ACCESSORIES, M SHOES, MENS SUITING - so the men's cut is exact and needs no path rule. Removed from the 1569: all W*/WMS* departments (women's), JEWELRY 108 (web_product_type reads womens earrings/rings/bracelets/necklaces on every one), TEXTILES 49 (BR Home - bedding and dec pillows), WOMENS SUNGLASSES 6, P SWEATERS 1 (petite), 2 loyalty placeholder rows and 1 blank. Kept: MENS SUNGLASSES 7 and 2 THIRD PARTY rows whose web_product_type is mens (a retromarine swim short and a vintage accessory) - third-party goods judged by product record, not by a vendor string; dropping those 2 gives 533 styles and does not move any integer. Result 535 men's styles over 1454 sitemap listings. COUNTS on 535: natural 428, synthetic 19, cellulosic 1, states no composition 87. Exact shares 80.00 / 3.55 / 0.19 / 16.26; integers by largest remainder = 80 / 4 / 0 / 16. Main fibres behind the 428: cotton 249, wool 61, linen 50 + flax 10, leather 31, silk 14, suede 7, cashmere 2, hemp 2, ramie 1, horsehair 1. Synthetic 19 = polyester 10, nylon 9. Cellulosic 1 = a rayon-led shirt. CELLULOSIC WARNING: 69 of the 535 mention rayon/viscose/modal/lyocell/TENCEL somewhere in the fabric bullet; only 1 has a cellulosic as the largest fibre of the first composition. A whole-string reading would score this house many times more cellulosic than it is. TIES: exactly 1 ('50% recycled polyester, 50% cotton'), resolved to synthetic on first-listed. The other resolution gives natural 429 / synthetic 18, i.e. 80/3/0/16 - one integer point moves. NO COMPOSITION (87): M ACCESSORIES/ITEMS 31 (jewellery and small leather goods), M SHOES 33, MENS SUNGLASSES 7, M OUTERWEAR/LEATHER 6, bags 4, belts 2, 2 woven shirts, 1 jacket, 1 seasonal accessory. Most of these state the material qualitatively without a percentage ('Leather uppers and lining.', 'Shell: cotton canvas.', 'Rhodium plated sterling silver.'). This follows the Arc'teryx precedent of treating qualitative Upper/Outsole statements as no composition; reading single-material qualitative statements as stated instead would move roughly 60 of the 87 into natural and give natural ~91%. 3 styles state '100% sterling silver' and are held as no-composition because silver is not a fibre; 2 others stating '100% horsehair' and '100% raw denim' ARE counted natural. PARSER: 535/535 classify. 2 chains fail the sum-to-100 check and both are BR's own typography, not the parser: '63% cotton, 37& nylon.' (an ampersand where the percent sign belongs) and '73% cotton, 12% acrylic, 12 polyester, 3% polyurethane' (missing percent sign); cotton leads both, so neither verdict moves. Colour-conditional compositions are live here too ('Tile Green & Orange Floral: 79% viscose rayon, 13% cotton, 8% linen' / 'Dusk Blue: 49% cotton, 38% TENCEL lyocell, 13% linen') - the first chain is taken. SPANDEX (main fabric line): 48 styles contain elastane/spandex, 2 of them at >=5%. Anywhere-in-the-string reading: 49 and 4 (the difference is elastane that appears only in a lining or waistband clause). No style carries a named stretch without a percentage, so ruling 3 adds nothing here. SHAPE one: natural leads every category - Accessories 112 (65 natural/8 synthetic/1 cellulosic/38 none), Woven Shirts 80 (78/0), Knits 74 (73/1), Sweaters 68 (66/2), Pants 64 (61/3), Outerwear 48 (37/4/7 none), Suiting 44 (44/0), Shoes 36 (3/0/33 none), Sunglasses 7 (all none), Third Party 2. synthetic_categories is []. ALTERNATE DENOMINATOR: a clothing-only cut (dropping M ACCESSORIES, M SHOES, sunglasses and the third-party rows) gives 378 styles over 1215 listings, 359 natural / 10 synthetic / 0 cellulosic / 9 none = 95/3/0/2, coverage 97.6%, spandex 43 (2 at >=5%). The men's-only-by-department rule before the style_id merge would have given 569 rows rather than 535."
Everlane,372,205,50,5,0,51,15,one,[],[],title_dedup,1938/372,none,1.0,partial,https://www.everlane.com/products.json?limit=250&page=N,"Census 2026-09-13. /products.json?limit=250&page=N paged to page 36 (page 36 returned <250); 8924 unique ids - reproduces the given 8922 within two records of catalogue churn. A first pass returned 9098 rows with 174 id duplicates (paging drift between requests); a clean re-page returned 8924 with zero duplicates, so the census is 8924. MEN'S BOUNDARY: Everlane tags gender on the product record - male 1931, female 6869, 124 untagged. 7 of the untagged carry a mens- handle and are men's; the other 117 are women's, unisex (face masks, baby bundle) or non-goods (gift card, carbon offset, PackageProtect insurance). Men's listings = 1938. That is 21.7% of the house; the vendor field and product_type do not carry gender and cannot be used. STYLE: colour is a separate product record here (handle m-swtr-csmr-cr-ls2-drkbrn / mens-essential-organic-crew-uniform-olive-night), not a variant, so listings are not styles. De-duplicated on the title stem before the pipe (""The Cashmere Crew | Americano Brown"" -> ""the cashmere crew""): 372 styles, 1938/372 = 5.2 colourways per style. ALTERNATE DENOMINATOR: the handle family (handle minus its last hyphen segment) gives 1313, which is wrong - Everlane colour codes run one to three segments (drkbrn, bltblu, uniform-olive-night) so that key barely collapses anything. Title_dedup is the looser risk in the other direction: 3 title groups span two or three handle generations (""the premium-weight crew"" covers mens-premium-weight, mens-surplus-tee and mens-heavyweight-tee, 45 listings), so a handful of re-issued styles collapse into one. COMPOSITION IS IN THE PDP, NOT THE FEED: body_html is marketing prose and carries a percentage on only 370 of 1938 listings; the composition is a server-rendered ""Materials:"" line in the PDP HTML (""Body: 100% Cashmere; Trimmings: 90% Cashmere, 9% Nylon, 1% Elastane""), read from everlane.com/products/<handle>. 205 of 372 styles state one = 55.1%, so status=partial. THIS WAS NOT A SCRAPER FAILURE and was tested three ways: (1) first pass on one listing per style gave 170; (2) a sibling pass over the other colourways of the same style recovered 40 more; (3) a third pass over the remaining deep siblings recovered 2. 123 of the 162 remaining styles have 5 or fewer listings and were therefore read in full. (4) On an in-stock empty style (m-btm-fco-5pkt-pnt-tnvy) the rendered DOM was checked: the accordion set is Description / Fit / Certifications with no Materials panel at all, the word ""material"" does not occur in the 1.02MB PDP, and the only fibre statement is prose (""95% certified organic cotton"" in a sustainability blurb). Everlane simply leaves the materials metafield empty on roughly 45% of men's styles. PAGE-FURNITURE TRAP CAUGHT: the review widget renders ""Material : 12%"" / ""Fabric : 18%"", which matched the Materials label and produced 7 false extractions; re-scanning every Materials occurrence and keeping only the one whose tail parses to 100% cleared all 7, and none of the 7 has a real composition. Counts: natural-main 187, synthetic-main 17, cellulosic-main 1 (the utility shirt jacket in buttersoft, 100% TENCEL Lyocell), no composition 167. Natural includes cotton, wool, merino, cashmere, alpaca, linen, silk, leather/suede, down, coconut fibre. All 205 parsed chains sum to 100 +/-1 and no fibre descriptor is unclassified; COOLMAX EcoMade Fiber is read as polyester. TIES: 0 - the other tie resolution gives exactly the same row. SPANDEX: 51 styles carry elastane on the main fabric line, 15 at >=5%; read anywhere in the string (including Trimmings/Rib) it is 58 and 16. 26 styles carry ""Exclusive of Elastic"", a US labelling disclaimer that elastic in trim is outside the stated composition - not counted, per the trim ruling, and it is not a named-stretch claim on the main cloth. No ""Comfort Stretch""/""Mechanical Stretch"" strings occur in any Everlane composition. shape=one: cotton runs the house end to end - bottoms 40 natural / 4 synthetic, knit tops 37/1, shirting 27/0, sweaters 27/0, denim 18/0, outerwear 11/6. The only synthetic-led category is bags (4/0), which is why both category cells are []. 14 of the 372 styles are bags, footwear or accessories rather than clothing; removing them moves nothing (358 styles, natural 181, synthetic 13, cellulosic 1)."
Alex Crane,51,51,100,0,0,0,0,one,[],"[""Shirts"", ""Pants"", ""Jackets""]",title_dedup,237/51,none,1.0,complete,https://alexcrane.co/products.json?limit=250&page=1,"THE 30 WAS PAGE-ONE GATING: the feed pages to 315 records. Men's = tag 'men', 267 listings; women's 47, no record carries both. COLOUR IS A SEPARATE RECORD HERE - titles are 'Style / Colour' - so style = title before the slash. I REJECTED THE HOUSE'S OWN ygroup_ TAGS AS THE STYLE KEY: ygroup_olashirts lumps Ola Shirt, Cham Pants, Kite Jacket, Bo Shorts samples and One of One into one group; it is a merchandising carousel, not a style. Removed 30 listings: One of One 13 (one-off archive pieces), Sample Cham Pants / Kite Jacket / Bo Shorts 7, Pilot Leather Belt 3, Pilot Leather Wallet 3, Duck Canvas Tote and Beach Bag 2, Gift Card and Gift Wrapping 2. 237 listings -> 51 styles. THE ONE JUDGMENT CALL, STATED PLAINLY: only 18 of the 51 state a PERCENTAGE composition (100% cotton, 100% linen, 100% merino, 50/50 linen-cotton). The other 33 state a single named fibre and no percentage, through the house's own material-- field rendered on the PDP as 'Materials: European Linen / Organic Cotton'. I probed five of those 33 PDPs directly (canvas-painter-pants, pac-easy-pants, lolo-sweater-polo, lolo-sweater-tee, jac-sweater-shirt): there is NO percentage anywhere in the PDP payload. That is a real disclosure gap, not a scrape failure - and it is not the coverage hole the earlier register recorded either, because the fibre itself is stated every time. THIS ROW COUNTS A SINGLE NAMED FIBRE AS A COMPOSITION, since it states the main fibre unambiguously and the main fibre is the whole question: 51/51, complete. ON A STRICT PERCENTAGES-ONLY BASIS THE ROW WOULD READ 18/51 = natural 35 / synthetic 0 / cellulosic 0 / no-composition 65, status partial. BOTH BASES AGREE THAT EVERY MEN'S STYLE IS NATURAL-LED; only the denominator moves, and nothing in the fibre answer turns on the choice. FURNITURE TRAP AVOIDED: every PDP carries 'organic cotton ... represents only 1% of cotton production' - a whole-page text read scores 1% cotton on 100% of pages, so nothing was read from PDP prose. SPANDEX 0 AND IT IS A MEASURED ZERO ON BOTH BASES: the strings elastane, spandex and lycra appear in 0 of 267 men's listings, main line or anywhere. Natural includes cotton, European and French linen, merino, and Bananatex (abaca / banana-tree bast fibre on the Rama Swim Trunks) - a natural bast fibre, classified natural and NOT cellulosic; it is the only garment where that call arises. 2 ties, Sun Tee and Long Sleeve Sun Tee, both 50% linen / 50% cotton: first-listed gives linen, the other resolution gives cotton, both natural, row unchanged. No category is synthetic-led, so synthetic_categories is [] by measurement. Alternate denominator: keeping samples, One of One and accessories gives 61 styles, still 100% natural-led."
Industry of All Nations,99,95,96,0,0,0,0,one,[],"[""Pants & Shorts"", ""T-Shirts"", ""Sweats""]",title_dedup,101/99,none,1.0,complete,https://industryofallnations.com/collections/mens-1/products.json?limit=250,"THE 30 WAS PAGE-ONE GATING; the feed pages to 146 records, and the product sitemap independently returns the same 146 URLs with nothing in one and not the other, so 146 is the live catalogue. (collections.json advertises best-sellers:309 - that count includes unpublished and archived records.) RULING 5 APPLIED AND IT MATTERED: the house's own /collections/men returns 123 live products and sweeps in kids and one women's style. Removed 22 - 12 kids (11 of product_type Kids plus Kids Ponya Corduroy Shorts, which carries a blank type), 1 women's (Wild Bralette 2 Pack), and 9 worn accessories and footwear (Alpaca Beanie, Tembel Hat, Knitted Hat, Future Hat, Loop Belt, Everything Tote Bag, Muslin Scarf, Men's Portenos Loafer, Organic Cotton Socks). 101 men's clothing listings -> 99 styles; the two collapses are genuine duplicate listings of one garment (Canvas Pants as canvas-work-pants and canvas-pants-archive, Clean Carpenter Pants as clean-carpenter-pants and carpenter-pants, all four archive/final-sale). Colour is a variant option on every record, so colourway does not inflate here and 101/99 is near 1.00 honestly. DO NOT CALL THIS ROW PARTIAL FROM body_html ALONE: only 62 of the 99 state composition in the feed, but 33 more state it on the PDP, in the Details block and the product subtitle ('100% Organic Cotton / Undyed / India'). A feed-only read scores this house 63%; the true figure is 95 of 99 = 96%, so the row is complete. The 4 that genuinely state nothing are the New Denim Project upcycled pieces - New Jeans, New Work Jacket, New Camp Shirt, New Kamaleon Jacket, 'made from upcycled textile waste' - and all four PDPs were checked by hand and carry 0 fibre percentages. FURNITURE TRAP: the PDP template repeats 'organic cotton ... represents only 1% of cotton production'; that sentence was stripped before parsing or it would have scored 1% cotton across the range. PARSER BUG CAUGHT BY SUM-TO-100: the Ponchito Jacket reads ""60% sheep's wool and 40% baby alpaca fiber"" and the apostrophe in sheep's broke the modifier match, so the first group parsed as 40% alpaca summing to 40. Lead was natural before and after the fix, but the same bug would have mis-led a wool/synthetic blend. LEAD CLASS natural 95 - cotton 82, alpaca 12, wool 1 - synthetic 0, cellulosic 0, no-composition 4. THERE IS NO SYNTHETIC-LED MEN'S GARMENT IN THIS HOUSE, so synthetic_categories is [] by measurement. SPANDEX 0 on both bases across the 99 styles: the only elastane in the entire house is Organic Cotton Socks at 97/2/1, and socks are a worn accessory removed from the denominator - on an accessories-included denominator of 110 styles spandex would be 1 main-line and 0 at 5%+. Alternate denominator: the house's own unrestated Mens collection of 123 gives 116 with composition and still 0 synthetic."
Marine Layer,334,318,70,20,5,93,15,one,[],[],product_code,1234/334,none,1.0,complete,https://www.marinelayer.com/products.json?limit=250&page=N,"Census 2026-09-13. /products.json?limit=250&page=N paged to page 11 (page 11 returned <250): 2612 records, 2612 unique ids - reproduces the given 2609 within three records. MEN'S BOUNDARY: product_type is a ""Mens - Outerwear - Dress"" / ""Womens - ..."" path; Mens 1238, Womens 1270, other/uncategorised 104. RESTATED, per the men's-only rule: 4 of the 1238 are women's records mis-filed under a Mens product_type (""Women's Cloud 9 Fleece Full Zip Hoodie in Whitecap"" and three sisters) and were removed, leaving 1234 men's listings. STYLE: colour is a separate product record; 1114 of the 1234 carry a YGroup_ style-group tag, which is the house's own colourway key. Keyed on YGroup, with a normalised-title fallback for the 120 without one, gives 334 styles and 1234/334 = 3.69 colourways per style. The fallback needed real work and the raw title is NOT safe: 14 title groups duplicated an existing YGroup outright, and 30-odd records carry the colour inside the title (""Men's Cloud 9 Fleece Relaxed Crewneck in Rainforest"") or a customisation prefix (""Custom Cut & Sew Bode Puffer Jacket"", the embroidery/B2B SKU of a garment already in the range - collapsed as a finish variant per the rule). Unnormalised title dedup returns 406 and raw YGroup-only 317; 334 is the reconciled figure. COMPOSITION: in the PDP server HTML as a bare unlabelled bullet in the details list (""80% cotton, 20% polyester""), no label and no metafield name - the extractor takes the first pipe-delimited fragment whose percentages are all fibre words and sum to 95-305, which also rejects the ""20% Off Any"" promo banner that appears on every page. 318 of 334 = 95.2%. The 16 with none are sold-out records whose details list is not rendered (the 7 merino/Donegal knits from the Knit Haus capsule, jacquard sherpa, Jarritos and Fields varsity jackets, air boxer brief, Landon resort and seersucker shirts, two graphic tees, signature v-neck) - checked on the rendered DOM as well as the payload, the section is absent, not hidden. Counts: natural-main 234, synthetic-main 67, cellulosic-main 17, none 16. All chains sum to 100 +/-1 except 2 (Luca Jacket / Irving Longline Coat, 45% wool 40% polyester 7.7% acrylic 4% nylon 1.7% rayon 1.6% cotton - decimal parts, wool leads regardless). CELLULOSICS ARE REAL HERE, AS EXPECTED: 17 cellulosic-led styles, a genuine third figure - TENCEL lyocell leads 12 of them (59% lyocell/38% cotton/3% spandex; 59% lyocell/27% cotton/11% linen/3% elastane; 48% lyocell/42% cotton/10% hemp), plus two 55% cupro/45% lyocell shirts, a 60% lyocell/40% TENCEL Viscose ECOVERO, a 56% rayon and two 95% viscose. RE-SPUN: the recycled-cotton programme never appears as ""re-spun"" in a composition - it is written ""recycled cotton"" and shows up in 7 styles, all of them cotton-led and natural; one (Peace Vans Tee, 50% recycled cotton / 50% cotton) is a same-class tie. TIES: 16, of which 8 cross a class boundary - 5 Air styles at 48% TENCEL lyocell / 48% organic cotton (cellulosic, would be natural), 2 Scuba styles at 41% organic cotton / 41% recycled polyester (natural, would be synthetic), and the Signature Crew at 50% Supima cotton / 50% Micromodal (natural, would be cellulosic). Resolving all of them the other way gives natural 236, synthetic 69, cellulosic 13, i.e. 71/21/4 instead of 70/20/5 - the verdict does not move. SPANDEX: 93 styles carry elastane/spandex on the main fabric line, 15 at >=5%; anywhere in the string it is 96 and 15. The dominant dose is 2-4%, which is why the high count is a sixth of the plain count. shape=one: this is a cotton house almost everywhere - Bottoms/Pants 36 natural / 1 synthetic, Outerwear/Dress 48/0, Wovens/Longsleeve 24/1, Shortsleeve/Basics 17/6, Longsleeve/Lightweight 14/2, Outerwear/Jackets 23/12. The only synthetic-led block is the Active capsule (Active/Bottoms 8 synthetic / 0 natural, Active/Shortsleeve 6/0, Active/Longsleeve 3/1) plus Accessories/Hats 5/1 - 23 of 334 styles, 7%, which is a capsule and not a half, so both category cells are [] rather than a split verdict."
Cuts Clothing,70,70,29,68,3,44,35,one,"[""Bottoms"", ""Tees"", ""Fleece"", ""Outerwear"", ""Knits""]",[],product_code,388/70,none,1.0,complete,https://www.cutsclothing.com/sitemap/products/1.xml,"HEADLESS SHOPIFY - /products.json AND /products/<handle>.js BOTH 404, there is no JSON feed to page. Censused from the product sitemap: 13 submaps, 485 unique product URLs, matching the register's 485; all 485 PDPs were fetched. STYLE KEY IS THE NUMERIC SKU STEM from the PDP's ld+json Product.sku - 'MT10005N-101-S' -> MT10005N - which is ruling 5's distinct numeric stem exactly, and is what collapses the colourway inflation, because colour is a separate product record here (white-crew-split-hem, black-crew-split-hem). The SKU prefix also carries department and gender: MT tee, MK knit, MB bottom, MF fleece, MO outerwear, MW woven, MA underwear; W* and women* women's; U* unisex accessories. Removed from the 485: 52 women's (the whole Tomboy Tee line plus Women's tees and crops), 35 multi-packs and fit bundles, 27 bundle records carrying a raw Shopify variant id instead of a SKU, and 9 accessories (three hats, Cuts Notebook, VIP and Priority Membership, Gift Card). 388 men's listings -> 70 styles, every one stating a composition. ANCHORING THE PARSE WAS THE WHOLE JOB: read over the whole PDP text, 37 styles failed the sum-to-100 check because a percentage elsewhere on the page won the first group - a 100% Pima tee read as 17% pima, a 67/33 tee read as 98% cotton. Anchoring to the 'Materials & Care' block took bad sums from 37 to 0. Three house abbreviations were found only by that same check and are all real: '52% Poly, 38% Cotton, 10% Span' (Enduratech), '95% cotton, 5% elastic' (Essential Rib Tank) and 'Shell: 60% PU, 40% Rayon' (Grand Harrington); Poly, Span, PU and elastic were added to the fibre vocabulary and Span and elastic are counted as elastane. READ THE PERCENTAGE NOT THE WORD, AS THE BRIEF ASKED: PYCA Pro(R) is 62% polyester / 33% cotton / 5% spandex and is polyester-led, NOT a cellulosic despite the branded name; nothing here was classified from a fabric name. LEAD FIBRES: polyester 37, cotton 19, nylon 5, poly 2, elastomultiester 2, modal 2, recycled polyester 1, pima 1, PU 1 - synthetic 48, natural 20, cellulosic 2, exactly 28.57/68.57/2.86 reported by largest remainder. natural_categories is [] BY MEASUREMENT, NOT BY OMISSION: no category is natural-led. Shirts is 2-2 and so is not counted synthetic-led either. shape=one because cotton is a 29% minority spread thinly across every category rather than a second clear half. 1 tie - Crossover Active Tee, 48% cotton / 48% rayon / 4% spandex; first-listed gives cotton and THE OTHER RESOLUTION MOVES THE ROW, to natural 19 / synthetic 48 / cellulosic 3, i.e. 27/69/4. SPANDEX IS THE REAL PERFORMANCE PROFILE THE BRIEF EXPECTED: 44 of 70 main-line, 35 of them at 5%+ (2% x3, 3, 4 x5, 5 x17, 6 x7, 8 x2, 10 x5, 13, 14 x2, 15) - half the range at 5% or above, not comfort stretch. ANYWHERE-IN-THE-STRING basis is 49 / 35, five further styles stating elastane only in a rib or secondary part. Two stems carry more than one fabric (MB10586N SoHo Trouser with three compositions, MK10664N SoHo Ribbed LS Polo with two); the composition held by the most listings under the stem was taken, and both are synthetic either way. ALTERNATE DENOMINATOR, MEASURED: counting the 388 colourway listings instead of the 70 styles gives 90 natural / 285 synthetic / 10 cellulosic / 3 none = 23/73/3, SIX POINTS MORE SYNTHETIC, because the polyester shells and bottoms carry more colourways than the cotton pieces; spandex on that basis is 276/242. CURRENCY CAVEAT: on this headless storefront window.Shopify exposes only trackingConsent and customerPrivacy - there is no Shopify.currency object to read. 1.0 is the effective rate for a single USD market with no locale duplication in the sitemap, but it was NOT read from Shopify.currency.rate."
Bonobos,2821,2490,73,13,2,571,149,one,"[""Golf""]","[""Sweaters & Sweatshirts"", ""Pants & Jeans"", ""Outerwear""]",handle,2821/2821,none,not shopify,complete,https://bonobos.com/sitemap.xml,"CORRECTS THE PRIOR FIGURE ON COVERAGE. 2,490 of 2,821 (88.3%) state a fibre composition, not 1,512 of 2,821 (53.6%) - so this row is COMPLETE, not partial, and the 46.4%-state-none finding does not hold. Composition is a structured field, properties.fabric, inside the server-rendered __NEXT_DATA__ of every PDP; re-fetching a 60-product sample reproduced the stored value 60/60. The 331 that genuinely state nothing are overwhelmingly discontinued records left in the sitemap (isPurchasable false, empty properties), 21 of them dead outright (500/404), plus belts and leather goods that give a material but no percentages, and about ten legacy women's dresses. Cross-check that supports the prior pass's rate but not its denominator: 376 of 2,490 majority-synthetic = 15.1%, against the prior 244 of 1,512 = 16.1% - the same rate read over a smaller catalogue. SPANDEX, THE POINT OF THE PASS: 571 styles state elastane/spandex/Lycra/ROICA in the main composition and 149 of those are at 5%+. The comfort/performance divide the brief was written for is real and lopsided - 373 styles sit at 1-3% (216 of them at exactly 2%, the chino and denim default) against 99 at 8%+, which are the golf and tech-shell lines, topping out at 25%. 19 further styles state elastane only in a lining, contrast or rib and are excluded to keep the basis identical to the main-fibre rule (590 on the looser 'anywhere in the string' reading). READING THE PERCENTAGE, NOT THE WORD, MATTERED: '100% Cotton with Mechanical Stretch' and '100% Cotton twill' are natural and carry no elastane, while 'Stretch Washed Chinos' is 98/2; an early classifier that matched the word stretch mis-called 9 styles synthetic. The 'Jack Quaid Loves Weekday Warriors' banner is on 25 of 25 sampled pages - confirmed page furniture, and irrelevant here because nothing is read from page text. shape=one: a cotton house, 73% natural overall, with Golf the only synthetic-led category (75 of 103); Shorts & Swim is natural-led even before the swim exclusion. Category tags come from the site's own taxonomy where present (1,780 styles); 991 archived records carry no category at all, so those were bucketed from the product name - a category assignment only, never a fibre one. colourway_ratio 1.00 is genuine: colour is a variant inside one /products/<handle> record, one handle per style. Censused 13 Sep 2026 from the flat sitemap; Next.js, no Shopify feed. || RESTATED 14 Sep on the rev3 rulings - no cell moved. Ruling 2: 571/149 was already main-line; 19 further styles state elastane only in a lining, contrast or rib and stay out (590 on the anywhere reading). Ruling 3: '100% Cotton with Mechanical Stretch' carries no elastane and is natural, already handled. Ruling 5: the sitemap records are style-level. FLAGGED, NOT RESTATED: about ten legacy women's dresses sit inside the 331 that state nothing - 0.35% of the denominator, below the threshold at which restating is worth the churn, but it means this row is not strictly men's-only."
Vuori,369,358,24,73,0,223,155,one,[],[],product_code,1670/369,none,absent,complete,https://vuoriclothing.com/sitemap.xml,"RESTATED UNDER RULING 7. The earlier pass excluded Vuori's 82 unisex groups as 'accessories only', and that is a SCOPE argument, not a gender one - the men's row it produced already contained Headwear (2 groups) and Accessories (1 group), so 'not clothing' was not in fact the rule being applied and ruling 7 moves this row. Re-measured 2026-09-14: /sitemap.xml gives 2813 product URLs, each read through the Next data route /_next/data/<buildId>/products/<handle>.json for schema.org material, suggestedGender, productGroupID and category; 2813 of 2813 fetched, 0 errors. suggestedGender: male 1492 listings / 288 groups, female 1149, unisex 172 listings / 82 groups. The male-only read reproduces the recorded row exactly (288 groups, natural 71 / synthetic 216 / cellulosic 1 / none 0), which is the check that the restatement is a ruling change and not a re-measurement artefact. MALE + UNISEX = 369 groups / 1670 listings (one group straddles both tags, so it is 369 and not 371), 358 with composition, natural 87 / synthetic 270 / cellulosic 1 / none 11 = 24/73/0/3. The 82 unisex groups on their own are 172 listings, natural 16 / synthetic 56 / cellulosic 0 / no composition 11, spandex 33 with 15 at >=5%, and by category they are Accessories 23, Headwear 19, Bags 17, untyped 12, Hats 4, Shoes 2, BAGS 2, Socks 1, Personal Care 1, Gift Card 1 - so the earlier pass's description of them as headwear and accessories is accurate as far as it goes, but it is 17+2 bags and a gift card as well. SCOPE ALTERNATE, worn goods only (dropping Bags, BAGS, Shoes, Gift Card, Personal Care from the combined tree): 346 groups / 1638 listings, 341 with composition, natural 86 / synthetic 254 / cellulosic 1 / none 5 = 25/73/0/2, spandex 222 with 154 at >=5%. Either reading leaves the house where it was: synthetic leads every category with five or more stated compositions, no natural-led category exists, so shape stays one and both JSON lists stay empty. SPANDEX 223 main-line with 155 at >=5% (recorded male-only figure was 188/142; my own male-only re-read is 192/142, so 4 styles of parser variance sit inside this cell and none of them is at 5% or more). All 11 no-composition groups are unisex; the male tree is still 100% stated. feed_currency_rate is absent because vuoriclothing.com is a headless Next.js storefront with no window.Shopify on the public origin. || RESTATED 14 Sep under ruling 7 (unisex counts as men's); previous styles_total 288."
Rothy's,0,0,0,0,0,0,0,one,[],[],manual,0/0,none,1.0,complete,https://rothys.com/products.json?limit=250&page=N,"Census 2026-09-13. /products.json?limit=250&page=N paged to page 3 (page 3 returned <250): 669 records, 669 unique ids, zero duplicates. THE FINDING IS THE ZERO: Rothy's sells no men's clothing, and no clothing at all. Every one of the 669 records is footwear, a bag or a bag accessory. The house's own category tag splits them Womens Shoes 224, Bags 146, Kids Shoes 80, Mens Shoes 42, Extras 1, with 176 uncategorised parent/grouping records that are shoes and bags by handle (the-point-iii, the-travel-duffel, the-mens-flip-flop). Footwear is 346 of the 493 categorised records, 70%; with the uncategorised parents read by handle it is roughly three quarters of the house and bags are the rest. Cross-checked against /collections.json: 196 collections, none of them apparel - the men's collections are mens-shoes, mens-sneakers, mens-loafers, mens-clogs, mens-boots-oxfords, mens-ravello-loafer, mens-new-arrivals. A keyword sweep of every title, handle and product_type for sock, tee, shirt, sweater, pant, jacket or apparel returns 0 records, and the only garment-ish tags in the house are two knit swatch-group tags on shoe uppers (storefront:swatchgroup:Standard Knit / Specialty Knit). So styles_total is a counted 0, not NC, and the fibre cells are 0 on an empty denominator - the natural+synthetic+cellulosic+none=100 identity is undefined here rather than satisfied. FOR SCALE, NOT FOR THE ROW: men's FOOTWEAR is 42 listings resolving to 8 shoe models (The Men's Daily Driver, The Men's Cruiser Loafer, The Men's Clog, The Men's Court Sneaker, The Men's Cozy Clog, The Ravello Loafer, The Ravello Penny Loafer, The Oxford, The RS01 Sneaker), about 5 colourways each; three further men's models (Flip Flop, Cozy Clog, High Top Sneaker) sit in the uncategorised parent records. None of that is in this row. The given feed figure of 7425 is not a listing count on this endpoint and is not reproducible from it - 669 is what the paged census returns; 7425 is the order of magnitude of the variant rows (size x colour) rather than products. Style_method is manual because there was nothing to de-duplicate."
Lululemon,968,853,18,66,4,720,609,one,"[""Shorts"", ""Trousers"", ""Coats & Jackets"", ""Joggers"", ""Pants"", ""Socks""]","[""Sweaters"", ""T-Shirts""]",product_code,1106/968,"3 locale product sitemaps (en_US, en_CA, fr_CA) -> en_US only",not shopify,complete,https://shop.lululemon.com/sitemap/Product_Sitemap_en_US.xml,"Measured 13 Sep 2026 from shop.lululemon.com product pages. SITEMAP COUNT CORRECTION: '22373' is not the en_US product count. sitemap.xml indexes 21 files, 3 per locale; Product_Sitemap_en_US.xml holds 4336 URLs (en_CA and fr_CA are the same catalogue again - that is the locale duplication). Of the 4336, 775 return 404 and 93 return 400 - the sitemap is stale - leaving 2472 live en_US PDPs. Gender is read from the page's own ""gender"" field, not the URL: 1326 listings are men's-only, 1146 are women's or unisex-tagged. STYLE RULE (ruling 5): the feed carries two URL shapes - /p/{category}/{Name}/_/prod########  and /p/{slug}/{colour-code}. Style = the prodNNNNNNNN id where present, else the slug with the colour code stripped. 1326 men's listings -> 968 clothing styles (704 prod-id form, 264 slug form) over 1106 listings, ratio 1.14. The low ratio is genuine: colour is a variant inside one record, so the sitemap lists roughly one URL per style, not one per colourway. SCOPE: 204 men's styles removed as non-clothing - Bags 106, Water Bottles 37, Shoes 25, Equipment 23, Yoga Mats 8, Accessories 4, Hair Accessories 1. Unisex-tagged styles are excluded by the men's-only rule; that is the main reason a men's sock count of 123 is lower than the store's own sock page. COMPOSITION LOCATION: in the server HTML under [data-testid=product-info-drawer-section-materials], one li per part - not c_materialComposition and not in __NEXT_DATA__ (dehydratedState carries no fibre string at all). TRAP THAT CHANGED THE ANSWER: the parts are NOT in main-fabric-first order. 498 of 853 styles list a non-body part first - 'Pocket Lining: 100% Polyester (recycled)' heads 86 styles, others start 'Collar:', 'Pouch:', 'Item 2:'. Taking the literal first line scores those on their pocket bags. Main fibre is therefore read off the li labelled Body/Fabric/Main/Shell/Outer where one exists, falling back to the first composition line otherwise; 44 of 853 still fall back (labels like 'All:'). Reading the literal first line instead gives 150 natural / 665 synthetic / 38 cellulosic and spandex 638/533 - the figures in this row are the body-line read. SECOND TRAP: laminates state three layers inside one li ('Body: Face: 92% Polyester (recycled), 8% Elastane, Back: 100% Cotton'); the string is truncated at the second part label, without which the 100% cotton backing wins and the style reads natural. 6 styles affected; after the fix all 853 first-compositions sum to 100 +/-1, 0 failures. TIES: 13, resolved first-listed (ruling 1); resolved last-listed instead they read 2 natural / 11 synthetic, so synthetic would be about 645 rather than 634 - no integer change to the row. SPANDEX: main-fabric-line basis 720 styles (74%), 609 at >=5%. 'Anywhere in the composition' (waistbands, gussets, pocket linings, mesh panels) gives 772 and 671. Elastomultiester is counted synthetic but NOT as elastane; Lycra and Xtra Life Lycra are counted as elastane. CELLULOSIC 41 styles, 23 of them men's underwear in modal - Underwear is the one cellulosic-led category. FURNITURE CHECK: 362 distinct body-line strings, most common 'Body: 53% Elastomultiester, 47% Polyester (recycled)' at 39/853 (5%). SHAPE 'one': synthetic leads every category except Sweaters (6 natural / 0 synthetic) and T-Shirts (7/4); swim (9, all synthetic) and underwear are excluded from the split verdict anyway. 115 styles state no composition (32 socks, 12 hoodies, 9 shorts, 8 underwear and a long tail). RATE LIMIT: shop.lululemon.com returned 403 to roughly 975 of 1326 requests on a second pass at 20 concurrent; it cleared after ~2 minutes and the 498 re-reads were completed at 4 concurrent. 29 of those 498 did not come back and keep their first-pass (possibly non-body) line."
Alo,199,162,39,36,6,58,50,split,"[""Outerwear:Jackets"", ""Bottoms:Shorts"", ""Bottoms:Pants"", ""Tops:Long Sleeves"", ""Tops:Tanks"", ""Accessories:Cold Weather:Beanies""]","[""Outerwear:Coverups:Hoodies"", ""Tops:Short Sleeves"", ""Bottoms:Sweatpants""]",product_code,817/199,none,1.0,complete,https://www.aloyoga.com/products.json?limit=250&page=N,"Census 2026-09-13. /products.json?limit=250&page=N paged to page 16 (page 16 returned <250): 3965 records, 3965 unique ids. The given 14643 is not this endpoint - it is the size x colour variant count; product records are 3965. MEN'S BOUNDARY: Alo carries a structured product_type path, so men's is exact - Men:* = 817 listings, Women:* = 2831, the remainder accessories/internal. Men's is 20.6% of the house. STYLE: colour is a separate product record (Color option has one value per record), and every record carries a StyleId: tag (StyleId:M3245R). De-duplicated on that: 198 StyleIds plus 1 record with no StyleId keyed on its handle stem = 199 styles, 817/199 = 4.11 colourways per style. The handle prefix (m3245r-) gives 206 and splits three styles across a renamed code, so the tag is the better key; either way the row does not move materially. COMPOSITION IS IN THE PAYLOAD, NOT THE RENDERED TEXT: the PDP carries attribs:{""fabrication"":""...""} in the server HTML, a newline-delimited block whose middle line is the composition (""This midweight fabric is smooth on the outside and looped on the inside\n47% Modal, 47% Cotton, 6% Elastane\nMachine wash...""). 199 of 199 styles return a fabrication string; 159 of those state percentages on the first read, and a sibling-colourway pass recovered 3 more, giving 162 of 199 = 81.4%, so complete. The 37 that state none give a fabric name only (""DWR recycled plaid weave"", ""Ultra-cozy knitted cotton yarn"") - the fabrication key exists and is populated, the percentages are simply absent, and there is no second materials field in attribs (checked: fabrication, fit, quickFit, quickFitSizeSelector only). Counts: natural-main 77, synthetic-main 72, cellulosic-main 13, none 37. Natural is cotton and wool only here. All chains sum to 100 +/-1 except two at 95% (50% Polyester, 25% Wool, 20% Viscose - a 5% tail outside my 45-char fibre-name window; polyester leads either way). One style (M4140R) states only ""100% Polyester fill"" with no shell line, so its main fibre is read off the fill; that is the single place the first-listed rule bites something other than a face cloth. TIES: 8, every one of them 47% Modal / 47% Cotton (+6% elastane) on Alo's Micro Modal French terry, resolved first-listed to Modal = cellulosic. RESOLVE THEM THE OTHER WAY AND THE ROW MOVES A LOT: natural 85, cellulosic 5, i.e. natural_pct 43 and cellulosic_pct 3. This is the single biggest judgement call in this batch. SPANDEX: 58 styles carry elastane/spandex on the main fabric line, 50 of them at >=5% - the highest high-spandex share in this batch by far (86% of spandex styles are >=5%, elastane runs 4-17%). Read anywhere in the string it is 63 and 52. No named-stretch-without-a-percentage strings occur. shape=split and it is a clean one: a synthetic performance half - Outerwear:Jackets 20 synthetic / 8 natural, Bottoms:Shorts 15/10, Bottoms:Pants 14/7, Tops:Long Sleeves 6/5 - against a cotton lounge/fleece half - Outerwear:Coverups:Hoodies 13 natural / 2 synthetic, Tops:Short Sleeves 11/5, Bottoms:Sweatpants 10/1, Coverups:Sweaters 5/1, Coverups:Pullovers 7/4. The 2 underwear styles are excluded from that verdict; there is no swim in the men's tree."
Southern Tide,459,419,50,41,0,250,171,split,"[""Polo Shirts"",""Shorts"",""Outerwear"",""Pullover"",""Hoodie"",""Belt""]","[""T-Shirts"",""Sportshirts"",""Pants""]",handle,737/459,none,1.0,complete,"https://southerntide.com/collections/mens-clothing/products.json?limit=250 (paged to exhaustion, 2 pages; composition from each PDP's product__accordions-block; read 13 Sep 2026)","Measured fresh 13 Sep 2026. /collections/mens-clothing/products.json paged to exhaustion returns 459 and the storefront displays '459 Results'; collections.json's 550 confirmed stale. CORRECTION 1: the colourway ratio is NOT 1.00 on the measure used for Mack Weldon. 458 of 459 products carry a Color option and the distinct colour values total 737, so colourways/styles = 737/459 (1.61). It is 1.00 only on a listings/styles reading - 459 records = 459 styles because colour is a variant inside one record. The 'one polo had 55' figure is that polo's VARIANT count: team-colors-driver-spacedye-polo-shirt-1 is 11 colours x 5 sizes = 55 variants; the catalogue maximum is 11 colours, and total variants are 4207. CORRECTION 2: majority synthetic is 191 (42%), not 109 (24%). Hand-checked across a 12-style spread; the house is genuinely polyester/nylon-led in polos, shorts, outerwear and pullovers (Polo Shirts 13N/47S, Shorts 10N/24S, Outerwear 2N/15S). 109 looks like a substantial undercount. Composition coverage 419/459 is close to the brief's 417/459; the 40 that state none are 10 footwear, 12 non-apparel, 7 headwear, 6 accessories, 2 belts, 1 gift card, 1 cologne and 1 t-shirt. CELLULOSIC is a true measured 0, not an absence of looking: 41 styles contain rayon/viscose/modal/lyocell but it is always the second fibre (67% Cotton 30% Modal; 55% Linen 45% Rayon; 59% Cotton 30% Lyocell), never the majority. Zero cross-class ties anywhere in the catalogue. SPANDEX: 240/171 counts elastane|spandex|lycra in the stated composition. A further 10 styles say '3% Stretch', '7% Stretch' or '3% Comfort Stretch' with no fibre named - counting those as elastane gives 250/171. SHAPE split: excluding Swimwear (20, all synthetic) and Underwear (11), the range is 221 natural / 167 synthetic / 0 cellulosic of 428, and the halves are category-clean - T-Shirts 81N/7S, Sportshirts 58N/38S, Pants 18N/11S, Neckwear 6N/0S against Polo Shirts 13N/47S, Shorts 10N/24S, Outerwear 2N/15S, Pullover 6N/9S, Hoodie 1N/3S. Belt is synthetic-led on only 2 stated of 4 and is the weakest member of the synthetic list. EXTRACTOR: scoped to the PDP .product__accordions-block that states a composition, after rejecting the sunglasses' '100% UV protection blocks UVA and UVB rays' - real page furniture that a loose parser counts as a composition - and the marketing line '100% cotton styles to technical performance' that appears on every PDP. One genuine page error: shipwatch-stripe-coastal-breeze-performance-polo states 85% Softcool Nylon + 8% Spandex = 93%. Denominator includes 1 women's tee, 1 youth outerwear, a gift card and a cologne that the collection carries. || RESTATED 14 Sep on the rev3 rulings. Ruling 2: no change - Southern Tide states one composition per style with no part labels, so 240/171 was already main-line. Ruling 3: the 10 styles reading '3% Stretch', '7% Stretch' or '3% Comfort Stretch' with no fibre named are added to spandex_styles only - 240 + 10 = 250 - and NOT to spandex_high_styles, which stays 171 (the '7% Stretch' style included: a named stretch never enters the high count whatever number is attached to the word). Ruling 1 never fires: zero cross-class ties in the catalogue. Ruling 5: 459 records are already style-level with colour as a variant."
Rhoback,148,137,14,78,0,79,72,one,[],[],product_code,2773/148,none,absent,complete,https://rhoback.myshopify.com/products.json?limit=250&page=1,"RESTATED UNDER RULING 7. The 481 U-prefix listings are the Ready Collegiate hoodie and crewneck programme and are clothing, so they count as men's now. Re-measured 2026-09-14: rhoback.com is headless and /products.json 404s on the public host, but rhoback.myshopify.com serves the feed to a same-origin-permitted fetch from rhoback.com - 3775 records today (3777 in the earlier pass), gender from the SKU prefix letter: M 2289, W 724, U 481, T 140, D 91, Y 49, C 1. THE 31 U STEMS MEASURED: UASC0001, UASC0002, UBEA0001, UCBG0001, UCBH0001, UCBH0002, UCCW0001 (192 listings), UCCW0002, UCHO0001 (198 listings), UCHO0002, UCJO0001, UCSC0001, UDFL0001, UFSJ0001, UGHC0001-0004, UGTC0001, UHSC0001, ULBE0001, UMLH0001, UPPH0001/0003/0004, URRH0001/0002, USPH0001, USRH0001, UVIS0001/0002. UGTC0001 is an e-gift card and is REMOVED as not a product, on the same footing as the single '?'-prefix custom-embroidery-fee record the men's row already excluded, so the unisex block contributes 30 styles / 480 listings, not 31/481. Of those 30: natural 15 (the Ready Collegiate crewneck, hoodie and sweatpant are all 66% cotton / 34% polyester; the Stratus Performance pieces are 77% cotton, 13% nylon, 8% polyester, 2% elastane; plus cotton rope hats, visors and the canvas tote), synthetic 8 (Homecourt duffle and Summit Fleece Shirt Jacket 100% polyester, the Lodge Beanie at 30% merino / 70% acrylic, four 100% polyester performance hats, one 100% nylon hat), cellulosic 0, no composition 7 (Everyday Beanie states only '100% recycled fabric' which names no fibre, two Classic Hats state only 'garment-washed cotton twill' as prose, four Seamus x Rhoback golf headcovers state nothing). Spandex on the unisex block: 4 styles at 2% on the main line, 0 at >=5%. RULING 5 was applied to the collegiate programme as instructed and it is doing heavy lifting: UCCW0001 is 192 per-school logo listings under one SKU stem and UCHO0001 is 198, so 480 listings collapse to 30 styles. COMBINED ROW = 118 recorded men's styles + 30 unisex = 148 styles / 2773 listings; with composition 114 + 23 = 137; natural 6 + 15 = 21, synthetic 108 + 8 = 116, cellulosic 0, no composition 4 + 7 = 11 -> 14/78/0/8. Spandex 75 + 4 = 79 main-line, 72 + 0 = 72 at >=5%. The unisex block is the first natural-led thing in this house: it takes natural from 5% to 14% and drops synthetic from 92% to 78%, because collegiate fleece is cotton-rich while the men's performance range is not. product_type at Rhoback is per-garment (57 types across 118 men's styles), so no category reaches five stated compositions and both JSON lists stay empty; synthetic still leads or ties every category, so shape stays one. My own body_html-only re-read of the men's tree gives 117 styles / 108 with composition against the recorded 118/114 - the recorded figures are kept because that pass recovered five compositions from PDPs that body_html does not carry (MFHH0001/0002 Fulton Hybrid Half-Zip). || RESTATED 14 Sep under ruling 7 (unisex counts as men's); previous styles_total 118."
Criquet,50,44,60,28,0,18,12,split,"[""Polos"",""Accessories""]","[""Shirts"",""Players Shirts"",""Bottoms""]",title_dedup,734/50,none,1.0,complete,https://criquetshirts.com/products.json?limit=250&page=1,"Census 2026-09-13. Standard Shopify storefront; /products.json?limit=250 paged to page 3, which returned 249 (<250) and stopped: 749 records. THE GIVEN feed 1261 IS STALE - the live feed is 749. Shopify.currency = {active:""USD"", rate:""1.0""}. Vendor split: Criquet Custom 617, Criquet 117, Talisman & Co. 15. The 15 Talisman & Co. records are another maker's goods stocked under Criquet's own store (the vendor-is-not-the-boundary case, here the vendor field happens to name them) and were REMOVED, leaving 734 listings. No women's line exists in the feed - zero women/ladies tags and zero women's titles - so no gender removal was needed; the 617 Criquet Custom records are collegiate and MLS logo versions of the men's base garments. Style: the SKU does NOT give a usable numeric stem here (Criquet-own is M-SLS67-KB-S where the digits are the colourway, and collegiate is CLG-TAM-LW362-MO-1-S where LW covers two different cloths - Corduroy Pearl Snap AND Double Cloth Flannel Pearl Snap). So style_method is title_dedup: the garment name is taken as the last dash-separated segment of the title containing a garment word, apostrophes and degree signs normalised. 734 listings -> 50 styles, ratio 734/50 = 14.7, which is entirely the logo programme (Coach's Players Shirt alone is 211 listings, Coach's Range Polo 124, Retro Coach's Players Shirt 106, Range Polo 73, Corduroy Pearl Snap 44). Validation of that de-dup: 50 garment names produce 54 distinct (garment, composition) pairs - i.e. the collapse is almost exactly one cloth per garment name. Only 3 names carry two cloths (Coach's brrr Long Sleeve Range Polo, Coach's Long Sleeve Range Polo, Coach's Players Shirt); for those the MAJORITY composition across the style's listings was taken, and the minority variant is 1-6 listings in each case. Composition from body_html. A first pass caught prose paragraphs (""made from super-soft, 100% cotton corduroy (not the stiff stuff you remember)"") as compositions; the accepted line must be <=140 chars and its percentages must sum to 95-105, which removes them. 0 of 44 first-chains fall outside 99-101. Counts: natural 30, synthetic 14, cellulosic 0, none 6. The 6 without a composition are Sport Range Polo, Throwback Hat, Trucker Hat, The Bucket Hat Ball Mark, The 86 Players Shirt Ball Mark and the Criquet x Kanga Pouch - headwear, ball markers and a pouch. 44/50 = 88% stated, well above the 60% partial line. Cellulosic is 0 as a MAIN fibre but is present: Chill-Knit Twill Pearl Snap is 57% polyester / 28% cotton / 10% Tencel / 5% spandex and the two brrr Range Polos are 48% polyester / 31% cotton / 21% modal. 1 exact tie: Coach's Long Sleeve Range Polo at 50% Cotton / 50% Polyester jacquard, resolved first-listed = cotton = natural. THE OTHER RESOLUTION MATTERS HERE: it gives natural 29 / synthetic 15, i.e. 58/30/0/12 instead of 60/28/0/12. SPANDEX: 18 of 50 main lines, 12 of those at >=5%. The anywhere-in-the-string reading is identical (18/12) - every Criquet composition is a single line, and no style has a second labelled part carrying spandex. Heaviest is the Coach's Range Polo at 78% recycled polyester / 22% spandex. shape=split, and this is the one genuinely two-halves house of the five: a natural woven half (Shirts 15 natural of 17, Players Shirts 9 of 13, Bottoms 3 of 4 - pearl snaps in 100% cotton corduroy, 100% pima cotton pique) against a synthetic performance half (Polos 5 synthetic of 9, plus Accessories 2 of 3). BY LISTINGS the halves reverse: the three synthetic performance styles (Coach's Players Shirt 62/31/7, Coach's Range Polo 78/22, Range Polo 62/31/7) are 404 of the 734 listings - so the style-count answer and the shelf-space answer disagree, and this row carries the style-count answer as the spec requires."
Taylor Stitch,120,119,97,2,0,4,1,one,[],[],title_dedup,363/120,none,1.0,complete,https://www.taylorstitch.com/products.json?limit=250&page=1,"Census 2026-09-13. Standard Shopify; /products.json?limit=250 paged to page 16, last page short: 3808 records. THE GIVEN feed 2781 IS STALE. Shopify.currency = {active:""USD"", rate:""1.0""}. ARCHIVE DECISION (asked for explicitly): 3463 of 3808 records carry the ARCHIVE tag and 3396 of 3808 have no purchasable variant. I took the CURRENT RANGE = records with at least one available variant: 412 available, of which 381 are tagged MENS and 31 are ""Spacer - ..."" merchandising placeholders of product_type General (not products; removed). I did NOT use the ARCHIVE tag as the boundary, because 73 of the 381 available men's records are ARCHIVE-tagged final-sale stock you can still buy, and 3396 non-available records would otherwise be counted as range. Alternate denominators considered and rejected: non-ARCHIVE men's regardless of stock = 316 listings / 111 style names; whole men's feed including archive = 3158 listings / 767 style names - the last would make this row a ten-year archaeology of the house rather than its range. Women's in the raw feed is negligible (12 records carry a women/WOMENS tag; 24 Dresses sit in the archive) - removal was immaterial, unlike the Vineyard Vines case. Style = title before "" in "" (""The Jack in Timber Houndstooth"" -> ""The Jack""), i.e. title_dedup: 381 listings -> 135 names. 15 of those names are non-apparel hard goods (4 pin/patch sets, 3 pencils, a tumbler, a valet tray, a lighter sleeve, a pen, a candle, a gift card, a Spacer, and The Legend which is sunglasses) and were removed as not clothing, leaving 120 styles over 363 listings, ratio 363/120 = 3.0. CAVEAT ON THIS DE-DUP: Taylor Stitch reissues one style in many cloths, so a title collapse can hide fibre variety - 27 of the 120 styles carry more than one distinct composition across their colourways (The Jack alone is 33 listings). For each, the MAJORITY composition was taken. Style+cloth as the unit would give roughly 150 rows and would move natural down by at most a point or two; every multi-cloth style I inspected was natural in every cloth. Composition from body_html, one line per fabric (""13-oz. 100% organic cotton moleskin twill."" / ""6-oz. 100% organic cotton map pocketing."" - first line taken, pocketing is a second part). 119 of 120 state one = 99.2%. 0 of 119 first-chains fall outside 99-101. Counts: natural 116, synthetic 3, cellulosic 0, none 1. Exact shares 96.67/2.50/0.00/0.83, integerised by largest remainder to 97/2/0/1. The 3 synthetic are The 6-Panel Trucker Cap (100% polyester mesh), The Port Jacket (60% acrylic / 20% polyester / 20% recycled nylon) and The Pack Pullover (100% recycled polyester grid fleece). The 1 with no composition is The Moto Jacket - it is stated qualitatively as ""chrome-tanned, drum-dyed 3.5-oz. full-grain steerhide"", no percentage. It is unambiguously leather and therefore natural, but it is carried as no-composition to stay consistent with the Arc'teryx precedent of counting qualitative-only garments as unstated. Counting it natural gives 117/3/0/0 = 98/2/0/0. CELLULOSIC IS 0 BUT NOT ABSENT, and the brief's expectation of real cellulosic does not survive the percentages: The Gulf Shirt is 60% cotton / 40% lyocell and The Short Sleeve California is 55% hemp / 45% Tencel - in both the cellulosic is the SECOND fibre, so neither counts. Those are the only two lyocell/Tencel styles in the current men's range. The ""Sea Wool"" / recycled blends flagged in the brief are in the range but are cotton-led: 7 styles are organic-cotton/recycled-nylon twills (72/28 Shore Jacket and Deck Tote, 74/26 Squall Anorak, etc.), all natural on the first-listed-highest rule. Natural here includes cotton (overwhelmingly organic), wool, hemp, linen, silk and cowhide/steerhide leather (belts). ""cowhide"" had to be added to the natural vocabulary by hand - it was the only unclassified main descriptor; the other unclassified string is Taylor Stitch's own ""20% Unknown reclaimed fibers"" behind 80% wool in The Gibson Jacket. 0 ties. SPANDEX: 4 of 120 main lines (Scout Short 97/3, Hawthorne Shirt 95/4/1, Camp Sock 85/12/3, Waffle Sock 85/10/5), only 1 at >=5%. Anywhere-in-the-string on the same record is also 4 and 1; sweeping every colourway of every style adds one more (Breakwater Pant, whose 100% organic cotton ripstop main cloth has a stretch sibling) for 5 and 1. shape=one: natural leads every category - Tees & Sweaters 30/30, Shirts & Button Downs 25/25, Bottoms 25/25, Outerwear 21/24, Accessories 14/15."
Outerknown,128,122,79,16,0,12,10,one,[],[],product_code,347/128,none,1.0,complete,https://outerknown.com/products.json?limit=250&page=1,"Census 2026-09-13. Standard Shopify; /products.json?limit=250 paged to page 4, last page short: 967 records. 426 of those are Recurate second-hand RESALE records (tag ""used"" / handle suffix -resale) - removed as not the current range; that leaves 541 live records, which reproduces the given feed 541 EXACTLY. Gender: tag gender:mens 344, gender:womens 196, no gender tag 17. Three of the 17 carry the tag ""fc:Label: Men'S Apparel"" (two Hooded Blanket Shirts and a Field Pant) and were added back, giving 347 men's listings; the rest are women's, a gift card, a tote, deodorant and a shared sweater. Style = leading numeric SKU stem (1240020 from 1240020-BNG-XX-XS). 347 listings -> 128 styles, ratio 347/128 = 2.7. The stem also correctly collapses the ""- FINAL SALE"" and ""- SALE"" duplicate records: 31 stems carry two or three title variants of the same garment. Composition is NOT in body_html (only 94 of 344 men's records show a percentage there) - it is in the PDP in h5.product-info__how-where-title blocks, one fibre per block, in listing order. Read via the section-render route /products/<handle>?section_id=template--28723843596472__main (716KB instead of the 4MB full page) with a full-page fallback; 347 of 347 fetched, 0 errors. This is the payload-before-DOM class: read from body_html this house would have scored 27% stated instead of 95%. PARSER TRAP, real and in the house's own data: three records encode a two-fibre split as one mangled block - ""94I6% NetPlus Recycled Fishing Nets"", ""90I10% NetPlus Recycled Fishing Nets"" followed by a bare ""Spandex"" block, ""75I20% Recycled Cotton"" followed by a bare ""Cotton"". Normalising the pipe-like separator and pushing the trailing percentages onto the following unnumbered blocks recovers 3 more styles (118 -> 121 before the gender add-backs). Labelled sections (""Self:"", ""Rib:"", ""Shell:"", ""Fill:"") start a new chain, and the FIRST chain is taken, so the Outerknown Puffer reads Shell 100% NetPlus (synthetic) not Fill 100% recycled down. Counts: natural 101, synthetic 21, cellulosic 0, none 6. 122 of 128 stated = 95.3%. The 6 unstated are Otis eyewear, the Woolaroo Hoodie, two artist-collab tees and two hats. 10 first-chains sum to LESS than 99 and this is the house under-stating, not a parse failure: e.g. Horizon Sweater states only ""63% Wool / 17% Alpaca"" (80%), Syrkadian Pant only ""58% NetPlus"" - the balance fibre simply has no block on the page. Each of the 10 leaders is >=50% so no verdict turns on the missing balance. Two of them (All-Terrain Pant, All-Terrain Shorts) name spandex in prose for the missing 6% and were counted as spandex by hand. CELLULOSIC IS FLATLY ZERO, and the brief is wrong about this brand: not one of the 347 men's records contains rayon, viscose, modal, lyocell, TENCEL, cupro or acetate anywhere in its composition, let alone as the main fibre. (That is also the Balenciaga-shopping-bag check run in the other direction - the string genuinely never appears.) Natural here is organic and recycled cotton, hemp, wool/recycled wool, alpaca, linen and recycled down. Synthetic is dominated by NetPlus recycled nylon (recycled fishing nets) and recycled polyester. 0 ties. SPANDEX: 12 of 128 main lines carry it, 10 of those at >=5%. Anywhere in the string it is 18 and 10 - the extra 6 (Sur Hoodie, Sur Easy Sweats, Hightide Pant, Traveler Straight Jean, Seventyseven Cord Utility Shorts, Seventyseven Cord Pull Ons) carry spandex only in a rib or second part, all at 2-3%, which is why the high count does not move. shape=one: natural leads almost everywhere - Tees 21/23, Woven Shirts 17/17, Non-Denim Bottoms 12/17, Headwear 9/14, Sweaters 9/9, Loungewear Tops 10/10, Denim 8/8, Outerwear 4/7. Synthetic leads only Active Tops 4/4 and the swim categories (Swim Bottoms 5/5, Swim Tops 1/1), and swim is excluded from the split verdict, so this is a one-cloth natural house with a small performance corner, not two halves."
Patagonia,518,515,32,67,0,100,67,split,"[""Bottoms"",""Jackets & Vests"",""Hats & Accessories"",""Fleece"",""Bags & Luggage"",""Boardshorts & Rashguards"",""Waders"",""Snow"",""Baselayers"",""Sweatshirts & Hoodies""]","[""Tops"",""Wetsuits"",""Socks""]",product_code,2102/518,none,not shopify,complete,https://www.patagonia.com/shop/mens,"Census 2026-09-13. Grid /shop/mens?start=N&sz=100 paged to 600: 562 .product-tile nodes (= the storefront counter exactly), 537 distinct base pids, 518 numeric. The 19 non-numeric are 10 Hestra + 8 Farm to Feet + 1 book (BK920) - so 562 = 518 + 25 duplicate colourway tiles + 19 third-party/book, confirming the given reconciliation. All 518 PDPs read, 0 errors. 3 state no composition (79385 Wild Idea Work Boots, 81660 Wader Repair Kit, 81755 Grip Studs kit) - reproduces the given 3. Counts: synthetic-main 350, natural 164, cellulosic 1 (52553 Tidal Threads, 100% TENCEL lyocell), none 3. Minor variance from the given 349: the class-sum rule also returns 350 here, and the category table matches last week's except Bottoms 102 vs 103, so this is one product of catalogue churn, not a rule difference. Natural includes Yulex natural rubber (all 17 wetsuits), cotton/hemp/wool/down/leather. SENSITIVITY: 11 styles are 50% recycled cotton / 50% recycled polyester tees; resolved to the first-listed fibre (natural) as on Arc'teryx - resolving them the other way gives 361 synthetic / 153 natural and flips Tops to synthetic-led. Spandex: 166 styles contain elastane/spandex/Lycra anywhere, 116 at >=5%; main-fabric line only, 100 and 67. XLANCE (elastolefin, 3 styles at 11-18%) excluded from the spandex count; including it gives 168/118. shape=split: a synthetic technical half (Jackets & Vests 78/94, Fleece 42/53, Bottoms 67/102, Bags 17/17, Snow 9/9, Baselayers 7/7) against a cotton/hemp half concentrated in Tops, the largest category, which is natural-led 58/115, plus 17 natural-rubber wetsuits; swim and underwear excluded from that verdict. PARSER, validated by hand: the composition is NOT camel-joined if you scope to [data-pdp-accordion-materials] and read li.pdp__content-feature as h3 label + p description; the bluesign/Fair Trade lines carry no percentage at all, so the 27-of-119 false-negative trap cannot fire - 90 real composition lines do contain certification words (Regenerative Organic Certified, OceanCycle) and are kept. Body chosen by label priority Body/Main body > Shell/H2No Standard shell > Exterior > Face > Upper > crown-and-bill > unlabelled; only the first slash-joined percentage chain is taken, stopping at a break marker whose tail contains another percentage (or/lined with/bonded to/;). All 955 parsed chains sum to exactly 100%; the only unclassified descriptor is Patagonia's own ""other fiber"" (8 occurrences, all at 4%). Site facts confirmed: credentials:'include' is required, and a same-origin hidden iframe resets the page-session volume limiter - 518 PDPs at concurrency 3 in ~45s with 0 failures and no reset needed. colourway_ratio counted from PDP swatches (grid swatches undercount at 1721). || RESTATED 14 Sep on the rev3 rulings. Ruling 2 (main fabric line only): spandex 166/116 -> 100/67. Ruling 1: the 11 50/50 recycled cotton/recycled polyester tees stay natural on first-listed; the other resolution gives 361 synthetic / 153 natural and flips Tops. Ruling 5: no change, the 518 are distinct numeric base pids, men's listing only. Percentages recomputed by largest remainder on 164 natural / 350 synthetic / 1 cellulosic / 3 none of 518 - synthetic reads 67, not 68, because 350/518 = 67.57 loses the remainder to natural at 31.66 and the 3 no-composition styles at 0.58. RULING 4 NOT YET APPLIED - THIS PAIR IS THE ONE OPEN ITEM IN THE BATCH. Three styles carry XLANCE elastolefin at 11-18% and were excluded from the original count; on the ANYWHERE basis including them gives 168/118 (+2/+2), but whether each sits on its own main fabric line, and whether it was already inside the main-line 100/67 via ordinary elastane, was not established. The restated pair is therefore 100/67 to 103/70 and the cell carries the floor. A re-check on 13 Sep reproduced the grid census exactly (562 tiles = 518 numeric + 25 duplicate colourway tiles + 19 non-numeric) but the PDP phase was cut off: patagonia.com answers 404 on everything under /shop/ and /product/ after roughly 70 catalogue requests, and the block did not lift in 25 minutes, so the three styles were never identified. Correction to the earlier note while there: the 19 non-numeric are 18 Hestra O* pids plus the book BK920, not 10 Hestra + 8 Farm to Feet; the 19 total is unchanged."
Finisterre,113,108,70,26,0,14,11,split,"[""Jackets"", ""Wetsuits & Swimwear""]","[""T-Shirts"", ""Knitwear"", ""Shirts""]",title_dedup,254/113,none,1.38605,complete,"https://finisterre.com/products.json?limit=250&page=1 (3 pages, 678 records) + PDP Materials block e.g. https://finisterre.com/en-us/products/mens-wool-tolcarne-gansey-jumper-navy","Men's = brand's own product_type prefix (256 listings); 232 women's and 190 ungendered/non-clothing (repair, socks, beanies, bags, gear) excluded. Removed 2 records mis-filed under Men's: Women's Kittiwake Insulated Jacket and Kids Phoenix 4/3 Back Zip (ruling 5). Every feed record is ONE colourway (Colour option always has 1 value, colour is in the handle), so 254 listings collapse to 113 styles on title. Ties: 0 - no first composition had two fibres at the joint maximum, so the other tie resolution gives identical numbers. Spandex 14/11 on the main fabric line; 18/14 on the looser anywhere-in-string reading (extra 4 are rib and trim, e.g. 'Rib: 98% Organic Cotton, 2% Elastane'). Elastane on main line (n=14): 4,4,4,8,8,11,11,12,12,13,13,13,13,13 - the 11-13% band is wetsuit/swim and laminated shell, not comfort stretch. Named stretch with no percentage: 0. Cellulosic is 0 not just as main fibre but ANYWHERE in any composition line - there is no TENCEL/viscose/modal in the men's range, contrary to the brief's expectation. Sum rule caught 3 parse failures: an asterisk in '80% Wool*, 20% Recycled Wool', a trailing full stop in 'Outer Fabric: Laminated with 87% Recycled Polyester, 13% Recycled Elastane.' (4 rows), and the brand's own misspelling 'Elastine'. 2 rows sum to 96 in the brand's own string ('48% Recycled Wool, 44% Recycled Polyester, 4% Other Fibres') - not a parse failure, wool leads either way. 5 styles have no composition: they are feed records that 404 on every locale path (delisted). shape=split is the category boundary not a 50/50 balance: Jackets (14 of 20) and Wetsuits (7 of 8) are synthetic-led while knitwear, shirting, tees, sweats, trousers and base layers are almost purely natural; overall it is still 70/26 natural."
Rodd & Gunn,269,257,93,2,0,42,3,one,[],"[""clothing/shirts"", ""clothing/jackets-coats"", ""clothing/sweaters""]",product_code,725/269,"6 market sitemap indexes (au, nz, us, uk, ca, eu) -> /us/ only",not shopify,complete,https://www.roddandgunn.com/us/sitemap_0-product.xml,"Measured 13 Sep 2026 from roddandgunn.com/us product pages. MARKET/CURRENCY: this is a New Zealand house but the feed read here is the US market - SFCC site id Sites-rodd-us-Site, locale en_US, priceCurrency USD, prices in $US. robots.txt lists six market sitemap indexes (au, nz, us, uk, ca, eu) and PDPs carry hreflang for /ca/fr/ and /eu/fr/; the same 006358-06 product resolves in nz, au and uk too, so the catalogue is one range sold six ways. Only /us/ was censused. (Aside: the page's own analytics beacon reports pcc=AUD and tz=Australia/Sydney - that is the reading browser's geo, not the feed's currency.) THE PRIOR 'STATES NO COMPOSITION ON 94%' FINDING IS WRONG, and so is the payload advice. There is no c_materialComposition and no JSON payload: composition is plain server-rendered HTML in the li list of div.product-details, under the collapsed 'Designer Notes' accordion, e.g. 'Woven in Italy - 75% Virgin Wool, 20% Recycled Polyamide, 5% Cashmere'. It never enters document.body.innerText because the accordion is display:none. 257 of 269 clothing styles state one - 95.5%, not 6%. TWO SELECTOR TRAPS: (1) the class product-designer-note is on several accordion groups including Size & Fit, so querySelector('.product-designer-note') returns the size chart on most pages and yields 13 hits instead of 265 - query '.product-details li' instead; (2) a whole-page percent regex picks up hreflang URLs (v%C3%AAtements, m%C3%BCtzen) and 'Up to 50% off' banners, and on some pages a 'Add to cart + Quick Shop ... $58.00' recommendation strip. CENSUS: /us/sitemap_0-product.xml holds 792 URLs, 309 distinct numeric stems (colour is a suffix: 000793-04 ... 000793-19, 21 colours on one sweatshirt). Ruling 5 collapse on the stem. SCOPE: row covers clothing plus worn textile accessories (hats, socks, belts, scarves and gloves) = 269 stems over 725 listings, ratio 2.70. Excluded: footwear (boots 10, sneakers 10, shoes 5, sandals 2 - all 27 state no composition), luggage 5, wallets 4, soft goods 2, one leather-care product and one gift bundle. ALTERNATE DENOMINATOR: on all 309 stems it is 264 with composition, 256 natural, 6 synthetic, 1 cellulosic - i.e. 83/2/0 with 15% stating none, the difference being almost entirely footwear. SUM CHECK: 0 of 257 fail the 100 +/-1 test, but only after the parser was changed - R&G separates fibres with SPACES as often as commas ('98% Cotton 2% Elastane'), and a comma-splitting parser drops every fibre after the first, which showed up as 30 rows summing to 50-98. TIES: 4, resolved first-listed (ruling 1). The other resolution reads 2 natural and 2 cellulosic, i.e. natural would be 249 and cellulosic 3 - 93/2/1 instead of 93/2/0. The 4 are 50/50 lyocell-merino and linen-cotton blends. SPANDEX: main-fabric-line 42 styles, only 3 at >=5%; R&G's stretch is 1-3% elastane in shirting and denim. 'Anywhere in the composition' is IDENTICAL at 42/3 - the lining lines (100% polyester taffeta, 100% recycled sewing thread) carry no elastane. A whole-bullet-block reading gives 73 because 'stretch' appears as a prose benefit; that is not composition. No named-stretch-without-percentage strings. CELLULOSIC is 1 style (a 54% recycled polyester / 46% viscose jacket), rounds to 0. Natural includes cotton, wool, merino, linen, silk, cashmere, down, leather and nubuck. FURNITURE CHECK: 158 distinct composition strings, most common '100% Australian Good Earth Cotton...' at 27/257 (10%). SHAPE 'one': natural leads every category - shirts 85/86, sweaters 24/24, jeans 16/16, polos 20/20, jackets 59/62. Only 5 styles in the whole clothing range are majority-synthetic (3 shorts, 2 shells), so synthetic_categories is []. 12 styles state nothing: all 8 hats, 2 belts, 1 pair of pants, 1 shirt. robots.txt disallows *color=*, /*dwvar*, *Product-Variation* and *com.demandware*; none of those were used - only the sitemap and plain PDP URLs."
Rowan,49,49,96,0,4,6,0,one,[],"[""Woven Shirts"", ""T-Shirts"", ""Jackets""]",handle,49/49,none,1.0,complete,https://forrowan.com/collections/men/products.json?limit=250,"164 records in one page of /products.json, matching the register. The catalogue is mixed: menswear, a womenswear line (Dresses 12, Jumpsuit, Leggings, Tanks) and a 28-record HOMEWARE line (Bowls, Stools, Trays, Plates, Vases, Decor, Coffee and Side Tables, Benches, Bread Board, Candles) - a product_type or collection sweep that does not exclude those lands a nonsense denominator. MEN'S ROW = union of the house's own /collections/men (48 live) and the 'Men' tag (43), because THE COLLECTION AND THE TAG DISAGREE BOTH WAYS: 3 styles are tagged Men but absent from the collection (Odessa Mid-Century Twill Field Jacket, Houston Short Sleeve Poplin Shirt, Duncan Cord Chore Jacket, all three natural-led) and 8 are in the collection without the tag (Midland Henley, Henrick Oxford, Wild Horses Tee, Maxwell Raglan, Lyons Linen Shirt, Zion Corduroy Camp Shirt and two non-garments). Taking either source alone loses real men's styles. Removed the Gift Card and, per ruling 5, one boys' style (Kids Asher Pocket Tee). 51 -> 49 men's styles. COLOURWAY RATIO 1.00 AND IT IS GENUINE: Rowan carries its own style number in a 'Style' product option (e.g. MWTP0022), exactly one value per record, and colour is a Color variant option inside the same record - one record is one style. The single caveat is that style number MWTP0007 is shared by two records, 1955 Abilene Denim Shirt and Abilene Long Sleeve Denim Shirt, which have different handles and different colour sets; collapsing those two gives 48 styles, 46 natural and 2 cellulosic, which is the same 96/0/4 row. COMPOSITION 49 of 49 = 100% in body_html, 0 rows failing sum-to-100, so status is complete without needing a PDP read. LEAD FIBRES cotton 40, supima 4, linen 3, lyocell 1, rayon 1 - natural 47, synthetic 0, cellulosic 2, exact 95.92/0/4.08. NO CATEGORY IS SYNTHETIC-LED, so synthetic_categories is [] by measurement: Woven Shirts 17-0, T-Shirts 12-0, Jackets 10-0, Pants 4-0, Sweats 3-0, Polos 1-0, with the only two cellulosic styles sitting one each in Woven Shirts and Jackets. SPANDEX IS PRESENT BUT SHALLOW: 6 of 49 state elastane and NOT ONE reaches 5% - 1% x1 and 2% x5, comfort stretch in twill and denim only. The ANYWHERE-in-the-string basis is IDENTICAL at 6 / 0; no style states elastane only in a trim or lining. 0 ties, so the tie resolution cannot move this row. Alternate denominator, measured: the house's own /collections/men alone, minus the gift card and the kids tee, is 46 styles reading 44 natural / 2 cellulosic - the same 96/0/4."
Mizzen+Main,122,107,25,60,3,78,61,one,"[""Short Sleeve"", ""Dress Shirt"", ""Polo"", ""Quarter Zip"", ""Chino Pant"", ""Jacket"", ""Vest"", ""Flannel"", ""Hoodie Sweater"", ""5 Pocket Pant"", ""Shorts""]","[""T-Shirt"", ""Blazer"", ""Sweater""]",title_dedup,1252/122,none,absent,complete,https://www.mizzenandmain.com/sitemap.xml (1289 product URLs) + https://www.mizzenandmain.com/_next/data/build-TfctsWXpff2fKS/products/<handle>.json -> pageProps.product.fabricAndCare,"NOT a Shopify storefront in the sense the spec assumes: Shopify CDN assets but a headless Next.js front end, so /products.json is 404 and there is no Shopify.currency.rate to record. Census from the product sitemap instead. 1289 product URLs; 12 unresolvable (8 hard 404s, 4 server errors) and 25 accessories (belt, hats, tie, pocket square, collar stay) removed -> 1252 clothing listings. SKU is unique per colourway (1277 skus / 1277 listings) so the numeric stem does NOT collapse colour here; de-duplicated on title minus colorDescription minus a colour vocabulary built from the feed, then a suffix collapse for logo variants per ruling 5 - 239 collegiate logo variants folded into 20 base styles (ellis oxford <=41, versa short sleeve polo <=62, leeward long sleeve dress shirt <=38, stinger jacket <=37, kpi quarter zip <=11). All merge targets were real model names; no generic target existed, so nothing collapsed wrongly. Ties: 4, all the same string '50% cotton, 50% modal' - first-listed cotton wins. The OTHER resolution (modal) would move 4 styles to cellulosic and give 22/60/6/12 instead of 25/60/3/12. Spandex 78/61 on the main fabric line; 80/63 anywhere in the string (the 2 extra are back-and-sleeve panels). Elastane on main line (n=78) runs 1-22% with a hard mode at 14% (the Leeward/Versa performance knit, 24 styles) and a secondary cluster at 12%; the 1-4% tail is comfort stretch inside cotton and wool tailoring. Median 12. Named stretch with no percentage: 0 on the composition line - 'Stretch Woven Fabric' and 'Stretch for ease of movement' are feature bullets, not fabric content, so they are not counted (ruling 3 reads the composition). Biggest trap here: fabricAndCare is nested Sanity portable text and a shallow flattener silently returned NO composition for the stinger jacket (43 listings) which actually reads 'Front 78% Nylon, 22% Spandex. Back 93% Cotton, 7% Spandex'. A deep walk fixed it. The PDP HTML also carries 6 'Fabric Content' strings from the recommendations carousel - the payload product object is the only safe read. Sum rule also caught the degree sign in '56% Cotton, 39% brrr Nylon, 5% Spandex' and care-block text bleeding into the fabric line. One residual 92% sum ('75% Cotton, 11% Polyester, 6% Elastane', warren overshirt) is the brand's own string. No women's or kids' line exists, so nothing was removed on gender grounds. shape=one: a single performance-knit cloth story with a small natural tailoring capsule (blazers, suits, sweaters, tees), not two halves. || feed_currency_rate normalised to 'absent': no Shopify object - headless Next.js front end; /products.json and /cart.js both 404 and window.Shopify is undefined"
State & Liberty,309,286,9,83,1,251,241,one,"[""Shirt"", ""Polo"", ""SSBD"", ""Classic Fit"", ""Casual Button Down"", ""Sport Shirt"", ""Jacket"", ""Pants"", ""Suit"", ""Shorts"", ""Quarter Zip""]","[""Crewneck"", ""Casual Pant"", ""Custom Overcoat""]",title_dedup,689/309,none,1.0,complete,"https://stateandliberty.com/products.json?limit=250&page=1 (pages 1-4, 778 records) + PDP spec block e.g. https://stateandliberty.com/products/the-kellen-light-blue-mini-patterned","THE SPEC'S CENSUS RULE FAILS HERE: page 1 of /products.json returns 249, not 250. Stopping at 'fewer than 250' would have ended the census at 249 records and missed 529. Pages actually run 249, 250, 250, 29, 0 -> 778 unique products. Page until a page returns ZERO (and de-duplicate on id), not until it returns fewer than the limit. 89 non-clothing records removed (gift card, socks, pocket squares, ties, belts, hats, scarves, collar stays, monogram and 6 OPTIONS_HIDDEN_PRODUCT variant-encoding stubs) -> 689 clothing listings. De-duplicated on the style name: a quoted model name where the title carries one ('""The Kellen"" Light Blue Mini Patterned' -> the kellen), otherwise the text before the final ' - ' ('Athletic Fit Stretch Suit Pants - Deep Olive' -> athletic fit stretch suit pants). 689 listings -> 309 styles. SKU stems do NOT work here: 739 stems for 778 products, so the numeric stem is per-colourway and collapses nothing. The athletic-fit encoding sits in the style name itself, not in a variant, so 110 suit colourways collapse to one 'athletic fit stretch suit' style. Ties: 3, all '47% Cotton / 47% Modal / 6% Spandex' - first-listed cotton wins. The OTHER resolution (modal) would give 8/83/2/7 instead of 9/83/1/7. Spandex 251/241 on the main fabric line; 253/243 anywhere in the string. Elastane on main line (n=251) runs 1-30%, with a very hard mode at 8% (about 180 styles - the core performance dress shirt) and a second cluster at 15% (about 60 styles); 22% and 30% are real high-stretch nylon and polyester knits, not parse errors. Only 10 of 251 sit below 5%. Named stretch with no percentage: 0. Sum rule caught 2 parse failures: a pipe-separated two-part string ('Face: 70% Polyester / 30% Viscose | Back: 67% Polyester / 28% Viscose / 5%Spandex' summed 133 until the first part was taken) and 'Poly' as shorthand for polyester. One composition line per PDP, no recommendations-carousel contamination. 23 styles have no composition, almost all single-listing items. No women's or kids' products exist in the feed. shape=one: a single polyester/nylon-plus-spandex performance cloth across shirting, polos, suiting and outerwear; the only natural pocket is the Crewneck category."
Rhone,529,419,13,64,2,294,227,one,"[""Shorts"",""Pants"",""Midlayers"",""Outerwear"",""Tees & Tanks"",""Accessories"",""Shirts"",""Sweaters"",""Polos""]",[],product_code,3142/529,none (single US storefront; no market/locale paths),1.0,complete,https://rhone.myshopify.com/products.json?limit=250&page=1,"Census 2026-09-14. THE SILENT ZERO IS REAL AND THERE IS A WAY ROUND IT: www.rhone.com/products.json 404s and www.rhone.com/sitemap.xml carries exactly 8 utility URLs (/, /cart, /giftcardbalance, /search, /store-directory, /store-locator, /auth/callback, /pages/favorites) and zero products, so a sitemap census returns 0 from a live store. The front end is Nuxt (robots.txt is nuxt-robots) and the PDP HTML is client-rendered - a same-origin fetch of a PDP returns 992KB whose only percentage string is 'Take 15% off'. BUT window.Shopify is defined on rhone.com and window.Shopify.shop is rhone.myshopify.com, and that origin answers /products.json with CORS headers, so a same-origin fetch() FROM INSIDE rhone.com reads the whole feed. 21 pages x 250 to a zero page = 5247 records, no page-1 repeat. The category crawl was not needed and would have been worse: the Shopify collection mens-view-all returns only 595 records (182 style keys) against the 529 men's styles the feed carries, i.e. the collection is a merchandised subset, not the range. RECORDS ARE COLOURWAYS (handle mens-<style>_<colour>, SKU 200537-201-XS = style 200537 / colour 201 / size) and Rhone's own style key is the tag pair product:<slug> + YGroup_<slug>. YGroup is the right unit, not the SKU stem: 126 men's YGroups carry more than one 6-digit stem (mens-5-5-r-r-trunk has six, one per season) and stem-counting would triple-count a single trunk. MEN'S BOUNDARY: tag gender:m = 3446 records, gender:f = 1786, no gender tag = 15 (of which the mens-* handles were kept). Removed before counting: 25 'Json Master' internal master records (title ends '| Master'), 2 tailoring-fee SKUs, 1 gift-message SKU, and 44 channel-only styles whose titles are bracketed [OFFLINE] / [RETAIL] / [WHOLESALE] / [DO NOT SELL] (9 are exact duplicates of a live style, 35 are archived ones); these are not the consumer range. Result 3459 men's records -> 573 style keys -> 529 after the bracketed removals. No women's or boys' style survives (one 'Boys' Swim Trunk' sits under gender:m and is the only kids' item; it is 1 of 529 and is left in - removing it does not move an integer). COMPOSITION comes from the Shopify body_html 'Fabric & care' block, anchored on 'Made of' / 'Made with' / 'made from' / 'crafted from'; 419 of 529 styles state one = 79.2%, above the 60% line, so status is complete. The 110 silent styles are 36 accessories (bags, bottles, candles, mats, a belt), 12 shorts, 11 pants, 17 tees, 10 outerwear and the rest scattered; 23 of them are stocked third-party goods sold under Rhone's own vendor string (Dagne Dover bags, MiiR and Ringo drinkware, Bellroy, Wolf & Shepherd belt, LBCo candles and sunscreen, Rhone x Stakt mat) - judged by product name, not by the vendor field, per the spec; dropping all 23 gives 506 styles and does not move an integer. COUNTS on 529: natural 68, synthetic 337, cellulosic 14, states no composition 110. Exact shares 12.86 / 63.71 / 2.65 / 20.79; integers by largest remainder = 13 / 64 / 2 / 21. Main fibres: polyester 226, polyamide 111, cotton 54, lyocell 13, wool 9, linen 3, leather 2, rayon 1. Natural includes cotton, wool, linen, leather. TIES: 4. Truman Knit Sport Coat and Waffle Hoodie are 50% cotton / 50% polyester and go natural on first-listed; Spar Jogger V2 and Spar Full Zip Hoodie V2 are 42% polyamide / 42% polyester, synthetic either way. The other resolution gives natural 66 / synthetic 339, i.e. 13/64 stays 12/64 - one integer point moves off natural. PARSER: five chains fail sum-to-100 and every one is Rhone's own text, not the parser: 'Elastrell-P 43% Polyester 57%' (percentages written after the fibre), '64% Polyester, 34% Tencel, 5% Elastane' = 103, '75% Organic Cotton, 50% Polyester Repreve' = 125, '50% Lyocell, 38% Cotton, 2% Elastane' = 90, and '60% Polyamide, 33% Polyester and 7% Ionic Silver' = 93 (silver is a treatment, not a fibre). None changes a verdict. Three text traps had to be handled or the row would have been wrong: (a) '70%, Polyester, 30% Lycra T400' puts a comma between the percent sign and the fibre, which dropped the 70% polyester and made an elastane-led short; (b) '10%Xt2 Polyester' and '73%Pima Cotton 40/1' run the number into the fibre; (c) the 'Fabric & care' block is <br>-separated, so 'Made of 57% | Recycled Polyester, 43% Elastomultiester' splits the chain at the tag boundary and silently reads as a 57% row. FURNITURE: a donation sentence ('rhone will be donating N%') and 'is 100% machine washable' both parse as compositions and are excluded by name; the extractor requires a known fibre word within 60 characters. Elastomultiester / Elasterell-P / T400 are counted SYNTHETIC POLYESTER and NOT elastane, per the Levi's T400 precedent - this is the single most consequential classification on the row, because Rhone's whole Commuter Pro range is 57% polyester / 43% Elasterell-P with no elastane at all. SPANDEX (main fabric line): 257 styles carry elastane/Lycra, 227 of them at >=5%. Anywhere-in-the-string reading: 261 and 231 - the gap is four styles whose elastane is only in a lining or waistband clause. 37 further styles claim a named stretch with no elastane percentage (four-way stretch, Flex-Knit(R), stretch fabric) and are added to spandex_styles per ruling 3 but never to spandex_high_styles: 257+37 = 294. ELASTANE DISTRIBUTION (main line, 257 styles): 2%:12 3%:10 4%:8 5%:27 6%:17 7%:11 8%:19 9%:5 10%:10 11%:17 12%:16 13%:17 14%:20 15%:4 16%:7 17%:3 18%:3 19%:6 20%:1 21%:4 22%:9 23%:1 24%:1 25%:5 27%:2 28%:2 29%:17 30%:1 44%:2. This is not a two-population house like State & Liberty - it is a long flat ramp from 5% to 14% with a second bump at 29% (the Reign/seamless knits) and two styles at 44%. Median is about 11%. SHAPE one: synthetic leads every category with five or more stated compositions - Tees & Tanks 79 (20 natural / 39 synthetic / 3 cellulosic / 17 none), Pants 72 (6/54/1/11), Shorts 72 (5/54/1/12), Midlayers 69 (13/49/0/7), Accessories 67 (2/29/0/36), Outerwear 53 (3/40/0/10), Shirts 27 (4/20), Sweaters 27 (6/20), Polos 24 (4/19). Swim 11 and Underwear 11 are excluded from the verdict. No category is natural-led, so natural_categories is []. ALTERNATE DENOMINATOR: restricting to styles with at least one in-stock variant gives 463 styles, 404 with composition (87.3%), and the same shape. feed_currency_rate: Rhone is Shopify but the Nuxt front end does not expose Shopify.currency.rate; Shopify.currency.active is USD and the myshopify feed prices are USD, so 1.0."
J.Lindeberg,1784,1754,35,57,6,581,385,split,"[""Jersey Tops & Polos"",""Pants"",""Outerwear"",""Sweats & Hoodies"",""Accessories""]","[""Knitwear"",""Shoes"",""Shirts""]",product_code,4041/1784,22 market locales x 8 product sitemaps = 184 product sitemaps of one catalogue -> root .com products.json only,1.0,complete,https://www.jlindeberg.com/products.json?limit=250&page=1,"Census 2026-09-14 from jlindeberg.com's own /products.json, 32 pages x 250 read to a zero page = 7755 records (no page-1 repeat; the short page 32 returns 5 and page 33 returns 0). LOCALE: the register's 14757 is a partial sample and the duplication is real - /sitemap.xml is an index of 254 files covering 22 market locales (de-at, en-at, no-no, en-no, en-gb, da-dk, en-dk, de-ch, en-ch, fr-ch, fr-fr, en-fr, sv-se, en-se, de-de, en-de, en-kr, nl-nl, en-nl, nl-be, fr-be, en-be) plus the root, 8 product sitemaps of ~1000 URLs each per market = 184 product sitemaps of ONE catalogue. Every market serves the same handles; /en-us/products.json and /de/products.json return nothing. The census was taken once at the root (EUR store) and carries no locale duplicates. RECORDS ARE COLOURWAYS: title 'Cara Polo Print / Orchid Bouquet', SKU GWJT16434-Q075-L = style GWJT16434 / colour Q075 / size L, and the brand's own tag stylec_<code> gives the style directly. 7755 records -> 3741 style codes. MEN'S BOUNDARY: gender tags are per-record and a record can carry several. At style level: men-only 2094, women-only 1290, men AND women 229, unisex-only 7, no gender tag 121. The 229 dual-gender styles are 223 accessories (caps, beanies, belts, headbands, scarves, golf towels, driver covers) plus 6 tops - they are equally filed under women, so they are removed on the Carhartt precedent; keeping them would give 2330 styles. THE BIGGER CUT IS EDITORIAL: 310 of the 2094 men-only styles have no stylec_ code, no category tag and no SKU - they are look pages ('Niklas Norgaard's Arrival Fit at The Final Major', 'The Skater', 'Chris' Look', 'Lisa Olsson's seasonal selection'), i.e. outfit editorials published as Shopify products. They were removed. A gender-tag rule alone would have reported 2094 and been 15% editorial. Row = 1784 men's product styles over 4041 colourways. COMPOSITION, PAYLOAD THEN DOM: the fabric_ tag in products.json carries ONLY the lead fibre ('fabric_90% polyester' on a garment that is 90% polyester / 10% spandex), so the tag is useless as a composition and was not used. The full string is server-rendered in the PDP, and the 960KB PDP was avoided by fetching /products/<handle>?section_id=template--29021421928774__main, which returns 110KB and carries the same markup. Composition lives in TWO containers with different meanings: a DIV inside the Materials accordion holding the MAIN FABRIC ONLY, and a UL in the Description accordion holding the part-by-part list ('Padding: 100% Recycled Polyester' / 'Lining: 100% Recycled Polyester' / 'Shell: 72% Wool, 28% Polyamide'). The DIV is the cell; the UL is the anywhere reading. Reading the UL first would have made the Lexon Melton Wool Coat a polyester garment, and 149 styles have a multi-part list. An <li>-only extractor finds composition on 174 of 1784 and would have reported this row as 90% undisclosed; the same extractor on a non-product page returns zero matches (furniture check clean). COUNTS on 1784: natural 615, synthetic 1024, cellulosic 115, states no composition 30. Exact shares 34.47 / 57.40 / 6.45 / 1.68; integers by largest remainder = 35 / 57 / 6 / 2. Coverage 1754/1784 = 98.3%. The 30 silent styles are 18 leather jackets and pants, 6 accessories (ball markers, divot tools, a gift pack), 3 suede overshirts, 2 shoes and 1 knit. Main fibres: polyester 826, cotton 331, wool 169, polyamide 112, viscose 75, leather 63, nylon 62, linen 49, lyocell 19, TENCEL 18, polyurethane 10, polypropylene 8, acrylic 6, bamboo 3, silk 2, cashmere 1. Naia is read as acetate and Refibra as lyocell (both cellulosic); Sorona, Coolmax and polybutylene terephthalate as polyester; Elastodiene as synthetic but NOT as elastane. TIES: 29, of which 20 change the fibre class. The other resolution moves 10 styles natural->synthetic (50% Biodegradable Polyester / 50% Merino Wool, 50% Nylon / 50% Wool) and 10 the other way (50% BCI Cotton / 50% Polyester, 50% Wool / 50% Acrylic, 50% Merino Wool / 50% Recycled Polyester) - the totals are IDENTICAL either way at 615/1024/115. That is a coincidence worth stating, not a sign the ties do not matter. PARSER: after the aliases above, all 1754 chains sum to 100 +/-1 and no unknown fibre descriptor remains. Two text traps: '58% Polyester 37.5(R), 38% Modal' puts a decimal point inside the chain and breaks it (the 37.5 trademark is stripped), and '3% Elastan' is the Swedish spelling and misses an /elastane/ regex - both were fixed and both affect the spandex count. SPANDEX (main fabric line): 581 styles carry elastane, 385 of them at >=5%. Anywhere-in-the-string (main fabric plus the part-by-part list): 590 and 396. No style carries a named stretch without a percentage, so ruling 3 adds nothing. ELASTANE DISTRIBUTION (main line, 581 styles): 1%:20 1.5%:2 2%:73 3%:53 4%:48 5%:50 6%:10 7%:34 8%:19 9%:37 10%:30 11%:9 12%:45 13%:8 14%:34 15%:57 16%:12 18%:5 19%:4 20%:15 21%:7 25%:1 26%:2 29%:2 30%:2 34%:2. Two populations again but shaped differently from State & Liberty: a 1-4% woven-comfort block of 194 styles and a 7-21% knit-performance block of ~250, with the single largest spike at 2% (73) and a second at 15% (57). SHAPE split, and the brand's own concept tag draws the line: concept_g (golf) is 760 styles at 94 natural / 620 synthetic / 41 cellulosic, concept_f (fashion) is 670 styles at 419 natural / 160 synthetic / 68 cellulosic. By category: Jersey Tops & Polos 498 (189 natural / 263 synthetic / 46 cellulosic), Pants 286 (84/194/5/3 none), Accessories 262 (93/152/11/6), Outerwear 241 (28/212/1), Sweats & Hoodies 230 (71/159), Knitwear 118 (71/12/34/1), Tailoring 47 (23/19/4/1), Shirts 44 (26/4/14), Shoes 37 (28/8/0/1), Leather 18 (all none). ALTERNATE DENOMINATOR: keeping the 229 dual-gender accessory styles gives 2013 styles, 1979 with composition, natural 672 / synthetic 1155 / cellulosic 150 / none 36 = 33/58/7/2, spandex 606 main-line (398 at >=5%)."
TravisMathew,1958,1398,35,34,2,512,425,split,"[""Polos"",""Quarter & Half Zips"",""Outerwear"",""Shorts"",""Socks"",""Pants & Joggers""]","[""Tees & Tanks"",""Hats"",""Hoodies & Pullovers""]",product_code,2801/1958,none (single US storefront),1.0,complete,https://www.travismathew.com/products.json?limit=250&page=1,"Census 2026-09-14 from travismathew.com's own /products.json, 11 pages x 250 read to a zero page = 2455 records, which reproduces the 2456 sitemap figure. Shopify, Shopify.currency.rate 1.0, USD. STYLE UNIT: the SKU prefix. A48154_4AGN_S = style A48154 / colour 4AGN / size S, and 2455 records give 2444 distinct stems, so TravisMathew files one record per style and carries colour INSIDE the record as a Color option - 2801 colour values across the 1958 men's records. That is the genuine reason the record-to-style ratio is 1.00 here; colourway_ratio is reported as colourways over styles (2801/1958) rather than the meaningless 1958/1958. MEN'S BOUNDARY: the collection tree is clean and complete. /collections/mens = 1962, the union of 67 womens-* collections = 352, the union of 6 youth/boys collections = 77, and 68 records are in none of the three (golf towels, sunglasses, coolers, blankets, boomboxes, luggage, a gift card) - 1962+352+77+68-4 overlap = 2455 exactly. 4 records are in BOTH mens and womens (unisex) and were removed on the Carhartt precedent; 0 men's records are also youth. Row = 1958. The 68 ungendered hard goods are not in the men's tree and are not counted; adding them gives 2026 styles and moves no integer. COMPOSITION, PAYLOAD ROUTE: the composition is server-rendered as an <li> in the product section, but the full PDP is 1.0-1.2MB. /products/<handle>?section_id=template--21322874388558__main_product_3r37RH returns the same markup at 170-360KB and works for every product, so all 1958 styles were read in about two minutes. Nothing was read from a rendered DOM. COUNTS on 1958: natural 686, synthetic 669, cellulosic 43, states no composition 560. Exact shares 35.04 / 34.17 / 2.20 / 28.60; integers by largest remainder = 35 / 34 / 2 / 29. Coverage 1398/1958 = 71.4%, above the 60% line, so status is complete. THE HOLE WAS CHECKED BEFORE BEING ACCEPTED: it is not a scraper failure and it is not confined to accessories - 152 polos and 134 snapbacks are among the silent ones, and their FULL 1.2MB PDPs contain no percentage either (three were pulled by hand). It is an age effect: the silent set is 375 styles published in 2025 against 180 in 2026 and only 247 of 555 have an in-stock variant, while the stated set is 271 from 2025 against 1132 from 2026 with 1063 of 1403 in stock. TravisMathew stopped backfilling the fabric bullet on legacy styles. Main fibres: cotton 666, polyester 619, acrylic 25, polyamide 18, lyocell 18, leather 14, modal 13, viscose 10, straw 6, nylon 3, polypropylene 2, rayon 1, TENCEL 1, polyurethane 1, unspecified 'Synthetic' 1. Natural includes cotton, leather and straw (6 straw hats, '100% Straw', read as a plant fibre). TIES: 16, every one of them cotton-first - 7 are 48/48 or 48.5/48.5 cotton/viscose or cotton/modal Cloud-fabric styles, 9 are 50% cotton / 50% polyester licensed tees. First-listed makes all 16 natural. The other resolution gives natural 670 / synthetic 678 / cellulosic 50, which flips the row's leading class from natural to synthetic (34/35/3/29 as integers). This is the one row in the batch where the tie ruling decides which fibre leads the house. PARSER: the decisive fix was 'PU Blend' - 70 hats read '63% Cotton / 33% Polyester / 4% PU Blend' and a literal fibre list drops the PU, leaving 82 chains summing to 96-98 and, more importantly, missing 'PU Spandex' on one style. PU/PU Blend is read as polyurethane, PU Spandex as elastane, Lastrile Blend (5 stretch belts) as synthetic but NOT as elastane, 'Stretch Woven' and 'Textile Blend' as cloth names with no fibre. One brand typo survives and was corrected by hand: Featherweight Poolside Paradise Polo states 'Polyester 735 / 22% Cotton / 5% Elastane Blend', a missing percent sign for 73%, which without the fix reads as a cotton-led polo - the same failure class as the Vineyard Vines degree sign. After that, 2 chains fail sum-to-100 and both are TravisMathew's arithmetic ('47% Cotton / 47% Polyester / 4% Elastane Blend' = 98) or a non-fibre token ('59% Synthetic / 41% Textile Blend'). Colour-conditional compositions are live (Legacy Featherweight Jeans states two, one for the black/grey run and one for the indigo run) - the first is taken. SPANDEX (main fabric line): 507 styles carry elastane, 425 of them at >=5%. Anywhere-in-the-string: 508 and 425. 5 further styles state '100% Stretch Woven' (elastic webbing belts) with no fibre and no percentage and are added to spandex_styles per ruling 3 but never to spandex_high_styles: 507+5 = 512. ELASTANE DISTRIBUTION (main line, 507 styles): 1%:2 2%:3 3%:14 4%:63 5%:104 6%:13 7%:104 8%:48 9%:22 10%:90 11%:2 12%:14 13%:5 14%:5 15%:2 16%:5 22%:8 24%:1 28%:2. A twin-peaked distribution with equal modes at 5% and 7% (104 each) and a third peak at 10% (90) - no long tail above 16% except 11 styles. Against State & Liberty's mode at 8% with a second peak at 15%, TravisMathew sits a notch lower and much tighter. SHAPE split, and the halves are the tee wall against the golf wall: Tees & Tanks 417 (386 natural / 8 synthetic / 23 none) and Hoodies & Pullovers 80 (33/7/11 cellulosic/29 none) against Polos 477 (79/246/0/152), Quarter & Half Zips 148 (7/108/2/31), Outerwear 53 (4/40/2/7) and Shorts 46 (3/28/2/13). Hats 388 (113/108/17/150) and Button-Ups 96 (32/31/2/31) are the two categories that split down the middle. Socks 70 (0/18/0/52), Belts 43 (14/5/0/24), Accessories & Hard Goods 16, Footwear 15, Gloves 11 (8 natural, leather), Pants & Joggers 20 (4/9/1/6), Sweaters 3. Boardshorts 49 (0/45) and Underwear 21 (0/0/6/15) are excluded from the split verdict as swim and underwear. ALTERNATE DENOMINATOR: in-stock styles only gives 1310 styles, 1063 with composition = 81.1%."
Malbon,398,308,36,40,1,107,85,split,"[""Outerwear"",""Pants & Sweatpants"",""Shorts"",""Polos"",""Hats""]","[""Tees & Tanks"",""Sweatshirts & Crewnecks"",""Mid Layers & Knits""]",title_dedup,677/398,none,1.0,complete,https://malbon.com/products.json?limit=250&page=1,"Census 2026-09-14 from malbon.com's own /products.json, 5 pages x 250 to a zero page = 1069 records; malbongolf.com redirects here. Shopify, Shopify.currency.rate 1.0. The collection /collections/all returns the same 1069, which confirms the feed is the whole catalogue. RECORDS ARE COLOURWAYS: every record carries exactly one Color option value (1069 records, 1069 colour values), and 182 titles repeat - FAIRWAY POLO is ten records, CLUBHOUSE SWEATPANT nine, each a separate colour with its own handle (fairway-polo-olivine, fairway-polo-ivory...). Styles are therefore title_dedup: 677 men's records collapse to 398 styles. MEN'S BOUNDARY: Malbon has no mens catch-all collection (mens-all and mens 404) and the union of its 22 men's seasonal collections recovers only 623 of the catalogue, missing 111 records including 15 jackets, 10 polos, 8 pants, 8 shorts and 8 tees that sit in no seasonal collection. The men's set is therefore taken by subtraction: 1069 less the union of 56 womens-* collections (358 records, anchored on womens-all = 338) less the union of 7 youth/girl collections (28) less 6 non-products (5 'Digital' event registrations - Arroyo Royale Player Registration, Turnberry Classic, Angeles Open, Shackamalbon - and 1 Hiroquest trading card) = 677. 51 records are in both a men's and a women's collection (headcovers, hats, socks, golf bags, towels, home goods, 3 slides) and go out with the women's set on the Carhartt precedent; keeping them would give about 728 records. No women's-only product type survives the cut: 0 dresses, 0 skirts, 0 sports bras, 0 titles containing 'women'. COMPOSITION is in the Shopify body_html, labelled 'Fabrication:' on 455 of the men's records, with a long tail of 'Shell:', 'Body:', 'Upper:', 'Material:', 'Crafted from', 'Made of', 'Cut from' and bare unlabelled lines - the Balenciaga label-variation failure, live again. 308 of 398 styles state a composition = 77.4%, above the 60% line, so status is complete. The PDP adds nothing: three no-composition hats and a glove were pulled in full and their pages carry the same body copy. TWO EXTRACTION TRAPS FIRED HERE AND BOTH WOULD HAVE PRODUCED A CONFIDENT WRONG NUMBER. (1) Malbon's Anthony Kim capsule is literally called 'AK 1%' - six styles (AK 1% BERMUDA TEE, AK 1% NEW ERA 9FORTY SNAPBACK, AK 1% PERFORATED QUARTER ZIP, AK 1% RANGE SWEATSHIRT, AK 1% PANELED PERFORMANCE PIQUE POLO, AK 1% LOGO WINDSHIRT) parsed as a 1% composition off the product name, and a putter description reads '30% lighter than traditional'. The extractor now refuses any percentage whose following token is not a known fibre. (2) 'ADIDAS ULTIMATE 365 MELTAWAY SHORT' states '84% polyester (100% recycled), 16% elastane' - the parenthetical recycled-content claim makes the chain sum to 200 and drops the elastane; parentheticals are stripped. COUNTS on 398: natural 143, synthetic 159, cellulosic 6, states no composition 90. Exact shares 35.93 / 39.95 / 1.51 / 22.61; integers by largest remainder = 36 / 40 / 1 / 23. Main fibres: cotton 118, polyester 84, nylon 65, leather 20, polyamide 8, viscose 4, wool 4, cashmere 1, Lycra 1, rayon 1, TENCEL 1, polyurethane 1. Natural includes cotton, wool, cashmere, leather. THE 90 SILENT STYLES ARE MOSTLY A CLOTH NAMED WITHOUT A FIBRE: 52 of them say 'Fabrication: 100% twill', 'Material: cotton twill', 'cotton canvas' or 'denim' with no percentage-to-fibre pair, which is held as no composition on the Banana Republic precedent (reading those qualitative statements as stated would move roughly 40 into natural and give natural about 46%). The rest are 24 golf hard goods (ball markers, balls, clubs, tees, a rangefinder bag), 19 headcovers, shoes, gloves and bags. TIES: 2. BETTINARDI CASHMERE SOCK is '28% cashmere 31% wool 31% nylon' - the maximum is tied between wool and nylon and first-listed makes it natural; KNICKS THE GARDEN VARSITY JACKET is 50% Wool / 50% Polyester, natural on first-listed. The other resolution gives natural 141 / synthetic 161 = 35/40/2/23, so one integer point moves from natural to cellulosic rounding. PARSER: after the two fixes above, every chain sums to 100 +/-1 and no unknown fibre descriptor remains. SPANDEX (main fabric line): 97 styles carry elastane/spandex/Lycra, 85 of them at >=5%. Anywhere-in-the-string: 107 and 94. 10 further styles claim a named stretch with no elastane percentage (STUDIO SEOUL RAIN JACKET / RAIN PANT / CARGO PANT / STITCH-POINT WINDSHIRT, MRC PADDED VEST, KNICKS UPTOWN KNIT POLO 'natural stretch', and four adidas ULTIMATE 365 pieces) and are added to spandex_styles per ruling 3 but never to spandex_high_styles: 97+10 = 107. Two 'stretch' mentions were refused as trim or non-apparel: NEW ERA 9SEVENTY SNAPBACK's 'stretch-snap closure' (trim, ruling 2) and JBL ENDURANCE ZONE HEADPHONES' 'stretch-resistant earhooks'. ELASTANE DISTRIBUTION (main line, 97 styles): 1%:2 3%:7 4%:3 5%:13 6%:2 7%:6 8%:1 9%:2 10%:10 12%:16 13%:3 14%:2 15%:5 20%:2 22%:1 23%:2 24%:12 25%:2 28%:1 37%:4 51%:1. The mode is 12% and there is a hard second cluster at 24% (the Performance nylon range: 76% nylon / 24% spandex across shorts, pants and a quarter-zip shell) plus a 37% nylon/spandex midlayer block and a 51%-Lycra baselayer tee. Malbon's stretch is far heavier per garment than State & Liberty's, on a third as many garments. SHAPE split: a cotton half - Tees & Tanks 34 (30 natural / 2 synthetic / 2 none), Sweatshirts & Crewnecks 21 (16/3/1 cellulosic/1 none), Mid Layers & Knits 27 (15/11/1), Headcovers 35 (13/3/19 none), Socks 5 (4/0/1), Sleepwear 2 - against a performance half - Outerwear 75 (16/55/0/4), Pants & Sweatpants 31 (8/22/1), Shorts 24 (2/19/0/3), Polos 31 (11/17/3), Hats 49 (12/16/0/21). Golf Hard Goods 31 (3/4/0/24), Bags & Accessories 9, Footwear 7, Gloves 6, Shirts 6 (3/3). Swim 1 is excluded from the verdict. ALTERNATE DENOMINATOR: 7 styles are stocked third-party goods rather than Malbon product - 5 adidas ULTIMATE 365 pieces, a JBL headphone and a Bettinardi XO Skeleton putter (the other Bettinardi entries are Malbon-made collab apparel and stay). Dropping all 7 gives 391 styles, 304 with composition, and moves no integer."
Redvanly,242,216,16,72,1,148,143,one,"[""Polos"",""Hats"",""Shorts"",""Quarter Zips"",""Socks"",""Hoodies & Crews"",""Outerwear"",""Pants & Joggers"",""Tees & Shirts""]","[""Sweaters""]",title_dedup,1025/242,none (single US storefront),1.0,complete,https://www.redvanly.com/products.json?limit=250&page=1,"Census 2026-09-14 from redvanly.com's own /products.json, 5 pages x 250 read to a zero page = 1049 records (250/250/250/250/49/0). Shopify, Shopify.currency.rate 1.0, USD. RECORDS ARE COLOURWAYS: 1033 of 1049 titles are of the form '<Style> in <Colour>' and each record carries one colour, so the style is the title stem. 1049 records -> 260 style stems; after removals the men's row is 242 styles over 1025 colourways. MEN'S BOUNDARY: Redvanly carries no women's range at all - zero records mention women, ladies or girls, and no women's collection exists among the 143 collections. 15 boys' styles (21 records: Boy's Becker Seersucker Pull-On Short, Boys Larkin Hoodie, Boys Hanover Short, Boys Byron Short, Boys Donahue Jogger, Boys Crestwell Bomber and nine Boys polos) were removed per ruling 5. Watch the regex here: 'Boynton Sweater' matches a naive /^boy/ and is a men's merino sweater - it is in. 3 further records are not products and were removed: REDVANLY GIFT CARD, The REDVANLY Reserve Membership, and The REDVANLY Invitational at Due Process (a tournament entry). COMPOSITION: the PDP renders it in a dedicated element, <h4 class='product__fabric-heading'>, under a subheading naming the fabric platform ('FABRIC TECHNOLOGY - REDVANLY ACTIVESCUBA'). 189 of 242 styles carry it. For the remaining 53 - almost all hats, beanies and belts, which use a different template - the composition is in the Shopify body_html ('100% polyester', '70% Cotton 30% Polyester', 'Made with 53% acrylic, 28% Nylon, 10% Wool, 6% Mohair, and 3% Spandex'); that recovers 42 more. 216 of 242 state a composition = 89.3%. FURNITURE CHECK: the same .product__fabric-heading selector returns zero matches on the homepage and on /pages/about-us. NO PDP carries more than one fabric heading, so the main-line and anywhere readings are identical on this house. One extraction fix was needed: the body_html fallback window must not stop at 'and', or the Bourne Beanie's '3% Spandex' is lost and the chain sums to 97. COUNTS on 242: natural 40, synthetic 174, cellulosic 2, states no composition 26. Exact shares 16.53 / 71.90 / 0.83 / 10.74; integers by largest remainder = 16 / 72 / 1 / 11. Main fibres behind the 40 natural: merino wool 18, cotton 16, wool 4 (including a hand-knit '100% worsted wool' headcover), cashmere 1, goose down 1. The 2 cellulosic are the Hadden Hoodie (75% modal) and the Baxter Boxer Brief (90% Lenzing Modal). Natural includes cotton, wool, merino, cashmere and down. The 26 silent styles are 16 headcovers and golf accessories (ball markers, a flag stick), 4 belts, 4 shoes and 2 gloves. TIES: ZERO. No style on this house has two fibres at the same maximum share, so the first-listed ruling changes nothing and the other resolution gives the identical 40 / 174 / 2. PARSER: every parsed chain sums to 100 +/-1 and no unknown fibre descriptor appears; Redvanly writes compositions with a middot separator ('75% MODAL - 20% POLYESTER - 5% SPANDEX') in a single element, which is why nothing chains across a part boundary. SPANDEX (main fabric line): 147 styles carry spandex, 143 of them at >=5%. Anywhere-in-the-string: the same 147 and 143, because the fabric heading is the only composition string on the page. 1 further style claims a named stretch with no percentage - the Crosby Belt, 'made from a unique cotton stretch blend' - and is added to spandex_styles per ruling 3 but never to spandex_high_styles: 147+1 = 148. Four other 'stretch' mentions were refused: the Cloud Raincoat states 100% POLYESTER so the percentage is read and not the word (ruling 3), the Perry Glove's stretch is a neoprene knuckle band (trim, ruling 2), and the Galvin Glove and Baldwin Belt describe fit flexibility, not a fabric. ELASTANE DISTRIBUTION (main line, 147 styles): 3%:4 5%:18 6%:15 7%:3 10%:1 12%:55 16%:1 22%:2 23%:20 24%:3 25%:25. This is the most extreme stretch profile in the batch and it is not a spectrum at all - it is three fabric platforms. 55 styles at exactly 12% are the performance polos (88% polyester / 12% spandex); 25 at exactly 25% are GLYDINGnylon (75% nylon / 25% spandex, the pull-on shorts and trousers and the Theo quarter-zip); 20 at 23% are ActiveRib (77% polyester / 23% spandex). Only 4 styles sit below 5%. Against State & Liberty's mode at 8% and Bonobos' 216 styles at 2%, Redvanly's median garment carries 12% elastane. The 25% figures were verified on the rendered page (Theo Quarter Zip in Atlantic shows '75% NYLON - 25% SPANDEX'), not only in a fetch. SHAPE one: synthetic leads every category of any size - Polos 61 (0 natural / 61 synthetic), Hats 42 (6/36), Shorts 27 (2/25), Quarter Zips 22 (9/13), Hoodies & Crews 12 (3/8/1 cellulosic), Outerwear 12 (4/8), Pants & Joggers 11 (5/6), Socks 10 (0/10), Tees & Shirts 7 (1/6). The single natural-led category is Sweaters, 10 of 10 merino. Headcovers & Golf Accessories 16, Belts 4, Shoes 4 and Gloves 2 state nothing. Swim 1 and Underwear 1 are excluded from the verdict. ALTERNATE DENOMINATOR: a clothing-only cut (dropping hats, socks, belts, shoes, gloves, headcovers and golf accessories) gives 163 styles, 161 with composition, natural 34 / synthetic 126 / cellulosic 1 / none 2 = 21/77/1/1, with spandex 145 main-line (142 at >=5%). Keeping the 15 boys' styles would give 257."
RLX,75,72,35,56,5,47,46,split,"[""Polo Shirts"",""Jackets, Coats & Vests"",""Shorts"",""Pants"",""Sweatshirts""]","[""Sweaters"",""Hats, Scarves & Gloves""]",product_code,695/75,none (US/en_US storefront only; no locale variants in the tree),not shopify,complete,https://www.ralphlauren.com/brands-men-rlx-cg/r/rlx,"Census 2026-09-14. RLX HAS NO STANDALONE STORE and the ralphlauren.com product sitemap is the whole house, so nothing was taken from it. The denominator is RLX ONLY, filtered out of Ralph Lauren's own category tree: /brands-men-rlx-cg reports 79 Items, but that category carries a BRAND refinement whose own counts are RLX (75) and Polo Ralph Lauren (4). The row is the 75 at /brands-men-rlx-cg/r/rlx; the 4 Polo Ralph Lauren styles that the unfiltered Mens RLX category sweeps in were removed (this is the whole trap on this brand - an unfiltered read would have carried four non-RLX styles, and a sitemap read would have carried Ralph Lauren's entire men's range). Paged 1..3 of that refinement (30+30+15) for 75 distinct product ids = the 75 the facet claims; page 4 is empty. An earlier pass on the unfiltered category recovered only 72 of 75 because four RLX golf-glove slugs carry a URL-encoded en dash (%E2%80%93) that a [a-z0-9-]+ slug pattern rejects - the fix was widening the slug class, not a WAF problem. NO PERIMETERX BLOCK WAS HIT: all 75 PDPs returned 200 at 4 concurrent fetches with a 150ms pause, 0 'Access to this page has been denied'. MEN'S BOUNDARY: the category is men's by construction; the PID is the Style Number, so there is no gender rule to restate and no boys'/women's leakage. PAYLOAD/DOM: composition is server-rendered into a short <li> inside div.pdp-product-details on the PDP, and that container was the only thing parsed. FURNITURE CHECK MATTERED HERE: a whole-page grep for 'cotton' matches Ralph Lauren's own profanity blocklist, which is inlined on every PDP and contains the phrase 'cotton picker'. Scoping to .pdp-product-details and to <li> nodes under 260 chars removes it; an unscoped read would have reported cotton on 75 of 75. COUNTS on 75: natural 26, synthetic 42, cellulosic 4, no composition 3. Exact 34.67 / 56.00 / 5.33 / 4.00; integers by largest remainder = 35 / 56 / 5 / 4. Natural includes cotton, wool, cashmere. The 4 cellulosic are real and are the interesting ones: 60% lyocell Performance Waffle-Knit Hoodie, two 66% modal / 28% wool Hybrid pieces (Mockneck Jacket and Full-Zip Vest), and a 100% viscose Golf Course-Print Camp Shirt. The 3 with no composition are the two Cabretta Leather Golf Gloves and the Performance Sports Cap, all of which state no fibre at all. Coverage 72/75 = 96%. TIES: 0. There is no 50/50 anywhere in the RLX range, so first-listed and last-listed give the identical 26/42/4. PARSER: every composition is 'Shell: ...' / bare, colour-conditional, or multi-part; the FIRST chain is taken (chains split on '. '). Examples that would break a naive parser: 'Polo Black: 88% polyester, 12% elastane. All other colorways: 92% polyester, 8% elastane' (first chain taken), 'Shell: 73% nylon, 27% elastane. Hood: 88% polyester, 12% elastane', 'Shell and lining: 90% polyester, 10% elastane. Fill: 100% polyester', and the 7-Inch Lined Performance Short which lists shell, inseam stripe, compression short and compression-short centre panel as four separate chains. Every parsed first chain sums to 100 +/-1 except ONE, and it is Ralph Lauren's own typo, not a parse failure: PID 100088565 Classic Fit Performance Polo Shirt states '92% polyester, 78% elastane' (sums 170; 8% is meant). Polyester leads either way and 78% and 8% are both >=5, so neither the fibre verdict nor spandex_high moves. SPANDEX, MAIN FABRIC LINE ONLY: 47 of 75 carry elastane in the first/shell chain, 46 of them at >=5% - RLX is a 7-12% elastane house, which is why high is almost equal to the count. The looser anywhere-in-the-string reading gives the SAME 47 and 46, because RLX states elastane in the shell wherever it states it at all. Ruling 3 changes nothing here: exactly one style (Packable Color-Blocked Vest) mentions stretch with no percentage, and it is 'Stretch binding at the armholes' and 'Stretch binding at the hem' - trim, not the main fabric - on a 100% polyester body, so per ruling 2 it is NOT added. SHAPE split: a performance-synthetic half (Polo Shirts 27: 18 syn / 9 nat, Jackets-Coats-Vests 11: 9 syn / 1 nat / 1 cel, Shorts 6: 4/2, Pants 5: 3/2, T-Shirts 3: 2/1, Sweatshirts 7: 3 syn / 2 nat / 2 cel) against a small cotton-and-wool half (Sweaters 9: 7 nat incl. two 100% cashmere and a 100% wool quarter-zip; Hats/Gloves 5: 2 nat stated). Button-Down Shirts (2) is too small to name in either list. The natural half inside the polos is real: 5 Classic Fit Performance Polos are 100% cotton or 52-58% cotton blends. Only two categories are natural-led, so natural_categories carries two, not three. COLOURWAY RATIO 695/75 is colour swatches on the PDP over styles - colour is a dwvar variant inside one product record and one Style Number, so it never inflates the census. ALTERNATE DENOMINATORS: (a) the unfiltered /brands-men-rlx-cg tree = 79 items / 78 tiles (the facet says 79, the grid renders 78; the missing one is not reachable on any of the three pages) - adding the 4 Polo Ralph Lauren styles would change the row and is why it was not used; (b) clothing only, dropping the 5 hats/gloves = 70 styles, 70 with composition, natural 24 / synthetic 42 / cellulosic 4 = 34/60/6, spandex 47/46 unchanged. (c) RLX women's (brands-rlx-women-shop-all-cg) and the /brands-golf landing page were checked and are not part of this row."
johnnie-O,452,430,24,70,1,345,290,one,"[""Polos"",""Hoodies & Sweatshirts"",""Quarter-Zips & Pullovers"",""T-Shirts & Layering Tees"",""Vests"",""Jackets"",""Pants"",""Shorts"",""Sport Coats""]","[""Button-Down Shirts"",""Sweaters""]",product_code,8671/452,none - the 13421 sitemap URLs are NOT locale duplicates (see note),absent,complete,https://johnnie-o.com/sitemap.xml,"Census 2026-09-14. Headless Shopify: /products.json, /collections/*/products.json, /products/<h>.json and /search/suggest.json all 404 to the Next.js app, so the census is the Shopify sitemap index (14 sitemap_products files, child URLs reachable only after decoding &amp; in the index) plus one PDP per style. THE 13421 FIGURE IS NOT LOCALE DUPLICATION AND DEDUPING BY LOCALE WOULD HAVE BEEN WRONG. 13421 <loc> entries = 1 homepage + 13420 product URLs, and those 13420 are 13420 DISTINCT handles on ONE host with ONE path prefix (/products/); there is no /en-us/, no ?currency=, no second domain and no repeated handle. locale_dedup is therefore 'none' and the number is real. What is actually duplicated is something else entirely: johnnie-O runs a licensed collegiate/MLB/NFL/NHL programme, and the same garment is issued as a separate Shopify product for every school and every team. STYLE KEY: handles are <stylecode>_<season|stylename>_<colour|team>_<print|league>, e.g. jmpo103370_26fa_palm-beach_zona-drinks and jbhd100071cr_freeman-hoodiee_cincinnati-reds_mlb. The leading token is letters + digits + optional team letters: j + gender (m men / w women / b boys / u unisex) + 2-letter category + numeric stem. Collapsing colour onto the numeric stem gives 1071 stems, of which 659 are men's (jm*). Then ruling 5 (finish and LOGO variants under separate codes collapse) was applied on johnnie-O's own product SKU, which the house reuses across the school variants of one garment - jmpo2014 (Arkansas Lyndonn) and jmpo2011 (Pepperdine Lyndonn) are both SKU 194239082835, and the legacy handle set has SKU 191271029132 on 61 separate school polos. That collapses 647 men's clothing stems to 342 styles. 836 handles carry no style code at all (legacy slugs like boston-college-birdie-prep-formance-polo, and many '-copy' duplicates); 835 are live, 769 are men's, and they collapse on the same SKU rule to 260 SKU groups, 186 of which are not already in the coded set; after removing 18 non-clothing/women's strays (cologne, sandals, loafers, moccasins, totes, a speaker, a charger, and three women's pieces - Libby Popover Blouse, Mira Smocked Midi Dress, Monica Cotton Blend Tank Top) that adds 110. TOTAL 452 men's clothing styles from 8671 men's listings. REMOVED FOR GENDER per ruling 5: all jw* (269 stems) and jb* (122 stems) plus 64 women's/boys' legacy handles. REMOVED AS NON-CLOTHING: jmbl belts (8 stems), jmfw footwear (3 stems) and the legacy accessories above. THE WHOLE-PAGE GREP WARNING IS EXACTLY RIGHT AND I HIT THE TRAP: composition lives in div#pdpFabricPanel as an <li> list, and NOTHING else on the page was read. A whole-page grep for 'cotton' matches johnnie-O's gifting module, which renders 'Engraved cotton card with your included message' inside the RSC payload of EVERY product page - a cotton hit on 100% of rows that is really zero. The product-detail slice is the only source here. COUNTS on 452: natural 110, synthetic 315, cellulosic 5, no composition 22. Exact 24.34 / 69.69 / 1.11 / 4.87; integers by largest remainder = 24 / 70 / 1 / 5. Coverage 430/452 = 95.1%. TIES: 3 (one cel-vs-nat, one nat-vs-cel, one syn-vs-syn). Resolving them last-listed instead of first-listed moves exactly one style from natural to cellulosic and one from cellulosic to natural, i.e. the row is unchanged at 24/70/1/5. PARSER: chains are broken on lining / liner / fill / trim / binding / rib / pocket / contrast / backing / insulation and a leading Shell:/Main:/Body: label is stripped, because johnnie-O writes multi-part strings ('Shell: 100% Nylon, Lining: 100% Merino Wool' would otherwise read as a 200% wool jacket, and the Top Shelf Cashmere Zip Vest lists main, lining and fill for 300%). After chain-breaking 8 rows still fail the sum test and every one is johnnie-O's own text: '84% Polyester / 13% Viscose / 3%, Elastane' (97, stray comma, x3 Printed Knit Stretch Sport Coat), two mixed-media jackets that state two body panels with no lining label (Mario Mixed Media, Agnelli Suede Mixed Media - front/back panels, first panel taken), '75% Nylon, 23% Elastane' (98) and '70% Polyester 25% Cotton 5% Elastane' written without a leading total. The leading fibre is unaffected in all 8. SPANDEX, MAIN FABRIC LINE ONLY: 345 of 452, 290 of them at >=5%. The looser anywhere-in-the-string reading gives 350 and 292 - only 5 styles carry elastane solely in a lining or panel, so ruling 2 is nearly free on this house. No style carries a named stretch with no percentage, so ruling 3 adds nothing. This is a 7-12% spandex performance-jersey house: '93% Polyester / 7% Spandex Jersey' and '88% Polyester / 12% Spandex Stretch Jersey' are the two most common strings in the catalogue. SHAPE one: a single performance-knit cloth story. Synthetic leads Polos 165 (148 syn / 9 nat), Hoodies & Sweatshirts 61 (36/18), Quarter-Zips & Pullovers 66 (36/25), T-Shirts & Layering Tees 37 (20/14), Vests 17 (16/1), Jackets 14 (13/1), Pants 16 (9/7), Shorts 14 (6/5), Sport Coats 7 (6/1), Swim 3 (3/0). Only Button-Down Shirts 42 (21 nat / 20 syn / 1 cel) and Sweaters 7 (7 nat) are natural-led, and Socks (2) and Underwear (1) are too small to name. That is a minority corner, not a second half, so the verdict is one rather than split. ALTERNATE DENOMINATORS: (a) numeric stems WITHOUT the logo collapse = 647 men's clothing stems + 186 legacy SKU groups = 833 styles, which is the reading you get if ruling 5's logo clause is not applied across differing numeric stems; (b) raw sitemap handles, men's clothing only = 8671; (c) the whole sitemap = 13420 handles across all genders. The 22 no-composition styles are mostly licensed polos and hoodies whose pdpFabricPanel is empty on every handle in the stem. || feed_currency_rate normalised to 'absent': headless shopify - no Shopify.currency object on the storefront"
Percival,586,466,72,6,2,60,9,one,[],"[""Jersey"", ""Shirting"", ""Outerwear""]",product_code,827/586,none,1.38605,complete,https://percivalclo.com/products.json?limit=250,"Census 2026-09-13 from percivalclo.com's own Shopify feed /products.json?limit=250&page=N, paged until a page returned zero: 4 pages, 847 distinct product ids (page 4 short, not the end - pages were driven to exhaustion per the rev3 rule). NOT percival.com. Shop is percival-menswear.myshopify.com. THE FEED SERVES USD, NOT GBP: Shopify.currency = {active: USD, rate: 1.38605} and Shopify.country = US, so a UK house is quoting a US market to this IP; feed_currency_rate carries that rate. 20 records dropped as non-garment: 8 Gift Card, 12 Print Material (200 GSM Giclee art prints - Olive Branch, Koi Fish, Clamped Porsche etc). 827 listings remain, which is exactly the product sitemap count. MEN'S BOUNDARY: Percival is menswear-only and this was checked, not assumed - zero of 847 records carry women/womens/ladies in title, tags or handle, and zero of 242 collections in /collections.json is a women's collection. Nothing was removed as women's or boys'. STYLE UNIT: colour is NOT a variant here - the only variant options are Size (824) and Length (75), so each colourway is its own product record and the ratio can never be 1.00. De-duplicated on the numeric style stem inside the SKU: the 7-field SKU H2M26-CL-CL-1652-C-101-7 is season-dept-type-STYLE-C-COLOUR-size, so fields 1-4 are the stem; 170 legacy/short SKUs (PM-TK01 form, and 13 suit bundles with no SKU at all) fall back to title-minus-colour-segment. 827 listings -> 586 styles. Pure title_dedup gives 567; the 19-style gap is Percival issuing separate numeric codes for separate cloths of one shape (Hinsley Boxy Long Sleeve Shirt 1311 vs 1308, two different checks) and for carry-over shapes in a new season, which ruling 5 keeps apart. COUNTS on 586: natural 421, synthetic 34, cellulosic 11, no composition 120. Exact 71.84/5.80/1.88/20.48, integers by largest remainder = 72/6/2/20. Coverage 466/586 = 79.5%, so complete. Natural includes cotton (incl. BCI and organic), wool, mohair, yak, linen, silk, cashmere, leather and split cowhide suede, down. PAYLOAD: composition is in body_html behind a 'Material:' label on 782 of 827 listings; the segment is cut at the next label (Colour:/Fit:/Care:/Collection:/Style Guide:/Made in) so care text and the 'Wash at 30 degrees' line never enter. Furniture check: the same extractor on a Print Material record and on /collections/all returns nothing. PARSER: only two unknown fibre descriptors in the whole house, both singletons - PES (polyester, 1) and CLY (lyocell, 1); CLY mattered, because '84% CLY (Lyocell/Tencel), 16% Polyamide' otherwise read as polyamide-led and flipped a cellulosic shirt to synthetic. 8 chains fall outside 100 +/- 1 and all 8 are Percival's own truncation, hand-checked on the page: 'Material: 50% Wool, 40% Polyester' (Double Breasted Overcoat), '68% Wool', '70% Wool Fleece', '98% Cotton', '97% Cotton', and three '70% cotton blend' socks. The lead fibre is unaffected in all 8. TIES: 8 resolved first-listed-wins. Seven are natural-over-synthetic (five 50% Wool/50% Polyester suitings, two 50% Wool/50% Nylon White Glove knits, one 40/40/20 wool-polyester-acrylic) and one is synthetic-over-natural (Anthony Ribbed Polo, 48.5% Polyester / 48.5% Organic Cotton / 3% Elastane). Resolving last-listed instead gives natural 415 / synthetic 40 / cellulosic 11 / none 120 = 71/7/2/20, and changes no category verdict. SPANDEX (main fabric line, which for Percival is the single Material: chain): 60 styles, 9 of them at >=5%. Histogram 1%:4 2%:8 3%:30 4%:9 5%:6 26%:3 - a 3% chino/jersey default with a tiny 26% knitted-rib tail, not a stretch house. Anywhere-in-the-string (reading the whole body_html, which pulls in lining and trim chains) gives 71 and 11. Zero styles carry a named stretch with no percentage, so ruling 3 adds nothing here. NO COMPOSITION (120): not a scraper hole. 94 of the 120 do state a fabric, but qualitatively and with no percentages - 'Cotton jersey', 'Breathable linen', 'Woven stripe fabric', 'Seersucker', 'Brushed Cotton'. Of those 94, 51 name exactly one natural fibre, 5 one synthetic, 1 one cellulosic and 37 name no fibre at all. Reading the 51+5+1 as their named fibre would give natural 472 / synthetic 39 / cellulosic 12 / none 63 = 81/7/2/11; the cell carries the percentage-based reading. The remaining 26 state nothing. SHAPE one - natural leads every single category: Jersey 161 (125 nat / 5 syn / 31 none), Shirting 100 (78/2/3 cel/17), Outerwear 103 (69/12/5 cel/17), Trousers 65 (44/5/3 cel/13), Accessories 93 (64/3/26), Knitwear 37 (24/7/6), Footwear 27 (17/0/10). No category is synthetic-led so synthetic_categories is []. FOOTWEAR/ACCESSORIES are kept in the denominator (as Levi's and Carhartt were) - the 27 footwear styles are stocked third-party makers (G.H. Bass, Kleman, Clarks Originals, Sabah) under Percival's own vendor string, judged by name per the rev3 rule; a clothing-only cut dropping Footwear and Accessories gives 466 styles, 340 nat / 31 syn / 11 cel / 84 none = 73/7/2/18."
Wax London,271,266,90,6,2,38,5,one,"[""Swimwear""]","[""T-Shirts"", ""Overshirts"", ""Short Sleeve Shirts""]",product_code,468/271,none,1.38605,complete,https://waxlondon.com/sitemap.xml,"Census 2026-09-13 from waxlondon.com's own feed and sitemap. Shop is wax-london.myshopify.com; Shopify.currency = {active: USD, rate: 1.38605}, Shopify.country = US - a UK house serving a US market to this IP, and the PDPs say 'SHIPS FROM THE U.S.'. THE BIGGEST FINDING ON THIS ROW: /products.json?limit=250&page=N paged to exhaustion returns 677 distinct product ids, but 208 of those 677 handles 404 on their own PDP - the feed carries archived products whose pages are gone (checked with /products/<handle>, /en-gb/, /en-eu/, /uk/, /gb/ prefixes; all 404, and the 404 body is served at 325KB so a naive length check does not catch it). The product sitemap holds exactly 469 handles and is a strict SUBSET of the feed - zero sitemap handles are absent from the feed. The 469 is the live range and is what this row measures. Taking the feed at face value would have produced 405 styles at 67% coverage with 131 phantom no-composition rows; the true figure is 271 styles at 98%. 1 Gift Card and 2 Fragrance records dropped from the 469, leaving 468 listings. MEN'S BOUNDARY: menswear-only, checked - zero of 677 records carry women/womens/ladies in title, tags or handle. Nothing removed as women's or boys'. STYLE UNIT: colour is not a variant (options are Size 676 and Leg Length 33 only), so one record = one colourway. SKU is SEASON-CATEGORY-STYLE-FABRIC-COLOUR-SIZE (PS27-JKT-RFD-BPV-CLI-XS); the stem taken is CATEGORY-STYLE-FABRIC, i.e. a shape in a cloth, with season and colour collapsed. 468 listings -> 271 styles. Keeping the season in the stem gives 302 (the same shape and cloth re-issued across seasons); collapsing to the shape code alone gives 121, which is wrong because it merges every fabric of the Milton tee into one row. PAYLOAD, not DOM: composition is NOT in body_html (only 275 of 677 descriptions contain any percentage at all, and those are marketing bullets). It lives in the server-rendered 'Details & Care' Collapsible accordion inside the PDP HTML, which does not appear in document.body.innerText because the accordion is collapsed. Each style was read from the PDP of its first in-stock listing, falling back through the group. Furniture check: the accordion is absent on the 404 template, which is how the dead handles were found. COUNTS on 271: natural 244, synthetic 16, cellulosic 6, no composition 5. Exact 90.04/5.90/2.21/1.85, integers by largest remainder = 90/6/2/2. Coverage 266/271 = 98.2%, complete. Natural includes cotton (mostly organic), wool, mohair, linen, silk, leather/suede, down. PARSER: the composition is the first semicolon-delimited item in the accordion that carries a percentage, so the 'Wash at 30C' and 'Made in Turkey' items never enter. Unknown descriptors: 'other fibres' 18, 'polycotton' 1, 'textured' 2. Two fixes were needed and both were found by the sum-to-100 check: '100% 280g textured organic cotton' (3 styles) failed until weight tokens were stripped, and 'Shore Navy Textured Long-Sleeve Polo' states '85% organic cotton, 10% polyester, 5 elastane' with the per-cent sign missing, which is why the spandex count is taken with a dedicated regex that tolerates the missing sign rather than from the fibre parser. Three chains are outside 100 +/- 1 and all three are Wax's own arithmetic: '82% cotton, 22% polyamide, 1% elastane' = 105, '36% polycotton, 28% cotton, 18% polyester, 14% wool, 4% other fibres' (polycotton is not a fibre; the highest known fibre is cotton at 28, so the style reads natural - this is the one genuinely ambiguous style in the house), and '85/10/5' above. Lead fibre is unaffected in all three. TIES: ZERO. No style in the range has two fibres at the same highest share, so the other resolution is identical to this one. SPANDEX (main fabric line): 38 styles, 5 at >=5%. Histogram 1%:6 2%:19 3%:2 4%:6 5%:2 14%:3 - a 2% shirting default with a 14% swim tail. The anywhere-in-the-string reading gives the SAME 38 and 5, because the Details & Care accordion carries one composition and no trim or lining line. Zero styles carry a named stretch with no percentage. NO COMPOSITION (5): 4 Flower Mountain sneakers (stated as 'Suede and nylon uppers, Rubber soles') and 1 Didcot shirt whose PDP renders no accordion on any of its listings. SHAPE one - natural leads every category except Swimwear: T-Shirts 36 (36 nat), Overshirts 30 (27/3 syn), Short Sleeve Shirts 31 (26/4 cel/1 none), Knitwear 26 (25/1), Trousers 28 (24/4), Coats & Jackets 25 (22/2/1 cel), Sweats 12 (12), Shorts 12 (12), Caps 11 (11), Socks 10 (10), Long Sleeve Shirts 9 (8/1), Suiting 6 (6), Belts 5, Polos 5, Wallets 4, Vests 4 (3/1), Keyrings 3, Washbags 2, Scarves 2 (1 nat/1 cel), Ties 1, Bags 1, Footwear 4 (all none), Swimwear 4 (4 synthetic). Swimwear is named in synthetic_categories because synthetic does lead it, but per the rev3 rule it is excluded from the split verdict, so the shape is one. A clothing-only cut dropping Caps, Belts, Wallets, Keyrings, Washbags, Bags, Ties, Socks and Footwear gives 228 styles, 207 nat / 15 syn / 5 cel / 1 none = 91/7/2/0."
Hiroshi Kato,140,131,94,0,0,89,14,one,[],"[""Jeans"", ""Shirts"", ""Pants""]",product_code,169/140,none,1.0,complete,https://kato-brand.com/products.json?limit=250,"Census 2026-09-13 from kato-brand.com's own Shopify feed /products.json?limit=250&page=N, paged until a page returned zero: 1 page, 174 distinct product ids (the sitemap's 175 URLs less one non-product page). NOT katousa.com, which is a model-railway maker and was never touched. Shop is kato-by-hiroshi-kato.myshopify.com; Shopify.currency = {active: USD, rate: 1.0}, Shopify.country = US - a US-market feed at par, no market duplication. 5 records dropped as non-garment: 1 Gift Card, 3 services (Repair Fee per hour, Chain Stitch Hemming $25, Chain Stitch Hemming with original hems $35) and 1 Denim Wash / Denim Linen Spray. The spray is worth naming because it parses: its care copy yields '50% linen' and it was counted natural until it was removed by hand. 169 listings remain. MEN'S BOUNDARY: menswear-only, checked - zero of 174 records carry women/womens/ladies anywhere in title, tags or handle. Nothing removed as women's or boys'. STYLE UNIT: colour is not a variant (the only option is Size), so each colourway is its own record. SKU is STYLECODE - SIZE (302667502 - 29); the stem is the code with the size suffix dropped and a trailing two-letter colour code stripped, which collapses e.g. 0026684MB/NV/BG/CH/WH (The Tack Double Weave Dobby Stretch, five colours) and 3019517AB/NV/MG/... (The Pipe Straight Oxford Chino, five colours) to one style each. 169 listings -> 140 styles. Note that Kato also issues DIFFERENT numeric stems for different colourways of one shape where the cloth itself differs - The Ripper Triple Twisted Plaid is 0014693/4/5/6/7, five stems for five plaids - and ruling 5 keeps those apart, correctly, because they are five different fabrics. COUNTS on 140: natural 131, synthetic 0, cellulosic 0, no composition 9. Exact 93.57/0/0/6.43, integers by largest remainder = 94/0/0/6. Coverage 131/140 = 93.6%, complete. EVERY ONE OF THE 131 IS COTTON-LED - the lead-fibre tally is literally {cotton: 131}. There is no synthetic-led and no cellulosic-led style in the men's range. PAYLOAD: Kato has no structured composition field - the PDP HTML carries no Fabric/Material/Composition label at all (checked) - and the composition is the bulleted tail of body_html, e.g. '- 96% COTTON 4% POLYURETHANE'. THE FAILURE THAT FIRED HERE: 24 styles carry TWO percentage chains, because the marketing paragraph says '...a level of comfort and range of motion not possible in a 100% cotton jean' before the real bullet. A first-group-wins reader takes the prose '100% cotton'. The fix is to take the first bullet-delimited segment that parses; 74 styles have no bullet and fall back to the body. Both readings give cotton on all 24, so the fibre split is unchanged, but after the fix EVERY parsed chain in the house sums to 100 +/- 1 (zero exceptions) where the prose reading left 24 chains at 100 followed by a second chain. TIES: ZERO. No style has two fibres at the same highest share, so the other resolution is identical. SPANDEX - READ THIS CAREFULLY, IT IS THE one judgement call on the row. Kato states its stretch fibre as POLYURETHANE, never as elastane, spandex or Lycra: a literal elastane/spandex/lycra search over the whole house returns 0 styles and 0 at >=5%. Elastane IS segmented polyurethane, and ruling 4 already counts elastolefin/XLANCE as elastane, so polyurethane stated as a fibre percentage alongside cotton is counted as elastane here: 89 styles, 14 of them at >=5%. Histogram 1%:1 2%:2 4%:72 5%:2 8%:9 9%:3 - a single 4% mode, which is the '4-WAY STRETCH SELVEDGE' denim programme, plus a 8-9% block that is the Denit knit-denim chinos and shorts (71% cotton / 21% polyester / 8% polyurethane and 70/21/9, hand-checked, all summing to 100). The strict reading - only the words elastane, spandex, lycra - is 0 and 0, and both figures are stated here so the cell can be re-read either way. Main-line and anywhere-in-the-string are identical (89/14): Kato publishes one composition per garment and no lining or trim chain. Three styles mention 'stretch' with no percentage but that word is the 4-WAY STRETCH SELVEDGE brand name repeated in every description, i.e. page furniture, so ruling 3 was NOT applied to them - adding them would give 92. NO COMPOSITION (9): 2 KATO x White's boots (construction copy only), 6 shirts (The Wrench 7oz Denim, three Brace shirts, Brace Shadow Ombre Plaid, Brace Vintage Nep Plaid, Brace Waffle Plaid) and 1 Drill Double Knit tee, all of which describe the cloth only in words. SHAPE one, and emphatically so: Jeans 75 (75 natural), Shirts 38 (32 natural / 6 none), Pants 10 (10), Jacket 8 (8), Shorts 4 (4), T-Shirts 3 (2/1 none), boots 2 (2 none). No category is synthetic-led; synthetic_categories is []. The 2 boots are a KATO x White's collaboration, kept in the denominator as no-composition."
Sugar Cane,NC,NC,NC,NC,NC,NC,NC,NC,NC,NC,NC,NC,NC,not shopify,partial,https://www.sugarcane.jp/sitemap.xml,"HELD ROW - confirmed, not filled. sugarcane.jp is a WordPress brand and lookbook site owned by Toyo Enterprise Co., Ltd. with no cart, no checkout and no product feed. Verified 2026-09-13: /sitemap.xml holds exactly 18 URLs and NOT ONE is a product - they are the home page, 8 /news/ posts, 8 /tag/ archives (sugar-cane, made-in-japan, fiction-romance, standard-denim, 1947-model, denim, about, factory, wabash-stripe) and /category/news/. /products.json returns HTTP 200 but the body is 213KB of the site's own HTML, not JSON - a soft 404, and exactly the kind of 200 that would have been recorded as a Shopify feed if the status code alone had been trusted. window.Shopify is undefined. Every commercial link on the site - the ONLINE STORE nav item and the shopping-cart icon - points off-domain to store.toyo-enterprise.co.jp, and the only other external links are the sibling Toyo brands (sunsurf.jp, buzzricksons.jp, tailortoyo.jp, dukekahanamoku.jp, gold-toyoenterprise.jp) and toyo-enterprise.co.jp itself. IS THE PARENT STORE FIRST-PARTY? I checked it and my judgement is YES, it is - and I am recording that disagreement rather than hiding it. store.toyo-enterprise.co.jp/sugarcane lists 615 Sugar Cane items with Toyo's own Lot numbers (SC11953, SC28190, SC27853...), the PDPs state manufacturer 'SUGAR CANE', the store carries only Toyo's own six brands and no third-party goods, it shares the identical header and navigation with sugarcane.jp, and sugarcane.jp itself designates it as its ONLINE STORE. That is a brand owner selling its own brand direct, not a stockist buying wholesale - Sugar Cane is a label inside Toyo Enterprise, not an independent company with a separate retail partner. The only things against it are that the domain is not a Sugar Cane domain, the store is multi-brand, and it is JP-only. BUT THE ROW IS STILL HELD, AND FOR A REASON THAT DOES NOT DEPEND ON THAT JUDGEMENT: the parent store publishes NO FIBRE COMPOSITION. Six Sugar Cane PDPs were fetched and decoded from EUC-JP (000000000044, 000000000066, 000000000350, 000000001548, 000000002026, 000000000058) and not one states a composition - there is no mix-ratio line, no percentage anywhere outside the stylesheet, and the only occurrence of the word for material is the boilerplate disclaimer that dimensions vary by material characteristics. The PDPs carry a product code, a price, a size-by-colour grid, detail prose and a size chart, and nothing about fibre. So even reading the parent store as first-party, styles_with_composition would be zero and the fibre split unmeasurable. Nothing was taken from a stockist - Hinoya, Self Edge and Franklin & Poe were not opened - and nothing was taken from the lookbook. WHERE I STOPPED: after confirming the sitemap has no products, that /products.json is a soft 404, that the only cart link is off-domain, and that six parent-store PDPs publish no composition. status is partial because styles_with_composition / styles_total is 0/0, not because the brand was unreachable. WHAT WOULD UNBLOCK IT: nothing on the web as it stands - Toyo would have to publish mix ratios. feed_currency_rate is 'not shopify'; the parent store is a Japanese ecbeing/Commerce-style shop quoting JPY only."
Buck Mason,197,138,66,2,2,7,2,one,"[""Swim""]","[""Tees"", ""Sweaters"", ""Shirts""]",product_code,575/197,none,not shopify,complete,https://www.buckmason.com/sitemap-0.xml,"Census 2026-09-13 from buckmason.com's own pages. /products.json 404s (headless), /sitemap.xml is an index with one child, and /sitemap-0.xml holds 2213 URLs of which 994 are /products/ - both figures reproduced exactly. PAYLOAD, NOT DOM, AND THIS ROW IS UNREADABLE WITHOUT IT: the front end is Gatsby, the PDP HTML contains no percentage anywhere (checked on a full jacket PDP: zero matches for a digit followed by a per-cent sign followed by a letter), and there is no __NEXT_DATA__ and no ld+json composition. The payload is Gatsby's own route data at /page-data/products/<handle>/page-data.json, ~6KB each, which returns 200 on all 994 handles with zero errors. Each one carries either result.data.productLine (337 of them) or result.data.product with a nested product_line (657 of them), and the productLine object carries mid (a numeric style id), gender, fe_ptype, fe_category and pdp_accords. Composition is pdp_accords.fabric, in the form 'Fabric|<subtitle>|<copy>', e.g. 'Fabric|100% pima cotton|Pima - Long staple, lightweight, 140 GSM Supima cotton.'. Furniture check: the Fabric accord is the only segment read, so the Model Info, Care, Origin and Returns accords - which contain '6 feet 1 inch' and '365 days' - never enter. Buck Mason also publishes 539 /for-ai/ URLs; those were looked at but not used as the census, because only 244 of them correspond to a product handle. MEN'S BOUNDARY: the payload has a first-class gender field and it is what this row uses. Across the 349 distinct product lines: m 197, w 137, u 15. At listing level: m 575, w 379, u 40. The row is the 197 men's lines. REMOVED: 137 women's lines (379 listings) and 15 unisex lines - every one of the 15 unisex is non-clothing (Gift Card, Lone Pine Candle, four sunglasses, five Italian leather bags/cases, a key ring, a web belt, a Moonstar shoe, a Lee bandana), so excluding them costs no men's garment. No boys' or girls' range exists. STYLE UNIT: product lines are the style, colourways are the products inside them; 575 men's listings -> 197 styles, colourway_ratio 575/197 = 2.92. COUNTS on 197: natural 131, synthetic 3, cellulosic 4, no composition 59. Exact 66.50/1.52/2.03/29.95, integers by largest remainder = 66/2/2/30. Coverage 138/197 = 70.1%, above the 60% line, so complete. PARSER: zero chains outside 100 +/- 1 in the whole house. Unknown descriptors were four and all four were hand-checked: 'Italian-spun' (harmless modifier before merino wool), 'Recycled Fiber' (a blanket-lining line that is never the first composition), and 'goatskin' and 'tanned cowhide', which had to be added as leather - Y'2 Leather x Buck Mason G1 Jacket ('100% goatskin') and the Bruiser Moto Jacket ('100% tanned cowhide') read as no-composition until they were. Shell-before-lining works: the Dry Waxed Canvas Highland Jacket states 'Dry waxed canvas - 100% cotton. Blanket Lining - 80% Polyester, 10% Wool, 10% Recycled Fiber' and is counted cotton on the first chain. TIES: ZERO, so the other resolution is identical. THE THREE SYNTHETIC-LED STYLES are all swim (5.5in Diver Cloth Swim Short, 5.5in Japanese Oxford Board Short, 4.5in Newport Nylon Swim Short, each 100% nylon) and THE FOUR CELLULOSIC-LED are the Draped Linen Deuce Coupe Camp Shirt (75% lyocell / 25% linen), the Sunset Rayon Western Shirt (100% rayon) and two Sunset Rayon Gab Jackets (100% TENCEL). Outside swim this house has three non-natural styles in 197. SPANDEX: 4 styles state an elastane-class percentage on the main fabric line (histogram 1%:2, 10%:2 - the two at 1% are Japanese Denim Ford Standard jeans at '99% cotton, 1% Polyurethane'), of which 2 are at >=5%. Ruling 3 adds 3 more that name a stretch with no percentage - two Craftsman Canvas jackets ('cotton canvas with a touch of stretch for comfort') and the Sport Stripe Sock ('cotton blended with nylon/acrylic/spandex') - never to the high count. Cell carries 4+3 = 7 and 2. The anywhere-in-the-string reading over every accord and the description gives 5 and 2. The word 'stretch' appears in the Fabric accord of 5 styles and anywhere in 8. Buck Mason is the opposite pole from a State & Liberty: it sells stretch as a feel, not as a number. NO COMPOSITION (59) is the honest weak point of this row and it is structural, not a scraper hole - 5 men's styles have no Fabric accord at all and 54 have one that states the cloth qualitatively with no percentages ('Felted merino wool', 'Cotton canvas', 'Cotton jersey', 'Wool/cashmere blend', '50/50 cotton/slub cotton'). No percentage exists anywhere else in those payloads (checked: 0 of 59). Of the 59, 29 name exactly one natural fibre, 0 one synthetic, 1 one cellulosic, 7 name more than one class and 22 name no fibre word at all. Reading the 30 unambiguous ones as their named fibre would give natural 160 / synthetic 3 / cellulosic 5 / none 29 = 81/2/2/15; the cell carries the percentage-based reading. SHAPE one - natural leads every category except Swim: Tees 23 (19 nat/4 none), Sweaters 19 (18/1), Outerwear 29 (14/2 cel/13 none), Shirts 21 (14/2 cel/5), Accessories 12 (10/2), Pants 12 (9/3), Sweats 10 (8/2), Anatomica 8 (8), Jeans 10 (6/4), Shorts 4 (4), Brycelands 5 (4/1), Lee Outerwear 3 (3), Shoes 4 (2/2), J.Press 4 (2/2), Rocky Mountain 2 (2), Jackets 3 (2/1), Woven L/S 2 (1/1), Tailoring 3 (1/2), Lee Tees 1, Lee Wovens 1, Knit S/S 1, Y2 Leather 4 (1/3), Swim 4 (3 synthetic/1 none), Red Rabbit 5 (5 none), Big Yank 3 (3 none), Footwear 2 (2 none), Chamula 1, McGregor 1. Swim is named in synthetic_categories but excluded from the split verdict per the rev3 rule. natural_categories breaks a tie: Outerwear and Shirts both have 14 natural styles, and Shirts is listed because 14/21 is a clearer natural lead than 14/29. The Brycelands, J.Press, Anatomica, Chamula, Big Yank, Red Rabbit, Rocky Mountain, Y'2 Leather, McGregor and Lee blocks are third-party and collaboration goods sold on Buck Mason's own site and under its own gender field; they are kept, and they carry 19 of the 59 silent styles. feed_currency_rate is 'not shopify' because although window.Shopify exists and the page-data carries a Shopify shop_id, the headless Gatsby front end exposes no Shopify.currency object at all; prices are USD."
Duck Head,89,85,81,13,1,32,9,one,"[""Knit Tops""]","[""Pants"", ""Sport Shirts"", ""Sweaters""]",title_dedup,196/89,none,1.0,complete,https://www.duckhead.com/collections/fall-winter-2026/products.json?limit=250,"Census 2026-09-13 from duckhead.com's own feed. /products.json?limit=250 pages 250/250/250/22/0 = 772 records, 772 distinct ids, matching the 773 locs of sitemap_products_1.xml less the index stub. Shopify.shop=duck-head.myshopify.com, Shopify.currency.rate 1.0, active USD, single en/USD market, so locale_dedup none. DENOMINATOR: the 772 published records are the whole archive, most of it delisted seasons; the brand's OWN current-season collection /collections/fall-winter-2026 holds exactly 196 records and every one of them is in stock. That 196 is the '196 raw titles' figure and is the range a shopper sees today. Spring-Summer 2026 is a further 30 records, zero overlap, and is the alternate denominator (see notes_b2d.txt). COLOURWAY ENCODING - this is the trap on this house and it is NOT a SKU-stem encoding: every record is ONE colourway, titled 'Style Name - Colour' (Circle Patch Twill Hat - Rhubarb Red), and the SKU is D41006-650-NOSZ = 6-char code + 3-digit colour + size. But the 6-char code is NOT the style: it encodes style x FABRIC/PATTERN, so Cotton Flannel Sport Shirt spans 12 codes (D11630, D11334, D11575...), Cotton Oxford Sport Shirt spans 7 and Performance Poplin Sport Shirt spans 10. SKU-stem dedup gives 135 'styles' and is wrong. Title-before-the-dash gives 89 and is right: 196 full titles are all distinct, none lacks a ' - ', and no title base merges two different garments (Classic Fit vs Slim Fit Gold School Chino, Barnstormers vs Blank, are separate titles). The brief's expected figure was 90; I get 89 by this method and both the SALE-stripped and raw variants of the title key agree at 89, so I am reporting 89 rather than bending the method to hit 90. Shopify's own YGroup_* grouping tags were tested and rejected: they cover only 66 groups, leave 17 of the 196 ungrouped, and 6 groups merge two distinct titles (YGroup_GoldSchoolChino spans Classic Fit and Slim Fit). PDP, NOT FEED: 185 of the 772 records carry an empty body_html; within the 196 current records 9 do. The description for those renders only on the PDP, in a details_care accordion whose container is <div class=""metafield-rich_text_field""> - a same-origin fetch of /products/<handle> and an <li> read of that block recovers it (Waxed Duck Canvas Jacket = '100% cotton duck canvas', which a feed-only census reads as silent). All 89 styles were then re-read from the PDP metafield and compared with body_html: only 3 differ and all 3 are cosmetic (case; '3% Stretch' in the feed vs '3% Spandex' on the PDP for the Gold School Chino; the 1865 hat has the composition in the feed and not on the PDP). Furniture check: the same extractor on a non-product path returns an empty list, and the strings vary across products. COUNTS on 89: natural 72, synthetic 12, cellulosic 1, states no composition 4. Exact 80.90/13.48/1.12/4.49; integers by largest remainder 81/13/1/5. Natural includes cotton (incl. Pima and Peruvian Pima), merino wool, lambswool, cashmere, silk, nubuck leather. The single cellulosic-led style is Performance Poplin Sport Shirt, 49% Rayon / 48% Polyester / 3% Spandex. FIRST-COMPOSITION rule bites on 4 styles that list two cloths - Field Canvas Briar Pant (73/25/2 then '100% Cotton Overlay'), Boiled Wool Jacket (60% Wool/40% Viscose then '100% Pima Cotton Printed Lining'), Waxed Duck Canvas Briar Pant, Duck Canvas Barn Coat - in every case the main fabric is listed first, and Atherton Down Quilted Jacket reads synthetic because its first composition is the 100% Polyester shell, not the down. TIES: 3, all '50% Merino Wool / 50% Nylon' (Flying Wood Duck Merino Intarsia, Fisherman Merino, Birch Fair Isle Merino crewnecks). First-listed wins makes all 3 natural. The other resolution gives natural 69 / synthetic 15 = 78/17 as integers and would flip Sweaters from 10/10 natural to 7/10. NO COMPOSITION (4 styles, 15 listings): Circle Patch Twill Hat, Performance Flannel Sport Shirt, Stretch Belt, Logo Embroidered Canvas Webbed Belt. All four were checked on every colourway PDP as well as the feed and state nothing - the flannel shirt's details block is care and construction only. 'Stretch Belt' is a product NAME and is not read as a stretch claim. Long Drive Performance Polo was moved OUT of no-composition: its details bullet reads 'Recycled Polyester, Polyester, & Spandex Blend' with no percentages, which names fibres in order, so it is counted synthetic on first-listed and counted in spandex_styles but never in spandex_high_styles. PARSER: 85/85 classify, no unknown fibre descriptors, every chain sums to 100 +/-1. 'Drirelease(R) Recycled Polyester' and '8-Wale' were checked explicitly for the degree-sign class of failure and neither drops a fibre. SPANDEX (main fabric line): 29 styles carry a percentage of elastane/spandex, 9 of them at >=5% (percentages present: 2x10, 3x8, 4x2, 5x2, 6x3, 9x3, 13x1). The looser anywhere-in-the-string reading gives the SAME 29 and 9 - this house puts no elastane in rib, trim or lining. 3 further styles carry a named stretch with no percentage and are added per ruling 3, never to the high count: Cotton Oxford Sport Shirt ('Mechanical Stretch', main line 100% Cotton), Long Drive Performance Five-Pocket ('T400 Mechanical Stretch', main line 100% Polyester) and Long Drive Performance Polo (the unpercentaged Spandex Blend above). 29+3 = 32. Note the T400 judgement: Levi's row excluded elastomultiester from elastane counts, but ruling 3 is explicit that a named stretch with no percentage counts in spandex_styles, so it is counted here; removing it gives 31. Two further 'stretch' hits were prose and were excluded (marketing copy, not a fabric claim). SHAPE one: a cotton house with one synthetic corner. Category table (styles / natural / synthetic / cellulosic / none): Pants 16/15/1/0/0, Sport Shirts 16/14/0/1/1, Sweaters 10/10/0/0/0, Outerwear 9/5/4/0/0, Knit Tops 8/3/5/0/0, Socks 8/8/0/0/0, T-Shirts 8/7/1/0/0, Ties 7/7/0/0/0, Hats 4/2/1/0/1, Belts 3/1/0/0/2. Knit Tops is the only synthetic-led category (the Long Drive and Dunmore performance polos and quarter-zips). MEN'S BOUNDARY: Duck Head carries no women's or kids' range at all - zero gender tags, zero titles matching wom*/ladies/girls across all 772 records - so nothing was removed on ruling 5. Accessories (hats, socks, ties, belts) are kept in, as on the Levi's and Carhartt rows; a clothing-only cut would be 67 styles at 66 natural-led equivalents (see notes_b2d.txt)."
Wythe,118,95,76,1,3,5,0,one,[],"[""Shirts"", ""Outerwear"", ""Pants""]",title_dedup,296/118,none,1.0,complete,https://wythe.com/products.json?limit=250,"Census 2026-09-13 from wythe.com's own feed (wythenewyork.com 301s here). /products.json?limit=250 pages 250/47/0 = 297 records, 297 distinct ids, which reproduces the 298 sitemap URLs less the index stub. /collections/all/products.json returns the identical 297 set with zero on either side, so the 715 products_count advertised in collections.json is a stale counter and not a missed page. Shopify.shop=wythe-new-york.myshopify.com, currency.rate 1.0, active USD, locale en - one market, locale_dedup none. ENCODING: one record per colourway, titled 'Style - Colour', SKU STYLE-COLOUR-SIZE (CLT-DN-S) with seasonal one-offs coded SS24-07 / FW22-93. 297 records collapse to 118 styles. title_dedup is the primary key because SKU-stem dedup SPLITS six styles that Wythe re-released under a new code (Tencel Gabardine Pearlsnap = TGPS and SS22-15; Washed Flannel Pearlsnap = WFPS, FW21-01 and FW21-37; also Heavyweight Pinpoint Canvas Barn Jacket, Heavyweight Pinpoint Canvas Chino, Moleskin Pearlsnap, Washed Flannel Workshirt). Three manual corrections were applied where title_dedup goes the other way and the colour sits at the FRONT of the name: Chocolate Suede / Ranchero / Sand Suede Roper Boots are one style (all SKU FW22-93) and were merged 3->1; Cognac and Black Western Tooled Leather Bag are one style (MTLT-C, MTLT-B) and were merged 2->1; the Wythe Gift Card was dropped as not a product. Snuff Suede Western Boots (FW22-92) and Black and Bone Calfskin Western Boots (FW22-91) were checked and are genuinely two styles, as are the Bandana (SDB) and the larger Bandana Scarf (FW23-16). 122 raw title bases - 2 - 1 - 1 = 118; listings 297 - 1 gift card = 296. COMPOSITION: body_html is populated on all 297 records and the PDP renders the same body - every one of the 23 silent styles was re-fetched from /products/<handle> and no percentage appears anywhere in the PDP HTML, so there is no hidden metafield on this house. COUNTS on 118: natural 90, synthetic 1, cellulosic 4, states no composition 23. Exact 76.27/0.85/3.39/19.49; integers by largest remainder 76/1/3/20 (synthetic reads 1, not 0, because 0.85 wins a remainder - the house has exactly one synthetic-led style, the Alpine Jacket at '100% Nylon shell and lining'). Cellulosic 4 = three Tencel Gabardine styles (Printed Corral Plaid Tencel Ranch Jacket, Tencel Gabardine Western Pant, Tencel Gabardine Pearlsnap Shirt) plus the Southwest Souvenir Jacket at '60% Acetone, 40% Tencel' - 'Acetone' is Wythe's own misspelling of acetate and is mapped to cellulosic; read literally it is not a fibre and that style would fall to no-composition. Natural includes cotton, wool (incl. Andean Highland and Donegal), linen, alpaca, silk, leather/suede/calfskin, shearling. Coverage 95/118 = 80.5%, above the line, so status complete. NO COMPOSITION (23): 8 footwear, 3 belts, 8 leather/suede/shearling outerwear and trousers (Leather/Suede/Nubuck Five Pocket Flares, Leather Fringe Vest, Mustang Fringe Leather Jacket, Suede Shearling Ranch Jacket, Japanese Indigo Corduroy Ranch Jacket, Embroidered Bedford Cord Ranch Jacket), 2 bedford cord jackets, Western Topcoat, Tencel Gabardine Patio Shirt. These name a cloth qualitatively ('100% cotton'-free prose such as 'Shearling-lined body', 'bedford cord', 'tencel gabardine') but state no percentages, and are held as no-composition on the Carhartt-footwear precedent. ALTERNATE: reading a bare qualitative fabric name as a composition would move roughly 15 to natural (leather/suede/shearling/cotton cords), 1 to cellulosic (Tencel Gabardine Patio Shirt) and leave the brass buckle silent, giving about 105 natural / 1 synthetic / 5 cellulosic / 7 none = 89/1/4/6. PARSER: every parsed chain sums to 100 +/-1; '2% Other' and '4% Other' appear and are carried as unclassified tail without affecting any main fibre. Failures caught and fixed by hand-validation: splitting a chain on the word 'and' silently destroyed '100% responsibly sourced and regenerated tencel gabardine' (would have read Tencel Gabardine Pearlsnap Shirt as no-composition); '100% Fully-fashioned', 'These sweaters are about 90% hand-knit, with roughly 10% machine...' and 'runs on 100% renewable electricity' are percentages that are not compositions and are rejected because no chunk classifies to a fibre; '16% Recycled Poylester' is the brand's own misspelling and is mapped. ORDER IS NOT DESCENDING on this house - '32% cotton, 68% Wool' is filed cotton-first, so the main fibre is taken as the highest share and never the first-listed except at a tie. TIES: 0, so the other resolution is identical. 'Pile lining is 49% poly, 27% acrylic, 24% wool' is a lining line and is skipped in favour of the shell. SPANDEX (main fabric line): 5 styles, 0 at >=5% - four Recycled Cotton Camp Socks at 4% and the plain Recycled Cotton Camp Sock at 2%. The anywhere-in-the-string reading gives the same 5 and 0. 0 named stretch with no percentage: six body_html 'stretch' hits are all prose about how the cloth wears ('will stretch back out', 'This fabric will stretch, so don't worry') and none is a fabric claim. SHAPE one: a cotton/wool workwear house end to end. Category table (styles / nat / syn / cel / none): Outerwear 23/12/1/2/8, Shirts 20/18/0/1/1, Pants 16/12/0/1/3, T-Shirts & Tanks 11/11/0/0/0, Hats 9/9/0/0/0, Footwear 8/0/0/0/8, Sweatshirts 8/8/0/0/0, Sweaters 7/7/0/0/0, Socks 5/5/0/0/0, Scarves & Bandanas 4/4/0/0/0, Belts 3/0/0/0/3, Bags 2/2/0/0/0, Thermals 2/2/0/0/0. No category is synthetic-led, so synthetic_categories is []. MEN'S BOUNDARY: Wythe has no women's range - zero gender tags across a 6-tag vocabulary, zero wom*/ladies titles, no women's collection in the 48 published collections and no women's link on the homepage - so nothing was removed on ruling 5 and the full 118 is the men's row."
AYR,76,76,97,3,0,5,0,one,[],"[""Knits"", ""Outerwear & Jackets"", ""Woven Shirts""]",manual,226/76,none,1.0,complete,https://ayr.com/collections/everything-menswear/products.json?limit=250,"Census 2026-09-13 from ayr.com's own feed. /products.json?limit=250 pages 192/0 = 192 records, matching the 193 sitemap URLs less the index stub. Shopify.shop=ayr-production.myshopify.com, currency.rate 1.0, active USD, one market, locale_dedup none. THERE IS A MEN'S RANGE AND IT IS NOT SMALL - this is the finding, contra the expectation of a possible counted zero. AYR is predominantly womenswear (114 of 192 records tagged womenswear) but 79 records carry the tag 'menswear' and the brand publishes them as /collections/everything-menswear. The two agree EXACTLY: the collection returns 79 products, the tag returns 79, the only difference is the Digital Gift Card which carries both tags and was dropped. 78 men's records after that. No boys'/kids' range exists. Nothing was swept in and nothing removed on ruling 5 beyond the gift card. ENCODING: colour is a variant INSIDE the record (186 of 192 records carry a Color option), so the 78 records hold 226 colourways. colourway_ratio is reported as colourways over styles (226/76) rather than records over styles (78/76), because the record-level ratio would read 1.03 and hide exactly the thing the ratio exists to expose. Records collapse to styles by handle plus two manual merges: the-pro-navy + the-pro-3 are one chino in two colours with the identical '100% Cotton' (merged), and the-casino-2 + the-casino-final-sale are the same jacket with a sale duplicate carrying the identical material string (merged). Three other duplicate-title pairs were checked and KEPT separate because they are different cloths under one silhouette name and have different compositions: the-dive-flannel vs the-dive-cotton, the-scrambler (Khaki: 100% Cotton) vs the-scrambler-leather (100% Cow Leather), the-everyday-in-cool-wool vs the-everyday-1. 78 records -> 76 styles. PAYLOAD/PDP, NOT FEED: body_html carries a percentage on only 35 of 78 records. The composition lives on the PDP in a Material accordion, <div class=""blurb user-content"" id=""material-details-panel"">, which is server-rendered and never appears in the feed. Reading that panel on all 78 men's PDPs returns a percentage composition on 78 of 78 - coverage is 100% and this row would have read 45% undisclosed from the feed alone. Furniture check: the panel is absent on a non-product path, and the 78 strings reduce to 56 distinct values, so it is per-product and not page furniture. COUNTS on 76: natural 74, synthetic 2, cellulosic 0, no composition 0. Exact 97.37/2.63/0/0; integers by largest remainder 97/3/0/0. The 2 synthetic-led styles are The Tokyo (100% Polyester) and The Double Double (a down jacket whose first composition is 'Shell & Lining: 100% Nylon', the filling '90% Down / 10% Waterfowl Feathers' being second and therefore not the main fibre). Natural includes cotton (organic, Peruvian, Pima), merino and virgin wool, linen, hemp, cashmere, cow and goat leather, down. cellulosic_pct is 0 but that is not zero cellulosic: lyocell appears in the main line of 4 styles (The Ginza, The Apollo Jacket, The Apollo Trouser, The Normie) and leads none of them - 46% Cotton / 38% Lyocell / 16% Linen is the recurring cloth. COLOUR-CONDITIONAL COMPOSITIONS are the live hazard on this house and the first composition listed is taken, as on the Carhartt row: 'Khaki, Vintage Navy: 59% Cotton / 41% Linen. Great Outdoors: 52% Linen / 48% Cotton' (cotton), 'Camel: 100% Wool (85% Recycled Wool). Navy: 100% Cotton.' (wool), 'Brushed Cotton Twill: 100% Cotton. Breeze Linen: 75% Lyocell / 25% Linen' (cotton), 'Five Year: 100% Cotton. Brodo: 98% Cotton / 2% Elastane Corduroy.' - reading the LAST colourway instead would move The Ginza and two others and is the alternate resolution. PARSER: 76/76 classify. Fixes made by hand-validation: the trailing 'Learn more about our Softie Yarn' marketing tail is cut before parsing, a parenthetical sub-percentage ('100% Wool (85% Recycled Wool)' summed 185) is stripped, and the prose tail of the Casino's linen story ('runs on 100% renewable electricity') summed 200 until unclassifiable chunks after the first fibre chunk were dropped. Two residual sums remain below 100 and are documented rather than hidden: the-assignment parses '75% Cotton / 25%' = 75 and the-ginza '46% Cotton / 38% Lyocell / 16%' = 84, both because AYR runs a second colourway label straight on with no full stop ('25% Ramie Old Wood: 100% Cotton'); the leading fibre is intact in both and the verdict is Cotton either way. TIES: 1, the-match at '50% Cashmere / 50% Cotton'; both halves are natural so the other resolution gives identical numbers. SPANDEX (main fabric line): 5 styles, 0 at >=5% (2%, 2%, 4%, 4%, 4%). Anywhere in the string - which on this house means other colourways' compositions and the lining - gives 8 styles and 1 at >=5%. 0 named stretch with no percentage. SHAPE one: every category is natural-led, so synthetic_categories is []. Category table (styles / nat / syn / cel / none): Knits 18/18/0/0/0, Outerwear & Jackets 18/16/2/0/0, Woven Shirts 13/13/0/0/0, Sweaters 11/11/0/0/0, Pants 7/7/0/0/0, Shorts 4/4/0/0/0, Denim 2/2/0/0/0, Belts 1/1/0/0/0, Hats 1/1/0/0/0, Ties 1/1/0/0/0 (The Only Tie is typed 'Dresses' in the feed - a brand typo, not a women's item)."
Alex Mill,55,54,98,0,0,1,0,one,[],"[""Men's Wovens"", ""Men's Pants"", ""Men's Jackets""]",title_dedup,170/55,none,1.0,complete,https://www.alexmill.com/collections/all-mens/products.json?limit=250,"RESTATED UNDER RULING 7. Re-measured 2026-09-14 from /collections/all-mens/products.json (348 records today against 347 in the earlier pass) with /collections/womens-shop-all (504) as the cross-file check. product_type today: Unisex Accessories 148, Men's Wovens 40, Men's Pants 37, Men's Knits 29, Men's Sweaters 24, Men's Jackets 21, Unisex Hats 20, untyped 10, Unisex Pajamas 7, Women's Accessories 4, Unisex Knits 4, Men's Shorts 3, Men's Accessories 1. THE ONLY GENDER CHANGE RULING 7 MAKES HERE IS 4 RECORDS. The earlier row already carried the 7 Unisex Pajamas records (3 styles) because they appear nowhere in the women's collection; what it dropped on the also-in-women's test was Unisex Knits 4. Those 4 records are four colourways of ONE style, the J.Press x Alex Mill Rugby Striped Shirt in Cotton, stated in body_html as '100% heavyweight cotton jersey' - natural. So the row moves from 54 styles / 166 records to 55 styles / 170 records, styles_with_composition from 53 to 54, natural from 53 to 54, and the integers from 98/0/0/2 to 98/0/0/2 - unchanged, because one natural style on a 98%-natural house cannot move a point. The single no-composition style is still the Reproduction of Found German Military Trainers ('Leather upper, suede mesh lining with rubber outsole'), and a PDP-wide percentage regex on it still returns '100% Cashmere' from a cross-sell tile, which is why everything here is read from body_html only. Spandex is still 1 style (Standard Pleated Pant in Chino, 98% cotton / 2% elastane) and 0 at >=5%. ACCESSORIES-INCLUSIVE ALTERNATE, reported separately as asked: folding in Unisex Accessories 148 and Unisex Hats 20 as well gives 335 records / 92 styles on today's feed, 89 with composition, natural 88 / synthetic 1 / cellulosic 0 / none 3 = 96/1/0/3, spandex 3 with 2 at >=5% (leather goods with elasticated parts). That is a SCOPE question, not a gender one, and it nearly doubles the style count without changing the cloth story. CATALOGUE DRIFT, stated so it is not mistaken for the ruling: measured cold today the men's-typed-plus-kept-untyped core is 156 records / 49 styles rather than the recorded 166/51, i.e. Alex Mill has dropped about 5 styles in a day; the row above applies the ruling-7 delta (+1 style, +4 records) to the recorded baseline so that the restatement isolates the ruling. A cold re-measure of the whole restated scope today would read 167 records / 53 styles, 52 natural / 1 none. || RESTATED 14 Sep under ruling 7 (unisex counts as men's); previous styles_total 54."
Robert Barakett,75,60,63,16,1,11,3,one,"[""Jackets""]","[""Shoes"", ""Polos"", ""Tees""]",product_code,258/75,none,1.0,complete,https://robertbarakett.com/products.json?limit=250,"Census 2026-09-13 from robertbarakett.com's own feed. /products.json?limit=250 pages 250/29/0 = 279 records, 279 distinct ids (the brief's 261 sitemap figure is short of the feed; the feed is the larger and was used). Shopify.shop reads staging-robertbarakett-us.myshopify.com - that is the live US storefront's own shop handle, not a staging mirror; currency.rate 1.0, active USD, locale en, one market, locale_dedup none. MEN'S BOUNDARY: 20 records are typed Women's Tee (The Barakett Women's Tee, The Barakett Women's V Tee) and were removed on ruling 5, plus 1 gift card. 258 men's records. No kids' range. ENCODING: one record per colourway, SKU RB262135-DKIND-XS = product code + colour + size, and here the numeric stem IS the style, so style_method is product_code: 258 records -> 75 stems against 77 raw title bases. The two places title_dedup and the code disagree are both the code being right - RBSH52000 is sold as both 'The Terrance Sneaker' and 'Terrence Sneaker' (the brand's own misspelling) and RB41221 as both 'Linear 5 Pocket Pant' and 'Linear Stretch Pant'. Colour options carry one value per record, so 258 records = 258 colourways. PAYLOAD/PDP, NOT FEED - this row is unreadable from the feed. body_html carries a percentage on only 11 of 258 records; the composition is a PDP metafield rendered into a product accordion, <div class=""metafield-rich_text_field""> inside ProductAccordion-collapsible, as the first <li> of the details list. All 258 men's PDPs were fetched same-origin and read that way. Composition completeness varies BY COLOURWAY, exactly as on the Levi's row: The Georgia SS Polo (RB52633) and RB01030 are silent on their first colourway and state '100% USA-grown Pima cotton' on another, and RB262187 states '60% Lyocell, 37% Cotton, 3% Elastane' on one colourway and nothing on the next - a one-PDP-per-style read would have scored three styles as undisclosed. A style is counted as stating a composition if any of its colourways does; only one stem (RB11016) shows two spellings of the same string and none shows two different cloths. COUNTS on 75: natural 47, synthetic 12, cellulosic 1, states no composition 15. Exact 62.67/16.00/1.33/20.00; integers by largest remainder 63/16/1/20. Coverage 60/75 = 80%, above the line, so complete. THE EXPECTED VERY-HIGH-NATURAL READ IS WRONG AND THIS IS THE FINDING. Barakett's signature Pima cotton knitwear is real - Tees 8/8 natural, Polos 9 of 11, Sweaters 7 of 8, nearly all '100% Pima Cotton' or '100% USA grown Pima cotton' - but it is under half the range. 22 of 75 styles are footwear and 8 are jackets, and the technical half of the catalogue is polyester-led: 63% Polyester/37% Cotton, 85% Polyester/14% Cotton, 87% Polyester/10% Viscose/3% Elastane, 98% Polyester/2% Elastane, 77% Polyester/20% Rayon/3% Elastane, 72% Nylon/28% Elastane. CELLULOSIC IS A THIRD FIGURE AND IT IS SMALL, NOT ABSENT - and it is not the modal share the brief anticipated. A cellulosic fibre appears in the main line of 10 of the 60 stated styles (modal, viscose, rayon, lyocell, TENCEL) but LEADS only one: Brad Stretch Five-Pocket Pants at 60% Lyocell, 37% Cotton, 3% Elastane. The near-misses are 50% Cotton/50% Modal (a tie resolved to cotton), 41% Cotton/32% Polyester/27% Modal and 70% Cotton/30% TENCEL. Reading 'cellulosic anywhere in the main line' rather than 'cellulosic leads' gives 10 of 75 = 13%. TIES: 2. RB262089 '50% Wool, 50% Acrylic' -> wool, natural. RB61098 '50% Cotton, 50% Modal' -> cotton, natural. Resolving both the other way gives natural 45, synthetic 13, cellulosic 2 = 60/17/3/20 as integers, and does not flip any category verdict. NO COMPOSITION (15): 11 footwear stems that describe the shoe qualitatively only, plus 4 garments - RB262239 (Jacket), RB262094 (LS Sport Shirt), RB31150 (Hoodies), RB61050 (SS Polo) - each checked on every one of its colourways. Eleven further footwear stems DO state a composition and are counted natural - 'Made from 100% Italian calfskin leather with a rich nappa calfskin lining', '100% premium leather upper', '100% Italian suede leather' - while RBSH61003's '100% Nylon/Cotton Knitwear upper with vacchetta calfskin leather' is counted synthetic on first-listed. The shoes carry Barakett's own RBSH***** codes, so they are in-house product and not a stocked third-party line. PARSER: 60/60 classify, no unknown descriptors, every chain sums to 100 +/-1 ('85% Polyester 14% Cotton' at 99 is the brand's own arithmetic and is inside tolerance). Lining clauses are cut before the main fibre is taken. '100% Polyester web braiding' (belt) is a real main line and is counted synthetic. SPANDEX (main fabric line): 11 styles carry a percentage of elastane, 3 of them at >=5% (5%, 8%, 28%). The anywhere-in-the-string reading gives the same 11 and 3 - no rib, trim or lining elastane is disclosed on this house. 0 named stretch with no percentage: the Linear Stretch Pant is a product NAME and its main line is read, not its name. SHAPE one: the Pima knit story is the single largest cloth but does not split the house into halves; synthetic leads only in Jackets (4 of 7 stated). Category table (styles / nat / syn / cel / none): Shoes 22/10/1/0/11, Polos 11/9/1/0/1, Jackets 8/3/4/0/1, Sweaters 8/7/1/0/0, Tees 8/8/0/0/0, Belts 6/5/1/0/0, Sport Shirts 3/1/1/0/1, Hoodies 2/0/1/0/1, Pants 2/1/0/1/0, Quarter Zips 2/1/1/0/0, Vests 1/0/1/0/0, Cardigan 1/1/0/0/0, Jogger 1/1/0/0/0. Hoodies and Vests are synthetic-led on the numbers but carry fewer than 5 stated compositions and are not named, on the Carhartt precedent. ALTERNATE DENOMINATOR: a clothing-only cut dropping the 22 shoe stems and 6 belt stems gives 47 styles - natural 32, synthetic 10, cellulosic 1, none 4 = 68/21/2/9, with spandex 10 main-line (3 at >=5%) and colourway_ratio 176/47."
Easy Mondays,22,19,86,0,0,7,5,one,[],"[""T-Shirts"", ""Shirts"", ""Polos""]",handle,80/22,"none (single sitemap, no locale paths, Shopify.locale en)",0.72695604,complete,https://easymondays.ca/products.json?limit=250&page=1,"Census 2026-09-14 from easymondays.CA (easymondays.com does not resolve). /products.json?limit=250&page=N returns 23 then ZERO on page 2, and the product sitemap returns the same 23 handles, so 23 is the real catalogue and the 23 is NOT page-one gating - it was checked three ways. collections.json reports inflated products_count (all=170, summer-sale-30-off=236) but /collections/all?page=1..8 serves the same page every time, the union of handles across every collection page is 19, all inside the 23, and /collections/all/products.json paged also gives 23; those counts are stale. 23 records minus 1 gift card = 22 clothing styles. STYLE METHOD handle: colour is a variant option INSIDE one record (Color option values summed = 80 over 22 styles), so colourway_ratio is 80/22 and not 1.00. FEED CURRENCY: Shopify.currency = {active USD, rate 0.72695604} - a CAD-denominated feed with USD active, which is exactly why that column exists; nothing in this row depends on price. COMPOSITION lives in a PDP metafield rendered as a Material bullet ('- 95% cotton, 5% elastane'), not in products.json body_html, so all 23 PDPs were fetched same-origin. COUNTS on 22: natural 19, synthetic 0, cellulosic 0, states no composition 3. Exact 86.36/0/0/13.64 -> largest remainder 86/0/0/14. Natural is cotton throughout; there is not one synthetic-led or cellulosic-led style in the range. NO COMPOSITION (3, each checked by hand on the PDP - there is no Material metafield, only prose): Slub Cotton Zip Hoodie ('Slub cotton fleece'), Slub Cotton Sweatshirt ('Subtle irregular texture'), Stretch Poplin Shirt ('Lightweight cotton poplin with stretch'). Counting those three as cotton on the prose gives natural 22 = 100/0/0/0; they are held as no-composition because no percentage is stated. TIES: zero - no style has two fibres at the same highest share, so ruling 1 does not move this row and the other resolution gives the same 19/0/0. PARSER: 19/19 chains sum to 100 exactly; no unknown fibre descriptor. SPANDEX (main fabric line, which here is the single Material line): 6 styles carry elastane or Lycra (5% x4 on the tee/blazer block, 5% on the Diagonal Zip Up Jacket, 3% Lycra on the Stretch Chino); 5 of those are at >=5%. The looser anywhere-in-the-string reading gives the SAME 6 - this house states no lining, trim or rib composition at all. Ruling 3 adds 1 named stretch with no percentage (Stretch Poplin Shirt) to spandex_styles and never to spandex_high_styles: 6+1 = 7. MAIN FIBRE AT A MULTI-PART STYLE: the Diagonal Zip Up Jacket is 51% cotton / 45% polyamide / 5% elastane - cotton leads and is first, so natural either way. SHAPE one: T-Shirts 6 (6 natural), Shirts 4 (3 natural / 1 none), Polos 3 (3), Blazers & Jackets 3 (3), Bottoms 3 (3), Sweats & Hoodies 3 (1 natural / 2 none). No category is synthetic-led so synthetic_categories is []; the three named natural categories are the three largest natural-led ones. MEN'S/WOMEN'S: the store is men's only (title 'Easy Mondays Mens Apparel'); no women's, boys' or kids' record exists in the feed, so ruling 5 removes nothing. Gift card excluded as not clothing; including it gives 23 styles, 19 with composition, 83/0/0/17."
Indochino,1371,1364,99,1,0,239,27,one,[],"[""Pants"",""Blazers"",""Suits""]",handle,1371/1371,"none (single /product/ namespace, one host, no locale or currency variants)",not shopify,complete,https://www.indochino.com/sitemap.xml,"Census 2026-09-14. Custom made-to-measure platform: /products.json 404s, there is no product sitemap index, and the flat /sitemap.xml is 2650 URLs of which 2198 are /product/ pages (322 /collection/, 78 /showroom/, 36 /the-fitting-room/, the rest static). All 2198 were fetched. THE STYLE DEFINITION IS THE WHOLE QUESTION AND HERE IS WHAT I COUNTED: A STYLE IS ONE GARMENT SHAPE IN ONE FABRIC - one /product/ page - exactly as Son of a Tailor was handled last batch. helston-blue-shirt and helston-pink-shirt are two styles, not one Helston shirt, because each is its own page with its own price and its own stated composition; and hayward-flannel-navy-suit, hayward-flannel-navy-blazer and hayward-flannel-navy-pants are three styles, not one, because the catalogue is genuinely fabric x garment and the same cloth is sold as three separate garments. THE ALTERNATE READINGS, which differ a lot: BY GARMENT SHAPE ALONE it is 10 shapes (suit, blazer, pants, shirt, camp shirt, outerwear, bomber jacket, trench coat, knitwear, jacket) and the fibre question has no answer per style, because one shape spans wool, cotton, linen and polyester. BY FABRIC FAMILY (the first slug token - helston, hayward, harrogate, hemsworth ...) it is 156 fabrics, which is the truest count of how many CLOTHS Indochino offers but throws away the fact that a fabric sold as suit + blazer + pants is three purchasable products. BY DISTINCT COMPOSITION it is only 61 strings (100% Wool x477 products, 100% Cotton x218, 97% Wool/3% Spandex x79, 97% Wool/3% Cashmere x74, 90% Wool/10% Cashmere x40 ...), which reads about 92/8/0 and understates how much of the range is plain wool. The cell carries the 1371 page-level count. MEN'S BOUNDARY: gender is in the JSON-LD category field, which suffixes women's items - pants_women 247, blazer_women 243, suit_women 231 = 721 women's styles removed. No boys' range exists. Also removed: 103 accessories (ties, pocket squares, cufflinks, collar stays, tailor's kit), 1 customization_package (Make It a Tuxedo), 1 additional_charge (Measurement Appointment) and 16 alteration services filed as products (Jacket-LEFT-Sleeve-Length, Pants-Cuffed-hem, Shirt-Create-darts and the like). Those 16 are the reason a naive 2198-minus-women count is wrong. MEN'S CLOTHING 1371 = pants 345, blazer 341, suit 315, shirt 220, campshirt 52, outerwear 33, bomberjacket 32, trenchcoat 23, knitwear 8, jacket 2. PAYLOAD, NOT DOM: composition is in the PDP's JSON-LD material field and again in an embedded Composition.Label object. CRITICAL: THE TWO FIELDS DISAGREE AND Composition.Label IS THE WRONG ONE ON TAILORING. On 705 of the 1371 men's styles Composition.Label is a yarn count, not a fibre - 'Super 100s' (217), 'Super 130s' (193), 'Super 110s' (114), 'Super 120s' (111), 'Super 80s' (29), 'Super 140s' (25), 'Super 160s' (9), plus 7 bare fabric SKUs (SF2529, SH187B...). Reading Composition.Label alone returns 705 unclassifiable rows and would have made this a partial row at 48% coverage. The JSON-LD material field on the same pages says '100% Wool' and '97% Wool, 3% Spandex'. material is read first, Composition.Label only as fallback. A further 41 pages (bombers, henleys, cable-knit sweaters) emit no parsable JSON-LD Product at all and were re-read by regex for ""category""/""material""/Composition.Label. COUNTS on 1371: natural 1351, synthetic 13, cellulosic 0, no composition 7. Exact 98.54 / 0.95 / 0.00 / 0.51; integers by largest remainder = 99 / 1 / 0 / 0. Coverage 1364/1371 = 99.5%. Natural is overwhelmingly wool (477 styles at 100% Wool alone), then cotton and linen; the 13 synthetic are 8 trench coats, 2 bombers and 3 shirts led by polyester. ZERO CELLULOSIC: no rayon, viscose, modal, lyocell or Tencel appears anywhere in the men's range - cellulosic_pct 0 is a counted zero, not a rounding artefact. TIES: 15, every one of them natural-vs-natural (50/50 wool-cotton, wool-silk and wool-linen cloths), so first-listed and last-listed give the identical 1351/13/0. PARSER: 1364/1364 classify, no unknown descriptors, and every parsed chain sums to 100 +/-1 - zero sum failures on this house. SPANDEX, MAIN FABRIC LINE ONLY: 239 of 1371 carry elastane/spandex/Lycra, 27 at >=5%. Indochino states one main fabric string per product and never lists lining or trim in it, so the looser anywhere-in-the-string reading gives the SAME 239 and 27. Ruling 3 adds nothing - there is no named stretch without a percentage. Typical strings are '97% Wool, 3% Spandex' (79), '98% Wool, 2% Spandex' (29), '95% Cotton, 5% Spandex' (19), '97% Wool, 3% Lycra' (11). SHAPE one: a worsted-wool tailoring house end to end. Every category is natural-led - Pants 345 (345 nat), Blazers 341 (341), Suits 315 (315), Shirts 220 (216 nat / 3 syn / 1 none), Camp Shirts 52 (52), Bomber Jackets 32 (29/2), Outerwear 33 (31 nat / 2 none), Trench Coats 23 (12 nat / 8 syn / 3 none), Knitwear 8, Jacket 2 - so synthetic_categories is [] because none leads, and trench coats are the only place synthetics get close. COLOURWAY RATIO IS 1.00 AND IS GENUINELY 1.00: there is no colour selector inside an Indochino product record. Colour is part of the fabric, each fabric-colour has its own /product/ URL, and the configurator's choices are fit and detailing, not colour. 1371/1371 is listings over styles on that basis. If you insist on treating fabric-colour as a colourway, the ratio against fabric families is 1371/156. ALTERNATE DENOMINATOR: including the 103 accessories gives 1474 styles with 1371+ stated (ties and pocket squares mostly state silk or cotton) and would not move the natural share materially, but accessories are not clothing and are excluded."
Proper Cloth,4957,4849,93,3,2,950,202,one,[],"[""Shirts"",""Pants"",""Sport Coats""]",product_code,4957/4957,"none (one host, one /shop/ tree, no locale or currency variants)",not shopify,complete,https://propercloth.com/shop,"Census 2026-09-14. THE SPEC'S PREMISE ABOUT THIS HOUSE IS RIGHT AND THE SITEMAP ROUTE IS A DEAD END: /sitemap_index.xml 404s, there is no product sitemap, and /sitemap.xml is 236 URLs of which 102 are /shop/ category pages (85 of them 3+ levels deep) and ZERO are product pages - a sitemap census would have returned 0 styles, not merely undercounted. A same-origin fetch of a /shop/ category URL also returns HTTP 202 with an EMPTY body, so the tree is not crawlable by fetch either; the pages only render when navigated. WHAT ACTUALLY WORKS: the rendered /shop/ grid is an Algolia instantsearch surface and the storefront's own public search credentials are inlined in the page (appId QJISO04YPP, search-only apiKey, index production_shop). Querying that index as the page does returns the whole catalogue with a structured FabricComposition array per record. That is provenance, not a back door - it is the same index the shop tree renders from. The index holds 41022 records; 27029 of those carry NO ShopCategories and are legacy /tailored-clothing/ pages outside the current shop tree. THE ROW IS THE CURRENT SHOP TREE. Records under the seven clothing top-levels - Shirts 2572, Pants 911, Sport Coats 599, Suits 372, Knitwear 257, Outerwear 178, Socks & Underwear 68 - are 4957 distinct products, captured exhaustively (Algolia's paginationLimitedTo caps any query at 1000 hits and returns nbHits 0 on page 1, so the pull was partitioned by category, then by PrimaryColor, then by shirt sub-category until every bucket was under 1000; the union is exactly 4957, matching the unpartitioned nbHits). THE STYLE DEFINITION, SAID EXPLICITLY: A STYLE IS ONE GARMENT SHAPE IN ONE FABRIC - one product record, one product page, e.g. 'Navy Allen Suit' - the same rule used on Son of a Tailor and on Indochino in this batch. ALTERNATE READINGS: BY GARMENT SHAPE / PARENT GROUP (the house's own sibling grouping, the '+14' on a shop tile) it is 742 distinct ParentProductTitles (582 distinct parentIDs plus 166 records with no parent) - 'The Clark Oxford Cloth Button Down', 'The Teton Flannel Shirt', 'The Allen Suit' - and at that level the fibre question has no answer per style because one shape spans cotton, linen, wool and Tencel. BY DISTINCT FABRIC it is 2511 FabricIDs. BY DISTINCT COMPOSITION it is only 328 strings. The cell carries 4957. MEN'S BOUNDARY: Proper Cloth is menswear only - there is no women's or boys' tree - so nothing was removed for gender. Removed as non-clothing: 483 Accessories (ties, pocket squares, cufflinks, belts, hats, scarves, gloves, tuxedo studs, masks). COMPOSITION: 4257 records carry FabricComposition in the index. The 700 that do not are structural, not random - the ENTIRE Knitwear, Outerwear and Socks & Underwear categories are empty in that field, plus 99 shirts and 73 pants. Per the spec's own instruction not to call a row partial before reading the payload, all 700 PDPs were fetched and read: composition is the first <li> of a JSON-embedded feature_bullets block ('<ul><li>100% Merino Wool</li><li>7-Gauge Medium Weight Knit</li>...'). That recovered 592 of 700 and took coverage from 85.9% to 4849/4957 = 97.8%. FURNITURE CHECK: the PDP nav contains a link literally reading '100% Cashmere Sweaters' on every page, so nothing was taken from raw page text - only feature_bullets. COUNTS on 4957: natural 4630, synthetic 128, cellulosic 91, no composition 108. Exact 93.40 / 2.58 / 1.84 / 2.18; integers by largest remainder = 93 / 3 / 2 / 2. Natural = cotton, wool, merino, cashmere, linen, silk, mohair, camel. Cellulosic includes Tencel/lyocell, rayon, modal and cupro; BAMBOO is read as cellulosic (one Performance Blend sock at 49% bamboo). The 108 with no composition are ready-to-wear tuxedos, a few Drago and Di Sondrio suitings, two service items (Home Try-On Kit) and a handful of polos. TIES: 36. They matter more here than anywhere else in this batch because Proper Cloth loves 50/50 cloths: 27 are natural-vs-cellulosic (50% Linen/50% Tencel, 50% Merino Wool/50% Lyocell, 50% Merino Wool/50% Rayon, 50% Cotton/50% Lyocell), 3 are natural-vs-synthetic (50% Cotton/50% Polyester), 2 are cellulosic-vs-natural, 1 natural-vs-natural and 3 resolve to an unnamed token the other way. First-listed gives 4630/128/91. THE OTHER RESOLUTION (last-listed) gives natural 4600, synthetic 131, cellulosic 116 = 93 / 3 / 2 as integers - the same row, but cellulosic rises from 1.84% to 2.34% of the house, which is the honest size of the effect. PARSER: components are de-duplicated before summing (the index stores some arrays twice - '53% Tencel, 53% Tencel, 45% Cotton, 45% Cotton, 2% Elastane, 2% Elastane' sums to 200 otherwise), and & entities are decoded (without that, '100% Todd & Duncan Scottish Cashmere' truncates at the ampersand and 40 cashmere sweaters read as unknown). After both fixes 19 rows still fail the sum test and every one is Proper Cloth's own arithmetic - '60% Cotton, 38% Nylon, 12% Elastane' (110), '48% Wool, 23% Silk, 24% Linen' (95), '65% Wool, 41% Silk, 14% Linen' (120), and one record that appends the untagged marketing token 'Cotton Linen Blend' after a 78/27 pair. The leading fibre is unaffected in all 19. SPANDEX, MAIN FABRIC LINE ONLY: 950 of 4957 carry elastane/spandex/Lycra, 202 at >=5%. Proper Cloth states exactly one composition per product - there is no lining, trim or rib string anywhere in the field - so the looser anywhere-in-the-string reading gives the SAME 950 and 202. Ruling 3 adds nothing; there is no named stretch without a percentage. The house's stretch is overwhelmingly 2-3% ('98% Cotton, 2% Elastane' is the single commonest cloth in the catalogue at 13912 index hits). SHAPE one: a natural-fibre tailoring and shirting house. Every category is natural-led - Shirts 2572 (2441 nat / 67 cel / 59 syn / 5 none), Pants 911 (832/1/48/30), Sport Coats 599 (574/0/5/20), Suits 372 (365/0/2/5), Knitwear 257 (243/0/4/10), Outerwear 178 (131/0/10/37), Socks & Underwear 68 (44 nat / 23 cel / 0 syn / 1 none) - so synthetic_categories is []. Underwear is excluded from the shape verdict per the spec and would not change it. COLOURWAY RATIO 4957/4957 = 1.00, AND IT IS GENUINELY 1.00 FOR THE SAME REASON AS INDOCHINO: there is no colour selector inside a record. Each fabric-colour is its own product page with its own composition; what the shop tile shows as '+14' is the house's sibling grouping of related fabrics, not colourways of one record. Against those parent groups the ratio would be 4957/742. ALTERNATE DENOMINATORS: (a) the whole Algolia index, i.e. the shop tree plus 27029 legacy /tailored-clothing/ fabric pages plus accessories = 41022 records - that is the true size of the fabric x garment configurator, but most of it is not in the current shop tree and it is not what the row measures; (b) shop tree including the 483 accessories = 5440; (c) parent groups = 742."
Tecovas,71,71,96,3,1,13,0,one,[],"[""T-Shirts"",""Button Downs"",""Jeans""]",handle,160/71,"none (single US storefront, one host)",absent,complete,https://www.tecovas.com/sitemap_products.xml,"Census 2026-09-14. THE FINDING IS THAT TECOVAS IS A BOOTMAKER THAT ALSO SELLS CLOTHES, AND THE CLOTHING ROW IS SMALL BUT IT IS NOT ZERO - 71 men's clothing styles, all 71 with a stated composition. Headless Shopify: /products.json, /collections/all/products.json, /products/<h>.json and /products/<h>.js all 404 to the Next.js app. Census is /sitemap.xml -> sitemap_products.xml = 534 URLs, of which 178 carry a ?color= query; de-duplicating on handle gives 356 distinct products, and all 356 PDPs were read. MEN'S BOUNDARY, from the house's own data not from a path rule: each PDP's JSON-LD ProductGroup carries audience.suggestedGender (male 153 / female 108 / unisex 95) and a BreadcrumbList that names the category. The four male-tagged products outside a Men's breadcrumb are all KIDS' boots (The Cartwright Kid/Toddler, The Doc Kid/Toddler) and are excluded - a gender-field-only rule would have swept them in. HOW MUCH OF THE HOUSE IS FOOTWEAR, plainly: of 356 products, 73 are boots or shoes and a further 82 sit under unisex Accessories (41 hats, 7 leather cares, 6 belt buckles, 5 bandanas, 5 cowboy hats, 4 socks, and singles) plus 10 Lifestyle objects (knives, coasters, watch bands, cologne, a MagSafe holder). On the men's side specifically the full men's range is 149 products: Boots 31, Shoes 5, Accessories 37 (20 belts, 9 wallets, 7 socks, 1 buckle), Bags 4, Leather Care 1 - and CLOTHING 71. So men's clothing is 71 of 149 men's products by count, but boots are the whole economic centre of the house and every apparel category is small. MEN'S CLOTHING 71 = Men's Apparel 60 (T-Shirts 30, Button Downs 17, Jeans 8, Sweaters 2, Outerwears 1, Pants 1, Tops 1) + Men's Outerwear 10 (Jackets 7, Overshirts 3) + Men's T-Shirt/Henleys 1. COMPOSITION: 62 of 71 state a percentage in the PDP's detail bullets. The other 9 were NOT written off as no-composition - the JSON-LD material field names the fibre on all 9: two Performance Western Pearl Snaps ('Polyester/Spandex', first-listed = polyester = synthetic), four graphic tees ('Supima Cotton'), the Field Jacket ('Canvas', with the bullet 'Mid-weight cotton canvas'), and two waxed ranch jackets ('Waxed Canvas', one of which states 'Waxed cotton canvas' in its bullets). The one judgement call in the row is mens-waxed-ranch-jacket, whose bullets say only '8 oz. British Millerain waxed canvas' without naming a fibre; it is counted natural (cotton) on the strength of the house's own material field and its sibling waxed-cotton jackets. If you refuse that inference the row is 70 with composition, natural 67, and 94/3/1/1. On a strict percentages-only reading coverage is 62/71 = 87%. FURNITURE CHECK: the material field is not page furniture - on boots it returns Goat, Ostrich, Caiman, Nile Crocodile, Shrunken Calf and so on, and the bullet extractor returns empty on a non-product page. COUNTS on 71: natural 68, synthetic 2, cellulosic 1, no composition 0. Exact 95.77 / 2.82 / 1.41 / 0.00; integers by largest remainder = 96 / 3 / 1 / 0. The single cellulosic is mens-lakeside-ss, '100% ultra-soft, lightweight Rayon'. The two synthetic are the two Performance Western Pearl Snaps. Natural includes cotton (Supima, pima, organic, recycled, denim, canvas) and 100% cowhide leather (the Leather Biker Jacket). TIES: 0. There is no 50/50 in the range, so first-listed and last-listed give the identical 68/2/1. PARSER: 71/71 classify. Every chain sums to 100 +/-1 except ONE, and it is Tecovas' own arithmetic: mens-slim-straight-stretch-corduroy states '81% Cotton / 15% Polyester / 1% Elastane' = 97. Cotton leads either way. SPANDEX, MAIN FABRIC LINE ONLY: 13 of 71, NONE at >=5% - the range tops out at 3% (mens-essential-flannel, '97% cotton, 3% spandex'). spandex_high_styles 0 is a counted zero. The looser anywhere-in-the-string reading gives 12 and 0 - LOWER, not higher, because one of the 13 (mens-performance-western-pearl-snap-ss) states its Polyester/Spandex only in the JSON-LD material field and not in the bullets at all. Both figures are on the main fabric; there is no lining or trim string anywhere in this catalogue. Two of the 13 are ruling-3 cases (named 'Polyester/spandex blend' with no percentage) and are therefore in spandex_styles but never in spandex_high_styles. One further style, mens-straight-crafted-denim, states '98% cotton, 2% polyurethane for comfort and recovery' and IS counted in spandex_styles because spandex/elastane is by definition a segmented-polyurethane fibre and this is the garment's stretch fibre; excluding it gives 12. SHAPE one: a cotton house. T-Shirts 30 (30 natural, almost all 100% U.S.-grown SUPIMA), Button Downs 17 (14 natural / 2 synthetic / 1 cellulosic), Jeans 8 (8 natural, cotton-led even where blended with REPREVE and Lycra), Jackets 7 (7), Overshirts 3 (3), Sweaters 2, Pants 1, Tops 1, Outerwears 1, Henleys 1. No category is synthetic-led, so synthetic_categories is []. COLOURWAY RATIO 160/71 is colour variants (JSON-LD ProductGroup hasVariant, de-duplicated on colour) over styles. NOTE that the sitemap-listing ratio would read 71/71 = 1.00 and would be misleading: Tecovas emits ?color= sitemap entries only for FOOTWEAR, so the 178 colour URLs in the product sitemap are all boots and none of them are apparel. ALTERNATE DENOMINATORS: (a) clothing + the 7 men's socks = 78 styles; (b) the full men's range including boots, shoes, belts, wallets, bags and leather care = 149; (c) the whole catalogue across all genders = 356. Boots, hats and belts are excluded from this row on the same basis Rothy's was handled last batch - the row is men's CLOTHING. || feed_currency_rate normalised to 'absent': headless shopify - no Shopify.currency object on the storefront"
Patrick James,273,273,93,6,1,32,6,one,[],"[""Shirts"", ""Sweaters & Layers"", ""Sport Coats""]",product_code,589/273,"none (one sitemap, no locale paths, single market)",1.0,complete,https://patrickjames.com/products.json?limit=250&page=1,"Census 2026-09-14. /products.json?limit=250&page=1..6 returns 250,250,250,250,250,26 then ZERO = 1276 unique ids, which reproduces the figure given. THIS IS A MULTI-BRAND RETAILER, 52 vendors, and THE VENDOR FIELD IS NOT THE BOUNDARY - proved both ways: vendor 'Patrick James' (195 records) contains titles 'Reserve Lyndhurst Lambswool Stripe Mock 1/4 Zip' and 'Dion Formalwear Floral Vine Reversible Pocket Square', while vendor 'Reserve' (93) contains titles 'Patrick James Trim Zip Cardigan'. The TITLE prefix is the maker. HOUSE = Patrick James + Reserve; Reserve is the in-house tailoring label, evidenced by its SKUs (19149, 19176, 19221) interleaving with Patrick James SKUs (19160-19223) in one numeric series and by its own parallel collection /collections/reserve. THE COLLECTION RULE IS ALSO WRONG ON ITS OWN: patrick-james + reserve + patrick-james-essentials = 293 ids and carries 3 Outlander, 5 Hagen, 1 Raffi, 3 Dion, 2 34 Heritage, 1 Jack Black grooming item and 1 'reno test item'. The set used is title-rule plus the 3 genuine house records the collections add (Patrick Lounge Short, Patrick Short Sleeve Knit Henley, Ceramica Plaid Shirt - Ceramica is a Reserve cloth) = 287 records. EXCLUDED: 989 records of other makers' stocked goods - Martin Dingman 161, Robert Graham 113, Bugatchi 80, Johnnie-O 70, Zelli 57, True Grit 51, Robert Barakett 41, 34 Heritage 39, Calder Carmel 39, Peter Millar 33, SAXX 30, Tori Richard 23, Tommy Bahama 23, Magnanni 21, Cutter & Buck 21, Marcoliani 20, Pig & Hen 18, Viyella 16, Faherty 14, OluKai 12, Remy Leather 11 and 31 further vendors. STYLE = the 5-digit numeric SKU stem, the retailer's item number (SKU '19222 COGN 8' -> 19222): 287 records -> 285 stems (stems 9154 and 9155, the Gabardine slacks, each appear twice). CLOTHING CUT: 285 less 7 footwear, 1 gift card, 2 collar-stay packs and 2 suede belts = 273; 2 beanies and 3 cashmere scarves kept as garments. COMPOSITION is prose inside products.json body_html ('Exceptional, 100% Super 120s wool') on 240 of 285, and the PDP adds 17 more = 257 percentage-stated. PDP text alone is unsafe - '50% off' and '70% off' sale badges parse as compositions, so a fibre-word filter is mandatory (furniture check). PARSER FIXES THAT CHANGED ANSWERS: (a) '100% Super 120's wool' - the grade number breaks the fibre capture, normalised to wool on 9 styles; (b) a NEWLINE inside the composition ('80% FIne\ncotton/20% merino wool') silently drops the leading fibre and the row sums to 20 unless all whitespace is collapsed first; (c) sentence-boundary chain break - '50% wool/50% acrylic. Quilted 100% nylon front' chains to 200% without it; (d) the house misspells polyamide as 'polymide' on 3 styles. After the fixes all 257 chains sum to 100 +/-1 with no unknown descriptors. LINING TRAP: the 4 Reserve Cashmere Sport Coats state the shell as 'Pure cashmere' with NO percentage and the only percentage on the page is '100% Bemberg Lining in the interior of the body and sleeves'; a label-only lining filter misses it because the word Lining FOLLOWS the number, so those 4 first read as 100% cupro/cellulosic and were corrected by hand to cashmere/natural. 16 further clothing styles state one material in prose with no percentage (Reserve Linen Sweater 'pure, all-natural linen'; Reserve Check Shirt 'Finest European cotton'; 2 merino pieces; 12 Italian lambskin/goat-suede jackets and vests) and are counted at 100% of that fibre - all natural. Holding those 16 as no-composition instead gives styles_with_composition 257 (94.1%), natural 239 and 16 no-composition. COUNTS on 273: natural 255, synthetic 15, cellulosic 3, no composition 0. Exact 93.407/5.495/1.099 -> floors 93/5/1 = 99 and the largest remainder (.495, synthetic) takes the spare point -> 93/6/1. Cellulosic 3 = one 86% viscose crew and 2 bamboo (bamboo viscose) sport coats. Synthetic 15 = 11 polyester travel/performance shirts (including 2 'ecofriendly ceramica' 70% polyester/30% viscose), 1 pant, 1 jacket, 1 sweater, 1 sport coat. TIES: 20, and they are one product family - the merino/acrylic mock-zip and herringbone sweater block, 18 of them '50% merino wool / 50% acrylic', plus 50% cotton/50% linen and 50% cotton/50% merino wool. First-listed wins makes 18 of the 20 natural. THE OTHER RESOLUTION (last-listed) gives natural 237, synthetic 33, cellulosic 3 = 87/12/1 - the single largest lever on this row. SPANDEX (main fabric line): 28 styles carry elastane or Lycra, 6 at >=5%. The anywhere-in-the-string reading is the SAME 28 and 6, because this house writes one prose composition per style and states no trim or rib percentages (the sole exception is the Bemberg lining above, which carries no elastane). Ruling 3 adds 4 named stretches with no percentage - Loro Piana 130s 'natural stretch' and 3 'four-way stretch' shirts - to spandex_styles only: 28+4 = 32. REJECTED under ruling 2: the 4 Cashmere Sport Coats' 'Stretch Gusset in armhole', which is construction, not the main fabric. SHAPE one: Shirts 86 (75 natural/11 synthetic), Sweaters & Layers 77 (75/1/1 cel), Sport Coats 50 (47/1/2 cel), Outerwear 31 (30/1), Pants 19 (18/1), Shorts 5 (5), Accessories 5 (5). No category is synthetic-led, so synthetic_categories is []. MEN'S/WOMEN'S SPLIT OF THE RAW FEED: zero women's - no title in the 1276-record feed contains women/womens/ladies/girls/boys/kids/youth. Patrick James is a men's-only retailer, so ruling 5 removes nothing on that axis. ALTERNATE DENOMINATOR: all 285 house stems including footwear, belts, collar stays and the gift card gives natural 255, synthetic 15, cellulosic 3, no composition 12 = 90/5/1/4 with colourway_ratio 605/285."
Barbour,172,172,76,23,1,19,3,split,"[""Outerwear""]","[""Shirts & Overshirts"", ""Knitwear"", ""Hats""]",product_code,280/172,none inside the measured set (the US site has its own sitemap index; 757/757 URLs are /us/ and all distinct codes),not shopify,complete,https://www.barbour.com/us/sitemap-product_us.xml,"Census 2026-09-14. Salesforce Commerce Cloud / Demandware, US locale /us/. There is no /sitemap.xml at the root; robots.txt declares a sitemap index per site and the US one is /us/sitemap_index.xml -> 5 files, of which /us/sitemap-product_us.xml holds 757 product URLs, reproducing the figure given. THE PRODUCT CODE IS THE CENSUS KEY: every URL ends -<CODE>.html where CODE = gender letter + 2 category letters + 4-digit style number + colour suffix (modern-beaufort-waxed-jacket-MWX2347NY96 -> M / WX / 2347 / NY96). All 757 parse, none unparsed. MEN'S/WOMEN'S SPLIT OF THE RAW FEED, from the code: L ladies 359, M men 324, U unisex 40, D dog 34. Per ruling 5 the 359 women's and 34 dog products are removed outright and the 40 unisex (14 accessories, 13 bags, 13 scarves) are removed because they are equally the women's range. No boys'/kids' code exists in the US catalogue, so nothing is removed on that axis. MEN'S = 324 URLs -> 206 style stems (first 7 characters); colour is the URL dimension, giving colourway_ratio 280/172 on the clothing cut. PAYLOAD BEFORE DOM, AND THE SPEC'S NAMED FIELD IS ABSENT HERE: c_materialComposition appears ZERO times on a Barbour PDP, as do __PRELOADED_STATE__, 'materialComposition', 'composition' and 'fabric'. Barbour server-renders composition into the 'Care & Information' accordion as an ORDERED LIST OF LABELLED PARTS - 'Outer: 100% Cotton (Waxed) | Inner: 100% Polyester | Trim: 100% Cotton | Collar: 100% Cotton | Filling: 100% Polyester'. That is ruling 2 exactly: every row reads the FIRST part only. Reading the whole string would make this a polyester house. COMPOSITION LABELS VARY INSIDE THE HOUSE: 'Outer:', 'Main:', 'Main Fabric:', 'Upper:', and a bare UNLABELLED composition line on 14 of the 172 clothing styles - a literal 'Outer:' regex reports those 14 as no-composition. NESTED SUB-LABELS: the waterproof range states 'Outer: Face: 65% Polyester, 35% Cotton, Membrane: 100% Polyurethane, Inner: 100% Polyamide' - one part containing three; chaining across them sums to 200% or 300%, which was the only signal, and the main fibre is the FACE of the outer, not the membrane. Barbour also ships typos ('Coton (Waxed)') and an unlisted '5% Other Fibres'. After those fixes all 206 men's first-parts sum to 100 +/-1 with no unrecognised descriptor and coverage is 206/206 = 100%, so status is complete. FURNITURE CHECK: the same extractor on /us/ (no product on the page) returns nothing, and the 172 clothing styles carry 48 distinct main-fabric strings with the commonest ('Outer: 100% Cotton (Waxed)') on only 18. LICENSED/COLLAB RANGE KEPT: 11 men's clothing styles are 'Paul Smith Loves Barbour' and they carry ordinary Barbour M-codes (MWX/MCA/MKN/MTS), sit on barbour.com and state composition the same way - a co-branded Barbour line, not a stocked third party. CLOTHING CUT: 206 men's styles less 8 sunglasses, 6 wellingtons, 6 boots, 3 slippers, 5 washbags, 1 leather wallet and 5 gift sets (bundles, not a single garment) = 172; 17 hats/caps, 6 gloves and 1 sock style kept as garments. COUNTS on 172: natural 131, synthetic 40, cellulosic 1, no composition 0. Exact 76.163/23.256/0.581 -> floors 76/23/0 = 99 and the largest remainder is the CELLULOSIC .581, so the spare point goes there -> 76/23/1; the single lyocell style (Burnett Denim Tailored Long Sleeved Shirt, 100% Lyocell) is not rounded out of existence. SHAPE SPLIT, and it is a real one: Outerwear 54 styles is 29 SYNTHETIC to 25 natural - waterproof polyester/polyamide shells with polyurethane membranes, quilted polyester and fleece against waxed cotton and wool - while Shirts & Overshirts 37 (28 natural/8 synthetic/1 cellulosic), Knitwear 27 (27 natural), Hats 17 (16/1), Tailoring 8 (8), Trousers 8 (8), Gloves 6 (6), Polos 5 (5), T-Shirts 4 (4), Socks 1, Shorts 1 are natural-led, with Sweatshirts 4 (2/2) even. The waxed-cotton house the name implies is the smaller half of its own outerwear. TIES: 2 - Clyde Sports Cap and Roker Sports Cap, both '50% Wool, 50% Polyester'; first-listed wins makes both natural. The other resolution gives natural 129, synthetic 42 = 75/24/1. SPANDEX (main fabric line, i.e. the first part): 19 styles, values 1,1,1,2,2,2,2,2,2,2,2,2,2,2,2,3,6,8,8, so 3 at >=5%. The anywhere-in-the-string reading over every part (outer, inner, trim, collar, filling, membrane) gives the SAME 19 and 3 - Barbour puts no elastane in linings or trims, so ruling 2 costs this house nothing on elastane; it is the ordering rule, not the elastane rule, that ruling 2 changes here. Named stretch with no percentage: zero across all 172 Care & Information blocks. ALTERNATE DENOMINATOR: all 206 men's styles including sunglasses, boots, wellingtons, slippers, washbags, the wallet and the gift sets = 324 colourway URLs, natural 152, synthetic 44, cellulosic 1, no composition 9 (8 sunglasses and 1 pair of slippers state none) = 74/21/1/4, colourway_ratio 324/206."
Baracuta,67,61,78,13,0,2,0,one,[],"[""JACKETS"", ""KNITWEAR"", ""ACCESSORIES""]",product_code,259/67,"4 locales -> root (en-US) only; 996 sitemap entries = 248 handles x 4 (root + /it + /de + /fr), 748 removed",1.15604,complete,https://us.baracuta.com/products.json?limit=250&page=1,"RESTATED UNDER RULING 7. Confirmed against the live feed 2026-09-14 rather than assumed: us.baracuta.com/products.json returns 306 records (302 in the earlier pass) and 13 carry gender:Unisex, reproducing the earlier count exactly. The 13 are 5 models - SEAMLESS WOOL HAT (3 records), SEAMLESS WOOL GLOVE (4), BRITISH WOOL SCARF (4), the G9 85th Anniversary Book (1) and a Repairs service (1). The book and the repairs service are not products and stay out; the three wool models are worn goods and this row's scope already carries an ACCESSORIES category, so they come in, bringing 11 listings with them. All three PDPs state 100% Lambs Wool - checked on the page, not inferred from the title - so all three are natural, which confirms the earlier note's '3 further natural garment models'. THE ROW MOVES FROM 64 TO 67 STYLES: styles_with_composition 58 -> 61, natural 49 -> 52, synthetic 9 unchanged, cellulosic 0 unchanged, no composition 6 unchanged, colourways 248 -> 259, and the integers move from 77/14/0/9 to 78/13/0/9 by largest remainder. Spandex stays 2 and 0 - lambswool accessories carry no elastane. feed_currency_rate is today's observed Shopify.currency.rate 1.15604; the earlier pass recorded 1.15907, which is a live FX drift and not a measurement difference. || RESTATED 14 Sep under ruling 7 (unisex counts as men's); previous styles_total 64."
Filson,224,224,94,6,0,9,2,one,[],"[""ShirtsTops"", ""Outerwear"", ""Bottoms""]",product_code,504/224,"none (928 sitemap product URLs, one prefix, 927 unique handles, no locale paths)",1.0,complete,https://www.filson.com/products.json?limit=250&page=1,"Census 2026-09-14. /products.json?limit=250&page=1..5 returns 250, 250, 250, 249 then ZERO = 999 unique ids, matching the 999 given. Page 4 returning 249 is NOT the end signal - only the zero page is; stopping below 250 would have been wrong here by luck rather than by rule. Sitemap: 928 product locs on one prefix, 927 unique handles, no locale paths, so locale_dedup is none. MEN'S BOUNDARY: the house's own /collections/mens tree, paged = 504 records, containing ZERO records whose handle or title says women. Cross-check: a women title/handle rule returns exactly 157 records and /collections/womens reports products_count 157, so the two agree and the line is clean. MEN'S/WOMEN'S SPLIT OF THE RAW FEED (999 records): men's clothing 504, women's 157, and 338 that are neither - 76 'Event' records (in-store retail events, vendor 'New York City Store', 'Edina Store' etc., not products at all), 71 Bags & Luggage, 70 Hats & Caps, 40 Home, 23 Accessories, 21 CapsHats, 8 Belts/Suspenders, 8 Footwear, 8 Gloves, 5 Pet, 3 Sporting Vests, 3 Collar/Harness, 1 PetOther, 1 Gift Card. The mens tree carries only garments: Outerwear 159, ShirtsTops 255, Bottoms 76, Vests 13, Liners 1. STYLE = the 8-digit Filson style number, taken from the house's own 'product: <slug>-<number>' tag and confirmed against the SKU prefix (SKU F1420291981-1-LtInd-XS-LKA with tag 'product: denim-guide-shirt-20291981' -> style 20291981). EVERY RECORD IS ONE COLOURWAY - the Color option has exactly one value per record - so the feed is a colourway feed, not a style feed: 504 records -> 224 styles, colourway_ratio 504/224. COMPOSITION is not in body_html (zero percentages there); it is the PDP product-specifications block, item-name 'Material' -> item-value, and all 224 men's styles carry one, so coverage is 100% and status is complete. FURNITURE CHECK: the same PDP text also carries '40% Off' badges, which a bare percent regex reads as a composition - a fibre-word filter is mandatory. 205 of 224 state percentages; 19 state the cloth in prose with no percentage and are read as that cloth - 8.1-oz. cotton twill, 8-oz. cotton flannel, 7-oz. dry-wax cotton, 12-oz. cotton waffle knit (x2), 400g merino wool, 24-oz./LY Mackinaw Wool (x3), 'Merino wool + oil finish cotton canvas overlay' and '14-oz. oil finish Tin Cloth + 6-oz. dry finish Cover Cloth + polyester twill' all natural (Tin Cloth is Filson's own 100% cotton waxed duck), against '1.5-oz. Cordura ripstop nylon + 60g PrimaLoft Gold + Moleskin cotton' and '1.5-oz. nylon + 60g PrimaLoft Gold + polyester microsuede' synthetic. PARSER: the Material string routinely lists SHELL + LINING + INSULATION joined by '+' - '8-oz. 100% cotton oil finish Cover Cloth + 11-oz. 100% cotton oil finish Tin Cloth' - and chaining across the '+' produces rows summing to 200%, 300% and 500%, which is the only signal the parse is wrong. Break on '+' ONLY when the running chain already sums to >=95 or the next segment opens with a weight (11-oz., 60g); otherwise '+' is a genuine composition separator, because '50% merino wool + 37% Tencel + 13% nylon' is one chain, not three. Filson also ships a typo, '8-oz. l00% cotton dry finish Shelter Cloth', with a lowercase L for the 1. After the fixes all 205 chains sum to 100 +/-1 with no unknown descriptor. COUNTS on 224: natural 210, synthetic 13, cellulosic 1, no composition 0. Exact 93.75/5.804/0.446 -> floors 93/5/0 = 98 and the two largest remainders (.804 synthetic, .750 natural) take the two spare points -> 94/6/0. CELLULOSIC READS 0 ONLY BECAUSE 1/224 = 0.4% ROUNDS DOWN, not because there is none: style 20307472/3, '50% merino wool + 37% Tencel + 13% nylon', is cellulosic-led. SHAPE one, a waxed-cotton, Mackinaw-wool and flannel house end to end: ShirtsTops 116 (113 natural/3 synthetic), Outerwear 72 (64/7/1 cellulosic), Bottoms 29 (27/2), Vests 6 (5/1), Liners 1 (1). No category is synthetic-led, so synthetic_categories is []; the 13 synthetic styles are the PrimaLoft and ripstop-nylon shell pieces. TIES: ZERO - no style's first composition has two fibres at the same highest share, so ruling 1 does not move this row and the other resolution gives the same 210/13/1. SPANDEX (main fabric line only): 9 styles, values 1,2,2,2,2,3,3,5,20, so 2 at >=5%. ANYWHERE IN THE STRING: 41 styles, still only 2 at >=5%. The 32-style gap is one repeated construction - the rib-knit cuff and waistband, '98% cotton/2% elastane rib-knit' and '87% wool/12% nylon/1% elastane rib-knit', sitting on waxed-cotton and down jackets whose shell has no elastane at all. Read anywhere-in-the-string Filson is an 18% stretch house; read on the main fabric line it is 4%. The cell carries 9. Named stretch with no percentage: ZERO in the Material field; 39 styles' marketing body copy mentions stretch (mostly the natural stretch of merino), but that is body copy, not the composition line, and ruling 2 keeps it out. EXCLUDED AS NOT CLOTHING AND THE ALTERNATE DENOMINATOR WITH THEM INCLUDED: 212 records / 123 styles outside the mens tree and not women's - Bags & Luggage 30 styles, Hats & Caps 46, CapsHats 13, Accessories 19, Gloves 4, Footwear 4, Belts/Suspenders 4, Sporting Vests 3 - plus 76 retail-event records, 40 Home, 6 Pet, 3 Collar/Harness and 1 gift card which are not products. Those 123 styles measure natural 98, synthetic 14, cellulosic 0, no composition 11; Bags & Luggage alone is 30 styles, 21 natural (waxed Tin Cloth and bridle leather) to 9 synthetic. ALTERNATE DENOMINATOR (men's clothing plus bags, luggage, hats, gloves, belts, footwear and accessories): 347 styles, 716 colourways, natural 308, synthetic 27, cellulosic 1, no composition 11 = 89/8/0/3 - adding the hard goods moves natural down five points."
James Perse,294,294,91,9,0,60,17,one,[],"[""Sweater Knits"", ""Pants"", ""Shorts""]",product_code,890/294,"none (single US store; Shopify.locale en, country US, no locale paths in sitemap.xml; both product sitemaps serve the same 1854 handles)",1.0,complete,https://www.jamesperse.com/collections/gender-mens/products.json?limit=250&page=1,"Census 2026-09-14. /products.json?limit=250&page=N returns 250x7+104 then ZERO on page 9 = 1854 unique ids; sitemap_products_1 returns the same 1854, so feed and sitemap agree. GENDER: vendor is the department here (Men's 844, Women's 583, Home 204, Accessories 183, Furniture 10, JP x Local Authority 13, JP Los Angeles 16, Gift Card 1). The house's own /collections/gender-mens paginates to exactly 890 = vendor Men's 844 + 37 men's Footwear + 9 JP-Los-Angeles boxer 3-packs, and vendor Men's holds zero home/footwear/bag records, so 890 listings is the men's range as the house draws it. REMOVED: 583 women's, 204 Home, 10 Furniture, 1 Gift Card, and 66 genderless Accessories (hats 22, bags 32, scarves 6, plus 6 home items) that /collections/mens-accessories sweeps in but gender-mens does not. STYLE METHOD product_code: colour is a SEPARATE RECORD (Color option carries one value per record) and the variant SKU is <STYLE>_<COLOUR>_<n>, so the stem before the first underscore is the style: 890 listings -> 294 stems, ratio 890/294 = 3.03 colours per style. Largest stems check out as one garment in many colours (MELJ3199 Luxe Lotus Jersey Tee x22, MBEL3614 Brushed Lotus Crew x20). COMPOSITION lives in a product TAG, contentdesc-<composition>, not in body_html (body_html is marketing copy and carries no fibre at all). Shopify splits tags on commas, so contentdesc-96% Cotton, 4% Elastane Woven arrives as TWO tags, 'contentdesc-96% Cotton' plus a bare '4% Elastane Woven'; the composition was reassembled as contentdesc-fragment first (it is the head of the original string) plus every other %-bearing tag. 889 of 890 listings carry contentdesc; 294 of 294 styles do. 56 distinct compositions, every one carrying percentages - the 'names the fibre but gives a percentage on only some' case does NOT fire on this house, so no stated-fibre alternate is needed. VALIDATED by hand against 4 PDPs: the rendered PDP composition matches the reassembled tag exactly (e.g. brushed-cotton-blazer-black PDP '50% Cotton, 42% Viscose, 7% Nylon, 1% Elastane' vs tag '50% COTTON, 1% ELASTANE, 42% VISCOSE 7% POLYAMIDE' - same fibres, same percentages, tag order alphabetised by Shopify). COUNTS on 294: natural 269, synthetic 25, cellulosic 0, no composition 0. Exact 91.497/8.503/0/0 -> largest remainder 91/9/0/0. 0 sum failures, 0 unclassified segments. TIES: ZERO - the last-listed resolution is identical, 269/25/0. SPANDEX: main fabric line 60 styles, 17 at 5%+; the anywhere-in-the-string figure is IDENTICAL (60/17) because contentdesc states one composition per style and never a rib, lining or trim percentage. 0 named-stretch-without-percentage styles. If polyurethane inside the composition were read as elastane (7 styles: 93/7 cotton/PU x5, 97/3 x1, 98/2 x1) the figures become 67 and 22. NATURAL includes cotton 181, cashmere 34, leather 28 (calf/cow-velour/suede), linen 21, wool 5; cellulosic-led is zero (the 5 viscose-bearing styles are 50% cotton-led). One style states '5% ME' (MCMT1499 Cotton Metal Twill Pant) - ME read as metal, synthetic, and cotton leads it anyway. ALTERNATE DENOMINATOR: dropping the 16 Footwear styles gives 278 clothing-only styles, 254 natural / 24 synthetic / 0 cellulosic = 91/9/0, unchanged."
Y.Chroma,38,37,66,31,0,21,12,split,"[""Outerwear"", ""Shorts""]","[""Shirts"", ""Pants"", ""Knitwear""]",manual,244/38,"none (single market, Shopify.locale en, no locale path prefixes, no country selector)",1.0,complete,https://www.ychroma.com/products.json?limit=250&page=1,"Census 2026-09-14 in-browser same-origin. /products.json?limit=250&page=1 returns 45 and page 2 returns ZERO. 45 is the real catalogue, not a fetch failure and not page-one gating, exactly as the brief says. ychroma.com redirects to www.ychroma.com. A WARNING FOR THIS PASS: the first census on this row silently measured the WRONG HOUSE. The working tab had drifted to another origin and /products.json returned 447 records with vendor 'Norse Projects'. Nothing in the payload says which shop it came from. Every census in this batch now refuses to run unless location.host matches the expected brand, and that guard should go in the spec - a same-origin fetch is only as trustworthy as the origin you are standing on. COMPOSITION IS NOT IN THE FEED. Only 2 of 45 body_html strings contain a percentage; the composition lives in a 'composition & care' accordion on the PDP, inside div.metafield-rich_text_field. All 45 PDPs were fetched and the accordion extracted - 45/45 returned text, 0 errors. FURNITURE GUARD: the same PDPs carry '100% CO2 NEUTRAL' and '100% of the CO2 generated by textiles' in a sustainability accordion, and the founder's prose says '100% of the pants in the mall'. A whole-page percentage grep would have scored 100% cotton on every style in the house. Targeting the one named accordion is what makes this row readable. EXCLUSIONS: 5 non-textile records removed (Roy Sunglasses x2, Bastion Sunglasses x2, Sunglass Leather Case). No stocked third-party goods exist - vendor is 'Y.Chroma Apparel' on all 45 and the sunglasses and eyewear case are Y.Chroma's own, made in Oyonnax and Andalucia. DE-DUPLICATION is manual because the house needs two different judgments: colour is a variant INSIDE each record (244 Color option values over 38 styles, ratio 6.4), but two records are colour editions of an existing garment under their own handles - drucken-short-mazarin-edit and drucken-track-jacket-mazarin-edit, both carrying the identical 76% nylon / 24% elastane of the parent - and they were collapsed into drucken-short and drucken-track-jacket per ruling 5's finish-variant half. 45 - 5 - 2 = 38. Power Cable Sweater 2023 Edition and 2026 Edition were NOT collapsed: the brand describes the 2026 as a redesign, not a finish variant. TWO PARSE FAILURES THE SUM CHECK CAUGHT AND NOTHING ELSE WOULD HAVE. (1) Retinol Pant and Retinol Short state '(72% polyester and 23% viscose), with about 5% elastan' - the elastane sits outside the bracket and across a prose gap, so the run read 95 and dropped it; merged by hand to 72/23/5, which also moves both styles into spandex_high. (2) Daytona Jacket states its composition ONLY in abbreviation codes - '17.4%Co, 2,4%PA, 29.9% PC, 4%PL, 2%PM, 3.5%Vi,42.7%WM' - which no fibre-name parser can read. Hand-decoded (Co cotton, PA polyamide, PC polyacrylic, PL polyester, PM metallised, Vi viscose, WM wool) it is wool-led at 42.7 and sums to 101.9, the brand's own arithmetic. Without the hand read this style would have counted as undisclosed. The house also mixes decimal commas and points inside one string (Varial Shirt-Cut Jacket: '6,6% Polyamide, 80,7% Polyester' next to '88.9% Polyacrylic'). ONE STYLE HAS NO COMPOSITION: Mazarin Cut Shell says 'heat impressed, breathable polyester' with no percentage. Held as no-composition (the strict reading). Read as 100% polyester under the open prose-composition ruling it would be 38/38 disclosed and 32 synthetic rather than 31. TIES: zero. First-listed and last-listed give the identical 25 natural / 12 synthetic, so ruling 1 does not touch this row. SUM CHECK after the fixes: all 37 within 100 +/- 1 except Daytona at 101.9 (brand arithmetic). SPANDEX both bases: main fabric line 21 styles, 12 at 5%+; anywhere in the string 21 / 12 - identical. Y.Chroma puts elastane in the main cloth of more than half its range (3-5% in the cotton bottoms, 24% in the Drücken nylon platform, 22% in the Aeroweave polo). No polyurethane in any percentage composition. MEN'S ONLY: the entire house is men's - no women's, kids' or unisex line exists, and the copy addresses men throughout. Nothing removed on gender. SHAPE split, and it is a real split rather than a tail: a cotton and linen tailored-casual half (18 cotton-led, 4 linen-led) against a technical half of nylon Drücken track pieces, the Aeroweave polo and polyester-shelled down outerwear (5 nylon-led, 6 polyester-led). Outerwear runs 5 synthetic to 3 natural and Shorts 2 to 1; every other category is natural-led. ALTERNATE DENOMINATOR: 45 records as fed, 40 after removing eyewear, 38 after collapsing the two Mazarin colour editions."
Madhappy,455,429,91,2,1,6,3,one,[],"[""Hoodie"", ""Sweatpant"", ""Zip Up Hoodie""]",product_code,737/455,205 market prefixes in the sitemap index (root + 204 /en-xx paths) -> root only; /products.json is root-only so the feed is already single-market,1.0,complete,https://www.madhappy.com/products.json?limit=250&page=1,"Census 2026-09-14 in-browser same-origin. /products.json?limit=250&page=1..5 returns 250,250,250,250,55 then ZERO = 1055 unique ids, reproducing the 1055 in the register. Sitemap reconciliation is near-exact: the two root sitemap_products files hold 1054 handles, 0 of which are missing from the feed, and 1 feed record has no sitemap entry. No phantom rows. LOCALE DUPLICATION IS LIVE AND LARGE, and it is in the sitemap rather than the feed: the index lists 1231 sitemap files across 205 path prefixes - root plus 204 /en-xx country paths (en-de, en-nz, en-ae, en-ph ...), of which 410 are product files. Counted off the sitemap index without stripping locales you would get roughly 200x the true catalogue. /products.json serves the root market only, so the feed is the clean channel here. THE VENDOR FIELD IS NOT A MAKER FIELD AT ALL AT THIS HOUSE - it is a GENDER field: vendor values are Unisex 760, Female 248, Accessory 43, Other 4. Gender is also carried properly as gender-UNISEX / gender-Female / gender-MALE tags, and the two agree on 98% of records (18 disagreements, resolved in favour of the tag). GENDER SPLIT of the 976 clothing records: 733 unisex, 239 female, 4 accessory. The 239 female records were REMOVED per ruling 5, along with the Skirt (3) and Bralette (2) product types. UNISEX WAS KEPT, and this is the row where that decision matters most: Madhappy is a unisex house - 733 of its 737 men's-row records are tagged unisex and only a handful are male-only. Excluding unisex would empty the row. The same rule (women's-only out, unisex in) is applied to all five brands in this batch, so the batch is internally consistent; note this is the OPPOSITE of the Barbour treatment in batch 2, where 40 unisex accessories were dropped as 'equally the women's range'. That inconsistency is now explicit and wants one ruling. THIRD-PARTY: none stocked. Every collab (New York Yankees, Peanuts, Powerpuff Girls, Juicy Couture, Hysteric Glamour, '47) is Madhappy-branded product made for Madhappy, carrying Madhappy's own swatchgroup codes, so nothing was excluded as another maker's goods. Excluded as non-clothing: Shoes 21, Sunglasses 10, Magazine 6, Accessories 6, Incense 5, Water Bottle 4, Phone Case 3, Keychain 3, Ash Tray 3, Coffee Cup 3, Lighter 3, Gift Card 2, Surfboard 2, Watch/Tote/Candle/Insurance/Gift Box/Stuffed Animal/Blanket/Bib 1 each. Hats and Socks kept. STYLE = Madhappy's own swatchgroup_ tag, which is a first-class colourway-group code (swatchgroup_UA03029466 covers the Yankees cap in calm and vanilla); it covers 810 of 1055 records, and the 245 without one fall back to title + product_type. 737 men's-row records -> 455 styles, ratio 1.62. No style group contained disagreeing main fibres. COMPOSITION is in the body_html bullet list. 429 of 455 styles carry one. The 26 that do not are 23 Hats plus 3 garments; four of those PDPs were fetched whole and searched and they contain NO composition anywhere - not in the DOM, not in any payload - so this is genuine non-disclosure, not a read failure (the only percentage on those pages is a CSS grid-template-columns value). SUM CHECK flagged 9. Five are 'X Shell with Y Lining' strings where both parts read 100% (main fibre still correct, first-listed). Four were a real parse class - Madhappy's Pantry and Heart Boucle lines write the composition as SEPARATE SENTENCES ('97% cotton. 3% polyester.'), which split into separate runs and lost the trailing fibre. A continuation-merge was added (merge the next run while the first sums under 99 and the merge lands at or under 101.5) and it recovered them, including the 2% spandex on the Heart Boucle that would otherwise have been read as trim. TIES 26, the highest proportion in the batch and the number that decides this row: 22 are a single 50% Cotton / 50% Polyester Lightweight Fleece platform (Classics, California, Hysteric Glamour, Office Kiko - zip ups, hoodies and sweatpants), 4 are the shell/lining artefacts above. First-listed per ruling 1 gives natural 415 / synthetic 10. LAST-LISTED WOULD GIVE 393 / 32, i.e. 91/2/1 becomes 86/7/1 - the largest single swing in the batch. SPANDEX both bases: main fabric line 6 styles, 3 at 5%+; anywhere in the string 6 / 3 - identical, no trim inflation. No polyurethane anywhere. SHAPE one: not a single category is synthetic-led (the closest is Hat at 42 natural to 4 synthetic), so synthetic_categories is []. Cotton is the main fibre on 408 of 429 disclosed styles. ALTERNATE DENOMINATOR: including the 239 women's-only clothing records gives 694 styles; men-only excluding unisex would give roughly 4."
Kith,1428,1405,67,25,7,251,76,one,"[""Jerseys""]","[""Tees"", ""Sweats & Hoodies"", ""Headwear""]",product_code,1943/1428,"none (sitemap index has a single / prefix, 37 product files, no locale or market paths)",1.0,complete,https://kith.com/products.json?limit=250&page=1,"Census 2026-09-14, measured in-browser same-origin (the sandbox HTTPS proxy 403s CONNECT to every commerce host, so curl/python reach nothing). THE 5000 IS NOT THE CATALOGUE AND NEITHER IS THE FEED: /products.json?limit=250&page=N returns a full 250 on every page 1-100 = 25,000 unique ids, and page 101 returns HTTP 400. That is a hard 25,000 cap (100 x 250), exactly as this project's own note said; it is not a 5,000 cap and it is not the end of the catalogue. RECONCILED AGAINST THE SITEMAPS: the index carries 37 sitemap_products_N.xml files holding 36,421 product handles. The feed is a strict SUBSET - 0 feed handles missing from the sitemap, 11,421 sitemap handles unreachable through the feed. The cap costs the Kith house almost nothing: of those 11,421, only 37 carry a kh- house code and only 18 are khm- (men's). All 18 were fetched individually via /products/<handle>.js and added, so the denominator is complete despite the cap. The 11,421 are overwhelmingly stocked third-party - nike 651, adidas 406, vans 478, converse 151, off-white 144, stone island 120, aime 111, fear of god 99. THE VENDOR FIELD IS NOT THE BOUNDARY AND THE PRODUCT CODE IS. Kith's own goods carry a kh-prefixed style code printed in the PDP body as 'Style: khm051556-260': khm=men, khw=women, khk=kids, khb=baby, khl/khla=lifestyle and home. Every kh-coded record sits under vendor Kith/Kith Women/Kith Kids/Kith Baby/Kith Treats, and the code letter agrees with the gender tag on 100% of them (khm|mens 1505+511+72+22, khw|womens, khk|kids, khb|baby). Third-party makers carry their own code prefixes (nbu/nbm New Balance, nkhq/nkfb Nike, and so on) and were excluded. EXCLUDED UNDER VENDOR 'Kith': 474 feed records sit under vendor Kith but carry a PARTNER's article code - 'Kith for Calvin Klein' (nb2649-331), 'Kith & Messi for adidas' (adkr2714/adku4261), 'Kith Ivy for Wilson' (wiwuk/wiwmk), 'Kith for On' (on2ug...), 'Giorgio Armani &Kin' (gm004624m6011). These are the partner's goods co-branded, made to the partner's numbering, so they are out of the house row; 295 of them are men's clothing styles and the alternate denominator including them is 1723. MEN'S ONLY per ruling 5: khw/khk/khb (women's, kids', baby) removed outright; there is no unisex code at Kith. Kith house men's records 2120 -> 1943 after removing non-clothing and placeholders. EXCLUDED AS NON-CLOTHING: Eyewear, Bags/Duffle/Tote/Cross Body/Backpacks, Wallets & Cardholders, Dopp Kits, Belts, Tech, Decor & Accessories, Toys & Collectibles, Books, Candles, Lifestyle, Keychains, Slippers. Headwear, socks, scarves, gloves and ties are IN, consistent with Barbour (Hats) and TravisMathew (Socks) in batch 2. Placeholder records (product_type Placeholder / tag placeholder, 53 store-wide) are pre-drop shells and were dropped. STYLE = distinct numeric stem: the style code minus its colour suffix (khm051556-260 -> khm051556). 1943 colourway records -> 1428 stems, ratio 1.36. COMPOSITION is a first-class 'Material:' line inside body_html on 1405 of 1428 styles (98%) - no PDP crawl needed, and no payload hunt: it is in the feed. Labels vary as the spec warns - bare '83% Cotton / 15% Nylon / 2% Spandex', 'Fabric 1: ... / Fabric 2: ...', 'Exterior: ... / Interior: ...'; the first listed part is taken. SUM CHECK flagged 25 styles. 23 are Kith's own arithmetic ('Other Fibers' percentages that carry no fibre name, '88% Polyester / 21% Cotton', '65% Wool / 35% Other'). Two were real parse failures and were corrected by hand: '80% C otton / 20% Polyester' (a space inside the word had dropped the leading fibre and made it polyester-led) and '60% Acrylic / 40% Nylon / 100% Cotton' (an unlabelled two-part garment read as one run, giving cotton where the first cloth is acrylic). The two corrections cancel and the class totals are unchanged. Typos seen and handled: 'Nyon', 'Visocce', 'A cetate', '1005 Nylon', 'Orlon'. TIES 8, all resolved first-listed per ruling 1: seven are 50% Wool / 50% Polyester ('47 ballcaps and one double-faced wool coat) and one is 45% Polyester / 45% Acrylic (synthetic either way). Last-listed instead would give natural 946 / synthetic 362 rather than 953 / 355 - 67/25/7 becomes 66/25/7 with the point moving to synthetic. SPANDEX both bases: main fabric line 251 styles, 76 at 5%+; anywhere in the string 252 / 76. The gap is one style, so Kith is not a Filson-shaped house - its stretch is in the main cloth, not the rib. POLYURETHANE: 4 styles carry PU inside a percentage composition and in every one PU is the DOMINANT fibre (63% Polyurethane velvet/faux leather), i.e. a coating fabric, not a stretch fibre. The BAPE reading (PU-in-a-percentage = elastane) was NOT applied here; applying it would move spandex_styles to 255 and spandex_high to 80 and is plainly wrong on these four. ALTERNATE DENOMINATORS: Kith house men's clothing 1428 (the row); + Kith-branded collabs on partner codes 1723; whole store men's clothing including every stocked third-party maker 6138 styles / 8215 records, and that last figure is itself short because it is computed inside the 25,000-record feed reach against a 36,421-handle sitemap."
Aimé Leon Dore,150,149,82,17,0,3,1,one,"[""Outerwear"", ""Shorts"", ""Swim""]","[""Tees"", ""Hats"", ""Sweatshirts""]",handle,378/150,"none (one sitemap index, single / prefix, one product sitemap, Shopify.locale en)",1.0,complete,https://www.aimeleondore.com/products.json?limit=250&page=1,"Census 2026-09-14 in-browser same-origin. /products.json?limit=250&page=1..3 returns 250, 250, 159 then ZERO on page 4 = 659 unique ids, which reproduces the 659 in the register. Sitemap reconciliation: one product sitemap, 645 handles, a strict subset of the feed - 14 feed records have no sitemap entry (unpublished/noindex) and 0 sitemap handles are missing from the feed. No phantom rows either way. THIRD-PARTY: ALD's stocked and collab third-party range is entirely FOOTWEAR - 'ALD / New Balance Made in UK 991', 'ALD / Clarks Suede Wallabee', 'ALD / NB Made in USA 996', 21 records, every one product_type Footwear, and every one carrying vendor 'Aimé Leon Dore' (658 of 659 records do). That is the vendor-field trap in its purest form and the product_type plus the title prefix are what identify them. None of them is clothing, so none of them touches this row; the homeware, coffee and Packaged Goods lines are likewise out. CLOTHING = product_type in Tees, Outerwear, Sweaters, Pants, Sweatshirts, Hoodies, Tops, Sweatpants, Woven Shirts, Shorts, Suiting, Swim, Sweatshorts, Shirting, Hats (393 records). Excluded as non-clothing: Jewelry 58, Lifestyle 47, Footwear 43, Leather Goods 42, Soft Goods 15, Bags 15, Packaged Goods 15, Eyewear 9, Stationary 9, SS23 Cafe Merch 4, Belts 2, Gift Cards 2, Grocery 1, Discontinued 1. GENDER: ALD tags gender as dev-product-type-women (22 store-wide) and dev-product-type-unisex (240); everything untagged is men's. Within clothing that is 322 men's, 56 unisex, 15 women's. The 15 women's records were REMOVED per ruling 5 (2 Outerwear, 2 Pants, 2 Shorts, 2 Suiting, 2 Sweaters, 5 Tees). The 56 unisex records (18 styles, ALL headwear) were KEPT - ruling 5 names boys' and women's, not unisex, and the same rule is applied to every brand in this batch. STYLE = handle with its colour suffix removed. Colour is a SEPARATE RECORD here, not a variant: 'Colorblock Track Pant' is colorblock-track-pant-5 and -6, 'Crest Raglan Sweater' is four handles. 378 men's clothing records -> 150 handle stems, and the independent title key gives 151, so the two agree to within one group. Only one stem group contained disagreeing main fibres and that was a hat whose sixth colour has no material line. COMPOSITION lives in body_html as 'Body: 100% Nylon • Lining: 100% Polyester' - the first part is taken. 149 of 150 styles carry one. The single exception is crest-nylon-windbreaker, whose bullet list names no fabric. SUM CHECK: zero styles outside 100 +/- 1. TIES: zero, so ruling 1 does not move this row at all and first-listed and last-listed give the identical 123 natural / 26 synthetic. SPANDEX both bases: main fabric line 3 styles, 1 at 5%+; anywhere in the string 4 / 1. The one-style gap is unisphere-waffle-lined-full-zip-hoodie, a 100% cotton body with elastane only in the rib - correctly excluded from the cell. No polyurethane anywhere in the men's range. ALTERNATE DENOMINATOR: including the 15 women's clothing records gives 160 styles; including footwear and accessories gives 645."
Massimo Dutti,494,493,94,5,1,31,11,one,[],[],product_code,917/494,none (US store 34009527 / catalog 30359506 only),not shopify,complete,https://www.massimodutti.com/itxrest/3/catalog/store/34009527/30359506/category/2217969/product?languageId=-1&appId=1,"Census 2026-09-14. THE BRIEF IS RIGHT THAT THERE IS NO US PRODUCT SITEMAP AND RIGHT THAT INDITEX SERVES PRODUCT DATA THROUGH ITS OWN API - the API is the whole route here and no page was crawled. The US store is 34009527 and the catalog 30359506. The men's tree came from /api/storefront/1/stores/34009527/menu (MEN = id 1864542, 280 nodes); each node's products came from /itxrest/3/catalog/store/34009527/30359506/category/<id>/product?languageId=-1&appId=1, which returns a productIds array; product records including composition came from .../productsArray?productIds=<up to 12 ids>. MEN'S AND CLOTHING BOUNDARY: only the MEN subtree was walked, so there is no women's or children's leakage to restate. Inside MEN the first-level nodes are NEW (274 products), CONCEPT (17), COLLECTION (942), ACCESSORIES (196), a second COLLECTION (22), HIDDEN (1305) and a hidden all-men node (923); the union of everything is 1708 and is NOT the range - it carries outlet, legacy and hidden nodes. The row is the COLLECTION subtree with PERFUMES dropped, and shoes, bags, sunglasses and other accessories are outside it: 942 product ids. 25 of those 942 ids returned no record, leaving 917 product records. STYLE KEY: displayReference (e.g. '1311/210'), Massimo Dutti's own style code. 917 records collapse to 494 styles, so the house issues roughly two product records per style. The 917 records carry 2620 colour elements between them, which is the real colourway count. THE PARSE TRAP THAT MATTERED, AND IT IS NOT THE ONE THE SPEC WARNS ABOUT: the API's composition field is an ARRAY OF GROUPS THAT ALL CARRY THE SAME part NUMBER. A reversible trench (3250/412) returns three entries all labelled part '1': [cotton 36], [polyamide 14], [polyester 50]. Reading composition[0] alone gives '36% cotton' and calls the garment cotton; the truth is 50% polyester. Six styles failed the sum-to-100 check on the first pass for exactly this reason (80%, 64%, 92%, 36%, 60%, 80% singletons) and that was the only signal. Merging every group sharing a part number before reading fixes it and 3250/412 flips from natural to synthetic. After the fix, zero styles fall outside 100 +/-1. A second trap: for most products detail.composition is EMPTY and the real record is one level down in bundleProductSummaries[0].detail - reading the outer record alone reports 0 compositions out of 917, which is what the first pass did. COUNTS on 494: natural 467, synthetic 23, cellulosic 3, no composition 1. Exact 94.53 / 4.66 / 0.61 / 0.20; integers by largest remainder = 94 / 5 / 1 / 0. Natural is cotton 226, wool 106, linen 84, leather 28, cashmere 15, silk 8; synthetic is polyester 12 and polyamide 11; the 3 cellulosic are lyocell. TIES: 9, every one of them currently natural under first-listed. The other resolution moves 4 of them to cellulosic and leaves 5 natural, giving 463 / 23 / 7 = 94 / 5 / 1 - the integers do not move. SPANDEX ON BOTH BASES: main fabric line only (the cells) 31 styles, 11 of them at >=5%; anywhere in the composition string 43 and 11. The gap of 12 is elastane declared in a second part (linings and waistbands). Ruling 3 adds nothing - the API states percentages and never a bare 'stretch'. SHAPE is one: this is a natural-fibre house end to end. Sweaters & Cardigans 111 styles run 110 natural, Shirts 99 run 96, Suits 59/59, Pants 56/56, Jeans 25/25, T-Shirts 19/19, Polo Shirts 15/15, Pyjamas & Underwear 19/19. The only category with real synthetic content is Jackets & Trench Coats, 22 synthetic against 39 natural, and it is still natural-led, so there is no synthetic half and both category lists are empty. STATUS complete: 493 of 494 with composition = 99.8%. The single style without one is a record whose displayReference came back undefined. RATE LIMIT NOTE: a 280-request burst against the category endpoint drew an Access Denied from the edge for about ten minutes; everything after that was run at concurrency 3 with a 140ms pause and 0 further errors across 79 batch calls. ALTERNATE DENOMINATORS CONSIDERED: (a) the union of every men's node = 1708 products - rejected, it is outlet plus hidden plus accessories; (b) COLLECTION plus ACCESSORIES = 1138 - rejected, the question is the clothing range; (c) 917 product records instead of 494 style codes - that is the colourway_ratio numerator, not a style count; (d) the 580 reached by an earlier category crawl in the register - this API route reaches the same range at style level and 917 at record level, so 580 looks like a partial crawl."
Vineyard Vines,669,669,65,35,0,190,159,split,"[""mens-polos"", ""mens-headwear"", ""mens-outerwear"", ""mens-loungewear""]","[""mens-t-shirts"", ""mens-fashion-knits"", ""mens-belts""]",product_code,671/669,none,not shopify,complete,https://www.vineyardvines.com/sitemap_0.xml,"Re-measured 13 Sep 2026, not re-rendered from the prior pass. THREE CORRECTIONS to the prior figures. (1) 723 is listings, not styles: sitemap_0.xml holds 723 /product/mens-* URLs of which one is a soft-404 (200 OK, 'Oops, we couldn't find this page' - 1G013582 smu-performance-winstead-stripe-sankaty-polo) and one is a duplicate listing (product code 1F000121 appears as both .../1F000121.html and .../192926936447.html). 721 real styles. (2) Composition coverage is 721/721, not 719/723 - every live PDP carries a Fabric panel; 2 state materials in words without percentages (polyurethane slide, polyester flip-flop), both still classifiable. (3) Majority synthetic is 241/721 (33%), not 226/723 (31%). The 15-style gap is exactly the 10 olefin/rubber bungee belts plus the 5 'brrr(deg) recycled polyester' tees - the latter is a parser trap: the degree sign in the branded fibre name 'brrr(deg) recycled polyester' / 'brrr(deg) nylon' breaks a naive percent-fibre regex and silently drops the leading fibre. A sum-to-100 check on each first composition caught it (17 rows summed to 11%, 62% or 200%). SEPARATE CONTAMINATION, not corrected in these cells: 52 of the 721 are boys' styles sitting under /product/mens-* paths (slug and JSON-LD name both start 'Boys''), so the URL-path gender rule over-counts men's. Men's-only: 669 styles, natural 433 (65%), synthetic 236 (35%), cellulosic 0, spandex 190, spandex>=5% 159. Row is on the 723-basis for comparability with the rest of the pass. Composition is NOT in the JSON-LD description (that is a one-line marketing sentence); it is in the .long-description accordion under an h4 'Fabric'. Main fibre read from the first bulleted composition only (Upper:/Body:/Trim: are separate bullets). natural includes leather/suede/cowhide/straw as animal and plant fibres; rubber, olefin, polyurethane, EVA and TPR counted synthetic. cellulosic is genuinely 0: rayon/viscose/modal/lyocell/TENCEL appear in 14 first-compositions but never as the majority fibre. spandex counted across the whole composition block (any part); on the first composition alone the counts are identical (197/166). Furniture check: the most common fabric string is '100% cotton' at 246/721 (34%), so no single value dominates. Time: ~20 min. || RESTATED 14 Sep on the rev3 rulings. Ruling 5 (men's only) is what moved this row: 52 of the 721 are boys' styles sitting under /product/mens-* paths - slug and JSON-LD name both begin 'Boys'' - so the URL-path gender rule over-counted. Men's only: 669 styles, natural 433 (65%), synthetic 236 (35%), cellulosic 0, spandex 190/159. colourway_ratio restated to 671/669 on the men's basis (the 723 sitemap listings less 52 boys' = 671, of which one soft-404 and one duplicate listing). Ruling 2 CAVEAT: Vineyard Vines states a single Fabric panel per style with no part labels on the great majority of the range, so 190/159 is taken as main-line - it was not separately re-measured against a part-labelled reading. If a part-labelled minority exists it can only lower these two numbers, never raise them."
Polo Ralph Lauren,997,980,89,9,0,93,35,one,"[""swimwear""]","[""button-down-shirts"",""sweaters"",""sweatshirts""]",product_code,1007/997,none (US/en_US storefront only; no locale variants in the tree),not shopify,complete,https://www.ralphlauren.com/men-clothing/r/polo-ralph-lauren,"Census 2026-09-15, full read: 997 of 997 PDPs at HTTP 200, zero errors, zero 403/307/429, no bot challenge. This replaces the 14 September partial (579 of 1,010 read before PerimeterX closed, percentages withheld). THE BIAS IN THAT SUBSET IS NOW MEASURABLE: the 579 head-of-grid styles gave 92/7/1; the full 997 gives 89/9/0 - the default sort front-loads knitwear and shirting and back-loads outerwear and swim. THE DENOMINATOR MOVED: the Polo facet reads 1,007 items today against 1,026 yesterday, and 997 distinct codes were harvested against 1,010. SEPARATION: the Brand refinement /men-clothing/r/polo-ralph-lauren, with all five brand facets harvested in full and intersected pairwise - Polo n Purple Label 0, n Double RL 0, n RLX 0, n Big & Tall 0. The house product sitemap is all of Ralph Lauren and was never used. PAGINATION TESTED: pages 1-33 added 30 or 29 NEW codes each, page 34 added 16, page 35 returned 0 - the set grows by the page size. PAYLOAD/TRAPS: composition is a short <li> in div.pdp-product-details (no __PRELOADED_STATE__, no c_materialComposition, quickview 500); the inlined profanity blocklist ('cotton picker') makes a whole-page grep hit 100% of pages; construction bullets read as fibres unless a percentage is required; Ralph Lauren also writes a DOUBLE COLON part label ('Patch:: 100% cow leather') and writes TWO colourway compositions in one string separated by a semicolon ('86% cotton, 14% polyester (solid colors); 87% cotton, 13% polyester (heathered colors)'), and an accented part label ('Applique:'), each of which leaves an unsplit 114-145% part if not handled. COVERAGE: 978 percentage compositions + 7 named without a percentage + 12 with no fibre statement = 980/997 = 98.3%. MAIN FIBRE natural 890 / synthetic 85 / cellulosic 5 / none 17; exact 89.2678/8.5256/0.5015/1.7051, largest remainder 89/9/0/2. Leading fibres cotton 700, wool 95, linen 68, polyester 66, nylon 17, cashmere 9, suede 8, viscose 4, cow leather 3. TIES: 4, all natural under BOTH resolutions - one '48% linen, 48% cotton, 2% cashmere' (linen first, cotton alternative) and three '34% silk, 34% linen, 32% wool' (silk first, linen alternative); the cells are identical under last-listed. SPANDEX BOTH BASES: main fabric line 93 styles / 35 at 5%+ (the cells); anywhere in the string 157 / 58 - the 64-style gap is waistbands, ribs, linings and pocket bags. This house carries BOTH comfort stretch and a genuine 35-style performance-stretch group. SHAPE one: outerwear is the only large category with a real synthetic block (43 of 121) and natural still leads it 75; the only synthetic-led categories are swimwear (10 of 12, excluded from the split verdict) and two women's-path collegiate jackets. RULING 7, AND THIS IS THE ONE ROW IN THE BATCH WHERE IT BITES: 10 of the 997 styles surfaced by the men's-clothing Brand facet have a canonical PDP under /women-clothing-*/ - HBCU collegiate fleece, tees, jackets and a polo, e.g. 100059484 'The Spelman College Fleece Crewneck' - and those PDPs carry BOTH 'Unisex' and ""Women's"". Under ruling 7 they are KEPT. men's incl. unisex (the row) 997; MEN'S-EXCLUSIVE ALTERNATE 987 with 970 compositions, natural 883 / synthetic 82 / cellulosic 5 / none 17 = 89/8/1/2, spandex main-line unchanged at 93/35 and anywhere 156/58. RRL and Purple Label have zero such styles. SUM CHECK: four rows outside 100 +/- 1, all four the house's own '2% other fibers' / '5% other fibers' strings; none changes a main fibre. ALTERNATE DENOMINATORS: Polo + Big & Tall = 1,218 (rejected - separate sizing line, own codes, intersection 0, duplicates Polo designs at extended sizes); the whole men's tree including shoes and accessories (rejected, clothing-only scope); the unfiltered /men-clothing category (rejected, it carries every other label); yesterday's 1,010 (superseded). || RESTATED 15 Sep: this row previously carried a denominator only (1010 styles) with the fibre split NC, after PerimeterX closed the crawl on 14 Sep. Measured end to end this time. NOTE the facet counts moved 8-12% in one day, so the earlier denominator must NOT be paired with this split - the whole row is today's read."
RRL,204,203,99,1,0,1,0,one,[],"[""pants"",""button-down-shirts"",""jeans""]",product_code,204/204,none (US/en_US storefront only; no locale variants in the tree),not shopify,complete,https://www.ralphlauren.com/men-clothing/r/double-rl,"Census 2026-09-15, full read: 204 of 204 PDPs at HTTP 200, zero errors, zero blocks, no bot challenge. This row's denominator was seated on 14 September at 229 codes with ZERO compositions read (PerimeterX closed with the RRL queue unstarted); it is now filled. THE DENOMINATOR MOVED: the Double RL facet reads 204 items today against 231 yesterday, and 204 distinct codes were harvested against 229 - a live catalogue moving, not a measurement disagreement, since facet count and harvested codes matched exactly on both days. The row is today's 204 read end to end; do not pair it with yesterday's 229. rrl.com does not resolve and RRL has no storefront of its own. SEPARATION: the Brand refinement /men-clothing/r/double-rl, intersected against Polo (997), Purple Label (272), RLX (72) and Big & Tall (221) - all four intersections ZERO. 'Vintage Curated by Double RL' (31 items) is a SEPARATE facet value holding other makers' vintage garments merchandised by RRL and is NOT in the 204; an unfiltered read of /brands-double-rl-men would have swept those in along with RRL footwear, belts and bags. PAGINATION TESTED: pages 1-6 each added 30 NEW codes, page 7 added 24, page 8 returned 0. PAYLOAD/TRAPS: as for the other two Ralph Lauren rows - composition is a short <li> in div.pdp-product-details, the inlined profanity blocklist makes a whole-page 'cotton' grep hit 100% of pages, and construction bullets read as fibres unless the line is required to carry a percentage. COVERAGE: 200 percentage compositions + 3 stating the fibre by name with no percentage (all three a bare 'Cotton.' - 443022 dress shirt, 100028413 and 100044043 t-shirts) + 1 with no fibre statement at all (100100338, a sweater whose detail block holds only a style number) = 203/204 = 99.5%. MAIN FIBRE natural 201 / synthetic 2 / cellulosic 0 / none 1; exact 98.5294/0.9804/0/0.4902, largest remainder 99/1/0/0. Leading fibres cotton 154, wool 30, suede 5, leather 4, cashmere 4, linen 3, polyester 2, cow leather 1; both synthetic styles are polyester-shell insulated outerwear. TIES: 1 - style 100088457 '50% wool, 50% cotton', wool by first-listed, cotton under the other resolution; both natural, so no cell moves either way. SPANDEX BOTH BASES: main fabric line 1 style / 0 at 5%+ (the cells); anywhere in the string 6 / 0 - the gap is waistbands and ribs, which ruling 2 excludes. One elastane style in 204 on a raw-denim and workwear house. SHAPE one and unusually clean: no category has synthetic leading and cotton alone leads 154 of 203, so synthetic_categories is []. MEN'S/WOMEN'S/UNISEX: 204 men's, 0 women's, 0 unisex, all under /men-clothing-*/; men's-exclusive alternate 204, identical. SUM CHECK: four rows outside 100 +/- 1 and all four are the house's own data - 100056581 '73% cotton, 25% linen, 2% other fibers' = 98, and 100097812/815/819 '70% wool, 15% cotton, 15% paper yarn' = 85 with paper yarn left unclassified. None changes a main fibre. ALTERNATE DENOMINATORS: Double RL + Vintage Curated by Double RL = 235 (rejected, third-party); /brands-double-rl-men including footwear, belts and bags (rejected, clothing-only scope); yesterday's 229 (superseded). || RESTATED 15 Sep: this row previously carried a denominator only (229 styles) with the fibre split NC, after PerimeterX closed the crawl on 14 Sep. Measured end to end this time. NOTE the facet counts moved 8-12% in one day, so the earlier denominator must NOT be paired with this split - the whole row is today's read."
J.McLaughlin,178,175,94,3,1,24,0,one,"[""men-swim""]","[""men-shirts"", ""men-jackets-outerwear"", ""men-pants""]",product_code,266/178,"none (one product sitemap, no locale paths; Global-e handles international pricing on the same URLs)",1.0,complete,https://www.jmclaughlin.com/collections/men?_data=routes%2F(%24lang).collections.%24handle,"Census 2026-09-14. THE HEADLESS ROUTE THAT WORKED IS NOT THE MYSHOPIFY ONE. window.Shopify.shop names jmclaughlin.myshopify.com, but that origin 302s straight back to www.jmclaughlin.com and /products.json 404s on BOTH hosts - the Rhone trick fails here. The store is Shopify Hydrogen/Oxygen on Remix, and the Remix data route serves the whole catalogue as JSON: /collections/<handle>?_data=routes/($lang).collections.$handle returns 100 product nodes per page with pageInfo.endCursor, paged with ?cursor=<endCursor>&direction=next. /collections/all paginates to 995 nodes against 996 entries in robots' declared /sitemap-products.xml, so the feed and the sitemap agree. GENDER: gender tags are almost absent (MENS 15, WOMENS 48 across 995) and pdpBreadcrumb is populated on only 194 records, so neither is the boundary - the men's COLLECTIONS are. Union of the 21 men's collections (men, men-clothing, men-shirts, men-knits-polo, men-jackets-outerwear, men-sweaters, men-pants, men-shorts, men-swim, men-accessories, men-socks, men-belts, men-ties, men-shoes, men-luggage-travel, new-arrivals-men, sale-men, men-occasion, men-vacation, featured-mens-weekend-style, featured-new-men) = 266 listings, with ZERO overlap against the 502 in /collections/women. REMOVED: 502 women's and 227 records in no gender collection (11 gift cards plus staged new-arrival duplicates of both genders). STYLE METHOD product_code: every node carries a styleNumber metafield (e.g. 0188005649) and colour is a separate record with the colour in the handle; 266 listings -> 178 style numbers, ratio 266/178, no record missing a styleNumber. COMPOSITION is in a shortDescription metafield that the collection query does NOT return, so all 178 representative PDPs were fetched at /products/<handle>?_data=routes/($lang).products.$handle (95KB of JSON each instead of 600KB of HTML). It renders as an <li> bullet list; the composition is the first %-bearing bullet. 175 of 178 resolve. COUNTS on 178: natural 168, synthetic 5, cellulosic 2, no composition 3. Exact 94.38/2.81/1.12/1.69 -> largest remainder 94/3/1/2. TIES: ZERO; last-listed is identical. 0 sum failures after splitting multi-part bullets. STATED FIBRE WITHOUT A PERCENTAGE (2, counted, flagged): 'Vegetable tanned leather' (Tuscan Full Grain Leather Belt) and one further leather item. STRICT ALTERNATE: read strictly these two are no-composition, giving 173 with composition, 166 natural, and 93/3/1/3. Genuinely uncountable and left as no-composition: '100% Velvet loafers with embroidery' (velvet is a weave, not a fibre), '100% Canvas body' (Wells Canvas Tote), and the Bruce 7"" Swim Trunks, which state no material at all. SPANDEX: main fabric line 24 styles (22 with a percentage plus 2 counted under the named-stretch rule - four Madison Fancy Pants carry a bare 'Stretch' feature bullet, 2 of which already state elastane), and ZERO at 5%+; the elastane histogram is 1% x3, 2% x6, 3% x10, 4% x3 and stops there. ANYWHERE IN THE STRING: also 24 styles but TWO at 5%+ - both are a 5%-elastane component inside a multi-part bullet (a webbing or a lining) on a garment whose main cloth has none. The cell carries the main-line 0. SHAPE one: every category is natural-led except men-swim (0 natural / 4 synthetic of 5), and swim is excluded from the split verdict. NATURAL includes cotton 89, linen 22, wool 20, leather 19, cashmere 10, silk 7. ALTERNATE DENOMINATOR: clothing only (drop men-shoes 9, men-belts 18, men-socks 9, men-ties 7, men-luggage-travel 4, men-accessories 4 = 51 styles) = 127 styles, 126 with composition, 120 natural / 5 synthetic / 1 cellulosic / 1 none = 94/4/1/1."
Ted Baker,484,396,59,14,9,82,19,one,[],[],title_dedup,745/484,"none (single host, one product record per colourway; no locale variants)",1.0,complete,https://www.tedbaker.com/collections/mens-clothing,"Census 2026-09-14. THE BRIEF IS RIGHT THAT /products.json IS THROTTLED AND THE myshopify HINT IS THE RIGHT INSTINCT, BUT NEITHER WAS NEEDED. window.Shopify.shop names ted-baker-com.myshopify.com and Shopify.currency.rate is 1.0, but the throttling is on the ROOT feed only: /products.json?limit=250 returns 34 records on page 1 and 143 on page 2, while /collections/<handle>/products.json returns a clean 250 per page from the same origin. So the collection feed, not the myshopify origin, is the fix. The men's denominator is /collections/mens-clothing/products.json paged to exhaustion: 250 + 250 + 245 + 0 = 745 product records. The 7818-URL sitemap was not used - it is the whole site, women's and accessories and all markets included. MEN'S AND CLOTHING BOUNDARY: the collection is men's clothing by construction; its 41 product types are all menswear garments (shirts, polos, suits, knitwear, outerwear, swim shorts). One record, SEIL | PINK (Suit Jackets), carries a Womenswear tag inside a men's collection; it is kept because it sits in the men's collection and one style cannot move an integer on 484, but it is flagged here. Shoes, bags and accessories live in other collections and are outside the row. STYLE KEY: titles are 'STYLENAME | COLOUR' and the handle carries the colour ('gallagr-white'), so colour is a separate Shopify product, not a variant - this is the colourway trap on this house and it is why colourway_ratio is 745/484 rather than 1.00. De-duplication is on the title prefix; because a bare name collapse merged 12 name collisions across different garments (WILBUR appears as an Overshirt and a Leather Jacket, DURANO as a Quilted Jacket and a Bomber, LEEAMS as a Coat and a Bomber), the key is name + product-type family with synonymous type labels folded together (Polos/Polos Shirts, Jumpers/Sweaters, Suit Trousers/Suit Pants, Chino Short/Shorts, Blazers/Suit Jackets, Long/Short Sleeve/Linen/Jersey Shirts into Casual Shirts). That gives 484 styles; the bare-name collapse gives 479. PAYLOAD/DOM: composition is NOT in the products.json body_html and the word 'composition' does not appear anywhere on the PDP. It is a Shopify variant metafield rendered into a collapsible block titled 'Fabric & Care', and it does sit in the raw PDP HTML: div.wt-collapse__target__content under a data-block-id-for-variant-metafield attribute, e.g. '<p>55% Linen, 45% Cotton<br/><br/><span class=metafield-multi_line_text_field>40C wash...</span></p>'. The care span is stripped before reading. Searching the PDP for the word 'composition' returns nothing and would have produced a 0% coverage row. THREE-STAGE FALLBACK ON COVERAGE: the metafield is per-variant and is often blank on the default colour. 380 styles resolved from the representative listing's metafield; 2 more from a sibling colour listing of the same style; 14 more from an explicit percentage in the products.json description ('Suit jacket 100% wool', 'Crafted from 100% cotton'), which is the brand's own statement of fibre content and is counted as such, flagged here because it is a description line and not the composition field. 88 styles state no fibre content anywhere - they are concentrated in generically-titled legacy listings (PRINTED SHIRT, JACQUARD POLO, FLORAL GRAPHIC TEE, POLO) and in Trousers (18 of 42) and Suit Jackets (12 of 42). COUNTS on 484: natural 287, synthetic 66, cellulosic 43, no composition 88. Exact 59.30 / 13.64 / 8.88 / 18.18; integers by largest remainder = 59 / 14 / 9 / 18. Coverage 396/484 = 82%, so status is complete, not partial. Natural is cotton 190, wool 71, linen 13, leather 10, cashmere 2, alpaca 1; cellulosic is viscose 25, lyocell 16, modal 1 and one branded fibre, 'Ecocell' (68% Ecocell 32% Polyester, style KIILIAN, Trousers), which is read as a regenerated cellulosic - it is the single judgement call in this row and moving it to synthetic changes nothing at integer precision. TIES: 19, and they are a real feature of this house, not noise - Ted Baker sells a lot of 50/50 and 47.5/47.5 cotton-polyester (LERRETO 50% Cotton 50% Polyester, REMBRAN and CORWIAS and DOUGLES 47.5% Cotton 47.5% Polyester 5% Elastane, JENESIS 50% Polyester 50% Cotton). First-listed puts 14 of them natural and 5 synthetic. Last-listed would put 3 natural, 11 synthetic and 5 cellulosic, giving 276 / 72 / 48 / 88 = 57 / 15 / 10 / 18 - a three-point swing on natural, the largest tie sensitivity of the five brands. SPANDEX ON BOTH BASES: main fabric line only (the cells) 82 styles, 19 of them at >=5%; anywhere in the composition string 88 and 22. The gap comes from strings like MOSENS '100% Cotton / 100% Lycra' and BANSTED '60% Cotton, 30% Nylon, 10% Wool W/ 100% Polyamide', where the second cloth is a separate part. Ruling 3 adds nothing - Ted Baker always gives percentages. PARSER: the first part is closed when the running percentage sum reaches 100, which is what separates '98% Wool / 2% Elastane' (one cloth, slash is a separator inside the part) from '100% Cotton / 100% Lycra' (two parts). Splitting on ' / ' breaks the first case and was reverted. Two styles still fall outside 100 +/-1 and both are Ted Baker's own typing: SIGWIN '34% Cotton, 32% Wool, 32% Polyamide, 2 Lyocell' (missing % sign, sums 98) and BOCHE '55% Lyocell, 20% Cotton' (sums 75). Neither changes the leading fibre. Abbreviations are live in this house: 'Pa' for polyamide, 'Pes' for polyester and 'Elstane' for elastane all appear and all had to be mapped. SHAPE is one: a cotton and wool house. Casual Shirts 104 styles run 70 natural, Polos 66 run 32 natural to 10 synthetic and 14 cellulosic, T-Shirts 44 run 29, Suit Jackets 42 run 29, Sweaters 35 run 23, Suit Trousers 23 run 20, Formal Shirts 7/7, Leather Jackets 6/6. The only synthetic-led categories are Swim Shorts (8 of 8 polyester), which ruling on shape excludes from the split verdict anyway, and Coats (3 of 6) and Jackets is natural-led 15 to 9. There is no second cloth story, so both category lists are empty. COLOURWAY RATIO 745/484 is Shopify product records over styles. LOCALE: there is no locale duplication - one host, one /products/ prefix, one record per colourway, no repeated handle. ALTERNATE DENOMINATORS CONSIDERED: (a) the 745 raw listings - that is colourways, not styles; (b) the bare-name collapse = 479 styles - rejected, it merges different garments; (c) /collections/all = 250+ per page across the whole site including womenswear - rejected; (d) the 7818-URL sitemap - rejected for the same reason; (e) dropping the 8 Swim Shorts and 19 Pyjama-adjacent styles - would move natural from 59 to 60 and is recorded, not used."
Scotch & Soda,642,554,69,10,7,120,7,one,"[""Swim"", ""Underwear & Socks""]","[""Shirts"", ""Pants"", ""T-Shirts & Polos""]",product_code,836/642,"sitemap index carries 5 market trees (root/en-US, nl-nl, de-de, fr-fr, en-eu) each with 1570 product URLs = 7850 -> root only, 1570",1.0,complete,https://www.scotchandsoda.com/sitemap.xml,"RESTATED UNDER RULING 7. Re-measured 2026-09-14: /products.json?limit=250&page=N returns 3898 records and the sitemap index's 20 product children return 7850 URLs across 5 market trees, 1574 of them on the root tree = 1570 handles; intersecting feed against sitemap gives 1569 LIVE records, reproducing the earlier pass exactly. The earlier pass recorded 2 unisex among those 1569 and removed them; reading the tag literally (gender:Unisex, case-insensitive) there are 8 live unisex records - 6 Hats and 2 Barfly fragrances - and 22 in the raw 3898-record feed. Hats are inside this row's scope: the 'NOT CLOTHING' cut that produced 640 styles removed Footwear, Sunglasses, Belts & Suspenders, Bags & Wallets and Fragrance, and the recorded category table carries a Hats line of 2. So the two fragrances stay out on scope and the 6 cap records come in, collapsing to 2 product codes: Marfa Pigment Wash Adjustable Cap (3 colourways) and Cotton Adjustable Cap (3 colourways). BOTH STATE NO COMPOSITION - the Shopify 'fabric' metafield is null on every colourway of both and no percentage-plus-fibre string exists anywhere in either PDP; the only percentage the served HTML carries is '50% at center', which is the CSS gradient stop the earlier pass already identified as furniture. So the row moves from 640 styles to 642 and from 830 colourways to 836, styles_with_composition stays at 554, the no-composition block goes from 86 to 88, the Hats category goes from 2 styles (0 stated) to 4 styles (0 stated), and the integers stay 69/10/7/14 by largest remainder. Spandex is unchanged at 120 and 7. This is the smallest move ruling 7 makes in this batch and it moves only the denominator. || RESTATED 14 Sep under ruling 7 (unisex counts as men's); previous styles_total 640."
NN07,226,225,86,10,4,47,4,one,"[""Coat""]","[""Shirt"", ""Pant"", ""Overshirt""]",product_code,869/226,"18 per-market sitemaps listed in robots.txt (en/ww, en/eu, en/uk, en/us, en/au, da/dk, en/dk, sv/se, en/se, de/de, en/de, de/ch, en/ch, en/no, en/nl, en/fr, en/be, en/ca) -> /en/us only; 1063 URLs x 18 markets = approx 19134 collapsed to 1063, of which 924 are product pages = 235 numeric stems",not shopify,complete,https://www.nn07.com/en/us/sitemap.xml,"Census 2026-09-14 from nn07.com US store. The apex serves a Select Your Market splash; robots.txt lists 18 per-market sitemaps and /en/us/sitemap.xml is flat with 1063 URLs (not 1064) - 924 product pages at /en/us/<slug> and 139 category/content pages. STYLE METHOD product_code: every product slug carries a 4-5 digit numeric stem and colourways repeat it, so 924 product URLs collapse to 235 stems; colourway_ratio 869/226 after the 9 non-clothing stems are removed. PAYLOAD: the PDP HTML does NOT contain its own product - it server-renders only meta tags plus 8 cross-sell products that are IDENTICAL on every PDP (a furniture trap: a naive whole-page regex returns the same 8 compositions on 235 of 235 pages). The house's own API, api.nn07.com/content/resolve-slug, returns the product, and custom_attributes.sa_material_details is the composition, sa_product_type the category. All 235 stems were resolved; 234 returned type=product, 1 did not. EXCLUDED as not clothing: 9 stems / 55 URLs - 5 bags (tote, shoulder), 1 keyring, 1 cardholder/wallet, shoes/boots, 1 belt. Soft worn accessories (socks 7, scarves 6, beanies 4, caps 4, gloves 2) are kept, as at Barbour and Baracuta. GENDER: no women's, boys' or kids' record exists in the US catalogue - zero category or slug contains women/ladies/girls/kids. NN07 is a men's-only house, so ruling 5 removes nothing on gender. COUNTS on 226: natural 194, synthetic 23, cellulosic 8, no composition 1 (Julio SS 50064). Exact 85.84/10.18/3.54/0.44 -> largest remainder 86/10/4/0; cellulosic_pct 4 is real (8 styles, mostly TENCEL lyocell and LENZING ECOVERO viscose shirting), and the 0 for no-composition is rounding, not an absence. TIES 9, and they are load-bearing on the cellulosic figure: first-listed gives 194 nat / 23 syn / 8 cel, last-listed gives 188 / 25 / 12, because 4 of the 9 ties are 50/50 cotton-vs-TENCEL. SPANDEX (main fabric line): 47 of 226, 4 at >=5%. This house states one material string per style with no separate lining/rib line, so the looser anywhere-in-the-string reading gives the SAME 47/4. Distribution 1%x9, 2%x23, 3%x8, 4%x3, 5%x2, 10%x1, 12%x1 - a 2%-moded house, not a stretch house. No named-stretch-without-percentage style. PARSER: the trademark symbols in TENCEL(TM) and LENZING(TM) ECOVERO(TM) split 11 compositions in half on a first pass and every one of them failed the 100 +/- 1 check - that check was the only signal. After stripping the symbols, 225 of 225 chains sum to 100 exactly and there is no unknown fibre descriptor. ALTERNATE DENOMINATOR: the shop-all API category returns 564 live records / 144 stems (what is currently merchandised); the sitemap's 924/235 includes sale and carry-over that still resolve. The row uses the sitemap. Including the 9 hard-goods stems gives 235 styles, 234 w/comp, natural 84 / synthetic 10 / cellulosic 3."
Samsøe Samsøe,137,132,75,15,6,20,4,one,[],"[""Shirts"", ""Tops & T-shirts"", ""Jackets & Coats""]",product_code,391/137,sitemap_index.xml holds 84 children across 42 locales (site.xml + products.xml each) -> /en-US/sitemap/products.xml only; 1133 US product URLs x 42 locales = approx 47586 collapsed to 1133,not shopify,complete,https://www.samsoe.com/en-US/sitemap/products.xml,"RESTATED UNDER RULING 7, and the brief's description of the unisex block is wrong in a way that matters. Re-measured 2026-09-14: /en-US/sitemap/products.xml gives 1133 URLs over 342 numeric stems; one PDP per stem was read for the variant sku prefix and the va_material attribute group in the Next.js flight payload. The split reproduces the earlier pass to the record: M 139, F 170, U 15, dead 18. THE 15 UNISEX STEMS ARE NOT ALL CAPS, SCARVES, TIES AND BAGS. Two of them are garments - 15489 Sagiles t-shirt (100% Organic Cotton) and 15925 Sagiles leather shirt (100% Lamb Leather) - which the earlier notes themselves flagged and the brief's one-line summary drops. The full 15: caps 14663 (100% Organic Cotton) and 16129 (100% Organic Cotton); scarves 14856 and 16157 (both 28% Mohair, 28% Alpaca, 24% Wool, 20% Polyamide), 15783 (80% Recycled Wool, 20% Recycled Cashmere), 16155 (80% Wool, 20% Polyamide); ties 15496 (62% Recycled Polyester, 34% LENZING ECOVERO Viscose) and 16162 (100% Silk, with a 90% viscose / 10% acetate lining not counted); bucket hat 15616 (100% Recycled Polyester); t-shirt 15489; leather shirt 15925; and four tote bags 16006, 16261, 16264, 16290. The four totes are dropped on the row's own scope rule, which already removed loafers, chelsea boots, creepers, backpacks, totes and belts from the men's tree; the other 11 come in, carrying 40 sitemap listings. Fibre split of the 11: natural 9, synthetic 2 (the recycled-polyester tie and the recycled-polyester bucket hat), cellulosic 0, no composition 0. Two exact ties inside the added block (28% Mohair against 28% Alpaca on stems 14856 and 16157) resolve first-listed to mohair; both fibres are natural, so the other resolution returns the identical row. THE ROW moves from 126 styles / 121 stated to 137 / 132, colourways from 351 to 391, counts from natural 94 / synthetic 19 / cellulosic 8 / none 5 to natural 103 / synthetic 21 / cellulosic 8 / none 5, and the integers stay 75/15/6/4 by largest remainder. Spandex is unchanged at 20 and 4: not one of the eleven carries elastane. The earlier pass's own open question - whether removing unisex at a house that is 170 women's stems to 139 men's is right - is now answered by ruling 7 in the same direction it answers everywhere else. || RESTATED 14 Sep under ruling 7 (unisex counts as men's); previous styles_total 126."
Les Deux,385,383,65,32,2,75,30,split,"[""Pants"", ""Outerwear""]","[""Shirts"", ""T-Shirts"", ""Hoodies & Sweatshirts""]",product_code,704/385,none - lesdeux.us is a single-locale US store with one flat sitemap and no locale path; the EU/global site lesdeux.com was not used,absent,complete,https://lesdeux.us/sitemap.xml,"Census 2026-09-14 from lesdeux.us (the US store; lesdeux.com is the EU/global site and was not used). THE MYSHOPIFY ROUTE WAS TRIED AND DOES NOT WORK HERE. /products.json 404s and no Shopify object is exposed, but the homepage names lesdeuxus.myshopify.com - unlike rhone.myshopify.com, that origin 301s straight back to lesdeux.us, so /products.json on it is unreachable and the documented sitemap route is the right one after all. No storefront API token is exposed in the served HTML either. SOURCE: flat /sitemap.xml = 1248 locs, 860 of them /products/ (the brief's 1247/863 has moved by one and three). Every PDP server-renders a ProductGroup JSON-LD block carrying audience.suggestedGender, a variant sku and the description; all 860 were fetched same-origin and all 860 parsed. GENDER: all 860 report suggestedGender Male - lesdeux.us carries no womenswear. What ruling 5 DOES remove here is kids: 110 records / 64 stems are KIDS styles (Konrad/Core Contrast Oxford Shirt KIDS, Hoop Sweatpants KIDS and so on), and they are removed. STYLE METHOD product_code: sku is <style>-<colour>-<size> (or LDM<style>\\<colour>\\<size> on 78 records); the stem collapses colourways. 704 men's clothing records -> 385 styles, colourway_ratio 704/385. EXCLUDED as not clothing: 49 records / 36 stems - belts, leather bags, wash bags, laptop sleeves, shoes, basketballs and the gift card. Soft worn accessories are kept: Caps 30, Underwear 10, Neckwear 7 (ties and neckerchiefs), Scarves 4, Beanies 2, Gloves 2. CATEGORY: taken from the house's own collection tree (clothing-t-shirts, clothing-shirts, clothing-pants, clothing-knitwear, clothing-hoodies-sweatshirts, clothing-outerwear, clothing-shorts, accessories-caps/-beanies/-underwear). 16 handles appear in EVERY collection page - a featured carousel, i.e. furniture - and were re-assigned by name, as were 30 handles in no collection at all (football jerseys, scarves). COMPOSITION: in the JSON-LD description, where the bullet list is CAMEL-JOINED with no separator - round.100% cottonOversized Encore in flock print. Splitting on bullets loses 359 of 850; a chain extractor whose fibre-name token stops at a lowercase-to-uppercase transition recovers all of them. The house also abbreviates: Pes = polyester, Wo = wool, Ea = elastane. Reading Ea as elastane is the difference between 38 and 75 spandex styles. COUNTS on 385: natural 251, synthetic 125, cellulosic 7, no composition 2 (Shadowcheck Varsity Jacket, Signature Patchwork Check Scarf). Exact 65.19/32.47/1.82/0.52 -> largest remainder 65/32/2/1. TIES 9; first-listed 251 nat / 125 syn / 7 cel, last-listed 242 / 134 / 7 - 9 wool-vs-polyester and wool-vs-acrylic knits. SPANDEX: 75 of 385 on the main fabric line, 30 at >=5%. One composition chain per PDP, so the anywhere-in-the-string reading is the same 75/30. RULING 3 NOT APPLIED: 4 styles say stretch with no percentage, but in all four it is marketing prose about the cloth (natural stretch, comfortable stretch, smooth stretch twill) and not a fabric line - counting them would give 79/30. Cell carries 75. SHAPE split: Pants (39 synthetic to 22 natural) and Outerwear (37 to 19) are synthetic-led; every other category is natural-led, Hoodies & Sweatshirts 41-1 and Shirts 49-6. CURRENCY: genuinely Shopify (lesdeuxus.myshopify.com, cdn.shopify.com) but headless with no Shopify.currency object, so absent - the fifth-plus row in this pass needing that value. ALTERNATE DENOMINATORS: + the 49 hard goods = 447 styles, 445 w/comp, natural 300 / synthetic 137 / cellulosic 8. + kids as well = 482 styles, 474 w/comp, 324 / 142 / 8. Kids alone = 64 styles, 51 natural."
Norse Projects,168,156,84,9,0,17,0,one,[],"[""Shirting"", ""Pullover Knitwear"", ""Light Jackets""]",product_code,436/168,"none - one product feed, one host, Shopify.locale en, no locale path or market duplication",0.154379,complete,https://www.norseprojects.com/products.json?limit=250&page=1,"Census 2026-09-14 from norseprojects.com. /products.json?limit=250&page=N returns 250, 197, then ZERO on page 3 = 447 records, which agrees with the register and with the sitemap's 448. STYLE METHOD product_code: the handle carries the colour (pligt-wax-cotton-tote-darkest-purple) so handle dedup would be a colourway count, but every PDP prints Style-no: N40-0867 in its Details block and colourways repeat it. 436 clothing records -> 168 stems, colourway_ratio 436/168. COMPOSITION is in the Details accordion next to the style number, one line per product, never in products.json body_html (only 8 of 447 bodies carry a percentage). All 447 PDPs were fetched same-origin. EXCLUDED as not clothing: Bags 8 records and Shoes 3 = 11 records / 9 styles. Socks 5, Caps 9, Beanies 5 and Gloves 2 are kept, as at Barbour and Baracuta. GENDER: the feed carries no women's record - no title, handle or collection says women, and collections.json lists 20 collections, none of them a women's tree. Nothing removed on gender. COUNTS on 168: natural 141, synthetic 15, cellulosic 0, no composition 12. Exact 83.93/8.93/0.00/7.14 -> largest remainder 84/9/0/7 (the two .93 remainders both round up). NO COMPOSITION (12, each checked by hand - these PDPs have no Details block and no percentage anywhere on the page): Espevik Oversized Check SS Shirt, Espevik Check Oversized Shirt, Aurland Cotton Tencel Short, Norse x Hestra Svante, Norse x BST Diamond Print T-shirt, Hestur Relaxed Twill Pleated Trouser, Storadal Resist Dyed Twill Type II Jacket, Kattegat Recycled Nylon Swimmers (2 lengths), Hornidal Relaxed Organic Loopback Track Jacket, Trysil Regular Solotex Twill Trouser, Anholt Cotton Paper Polo. Note Aurland Cotton Tencel Short and Kattegat Recycled Nylon - the names state the fibre and the pages do not; read as names they would move the row and they were not. The one exception counted is Norse x Hestra Salen, which states 100% Elk Skin outer in prose (leather, natural). TIES 4 and ruling 1 decides the cellulosic figure entirely: 3 of the 4 are 50% Cotton / 50% Tencel and the fourth is 50/50 cotton/polyester. First-listed gives 141 nat / 15 syn / 0 cel; last-listed gives 137 / 16 / 3, i.e. cellulosic_pct 0 against 2. SPANDEX: 17 of 168 on the main fabric line and ZERO at >=5% - the maximum elastane content anywhere in this house is 3% (1%x12, 2%x3, 3%x2). One composition line per PDP, so the anywhere-in-the-string reading is the same 17/0. No named-stretch-without-percentage style: the word stretch does not appear in any of the 12 no-composition Details blocks. PARSER: 156 of 156 chains sum to 100 +/- 1 after parenthetical stripping; 2 styles read 77% Merino Wool 23% Polyester (37.5 technology), where the parenthetical digits truncate the chain - caught by the sum check, both natural either way. NOT SYNTHETIC-LED ANYWHERE: Light Jackets is the closest at 15 natural to 9 synthetic. The 15 synthetic styles are scattered technical shells, not a second cloth story. CURRENCY: Shopify.currency = {active USD, rate 0.154379} - a DKK-denominated feed serving USD. Nothing in this row depends on price. ALTERNATE DENOMINATOR: including bags and shoes gives 177 styles / 447 records. Using the numeric stem strictly (168) rather than stem+title (173) costs 5 codes that carry two fabrics each (Wax Cotton vs Wide Wale Corduroy 6-Panel Cap, two Korshavn corduroys, two lambswool cardigans, Norse Standard Chino vs Slim Chino); all 5 pairs classify identically, so the choice does not move a single figure."
Vollebak,131,126,41,52,3,47,31,split,"[""Jackets"", ""Pants"", ""Accessories"", ""Shorts"", ""Vests""]","[""Sweats and Hoodies"", ""Sweaters"", ""Shirts""]",product_code,209/131,"4 locale product sitemaps x 147 entries = 588; kept en-us only, removed the root, /en-ca and /en-ch files = 441 entries; the feed itself carries no locale duplication - /products.json and /en-us/products.json return the identical 214 records, same ids, zero difference either way",1.34868,complete,https://vollebak.com/en-us/products.json?limit=250&page=1,"Census 2026-09-14. www.vollebak.com redirects to vollebak.com/en-us. /products.json?limit=250&page=N returns 214 then ZERO, and /en-us/products.json returns the SAME 214 ids - there is no locale duplication in the feed, only in the sitemap. FEED AGAINST SITEMAP, AND THE SITEMAP IS THE WRONG ONE HERE. The 4 product sitemaps (root, /en-ca, /en-ch, /en-us) hold 147 entries each = 588, i.e. 146 product handles. That is 68 SHORT of the 214 in the feed. Unlike Wax London, the extra 68 are not phantoms: all 68 PDPs return HTTP 200 and all 68 have at least one variant in stock, while 20 of the 146 sitemap handles are sold out. The feed is the live range and the sitemap is the stale artefact, so 214 was kept. GENDER: none to remove. No gender tag, no gender collection, no women's-titled product and no women's collection exists; the house is single-range. NOT CLOTHING, REMOVED (3 style keys, 5 listings): Vollebak Gift Card, Henrik Delehag Painting x3, Bang & Olufsen Beosound 2 Vollebak Edition. 131 clothing styles from 209 listings. STYLE METHOD product_code: variant SKUs are <CAT3><NUM3><COLOUR3><SIZE3> (JKT209KHKXSM), so the 6-character stem is the style; 209 listings -> 131 stems, ratio 209/131. The stem correctly keeps apart two products with the SAME title - Planet Earth Shirt is TPS004 in navy and TPS061 in black and grey-green. COMPOSITION is not in products.json (only 10 of 214 body_html carry a percentage). It is server-rendered into the PDP in an ai-tech-details block; all 214 PDPs were fetched and the block's text lines extracted. The composition is the first %-bearing line: 'Material made in Japan: 100% jacquard cotton'. One page (For When All Hell Breaks Loose) has a <style> block whose CSS comments matched the same class pattern - a junk-line filter was needed, and without it that row read page furniture (the real answer is 82% polychloroprene, 18% polyester). COUNTS on 131: natural 54, synthetic 68, cellulosic 4, no composition 5. Exact 41.22/51.91/3.05/3.82 -> largest remainder 41/52/3/4. 0 unclassified segments after adding Dyneema, meta-aramid, Kanecaron (modacrylic), polychloroprene, silica aerogel and organic rubber foam to the fibre map. TIES: 2, both resolved first-listed. The other resolution (last-listed) gives 52 natural / 70 synthetic / 4 cellulosic = 40/53/3/4 - one point of natural. MATERIAL NAMED WITHOUT A PERCENTAGE: 1 counted (the Mycelium Jacket, 'Raw, matt, mycelium material' - a grown material, read as natural). STRICT ALTERNATE: 125 with composition, 53 natural, 40/52/3/5. NOT counted, deliberately: the two 100 Year Hoodies say only 'Material made in the US by Polartec' and 'an engineered fleece' (a loose read would call that polyester off a construction word), The Neo Suit Pants name no fibre at all (a loose read matches 'metal snap fasteners'), and The Sonic Jacket and The Wooden Jacket ship no tech-detail block. Those four are the kind of match the spec's page-furniture rule exists to stop. ONE SPEC-DRIVEN ODDITY WORTH THE READER'S EYE: the Martian Aerogel Jacket lists 'Insulation made in the US: 80% organic rubber foam, 20% silica aerogel' BEFORE 'Outer material and lining made in the UK: 100% polyamide'. The ruling is take the first composition listed, so this jacket scores natural (rubber) on an insulation line while its shell is 100% polyamide. It is one style and it is the rule working as written, not a parse failure. SPANDEX: main fabric line 47 styles, 31 at 5%+ - this is a stretch house and the histogram has two clear modes, a 2-11% woven/knit band (2%x7, 3%x4, 4%x5, 5%x3, 6%x2, 7%x4, 9%x4, 10%x3, 11%x2) and a 22-36% compression band (22%x1, 26%x3, 30%x3, 31%x2, 34%x3, 36%x1). ANYWHERE IN THE STRING: 51 styles and 47 at 5%+ - a 16-style gap at the high end, because a heavily elasticated cuff, gusset or lining panel sits on garments whose shell has none. Read loosely Vollebak is a 36%-stretch house, read on the main fabric line it is 24%. 5 styles carry polyurethane inside a composition; counting PU as elastane moves the figures to 52 and 33. SHAPE split, and it is the real thing: 54 natural against 68 synthetic. Jackets (49 styles, 32 synthetic to 15 natural), Pants, Shorts, Accessories and Vests are synthetic-led; Sweaters, Shirts, Sweats and Hoodies and Fleeces are natural-led. Swim is not a separate category here (the swim shorts sit inside Shorts) and excluding them does not flip the verdict. LEAD FIBRES: polyamide 50, cotton 28, wool 12 (mostly Optim merino), polyester 6, hemp 4, lyocell 3, Dyneema 3, aramid 3, alpaca 3, eiderdown 3, copper 2, cashmere 2, and one each of polyurethane, neoprene, modal, rubber, metal, modacrylic and mycelium. FEED CURRENCY: Shopify.currency = {active USD, rate 1.34868} - the feed is GBP-denominated with USD active. Nothing here depends on price. ALTERNATE DENOMINATOR: clothing only (drop the 13 Accessories: 5 natural, 8 synthetic) = 118 styles, 49 natural / 60 synthetic / 4 cellulosic / 5 none = 42/51/3/4."
Stone Island,200,200,70,30,0,46,23,split,"[""Coats & Jackets""]","[""Knitwear"",""Pants & Shorts"",""Fleecewear""]",product_code,522/200,4 locales -> en-us only (2396 sitemap URLs -> 599),not shopify,complete,https://www.stoneisland.com/en-us/sitemap_0-product.xml,"Census 2026-09-14. 200 men's clothing styles, every one of them with a stated composition - coverage is 200/200, not a single undisclosed garment in the range. ROUTE AND THE DISALLOWED PATH, DECLARED: products.json returns 410 and the PLP and PDP are both React shells (32KB of HTML, no product text), so nothing could be read from rendered pages. The census came from https://www.stoneisland.com/en-us/sitemap_0-product.xml and the composition from Stone Island's own SFCC product API at /on/demandware.store/Sites-StoneNA-Site/en_US/ProductApi-Product?pid=<22-char product code>. THAT API PATH IS DISALLOWED BY robots.txt ('Disallow: */on/demandware.store/*'); per the 13 Sep standing ruling reading it is in bounds and the path is recorded here as provenance. It returns a labelled Composition attribute, e.g. 'External Fabric: 86% Polyamide / Nylon 14% Elastane / Spandex. Hood: 85% ... Lining: 85% ... Garment Padding: Duck Down ( Minimum 90% Down ) 90% Duck Down 10% Duck Feather.' LOCALE DEDUP: the sitemap holds 2396 <loc> entries which are the same 599 products under four locales (en-ca, fr-ca, en-us, es-us), 599 each; only en-us was kept. STYLE KEY: the 22-character product code is <5-char season prefix><7-char model><4-char fabric><4-char colour>. 599 colourway URLs collapse to 276 model+fabric codes and to 235 model numbers; per ruling 5 the style is the numeric stem, so 235 model numbers, of which 200 are clothing. One representative per model+fabric code was fetched (276 API calls, 0 errors, 0 blocks) and collapsed to the stem. MEN'S AND CLOTHING BOUNDARY: the US site has no women's and no junior section, so there is no gender rule to restate. What was REMOVED is non-clothing: accessories (30 stems, including a 100% Silicone iPhone case and a 100% Cowhide belt) and shoes (5 stems, whose compositions are 'Upper: Fabric; Synthetic Material' with no percentages at all). 235 - 35 = 200. COUNTS on 200: natural 139, synthetic 61, cellulosic 0, no composition 0. Exact 69.50 / 30.50 / 0 / 0. Note this is a LARGEST-REMAINDER TIE: both remainders are exactly .5 and only one point is available; it was given to the larger count, so 70 / 30. The other break gives 69 / 31. Natural includes cotton (113), wool (24), leather (1), cashmere (1); synthetic is polyamide (49) and polyester (12). TIES IN COMPOSITION: 2, both '50% Cotton 50% Lyocell' (model 1200028 and 3100038). First-listed makes them cotton/natural; the other resolution makes them lyocell/cellulosic and the row would read 137 natural / 61 synthetic / 2 cellulosic = 68 / 31 / 1. SPANDEX ON BOTH BASES - THIS IS THE BIGGEST GAP OF THE FIVE: main fabric line only (the cells) 46 styles with elastane, 23 of them at >=5%; anywhere in the composition string 85 and 31. Stone Island puts elastane in linings, hood linings and coatings far more often than in the shell, so ruling 2 removes 39 styles here. Ruling 3 adds nothing: no style names a stretch without a percentage in the shell chain. PARSER: compositions are multi-part, split on '. ', and the FIRST part is taken. Two traps: ' / ' inside 'Polyamide / Nylon' and 'Elastane / Spandex' is a SYNONYM separator, not a part separator, so splitting on it is wrong; and parts are not always labelled. Instead of splitting on '/', percentage-fibre pairs are read in order and the first part is closed when the running sum reaches 100. Every first part sums to 100 +/-1; zero parse failures. SHAPE is genuinely split and the halves are clean: Coats & Jackets 49 styles run 43 synthetic to 6 natural (nylon, Crinkle Reps NY, light nylon 3L), while everything else is cotton and wool - Knitwear 34/34 natural, Pants & Shorts 33 of 42, Fleecewear 32 of 35, Polos & T-Shirts 20/20, Shirts 14 of 20. RECONCILIATION: the sitemap is slightly behind the live grid - the Coats & Jackets PLP reports 106 Products where the sitemap carries 100 colourway URLs for that category, about 6% under. No phantom rows: all 276 API calls returned 200 with a live product record. COLOURWAY RATIO 522/200 is en-us colourway URLs over stems. ALTERNATE DENOMINATORS: (a) model+fabric codes instead of model numbers, clothing only = 236 styles, 172 natural / 64 synthetic = 73/27, spandex 52 main-line and 101 anywhere - recorded, not used, because ruling 5 says the stem; (b) all 235 stems including accessories and shoes = 229 with composition, 152 natural / 77 synthetic; (c) the en-gb or en-au sitemaps, which are larger - rejected, this is the US range."
A Bathing Ape,489,272,48,8,0,0,0,one,"[""JACKETS""]","[""T-SHIRTS"", ""CUT AND SEWN"", ""PANTS""]",product_code,1114/489,"none (us.bape.com has its own sitemap index, a single / prefix, one product file, 927 URLs all distinct)",1.0,partial,https://us.bape.com/products.json?limit=250&page=1,"Census 2026-09-14 in-browser same-origin against us.bape.com (bape.com is the Japanese corporate site; the US store is the us. subdomain, as the brief says). /products.json?limit=250&page=1..4 returns 250,250,250,177 then ZERO = 927 unique ids, reproducing the 927 in the register. Sitemap reconciliation is EXACT: one product sitemap, 927 handles, 0 missing either way, no locale paths. Feed and sitemap are the same set. THE HANDLE IS THE PRODUCT CODE - every record is /products/1m80-110-008, i.e. season-line / silhouette / design-colour, so style_method is product_code and the handle needs no cleaning. Colour is a variant option INSIDE the record (1 to 7 values, 1114 colourway values over 489 men's styles), so the colourway ratio is 2.28 and does not come from repeated records. Only 42 titles repeat, and those are the same design reissued in a later season under a different season prefix (1l80 vs 1m80); they are kept as separate styles because they are separate product codes per ruling 5's numeric-stem half. GENDER comes from the title suffix, which BAPE states on every garment: MENS 647, LADIES 158, KIDS 119 store-wide. Within clothing: 487 mens, 96 ladies, 92 kids, 2 unspecified (titles truncated to ' M', treated as men's). The 96 ladies and 92 kids records were REMOVED per ruling 5, along with the SKIRT+ONE PIECE type. CLOTHING = T-SHIRTS, CUT AND SEWN, PANTS, JACKETS, SHIRTS, KNIT. Excluded as non-clothing: GOODS 164 (BE@RBRICK figures, bags, homeware), FOOTWEAR 83, BAPE GALLERY 1. THIRD-PARTY: NONE. Every one of the 25 vendor strings is BAPE, BABY MILO STORE, BAPE GALLERY or a 'BAPE X ...' collab (adidas, Disney, Medicom, OVO, F1, KidSuper, Swarovski). BAPE US stocks no other maker's goods, so nothing was excluded on that ground. STATUS PARTIAL, and the payload was read before saying so. Composition at BAPE US exists ONLY as a sentence in the product description ('Made from 100% cotton'), which is carried in body_html and rendered on the PDP. Twelve PDPs of men's garments with no composition in the feed were fetched whole (400-500KB each) and searched for 'material', 'cotton', 'polyester', 'polyurethane', and for the Japanese forms 素材 / 綿 / ポリ: ZERO hits on all twelve. There is no __NEXT_DATA__, no metafield block, no spec table - the US store simply does not publish a composition for 217 of its 489 men's clothing styles. 272 / 489 = 55.6%, below the 60% line, hence partial. The 360 records that matched a percentage in body_html include furniture - 'BE@RBRICK 100%&400%' is a size designation, not a composition - and the parser correctly rejects it. EVERY DISCLOSED COMPOSITION AT BAPE US IS SINGLE-FIBRE. 272 styles, 272 of them '100% X' (cotton 232, polyester 33, nylon 5, lyocell 1, polyethylene 1); not one multi-fibre percentage composition exists in the men's range. Sum check: zero failures. Ties: zero. THE POLYURETHANE QUESTION HAS NO LEVERAGE HERE AND THIS IS THE FINDING TO CARRY BACK. The brief expected a Hiroshi Kato situation. us.bape.com mentions polyurethane 4 times store-wide and elastane/spandex ZERO times, and not one of the four is a percentage composition - all four are prose ('made from a cotton/polyurethane blend', 'a blend of acrylic, wool, nylon, and polyurethane'). SO BOTH FIGURES ARE THE SAME: strict reading 0 of 489; counting PU-in-a-percentage-composition as elastane, also 0 of 489, because there are no percentage compositions containing PU. Only 1 men's clothing style (STA STRIKE CAMO LOOSE FIT TRACK PANT) names PU in prose at all. If prose PU were counted the figure would be 1. The ruling stays open but it does not move this row. SPANDEX both bases: main fabric line 0, anywhere in the string 0. SHAPE one: cotton leads 232 of 272 disclosed styles. JACKETS is the only synthetic-led category (13 synthetic to 3 natural, on 45 styles of which 29 disclose nothing). ALTERNATE DENOMINATORS: men's clothing 489 (the row); + ladies and kids clothing 677; all men's including GOODS and FOOTWEAR 647 records; whole feed 927."
Canada Goose,159,159,48,52,0,7,5,split,"[""Lightweight Jackets"", ""Vests"", ""Parkas"", ""Rain & Wind"", ""Puffers"", ""Bombers"", ""Snow Goose"", ""Snow Pants""]","[""Tops"", ""Knitwear"", ""Bottoms""]",product_code,247/159,"per-market sitemaps (us, ca, ...) -> us/en only",not shopify,complete,https://www.canadagoose.com/us/sitemap-Custom_sitemap_0-Product-CanadaGooseUS.xml,"CORRECTS THE PRIOR FIGURE ON COVERAGE. Every men's garment states a composition: 247 of 247 (100%), not 152 of 248 (61%). The prior pass read the rendered DOM, where the Materials & Care panel is collapsed and its content never reaches document text - clicking it here still leaves no percentage in innerText. c_materialComposition sits in the page payload (__PRELOADED_STATE__) on every men's garment, so the 39% hole was a reading failure, not a disclosure gap; status is complete, not partial. Denominator: 247 men's garments = c_gender male (plus unisex filed under shop-mens), minus eyewear (19), footwear (10), bags (4) and home/book (3), minus worn accessories - hats, gloves, socks (22). Including those accessories gives 269, also 100% stated; all men's records incl. footwear/eyewear give 305. The prior 248 is this same core set +/-1 (42 sitemap URLs are dead 404s). Main fibre from the FIRST composition, accumulating pairs to 100% so a '100% Leather body with cuff 90% Wool' or 'Fleece: 100% Cotton / Down panels: 100% Polyamide' string cannot be summed across parts; 4 of 247 are CG's own malformed strings summing to 115-127% (61% recycled wool still leads, so the call is unaffected). 0 cellulosic-led and 0 without composition, so nat+syn = 100. SHAPE IS GENUINELY SPLIT: 126 synthetic-led against 121 natural-led - a synthetic outerwear half (parkas, puffers, bombers, lightweight, rain and wind, vests, snow) against a natural jersey-and-knit half (organic cotton tops and tees, merino knitwear, cotton bottoms). Spandex is small and barbell-shaped, not comfort stretch: 10 styles contain any elastane, 8 of them at 5%+ (2 at 2%, then 6, 6, 12, 12, 12, 12, 17, 30) - these are the four-way-stretch rain shells and the Clyne pullover, not stretch chinos. COLOURWAY RATIO CAVEAT: 247/247 is a true 1.00 because each record carries its colours as variants ('5 Colours' on one PDP), but CG issues separate style codes for logo-disc finishes (langford-parka-2052M / -2052MT / -2052MB); 63 of the 247 are such finish variants, collapsing to 159 distinct numeric style stems. Deduped to 159 the split is 48% natural / 52% synthetic and spandex is 7 / 5 - the story does not move. Censused 13 Sep 2026 from the US product sitemap (609 URLs, 567 live, 42 dead); site rate-limits XHR at 429 above ~8 concurrent, so the crawl was resumed at 4. || RESTATED 14 Sep on the rev3 rulings. Ruling 5 (distinct numeric stem) is what moved this row: 63 of the 247 are logo-disc and finish variants under separate style codes (langford-parka-2052M / -2052MT / -2052MB), collapsing to 159 distinct numeric stems. On 159 the split is 48 natural / 52 synthetic - it was 49/51 on 247, so the story does not move - and spandex is 7/5, from 10/8. Composition coverage stays 100%: 159 of 159. Ruling 2 makes no difference here; the 10 (now 7) are read from the first composition and none is a lining. colourway_ratio restated to 247/159 - the raw listing count over the style count - where the pilot row read 247/247 on the pre-collapse basis."
Arc'teryx,204,188,16,76,0,81,69,one,"[""Shell Jackets"", ""Insulated Jackets"", ""Packs"", ""Climbing Gear"", ""Fleece"", ""Accessories"", ""Pants"", ""Shorts"", ""Base Layer""]","[""Shirts and Tops""]",product_code,558/204,none,not shopify,complete,https://arcteryx.com/us/en/c/mens,"Census 2026-09-13. /api/catalog.getProductListingPage (input json needs country+language+slug+url; limit caps at 200) -> totalCount 204, 204 unique ids, colourOptions sum 558 - reproduces the given 204/558 exactly. PDP via /_next/data/<buildId>/us/en/shop/<slug>.json, product.materials[] (labelled ""Body:"" / ""Self:"" lines). 16 state no composition = 13 footwear (qualitative Upper/Outsole only) + 3 Nu care products - reproduces the given 16. CORRECTION to the given 157: under rev2's rule (highest SINGLE fibre in the body line) synthetic-main is 155, not 157. 157 is exactly what the old rule (sum the synthetic CLASS >50%) returns; the two that flip are word-head-toque (48% wool/47% rPES/4% nylon/1% elastane) and color-block-toque-9931 (48/48/3/1). Counts: synthetic 155, natural 33, cellulosic 0, none 16. Natural includes goose down, goat leather, wool/merino, cotton. Cellulosic 0 although 3 styles contain 28% lyocell (Satoro merino, wool-led). Strict literal ""first line listed"" gives 152/36/0 - Arc'teryx's materials array is unordered (Gamma Pant lists Lining before Body), so the body/self/shell line is taken, per ""not the lining"". 4 cross-class 50/50 ties resolved to the first-listed fibre. Spandex read as a percentage, not a word: 94 styles contain elastane anywhere (78 at >=5%); restricted to the main fabric line it is 81 and 69. Elastane values run 1-28%. shape=one: 155 of 188 stated are synthetic-led and only Shirts and Tops is natural-led (13 of 21); per-category synthetic-led share Shell Jackets 27/27, Insulated 19/19, Packs 23/23, Climbing Gear 12/12, Fleece 15/19, Pants 9/13, Accessories 36/45, Base Layer 4/7, Shorts 4/5, Footwear 0/13 (no percentages). Parser validated by hand: all 22 distinct fibre descriptors classify, no unknowns; the only body line not summing to 100 is sabre-bib-pant-8924 at 200% (GORE-TEX membrane + backing), verdict unaffected. || RESTATED 14 Sep on the rev3 rulings. Ruling 2 (main fabric line only): spandex 94/78 -> 81/69; the 13 dropped styles carry elastane in a lining, cuff or backing only. Ruling 5 (numeric stem, men's only): no change - the 204 are already distinct ids from the men's listing endpoint and carry no finish variants. Rulings 1, 3, 4 did not fire: the 4 cross-class 50/50 ties were already first-listed, no named stretch without a percentage, no elastolefin. Percentages recomputed by largest remainder on 33 natural / 155 synthetic / 0 cellulosic / 16 none of 204."
Vince,341,339,93,4,2,52,5,one,[],"[""tees, polos & sweats"", ""shirts"", ""jackets & outerwear""]",product_code,791/341,none,not shopify,complete,https://www.vince.com/sitemap_0-product.xml,"THE SALESFORCE FIELD HERE IS 'material', NOT c_materialComposition (which appears zero times, as at the other four SFCC houses). The PDP carries a JSON payload with mpn/sku/productCategory/color/material ('71% Lyocell, 29% cotton.') plus a BreadcrumbList whose second node is Men or Women - that breadcrumb is the gender boundary. Payload read before the DOM; 339/341 carry composition, zero unknown fibre tokens, zero sum failures. Census: sitemap_0-product.xml = 2518 product URLs with no gender in the path. Men's enumerated from the 56 men's category slugs in sitemap_2-category.xml via Search-ShowAjax (sz=1200) - 1064 URLs, of which 1009 confirmed men's, 51 dropped as women's-breadcrumb, 4 429s. 809 of the 1009 are in the product sitemap and 200 are not, so the sitemap is not the full live range here. COLOURWAY TRAP: the URL code is style code + colour name appended (M14212576, M14212576DARKCAMELETTO, M14212576NIGHTLEAF). Deduplicated to the base code that also exists bare - 1009 men's URLs -> 450 bases; after dropping 218 non-clothing listings (shoes, bags, belts, wallets, sunglasses, scarves/hats, gloves) it is 791 clothing listings -> 341 styles, only 2 of which carry more than one composition. Spandex: 52 styles on the main fabric line, 5 at 5%+; anywhere-in-the-string gives 55/7 (three more from second parts). Histogram identical strict and PU-inclusive: 1%:12 1.5%:1 2%:14 3%:12 4%:8 5%:3 6%:1 13%:1. Zero polyurethane, zero elastomultiester. 6 ties (50/50 cotton-polyester, wool-polyester, cotton-linen, pima cotton-modal); first-listed keeps 5 of them natural, last-listed would move 5 out of natural. 2 styles have no percentage: one blank, one prose 'Polyester, elastane. Combo: Leather.' which under a prose-counts reading would be the house's only extra synthetic. Denim is 2 styles - this is a knitwear and shirting house, not a denim one."
Rails,151,150,84,14,1,39,5,one,[],"[""shirts"", ""shorts"", ""pants""]",product_code,310/151,none,1.0,complete,https://www.rails.com/products.json,"THE MEN'S BOUNDARY IS THE FINDING: /products.json is 1966 records of which only 317 are men's (product_type MEN 312 plus 5 accessories tagged men-size-chart) against 1451 women's - the men's range is 16% of the house. 151 styles is a real and small number. Composition is in body_html, on its own <br>-delimited line before 'Imported.' - 316 of 317 men's records carry it, no PDP fetch needed. Style key = the first three segments of the variant SKU (RM-580-907E), 155 keys with only 2 carrying more than one composition; alternates are 109 on two segments (3 impure) and 116 on the title stem (16 impure). After dropping 7 non-clothing listings (hats 3, belts 2, gloves 2) it is 310 listings -> 151 styles. Spandex: 39 styles on the main fabric line, 5 at 5%+; anywhere-in-the-string gives 40/5 (one extra from a second part). Histogram 1%:11 2%:14 3%:9 5%:3 6%:1 10%:1. No polyurethane, no elastomultiester, no named-stretch-without-percentage. 3 ties, all 50/50 (2x cotton/acrylic, 1x cotton/viscose), resolved to cotton; last-listed would move all 3 out of natural (2 synthetic, 1 cellulosic) and give natural 124 / synthetic 24 / cellulosic 2. Parse notes: '1% Elastic' read as elastane; '15% Camel' read as camel hair; one brand arithmetic error ('86% Cotton | 41% Rayon | 2% Spandex' = 129) left as inspect-not-discard; two strings carry a second part with no label ('53% Polyester | 43% Rayon | 100% Cotton') and needed a running-sum cut, which moves them from cotton-led to polyester-led."
Club Monaco,126,126,85,11,4,43,12,one,"[""Swim""]","[""Shirts & Tops"", ""Pants"", ""Sweaters""]",product_code,196/126,"9 locale product sitemaps x 512 entries = 4608; kept the root (US) file only, removed 8 non-US locales (en-at, en-ch, en-de, fr-fr, en-fr, en-gr, en-lu, en-no) = 4096 entries; root 512 minus 1 self-reference = 511 handles, which equals /products.json exactly",1.0,complete,https://www.clubmonaco.com/products.json?limit=250&page=1,"Census 2026-09-14. /products.json?limit=250&page=N returns 250, 250, 11, then ZERO = 511 unique ids on the US store (clubmonaco-prod.myshopify.com, Shopify.country US, rate 1.0). LOCALE: the sitemap route over-counts by 9x. sitemap.xml lists 28 children including NINE product sitemaps - the root one plus /en-at, /en-ch, /en-de, /fr-fr, /en-fr, /en-gr, /en-lu, /en-no - each with exactly 512 <loc> entries, 4608 in total. Every one of the 9 is the SAME 511 products under a locale prefix. Root 512 - 1 self-loc = 511 handles = the feed exactly, so 4097 entries were removed and nothing was lost. GENDER: product_type carries the department as a prefix - Men- 179, Women- 298, blank 33, Gift Cards 1. The 33 blanks are new arrivals with no type yet; resolved against the men's/women's collections. Men's set = product_type Men- (179) PLUS 17 blank-typed records that appear in a men's collection = 196 listings. No men's record appears in /collections/womens. REMOVED: 298 women's, 1 gift card, and the blank-typed records that sit in women's collections. NOTE the men's collections UNDER-count on their own: the union of the 12 mens-* collections is 148, and 49 product_type Men- records are in no men's collection at all, so collections alone would have lost a quarter of the house. STYLE METHOD product_code: body_html states 'Style Number: 795869811' on every record and colour is a separate record; 196 listings -> 126 style numbers, ratio 196/126. The 9-digit code also encodes gender (7xxxxxxxx men, 2xxxxxxxx women, 4xxxxxxxx mixed) which is how the blanks were cross-checked. COMPOSITION is a body_html bullet, e.g. 'Base: 96% cotton, 4% elastane; ribbing: 99% cotton, 1% elastane'. The composition line was taken as the first line whose parsed percentages total 50+ and name a real fibre - a plain first-%-line rule pulls in marketing prose ('Made from a non-stretch 100% cotton denim' would have been read as a named-stretch style). Only the first part of a multi-part line counts, so 'Base:' wins and 'ribbing:' does not. 126 of 126 styles resolve. COUNTS on 126: natural 107, synthetic 14, cellulosic 5, no composition 0. Exact 84.92/11.11/3.97/0 -> largest remainder 85/11/4/0. TIES: ZERO; last-listed identical. STATED FIBRE WITHOUT A PERCENTAGE (2, counted, flagged): the Williams Short-Sleeve T-Shirt ('ultra-soft cotton') and the Club Monaco Leather Sneaker ('smooth leather'). STRICT ALTERNATE: 124 with composition, 105 natural, 83/11/4/2. TWO BRAND-SIDE ARITHMETIC FAILURES, not parse failures: '75% cotton, 23% linen, 5% elastane' sums to 103 and '61% Cotton 29% NYLON 2% EL P/D twill' sums to 92. Both are single compositions printed wrong by the brand; both are cotton-led either way, so neither moves a cell. Every other composition sums to 100 +/-1. SPANDEX: main fabric line 43 styles, 12 at 5%+. ANYWHERE IN THE STRING: 43 styles but 14 at 5%+ - the two extra are a 5%+ elastane ribbing or lining on a garment whose base cloth is under 5%. 0 named-stretch styles ('non-stretch' was explicitly rejected). Elastane histogram 1%x2, 2%x14, 3%x9, 4%x6, 5%x2, 6%x2, 8%x1, 9%x3, 10%x3, 11%x1. One style carries 3% polyurethane (82% cotton, 9% rayon, 6% lyocell, 3% polyurethane); counting PU as elastane would give 44 and 12. SHAPE one: every category is natural-led except Swim (0 natural / 4 synthetic of 4), and swim is excluded from the split verdict. NATURAL includes cotton 68, wool 18, linen 11, leather 6, cashmere 3, silk 1. ALTERNATE DENOMINATOR: clothing only (drop Belts 4, Hats 4, Scarves 2, Ties 1, Bags 1, Socks 1, Shoes 1 = 14 styles, all natural) = 112 styles, 93 natural / 14 synthetic / 5 cellulosic = 83/13/4/0."
PAIGE,152,152,65,1,34,84,3,split,[],"[""non denim bottoms"", ""knit tops"", ""woven tops""]",product_code,286/152,none,absent,complete,https://paige.com/sitemap.xml,"Headless Shopify; /products.json 404s and the myshopify handle paige-test.myshopify.com 302s to sandbox.paige.com which also soft-404s the feed - no Shopify feed exists. Census from the flat sitemap: 1252 locs / 1001 /products/ = 318 men- + 659 women- + 24 swimwear- (women). Composition read from the PDP payload field styleContent (a flat tag array carrying sku/style/styleColor/styleContent/category), not the DOM; 152/152 styles carry it, zero parse failures, zero sum failures. 32 men's listings dropped as non-clothing (belts 12, sneakers 8, flats 8, headwear 2, boots 2), leaving 286 clothing listings -> 152 styles on the sku stem (e.g. M653521). Alternate denominator: 86 by style name (Lennox etc.). CELLULOSIC RULING DECIDES THIS HOUSE: 51 of 152 styles are cellulosic-led (rayon 46, viscose 3, lyocell 2). Under the old natural reading natural_pct would be 99; under the 13 Sep ruling it is 65 - a 34-point move, not 44. Denim bottoms (72 styles) run 42 cellulosic-led to 30 natural-led; every other category is cotton-led. That is the split. The signature performance denim is 54% Rayon / 23% Cotton / 22% Polyester / 1% Spandex. Spandex on the main fabric line: 84 styles, 3 at 5%+; identical on the anywhere-in-the-string basis (one composition per style). Histogram 1%:38 2%:26 3%:17 5%:3. Zero ties. Elastomultiester fires once. Zero polyurethane. Provenance: PDPs under /products/ read directly."
AG,278,266,92,1,3,168,15,one,[],"[""jeans"", ""shirts & tops"", ""pants""]",product_code,548/278,none,1.0,complete,https://www.agjeans.com/products.json,"/products.json paginates to 1098 records (page 5 returns zero): 548 men's (MENS BOTTOMS 361 + MENS TOPS 187), 504 women's, 46 accessories/unisex/gift card. Composition is NOT in body_html (70 of 548 carry any %); it is server-rendered in the PDP container fabric-care-accordion-content as a metafield-multi_line_text_field. 278 style keys off the StyleCode tag (product+fabric, e.g. 1049RTS); alternate denominator 68 on the bare numeric stem, which would merge a rigid cotton Protege with a 2% elastane one and was rejected. 12 styles carry no percentage: 2 blank, 10 prose-only 'Rigid Selvage Denim / Red Line Selvage'. Read as 100% cotton they would give natural 265 and none 2 (natural_pct 95); held as no-composition, as at Easy Mondays. SPANDEX: 168 styles on the main fabric line, 15 at 5%+; anywhere-in-the-string gives the same 168/15 because AG's fabric field is a single line. A further 7 styles carry 'Stretch' in the FABRIC NAME with a stated composition containing no elastane (e.g. Movement Stretch Denim 72% Cotton 17% Lyocell) - excluded, per ruling 3's own 100%-cotton-with-mechanical-stretch example. POLYURETHANE FIRES HERE: 27 styles state Polyurethane inside the percentage composition on the main cloth (Empower Denim 98% Cotton 2% Polyurethane; Flex 360 96/4). Strict elastane-only reading: 141 styles / 14 at 5%+. PU-inclusive (the cell): 168 / 15. ELASTOMULTIESTER FIRES HERE: 2 styles read '92% Cotton, 6% Eme, 2% Elastane' - EME counted synthetic, not elastane; those 2 sit in the 2% bucket. Histogram (PU-inclusive, main line): 1%:23 2%:81 2.5%:1 3%:29 4%:19 5%:9 6%:1 8%:1 11%:2 12%:1 15%:1. Strict: 1%:18 2%:69 2.5%:1 3%:29 4%:10 5%:9 6%:1 8%:1 11%:2 15%:1. Parse traps caught by the sum check: 'Lyrca' (4), 'Polyster' (1), 'Linen (Flax)' losing a pair to the paren, and two two-part strings ('100% Leather, 100% Polyester (lining)'; '88% Cotton, 12% Nylon, 100% Polyester Shell') that needed a running-sum cut. Zero ties after the fix. One residual sum failure, the brand's own arithmetic."
Ksubi,353,319,85,4,1,63,0,one,[],"[""jeans"", ""t-shirts"", ""shorts""]",handle,353/353,"US apex unreachable; measured on ksubi.com.au (single locale, no duplication removed)",1.0,partial,https://ksubi.com.au/products.json,"ksubi.com DID NOT RESOLVE from this environment on any attempt (apex, www, us., http, /robots.txt, /collections/all - all chrome network errors, not 403s); ksubi.myshopify.com answers 'Store unavailable'. The row is therefore measured on the brand's own AU store, ksubi.com.au (Shopify, shop ksubi-au.myshopify.com, 789 records, currency rate 1.0 on an AUD base). It is first-party but it is NOT the US range the brief asked for - treat the row as the AU men's range. product_type carries gender: male 353, female 276, unisex 105 (all accessories bar one sweat), kids 41, womens 5, none 7, caps 1, gift card 1. Men's = the 353 'male > ...' records, all of them clothing. colourway_ratio is a genuine 1.00: colour is an OPTION inside one product record (options are colour/size), so a listing is a style. Different washes are separate records and are kept as separate styles (fabric differs). Composition is a bullet in the PDP feature list (<li>), sometimes fused with the stretch descriptor ('Some/plenty of stretch, 99% cotton, 1% elastane'). 34 styles publish none at all - confirmed by scanning the whole PDP text, not just the bullet. SPANDEX: 56 styles carry a stated elastane percentage on the main line, NONE at 5%+ (max 4%). A further 7 styles have no composition but a named stretch ('Comfort stretch denim' 3, 'Little/some stretch' 2, 'Some stretch' 2) and count under ruling 3 - total 63, still 0 high. 'No stretch' (12) does not count. Anywhere-in-the-string gives the same 56/0. POLYURETHANE: 2 styles state '2% pu' alongside 2% elastane, so strict and PU-inclusive counts are both 56 - PU adds no new style here. Elastomultiester: none. Histogram (main line): 1%:38 1.5%:1 1.6%:2 2%:12 2.5%:1 4%:2, plus 7 named-stretch-no-percentage. Strict elastane-only: 1%:38 1.5%:1 1.6%:2 2%:14 2.5%:1. Ksubi abbreviates fibres in some compositions ('61% prco 20% rpes 17% vis 2% ea') - expanded to recycled cotton / recycled polyester / viscose / elastane. One tie (50% cotton 50% rayon) resolved to cotton; last-listed would make it cellulosic. || SPECTRUM THREAD EDIT: status set to partial. Coverage is fine (319/353); the row is flagged because it is the AU men's range, not the US one every other row in this pass carries. ksubi.com apex, www, us. and ksubi.myshopify.com were all unreachable from here (DNS/network failure, never a WAF page), retried four times. Needs a retry from an environment that resolves the apex before it is treated as seated."
Purple,809,775,84,11,1,165,6,one,"[""Swimwear"", ""Hats"", ""Scarves""]","[""Denim"", ""Tees"", ""Shorts""]",title_dedup,987/809,"none (two product sitemaps, 996 + 349 = 1344 unique handles against 1347 feed records, no locale prefixes anywhere in sitemap.xml)",1.0,complete,https://purple-brand.com/products.json?limit=250&page=1,"Census 2026-09-14 from purple-brand.com (shop purple-usa.myshopify.com). NOT purplebrand.com, which is a marketing agency, and not officialpurple.com or purplejeansbrandus.com. /products.json?limit=250&page=N returns 250x5+97 then ZERO = 1347 unique ids; sitemap_products_1 (996) + _2 (349) give 1344 unique handles, so feed and sitemap agree to 3 records. GENDER: tags carry it. mens 987 (986 plus 1 also tagged womens), womens 212, kids 45, untagged 103. REMOVED: 212 women's, 45 kids' and the 103 untagged - the untagged are overwhelmingly archive (only 40 of 103 have any variant in stock) and the house states no gender for them. Men's set = the 987 mens-tagged records. STYLE METHOD title_dedup, and product_code was rejected on evidence. The SKU is <SILHOUETTE>-<FABRIC/WASH>-<SIZE> (P001-FDDIA7-28). The first segment is the FIT, not the style: P001 alone covers 92 records carrying 78 different fibre compositions, so collapsing on it would have destroyed the measurement. The full SKU stem is unique per record (1347 of 1347), so it collapses nothing. Colour is not a variant option - only Size is - so true colourways appear as repeated titles (Cities Tee x10, Painted Wordmark Tee x9, Crew Sock x8). The key used is silhouette stem + title, which collapses colourways and keeps washes apart: 987 listings -> 809 styles, ratio 987/809. 22 of the 809 groups disagreed internally on composition and were resolved to the modal value. COMPOSITION is a clean body_html bullet ('98% Cotton / 2% Lycra'); 1219 of 1347 feed records carry a percentage in body_html, and 757 of 809 men's styles do. COUNTS on 809: natural 676, synthetic 91, cellulosic 8, no composition 34. Exact 83.56/11.25/0.99/4.20 -> largest remainder 84/11/1/4. TIES: ZERO; last-listed identical. 2 brand-side sum failures ('92% Cotton / 2% Rayon' = 94, and a 37/34/19/6 blend = 98); both cotton-led, neither moves a cell. LAMBSKIN, SHEEPSKIN and COW SKIN had to be added to the fibre map - they appear inside percentage compositions and a standard leather regex misses them. STATED FIBRE WITHOUT A PERCENTAGE (18, counted, flagged): a short spec bullet naming the material - 'Lamb Leather', 'Perforated Leather', 'Stretch Bonded Lamb Leather', 'Acrylic Yarn' x2, 'Midweight Melton Wool', 'Cotton Printed Tote Bag' and similar (leather 5, cotton 8, acrylic 2, wool 1, down 1, mohair 1). STRICT ALTERNATE: 757 with composition, 658 natural, and 81/11/1/6. The other 34 name nothing countable. SPANDEX: main fabric line 165 styles (154 with a percentage plus 11 named-stretch-without-a-percentage), 6 at 5%+. This is a 1-2% house: the histogram is 1%x47, 1.8%x2, 2%x98, 4%x1, 5%x4, 7%x1, 35%x1 - 145 of the 154 sit at 1% or 2%, and the single 35% is a knit. ANYWHERE IN THE STRING: 169 styles, 10 at 5%+. THE TWO FIGURES THE BRIEF ASKS FOR. ELASTOMULTIESTER DOES NOT FIRE: zero styles in the men's range mention elastomultiester, Elasterell-P or T400, so the elastane count is unaffected by that distinction and there is no second figure to report for it. POLYURETHANE DOES FIRE, on 2 styles, and the rule produces a result I do not believe: both are 'Self: Face 100% Polyurethane Back: 100% Viscose' - faux leather, where the 100% PU IS the main cloth face and has nothing to do with stretch. Counting PU as elastane makes them 100%-elastane styles and gives 167 spandex_styles and 8 at 5%+. The cell carries the elastane-proper figures, 165 and 6; the 167/8 pair is recorded here. Applied to a stretch-denim house where PU appears as a minority component the rule is right; applied to a 100% PU face it is not. SHAPE one - a cotton house. Denim (205 styles, 201 natural) and Tees (180, 175 natural) are half the range. Only Swimwear (0 natural / 24 synthetic), Hats (6 vs 9) and Scarves (1 vs 2) are synthetic-led, and swim is excluded from the split verdict. LEAD FIBRES: cotton 606, polyester 73, leather 53, polyamide 8, acrylic 8, lyocell 6, wool 5, silk 4, alpaca 4, acetate 2, linen 2, polyurethane 2, down 1, mohair 1. ALTERNATE DENOMINATOR: clothing only (drop Hats 18, Socks 5, Scarves 4, Belts 3, Bandanas 3, Bags 2, Sunglasses 2, Jewelry 2, Wallet Chains 2 = 41 styles) = 768 styles, 745 with composition, 659 natural / 80 synthetic / 6 cellulosic / 23 none = 86/10/1/3."
Diesel,347,347,82,11,7,90,40,one,[],"[""denim"",""tshirts"",""jackets""]",product_code,599/347,robots lists 7 locale sitemap indexes -> en-us only (/en-us/sitemap_index.xml); root /sitemap_index.xml is empty,not shopify,complete,https://www.diesel.com/en-us/man/denim/viewall/,"SFCC/Demandware. THE FIELD IS editorialComposition, NOT c_materialComposition (which appears zero times here, now 6 SFCC houses in a row). Reached via the quickview route /on/demandware.store/Sites-DieselUS-Site/en_US/Product-ShowQuickView?pid=<PID> (108KB vs 724KB for the PDP); the same string is server-rendered on the PDP inside div.product-composition-element as 'Composition: ...' and appears exactly once there. Denominator: men's clothing only, built from the man/ category tree via Search-UpdateGrid (start acts cumulatively, so start=600 returns the whole grid in one call; sz is ignored). 599 live men's clothing product IDs across denim 195, tshirts 119, jackets 70, shirts 41, sweatshirts 36, pants 35, sweaters 34, matching-sets 74, underwear 104, beachwear 5, loungewear 13 (overlaps deduped). Accessories, footwear, bags, eyewear, jewelry, watches, fragrances, socks excluded; women's tree excluded entirely. 599 -> 347 styles on the 6-char Diesel style stem (A22146 from A221460CJCH7CS; the middle block is fabric, the last is colour). All 599 PIDs resolve in the en-US product sitemap (1731 locs, register said 1735). Composition is multi-part with the MAIN cloth first and labelled parts after a comma (Rib, Contrast, Coating, Inner, Application, Outer); the first comma-segment is the main line. Spandex cell is main-line: 90 styles, 40 at >=5%. Anywhere-in-the-string (counting rib and contrast) is 138 and 64 - the single biggest main-line-vs-anywhere gap in this batch, and it is the rib on tees and sweats. Polyurethane: 2 styles are 100%Polyurethane face cloth (A23026 pants, A22759 'Outer 100%Polyurethane' jacket) and one has 'Coating 100%Polyurethane' on a non-main part - all three excluded from elastane per the majority/face-cloth/coating floor, so strict and PU-inclusive readings are identical at 90/40. Elastomultiester on 2 denim styles (95%Cotton 3%Elastomultiester 2%Elastane-Spandex) counted synthetic, not elastane. 1 parse failure caught by the sum check: A17580 reads '95%COTTON 5%ELASTANE+ELASTIC58%NYLON 28%POLYESTER14%ELASTANE' with no comma between the two parts, summing to 195; hand-read as 95% cotton / 5% elastane main cloth (natural, 5% elastane) with a nylon elastic band - it stays in spandex_high_styles either way, but the histogram cell moves from 14 to 5. 6 ties, 1 of which changes class (50%Cotton 50%Polyester -> cotton/natural; polyester reading would give synthetic 41 / natural 283). Named stretch with no percentage is NOT measurable here: the 'Fabric: Stretch/Non-Stretch' descriptor survives in only 2 of 347 quickviews, so 0 styles were added under ruling 3. Listing-level alternate denominator (599 colourways, not styles): natural 529 / synthetic 45 / cellulosic 25."
Citizens of Humanity,74,74,93,0,7,47,0,one,[],"[""Pants"",""Tops"",""Jackets""]",title_dedup,287/74,none (single US storefront; no locale variants),1.0,complete,https://citizensofhumanity.com/products.json,"Shopify, citizens-of-humanity.myshopify.com. /products.json pages to zero at page 5 = 985 records, matching the register. Gender_Men 287 / Gender_Women 685 / 13 untagged (unisex charity tees, 2 maternity jeans, gift box, tote, hat, gift card, donation) - untagged excluded, none are claimed as men's by the house. Men's is 100% clothing (Pants 209, Tops 67, Jackets 11). Composition is NOT in the feed: only 40-odd men's records carry a percentage in body_html. It is server-rendered on the PDP as <b>Fabric Content:</b> (AGOLDE, same parent, uses <strong>Fabric:</strong> - reading only AGOLDE's label here returns 5 of 287 instead of 286). Furniture check: 0 hits on /collections/mens and on a content page, 1 hit per PDP. 286 of 287 listings carry a composition; the 1 that does not shares a stem with a sibling that does, so all 74 styles are covered. Style = title before ' in <colour>'; 287 listings -> 74 styles. 3 TIES, all '49% Lyocell 49% Cotton 2% Elastane' (utility jacket, carpenter trouser cashmere touch, elijah straight cashmere touch twill). First-listed wins -> lyocell -> cellulosic. The other resolution (cotton) would give natural 72 / cellulosic 2, i.e. natural 97 / cellulosic 3. SPANDEX ON BOTH BASES: main-line strict elastane 44; +3 polyurethane styles (adler slim perform twill 3% PU, london tapered slim premium vintage 2% PU, london tapered slim brushed sateen 1% PU - all minority, all on the main cloth) = 47, which is the cell. Anywhere-in-the-string is also 47: this house states one composition per product with no separate trim or lining line, so the two bases coincide. Named stretch with no percentage: 0. ELASTANE HISTOGRAM (74 styles, strict): 0% x30, 1% x9, 1.5% x4, 2% x26, 3% x5. PU-inclusive: 0% x27, 1% x10, 1.5% x4, 2% x27, 3% x6. ZERO styles at or above 5% - the whole men's range sits at 3% elastane or under, which for a comfort-stretch denim house is the finding. Elastomultiester on 7 styles (e.g. '81% Regenerative Cotton 14% Lyocell 3% Elastomultiester 2% Elastane') counted synthetic, not elastane. No style summed outside 100 +/- 1. Men's/women's split 287/685."
AGOLDE,69,63,90,1,0,5,0,one,[],"[""Tops"",""Pants"",""Jackets""]",title_dedup,195/69,none (single US storefront; no locale variants),1.0,complete,https://agolde.com/products.json,"Shopify, agolde.myshopify.com. /products.json pages to zero at page 4 = 684 records, matching the register. Gender_Men 195 / Gender_Women 489, no untagged, no overlap - THE MEN'S RANGE IS REAL AND NOT SMALL (29% of the catalogue), not a Rothy's-style zero. THE DOCUMENTED WHOLE-PAGE-GREP TRAP IS REAL AND WAS AVOIDED: the composition is read only from the <strong>Fabric:</strong> label inside the PDP's details-content block, which occurs exactly once per PDP and ZERO times on /collections/mens and on /pages/about-us. A first pass that sliced from the first 'details-content' occurrence (an inline CSS rule at index ~303k, while the real block is at ~1043k) returned 0 of 195 - the slice, not the term, is what has to be right. 188 of 195 listings carry a composition behind the Fabric: label. THE 7 THAT DO NOT WERE RE-READ under the sibling house's label (<b>Fabric Content:</b>) and under a bare percentage search: 6 (AGOLDE x Tupac collab tees) are genuinely blank, but AGOLDE / RSVP Gallery L/S Tee states '100% Cotton' as a plain <li> bullet inside the description with no label at all, and is counted. 63 of 69 styles; 6 undisclosed. Style = title before ' in <colour>'; 195 listings -> 69 styles. 1 TIE: viggo tank, '49% Organic Cotton, 49% Lyocell, 2% Spandex' -> cotton first-listed -> natural. The other resolution (lyocell) would give natural 60 / cellulosic 1. 1 PARSE FAILURE caught by the sum check: dorian jacket states '1000% Cotton' (the brand's own typo). Read as 100% cotton, natural - the main fibre is unambiguous. SPANDEX ON BOTH BASES: main-line strict elastane 3 (viggo tank 2%, afton jean comfort stretch 1%, watson shirt comfort stretch 1%); +2 polyurethane styles (curtis jean and curtis jean (comfort stretch), both '98% Cotton 2% Polyurethane', minority on the main cloth) = 5, which is the cell. Anywhere-in-the-string is also 5 - one composition per product, no separate trim line. Named stretch with no percentage: 0 (all three '(comfort stretch)' stems state a percentage composition). ELASTANE HISTOGRAM (63 styles with composition, strict): 0% x60, 1% x2, 2% x1. PU-inclusive: 0% x58, 1% x2, 2% x3. ZERO at or above 5%. AGOLDE men's is overwhelmingly RIGID denim - 58 of 63 disclosed styles have no stretch fibre of any kind. Only 1 synthetic-led style in the whole men's range: whitcomb pant, 100% Nylon. Leather counted natural: emil bomber 100% Suede, chadwick jacket 100% Goat Skin. Elastomultiester: none. Men's/women's split 195/489."
Fidelity Denim,25,8,28,0,4,14,1,one,[],"[""jeans"",""tees""]",manual,97/25,none (single US storefront; no locale variants),1.0,partial,https://fidelitydenim.com/products.json,"Shopify, fidelitydenim.myshopify.com. /products.json pages to zero at page 2 = 205 records, matching the register. THE FEED IS TWO BRANDS: vendor 'MODAM' (Modern American) accounts for 23 records and is a separate label sold on the same store - excluded per the vendor/third-party ruling, leaving 182 Fidelity records. Gender comes from loose lowercase tags, not a Gender_ field: 94 men's, 76 women's, 12 with no gender tag. Of those 12: 3 are men's (50-11 TWILIGHT, 50-11 - SLATE HAVANA TWILL, JIMMY -CHESTNUT - both are documented men's fits and their size runs are 29-34), 5 are women's on a 24-29 size run (PANTHER, WILLOW, ALOE, CC Take Two, CC The Base), and 4 are excluded (2 Gift Cards, CC Triple Threat which is tagged 'exclude', and TEST33 which 404s). Men's = 97 listings. STATUS IS PARTIAL AND IT IS THE BRAND'S DOING, NOT THE READ. Composition exists only as free prose inside body_html (e.g. 'SAL DENIM: Performance Stretch - 9 oz., 77% cotton, 12% polyester, 9% rayon, 2% elastane'). The PDP adds a 'WASH + FABRIC' metafield disclosure, but it is descriptive ('cotton-rich twill with advanced fibers, offering ... up to 40% stretch') and carries no percentages - that 40% is stretch recovery, not a fibre. /pages/find-your-fabric is an empty 1.6KB page. Both sources were read; 41 of 97 listings and 8 of 25 styles disclose. Style key is manual: fit token from the title (50-11, JIMMY, TORINO, 808, FIREBIRD, INDIE, THE EPIC, MENS CREW/V NECK) x fabric family taken from the house's own fabric collections (selvedge, comfort-stretch, performance-stretch, performance-stretch-twill, fideli-tees, else EXCEL/HAVANA from the title). Fit alone would collapse 97 listings to 8 styles and hide the fabric differences that carry the composition. 3 TIES, all fideli-tees at '50% Cotton, 50% Modal' -> cotton first-listed -> natural. The other resolution (modal) would give natural 4 / cellulosic 4 on a base of 8. SPANDEX ON BOTH BASES: main-line strict elastane 5 styles; anywhere-in-the-string is also 5 (single composition line). Per ruling 3, 9 further styles whose fabric family is named 'comfort stretch' or 'performance stretch' with NO stated percentage are added, giving the cell 14; they are never in spandex_high_styles. spandex_high_styles = 1 (THE EPIC, 95% viscose 5% elastane). ELASTANE HISTOGRAM (8 disclosed styles): 0% x3, 1% x1, 2% x3, 5% x1. At listing level (41 disclosed listings): 0% x11, 1% x5, 2% x23, 5% x2. ELASTOMULTIESTER FIRES TWICE AND BOTH SPELLINGS MATTER: TORINO '92% cotton, 6% elastomultiester, 2% elastane' and JIMMY EXCEL '48% COTTON, 45% LYOCELL, 5% ELASTEREL, 2% SPANDEX' - Elasterell-P, spelled with ONE l. Counted synthetic, not elastane. A regex requiring 'elasterell' misses it; a regex requiring 'elastane' also misses this house's 'ELASTAN' (truncated, no e) on 50-11 performance stretch twill, which is worth one whole spandex style out of five. RECONCILIATION RUNS THE VOLLEBAK WAY: the sitemap has 190 products against the feed's 205, and all 5 men's feed-only handles return HTTP 200 with available:true. The sitemap is the stale side; the feed is the census. Men's/women's split 97/81 of 182 Fidelity records. || SPECTRUM THREAD FLAG: spandex_styles 14 EXCEEDS styles_with_composition 8, because 6+ of the 14 rest on named-stretch prose under ruling 3 rather than on a stated composition. The strict reading is 5. Treat this pair as the weakest in the file until ruling 3 is settled."
Joe's Jeans,243,239,83,9,6,69,6,one,[],"[""shirts"",""sweaters"",""jackets""]",title_dedup,809/243,none (single US storefront; no locale variants),1.0,complete,https://www.joesjeans.com/products.json,"Shopify, joesjeans.myshopify.com (host resolves to www.joesjeans.com). /products.json pages to zero at page 11 = 2294 records, matching the register. Mens 809 / Womens 1475 / 10 untagged (women's styles, gift card, delivery fee); zero records carry both tags. COMPOSITION IS IN THE FEED: 791 of 809 men's records state it in body_html on its own line; 239 of 243 styles are covered, so no PDP crawl was needed. THE SKU IS A TRAP HERE. SKUs look like TMXLSI8415-LOUISIANA-28, and the ruling-5 instinct is to take the numeric stem - but the number is a FIT code, not a style code: 8215 alone covers 103 listings under five different product names (THE ASHER, THE SLIM FIT, THE AIRSOFT ASHER, THE ASHER TWILL, THE ASHER CORD) and 8 different alpha prefixes. The alpha prefix is the fabric/wash. Style is therefore the product title normalised (trailing inseam stripped, so 'THE SLIM FIT 30""' and 'THE SLIM FIT 32""' collapse): 809 listings -> 243 styles. Colour is one value per record, not an option, so the 809/243 ratio IS the colourway ratio. 9 TIES; 7 stay natural under either resolution, 2 move: TENCEL FIELD PANT (48% COTTON 48% TENCEL 4% ELASTANE -> cotton, other reading cellulosic) and DOCK SHORT (-> synthetic). The other resolution gives natural 201 / synthetic 23 / cellulosic 15. SPANDEX ON BOTH BASES: main-line strict elastane 63; +1 polyurethane (SLIM CHINO, 97% Cotton 3% Polyurethane, minority on the main cloth) = 64; +5 styles named 'stretch' with no stated elastane percentage per ruling 3 = 69, which is the cell. Anywhere-in-the-string is 65 (vs 63 strict) and 6 at >=5% either way. spandex_high_styles = 6. ELASTANE HISTOGRAM (239 styles, strict): 0% x176, 1% x10, 2% x33, 3% x10, 4% x4, 5% x2, 6% x2, 14% x1, 20% x1. The two outliers are performance knits, not denim: KINETIC FLEX 2.0 SHORT (61% POLYESTER 25% COTTON 14% ELASTANE) and KANGAROO QUARTER ZIP (80% POLYAMIDE 20% ELASTANE). Jeans themselves sit at 1-3%. 4 PARSE FAILURES, all caught by the sum check, none of which change a main fibre: THE AIRBORNE SOLID JACKET '95% Polyester, 55% Wool' = 150 and AIRBORNE HOUNDSTOOTH JACKET '95% Polyester, 55 Wool' = 95 (the brand's own typo for 5% wool; polyester leads either way); OMBRE STRIPED CREW NECK sums to 98; LOOSE PRINTED SHORT states '100% lightweight printed poplin.' immediately before '100% Cotton' = 200, where 'poplin' is a cloth name and not a fibre - taking the highest FIBRE-named component rather than the highest component is what fixes it, and the same fix rescues '33% Visocse' (the brand's misspelling of viscose) from reading as no-fibre. Categories are built from the house's own collection_men_* tags with jeans given priority over the sale_pants tag that most jeans also carry. No category is synthetic-led: jackets is the closest at 29 natural to 13 synthetic. 16 men's-tagged styles also carry a women's sale-collection tag (THE BRIXTON SHORT, THE LAIRD LEATHER TROUSER and similar); they are men's fits miscategorised into a women's sale collection and were kept. Elastomultiester: none. Listing-level alternate denominator (809 colourways): natural 698 / synthetic 32 / cellulosic 59 / no composition 20. Men's/women's split 809/1475."
Suitsupply,887,887,96,2,2,63,7,one,[],"[""Knitwear"",""Suits"",""Trousers""]",product_code,1075/887,"none (the product sitemap is locale-free - one set of 1333 URLs, no /en-xx/ prefixes; robots.txt lists exactly ONE sitemap; every PDP was read on the /en-us/ storefront)",absent,complete,https://suitsupply.com/sitemap/products/1.xml,"Census 2026-09-14. ROUTE: /products.json 404s on the apex and window.Shopify is undefined, but the page HTML names suitsupply-prod.myshopify.com; that origin 301s straight back to the apex (shopify-o2.suitsupply.com -> suitsupply.com), so the myshopify route named in the brief does NOT work here and the sitemap was used instead. /sitemap.xml -> shopify-o2.suitsupply.com/sitemap/products/1..20.xml, and those paths serve fine from the apex: 1344 <loc> entries, 1333 of them /men/<CODE>.html and 11 homepage repeats. 1333 PDPs fetched at concurrency 10, 1332 parsed, 1 network error. PAYLOAD/DOM: composition is server-rendered into a labelled cell, <dd data-testid=""product-page-accordions-detailsandcare-row-details-composition-value"">. Label counts across 1331 pages: Composition 1217, Material 146, Waistband 30. FURNITURE GUARD PASSED: the same testid appears ZERO times on /en-us/men/knitwear/, a category page with no product detail. MEN'S ONLY BY CONSTRUCTION: every product URL is under /men; the site has no women's or boys' tree, so nothing was removed for gender. WHAT WAS REMOVED: accessories (203 listings) and shoes (53) - those are exactly the 256 listings that carry a Material row and no Composition row, plus one stray non-product URL and the one fetch error. 1333 - 258 = 1075 clothing listings. COVERAGE IS PERFECT ON CLOTHING: all 1075 clothing listings state a composition; the only undisclosed products in the house are shoes and accessories. STYLE KEY (ruling 5): the code is <letters><digits> plus an optional suffix. 1333 codes -> 887 clothing stems on ^[A-Z]+\d+. Two suffix families exist and they are NOT the same thing: (a) 3-character colour codes appended with no hyphen (KCA10005 in LB2/MB2/GM2/OW1/B02/N01, TFT10021 in six colours) - 53 groups, true colourways, correctly collapsed; (b) a HYPHEN suffix -S/-S1/-S2/-S3 - 41 groups, where the bare code is the suit JACKET and the hyphenated code is the full SUIT (verified: C7010 = jackets/taupe-tailored-fit-havana-suit-jacket, C7010-S = suits/taupe-tailored-fit-havana-suit; same for C9353/-S1 and C6860/-S3). Ruling 5 says the stem, so they are collapsed, but note that this folds 41 suits into their jackets. Composition is IDENTICAL inside every one of the 887 groups (0 disagreements), so the fibre split is unaffected by the choice; only the denominator and the category table move. COUNTS on 887: natural 850, synthetic 20, cellulosic 17, no composition 0. Exact 95.829 / 2.255 / 1.917 / 0 -> largest remainder 96 / 2 / 2 / 0. Natural is wool 576 mentions, cotton 349, silk 180, linen 156, cashmere 91, mohair 32, alpaca 21, camel 4, llama 2, down/feather 2 each; cellulosic is lyocell 18 and viscose 4; synthetic is elastane 57, polyamide 30, nylon 18, spandex 12, polyester 11. TIES: 8, every one of them natural-vs-natural (35% Cashmere/35% Wool/30% Nylon; 50% Wool/50% Linen x2; 50% Cashmere/50% Wool x2; 37% Silk/37% Linen/26% Wool x2; 45% Alpaca/45% Wool). First-listed gives natural and the other resolution ALSO gives natural, so the tie ruling moves nothing here: 96/2/2 on both readings. SPANDEX ON BOTH BASES: main-fabric-line 63 styles with elastane, 7 of them at >=5%; ANYWHERE-IN-THE-STRING gives the SAME 63 and 7, because Suitsupply states exactly one composition chain per product - only ONE of 1075 clothing compositions has a second part ('100% WV (PU coating); Filling 90% Down 10% Feather') and it carries no elastane. There is no lining/trim line to strip, so ruling 2 removes nothing at this house. Ruling 3 adds nothing: zero styles name a stretch without a stated percentage. The 7 at >=5% are three 83% Polyamide/17% Elastane coats, one 92% Polyamide/8% Elastane coat, and three cotton/polyamide shirts at 5%. CATEGORY TABLE (887 stems, natural/synthetic/cellulosic): Knitwear 245 = 244/1/0; Suits 171 = 170/0/1; Trousers 165 = 162/0/3; Shirts 134 = 123/0/11; Jackets 83 = 81/0/2; Coats 79 = 60/19/0; Waistcoats 10 = 10/0/0. NO category is synthetic-led - Coats comes closest at 19 synthetic against 60 natural - so synthetic_categories is empty and shape is 'one': this is a wool-and-cotton house from end to end. PARSER VALIDATION: every first chain sums to 100 +/- 1. One row, P7245 '98.9% Wool, 1.1% Silk', uses decimal percentages; a decimal-safe re-parse of all 887 returned byte-identical counts (850/20/17) and zero sum failures. COLOURWAY WARNING, STATED PLAINLY: 1075/887 UNDERSTATES the colourway problem. Suitsupply gives each colour its own UNRELATED product code (C6991 dark green dinner jacket has colour siblings C7193, C7291, C7292, C7298, C7299 via a data-testid=""color-siblings-slider""), so code-stem collapsing cannot group them. Those siblings are genuinely different cloths with separately stated compositions, which is what this row measures, so they are kept as distinct styles. An approximate model-level grouping (category + last four slug tokens) gives 441 models as an alternate denominator. ALTERNATE DENOMINATORS: (a) 1075 raw clothing listings, no collapse; (b) 1246 stems if only the hyphen suffix is collapsed and colour codes are kept; (c) 441 slug-model groups; (d) 1331 including shoes and accessories - rejected, the question is the clothing range. || feed_currency_rate normalised: absent (headless Shopify - the shop is suitsupply-prod.myshopify.com but the front end exposes no window.Shopify object and /cart.js, /meta.json and /products.json all 404)"
Boggi Milano,598,576,77,16,3,217,94,one,"[""Coats & Outerwear"",""Swimwear""]","[""Shirts"",""Trousers & Jeans"",""T-Shirts & Polos""]",product_code,667/598,"40 locales -> en-us only (sitemap.xml holds 192 children across 40 locale trees, 39 of them PRODUCT sitemaps; only sitemap-pages-en-us-PRODUCT-1.xml was used, 1267 locs; the whole index is roughly 1267 x 39 product URLs)",not shopify,complete,https://www.boggi.com/sitemap-pages-en-us-PRODUCT-1.xml,"Census 2026-09-14. DOMAIN CONFIRMED: boggi.com, not boggimilano.com. SFCC, Sites-BoggiUS-Site, /en_US/. THE HOUSE'S OWN CONTAINER - NOT c_materialComposition, WHICH APPEARS ZERO TIMES: composition is server-rendered as <div class=""attributeLabel"">Compositions</div><div class=""attributeValue"">Wool 100% </div>. Two traps in that container. First, the value is FIBRE-THEN-PERCENTAGE ('Wool 100%'), the reverse of every other house on this pass. Second and much worse, multi-fibre values are separated by a <br>, so a [^<]* capture silently truncates after the FIRST fibre: on the first pass 984 of 989 compositions came back with a single percentage and figures like 'Polyamid 85%', 'Cotton 98%', 'Nylon 86%' - and only the sum-to-100 check caught it. The house looked as if it hid its elastane exactly as James Perse did. Re-crawled all 1267 URLs with a <br>-aware capture: elastane mentions went from 4 to 277 and the row is built on the second pass. SITEMAP RECONCILIATION: 31 of 1267 URLs return HTTP 410 Gone. The remaining 1236 were parsed. BREADCRUMB/GENDER: JSON-LD BreadcrumbList gives a top level on 902 of 1236 (Clothing 539, Accessories 210, Woman 94, Shoes 56); the other 334 carry data-breadcrumb-category=""OfflineVariationMasterCategory"" - products with no live online category. Those are NOT dead: a 20/20 availability sample split 14 InStock / 5 OutOfStock, statistically the same as the sample of breadcrumbed products (13/7), so they were kept and categorised by title keyword. That keyword classifier was validated against the 805 breadcrumbed rows: 96.8% correct on the clothing/accessory/shoe boundary and 93% on the category, so roughly a dozen of the 334 are expected to be misfiled. WHAT WAS REMOVED (ruling 5): 105 WOMEN'S styles (94 under the Woman breadcrumb plus 11 more whose <title> begins ""Woman's""); 177 MERCHANDISING LOOKS - pseudo-products whose code is not a product code at all but Suit_separate1_SS25, BGen_Look2, Essentials_Suit_Look_3, Classy_mariner_ss26_look2, Molinari_lp4, SS26_Influencer_look3 and the like, outfit bundles with no composition; 3 empty shells (BO25P0488, BO25P0034, BO25P0010 - no title, no composition, no h1); and 295 accessories and shoes. 1236 - 105 - 177 - 3 = 962 men's listings, of which 667 are clothing. STYLE KEY: sitemap URLs mix MASTER codes (BO26P0679, 960 of them), SKU-level codes with a 2-digit colour appended (BO26P022102, 52) and SKU+SIZE codes (BO26P052104_60, BO20P075002_XXXL, 44). Colour is a variant INSIDE the master record (the Article No row reads BO26P067901 while the URL is BO26P0679), so the stem is ^[A-Z]{2}\d{2}[A-Z]\d{4}: 667 clothing listings -> 598 stems, with exactly ONE composition disagreement inside a stem group. COUNTS on 598: natural 461, synthetic 97, cellulosic 18, no composition 22. Exact 77.090 / 16.221 / 3.010 / 3.679 -> largest remainder 77 / 16 / 3 / 4. Coverage 576/598 = 96%, so the row is complete, not partial. The 22 undisclosed are concentrated in Knitwear (16 of 59) - that is where Boggi stops publishing fibre. TIES: 10. First-listed as recorded; the other resolution would move 6 to synthetic and 1 to cellulosic and leave 3 in class, giving roughly 76/17/3/4. SPANDEX ON BOTH BASES - IDENTICAL HERE, AND WHY: main-fabric-line 217 styles with elastane, 94 at >=5%; anywhere-in-the-string gives the SAME 217 and 94. Boggi states a single composition chain with no part labels at all (0 of 598 contain 'lining', 'shell', 'body', a colon or a semicolon), so there is no secondary line for ruling 2 to strip. The >=5% figure is high because of the B Tech line - Polyamid 85% / Elastane 15% and Polyamid 76% / Elastane 24% appear repeatedly. Ruling 3: 5 styles name a stretch in the title with no elastane in the stated composition; following the batch-2/3 treatment (AG, Les Deux) they are EXCLUDED from the cell and reported here. PARSER: 1 sum failure in 598 - BO26P0759 'Cotton 98%' with the remaining 2% simply not published by Boggi; lead fibre is unambiguous. Three compositions are written percentage-first with Italian abbreviations ('100%PA', '96%CO 4%EL', 'Cotton 100% | 70% Recycled Cotton') and are handled by a second, reversed parse plus an abbreviation map (CO/EL/PA/PL/WO/LI/SE/VI). CATEGORY TABLE (598 stems, nat/syn/cel/none): Shirts 145 = 126/15/3/1; Trousers & Jeans 96 = 69/23/4/0; T-Shirts & Polos 81 = 68/3/10/0; Blazers & Jackets 74 = 55/15/0/4; Knitwear 59 = 42/1/0/16; Coats & Outerwear 46 = 21/24/0/1; Suits 35 = 34/1/0/0; Sweatshirts & Joggers 24 = 24/0/0/0; Shorts & Bermuda 18 = 14/4/0/0; Swimwear 10 = 0/10/0/0; Underwear & Pajamas 8 = 7/0/1/0; Waistcoats 2 = 1/1/0/0. Two categories are synthetic-led: Coats & Outerwear (24 v 21, narrow) and Swimwear (10 v 0). SHAPE IS 'one', NOT 'split': swimwear is excluded from the split verdict by the definition, and one narrowly synthetic outerwear category inside a 77%-natural house is an exception, not a second half. ALTERNATE DENOMINATORS: (a) 667 clothing listings uncollapsed; (b) 962 men's listings including accessories and shoes; (c) 1236 including the 105 women's and 177 looks - rejected by ruling 5; (d) 598 + the 56 Big-and-Tall-equivalent does not arise here."
Hackett,450,450,88,10,2,85,24,one,"[""Outerwear"",""Swimwear""]","[""Shirt"",""Knitwear"",""S/S Polo""]",product_code,804/450,"NOT A US STOREFRONT - measured from HKT-ROW at /intl/en/. Hackett operates SEVEN sites (HKT-UK, HKT-FR, HKT-ES, HKT-DE, HKT-CH, HKT-EU, HKT-ROW) and NONE of them is US; a US visitor (hkt_countryCode=US) is served HKT-ROW. 1228 product URLs in /intl/en/sitemap_0-product.xml; the /ch/ sitemap's 3705 is the same catalogue x3 Swiss locales",not shopify,complete,https://www.hackett.com/intl/en/sitemap_0-product.xml,"Census 2026-09-14. THE SITEMAP FAULT IS REAL AND THE CAUSE IS BIGGER THAN A MISCONFIGURATION. /us/sitemap_index.xml, /us/en_us/sitemap_index.xml, /sitemap_index.xml, /us/sitemap_0-product.xml and even /gb/sitemap_0-product.xml ALL serve the Swiss /ch/de_ch/ sitemap - 3702 product locs, every one of them a /ch/de_ch/ URL. robots.txt lists five sitemap indexes (uk/en_gb, de/de_de, es/es_es, fr/fr_fr, ch/de_ch) and NO US one. THE REASON, READ OUT OF THE SITE'S OWN CONFIG: hackett.com is a Salesforce PWA Kit (Managed Runtime) storefront, and window.__CONFIG__.app.sites lists exactly seven sites - HKT-UK, HKT-FR, HKT-ES, HKT-DE, HKT-CH, HKT-EU, HKT-ROW - with siteAliases {HKT-UK:uk, HKT-CH:ch, HKT-DE:de, HKT-ES:es, HKT-FR:fr, HKT-EU:eu, HKT-ROW:intl}. There is no US site and no 'us' alias. /us/en_us/ is not a storefront: the React Query key on that path reads [""shopper-seo"",""url-mapping"",""site"",""/us/en_us/search"",""HKT-UK"",""en-GB""], i.e. it falls through to the DEFAULT site, which is the UK one at en-GB, while the app-level route 404s. So censusing off /us/ would have produced either the Swiss catalogue or the UK one under a US label. THIS ROW IS THE ROW A US SHOPPER SEES: localStorage carries hkt_countryCode=US and the app mints an access_token_HKT-ROW, i.e. US traffic is served HKT-ROW (alias /intl/), with Global-e handling the international checkout (GlobalE_Data and isGlobaleCountry cookies). Everything below is measured from HKT-ROW. HOW CLOSE THE STOREFRONTS ARE: the Clothing category holds 822 products on HKT-ROW and 821 on HKT-UK, so the storefront choice moves the catalogue by one product; the difference is currency and checkout, not range. ROUTE: /intl/en/sitemap_0-product.xml returns 1228 product URLs (and /intl/sitemap_index.xml correctly points at /intl/, so the sitemap generator works everywhere except /us/). The composition itself came from Hackett's own SCAPI shopper API through the site's same-origin proxy /mobify/proxy/api, organizationId f_ecom_blrq_prd, shortCode 44mnfz65, using the guest access token the page itself holds in localStorage. THE HOUSE'S OWN FIELD IS c_composition - NOT c_materialComposition, WHICH IS ABSENT, making this the sixth SFCC house on this pass with its own container. Alongside it the API gives c_GenderName, c_division, c_ProductGroupName and c_primary_category, so the gender and category boundaries are the house's own data rather than a keyword guess. CENSUS AND DISJOINTNESS: top-level categories are mc Clothing 822, ma Accessories 310, mf Shoes 64, j Boys 56, sr No14 Savile Row 128, h Highlights 1178 (a merchandising bucket spanning everything, not used). mc + ma + mf + j = 1252 against 1228 sitemap locs, and the union of mc, j, sr, ma and mf is 1230 - the two censuses agree. Savile Row is NOT a separate line: 110 of its 128 products are already inside mc and 18 inside ma. Intersections were tested, not assumed: mc n j = 1, mc n mf = 17, mc n ma = 4. 895 product records were pulled (mc + sr + j) in 38 batched calls, 0 errors, and EVERY ONE of them carries a c_composition - zero undisclosed products in the house. WHAT WAS REMOVED (ruling 5): 56 BOYS' products, identified by the house's own c_GenderName=Kids / c_division=20 rather than by a path rule; and 35 non-clothing men's products by c_ProductGroupName - Shoes 17, Other Accessories 10, Ties 4, Millinery 2 and 'Leather' 2 (both of which are Formal Leather Dress Belts). 839 men's products - 35 = 804 clothing listings. STYLE KEY: the SCAPI productId is <master><3-char colour> (HM7000287781 and HM7000287584 are the same Lambswool Crew Neck Jumper in two colours; the image asset names confirm the split, HM3010835_596_01_MO.jpg). Stripping the 3-char colour gives 804 listings -> 450 stems, with ZERO composition disagreements inside a stem group. Sizes sit below that again: the 822 Clothing products carry 7164 represented products between them. COUNTS on 450: natural 394, synthetic 46, cellulosic 10, no composition 0. Exact 87.556 / 10.222 / 2.222 / 0 -> largest remainder 88 / 10 / 2 / 0. Fibre mentions: cotton 527, elastane 159, polyester 134, wool 114, cashmere 62, merino wool 46, lambswool 33, viscose 23, lyocell 22, silk 21, polyamide 18, cow leather 15, modal 15, linen 10, BCI cotton 8, nylon 7, goat suede 6, cow suede 4, rayon 3, mohair 3. TIES: 4; the other resolution would give synthetic on 3 and natural on 1, moving the row to about 87/11/2. SPANDEX ON BOTH BASES - IDENTICAL, AND WHY: main-fabric-line 85 styles with elastane, 24 at >=5%; anywhere-in-the-string gives the SAME 85 and 24, because c_composition is a single chain with no part labels anywhere in the 804 records (zero contain 'lining', 'shell', 'body', a colon or a semicolon). Ruling 2 therefore strips nothing at this house. Ruling 3: 3 styles name a stretch in the product name with no elastane in the composition; excluded from the cell per the AG/Les Deux treatment and reported here. PARSER: zero sum failures in 450 - every composition sums to 100 +/- 1. CATEGORY TABLE (450 stems, from the house's own c_ProductGroupName, nat/syn/cel): Shirt 93 = 92/0/1; Knitwear 55 = 55/0/0; Outerwear 51 = 21/30/0; S/S Polo 45 = 44/0/1; Sweats 41 = 31/8/2; Trousers 41 = 38/2/1; Jackets 31 = 29/2/0; Tee 27 = 26/0/1; Tailored Separates 23 = 20/0/3; L/S Polo 11 = 9/1/1; Rugby 9 = 9/0/0; Formal Wear 8 = 8/0/0; Suits 7 = 7/0/0; Shorts 3 = 3/0/0; Swimwear 3 = 0/3/0; Overshirt 2 = 2/0/0. Outerwear is the one real synthetic-led category (30 v 21); swimwear is synthetic-led too but is excluded from the split verdict by the definition. shape is 'one'. ALTERNATE DENOMINATORS: (a) 804 colour-level listings uncollapsed; (b) 839 including men's shoes, ties, belts and millinery; (c) 895 including the 56 boys' styles - rejected by ruling 5; (d) the UK storefront HKT-UK, 821 Clothing products against ROW's 822, which would give essentially this same row under a /uk/en_gb/ label; (e) the /ch/ sitemap's 3702 locs - rejected outright, that is 1234 Swiss products x 3 Swiss locales and is not a US or ROW range."
Eton,1335,1272,92,2,1,91,38,one,[],"[""Dress Shirts"",""Casual Shirts"",""Shirts (uncategorised)""]",product_code,3873/1335,"62 locales -> /us/en only (robots.txt lists 62 per-locale sitemaps; /us/en/sitemap.xml is flat, 6576 locs of which 6129 are /product/; no locale duplication remains inside the US tree)",not shopify,complete,https://www.etonshirts.com/us/en/sitemap.xml,"Census 2026-09-14. DOMAIN CONFIRMED: etonshirts.com, not eton.com. Centra behind a Next.js front end (buildId s3iYhLK-nwlR60PCi-yn4). ROUTE AND WHY IT IS THE CHEAP ONE: every PDP carries a compact schema.org ProductGroup JSON-LD at roughly byte 15,400 giving sku, material, name, color and requiredGender, while the full page is 418KB and the _next/data JSON is 230KB (mostly i18n strings). All 6129 product pages were fetched as STREAMS and cancelled as soon as the ProductGroup block had been read - 6129 of 6129 succeeded, 0 errors. THE FIT/COLLAR QUESTION, ANSWERED FROM THE HOUSE'S OWN DATA - ETON IS CHARLES TYRWHITT, NOT THE OTHER THING: the category payload (/_next/data/<buildId>/us/en/category/<slug>.json -> pageProps.categoryData.products) gives each product a productVariants array and a colorLinks array. For 'White Signature Twill Shirt' the productVariants are 10001234200/Slim fit/Cut Away Collar, 10001236300/Contemporary fit/Cut Away Collar, 10001236400/Classic fit/Cut Away Collar and 10001234100/Super slim fit/Cut Away Collar - FOUR FITS INSIDE ONE RECORD, selectors, not separate codes. colorLinks, by contrast, lists SEVEN separate product records with their own displayIds and their own URLs. So fit collapses for free and COLOUR is what has to be collapsed by hand. Only 91 of the 6129 slugs contain '-fit' and 207 contain 'collar'. STYLE KEY (ruling 5 - the distinct numeric stem): the sku is <fabric>-<colour>-<collar>[-<cuff>], e.g. 2567-00-10 (white poplin), 3001-74-60, 7145-20-236-256, and the PDP payload confirms fabricColorCode='2567-00'. The numeric stem is the first block. 3873 clothing listings -> 1335 stems. WHAT WAS REMOVED: 2205 ACCESSORIES (ties 1014 and pocket squares 491 dominate, plus scarves, cufflinks, bow ties) identified by the breadcrumb 'Accessories' where present and by slug otherwise, and 51 dead stubs with no sku, no name and no material (slugs like 'red-bf', 'blue-af4', 'year-of-the-dog'). Eton is a menswear house - every ProductGroup carries requiredGender Male - so no women's or boys' removal arises. THE 983 URLS WITH NO BREADCRUMB ARE KEPT AND HERE IS WHY: 983 of 6129 have no BreadcrumbList, i.e. no live online category, but 780 of them state a material and their skus are ordinary Eton fabric numbers; they are products out of the live navigation, not phantoms. The JSON-LD availability flag is NOT a usable liveness signal here - a 16/16 sample of breadcrumbed products came back 16 OutOfStock, so availability reflects the first variant, not the product. They are counted, and the 240 stems among them that are shirts are shown separately in the category table as 'Shirts (uncategorised)' rather than being silently folded into Dress or Casual Shirts. COUNTS on 1335: natural 1236, synthetic 27, cellulosic 9, no composition 63. Exact 92.584 / 2.022 / 0.674 / 4.719 -> largest remainder 92 / 2 / 1 / 5. Coverage 1272/1335 = 95%, complete. The dominant materials are 100% Cotton (2677 listings), 100% Silk (309, almost all accessories), 100% Linen (282), 100% Wool (166), 100% Polyester (81), 17% Elastane/83% Polyamide (46), 75% Cotton/25% Linen (43), 90% Wool/10% Cashmere (42). TIES: 5, and this is the one place the tie ruling bites - all five are cotton/lyocell 50-50 splits, so first-listed makes them cotton and natural while the other resolution makes them cellulosic: 1231 natural / 27 synthetic / 14 cellulosic, i.e. 92/2/1/5 either way at integer precision but 5 styles move. RULING 4 APPLIES AND IS APPLIED: 20 of the 91 elastane styles state ELASTOLEFIN (XLANCE) rather than elastane - '97% Cotton, 3% Elastolefin', '99% Wool, 1% Elastolefin' - and are counted as elastane in both spandex figures per ruling 4. Without ruling 4 the cells would read 71 and, for the >=5% count, unchanged at 38 (every elastolefin figure is 1-3%). SPANDEX ON BOTH BASES - IDENTICAL: main-fabric-line 91 styles, 38 at >=5%; anywhere-in-the-string the same 91 and 38, because Eton's material field is a single chain with no part labels at all (0 of 3873 contain 'lining', 'shell', 'body', a colon or a semicolon). Ruling 2 strips nothing here. PARSER: 1 sum failure in 1335 - stem 7033, '64% Cotton, 2% Elastane, 24% Lyocell' = 90%, a genuine publishing gap at Eton, not a parse fault; the lead fibre is cotton on any reading. A SECOND, SMALLER FAULT WORTH RECORDING: 23 of the 1335 stems carry genuinely different materials across their colour listings (stem 1012 has both '100% Cotton' and '90% Wool, 10% Cashmere'), so the first sku block is not a perfect fabric key - a handful of fabric numbers are reused across garment types. The representative used is the first listing with a non-blank material; a further 48 stems differ only because some colour listings leave the field empty. CATEGORY TABLE (1335 stems, nat/syn/cel/none): Dress Shirts 624 = 578/18/2/26; Casual Shirts 343 = 322/1/6/14; Shirts (uncategorised) 240 = 214/6/1/19; Evening Shirts 39 = 39/0/0/0; Jackets 35 = 33/1/0/1; Knitwear 23 = 21/0/0/2; T-shirts 14 = 14/0/0/0; Polo Shirts 13 = 12/0/0/1; Vests 3 = 2/1/0/0; Pyjamas & Robes 1 = 1/0/0/0. No category is synthetic-led, so synthetic_categories is empty and shape is 'one' - a shirtmaker, and the row reads like one. natural_categories lists 'Shirts (uncategorised)' third because it genuinely is the third largest natural-led group (214 styles); it is my own label for the no-live-category shirts described above, not an Eton category name. COLOURWAY RATIO: 3873/1335 = 2.9 colour/collar listings per style, and that is on top of the four fits and the full size run INSIDE each listing - the ratio is not 1.00 and is not meant to be. ALTERNATE DENOMINATORS: (a) 3600 distinct full skus; (b) 2967 distinct fabric+colour codes; (c) 3873 raw clothing listings; (d) 1335 minus the 240 no-live-category shirt stems = 1095, the strictly-in-navigation range; (e) 6129 including accessories - rejected, the question is the clothing range."
Rakho,82,81,81,13,5,13,5,one,"[""outerwear""]","[""shirts"",""trousers"",""blazers""]",product_code,84/82,none,not shopify,complete,https://www.rakho.nyc/wp-json/wc/store/products?per_page=100&page=1,"WooCommerce Store API, 2 pages, 84 live records (page 2 empty). Flat /sitemap.xml is STALE: 29 product locs, 18 of which are gone from the API, while 73 API products absent from the sitemap all return 200 live PDPs - sitemap rejected, feed used. Five slugs read as jewellery (cross-over-ring, golden-stack-ring, green-gemstone-earrings, small-gemstone-earrings, wave-bangle-bracelet) but are recycled URLs whose product NAME and body are trousers (e.g. cross-over-ring = 1P0014 P3, Navy Technical Trouser); keyed on name, not slug. Style = numeric stem of the code in the product name (1S0335 / 1S0335 collapse; 1S0779 / 1S0779 collapse): 84 listings -> 82 styles. 1J0013 has an empty description = the only style with no composition. Ties 0. Spandex main-line 13 / 5 at >=5%; the loose anywhere-in-string reading is identical (13/5) - no lining or trim elastane anywhere. Yak hair counted natural. Menswear only (no women's category, sizes SM-XXL / S-XXXL throughout); nothing removed for gender."
Eleventy,321,36,10,1,0,NC,NC,one,[],"[""shirts"",""knitwear"",""jackets & coats""]",product_code,408/321,"product sitemap = 7854 product URLs over 16 market sitemaps -> en-us only; en-us = 812 records and the en-us products.json returns exactly 812, so no locale double-count",1.1829858,partial,https://www.eleventymilano.com/en-us/products.json?limit=250&page=1,"PARTIAL and the reason is the house, not the method: Eleventy publishes no fibre composition on its own storefront. Payload checked before calling it partial - /en-us/products/<handle> HTML (~1.0 MB) contains ZERO percentage strings on 18 of 19 sampled men's PDPs, there is no composition metafield, metaobject or JSON blob, no storefront access token on the page, and /it, /en-eu, /en-gb, /it-it all 404 (only /en and /en-us exist). The only composition available is the 36 styles that state a percentage in the marketing description. 812 records: 527 UOMO, 229 DONNA, 56 Bundle/Gift Card - women's and bundles removed (ruling 5), then 95 footwear/bags/belts/hats/scarves/candles/ties removed, leaving 408 men's clothing listings -> 321 styles on the model stem of the style tag (e.g. N75TSHN08-TES0N359-01 -> N75TSHN08). Ties 0. spandex_styles 0 and spandex_high_styles 0 are counts over the 36 composition-bearing styles ONLY and must not be read as a finding about the range; loose reading also 0. synthetic_categories held at [] - one swim style read synthetic and that is n=1, not a category verdict. THE BRIEF'S 1045 FIGURE IS WRONG: en-us is 812 by both feed and sitemap. || SPECTRUM THREAD EDIT: both spandex cells set to NC. The agent counted 0 over the 36 styles that state a percentage - 11% of the range - and said so; published as 0 it would read as a finding that Eleventy uses no elastane, which 289 unmeasured styles do not support. Same reasoning as the Polo Ralph Lauren edit in batch 3: a count over a fraction of the denominator is not a count."
Borgo28,287,287,95,4,1,51,12,one,[],"[""sport shirts"",""pants"",""jackets""]",product_code,289/287,none,1.0,complete,https://borgo28.com/products.json?limit=250&page=1,"315 records over 2 pages (page 3 zero), de-duped on product id. Removed 8 Woolloomooloo shoes (third-party, Shopify Collective, vendor not Borgo28), 13 belts, 2 luggage, 3 scarves/beanies tagged Accessories = 30; socks kept as clothing. 289 men's clothing listings -> 287 styles on the numeric handle/product_type stem. Every one of the 289 carries a composition; the only 15 records in the whole feed with no composition were exactly the footwear, belts and luggage removed. Ties 8, all resolved first-listed (wool/cotton, wool/polyester, cotton/Tencel, 3x linen/cotton, 2 more); the other resolution (last-listed at the tie) gives 267 natural / 14 synthetic / 6 cellulosic = 93/5/2 instead of 95/4/1. Spandex main-line 51 / 12 at >=5%; loose anywhere-in-string 53 / 12 - the 2 extra are elastane named only in a lining or trim clause. EME (elastomultiester, 1 style) classed synthetic, not elastane; it sits beside 2% elastane so it changes no count. Menswear-only house, nothing removed for gender."
Incotex,118,118,96,4,0,66,8,one,[],"[""trousers"",""jackets & blousons"",""suits""]",product_code,246/118,none - measured on /en-us only,1.18718,complete,https://www.slowear.com/en-us/collections/incotex/products.json?limit=250&page=1,"HOW INCOTEX WAS BOUNDED INSIDE SLOWEAR: three independent fences, all agreeing. (1) collection feed /en-us/collections/incotex/products.json = 246 records; (2) the vendor field on all 246 is exactly 'Incotex'; (3) the sibling house-brand collections were pulled and intersected - Zanone 177, Montedoro 25, Glanshirt 36, overlap with the Incotex 246 is ZERO in every case, and each sibling collection's vendor string matches its own collection. The site-wide /en-us/products.json (717 records) shows the other Slowear houses - Zanone 209, Glanshirt 56, Montedoro 45, Slowear 55, Sebago-Slowear 15, Massimo Palomba 9, Incotex Blue Division 24, My Style Bags 3, Piano Zero 5, Catarzi 1 - NONE of which enter this row. Vendor 'Incotex' site-wide is 295, i.e. 49 more than the collection: 44 of those 49 are tagged woman (women's trousers, skirts, dresses) and are correctly outside the men's row per ruling 5; the remaining 5 are men's, collapse to 2 style keys, and carry no composition block - including them would give 120 styles / 118 with composition. All 246 collection PDPs returned 200. Composition read from the PDP tabpanel id='product-care-and-composition', 83 distinct strings across 246 pages (furniture check passed). Style key = SKU model+fabric (1W0039.9098C), colour is the 3rd SKU segment: 246 listings -> 118 styles. Ties 0. Spandex main-line 66 / 8 at >=5% - main line is the 'External fabric:' clause only, cut before Pocket/Knee/Sleeve/Upper back/Outer pocket/Body/Mesh lining and Inserts labels; the loose anywhere-in-string reading is also 66 / 8 because the linings are plain cotton or polyester. One style (slim-fit-gabardine-trousers-medium-walnut) labels BOTH its clauses 'Pocket lining:' and has no External fabric line - its first composition (97% cotton, 3% elastane) was taken as main. Main fibres: cotton 74, virgin wool 24, flax/linen 12, wool 3, polyester 4, polyamide 1. Alternate denominator: collapsing to the model stem alone (1W0039) gives 66 styles, 62 natural / 4 synthetic = 94/6."
Jack Victor,178,177,98,1,1,44,3,one,[],"[""blazers & dinner jackets"",""trousers"",""suits""]",product_code,263/178,none,1.0,complete,https://www.jackvictor.com/products.json?limit=250&page=1,"400 feed records over 2 pages (page 3 zero). Reconciled against the live site in both directions: 15 feed records 404 on their PDP (feed is a superset, Wax London fault) leaving 385 live, against a 386-entry sitemap. Removed 1 gift card, then 121 accessory listings (Neck Tie 58, Pocket Squares 34 + Pocket Square 10, Neckwear 9, Bow Tie 2, Throw 8 - ties, pocket squares and throws are not clothing), leaving 263 men's clothing listings -> 178 styles on the SKU model stem (W3262707-160-ES-36S -> W3262707; V261155-SAND-XS -> V261155, colour is its own SKU segment and its own record, which is why the colourway ratio is a real 1.48). Composition is NOT in body_html (only 40 of 400 carry a percentage there) - it lives in a PDP metafield-rich_text_field accordion, sometimes as 'Fabric: ...' (231) and sometimes as a bare unlabelled bullet (151), the Balenciaga label-variance fault. All 384 PDPs parsed to 100 +/-1; 1 style (a dinner jacket) has no composition. RULING 2 / SUITS CHECKED AND NEGATIVE: every Suit and Tuxedo Suit states ONE cloth (e.g. 'Fabric: 100% Wool Super 130's', '71% Wool, 27% Cotton, 1% Polyamide, 1% Elastane'); zero styles in the house state jacket and trouser cloth separately, and zero composition lines mention jacket/trouser/vest/lining parts. 'Super 120's/130's/150's Wool' had to be pre-stripped or the parser reads the fibre as 'Super' - it did on 4 styles before the fix. Ties 2 (wool/cotton, wool/silk), both natural under either resolution, so the other resolution gives identical figures. Spandex main-line 44 / 3 at >=5%; the loose anywhere-in-the-bullets reading is 57 / 3 - the 13 extra name elastane or natural stretch in a prose bullet, not in the composition. Shopify.currency.rate is 1.0 (the Canadian house serves USD at rate 1.0 to this market, it is not a CAD feed). Rounding note: natural 98.315 / synthetic 0.562 / cellulosic 0.562 / no-composition 0.562 is a three-way remainder tie; the two increments went to synthetic and cellulosic in spec field order, so the no-composition style rounds to 0. Alternate denominator: including neckwear, pocket squares and throws gives 230 styles, 227 natural / 1 synthetic / 1 cellulosic / 1 none = 99/0/0/1."
Brooks Brothers,1017,1008,93,6,0,348,101,one,[],"[""Sport Shirts"",""Suits"",""Dress Shirts""]",product_code,1017/1017,"none (one sitemap, one US storefront, no locale trees; robots.txt lists a single sitemap_index.xml and sitemap_0-product.xml carries one URL per product code)",not shopify,complete,https://www.brooksbrothers.com/sitemap_0-product.xml,"Census 2026-09-14. SFCC; /products.json 404s as briefed. sitemap_index.xml -> sitemap_0-product.xml = 2189 product URLs (the brief's 2206 is 17 high). All 2189 PDPs fetched as cancelled streams, 2189 parsed, 0 errors. THE HOUSE'S OWN CONTAINER - AGAIN NOT c_materialComposition, WHICH IS ABSENT: composition is server-rendered as a plain <li> inside <div class=""cms-generic-copy pdp__details-section"">, alongside care and origin bullets, e.g. 'Shell: 99% Wool, 1% Elastane; Body lining: 100% Cotton, Sleeve lining: 100% Cupro'. THE FURNITURE TRAP FIRED AND WAS CAUGHT: a whole-page match for a percentage-plus-fibre returns '100% Cotton Dress Shirts' on essentially every page in the house - it is a NAV ANCHOR (aria-label=""100% Cotton Dress Shirts, in Shirts Shop by Type""), not a composition. Only <li> nodes inside pdp__details-section are read. THE MEN'S/WOMEN'S/BOYS' SPLIT IS THE HOUSE'S OWN, NOT A PATH RULE: every PDP embeds a productDetail analytics object carrying ""category"":""Men/Clothing/Sport Coats & Blazers"". Across 2189 products the top level reads Men 1192, Sale 426, Women 416, Boys 80, Gifts 35, Collections 3, none 37; Sale splits into Men's Clearance 279, Women's Clearance 143, Boys' Clearance 4. So the sitemap is 524+143+4 = 671 women's and boys' products wide, plus 37 gift/accessory strays - a men's row taken off the raw sitemap would be roughly a third wrong. WHAT THE ROW IS: Men/Clothing/* (819 listings) plus Sale/Men's Clearance/* excluding its Shoes & Accessories branch (254) = 1073, MINUS 56 Big & Tall. WHAT WAS REMOVED AND WHY: 416 women's + 143 women's clearance; 80 boys' + 4 boys' clearance; 285 Men/Shoes & Accessories and 25 Sale/Men's Clearance/Shoes & Accessories; 35 Gifts for Him (handkerchiefs, umbrellas); 88 Men/Featured Shops (84 of which is the Big & Tall shop, the rest shoes, hats and Shinola watches); 37 uncategorised strays (socks, collar stays, a gift card, a billfold, ties, silver knots). BIG & TALL IS EXCLUDED, FOLLOWING THE POLO RALPH LAUREN PRECEDENT: the X-prefixed code block (135 products, 81 in the Big & Tall shop, 53 in Men's Clearance, 1 in Men/Clothing) is a separate sizing line that duplicates men's designs; 56 of those sat inside the men's clothing selection and were removed. Including them gives 1073 styles as an alternate denominator. STYLE KEY: one product code per URL, zero duplicate codes across 2189 URLs. COLOURWAY RATIO IS 1.00 AND IT IS GENUINELY 1.00: colour is a variant INSIDE the SFCC master record, not a separate code - a Stretch Supima non-iron pinpoint dress shirt PDP carries aria-label=""Color: Bright Blue"" / ""Light Blue"" / ""Navy"" on the one record, and the sitemap has a single URL for it. There is therefore no colourway collapse to perform and no hidden multiplier. COUNTS on 1017: natural 945, synthetic 62, cellulosic 1, no composition 9. Exact 92.920 / 6.096 / 0.098 / 0.885 -> largest remainder 93 / 6 / 0 / 1. Coverage 1008/1017 = 99%. Note the cellulosic figure: only ONE style in the men's clothing range is cellulosic-LED, even though cupro 86, viscose 60, acetate 33 and modal 2 are common - because they are almost always the LINING, and ruling 2 plus the first-composition rule keeps them out of the main-fibre count. TIES: 3, all natural-vs-natural, so the other resolution gives the identical 93/6/0/1. SPANDEX ON BOTH BASES - THIS IS THE ONE HOUSE OF THE FIVE WHERE THE TWO READINGS DIFFER, AND BARELY: main-fabric-line (the cells) 348 styles with elastane, 101 of them at >=5%; anywhere-in-the-composition-string 350 and 101. Brooks Brothers labels its parts ('Shell:', 'Body lining:', 'Body & sleeve lining:', 'Collar, cuff & hem:') on 62 of 1017 styles, so ruling 2 has real work to do, but it only removes 2 styles - the elastane is in the shell, and the linings are cupro, viscose and acetate. 'Lycra' is read as elastane (5 mentions). Ruling 3: 5 styles name a stretch in the product name with no elastane in the stated composition; excluded from the cell per the AG/Les Deux treatment. PARSER: the main line is taken as the text between the FIRST part label and the next one, with a semicolon fallback. Zero sum failures in 1017 after the fallback; one string, 'Body: 100% Linen; Collar, cuff & hem: 96% Linen, 4% Elastane', needed it because its second label contains a comma. CATEGORY TABLE (1017 styles, nat/syn/cel/none): Sport Shirts 224 = 209/15/0/0; Suits 130 = 128/2/0/0; Dress Shirts 127 = 126/0/0/1; Underwear & Socks 123 = 116/3/1/3; Sweaters 86 = 81/3/0/2; Sport Coats & Blazers 70 = 69/1/0/0; Polos & T-Shirts 54 = 33/21/0/0; Tuxedo Shop 37 = 37/0/0/0; Pajamas & Robes 35 = 35/0/0/0; Chinos & Casual Pants 35 = 35/0/0/0; Coats & Jackets 33 = 22/10/0/1; Shorts & Swimwear 22 = 17/4/0/1; Dress Pants 15 = 15/0/0/0; Pajamas 13 = 13/0/0/0; Polos T-Shirts & Sweats 9 = 6/3/0/0; T-Shirts & Sweats 4 = 3/0/0/1. NOT ONE category is synthetic-led - Polos & T-Shirts is the closest at 21 synthetic against 33 natural - so synthetic_categories is empty and shape is 'one'. ONE BOUNDARY CALL WORTH FLAGGING: the house files Underwear & Socks (123 styles) inside Men/Clothing, so socks are inside this denominator; they are cotton and merino-led and do not move the mix materially, but removing them would give a 'garments only' alternate. ALTERNATE DENOMINATORS: (a) 1073 including Big & Tall; (b) 894 excluding Underwear & Socks; (c) 1358 including Men/Shoes & Accessories; (d) 2189 raw sitemap - rejected, a third of it is women's, boys' and gifts."
J.Press,985,944,94,2,0,12,0,one,[],"[""Neckwear"", ""Suiting"", ""Knitwear""]",title_dedup,1638/985,"none - single US storefront at jpress.com (jpressonline.com 301s here); Shopify shop shopjpress.myshopify.com serves one market, no locale trees in the feed",1.0,complete,https://jpress.com/products.json?limit=250&page=N,"Census 2026-09-14 from jpress.com. FEED /products.json pages cleanly to a zero page at page 12 = 2690 records (register says 2686; the extra 4 are live). STYLE METHOD title_dedup, and it is forced: J.Press encodes colour INSIDE the numeric SKU stem (JSR0201F/0202F/0203F/0204F are four colours of one suit), so there is no stem to collapse on and product_code would return colourway_ratio 1.00 on a house that plainly has colourways. Titles are normalised by stripping a 90-word colour vocabulary (pattern and cloth words such as stripe, denim, vintage deliberately NOT stripped) and keying on category+normalised title: 1638 listings -> 985 styles, ratio 1.66. Hand-checked on the large groups: Shaggy Dog sweater 13 colours -> 1, Guard Stripe repp bow tie 13 -> 1, schoolboy muffler 11 -> 1. NOT CLOTHING, removed by product_type: Vintage 243 (this is bric-a-brac - the first record is a Limoges porcelain ashtray), Belts 113, Badges 79, Magazines 71, Vintage Pennants 43, Books 40, Watch Straps 47, all Cufflink types 60, shoes under other makers' names (Alden 21, Sanders 15, Sebago 9, Paraboot 2, Moonstar 2, Rancourt 1), Shoes/Sneakers/Boat Shoe/Slippers 22, bags 20, Jewelry 12, Fragrances 11, Buttons 17, Umbrellas 9, Watches 8, Blankets/Towels/Gnomes/Gift Certificate. COLLEGE SILKS (102) IS THE TRAP ON THIS HOUSE: the type name and the word silk read as neckwear and the body text says silk on 102 of 102 pages, but every one is a GLASS PAPERWEIGHT ('Each silk measures approximately 1 3/4 x 3 1/4 and is mounted on a base of blue striped oxford cloth, encased in a glass paperweight'). Counting them adds 98 no-composition styles and a false 102-record silk block. They are removed. GENDER (ruling 5): removed Women's Shirts 5, Skirts 3, Dresses 1, women's Duffle 3 by product_type and 22 further women's listings inside kept types (title or Women's tag) = 34 women's listings. NOTE a Gossip Girl tag on a men's tweed jacket is a false positive for a /women/ tag regex. Third-party branded outerwear removed: 19 Barbour listings. COVERAGE 944/985 = 96%: 851 styles state a percentage composition in the body bullet list, 93 more name exactly one fibre in prose with no percentage, 41 name nothing. STANDING QUESTION 1 FIRES HERE and this row applies the brief's instruction: J.Press has NO structured composition field (composition is a body bullet, never a field), so prose counts as a stated composition. STRICT ALTERNATE: 851/985 with composition, natural 827, synthetic 22, cellulosic 2 -> 84/2/0/14. The 93 prose styles are 69 cotton, 24 wool-family, and typical strings are 'Six panel cotton twill hat' and 'Cotton French Terry'. 7 further styles name two fibres in prose and were NOT converted. 34 name none - including 21 empty-bodied Custom Shirt records, which genuinely carry no text at all. COUNTS on 985: natural 920, synthetic 22, cellulosic 2, no composition 41. Exact 93.401/2.234/0.203/4.162 -> largest remainder 94/2/0/4. The cellulosic 0 is two real rayon styles rounding away, not an absence. TIES 18, all resolved first-listed. Other resolution (last-listed) gives natural 918, synthetic 23, cellulosic 3 - not load-bearing, 94/2/0/4 either way. SPANDEX main fabric line 12 of 985, 0 at >=5%; elastane is 1% x2, 2% x7, 3% x3 and never reaches 5. The looser anywhere-in-the-string reading gives the SAME 12/0 - this house states one composition string per style with no separate lining or rib line. Three styles contain the word 'stretch' with no elastane and all three are marketing prose about gatherings that 'stretch from noon' and jackets that 'loosen once given a gentle stretch' - excluded, which is ruling 3's last sentence and the batch-3 treatment. PARSER: 'Poly' and 'Polyammide' had to be added to the lexicon ('Wool Blend (80% Wool/ 20% Synthetic Poly)', '80% Australian Merino Wool / 30% / Polyammide'). Three chains still fail the 100 +/-1 check and all three are the house's own arithmetic, not a parse failure: a 25/50/25 tee where 'airlume' is an unresolvable descriptor, and two Merino socks stating 80% + 30%. All three classify correctly on the leading fibre. FURNITURE GUARD: the percentage regex on the whole record returns 'Hand Stitched Needlepoint' 71 times - that is the Smathers and Branson needlepoint belts, and belts are already out. MAIN FIBRES on 985: cotton 361, wool 347, silk 156, cashmere 33, polyester 20, linen 14, leather 7, other hair 2, cellulosic 2, nylon 2. ALTERNATE DENOMINATOR: garments only, dropping the 347 soft worn accessories (Neckwear 171, Hats 79, Scarves & Gloves 53, Hosiery 38, Braces 6), gives 638 styles, 599 with composition, natural 575 / synthetic 22 / cellulosic 2 = 90/3/0/6, spandex 7. The soft accessories are KEPT in the cell to stay consistent with NN07, Barbour and Baracuta in earlier batches, but neckwear is 171 styles of near-pure silk and it is worth knowing it moves natural by four points."
Sunspel,224,224,95,3,2,36,12,one,"[""Swimwear""]","[""Underwear"", ""T-shirts"", ""Knitwear""]",product_code,830/224,"none - one storefront, sunspel.myshopify.com on www.sunspel.com; /en-us 404s and there is no market path in the feed, so nothing was collapsed",1.0,complete,https://www.sunspel.com/products.json?limit=250&page=N,"RESTATED UNDER RULING 7, and the brief's premise for leaving Sunspel alone does not hold. The 48 dual-gender records were dropped on the Carhartt precedent; ruling 7 reverses that, and although 30 of the 48 really are bags and hard goods that the row's own scope excludes anyway, the remaining block is NOT out of scope: the recorded row already carries an Accessories category (10 styles) and a Hats Scarves Gloves category (6 styles), so caps, scarves, hats and gloves are inside this row's scope by its own construction. Re-measured 2026-09-14 from /products.json?limit=250&page=N: 1007 records, tags gender:male 840, gender:female 118, BOTH 48, untagged 1 - the 48 reproduce exactly. Of the 48: 30 are bags or hard goods (2 Washbags, 2 Briefcases, Weekend Bag, Printed Tote Bag, Corduroy Tote Bag, 3 Cutler and Gross sunglasses, 9 Eau de Parfum, 5 gift sets, 2 candles, a pin-badge) and stay out on scope; 1 is a genuine women's garment (Women's Linen Shirt) and stays out on gender, which is exactly the case ruling 7 says to fix with the house's own gender field rather than with a unisex rule; 17 records are worn soft accessories and come in. Those 17 collapse to 5 product codes: AHAT9055 Cashmere Ribbed Hat (5 colourways, 100% Cashmere), ASCA9054 Cashmere Ribbed Scarf (5, 100% Cashmere), AGLV9053 Cashmere Gloves (3, 100% Cashmere), ASCA9467 Cashmere Scarf / Cashmere Woven Scarf (3 records under one code - a ruling-5 collapse, 100% Cashmere), AHAT9474 Cotton Linen Twill Cap (1, Main: 57% Cotton, 43% Linen with a 100% cotton lining, main line taken per ruling 2). All five are natural and all five state a composition, so the row moves from 219 styles / 219 stated to 224 / 224 and from 813 to 830 colourways; counts go from natural 209 / synthetic 6 / cellulosic 4 to natural 214 / synthetic 6 / cellulosic 4, and the integers stay 95/3/2/0 exactly. Spandex is unchanged at 36 and 12 - none of the five carries elastane. Composition read from the collapsed <product-accordion> headed 'Fabric & Care', where it is the <li> carrying a percentage; body_html carries a percentage on only 97 of 1007 records and is not usable. The earlier pass's estimate of 'about 8 styles' and 'approximately 227' is 3 styles high: the true figure is 5 and 224. || RESTATED 14 Sep under ruling 7 (unisex counts as men's); previous styles_total 219."
Saint James,85,84,95,4,0,2,0,one,[],"[""Knitwear"", ""Breton shirts"", ""Coats & Jackets""]",product_code,162/85,"apex saint-james.com and www both 302 to fr.saint-james.com (the French store); measured us.saint-james.com only, which is a separate Shopify shop (saint-james-usa.myshopify.com) with its own 465-record feed - no locale trees inside that feed, nothing collapsed",1.0,complete,https://us.saint-james.com/collections/men/products.json?limit=250,"Census 2026-09-14 from us.saint-james.com, the US store. FEED 465 records exactly as the register says, zero page at 3. GENDER IS THE WHOLE OF THE WORK ON THIS ROW. The house's own trees: /collections/men = 171 products, /collections/women = 338, and they OVERLAP BY 87. Those 87 are the unisex Bretons - the MINQUIERS, MERIDIEN and LEVANT shirts are merchandised into both trees by Saint James itself, and tagged Men, Women and Unisex on the same record. Men-only tagged = 84, women-only = 251, unisex-only = 27, kids = 15. THE ROW USES THE HOUSE'S OWN MEN'S TREE, 171 listings, which includes the 87. That is the batch-3 treatment (unisex counts as men's). STRICT ALTERNATE under the batch-1/Carhartt treatment (exclude anything also in the women's tree) the row collapses to roughly 84 listings and about 40 styles, and it would delete the Breton - the single garment the house exists to make - from a Saint James men's census. This is the open unisex ruling and Saint James is the sharpest case for it in the file so far, sharper than Madhappy, because here the dual-listing is the house's flagship rather than its margin. Verified the men's tree is complete: ZERO products carry the Men tag without being in /collections/men. NOT CLOTHING removed from the men's tree: Masks 5 (covid face masks), Bags 2, Shoes 1, Gift Card 1 = 9 listings. Scarves, hats, beanies and socks kept as soft worn accessories. 162 listings remain. STYLE METHOD product_code: each record carries a tag of the form 9858_ECRU / TERRACOTTA, so the numeric prefix is the style and the rest is the colourway. 162 -> 85 styles, ratio 1.91. Six records have no such tag and key on the leading all-caps model name plus type. Largest groups are MINQUIERS MODERN 21 colourways, MERIDIEN MODERNE 14, LEVANT MODERN 9 - correct, these are one style each. COMPOSITION is in body_html. 84 of 85 styles state a percentage. PARSER NOTE, and it cost the row 23 styles on the first pass: the house writes composition in TWO orders - '- 65% Wool, 30% Polyester, 5% Other fibers' and '- Wool (100%)'. A forward percent-then-fibre regex silently produced zero resolvable fibres on the second form (it captured the closing bracket), so the extractor now runs both orders and keeps whichever yields more resolvable fibres. It also has to tolerate '5% Other fibers' as an unresolvable share that still counts toward the line's sum to 100. COUNTS on 85: natural 81, synthetic 3, cellulosic 0, no composition 1. Exact 95.294/3.529/0/1.176 -> largest remainder 95/4/0/1. TIES 4 and they ARE load-bearing at this scale. All four are exact halves: two at 50% Cotton / 50% Polyester (MATTEO and MALO zip knits) and two at 50% Wool / 50% Acrylic (CARTIER nautical beanie, stated twice in two different sentences). First-listed gives natural 81 / synthetic 3; the other resolution gives natural 77 / synthetic 7, i.e. 91/8/0/1. On an 85-style house four ties move the cell by four points. SPANDEX 2 of 85, both at 2%, 0 at >=5%. The anywhere-in-the-string reading gives 3 - one further style names elastane outside the main line. NO COMPOSITION (1): MINQUIERS PRIDE Breton Shirt names no fibre anywhere in its description, not even in prose, so it is a genuine no-composition style rather than a prose conversion. SUM CHECK: one chain fails, NEUCHATEL Henley at '75% Cotton, 15% Acrylic, 15% Alpaca' = 105. That is Saint James's own arithmetic, not a parse failure; cotton leads on any reading. MAIN FIBRES: wool 48, cotton 33, polyester 2, nylon 1. The house is a wool-and-cotton knitwear business and the three synthetic-led styles are all in Coats & Jackets. MEN'S / WOMEN'S SPLIT: the brief expected women's to be most of the house and it is - 338 of 465 records sit in the women's tree against 171 in the men's, and 251 records are women's-only against 84 men's-only. ALTERNATE DENOMINATORS: men-exclusive (drop the 87 dual-listed) approx 84 listings; men's tree including masks, bags and shoes 171 listings / 92 styles; the whole live US catalogue 465 records."
Margaret Howell,66,66,100,0,0,0,0,one,[],"[""Trousers"", ""Knitwear"", ""Shirts""]",product_code,130/66,"no US storefront exists - margarethowell.co.uk IS the brand's own shop and is what was measured, and it is the .co.uk rather than the .com by necessity, not by choice; one Shopify shop (margarethowell-gbp.myshopify.com), no locale trees in the feed, nothing collapsed. Note the UK shop served this session in USD at rate 1.38499",1.38499,complete,https://www.margarethowell.co.uk/collections/men-all/products.json?limit=250,"Census 2026-09-14 from www.margarethowell.co.uk. FEED 363 records, zero page at 3, exactly the register figure. NO US STOREFRONT: the .co.uk is the brand's own shop and is the measured origin; this row is the UK range and is not comparable to the US rows on price or on carry-over, though composition does not vary by market. The shop is margarethowell-gbp.myshopify.com but served THIS session in USD at Shopify.currency.rate 1.38499 with Shopify.country US - which is the behaviour the brief predicted for UK houses (it quoted 1.38605) and which Sunspel, also UK, did NOT show. GENDER: the SKU prefix is the boundary and it is clean. WO women mainline 87, WH women MHL 70, MH men MHL 65, HN home 59, ME men mainline 47, UN unisex 17, UH unisex MHL 14, other 4. Men = ME + MH = 112 records across BOTH lines, which is what the brief asked to be separated. The house's own /collections/men-all = 144 and /collections/women-all = 189, overlapping by 32 - the 32 are exactly the UN + UH unisex accessories, so men-all = 112 men's + 32 unisex. THE ROW USES men-all, 144 listings. Under the strict unisex treatment it would be 112 listings and would lose the scarves, which are 8 of the 66 styles. MHL is not a separate house here: it is Margaret Howell's own second line and both lines carry women's, so the row is the men's half of both. MARGARET HOWELL IS MAJORITY NOT-MENSWEAR IN TWO DIRECTIONS: 157 of 363 records are women's and a further 59 are HOME GOODS (kitchenware, ceramics, Isokon furniture, cushions, lighting, books). Men's clothing is 130 of 363 records. NOT CLOTHING removed from men-all: bags 8, shoes 2 (one of them a Mizuno hiking shoe, third-party), belts 2, gift card, donation, a knitwear comb = 14 listings. Scarves, ties, hats and socks kept. STYLE METHOD product_code: SKU MHKN0517A26MJKPEW = 8-character style stem + season + colour. 130 listings -> 66 styles, ratio 1.97. Checked on the deep groups (FULL RIB SOCKS 5 colours, MHL. SIMPLE T SHIRT 5, SHORT SLEEVE T SHIRT 5, NARROW RIBBED SCARF 3). PAYLOAD: composition is NOT in products.json. Only 3 of 363 body_html fields contain a percentage at all and all three are a FURNITURE TRAP - 'FSC 100% certified European beech' on the Isokon furniture. It lives in the PDP's Details & Care bullet list, em-dash separated, anchored by a '- Product code' bullet. A whole-page percentage regex on the PDP returns 71 hits of which 70 are inline Tailwind CSS (left-1/2, 100vw, font-size:80%); after stripping script and style blocks exactly ONE percentage remains per page and it is the composition. 66 of 66 PDPs returned it. COVERAGE 66/66 = 100%, and the split is 66 natural / 0 synthetic / 0 cellulosic / 0 unstated. That is not a parse failure - it is checked. Only 7 of the 66 styles have a multi-fibre composition at all (70% merino wool 30% nylon, 70% cotton 30% linen, 70% merino wool 30% cashmere, 90% cotton 10% polyamide); the other 59 are single-fibre 100% strings. The outerwear, where a synthetic-led style would normally appear, reads 100% wool, 70% wool 30% polyamide, 100% wool, 100% cotton, 100% cotton, 100% cotton, 100% cotton. Exact 100.0/0/0/0 -> largest remainder 100/0/0/0, no rounding decision to make. TIES 0. No style has two fibres at equal top share, so ruling 1 is inert and the other resolution is identical. SPANDEX 0 of 66 on the main fabric line AND 0 on the anywhere-in-the-string reading - the words elastane, spandex and lycra do not occur in any men's Details & Care block in this house. Both bases are 0/0. There is no named-stretch style either. MAIN FIBRES: cotton 41, wool 22, silk 2, cashmere 1. ALTERNATE DENOMINATORS: men's excluding the 32 unisex accessories approx 112 listings / 58 styles; men-all including bags, shoes and belts 144 listings; men's + women's clothing (no home) 304 records; the whole feed 363."
Reiss,1431,1431,66,27,7,467,176,one,"[""Swimwear""]","[""Shirts"", ""Jackets"", ""Suiting""]",product_code,2217/1431,"/sitemap.xml and /sitemap_index.xml both 404; robots.txt declares /sitemap-index.xml = 324 gzipped children across 100 country-language locale codes, of which 54 are per-locale Products children. Sampled sizes: US-EN 5591, GB-EN 6599, IT-IT 6753, FR-FR 6406, AU-EN 6377, DE-DE 6365, CA-EN 6363 - so 54 markets x approx 6350 = approx 343000 product URLs in the index. Collapsed to the single US-EN Products child: 5591 URLs -> 3841 style codes, a 61x reduction",not shopify,complete,https://www.reiss.com/reiss-US-EN-Products.xml.gz,"Census 2026-09-14 from www.reiss.com/us/en. NOT SHOPIFY - custom Next-style stack behind Akamai. SITEMAP: /sitemap.xml and /sitemap_index.xml both 404 as briefed; robots.txt names /sitemap-index.xml, which holds 324 gzipped children. Served as application/x-gzip with no content-encoding, so the browser does not inflate them - DecompressionStream('gzip') in the page does. Breakdown of the 324: 54 Products, 53 Hreflang-Products, 54 Category, 53 Hreflang-Category, 53 Hreflang-Collection, 53 pages, 1 Store, 1 country index, 2 US-Misc. 100 distinct locale codes. DENOMINATOR: reiss-US-EN-Products.xml.gz = 5591 product URLs of the form /us/en/style/<code>/<colour>, collapsing on the style code to 3841 codes (prefixes su 2780, sv 992, st 69). Ratio 5591/3841 = 1.46 across the whole catalogue, 2217/1431 = 1.55 on the men's clothing subset. RECONCILED BOTH WAYS. Feed -> live: all 3841 style codes were fetched individually and only 12 returned 404, i.e. 0.3% dead - nothing like Wax London or Scotch & Soda. Live -> feed: reiss-US-Misc-PDPs.xml.gz holds 412 legacy-form URLs (/us/en/g553940s1/u96866) of which 394 are NOT in the Products child; a sample of 8 returned four 404s and four live women's pages with NO composition field, so they are stale redirects and are not added to the denominator. PAYLOAD: composition is in the PDP's server-rendered JSON as ""composition"", alongside ""gender"", ""department"", ""category"" and ""collection"". It is NOT in the PLP - the men's shirts PLP renders only 8 of its stated 216 products into the DOM and a static fetch of it returns ""totalResults"":0, so there is no cheap listing route and every style code has to be opened. 3841 PDPs at about 600KB each, two passes (the first read gender+composition, a second read category on the 1511 men's codes), no WAF interruption at any point across roughly 5400 requests - Akamai never fired. GENDER, from the record's own field: Men 1511, Women 2313, Unisex 1, Younger Boys 1, Younger Girls 3, dead 12. Reiss is a womenswear house by count, 60/40. Kids exist in the catalogue but are 4 style codes, not a tree - the brief's kids' warning is technically right and practically nil. Every one of the 1511 men's codes also reads department=menswear, so gender and department agree 1511/1511 and no boys' or women's styles were swept in. NOT CLOTHING removed from the men's set: Trainers 24, Shoes 20, Bags 14, Belts 11, Boots 5, Cufflinks 2, Tie Clips & Pins 1, Sandals 1, Slippers 1 = 79 style codes. Ties, pocket squares, scarves, hats, gloves and socks kept as soft worn accessories. 1431 men's clothing styles remain. COVERAGE 1431/1431 = 100%. Every men's clothing style states a percentage composition. COUNTS on 1431: natural 945, synthetic 384, cellulosic 102, no composition 0. Exact 66.038/26.834/7.128/0 -> largest remainder 66/27/7/0. Reiss is the second house on the map after PAIGE with a cellulosic figure worth reading: 102 styles, mostly viscose and lyocell shirting and polo knits (Shirts 46, Polo Shirts 22). TIES 20, resolved first-listed. Other resolution gives natural 928, synthetic 391, cellulosic 112 = 65/27/8 - one point of cellulosic, not load-bearing. Typical tie is '50% Wool, 50% Polyester'. SPANDEX main fabric line 467 of 1431, 176 at >=5%. ANYWHERE IN THE STRING 730 - the gap is 263 styles and it is the largest such gap in the file, because 364 of the 1431 composition strings are multi-part ('Main 55% Wool, 41% Polyester, 4% Elastane. Lining 100% Viscose.') and Reiss lines a great deal of its tailoring in stretch. The cell carries the main-line 467/176. Distribution on the main line: 1% x73, 2% x89, 3% x57, 4% x72, 5% x30, 6% x33, 7% x23, 8% x15, 9% x4, 10%+ x71. 14 styles are at 20%+ elastane and they are real high-stretch nylon shirts and trousers, not a parse error. SHAPE: one, and it is a judgement worth stating. 66/27 is closer to Les Deux (split at 65/32) than to Kith (one at 67/25), but the test used in earlier batches is whether the synthetic half is CONCENTRATED, and here it is not. Swimwear is the only synthetic-led category (21 of 21) and swim is excluded from the split verdict. Everything else is natural-led, including the two closest calls, Trousers 53 natural to 48 synthetic and Shorts 30 to 29. Synthetic at Reiss is a uniform 20-40% admixture across the whole range rather than a second cloth story, which is the opposite of Stone Island. PARSER: 'Elastomultiester' added to the lexicon as synthetic-not-elastane, per the standing treatment. 'Polyacrylate' is unresolved on 2 shirts (83% Polyacrylate, 17% Elastane) and makes elastane the leading RESOLVED fibre on those two - synthetic either way, so the cell is unaffected, but the lexicon wants it. The 11 chains that fail the 100 +/-1 check are all non-clothing already excluded: 100% Brass, 59% Copper 31% Zinc 10% Onyx, 100% Paper, 100% Textile. MAIN FIBRES on 1431: cotton 403, wool 344, polyester 264, nylon 105, cellulosic 102, linen 64, leather 59, silk 47, cashmere 28, acrylic 12, elastane 3. ALTERNATE DENOMINATORS: including the 79 non-clothing men's codes gives 1510 styles; all US style codes regardless of gender 3841; all US product URLs 5591; the men's shirts PLP states 216 where the sitemap gives 275 shirt style codes, so the currently-merchandised range is roughly 20-25% smaller than the sitemap range, which still resolves 200 and carries sale and carry-over."
Sandro,345,345,67,10,23,79,10,one,[],"[""pants-shorts"", ""jackets"", ""tshirts-polos""]",product_code,509/345,"none - us.sandro-paris.com is the US host and serves one /en/ tree (sitemap_0-product.xml 454 URLs, all /en/p/, 0 duplicates); the house carries 215 hreflang locales on other hosts, none of which entered the census",not shopify,complete,https://us.sandro-paris.com/en/mens/clothing/?sz=600,"SFCC. Composition server-rendered as an h3 'Composition' + ul of part lines ('Main material:' / 'Main fabric:' / 'Leather:'); c_materialComposition absent, confirming the sixth SFCC house with its own container. 551 men's-clothing listings -> 383 numeric stems; 38 SHA* accessory/shoe stems removed under ruling 5 (the /mens/clothing/ path sweeps in shoes, bags, belts and small leather goods), leaving 345 clothing stems / 509 listings. The product sitemap is NOT a census: only 183 men's clothing stems, 164 short of the live PLP, and 2 sitemap-only stems. All 345 parse and sum to 100+-1. 1 tie (SHPBL01028 50% wool / 50% polyester -> wool, natural); the other resolution gives natural 229 / synthetic 36, i.e. 66/11/23. Spandex main-fabric-line 79 styles, 10 at >=5%; the looser anywhere-in-the-string reading gives 118 and 18. No named-stretch-without-percentage cases. Cellulosic is not a rounding artefact: shirts are cellulosic-led 39 of 76 (mostly 100% viscose) and the house runs 80 cellulosic-led styles overall. One style reads '100% lamb' (lambskin) and is natural; 'other fibres' appears 4 times and never leads. Only synthetic-led category is swimwear at n=1, excluded from the split verdict, so synthetic_categories is [] and shape is one. Furniture check: a no-product editorial page returns no Composition block."
Isabel Marant,107,107,92,3,5,4,0,one,[],"[""denim"", ""knitwear"", ""tshirts""]",product_code,136/107,"measured us.isabelmarant.com, a separate US Shopify store (isabel-marant-usa-production), whose sitemap index has 43 children over 7 prefixes (ROOT + de/fr/it/es/ja/ko translations); the census was taken from the ROOT /products.json only. The apex isabelmarant.com is the EMEA/EUR store and its sitemap index is 799 children over 133 market prefixes (266 product shards) - that tree was not entered",1.0,complete,https://us.isabelmarant.com/products.json,"Shopify. /products.json paginated 250x6 + 154 + 0 = 1654 unique ids on the US store (the brief's 1485 is the EMEA apex, a different store). product_type splits Women 1083 / Look 376 (outfit bundles, no men's inside) / Men 194 / blank 1. Men's 194 -> 136 clothing records after removing cat_accessories, cat_necklacebracelet, cat_shoes_others, cat_boots, cat_scarvesgloves; deduped on the house's own __id_model tag to 107 styles. Composition is NOT in body_html and NOT in any % pattern in the rendered PDP text; it is a span.metafield-multi_line_text_field inside the product-infos drawer, and the house uses two formats in one tree - fibre-first 'Cotton (1) 100%' / 'Virgin wool 99% Polyamide 1%' and percent-first '80% polyester, 20% wool'. A single regex on the wrong orientation silently mis-parses 52 of 136 rows (it reads '74% Linen' out of 'Cotton 74% Linen 26%'), so orientation is decided on whether the string starts with a digit. 135 of 136 records carry a value; the one blank is a colourway of a style covered by its sibling, so 107/107 at style level. 1 tie, both fibres natural, so the other resolution changes nothing. Spandex 4 main-line, 0 at >=5%, identical on the anywhere reading. Feed/sitemap reconciled both ways: 1448 sitemap handles, 0 sitemap-only, 206 feed-only and none of them men's clothing; 126 of the 136 records have an available variant. 'Other fiber' appears twice and never leads."
Frame,280,274,86,2,10,44,5,one,[],"[""denim"", ""jackets-coats"", ""sweaters-hoodies""]",product_code,464/280,"123 market trees -> ROOT only. frame-store.com/sitemap.xml is 739 children: 1 agentic-discovery file plus 123 prefixes (ROOT + 122 en-XX markets) x (2 product shards + pages + collections + blogs + metaobject_pages). A naive sitemap crawl would have returned 1590 products x 123 markets ~ 195,570 URLs for 1590 real records. The census was taken from the ROOT /products.json and /collections/men",1.0,complete,https://frame-store.com/collections/men/products.json,"Shopify (frame-denim.myshopify.com), frame-store.com not frame.com. Root /products.json = 1590 unique ids (250x6 + 90 + 0). product_type is unusable here - 20 spellings including 'MENS APPAREL', 'FD MEN'S APPAREL', 'F MEN'S APPAREL' and blank - so the boundary is /collections/men (493 records, equal to the tag collection::menclothing). Removed 29 non-clothing records (hats, belts, handbags, footwear, accessories-men) leaving 464 records; deduped on the SKU stem before the colour suffix (LMH0467-RIDG -> LMH0467) to 280 styles. Washes carry their own style codes and were NOT collapsed - collapsing them would lose real fibre variation between washes; the alternate denominator including accessories is 300 stems. Composition sits in TWO containers in one house: a '<p>Materials</p>' metafield list in the product-description tab, and, on 6 styles, only inside the size-guide 'Fit Information' block as a slash-joined li ('86% Cotton/14% Polyester') among care and measurement lines. Anchoring on the first container alone reports 13 no-composition rows, 7 of them false. 6 ties resolved; five are natural-vs-natural and the sixth, '50% Modal / 50% Cotton', resolves to modal, the other resolution giving 86/3/9/2. 274 of 280 disclose (98%); 6 genuinely do not. Elastane histogram on the main line: 0% 230, 1% 23, 2% 11, 3% 4, 4% 1, 5% 2, 7% 3 - so 44 styles carry elastane and only 5 reach 5%; the anywhere reading is identical. 4 further styles carry a bare 'Comfort'/'Stretch' fabric descriptor with no elastane in the stated composition; under ruling 3's first sentence they would make 48, under its last sentence they are excluded, and the cell follows the batch-3 practice of excluding them. Cellulosics are 27 of 280 (10%), well short of PAIGE's 34% - Frame's rayon/Tencel denim is a minority, and denim is 52 natural-led to 9 cellulosic-led. No category is synthetic-led."
Theory,192,190,67,14,18,72,26,one,[],"[""t-shirts-and-polos"", ""pants"", ""shirts""]",product_code,609/192,"none - www.theory.com/sitemap_index.xml has 3 children and one en-US tree. The 38 hreflang alternates all point at separate subdomains (uk., eu., au., hk., sg., tw.theory.com), so no locale duplicate can enter a www census",not shopify,complete,https://www.theory.com/men/view-all/?sz=2000,"SFCC. /products.json 404s; /sitemap.xml 404s; robots points at /sitemap_index.xml (3 children). sitemap_1.xml is 1727 URLs - 707 under /men/ and 903 under /women/ - of which 555 are men's PDPs (/men/<cat>/<slug>/<SKU>_<COLOUR>.html) collapsing to 169 stems. The sitemap is NOT the census: /men/view-all/?sz=2000 returns 646 product tiles -> 212 stems, a strict superset of the sitemap's 169. Of those, 20 stems are accessories (shoes, bags, belts, neckwear, cold-weather) and 192 are clothing, giving 609 clothing listings over 192 styles. data-pid must be taken from the js-product-tile-wrapper tile, not from the whole page: a loose data-pid scrape pulls in recommendation carousels and two dead category pages (mens-suiting and mens-activewear both 410) contributed 12 nav pids each. Composition is server-rendered, one fibre per li, as li.pdp-details-info.is-material inside div.pdp-composition; c_materialComposition is absent - a seventh SFCC house with its own container. Multi-part garments join with a semicolon ('shell: 73% polyamide, 27% elastane; back: ...'), which sums to 200 and is cut at the first part per the main-fibre rule; 13 rows depended on that cut. 190 of 192 disclose. 1 tie, and the other resolution would change its class. Spandex main-line 72 styles with 26 at >=5%, driven by Precision Ponte and Motion Nylon at 16-27% elastane; the anywhere reading is 73 and 27. 55 styles carry the phrase 'exclusive of elastic' with no percentage and are counted as no-elastane, which is the open ruling. Only synthetic-led category is shorts at n=1; shape is one."
Rag & Bone,234,233,95,2,3,81,0,one,[],"[""denim"", ""shirts"", ""blazers""]",product_code,326/234,"2 market trees -> root only. robots.txt names two sitemap indexes, https://www.rag-bone.com/sitemap_index.xml and https://www.rag-bone.com/en-gb/sitemap_index.xml; the root en_US index has just 2 children (sitemap_0-image.xml, sitemap_1.xml) and the /en-gb/ tree was not entered. The page carries no hreflang tags at all",not shopify,complete,https://www.rag-bone.com/mens/apparel/?sz=2000,"SFCC (Sites-ragandbone-Site, en_US). /sitemap_index.xml has no file with 'product' in its name; sitemap_1.xml is 1115 URLs of which 763 are /p/<slug>-<SKU>.html PDPs for the whole house. /mens/apparel/?sz=2000 returns 317 PDP links but is NOT complete - the union of the 13 men's category PLPs is 339 listings, a superset of it. 339 listings dedupe on the SKU stem before the colour suffix (RH2226S6MCO_009 -> RH2226S6MCO) to 245 stems; 11 non-apparel stems removed under ruling 5 (4 watches and 1 sneaker that the /mens/leather/ node sweeps in, 5 belts, 1 e-gift-card), leaving 234 clothing styles over 326 listings. Composition is in NEITHER the DOM text nor a c_materialComposition field: it is inside an HTML-entity-escaped JSON blob on the PDP, and the house uses two shapes - denim carries a labelled '<strong>Composition:</strong> 91% cotton, 8% polyester, 1% elastane' inside the fabric copy, while everything else carries an unlabelled first bullet of featuresAndDetails ('100% cotton'), and a third set gives it unbullet-ed and space-joined ('66% Wool 22% Polyester 9.5% Viscose 2.5% ...'). A literal 'Composition:' regex reports 0 hits on every non-denim style. One payload per page, so no NN07-style cross-contamination. 233 of 234 disclose; the one gap is a denim CPO shirt that names a fabric ('Ultra Feather') and no fibres. 3 ties resolved, none of which changes class. Spandex 81 styles on the main fabric line and ZERO at >=5%: the elastane histogram tops out at 4% (0% 152, 1% 44, 2% 24, 3% 4, 4% 9), and the anywhere reading is identical at 81 and 0. One parse fault worth naming: '52% wool, 27% linen, 20%, viscose, 1% silk' has a stray comma between the percentage and the fibre and summed to 80 until the separator was allowed. No category is synthetic-led; denim is 83 of 84 natural-led."
John Varvatos,524,428,65,7,10,120,16,one,"[""swim""]","[""suit jackets"", ""jeans"", ""graphic tees""]",product_code,670/524,none,not shopify,complete,https://www.johnvarvatos.com/sitemap_0-product.xml,"SFCC but composition is a bare <li> in div.b-pdp_user_content, not a payload field; 997 product URLs crawled, 0 non-200. Clothing 670 records selected by product-code prefix; excluded fragrance 15, jewellery ~100, eyewear 32, belts 32, footwear 63, bags 9, small leather goods 8, blanket 1, and soft accessories (ties 14, scarves 59, socks 3) - including the soft accessories gives 575 styles / 466 with composition / 55-15-11. Style key = code+fabric token (524); code token alone gives 460. 96 styles carry no percentage anywhere (18%); a handful name a material in prose only (Goat Suede) and are counted as no-composition. 7 ties, first-listed wins; the other resolution would move 5 of them. Spandex anywhere-in-string 121/16 against main-line 120/16. Men's-only house: no women's or kids tree and no unisex tag."
Sid Mashburn,300,299,99,1,0,22,2,one,"[""Swimwear""]","[""Sport Shirts"", ""Sport Jackets"", ""Jeans""]",manual,473/300,"none (one US storefront, one feed, Shopify.locale en, no market trees; the product sitemap is a single locale-free set of 4995 URLs)",1.0,complete,https://shopmashburn.com/products.json?limit=250&page=1,"The store is a three-house department store: product_type is prefixed Sid / Ann / Mash and the tag LineDescr_ carries the house's own gender field (Womens 1953, Mens 1770, Home 724, Ann MTO 345, Unisex 75, MTM Fabrics 52, MTO 40, Ann MTO Fabrics 34). ANN MASHBURN IS EXCLUDED IN FULL (2545 Ann-typed records; 1953+345+34 on the women's/MTO lines). Ruling 7 changes nothing here: all 75 Unisex records are non-clothing (African beads, body and skin care, sunglasses, reading glasses), so men's+unisex clothing = men's clothing. THIRD-PARTY EXCLUSION: 103 of the 576 men's-line clothing records are other makers stocked in the Sid shop - American Trench 77, Marcoliani 12, Kired 4, PT01 3, Aspesi 2, Levi's 2, Chup 1, Original Madras 1, A.P.C. 1 - identified by the house's own vendor field, then cross-checked by scanning the 473 remaining titles and handles against all 190 other vendor strings in the feed (zero hits, so no Kith-style third-party goods hide under the Sid Mashburn vendor). Including them gives 360 styles at 352/4/0/4 and, more tellingly, spandex 67 and 5%+ 4 rather than 22 and 2 - the stretch in this row's alternate is almost all bought-in athletic socks. SCOPE: clothing plus socks only. Excluded from the men's tree: 405 ties, 195 pocket squares, 59 bandanas, 58 bow ties, 77 belts, 29 cufflinks, 27 watch straps, 23 wallets, 22 watches, 120 shoes and boots, 76 grooming, 37 magazines, 8 books, 52 made-to-measure fabric swatches, bags and luggage. Alternate denominator adding ties, pocket squares, bandanas and bow ties: 1081 records -> 397 styles at 98/1/0/1 with the same 22/2 spandex - neckwear does not move the dial. COMPOSITION is an unlabelled <li><span> in ul.product-single__details-list; exactly one percentage-bearing li on 471 of 473 records, and linings are described in prose without percentages ('jacket fully lined in cupro', 'lined in mesh'), so ruling 2 is satisfied by construction and the main-line and anywhere-in-the-string readings are identical at 22/2. STYLE KEY: the SKU is a per-colourway serial (2026277) with no stem, so the key is model name + fabric name + composition; 473 records -> 300 styles. Alternates: 176 on model+composition, 112 on model name alone (which collapses linen and cotton shirts together), 469 distinct titles. TIES: 3, none of which changes class under the other resolution. Sums: 1 style at 49 because 'canapa' (hemp) is unlexiconed; still natural. No named-stretch prose anywhere. spandex_high 2 = a 6% elastane boxer brief and a 5% lycra merino sock."
Billy Reid,209,176,83,1,0,11,0,one,"[""M SWIM""]","[""M L/S CASUAL SHIRTS"", ""M SWEATERS"", ""M S/S CASUAL SHIRTS""]",product_code,336/209,"none (single US storefront, one flat product sitemap, no locale path or market tree)",1.0,complete,https://www.billyreid.com/products.json?limit=250&page=1,"Feed 481 records over pages of 250+231+0, matching the brief. THE BRIEF IS WRONG THAT sitemap_products_1.xml REFUSES A SAME-ORIGIN FETCH: it returned 200 and 476 product URLs, 0 sitemap-only against the feed and 5 feed-only (one live clothing item, one order-protection app, three unavailable made-to-order services), so the feed is the superset and the sitemap is slightly stale. GENDER: the tag Division: is the house's own field - BILLY REID MEN'S 394, BILLY REID WOMEN'S 75, 12 untagged. There is NO unisex division at all, so ruling 7 adds and removes nothing. Women's excluded in full. COMPOSITION LIVES IN THE TAGS, not in any field: 'Material:FINISHED GOOD: 98% COTTON'. This is the James Perse failure class - Shopify splits tags on commas, so a two-fibre composition arrives as a Material: tag plus a bare alphabetised fragment ('2% ELASTANE'); 468 of 481 records carry a Material tag and 118 carry fragments. Reassembly is Material value + every tag matching ^nn%. Fibre ORDER is destroyed by the split, which matters only at a tie, and there is exactly 1 tie in the row (class unchanged either way). Labels seen on the Material tag are all main-fabric labels - FINISHED GOOD 205, SELF/BODY(100%) 70, unlabelled 34, the misspellings FINISHSED/FINSHED GOOD 12, FABRIC A(100%), FABRIC 1(100%), BODY/TESSUTO ESTERNO(100%), SELF/PELLAME(0%) - and NO tag anywhere in the store is labelled lining, trim, rib or contrast, so the main-line and anywhere readings are the same 11/0. Every part label that carries a share carries 100%. VENDOR IS NOT THE BOUNDARY here in the opposite direction: 89 records sit under vendor 'REID' but are the house's own second label (Cochran Jean, Tuscumbia Shirt) and are kept; nothing in the men's clothing tree is another maker's. STYLE KEY: the house publishes its own style code as a tag, Style:102-1996, on 334 of 336 men's clothing records; 336 records -> 209 styles (collapsing to 198 if the trailing finish letter is stripped, which was not done). Colour is a single-value Color option per record, so the feed is one record per colourway. 33 styles (16%) publish no composition at all - the Material tag is present but empty ('Material:SELF/BODY(100%):') or absent, and the PDP carries nothing either (checked: a 1.9MB page with no percentage anywhere), so the residual is the house's, not the method's. Coverage 176/209 = 84%, well above the partial threshold. Two sum failures, both cotton-led and both the house's data: one style states only 86% and one splits a 67/3/30 across two sibling records. spandex_high is a true 0 - the ceiling across the whole men's range is 2% elastane. Excluded from the men's tree: 13 bandanas, 11 home/gifts, 9 ties, 5 belts, 5 hats, 4 pocket squares, 6 shoes and boots, 3 small leather goods, 2 cashmere sweater wraps, 1 bag."
A.P.C.,106,104,90,8,0,1,0,one,[],"[""T-shirts"", ""Jackets"", ""Knitwear""]",product_code,204/106,"none (apc-us.com is its own Shopify store, apc-us.myshopify.com, USD/US, one feed, no locale tree; the separate French store www.apc.fr was NOT used)",1.0,complete,https://www.apc-us.com/products.json?limit=250&page=1,"APEX/SUBDOMAIN FAILURE CLASS CHECKED AND CLEARED: www.apc.fr is a DIFFERENT catalogue, not a locale - 852 records with French handles (chemisette-uniforme, les-papillons) - while apc-us.com is apc-us.myshopify.com at USD/US with 685. Measuring the French store would have filed a European catalogue as the US row. CORRECTION TO THE REGISTER: the brief's 1290 is wrong for apc-us.com. The feed terminates cleanly at 685 (250+250+185+0) and the product sitemap returns exactly 685 with zero difference in either direction. Neither store is 1290. GENDER: the house tags Gender:Male 330, Gender:Female 365 and Unisex 110, and separately tags its lines MEN RTW 211, MEN ACC 125, WOMEN RTW 121, WOMEN ACC 118. The men's clothing set is a clothing product_type with MEN RTW, or Gender:Male without WOMEN RTW: 204 records (108 male-only, 62 male+unisex, 23 female+unisex, 6 unisex-only, 4 male+female, plus the New Standard jean which carries no line tag). RULING 7 MATTERS HERE: 91 of the 204 carry the Unisex tag, and the men's-exclusive alternate is 112 records. These are genuine both-sexes pieces merchandised inside MEN RTW, not womenswear filed twice, so unisex counts as men's. COMPOSITION is in a PDP JS accordion section titled 'Composition & Material' and never in the feed (only 186 of 685 body_html carry a percentage at all). A.P.C. SEPARATES FIBRES WITH A FULL STOP, not a comma - '- 97% cotton. 3% polyester. - Made in Portugal.' - so any run-splitter that treats '.' as a boundary reads only the leading fibre; that fault put 22 of 104 rows outside the sum check before it was fixed, and it is a new variant of the Boggi <br> trap. Two residual sum failures at 95, both from '5% other fibres', main fibre unaffected. STYLE KEY: the numeric stem of the SKU (COHSH-H26622_LZZ_XS -> H26622); 204 records -> 106 stems, with the underscore segment carrying colour. Excluded: 125 MEN ACC records, all WOMEN RTW/ACC, 79 quilts, plus candles, pet, self-care, eyewear, shoes and the 4 bags / 2 leather goods / 2 hats that sit inside MEN RTW. The non-APC vendors on the store (Brain Dead 15, Fragment 14, A.P.C. Golf 12, Toutou 6) are A.P.C. collaborations and sub-lines rather than stocked third-party goods, and were kept where they fall in MEN RTW. SPANDEX 1 of 104 is the lowest in this batch and is a real finding, not a coverage artefact: A.P.C.'s denim is rigid and its jersey is plain cotton. 3 ties, none changing class. Only 2 styles publish no composition."
Luca Faloni,91,87,95,1,0,9,0,one,[],"[""Knitwear"",""Accessories"",""Polos/T-shirts""]",product_code,485/91,67 locale sitemaps -> en/us only,not shopify,complete,https://lucafaloni.com/en/us/server-sitemap.xml,"Custom Next.js App Router (Storyblok), no commerce-platform markers; /products.json 403. /sitemap.xml is a 1-entry index -> /server-sitemap-index.xml -> 67 per-locale sitemaps; /en/us/server-sitemap.xml = 961 URLs of which 759 /shop/ slugs; 485 carry a JSON-LD ProductGroup, 274 are category/editorial pages. TRAP 1: the JSON-LD field literally named 'material' is a FABRIC NAME with no percentages (Cotton Poplin, Silk-Cashmere, Technical) - the Canali 'Composition-is-not-the-composition' fault; the real percentage composition is in the CRAFT DETAILS bullets carried as excerptHtml in the RSC payload. TRAP 2: every PDP payload has 4 excerptHtml blocks, the first 3 byte-identical site-wide (three gift-box cross-sells); the product's own is the only <ul> one - taking the first returns gift-box copy on 91 of 91 pages. TRAP 3: percentages appear BOTH as '100% Italian linen' AND parenthesised after the fibre 'Silk (30%) and cashmere (70%)'; running both regexes over one bullet double-counts and manufactured 21 phantom ties - parenthesised form first, percent-first as fallback, gives 0 ties. g/m2 weights in parentheses excluded. Composition read in ENGLISH. Style = productGroupID (each slug is one COLOUR); 485 pages -> 91 styles, material consistent in all 91 groups. Main line = first percentage bullet that is not lining/padding/trim; City Jacket 'Polyester (76%) & polyamide (24%)' taken, its next bullet '100% brushed cotton inner lining' correctly not. natural 86 / synthetic 1 / cellulosic 0 / no-composition 4 -> 95/1/0/4 by largest remainder. The 4 undisclosed are 3 goatskin-suede pieces and the Cotton Poplin shirt, each naming its fibre in words only; accepting those gives 99/1/0/0. Every blend at this house is natural-x-natural so the tie rule cannot change a class. SPANDEX: 4 styles carry elastane with a percentage (3%,3%,3%,1%) and 5 more carry named stretch with no percentage ('natural stretch treatment' on 4 linen + 1 silk-cotton pique) which ruling 3 puts in spandex_styles but never in spandex_high - so 9 and a TRUE 0, on 96% coverage. 'Anywhere in the string' basis is identical (9/0) since no lining carries elastane; elastane-only figure 4. Pure menswear house: men's 91, women's 0, unisex 0, zero women-related slugs in all 759 - ruling 7 is a no-op here. Time spent well inside the box."
120% Lino,35,27,77,0,0,0,0,one,[],"[""Shirts"",""Trousers"",""T-shirts/Polos""]",handle,35/35,"none (single US Shopify store, one catalogue)",1.0,complete,https://120percento.com/collections/mens-collection/products.json,"120percento.com (120lino.com not used - parked). Shopify, window.Shopify.shop = 120percento-us.myshopify.com, a US-specific store; currency USD rate 1.0, locale en. /products.json page1=128, page2=0 clean zero stop, 128 distinct ids. GENDER: mens-collection = 34 = the MEN tag set exactly; womens-collection 75; 19 in neither; MEN/WOMEN overlap 0 so there is NO unisex at this house and ruling 7 changes nothing. Of the 19 strays exactly ONE is men's - handle five-pocket-slim-pant, title 'MEN PANT 5 POCKETS SLIM FIT', style code 33ALU*M*2179G453E00 - added, giving 35; the other 18 are women's, including linen-tailored-blazer-2 whose code is 33ALU*W*8096 (a women's blazer with the same title as the men's one). Men's 35 / women's 93 / unisex 0. COMPOSITION lives in a rendered <details> accordion whose <summary> is 'Composition' - not in products.json, not in body_html, and NOT in innerText (collapsed panel), so a rendered-text read reports 0% disclosed. Read in ENGLISH ('100% Linen'); an Italian-only fibre list returns zero rows here. Furniture check passes: the panel is EMPTY on 8 of 35, so the identical value on every disclosed row is the house selling one cloth, not page furniture. 27 of 35 disclosed, all '100% Linen'. 8 undisclosed = 2 blazers, 4 shirts whose body says 'Made from linen' with no percentage, 1 hooded knit, 1 printed swim short. ALTERNATE DENOMINATOR: accepting the 6 word-only 'made from linen' lines gives 33/35 -> natural 94 / nocomp 6; not used, no percentage. Largest remainder: 27/35=77.14->77, 8/35=22.86->23. Ties: ZERO, every disclosed composition is a single fibre at 100%, other resolution identical. SPANDEX 0 on BOTH bases - /elastan|spandex|lycra|xlance/i matches 0 of 35 across composition plus full body_html, and /stretch/i also matches 0, so ruling 3 adds nothing. A genuine 0, not NC: 77% disclosed and the undisclosed 8 are linen items. colourway_ratio 1.00 is genuine - colour is a variant option INSIDE one record (COLOR + SIZE options); the one exception is a colour-split blazer pair across two records (collapsing it gives 34 styles). SKU is per-SIZE (408 SKUs over 408 variants) so ruling 5's numeric stem is unavailable; handle used. Strict mens-collection-only alternate = 34 styles, 76/0/0/24."
Paul Smith,566,541,85,8,3,85,43,one,"[""Swimwear"",""Jersey"",""Tops""]","[""Knitwear"",""Jackets"",""Shirts""]",product_code,1639/566,uk sitemap slugs crawled against the unprefixed us-row store; no us sitemap exists,not shopify,complete,https://www.paulsmith.com/api/sitemaps/uk.xml,"/api/sitemaps/us.xml is a 200 with a VALID BUT EMPTY urlset - the same empty fallback every unknown locale gets (index, int, us-row, en_US all 200/0 locs); only uk, fr, de, nl, dk, au, ca deliver. US store is the unprefixed root (locale us-row, market 8, USD). Nuxt 3, no product API, PLP capped at 21 groups with 8 page params all returning page one. Census: 3761 uk product slugs fetched unprefixed on the US root, 3581 live / 180 404. Reverse check: 319 links off 8 live US mens PLPs, only 8 absent and all the same non-product page. Gender is the house field: Mens 2608, Womens 487, Unisex 136, Boys 19, Girls 1, no value 489, 21 combinations; ruling 7 men's = Mens|Unisex = 2765 listings; Boys/Girls removed. Clothing scope removes socks 233, sneakers 124, scarves 98, ties 83, jewellery 71, SLG 69, hats 69, bags 54, shoes/boots 79, belts 21 and other hard goods = 1639 clothing listings. Style = productSku 2-segment stem (a whole-page SKU regex returns 12 per PDP from the recommendation rail). composition_value occurs MORE THAN ONCE on 877 of 3581 PDPs (recommendation products); first occurrence is the SSR main product, hand-validated on 7 multi-valued pages. Parser reads both '90% COTTON 10% CASHMERE' and bare '90 WOOL 10 CASHMERE'; sum-to-100 fails on 8 of 566 (multi-part gloves, one house typo, two boot upper/sole). Ties 8, first-listed; last-listed would move 4 and give 84/9/3/4. Spandex main-line and anywhere are the SAME figure (85/43) - only 78 of 3581 strings carry a part label and every one is a belt or boot, already out of scope. Men's-exclusive alternate 557 styles / 1622 listings; unisex adds 9 styles. House's own PLP header says 879 ITEMS for /mens/clothing against 1639 clothing listings here - the gap is scope (underwear 89, swim 56, loungewear 29, pyjamas, gowns, jersey, sweat pants = 218) plus live PDPs no longer in the category tree. 25 styles carry no composition, 5 of them a named fibre with no percentage. || This row is an INDEPENDENT RE-MEASURE. An earlier agent measured the same five and was killed by a rate limit before writing its notes; those rows were held, not merged. This run did not read them until after measuring. Agreement/disagreement against the held file is recorded in notes_b6b.txt."
Officine Générale,156,153,92,5,1,12,0,one,"[""SWIMWEAR""]","[""KNITWEAR"", ""SHIRT"", ""TAILORING PTS""]",manual,293/156,"none (the apex officinegenerale.com 302s to us.officinegenerale.com?country=US and serves the SAME store, officine-generale-us.myshopify.com - one catalogue, unlike Drake's and A.P.C.)",1.0,complete,https://us.officinegenerale.com/products.json?limit=250&page=1,"APEX/SUBDOMAIN FAILURE CLASS CHECKED: unlike Drake's and A.P.C., the apex here really is a redirect - officinegenerale.com 302s to us.officinegenerale.com?country=US and both resolve to officine-generale-us.myshopify.com. Feed 496 (250+246+0), matching the brief; product sitemap 496 with zero difference either way. GENDER: the house's own tag is genre:/GENRE: - MEN 263, WOMEN 170, UNISEX 57, HOME 4, 2 untagged. The 57 unisex are genuine both-sexes garments (12 knitwear, 12 shirts, 11 sweats, 14 tees, 3 overshirts, 5 accessories), NOT womenswear filed under a unisex tag, so ruling 7 applies straight and they count as men's. MEN'S-EXCLUSIVE ALTERNATE: dropping the 52 unisex clothing records gives 241 records -> 137 styles at 125 natural / 7 synthetic / 2 cellulosic / 3 no-composition, with the same 12 and 0 spandex. Unisex adds 19 styles, every one of them natural-led, so the ruling moves natural_pct by about one point and nothing else. Women's excluded in full (skirts, dresses, tops and the women's-tagged knitwear, shirts and tailoring). THIRD PARTY: the store stocks only four non-house records (Asahi 2, Cabana Gallery 2, Maw Creation Et Conseil 1, Common Projects 1) and none of them is a clothing type, so nothing had to be removed from the row; all 293 men's clothing records are vendor 'Officine Générale'. COMPOSITION is in body_html as a bullet; 12 records repeat it inside the description paragraph, so the rule is the first bullet that STARTS with a percentage, falling back to the first bullet containing one. 3 styles publish no composition at all (Bara t-shirt, Bradley parka, Efy bomber) and the PDP carries nothing either. One sum failure at 102 - 'Kent jacket 75% virgin wool 20% polyester 7% linen' is the house's own arithmetic, wool-led either way. Three styles write PA and PES rather than polyamide and polyester (Roman swimwear '70% PA 30% PES'), which reads as a no-composition row on any lexicon without the abbreviations. STYLE KEY: the SKU (W26MCHN701#250326) increments its numeric segment per colourway, so it is not a stem; the key is title + main composition, 293 records -> 156 styles (128 on title alone, which would collapse a name reused across seasons and fabrics). ONE TIE, class unchanged. 12 elastane styles and none at 5% or more. Shirts carry the only cellulosic in this batch - 2 of 27, and the row's entire cellulosic figure."
Brax,162,162,88,10,2,155,13,one,[],"[""men/clothing/pants"",""men/clothing/jeans"",""men/eurex/pants""]",product_code,541/162,de/de index served at bare /sitemap.xml ignored; en/us product sitemap only,not shopify,complete,https://www.brax.com/en/us/sitemap/product/?index=2,"THE REGISTER IS WRONG: the feed IS usable. /en/us/sitemap.xml declares three children and the product child delivers 200 / 174353 bytes / 1058 locs - the ?index=N query string is load-bearing, the path without it returns 400, which is probably what 'children that do not deliver' recorded. All 1058 US product URLs crawled, 1058 x 200, zero errors. THE SUSPECT FIGURE REPRODUCES: 155 of 162 men's styles carry elastane, 96%, and the reason is scope not parsing - the Brax US men's range is trousers and jeans ONLY (men/clothing/pants 289 listings, men/eurex/pants 114, men/clothing/jeans 108, men/eurex/jeans 30) with no knitwear, shirting or outerwear at all. Only 13 of the 155 are at 5% or more, so this is 1-3% comfort stretch, not performance stretch. Composition is a Nuxt ShMaterial block titled 'Outer fabric', present on 1058 of 1058; the only other label in the range is 'Lining' on 10 products and none carries elastane, so main-fabric-line and anywhere-in-the-string are IDENTICAL at 155/13. Gender is the product's own category.ancestors: Men 541 URLs, Women 517 removed; no unisex tag exists so ruling 7 moves nothing. Style = article_quality 2-segment id stem: the 1-segment stem is not a model (id 073122 spans style-everest and style-cadiz), while the 2-segment stem maps 1:1 onto 162 distinct style names. Alternates: 128 on the 1-segment stem, 50 on the model name alone, 541 raw listings - elastane is 96% on every one. Ties 0, so ruling 1 is not load-bearing here. Sum-to-100 failures 0 of 162. Locale confirmed in-payload: currentCountry US, currentLanguage en. || This row is an INDEPENDENT RE-MEASURE. An earlier agent measured the same five and was killed by a rate limit before writing its notes; those rows were held, not merged. This run did not read them until after measuring. Agreement/disagreement against the held file is recorded in notes_b6b.txt."
Hartford,257,257,88,6,6,9,0,one,"[""Maillot""]","[""Chemise"",""Pull"",""Veste""]",product_code,394/257,sitemap index 61 children (locale duplication) not used; single /fr-us market feed,1.18718,complete,https://hartford.fr/fr-us/products.json,"THE US LOCALE SERVES FRENCH. /fr-us returns Shopify.locale fr with French product types (Chemise, Pantalon, Pull, Echarpe, Maillot) and French compositions (58% Laine - 37% Polyester - 5% Polyamide); there is no English US storefront, so the parser is French throughout (Coton/Laine/Laine vierge/Lin/Soie/Cachemire/Cuir/Chanvre/Mohair/Alpaga/Yak natural; Polyester/Polyamide/Acrylique/Elasthanne synthetic; Viscose/Lyocell/Tencel/Modal cellulosic; 'Autres fibres' left unclassified, it only ever appears at 2%). Shopify.currency USD rate 1.18718, shop hartford-france.myshopify.com. Census /fr-us/products.json?limit=250&page=N to a zero page: 250+250+250+242 then 0 = 992 records, 992 distinct ids. Composition is NOT in body_html (0 of 992 bodies carry a percentage) - it is a PDP div data-target=material. Furniture check: 34 distinct strings over 453 pages, not one constant, and four hand-validations match the title exactly. 247 of 453 men's listings are 100% Coton. Gender is the house's own tags: Homme 453, Femme 419, Kids 116, Homme+Femme 3, untagged 1; the 3 unisex products are all accessories so ruling 7 moves nothing and men's-exclusive is also 257 styles. Feed-vs-PDP reconciliation: 3 of 456 men's handles 404 on the PDP. Scope removes Echarpe 30, Casquette 15, Bonnet 8, Chapeau 6 = 59 listings, leaving 394; scoping them back in gives 301 styles. Style = variant SKU stem (SKU is style-colour-size). Ties 4, first-listed; 2 of the 4 change class ('50% Lyocell - 50% Coton' reads cellulosic here and natural under last-listed), which would give 89/6/5. Spandex main-line 9/0 and anywhere 9/0 - ZERO of the 453 men's strings carry a part label, so the bases cannot diverge. Sum-to-100 fails on 1 of 257 ('65% Laine - 30% Polyester - 2% Autres fibres' = 97). Maillot is swimwear and is the only synthetic-led category. || This row is an INDEPENDENT RE-MEASURE. An earlier agent measured the same five and was killed by a rate limit before writing its notes; those rows were held, not merged. This run did not read them until after measuring. Agreement/disagreement against the held file is recorded in notes_b6b.txt."
Our Legacy,199,199,81,6,13,6,0,one,"[""shorts""]","[""knitwear"",""jersey"",""jeans""]",product_code,199/199,none,not shopify,complete,https://www.ourlegacy.com/sitemap/sitemap.xml,"THE NN07 TRAP DOES NOT FIRE HERE: var_composition_text occurs exactly ONCE on 1919 of the 2034 live PDPs and zero times on 115, never twice - the PDP carries its own product and no CMS featured rail, so no resolve-slug API was needed (the house's own /api/centra/products/74/23/en?ids= and Depict listings exist but were not required). robots' /sitemap/sitemap.xml = 86 children, 84 product files, 2040 DISTINCT product URLs (the 2505 in the register counts duplicate locs across files); 2034 live, 6 404. BUT 1444 of the 2034 carry an EMPTY categoryName [] and no categoryUri - live PDPs outside the current category tree, the Wax London superset fault at 71% of the file. The current range is the house's own categorisation: mens 200, womens 149, footwear 44, accessories 123, workshop 74. Men's clothing = 200 minus one non-textile (a 100% STERLING SILVER necklace filed under mens/new-arrivals) = 199. Footwear and accessories excluded as non-clothing; no unisex tag exists so ruling 7 moves nothing and men's-exclusive is also 199. RULING 5 CONFLICT, FLAGGED NOT OBEYED: the numeric stem is a MODEL FAMILY not a style - 21 products hang off stem M4266 carrying four different compositions, and across the men's set 40 numeric stems carry 141 distinct compositions, so 'a distinct numeric stem' would collapse 199 to 40 and destroy the measurement. Row carries productSku. colourway_ratio 1.00 is genuine: every colour AND every cloth has its own product code, so there is no colourway layer beneath the code. Ties 5, all resolved first-listed, 0 change class under last-listed. Spandex main-line 6/0 and anywhere 6/0 - only one string in the men's set carries a part label. Parentheticals like (OVIS ARIES ARIES - FARMED) stripped before parsing; CANAPA read as hemp, EA as elastane. Sum-to-100 failures 0 of 199. Cellulosic is high because 17 of 39 shirts are viscose or lyocell led. Live /mens/knitwear PLP shows 26 cards against 34 categorised, so the boundary is generous not short. || This row is an INDEPENDENT RE-MEASURE. An earlier agent measured the same five and was killed by a rate limit before writing its notes; those rows were held, not merged. This run did not read them until after measuring. Agreement/disagreement against the held file is recorded in notes_b6b.txt."
Auralee,53,53,94,6,0,0,0,one,[],"[""Outerwear/Jackets"",""Shirts"",""Trousers""]",product_code,53/53,"men's tree only; site language EN, region US; no locale duplicates in /item tree",not shopify,complete,https://auralee.jp/item?category_id=3,"Men's clothing only: 78 men's-tree product codes minus 25 non-clothing (8 shoes, 5 bags, 4 belts, 2 sunglasses, 2 stoles/1 fur stole, cap, 2 ties). All 53 disclose material. 3 synthetic = NYLON 100% (2 sheer ripstop, 1 other). Zero elastane and zero polyurethane anywhere in the men's range, so strict and polyurethane-as-elastane readings are both 0. Composition read in English (UTF-8) from the PDP Material tab, not Japanese. Accessories-inclusive alternate 78 styles: 73 natural / 3 synthetic / 0 cellulosic / 2 no-composition-classifiable (sunglasses ACETATE + TITANIUM-ACETATE are cellulosic/synthetic eyewear, excluded from clothing). 14 of 78 men's-tree codes also sit in the women's tree (unisex, kept as men's per ruling 7); only 1 of them is clothing, so the men's-exclusive clothing alternate is 52. 0 ties."
Ami Paris,177,177,96,1,3,5,1,one,[],"[""tailoring"",""sweaters-and-cardigans"",""jackets-and-coats""]",product_code,267/177,sitemap index 673 children are locale duplicates of one catalogue; /en-us english locale of the single euro store only,1.0,complete,https://www.amiparis.com/en-us/products.json,"LANGUAGE: the apex serves FR but /en-us serves Shopify.locale en with ENGLISH compositions ('Main material: 100% wool'), so the French caution does not bite. Currency is EUR rate 1.0 on both - /en-us is an english locale of the euro store, not a US market; /us and /en 404 and there is no us. subdomain store. Census /en-us/products.json?limit=250&page=N to a zero page = 656 records, 656 distinct ids, identical to the FR root. product_type is EMPTY on all 656 and body_html carries a percentage on 0 of 656, so category and composition both come from the PDP and the collections. GENDER: _easysize_product_gender gives h 135, u 369, f 116, empty 36; cross-checked against the house's own nav, men-view-all 502 and women-view-all 482 share 367 handles, and the two signals agree to within two records - so 'u' is a genuine unisex filing, NOT the Carhartt case of women's product hiding under unisex. RULING 7 IS LOAD-BEARING: men's-exclusive is 92 styles, with unisex 177 - the ruling nearly doubles this row. The 36 with an empty gender letter are in neither nav tree (verified in-page, not a regex miss) and are excluded. Scope: the 11 men's garment collections union to 280 listings and fully cover men-new-ready-to-wear and the ami-de-coeur capsule (zero handles outside the union); then 5 shoe listings (block starts 'Upper: 100% calf leather / Outsole:') and 8 '100% brass' cufflink styles were removed from men-tailoring and men-evening-wear, leaving 267 listings / 177 styles. Style = the feed's PIM-MODEL model.fabric code; the stem before the dot carries 26 conflicting compositions and is not a style key. SPANDEX - THE BASES DIVERGE AND RULING 2 DECIDES THIS ROW: main-fabric-line 5 styles with elastane and 1 at 5%+, but 'anywhere in the string' gives 21 and 3. The gap of 16 is entirely rib, pocket lining and body/sleeve lining - the Diesel Rib fault, a 4x error if read loosely. The cell carries the main-line figure. Label census over all percentage lines: main material 275, rib 62, pocket lining 55, main lining 37, secondary material 25, sleeves lining 11, body lining 7, padding 7, upper 5, outsole 5, collar rib 3, ribbed collar 2, front lining 2, back lining 1; only 'main material' counted, 'secondary material' excluded. Ties 0. Sum-to-100 failures 0 of 177. Every category natural-led. || This row is an INDEPENDENT RE-MEASURE. An earlier agent measured the same five and was killed by a rate limit before writing its notes; those rows were held, not merged. This run did not read them until after measuring. Agreement/disagreement against the held file is recorded in notes_b6b.txt."
Boglioli,169,169,98,0,2,32,0,one,[],"[""Jackets"",""Suits"",""Trousers""]",product_code,250/169,sitemap index has >=4 locale subtrees of the same 273 records -> en-us only,1.15473,complete,https://www.bogliolimilano.com/en-us/products.json,"bogliolimilano.com per brief; root 302s to https://www.bogliolimilano.com/en-us - note the www, a bare-apex host assert fails every capture. Shopify (bogliolimilano.myshopify.com), USD rate 1.15473 (base EUR, US is a Market not a separate store). /products.json page1=250, page2=23, page3=0 - the short page 2 was NOT read as the end; 273 distinct ids (brief said 272). RECONCILED BOTH WAYS: all 273 feed handles fetched as PDPs, 273/273 HTTP 200 and 273/273 carry a composition - no dead-PDP superset, no stale sitemap. /sitemap.xml is a 117-entry index with per-locale subtrees; the ROOT product sitemap is the ITALIAN catalogue (handles like pantalone-in-cotone-...) with the SAME 273 count, i.e. /en-us is a translation, not a different range. /sitemap_products_1.xml without its from/to query returns HTTP 400. COMPOSITION is server-rendered HTML: a div 'Composition' whose next sibling holds ONE <span class=tw-whitespace-nowrap> PER FIBRE - the Boggi <br> split trap in a new shape; reading only the first span gives '80% Virgin Wool' and loses the 20% Nylon. All 69 distinct strings sum to exactly 100 after joining every span (0 parse failures). Read MOSTLY IN ENGLISH WITH ITALIAN LEAKAGE: 2 men's styles are untranslated ('97% Cotone 3% Elastan', '96% Cotone 4% Elastan') - an English-only list loses those 2 elastane styles. Single composition block per PDP, no shell/lining split. STYLE: handle encodes slug-season_line_MODEL_FABRIC_00_COLOUR[_fit]; the TAG code (SA0534 x12) is the FABRIC not the style - SA0534 is 'Light Wool Honeycomb' across trousers, K-jackets, a suit and a double-breasted, so de-duplicating on it collapses 5 garments into one. Key = MODEL+FABRIC: 273 records -> 190 styles, composition identical in all 190 groups. GENDER: the site's only gender nav is MAN, there is no women's collection, no gender tag and no product-level gender field - but the feed DOES carry womenswear, found by the SIZE RUN (men's tailoring 46-58 IT, women's 38-44) plus women's model names (Maia/Brera/Otta/Bianca/Margot blazers, Palazzo/Cropped/Flared trousers, pleated Skirts). The 38-44 test must NOT be applied to shirts - men's shirts here are sold in COLLAR sizes 38-44 and a flat rule deletes 14 men's shirts. Result 190 styles = 169 men's, 21 women's, 0 mixed, UNISEX 0 (ruling 7 is a no-op, no unisex tag exists). Not restating the boundary (all 190) gives 98/1/1 and spandex 34. Coverage 169/169 = 100%. natural 165 / synthetic 1 / cellulosic 3 -> 98/0/2 by largest remainder; NOTE the synthetic 0 is rounding, one style is genuinely synthetic-led (54% Polyester 26% Virgin Wool 18% Viscose 2% Elastane). TIES: ZERO, other resolution identical. SPANDEX: 32 and 0 on the main-fabric-line basis and IDENTICAL 32 and 0 'anywhere in the string' - there is only one composition block per PDP so the two readings cannot differ; max elastane on any men's style is 4%, a pure comfort-stretch house with zero performance stretch; 2 of the 32 were only findable via the Italian 'Elastan'. 9 of the 169 are textile accessories (scarves/caps/belts), all natural-led; men's CLOTHING only = 160 styles, same 98/0/2."
Peserico,241,226,89,4,1,47,6,one,[],"[""TROUSERS"",""KNITWEAR"",""OUTERWEAR""]",product_code,309/241,114 hreflang alternates over 2 hosts (it. + eu.) -> it.peserico.com only,1.0,complete,https://it.peserico.com/products.json,"it.peserico.com (peserico.it and peserico.com both 301 here). Shopify peserico-eu.myshopify.com, EUR rate 1.0, locale it, country IT, html lang it. 114 hreflang alternates resolve to only TWO hosts - it.peserico.com (x-default + it) and eu.peserico.com (every other EU country x en/de/fr/es). There is NO US market and no us. subdomain so the isabelmarant apex-vs-subdomain trap does not apply here. /products.json pages 1-8 (250x7 + 176), page 9 = 0 - ran to a real zero page, 1926 distinct ids (brief said 1905). Sitemap = 1927 product URLs, agreement. MEN'S/WOMEN'S/UNISEX - the main work: the house's gender field is a TAG, MAN 309 / WOMAN 1155 / BOTH 0 / NEITHER 462. UNISEX = 0 and there is no unisex tag, so ruling 7 neither adds nor deletes a style here. The 462 untagged are ALL product_type 'Look'/'look'/'Look 4' with price 0.00, no SKU and one variant - LOOKBOOK entries (Look 001..Look 369), the J.Press College Silks fault; counting them inflates the catalogue 24% with compositionless rows. Verified by price/SKU/variant count, not by the name. Garment records 1464; Peserico is 79% womenswear by record. The house's own PLP /collections/man = 124 products, a SUBSET (all 124 are MAN-tagged, 185 MAN-tagged styles are not in it) - a PLP-driven crawl measures 40% of the men's range; the TAG is the boundary. All 309 men's records have an available variant. COMPOSITION: a Bootstrap accordion, button @value='Composizione' with data-bs-target to a collapse div; not in products.json, not in body_html, not in innerText. Read in ITALIAN - an English fibre list returns ZERO rows at this house. MULTI-PART with Italian labels: TESSUTO (shell, the main line) / FILATO (yarn) / FODERA (lining) / FODERA TASCA (pocket lining) / IMBOTTITURE (padding) / TOMAIA (shoe upper) / SUOLA (sole) / ESTERNO / COMPOSIZIONE. Reading the whole string files a 90% lana vergine 10% kashmir bomber as polyester. First-part labels over 309 records: TESSUTO 191, FILATO 75, ESTERNO 6, COMPOSIZIONE 6, TOMAIA 10, blank 21. NUMBERED LABELS ('TESSUTO 2:') were missed at first and 7 rows summed to 150-192% - only the sum-to-100 check caught it; after allowing an optional trailing digit, 0 of 288 fail. Italian vocabulary: cotone, lana, lana vergine, KASHMIR (with a K), lino, seta, 'fibra poliammidica' and 'fibra poliuretanica' (a list keyed on bare poliammide/poliuretano misses both), poliestere, elastan, viscosa, lyocell, pelle bovina, vera pelle, alpaca, and 'zama' (ZAMAK zinc alloy) which appears only as the buckle of 6 leather belts and never leads. STYLE: handle = 72-STYLE-FABRIC-COLOUR (SKU appends size); key = line+style+fabric, 309 records -> 241 styles, composition identical in all 241 groups; style-only alternate 214. natural 215 / synthetic 8 / cellulosic 3 / no-composition 15 (coverage 94%) -> 89/4/1/6 by largest remainder. TIES: 4 resolved and ALL FOUR FLIP CLASS under the other resolution - '50% lyocell 50% cotone' (cellulosic->natural), '50% lana vergine 50% poliestere' x2 and '35% lana 35% poliestere 30% pelle bovina' (natural->synthetic); the other resolution would give 88/5/1/6. SPANDEX: 47 and 6 on the MAIN LINE; the looser 'anywhere in the string' reading gives 51 and 6, the 4 extra having their elastane in a FODERA or a TESSUTO 2. Both comfort stretch and a small 6-style performance-stretch group. SCOPE: men's clothing only (dropping 21 accessories and 10 shoes) = 210 styles -> 91/4/2/3 and spandex 44/4; cell carries the full 241 basis, same convention as the Boglioli row."
Ring Jacket,159,156,97,1,0,3,0,one,[],"[""Suits"",""Jackets"",""Shirts""]",product_code,159/159,none (ringjacket.com 301s to ringjacket.co.jp; single ja store),not shopify,complete,https://www.ringjacket.co.jp/sitemap.xml,"Men's clothing only: 331 live product codes in the /c/ tree minus 172 non-clothing (135 ties/pocket squares, 15 accessories, 12 shoes incl. 1 slip-on, 10 bags). Composition read in Japanese (UTF-8, not EUC-JP) from the 素材 row of the PDP spec table; both half-width % and full-width ％ occur. Suits state one cloth for the whole garment here, not jacket-and-trouser separately, so ruling 2 did not bite. Super110's/スーパー110's pre-stripped. 表地/裏地 split: 6 styles give face + キュプラ lining; first (face) composition taken. spandex_styles=3 is the polyurethane-as-elastane reading (コットン98% ポリウレタン2% x2, 1 more at 2%); the strict elastane/spandex-word reading is 0 and none reach 5%, so spandex_high_styles=0 on both bases. 1 tie resolved (50/50), first-listed and the alternative are both natural. 3 no-composition styles are RING JACKET Napoli tab-collar shirts."
Drake's,420,415,97,2,0,4,0,one,"[""Swim Shorts""]","[""Casual Shirts"", ""Chore Jackets"", ""Coats & Jackets""]",product_code,768/420,"none (us.drakes.com is its own Shopify store, drakes-us.myshopify.com, USD/US; the UK/ROW store on www.drakes.com, drakeslondon.myshopify.com, GBP, was NOT used)",1.0,complete,https://us.drakes.com/products.json?limit=250&page=1,"APEX/SUBDOMAIN FAILURE CLASS: www.drakes.com is NOT a redirect, it is a SEPARATE Shopify store - drakeslondon.myshopify.com serving GBP - which geo-redirects a US visitor to us.drakes.com (drakes-us.myshopify.com, USD) a beat after the page loads. Two stores in the isabelmarant shape. The row is measured on drakes-us; feed 1719 over 250x6+219+0, exactly the brief's figure, and the product sitemap returns the same 1719 (the 17 apparent differences each way are percent-encoded (R) in the handle, the same products). GENDER: there is no gender tag anywhere in the feed. Drake's is a single men's catalogue with unisex-by-default accessories, so ruling 7 neither adds nor removes a style and there is no women's tree to strip. THIRD-PARTY EXCLUSION uses the house's own Brand_ tag rather than the vendor field (vendor is 'Drakes Ecom - US' on almost everything): Brand_Drake's Own 1381 and Brand_Drake's 24 against Brand_Third Party 265, of which 139 also carry a maker name - Paraboot 33, New Balance 26, Chamula 23, Alden 14, Yuketen 12, Sabah 11, Codis Maya 9, Il Bisonte 5, Aurora Shoe Co. 5, Wakouwa by Anatomica 1. Inside the clothing types this removes 53 records (46 unnamed third party, 7 Chamula), leaving 768. SCOPE: clothing plus socks. Excluded from the men's tree: 273 ties, 127 hats, 105 scarves, 64 bandanas, 55 accessories, 45 pocket squares, 136 footwear, 32 bags, 19 belts, 17 gloves, 15 bow ties. COMPOSITION is the FIRST <li> of body_html, ahead of the construction bullets, on 754 of 768 records; 41 records carry more than one percentage li and the later ones are labelled Lining or Outer, so taking the first li satisfies ruling 2 and the main-line and anywhere readings are the same 4/0. STYLE KEY: the second SKU segment (DR2A4A-26642-02-303-15 -> 26642); 768 records -> 420 stems, colour being a separate record with Size as the only option. ZERO TIES. Four sum failures, three from '4% Other Fibres' on a 60% wool lead and one from '4% Metal' on a 96% cotton lead; main fibre unaffected. Five styles publish no composition in the feed and none on the PDP either (checked a 1.0MB page with no percentage anywhere). 4 elastane styles in 415 and NOT ONE at 5% or more: on this map Drake's is the most rigid-cloth house measured so far, and the 6 synthetic-led styles are 5 swim shorts and 1 fleece."
John Smedley,147,147,100,0,0,0,0,one,[],"[""Polo Shirt"",""Jumper"",""T-Shirt""]",product_code,1267/147,12 locale sitemaps -> en-us only,not shopify,complete,https://www.johnsmedley.com/api/elevate/get-category-products?country=US,"Counted from the house's own material_value field, never from product names (Lundy/Bradrick etc. are meaningless). 1599 colourway records over 12 category feeds de-duplicated on productSku to 219 styles; men's = Male 114 + Unisex 57 = 171 styles (ruling 7), of which 147 are clothing and 24 are accessories (Scarf/Hat/Gloves/Socks). Every one of the 147 discloses a material and every material is natural: Extra Fine Merino Wool 82, Sea Island Cotton 37, Extra Fine Merino Wool & Cotton 11, Eco Cashmere 9, Cashmere & Merino Wool 3, Cotton & Cashmere 2, Cashmere & Silk 2, British Wool 1. CAVEAT: the house publishes NO percentage composition anywhere - material_value is a named fibre string - so the 0/0 spandex cells mean no elastane is named in the only composition field the house publishes, not a percentage check. 0 ties. Accessories-inclusive alternate 171 styles, also 100 natural. Men's-exclusive (Male only) alternate 114 styles."
Gran Sasso,172,169,94,4,0,3,2,one,"[""Swim""]","[""Knitwear"",""Polos/T-shirts"",""Accessories""]",handle,451/172,2 locales (it + en) x 674 records = 1348 of 1620 sitemap URLs -> /en/ only,not shopify,complete,https://shop.gransasso.it/en/,"shop.gransasso.it. THE CLOUDFLARE INTERSTITIAL DID NOT APPEAR: an ordinary page load returned the store directly (HTTP 200, title 'Gran Sasso. Maglificio Gran Sasso', robots.txt and sitemap.xml both 200). Nothing was solved, bypassed or retried against a bot check; the brand site gransasso.it was never touched. The row is therefore a real count and not NC. Platform is nopCommerce (ASP.NET), NOT Shopify - no /products.json, no window.Shopify, so feed_currency_rate = not shopify. CENSUS by sitemap + paginated category crawl: /sitemap.xml = 1620 locs, 822 /it/ + 798 /en/; product URLs are slug-<5-digit id>; /en/ and /it/ yield the SAME 674 distinct ids (0 only-in-one), the 25 extra /it/ rows being the same ids under a second slug. Brief's 679 is within drift. PAGINATION TRAP: nopCommerce IGNORES ?pagesize=; a pagesize=500 crawl returned 96 links for apparel-men-fw and 377 men's ids overall, while following ?pagenumber=N to the last pager link gives 300 and 451 - a pagesize-only crawl loses 16% of the men's range. Stop condition is 'no pager link numbered above the current page', not 'a short page'. THREE-WAY RECONCILE: no feed exists; sitemap 674; category tree 451 men + 227 women + 29 in both = 649; 25 ids are in the sitemap but in no live category, all plainly men's knitwear (cashmere and super-geelong crew necks, knit hoodies, a linen skipper polo, a travel bag) reading as delisted archive pages - excluded, alternate denominator 476 records, all natural so the dial does not move. RULING 7 APPLIED: the 29 ids present in BOTH the men's and women's trees are COUNTED AS MEN'S and not deleted for appearing in the women's tree; unisex 29, men's-exclusive alternate 422 records. No gender field exists at this house, only tree membership. COMPOSITION: PDP accordion, div.accordion-title 'Details and composition', value in the next sibling; 451/451 HTTP 200, 448 non-empty, only 42 distinct strings. Read in MIXED ENGLISH AND ITALIAN ON THE /en/ LOCALE: '100% MERINOS EXTRA FINE WOOL' (114) alongside '100% LANA VERGINE' (37), '95% COTONE - 5% CASHMERE', '40% LANA - 30% CASHMERE - 30% SETA', '52% LANA - 43% POLIESTERE - 5% ELASTAN', 'esterno: 100% LANA FLANELLA interno: FODERA'. An English-only list drops about 50 records here including the ONLY elastane rows - it would have returned spandex 1 instead of 3. SUPER TRAP, SECOND FORM: '100% SUPER GEELONG WOOL FASHION FIT' (34 records) parses to the fibre 'SUPER GEELONG WOOL FASHION FIT' on a naive percent-then-word regex; here Super is part of a WOOL TYPE, not a fabric grade, so the pre-strip must only remove 'Super <digits>s' and never a bare Super - class is taken by KEYWORD SEARCH inside each percentage chunk instead of treating the chunk as the fibre name. MULTI-PART labels in both languages: outer/outside/front/'front and back'/in/inner/inside/upper/sole/details/peak/collar/sleeve/padding/lining/esterno/interno/fodera - first part only. 20 of 451 name fibres with NO percentages ('in: WOOL out: COTTON peak: ALCANTARA'); counted by first named fibre, all land natural either way. Sum check: 0 first parts outside 100 +/- 1. STYLE: the 5-digit id is the COLOURWAY (boucle-ring-neck-15133/34/35 are one style, identical h1); key = slug stem, 451 records -> 172 styles, titles consistent in every group; 4 of 172 groups carry two composition strings (one model in two fabrics) and the first record was taken - the only soft spot. natural 162 / synthetic 7 / cellulosic 0 / no-composition 3 (coverage 98%) -> 94/4/0/2 by largest remainder. cellulosic 0 is TRUE: viscose appears in 40+ records as a blend component but never leads. TIES: ZERO, other resolution identical. SPANDEX 3 and 2, IDENTICAL on both bases - no elastane in any lining or secondary part; both high styles are '52% LANA - 43% POLIESTERE - 5% ELASTAN' and both were only findable through the Italian ELASTAN. Swim is the single synthetic-led category (1 recycled-microfibre style) and is excluded from the shape verdict. Scope alternate: clothing only (dropping 29 accessories, 7 cashmere cushions/plaids, 4 shoes) = 132 styles, identical 94/4/0/2."
Johnstons of Elgin,63,61,97,0,0,0,0,one,[],"[""Jumper"",""Cardigan"",""Shirt""]",product_code,189/63,root 302 -> /en-us; single locale measured,1.38499,complete,https://johnstonsofelgin.com/en-us/collections/mens-all/products.json,"Clothing-only row. The house's own mens-all collection returns 232 live listings; /products.json at the root returns 1356 records including women's, home and 348 archived styles, so the collection is the live men's boundary. 232 listings de-duplicate on the 8-character SKU stem to 90 styles; removing 27 accessory styles (scarf, beanie, socks, tie, stole, snood) leaves 63 clothing styles, 189 listings. Composition read from the PDP bullet list (body_html carries it on only 118 of 232 listings, so all 232 PDPs were crawled). Every disclosed composition is natural-led; zero elastane, zero synthetic-led styles, zero cellulosic. 3 ties (50% Cashmere 50% Wool), first-listed gives cashmere and the alternative gives wool - both natural, row unchanged. Accessories-inclusive alternate: 90 styles, 88 with composition, 98 natural / 0 / 0 / 2 no composition, spandex 0/0."
Raffi,184,177,94,2,0,2,2,one,[],"[""Polos"",""Sweaters"",""Shirts""]",handle,184/184,none,1.0,complete,https://www.raffionline.com/products.json?limit=250,"raffionline.com (not raffi.com). 214 feed records; men's = product_type Men's (185) minus one grooming brush = 184. Removed: 9 women's-type, 13 accessories-type (7 home/blanket, 6 women's), 5 bundles, 1 gift card. Colour is a variant option inside one record (203 of 214 records carry a Color option, 143 with more than one, mean 4.38 colours), so colourway_ratio is genuinely 1.00. Composition read from body_html in English; 6 remaining men's styles disclose none even on the PDP. 13 ties, all 50/50: first-listed gives 13 natural; last-listed would give 1 natural, 2 synthetic and 10 CELLULOSIC (50% Cotton / 50% Modal x10), so the cellulosic figure is 0 only because of ruling 1 - the other resolution moves it to 5. Spandex 2/2 on both the main-line and the anywhere-in-string reading; 6 further styles use the word stretch in marketing prose with no fibre percentage and are NOT counted as named stretch. 15 of the 184 carry an Accessories tag; excluding them gives an alternate denominator of 170."
BOSS,849,846,80,17,3,286,154,one,"[""Jackets & Coats"", ""Swimwear""]","[""Pants & Trousers"", ""Shirts"", ""T-Shirts""]",product_code,1723/849,10 country sitemap indexes in robots -> /us/ only,not shopify,complete,https://www.hugoboss.com/us/men-clothing/,"BOSS separated from HUGO two ways that agree exactly: the men's-clothing PLP (cgid=21000) carries a brand refinement (prefn1=brand) which gives BOSS 1645 and HUGO 456 against an unfiltered 2101 - a clean partition; and brand.name in the Product JSON-LD reads BOSS on 849 of 849 crawled PDPs. Enumerated through Search-Show with cgid=21000 plus the BOSS refinement and start/sz=48 (38 pages, 1723 pids, 850 base styles, 849 of which have a sitemap URL), because the category path itself server-renders only 4 tiles per request. Composition lives in #product-container-care-panel as 'Material: ...' followed by comma-separated LABELLED parts (pocketing:, knee lining:, Cuff / Waistband / Collar:, partcode.56:) and then care instructions that run straight on with no separator; the cell is the Material part only. Gender from the house's own refinement: 1640 Men + 5 Unisex = 1645; men's-exclusive alternate 1640 listings. Spandex anywhere-in-string 309/168 against main-line 286/154. 10 ties, first-listed wins, 6 would flip class."
Corneliani,334,333,89,9,2,64,20,one,"[""ceremony-and-events""]","[""polos and t-shirts"", ""shirts"", ""trousers""]",product_code,509/334,12 per-locale sitemaps in robots -> sitemap_en_us.xml only,not shopify,complete,https://www.corneliani.com/media/sitemap/sitemap_en_us.xml,"Magento 2: composition is the first bare <li> in the #sizeguide accordion (labelled 'Details and Materials'), with care text running on after it. All 1372 sitemap styles were crawled at one colourway each: 1372 HTTP 200, 6 with no composition. The row is the LIVE range. The en_us sitemap lists 2275 PDP listings / 1372 styles, but the house's own clothing PLPs list only 573 listings / 334 styles, and 13 of 14 sampled sitemap-only styles carry 'out of stock' while no live-PLP style does. ALTERNATE DENOMINATOR on the whole sitemap: 1110 clothing styles / 1819 listings / 1108 with composition / 89-10-1 / spandex 240 / 5%+ 69 - the fibre split is identical, only the denominator moves. Two compositions are written fibre-first ('Cotton 97% elastane 3%'); every line is parsed both ways and the reading that sums to 100 is taken. 130's and 150's superfine wool pre-stripped. 6 ties, 2 would flip. Menswear-only house, no women's or kids tree."
Canali,312,309,93,5,1,28,2,one,"[""Swim Trunks""]","[""Shirts"", ""Pants"", ""Suits""]",product_code,480/312,none,not shopify,complete,https://us.canali.com/api/catalog_system/pub/products/search,"VTEX catalog API answers a same-origin fetch: _from/_to in steps of 50, 14 pages, zero at 700 - 693 products, every one Gender=Male. The specification actually named 'Composition' is a FACET (values like Wool, or Cotton plus Synthetic fibers) with no percentages in it; the real composition is the product specification 'FABRICS AND CRAFTSMANSHIP', a newline bullet list whose last bullet carries the percentages. Clothing 480 records (Accessories 172 and Shoes 41 excluded); style key = ProductModel+ProductFabric (312), ProductModel alone gives 188. Fabric-grade numerals fired hard here: 24 rows parsed to zero on 100% 150's wool with a curly apostrophe, plus 120s and 'cotton 140/2'. 7 ties, all 50/50 cotton/modal or cotton/CLY resolving to cotton; the other resolution gives natural 284 and cellulosic 9. Sitemap product-0.xml carries 684 URLs, a clean subset of the API's 693 once HTML entities are decoded; the 9 extra are cummerbunds and bow ties."
Thom Browne,322,321,88,10,2,7,0,one,"[""downfill"", ""swim""]","[""knitwear"", ""shirts"", ""sweats""]",product_code,570/322,"106 sitemap children = 1 agentic-discovery + 15 locale trees x 7; 30 are product children (15 x 2); root en-us tree only, 2 product children, 1554 handles",1.0,complete,https://www.thombrowne.com/products.json,"Census off /products.json at limit=250, 8 pages, zero at page 8 = 1725 records. Reconciled against the sitemap in both directions: the sitemap's 1554 handles are a strict subset of the feed, and the 171 feed-only handles 404 on their own PDP (10 of 10 sampled, against 8 of 8 sitemap-present returning 200), so 48 dead men's records were removed - 618 down to 570. Composition is the trailing <p> of body_html, <br>-separated, and the first line is always the main fabric (the labels Combo N, Lining and Padding appear only on later lines); all 617 first lines sum to 100 +-1. Scope: Department MR-RTW and UR-RTW only, so footwear, leather goods, eyewear, home and fragrance are out. Excluding hosiery and soft accessories as well gives 294 styles. Gender comes from the house's own tag - MENS 723, WOMENS 652, UNISEX 264, KIDS 79 - and inside RTW the class-code prefix agrees exactly (MR/MENS 604, WR/WOMENS 531, UR/UNISEX 13); 2 WR-coded skirts tagged MENS were dropped. 5 of the 322 styles are unisex, so the men's-exclusive alternate is 317. Style key = style+fabric code (322); style code alone gives 285. Zero ties. Spandex anywhere-in-string 29/3 against main-line 7/0."
Burberry,332,332,80,19,1,19,4,one,"[""puffers"",""quilts"",""activewear"",""swimwear""]","[""polos-t-shirts"",""trousers-shorts"",""blazers-tailored-trousers""]",title_dedup,630/332,none,not shopify,complete,https://us.burberry.com/l/mens-clothing/,"Custom Next.js, no __NEXT_DATA__; composition is a plain embedded-JSON field ""materialComposition"" (parts separated by #, first part is the main line) and never enters innerText. Gender from the house's own ""relatedGenders"", clothing from its own ""sizeMappingType"". PAGINATION TRAP: ?page=N and ?start=N return HTTP 200 with page one's 68 codes every time; only ?offset=N moves the window (20 tiles/request). Scope = live men's clothing navigation (/l/mens-clothing/ 693 + /l/mens-coats-jackets/ 182 = 731 listings), kept sizeMappingType=CLOTHES and relatedGenders containing Men = 630 listings / 332 slug styles, 100% disclosed. Removed: 95 NONSIZED (94 cashmere scarves + 1 charm), 1 footwear, 5 women's-only, 2 boys', 3 null-gender. RULING 7 moves nothing here: all 88 unisex (Women,Men) listings are the NONSIZED scarf programme, so men's-exclusive and unisex-inclusive denominators are identical at 332. Style = URL slug: codes are flat 8-digit with no colourway stem and productFamilyItems holds only the product itself (mean 0.99). 68 of 354 slug groups carry >1 composition (seasonal re-issues); a slug+composition key would split them. SPANDEX both bases: main fabric line 19/4 (the cell); 'anywhere in the string' 120/11 - the 101-style gap is Burberry's standard 'Trims: 98% cotton, 2% elastane' line. No named stretch anywhere. TIES: zero on 332 styles; last-listed resolution gives the identical row. Sum check: 5 laminate strings summed to 200 ('100% polyester bonded to 100% polyester'); split on 'bonded to' and take layer one - then 0 rows outside 100+/-1. ALTERNATE DENOMINATOR: full 3,647-URL sitemap censused (2,970 extra PDPs fetched) plus the men's accessories/shoes/gifts tree (681 codes) subtracted gives 706 listings / 408 styles, 407 disclosed, 327/75/5, spandex 21/6 - rounds to the SAME 80/19/1. Half that sitemap tail has zero in-stock sizes (15 of 34 sampled vs 1 of 20 in the PLP control) and it still carries caps, capes, a bow tie and a scrunchie, so the live-navigation figure is the cell. 343 distinct composition strings over 731 pages - not furniture."
Herno,347,347,53,45,2,89,61,split,"[""Parka & Jackets"",""Blazers"",""Laminar"",""Coats & Trench Coats"",""Vests"",""Raincoats""]","[""T-shirts & Polo Shirts"",""Trousers"",""Sweaters & Cardigan""]",product_code,574/347,none,not shopify,complete,https://us.herno.com/en/men/,"SFCC. Enumerated via /on/demandware.store/Sites-herno_us-Site/en/Search-Show?cgid=<c>&start=N&sz=24. WAF: sz=200 is a hard 403, sz=48 server-renders only 24 tiles (the BOSS fault), concurrency 4 gets 39 of 59 requests 403'd and then tarpits a fetch for minutes - so every request is sequential behind a 15-20s AbortController and the set is persisted to sessionStorage per page. start=552 404s on cgid=men: that is end-of-category, not a failure. THE LAMINAR WARNING REPRODUCES: cgid=men sweeps 23 pages to 552 products; cgid=men-laminar adds 28 MORE that cgid=men never returns. cgid=laminar/men-new-arrivals/men-accessories are not valid cgids. Reconciled against sitemap-products_0.xml (1,543 URLs, 588 under /en/men): 36 men's-path products appear in no cgid sweep and 28 census records have non-/en/men paths, so union = 616 listings, all present in the sitemap. Composition is div.b-product_material, parts split by <br>. 142 of 616 records put the MAIN FABRIC label at the END of its line with the percentages on the NEXT <br> line behind a BASE:/EXTERNAL LAYER: sub-label - a part[0] reader returns empty on all 142 and files them undisclosed. Parser walks forward to the first %-bearing line and stops at the lining/padding/trimming/insert/collar/cuff stop-list. Multi-word fibres matter: a [A-Z]{3,} regex splits VIRGIN WOOL into 'VIRGIN' on 49 rows. The two-letter short-code prefix ('47% CO - 43% PL - 10% PA -') is the house's own main-fabric summary and was used as an independent cross-check: 6 of 611 disagree, none changing the leading fibre. Sum check: 2 rows at 98, none else outside 100+/-1. Gender: trackerData.productCategory is men (588) or men-laminar (28) on all 616 - zero women's, zero unisex, so RULING 7 moves nothing and the men's-exclusive alternate equals the row. Accessories removed by the house's own productType (Hats 22, Shoes 7, Scarves 7, Accessories 6 = 42 listings). Style = productMasterID minus the trailing colour group (IM000405U13314|2157), 574 listings -> 347 stems. TIES 3: first-listed gives 2 natural 1 synthetic; last-listed would give 184/158/5 = 53/46/1. SPANDEX both bases: main fabric line 89/61 (the cell); anywhere-in-string 155/107 - the gap is the 3% elastane lining and trim. 61 of 89 at 5%+ makes this a real performance-stretch house. GORE appears in 9 composition strings (Laminar shells); Loro Piana / Storm System appears in ZERO compositions - a 77-PDP whole-page sample hits it once, so it lives in marketing copy, not the fabric field."
Valstar,207,206,87,12,0,9,0,one,"[""Raincoat""]","[""Valstarino"", ""Coat"", ""Zip jacket""]",product_code,480/207,"15 locale product sitemaps carrying 7725 URLs (7725/514 = 15.03 copies of one catalogue) -> censused off the /en-us feed only, 514 records, 7211 URLs discarded",1.1778246,complete,https://valstarmilano.com/en-us/products.json?limit=250&page=1..3 + 207 PDPs at https://valstarmilano.com/en-us/products/<handle>,"Composition is NOT in the feed (only 29 of 514 body_html contain a '%'); it is a PDP modal, <h4>Composition</h4><p>Main: 100% Virgin wool<br>Lining: 100% Viscose</p>. <br>-joined parts inside one <p> (Boggi hazard) - converted to a separator before tag-stripping, FIRST part only scored. Labels on part 1: Main 202, Outside 2, External 1, unlabelled 1. LANGUAGE: /en-us serves ENGLISH compositions; Italian appears only in handles. Bilingual lexicon ran anyway, zero Italian-only rows. SKU 407K.B072-V0031-40 = style-colour-size, so style = sku stem: 514 listings -> 234 stems. GENDER from the house's own tags plus collection membership: 196 men's stems, 11 unisex, 26 women's, 1 leather key bell. Ruling 7 -> men's row = 196 + 11 = 207 stems; removed 26 women's stems (34 listings) and the key holder (hard good). Men's-EXCLUSIVE alternate measured: 196 styles, 195 stated, 170n/25s, spandex 9/0 = 87/13/0/0. Clothing-only scope alternate: 201 styles, 200 stated = 87/12/0/1, identical to the row. TIES 3, resolved first-listed; all three are 50/50 with a synthetic second, so last-listed would give 178n/28s = 86/14/0/1. SPANDEX main fabric line only (the cell) 9 / 0; 'anywhere in the string' reading 69 / 9 - the gap is the ribbed-trim line (e.g. Main: 100% Cotton || Ribbed trims: 95% Cotton, 3% Nylon, 2% Elastane). PARSE: 205 of 206 first parts sum to exactly 100; 407A.D077 sums to 98 (house typo, cotton leads either way). One junk-prefix row caught by hand, 407K.A053 'Main: 100% 65% Wool, 20% Alpaca, 15% Polyamide' - a naive reader returns 100% wool. Parka 3/3 is a genuine split and is NOT counted synthetic-led; Raincoat 0/5 is the only synthetic-led category."
Aspesi,218,215,75,23,1,26,8,one,"[""giubbotti"", ""impermeabili"", ""gilet""]","[""camicie"", ""pantaloni"", ""maglie""]",product_code,410/218,"sitemap index = 337 children, 84 of them product files carrying 81984 product URLs; 81984/975 = 84.08, i.e. ~84 locale copies of one 975-record catalogue -> censused off the /en-us feed only, 975 records kept, 81009 sitemap URLs discarded. The feed itself carries no duplicates (all 975 handles end -en).",1.1778246,complete,https://aspesi.com/en-us/products.json?limit=250&page=1..4 + 218 PDPs at https://aspesi.com/en-us/products/<handle>,"Composition is NOT in the feed - body_html contains a '%' on ZERO of 975 records. It is a PDP accordion: <div class=""toggle-content"" id=""tab-composition-mobile"">80%PL 20%PA</div>. LANGUAGE: the trap here is NOT Italian - Aspesi writes fibre in ENGLISH words on 180 of 215 styles, but 30 styles are in bare EU CODES (CO cotton, WO wool, WV virgin wool, WS cashmere, WY yak, LI linen, SE silk, PL polyester, PA polyamide, EA elastane, PU polyurethane) and 5 mix the two. An English word list silently loses those 30 and reports 85% coverage instead of 98.6%. Codes are matched on the whole token only (substring matching would find CO inside COTTON and PA inside alPAca). Category names ARE Italian while the composition is English. STYLE KEY: SKU S6_G_0128_D307__85241_34 = season_line_MODEL_FABRIC__COLOUR_size. Keying on model alone is wrong - model 0128 is one trouser block sold in silk crepe de chine, cotton poplin AND linen; key is line_model_fabric with the season prefix dropped (592 -> 551 styles). GENDER from the house's own product_type ('Uomo / Abbigliamento / camicie'): 218 men's styles, 331 women's (removed), 2 hard goods removed (scented laundry detergent, notebook). NO UNISEX EXISTS at Aspesi - no unisex tag or type and zero stems under both genders - so ruling 7 moves nothing and the men's-exclusive alternate is the same 218 styles and the same integers. TIES 4, resolved first-listed; all four are 50/50 with a NATURAL second (e.g. 50%WY 50%WO yak/wool), so the other resolution gives the identical 75/23/1/1. SPANDEX main fabric line 26 / 8; 'anywhere in the string' reading is also 26 / 8 because Aspesi publishes a single composition line with no trim, rib or lining parts. PARSE: 215 of 215 sum to 100 +/- 1, zero failures. ELASTAM/ELASTAN/ELASTANE normalised to elastane, YACK to yak. cappotti 2/2 is a tie and is not counted synthetic-led; costumi da bagno 0/3 is swim and is excluded from the shape verdict per spec."
Paul & Shark,582,578,84,11,4,64,34,split,"[""typhoon-world""]","[""knitwear"", ""shirts"", ""outerwear""]",product_code,1082/582,"robots.txt declares 7 locale sitemap indexes (it_IT, en_GB, fr_FR, en_US, zn_CN, ...). Inside the /en_US index the product file is itself half another locale: 788 URLs = 394 /en_US/ + 394 /es_US/ of the same products -> 394 kept, 394 discarded, 383 distinct codes.",not shopify,complete,https://www.paulandshark.com/en_US/sitemap_0-product.xml + 63 men's and 20 women's PLP grids at /en_US/<category>/?start=0&sz=2000 + 582 PDPs,"SFCC (global dw, Sites-PS_US-Site). c_materialComposition ABSENT again - 13th consecutive SFCC house. No __PRELOADED_STATE__, no 'material', no 'c_composition'. The string is a PDP accordion div.composition-wrap: 'Outer: Genuine goat leather - Lining: 55% Polyester, 45% Viscose - Sleeve lining: 100% Polyester'. PARTS SEPARATOR is a dash, and the house uses BOTH hyphen-minus and EN DASH (25414078 uses an en dash); splitting on hyphen alone merges the lining into the main line and that row sums to 116 - the sum check caught it. Labels appear with and without a colon. 39 of 578 main lines carry NO percentage at all ('Outer: Genuine goat leather'): read as 100% of that fibre only where exactly one fibre is named, never guessed where two or more are named with no percentages (Canali trap). CENSUS: the sitemap and the category tree disagree in BOTH directions - 193 stems in both, 337 live in the category tree but absent from the sitemap, 190 in the sitemap but in no browsable category. All 12 sampled sitemap-only URLs return HTTP 200 with a full PDP, so both sides are kept: 720 master stems. GENDER from the house's own product code, not the path: 4th character '1' = men, '5' = women (verified - 668 men's-tree listings all '1' plus 190 C0P, 178 women's-tree listings '5'). The path rule fails because /en_US/men/customisation/ returns an UNFILTERED grid that pulls 41 women's-coded ids into the men's tree. C0P* (always-collection) appear 207 times in the men's tree and zero times in the women's: filed men's. 582 men's styles, 138 women's removed. NO UNISEX exists at Paul & Shark (no unisex tag or tree), so ruling 7 moves nothing and the men's-exclusive alternate is the same 582 styles. TIES 20 - the batch's largest - resolved first-listed (mostly 50/50 wool/acrylic and cotton/viscose); the other resolution gives 470n/74s/34c = 81/13/6/0. SPANDEX main fabric line 64 / 34 (the cell), 'anywhere in the string' 67 / 37 - only 3 apart because the linings are plain polyester. The 34 at >=5% is the real performance-stretch count: Typhoon shells run 84% nylon / 16% spandex. Strict-elastane basis; 2 further styles declare 'Elastic fiber T 400' (polyester-based, not elastane) and are excluded - including them gives 66 / 36. SUM CHECK: 2 of 578 outside 100+/-1, both the house's own text (16311243 'Outer: 50% Virgin Wool, 50% Acrylic, 100% Polyester' = 150%; 26416014 = 98). 4 styles state nothing (one empty container, one literal '0', one 'Upper: 100% %' shoe, one blank). ALTERNATES: crawl-only (drop the 190 uncategorised sitemap stems) 392 styles, 389 stated = 84/12/3/1; clothing-only (drop 67 bags/shoes/belts/hats/scarves) 515 styles, 513 stated = 84/12/4/0. shape=split: a wool/cotton knit-and-shirt house (knitwear 78-0, shirts 44-0) against a technical nylon block (typhoon-world 2-10, outerwear 18 synthetic of 55); beachwear 3/3 is swim and excluded from the verdict. colourway_ratio 1082/582 understates colour: the 190 sitemap-only stems contribute one URL each, the crawl-tree portion alone is 892/392."
Sease,357,344,87,9,0,43,22,one,"[""Swimwear""]","[""Pants"", ""Knitwear"", ""Shirt""]",product_code,564/357,"sitemap.xml = 141 children, 35 product files carrying 27475 product URLs; 27475/784 = 35.04, i.e. 35 locale copies of one catalogue -> censused off the /en-us feed only, 784 records kept, 26691 discarded",1.1778246,complete,https://sease.it/en-us/products.json?limit=250&page=1..4 + 357 PDPs at https://sease.it/en-us/products/<handle>,"sease.com not visited (unrelated site). 179 of the 784 feed records are NOT garments - product_type 'Look' (88) and 'storytelling' (91) are editorial entries and 30 of them carry GENDER_Uomo, so a tag-based men's count sweeps them in; removed by product_type -> 605 real products, 388 styles. SKU KT055XG050B53_S = model(5)+fabric(5)+colour(3)_size, style = first 10 chars. GENDER from the house's own GENDER_ tags: 342 Uomo-only, 10 dual-tagged (unisex, counted men's under ruling 7), 31 Donna-only removed, 5 untagged men's line items kept (Fish Tail Shirt, Solaro Ski Mask, 3 gloves) = 357 men's styles. COMPOSITION container is a COLLAPSED PDP accordion: <div class=sease-overlay-panel><h2>Fabric</h2><p>Outer 1: 100% Cashmere<br></p>. It is absent from document.body.innerText (1585 chars, no '%' at all) - a rendered-text read files this house at 0% disclosed. The first six '%' matches in the raw HTML are CSS (width:100%, contrast:100000%). PARTS SEPARATOR: Sease uses BOTH <br>-joined parts AND parts run together with no separator ('Outer 1: 98% Cotton, 2% Elastane Inner 1: 100% Cotton'), so parts are split on the LABEL pattern as well as on <br>; splitting on <br> alone drags lining and padding fibres into the main line. LANGUAGE: English on 344 of 346, but TWO rows are Italian ('Esterno 1: 100% Lana Vergine'; 'Esterno 1: 100% Cashmere || Dettagli: 83% Lana Vergine, 17% Poliammide') - an English-only list loses one of them silently. The 87% natural is real and hand-checked: Sease builds technical outerwear on a wool/cashmere SHELL with synthetic membranes behind it (e.g. Outer 1: 95% Virgin Wool, 5% Silk || Inner 1: 100% Polyester || Inner 2: 73% Polyester, 27% Polyurethane). TIES 2, first-listed; both have a natural second so the other resolution is identical. SPANDEX main fabric line 43 / 22 (the cell); 'anywhere in the string' 99 / 86 - the batch's widest gap, because the elastane is in the bonded Inner and Padding layers. SUM CHECK: 3 of 344 outside 100+/-1 and all three are the house's own arithmetic - OV034TN645 sums to 20% ('4% Virgin wool, 14% Polyamide, 2% Elastane'; the only closing reading is 84% Virgin wool - counted literally as synthetic, and reclassifying it natural still gives 87/9/0/4); WP033TJ166 writes '100 % Virgin Wool' in a 65% list; CA062ON002 is sunglasses (75% Acetate) and is the single cellulosic style in the row. All 13 silent styles are hard goods (7 sunglasses, 2 watches, 2 backpacks, 1 shoes, 1 ski mask). ALTERNATES: men's-exclusive (drop the 10 dual-gender) 347 styles, 340 stated = 88/10/0/2; CLOTHING ONLY (drop 30 hard goods) 327 styles, 326 stated (99.7%), spandex 39/19 = 92/8/0/0 - scope, not gender, is what moves this row."
Moncler,591,591,51,48,1,72,41,split,"[""Short Down Jackets"",""Vests"",""Windbreakers"",""Lightweight Down Jackets"",""Long Down Jackets"",""Ski Jackets"",""Ski Trousers"",""Biker Jackets"",""Padded Cardigans"",""Swimwear""]","[""Short Sleeve T-Shirts"",""Shirt Jackets"",""Trousers""]",product_code,906/591,"2 locales (en-us, es-us) -> en-us only; 5112 sitemap URLs -> 2556",not shopify,complete,https://www.moncler.com/en-us/men/,"THE WHOLE-PAGE TRAP IS LIVE: a single men's PDP renders 'EXTERIOR:' NINE times and 'Product Composition:' twice (complete-the-look and recommended products), and Dermizax and Dyneema both appear in the page furniture of a jacket whose composition is 100% polyamide. Read instead from ""__PRELOADED_STATE__"": the FIRST ""product"":{""id"":...} object, and its c_composition / gender / topologyId / macroTaxonomyCode. The extractor asserts the id equals the URL's product code - 1175 of 1175 matched, 0 fetch failures. (c_materialComposition is absent but a c_ field IS the answer here: c_composition.) LOCALE DEDUP: the product sitemap's 5112 URLs are 2556 /en-us/ + 2556 /es-us/ Spanish duplicates of one catalogue. BOUNDING: crawled all 1118 /en-us/men/ URLs + the 57 /en-us/moncler/early-access-grenoble-for-men; scope then set by the house's own macroTaxonomyCode - kept 10 OUTERWEAR 362, 26 CUT&SEWN 296, 30 OTHERS 157 (trousers/shirt jackets/shirts/swim/shorts/ski trousers), 23 KNITWEAR 91 = 906 listings; dropped shoes 67, soft accessories 100, bags 32, SLG 22, sunglasses 20, other goods 14, parfums 10, goggles 4. GRENOBLE AND GRENOBLE-SKI ARE IN (men's performance line, men's by the house's own gender field); dogwear and Poldo Dog Couture are out. RULING 7: gender is Men 1088 / Unisex 87 across the men's tree; unisex kept = 18 of 591 styles. Men's-exclusive alternate 573 styles, 298/272/3 = 52/47/1, spandex unchanged. A 148-URL sample of the women's tree found ZERO unisex, so no hidden unisex population sits outside the men's tree. BIGGEST JUDGEMENT: DOWN never appears in the FIRST composition part - Moncler's down is always a later 'PADDING:' part, the first part being 'EXTERIOR: 100% Polyamide / Nylon'. Under the spec's first-composition rule a Moncler down jacket is a SYNTHETIC style. That one rule is what puts the house at 48% synthetic; a whole-garment reading would look very different. TIES 4, all 50/50 natural-then-cellulosic; last-listed would give 299/285/7 = 50/49/1. Sum check 0 of 906 outside 100+/-1. SPANDEX both bases: first/main line 72 styles and 41 at 5%+ (the cell); anywhere-in-string 180/83. The word 'stretch' never occurs in a composition, so ruling 3 does not fire. Style = 20-char code minus the trailing 3-char colour; all 1175 ids are exactly 20 chars. The coarser season+style stem gives 583 (8 styles are one body in two cloths). topologyId is camel-joined type+macro with no separator (Biker JacketsOUTERWEAR, SHIRTOTHERS, BASE LAYERCUT - SEWN). ALTERNATE DENOMINATOR incl. accessories: 763 styles, 728 disclosed, 360/365/3 - the row flips synthetic-led."
Ferragamo,90,89,92,5,2,8,1,one,[],"[""Shirts"",""Blazers and Suits"",""Jackets""]",product_code,175/90,"44 market sitemaps -> the 8 US files (store 31150), /shop/us/en only",not shopify,complete,https://www.ferragamo.com/shop/us/en/men/ready-to-wear-men,"All 44 robots sitemaps are .xml.gz; decompressed in-page with DecompressionStream('gzip') over the ArrayBuffer. They are one file per MARKET, not per language - the US is sitemap_31150_1..8, 3326 /shop/us/en URLs. THE SITEMAP IS HALF DEAD: 18 of 40 sampled men's ready-to-wear PDPs return HTTP 410 GONE. The PLP is 707KB of HTML with ZERO product links (grid drawn client-side) and the PDP ships a mustache template with no data, so neither can be the denominator. Route that works is the WCS REST API same-origin: /wcs/resources/store/31150/productview/byCategory/<id>?pageSize=50&pageNumber=1&responseFormat=json&catalogId=38051&langId=-1 - catalogId=38051 is load-bearing, without it the same call returns ONE product against recordSetTotal 175. THIRD PAGINATION TRAP OF THE BATCH: pageNumber=2, beginIndex=50, startNumber=50 and currentPageNumber=2 all return 200, 50 records, identical first/last partNumber and recordSetStartNumber 0. Censused instead by walking categoryview/byParentCategory: Men > Ready to Wear has 8 children (Shirts 39, Polos/T-shirts 42, Jackets 27, Pants/Shorts 25, Blazers/Suits 21, Knitwear/Sweatshirts 17, Leather Apparel 5, Outerwear 4), each under 50 so fully returned; their union is 175 = the parent's recordSetTotal exactly. All 175 live products are in the sitemap; 161 of its 336 men's RTW URLs are the 410 tail. Composition = the API's shortDescription and it is a SINGLE main-fabric line with no lining/padding/trim parts, so main-line and anywhere-in-string spandex are IDENTICAL here (8/1 both ways). 9 styles state named materials with no percentage (deerskin, nappa, kid leather, lambskin suede, merino sheepskin, cotton/silk) - all leather or natural. TWO house strings are malformed, a percentage with no fibre after it: '58% linen, 31% silk, 8%, 2% polyamide, 1% elastane' (sums 92, still decidable - linen leads) and '80%, 20% cashmere' (sums 20, the dominant 80% fibre is unnamed and undecidable). The second is the entire gap between 90 and 89. Only the sum check caught them. STYLE STEM: partNumber is per COLOUR (754026 and 756484 are both model 3766). The house's own stem is the model code in the manufacturer field, '3766/11 GRIGIO SC'. Fetched byId for all 175, 0 failures: 90 models. Name dedup would have said 110 and name+composition 129 - both wrong. TIES zero. RULING 7: Ferragamo publishes no gender attribute and no unisex tag on the product record, so the ruling has nothing to act on - unisex is 'not published', not a measured zero, and the men's-exclusive alternate equals the row. Finding: as briefed, this is a leather-goods house - 1,960 US men's URLs of which only 326 (sitemap) / 175 (live) are clothing; the rest is 683 ties-accessories, 237 small leather goods, 235 shoes, 168 eyewear, 149 jewelry."
Giorgio Armani,584,576,71,7,20,121,48,one,"[""Sweatshirts""]","[""Shirts"",""Trousers"",""Knitwear""]",product_code,861/584,6 locale sitemap indexes -> en-us only; no cross-locale duplication inside en-us,not shopify,complete,https://www.armani.com/en-us/giorgio-armani/man/clothing/,"TWO INDEPENDENT SEPARATIONS, AND THEY AGREE. (1) /en-us/sitemap_index.xml is partitioned BY LABEL - giorgio-armani 3154 products, armani-exchange 3378, emporio-armani 2338, ea7 709 (a whole-site count would be 9579, eleven times this row). (2) Every PDP's JSON-LD carries brand.name; read on all 3154 GA URLs with 0 failures: Giorgio Armani 3140, Armani Casa 14. They agree on 99.56%, and the 14 disagreements are Armani Casa lifestyle gifts whose breadcrumb is Home>Armani Casa>Online Shop>Lifestyle Gifts - ZERO of them fall in Man>Clothing, so the row is identical under either separation. THIRD CHECK the other way: 220 sampled PDPs from the other three labels' sitemaps read Emporio Armani 80/80, Armani Exchange 80/80, EA7 60/60 - no Giorgio Armani leakage. FOURTH: the house's own PLP states '874 items' for /giorgio-armani/man/clothing/ against my 861 sitemap-derived listings, a 1.5% sitemap shortfall. Gender and category come free from the same JSON-LD BreadcrumbList (Home > GA US > Man > Clothing > T-shirts). Gender over 3154: Man 1477, Woman 1378, Make-up 199, Fragrances 73, Skincare 13. There is NO Unisex value on this house so RULING 7 has nothing to act on - unisex is not published, not a measured zero, and the men's-exclusive alternate equals the row. Man departments: Clothing 861 (the row), Special Sales 273, Accessories 142, Shoes 104, Eyewear 54, Bags 42. PARSE TRAP that would have deleted the only silk on the house: Armani writes parentheticals inside the fibre name - '100% SILK (MULBERRY)', '100% CALF LEATHER (3/4 WEEKS)' - and a [A-Z ]+ fibre regex fails on all 30 of them and files them as undisclosed. Fixed by comma-splitting the part and matching ^(n)% (.+)$ per chunk. Sum check: exactly one row outside 100+/-1 (82% VISCOSE main with a SECOND FABRIC part). FURNITURE: 2673 of 3154 pages carry exactly one composition string, 467 none (beauty), only 14 more than one - and inside Man>Clothing only FOUR. Those four are resolved by taking the majority composition across a stem's colourways. The failure is real where it fires: two men's sunglasses pages (outside the row) returned 95% COTTON and 46% MODAL from a recommendation block, and a re-fetch of one returned a different string again. Style = <STYLE>-<FABRIC>-<COLOUR> code minus the colour; all 861 codes are exactly three parts. TIES 5; re-aggregating on last-listed gives the IDENTICAL 416/43/117, so ruling 1 decides nothing here. SPANDEX both bases: main fabric line 121/48 (the cell); anywhere-in-string 215/143, the gap being elastane linings and elasticated waistbands. FINDING: 20% cellulosic is by far the highest in the pass (previous high John Varvatos 10%) - Giorgio Armani's viscose and cupro tailoring cloth, concentrated in Trousers (35 of 119) and Jackets (34 of 82). Only Sweatshirts is synthetic-led; swimwear is natural-led. ALTERNATE DENOMINATOR (Clothing + the 199 Man>Special Sales entries that are garments by slug, on 217 stems not in Clothing): 753 styles, 1060 listings, 744 disclosed, 512/53/179 = 68/7/24."
Missoni,119,119,75,14,11,6,0,one,"[""swim""]","[""knitwear"", ""polos and tees"", ""outerwear""]",product_code,158/119,6 locales -> en-us only,not shopify,complete,https://www.missoni.com/en-us/men/clothing/,"SFCC (Sites-NorthAmerica-Site). Composition is NOT c_materialComposition: it is the og:material meta / JSON-LD material string, labelled EXTERNAL / INTERNAL / LINING / INSERTS / TRIMMING / INTERNAL REINFORCEMENT. Main fabric line = the EXTERNAL segment only; a TRIMMING 58% Rayon 42% Cotton on one style was the single sum-to-200 row before the label split was generalised to any ALL-CAPS label. Enumeration: the /en-us/men/clothing/ PLP server-renders only 40 tiles however large sz is, so counts came from Search-ShowAjax with cgid and start/sz=100, verified page 2 differs (100 then 35, zero overlap, union 135). Men's clothing = UOMO-ABBIGLIAMENTO 135 listings + UOMO-BEACHWEAR-COSTUMI/ABBIGLIAMENTO 23 new = 158 listings, 119 styles on a 14-char stem (last 5 chars are the colourway). Bounded against the rest of the house by the house's own tree, not by path guessing: DONNA-ABBIGLIAMENTO is 578 listings, KIDS 33, and Missoni Home (HOME-TESSILE etc) plus men's accessories/shoes/bags/ties/socks/watches are excluded; whole US site is 889 products. All 119 carry a composition (100%). 3 ties, all 50% Cotton / 50% Rayon, first-listed wins -> cotton; the other resolution moves all 3 to cellulosic (natural 86 -> cellulosic 16, i.e. 72/14/14). Spandex main-line 6/0; anywhere-in-string identical 6/0. No unisex tag in the house tree - men's and women's are disjoint category trees - so the men's-exclusive alternate is the same 119. Swim is the only synthetic-led category (17 of 17 styles polyester/polyamide); excluded from the split verdict, the rest of the house is one natural/cellulosic cloth story."
Etro,587,569,85,7,5,55,1,one,"[""beachwear"", ""backpacks""]","[""shirts"", ""jackets"", ""coats_and_outerwear""]",product_code,750/587,"robots.txt declares 7 locale sitemap indexes (jp-ja, us-en, gb-en, it-en, kr-ko, row-en, ca-en); only /us-en/ was read. Unlike Paul & Shark the US product file carries ONE locale - all 1752 URLs are /us-en/ and each is unique - so nothing was removed inside the file; the six other indexes are what was discarded.",not shopify,complete,https://www.etro.com/us-en/sitemap_0.xml + 46 men's PLP grids at /us-en/men/<category>/?start=0&sz=2000 + 587 PDPs,"LOCALE TRAP handled: US path is /us-en/, not /en-us/. SFCC (global dw). c_materialComposition ABSENT - 14th consecutive SFCC house - and the word 'Composition' appears ZERO times on an Etro PDP. THE FIELD NAMED FOR MATERIAL IS THE WRONG FIELD, the Canali fault: the JSON-LD ""material"" key holds only a single FABRIC-FAMILY WORD on 293 of 548 styles - MRCA0039AR317, slug 'linen-blend-evening-jacket', has material='LINEN' while the real composition on the same page reads '56% linen, 44% viscose || Lining 100% viscose'. It parses, it looks right, there is no error. The real container is the PDP accordion <details><summary>Product Details</summary><div class=detail-content><p>56% linen, 44% viscose<br>Lining 100% viscose</p>. All 587 styles were re-crawled against it; first parts lacking a percentage fell from 293 to 42, and every remaining one is a leather good or bag ('Exterior: calfskin'). <br>-joined parts, first part only. STYLE KEY: code is the last slug token, 18 or 20 chars = model(8)+fabric(5)+COLOUR(5); style = code minus the last 5 (verified on MAQA0021AL11H in three colours). 1752 sitemap URLs -> 1467 styles. GENDER from the code's first letter (M men / W women / U home / S2 eyewear), CONFIRMED against the house's own JSON-LD category string - 520 of 525 end '/men'. 525 men's sitemap styles; the live men's PLP adds 62 more that are in no sitemap (only 1 sitemap stem is missing from the PLP), all 62 fetched and live = 587 styles / 750 listings. Removed: 803 women's, 41 U* HOME styles (cushions, mouse pads, candles - non-apparel, not a gender call), 11 legacy fragrance/pouch codes. UNISEX: no unisex apparel exists at Etro, so ruling 7 moves no garment. The 87 S2* sunglasses styles ARE unisex and are held OUT as a SCOPE question (eyewear, not clothing) - recorded, not counted. TIES 6, first-listed; the other resolution (500n/44s/29c) rounds to the identical 85/7/5/3. SPANDEX main fabric line 55 / 1 at >=5%; 'anywhere in the string' 62 / 4. A tailoring house: 2-3% comfort stretch, essentially no performance stretch. SUM CHECK: 2 of 569 outside 100+/-1 and both are Etro's own '5% other fibres' remainder; leader unaffected. WAF: a first re-crawl at concurrency 8 drew 509 HTTP 403s and an 'Access Denied' session block; after a cool-down, concurrency 3 with a 180ms delay completed with zero 403s. ALTERNATES: sitemap-only (drop the 62 PLP-only) 525 styles, 512 stated = 86/7/5/2; clothing-only (drop 165 bags, shoes, belts, wallets, pouches, backpacks, socks, hats, scarves, ties) 422 styles, 414 stated (98.1%) = 89/5/4/2. Most of the cellulosic sits in scarves (11 modal/viscose-led of 41) and shirts (6 of 96). beachwear 0/5 is swim and is excluded from the shape verdict."
Versace,261,261,88,11,1,61,39,one,"[""swimwear""]","[""knitwear"", ""t-shirts and polos"", ""denim""]",product_code,440/261,120 locales x 5 files = 600 sitemaps -> en_us pdp only,not shopify,complete,https://www.versace.com/sitemap-en_us-pdp_0.xml,"SFCC. Composition is NOT c_materialComposition and not a payload field at all: it is a set of labelled <li> bullets in the PDP details drawer, mixed in with construction bullets. Labels found over a 38-PDP survey: 'Outer composition' (35), 'Trim', 'Lining', 'Embroidery', 'Gusset', 'Trim 1/2/3', 'Lining 1/2', 'Padding', 'Outer composition 1/2', 'Outer fabric'. MAIN FABRIC LINE = 'Outer composition'/'Outer composition 1'/'Outer fabric' only; taking any %-bearing bullet would have swept lining, padding (80% goose down) and embroidery viscose into the main figure. Only bullets carrying a digit-% were read, which also keeps construction bullets ('Versace Logo embroidery', 'Two-way zip puller') out - the Ralph Lauren furniture shape. Locale arithmetic: root /sitemap-index.xml = 600 children = 120 locales x 5 kinds (plp/pdp/images/stores/content); en_us pdp file = 2585 URLs; whole-index naive total would be ~310,000. Men's = 333 clothing + 121 underwear-beachwear listings from the URL path (the house's own gender tree); socks (14 listings) excluded as a soft accessory, leaving 440 listings. Style key = the FIRST code segment (1013944 of 1013944-1A16717_1B000); the second segment is a print/embellishment code and the trailing _XXXX the colour - 440 listings -> 261 styles. Alternate style key on model+fabric code gives 342 styles; only 17 of 261 model groups contain more than one distinct main composition, so the split barely moves. 454 of 454 PDPs returned HTTP 200, 453 carried a composition, and after socks 261 of 261 styles have one - 100%, 0 sums outside 100 +/- 1, 0 ties. Spandex main-line 61/39 against anywhere-in-string 93/56: the 32-style gap is elastane in gussets, trims and linings, the Balenciaga shape exactly. Women's clothing 339 + women's other 715, children 353, home-lifestyle 350 all excluded by path. No unisex tag in the tree; men's-exclusive alternate is the same 261."
Dolce&Gabbana,1546,1546,88,10,2,287,81,one,"[""beachwear""]","[""pants and shorts"", ""shirts"", ""sweaters and cardigans""]",product_code,1961/1546,41 locale sitemap buckets in /sitemap_index.xml -> en-us only,not shopify,complete,https://www.dolcegabbana.com/en-us/sitemap-product_0.xml,"us.dolcegabbana.com/en/ confirmed dead (HTTP 530, no body) and not used; the live US storefront is the apex under /en-us/. SFCC Sites-dolcegabbana_us-Site. Composition is NOT c_materialComposition, not in any payload key, and not reachable from a light endpoint: Product-ShowQuickView (30 KB) and Product-Variation (16 KB) both omit it, so all 1725 style pages were read as full 2.4 MB PDPs. It sits in a plain <p> as 'External composition: 97% Cotton, 3% Elastane' with an optional '<br>Internal composition: ...' inside THE SAME <p>. That <br> is the Boggi trap and it fired: my first cut split on the <br> and produced '54% Polyester 44% Wool' summing to 98 - the sum check was the only signal. Cutting only at a following composition LABEL (not at any <br>) leaves 2 rows outside 100 +/- 1 (98 and 103), both the house's own arithmetic. Label census over 1546 live styles: 'External composition:' 1529 (1061 of them abutting 'Made in Italy'), 'Internal composition:' 341, bare 'Composition:' 19. Main fabric line = External only. Style key: D&G's 16-char code is 6-char model + 5-char fabric + 5-char colour (GW0MAT appears in fabrics FU4JB linen, GK320, FU4LF, FU4MC; GW0MATFU4JB+F3721/B7718/M5039 are one linen bermuda in three colours), so the style is the 11-char model+fabric stem. 2191 men's-clothing sitemap listings -> 1725 stems, of which 179 return HTTP 404 (10.4% stale sitemap, the Wax London shape) leaving 1546 live styles from 1961 live listings. Alternate style key on the 6-char model alone gives 936 styles. 10 ties, first-listed wins; the other resolution flips 6 of them to a different fibre class. Spandex main-line 287/81 against anywhere-in-string 332/124 - 45 styles whose only elastane is in the Internal composition. Bounded by the house's own URL tree: women 4274, children 2095, casa 1077, beauty 331, watches-and-jewelry 354 all excluded, and within men (3629) the row takes clothing (2191) only, not accessories 685, shoes 487, bags 173, sunglasses 93. No unisex tag; men's-exclusive alternate is the same 1546."
Fendi,211,211,86,12,2,22,4,one,"[""swim""]","[""outerwear"", ""pants and shorts"", ""tees and polos""]",product_code,260/211,57 locale buckets in /sitemap.xml -> en-us PRODUCT only,not shopify,complete,https://www.fendi.com/sitemap-pages-en-us-PRODUCT-1.xml,"The client-render warning is real: fendi.com/us-en/ loads with an EMPTY document.title and a 2,692-character body, so a liveness check on the rendered DOM reports the site dead. Same-origin fetch returns a full 1.8 MB server-rendered document every time; no WAF challenge was ever presented (362 transient HTTP 403s under concurrency 12-16 all cleared on retry at lower concurrency, final 2933/2933 at HTTP 200). Census = /sitemap-pages-en-us-PRODUCT-1.xml, 2933 URLs, ALL fetched. Fendi's Algolia index (appID JQOD3KIWAT, index ...__US__products__en_US, exposed inline on every PDP) was REJECTED as the census: only 6 of the 2933 sitemap ids appear in it, and sitemap ids absent from it return 200/InStock - censusing from Algolia would have filed the row off 458 records. Gender and department come from the PDP's own analytics layer (pageTopCategory Man 726 / Woman 1898 / Kids 286 / 23 other). Composition is NOT the JSON-LD material key, which is TRUNCATED to the first component only (99% fleece wool, 85% cotton, 98% cashmere - rows that never sum to 100); the full composition is a <li> list of span.definition-list-value.product-composition items, unlabelled main-fabric lines first, then labelled parts (lining:, lining sleeves:, padding:, 13 buttons: horn) and non-fibre items. Main fabric line = the leading UNLABELLED items accumulated until the running total reaches 100, which correctly takes '100% mink fur' and drops the following '100% goatskin parts'. 211 of 211 styles have a composition, 0 sums outside 100 +/- 1, 0 ties. Style key = the 10-char model+fabric stem of Fendi's 15-char code (FZC189B1Q2 + F0QA1/F0QG3/F0QM0 is one wool polo in three colours): 260 listings -> 211 styles; the 6-char model alone gives 162. THE FINDING: Fendi's men's CLOTHING range is small against the house - 211 styles out of 726 men's listings and 2933 US products; the other 466 men's listings are bags, small leather goods, shoes, jewellery and soft accessories. SCOPE CAVEAT: pageMidCategory='Ready To Wear' alone returns only 189 listings because 212 men's items (Blouson 24, Sweater 13, T-Shirt 7 ...) carry an EMPTY mid category and an empty JSON-LD category; those were recovered by a garment-type whitelist on pageSubSubCategory. The strict-RTW-only alternate denominator is 189 listings / about 155 styles. Spandex main-line 22/4 against anywhere-in-string 32/5. No Unisex value exists in pageTopCategory (Algolia lists 48 unisex records, all fragrance/accessory/bag), so unisex clothing = 0 and the men's-exclusive alternate is the same 211."
Valentino,197,196,84,13,3,6,2,one,"[""beachwear""]","[""t-shirts and sweatshirts"", ""pants and shorts"", ""coats and blazers""]",product_code,226/197,68 locales x 6 files = 408 sitemaps -> en-us PRODUCT only,not shopify,complete,https://www.valentino.com/sitemap-pages-en-us-PRODUCT-1.xml,"AEM/Adobe front end, not SFCC. Root /sitemap.xml = 408 children = 68 locales x 6 kinds (CONTENT, HOME, LISTING, NEWS, OTHERS, PRODUCT); en-us PRODUCT = 1789 URLs of which 3 are malformed stubs (/product, /product-, /product--), leaving 1786 fetched: 1779 HTTP 200, 7 HTTP 404. Gender and category come from an escaped JSON breadcrumb in the page ('breadcrumb\\x22:\\x22\\/men\\/ready-to-wear\\/shirts'): women 1236, men 457, beauty/fragrance 86 with no breadcrumb. Men's clothing = /men/ready-to-wear = 226 listings; men's accessories 115, shoes 73 and bags 43 are excluded (alternate denominator 457 listings if swept in). Composition is NOT a payload field and NOT in the rendered DOM's outerHTML as a labelled element: it is inside the description string of the Product JSON-LD block, which is NOT the first ld+json block on the page - the first one yields the marketing meta description and returns a confident zero. Within that string the bullets are joined by ' - ' and the men's range labels its main fabric 'Composition:' on 225 of 226 listings, with Lining, Lining composition, Padding, Mesh lining, Mesh lining composition, Scarf and Nylon panel as part labels. One row summed to 200 because a bullet separator was written '-Lining:' with no leading space, so the label cut had to be a label regex rather than a split on ' - '; after that 0 rows fall outside 100 +/- 1. A REAL ORDER TRAP EXISTS AT THIS HOUSE, on the women's side: a lace skirt lists 'Georgette Stretch lining (91% Silk, 9% Elastane)' BEFORE 'Lace (58% Viscose, ...)', so a literal 'first composition listed' reading returns the lining. The men's row is unaffected because men's uses the explicit Composition: label. 196 of 197 styles carry a composition; the one that does not is a coat whose description gives no percentage anywhere. Style key = the code before the colour suffix (VRDD109V1 of VRDD109V1_MXM): 226 listings -> 197 styles. 2 ties, first-listed wins, 1 would change fibre class. Spandex main-line 6/2, anywhere-in-string identical 6/2. No unisex path in the breadcrumb tree - /men and /women are disjoint - so unisex = 0 and the men's-exclusive alternate is the same 197."
Saint Laurent,284,284,91,4,5,2,2,one,[],"[""pants"", ""shirts"", ""jackets""]",product_code,319/284,9-child per-locale sitemap index -> en-us only,not shopify,complete,https://www.ysl.com/en-us/ca/shop-men/ready-to-wear,"NOT NC. The page loads normally on an ordinary logged-out visit and no bot challenge was ever presented - nothing was solved or bypassed. What ysl.com does is tear down the browser extension's content script a few seconds after each page load, so exactly ONE in-page evaluation survives per navigation; the row was built by doing the whole crawl inside one evaluation, persisting to localStorage on the origin, and reporting through document.title. Kering in-house Next.js, buildId v3, same stack as McQueen. THE SITEMAP IS UNUSABLE AND SAYS SO ONLY IF YOU LOOK: /en-us/sitemaps/0/sitemap-products.xml returns exactly 1000 locs and shards /1/../7/ return the SAME 1000 (union 1001), so the /N/ segment is not pagination. Worse, those 1000 are almost entirely women's - macroCategory women_shoes 326, women_smlg 291, women_rtw 208, women_bags 171 and MEN_RTW 2. A sitemap census would have filed a 2-style men's row. All 1000 were crawled before this was caught; the finding is that the file is a 1000-item cap, not the catalogue. CENSUS USED: the house's own PLP through the Kering data route /_next/data/v3/en-us/ca/shop-men/ready-to-wear.json?slug=shop-men&slug=ready-to-wear&page=N (categoryId view-all-rtw-men). PAGINATION VERIFIED: 23 pages at 15 per page, ids pairwise DISJOINT with total overlap 0, page 22 empty, union 320 = stats.nbAlgoliaHits. All 320 PDPs then fetched from __NEXT_DATA__: 320 x 200, 0 errors. BOUNDING: men's other trees are shop-men/shoes 90, bags 59, accessories 156, small-leather-goods 170 (men's site-wide 795); women's ready-to-wear 252. One listing in the men's RTW grid carries macroCategory women_rtw and genderCode D and was REMOVED, leaving 319. RULING 7: two unisex listings kept - one with macroCategory unisex_rtw and one with genderCode E - so the men's-exclusive alternate is 282 styles against the row's 284. Ruling 7 moves essentially nothing. THE FIELD THAT LOOKS LIKE THE COMPOSITION, AND HERE IT IS THE ONE THAT WORKED AT ITS SISTER BRAND. compliantComposition is the correct field at McQueen; at YSL it holds FIBRE NAMES WITH NO PERCENTAGES on 123 of 320 ('COTTON', 'VISCOSE, POLYAMIDE, ELASTANE') - the Canali fault exactly, and it parses to nothing rather than to something wrong, so it would have read as 38% undisclosed. The right field is compositionDetailsDisplay ('100% COTTON', '86% VISCOSE, 9% POLYAMIDE, 5% ELASTANE'), which carries a percentage on 320 of 320. VALIDATED THREE WAYS: (1) it equals the T-coded (main fabric) segment of the sibling part-coded field compositions on inspection - cd '57% COTTON, 43% NYLON' against raw 'T 57% COTTON T 43% POLYAMIDE R 98% POLYAMIDE R 2% ELASTAN DT 100% POLYAMIDE', and cd '100% VIRGIN WOOL' against raw 'T 100% WOOL F 100% SILK FM 100% VISCOSE FP 97% COTTON FP 3% ELASTAN'; (2) the rendered PDP's JSON-LD material is the same string; (3) every one of the 320 sums to 100 +/- 1, which a whole-garment field would not. So it is the MAIN FABRIC LINE, with no part labels in it at all. HOUSE MISSPELLINGS: the fibre vocabulary is 23 words and two of them are YSL's own typos - 'ELASTHANE' (2) and 'POLIAMYDE' (1). A correct-spelling lexicon leaves them unclassified, which silently dropped one style into undisclosed and halved the main-line spandex count. Added. NUMBERS: 319 listings -> 284 styles on masterId. 284 of 284 disclosed (100%). natural 258, synthetic 12, cellulosic 14 = 90.85/4.23/4.93; largest remainder -> 91/4/5. SUM CHECK 0 of 284 outside 100 +/- 1. TIES: 9, the highest in this batch, and 8 of them are 50% WOOL / 50% CASHMERE (both natural, so the resolution does not matter there). First-listed gives 258/12/14; last-listed gives 255/15/14 = 90/5/5 - three styles move from natural to synthetic. SPANDEX BOTH BASES: main fabric line 2 styles / 2 at 5%+ (the cell); anywhere in the part-coded string 77 / 2. The 75-style gap is the Balenciaga shape at scale - 2% elastane in R (rib) and FP (pocket lining) segments that never touch the shell. Reading the whole string would have called this a 27%-stretch house; it is a 0.7% one. CATEGORY TABLE (styles: natural/synthetic/cellulosic) - shirts 57:46/4/7, pants 52:51/1/0, jackets 33:32/1/0, knitwear 31:28/0/3, denim 27:26/0/1, jersey 25:22/0/3, leather jackets 22:22/0/0, outerwear 20:15/5/0, coats 15:14/1/0, plus 2 singletons. NOT ONE category is synthetic-led (outerwear is the closest at 15 natural / 5 synthetic), so synthetic_categories is [] and shape is one. COLOURWAY_RATIO 319/284 = 1.12. LOCALE: /sitemap_index.xml is a 9-child per-locale index; en-us used alone, though the file is not the census here. robots.txt read as provenance; no disallowed path was needed."
Celine,196,194,93,4,2,8,2,one,[],"[""t-shirts and tops"", ""denim"", ""shirts""]",product_code,255/196,90 locale sitemap indexes x 3035 -> en-us only,not shopify,complete,https://www.celine.com/en-us/sitemap_0-product.xml,"Salesforce Commerce Cloud (Sites-CELINE_US-Site) behind a client-rendered shell. LIVENESS: an agent-side liveness check reports this site DEAD and it is not - document.title is EMPTY and document.body is 2,656 bytes on first paint; the page renders fine and every same-origin XHR returns 200. Root /sitemap.xml 404s; /sitemap_index.xml is a 90-LOCALE index and /en-us/sitemap_index.xml names sitemap_0-product.xml (3,035 US product URLs), _1-image, _2-category, _3. BOUNDING: the house's own BREADCRUMB (JSON-LD BreadcrumbList), cross-checked against the URL tree. The 3,035 split by URL: women/accessories 579, women/ready-to-wear 505, women/handbags 381, women/shoes 239, men/ready-to-wear 238, women/jewelry 223, women/small-leather-goods 137, women/sunglasses 99, men/shoes 97, men/accessories 91, men/small-leather-goods 80, men/bags 53, men/jewelry 23, plus maison (home/lifestyle/stationery/candles) 74, haute-parfumerie 60, beaute 51, and 42 products filed at the ROOT with no category path. The 42 root products are the trap: they carry real breadcrumbs, and 17 of them are CELINE>MEN>READY TO WEAR - i.e. men's clothing that a pure URL-path rule loses. Breadcrumb also catches the reverse: 7 root products are women's RTW, 6 are men's sunglasses, and the rest are bags/shoes/SLG. Row = the 238 URL men's RTW + those 17 = 255 listings; the URL rule and the breadcrumb rule AGREE on all 238 (zero disagreements). UNISEX: zero. No men's RTW style code appears anywhere under women/ready-to-wear (women's RTW is 398 styles / 505 listings), so ruling 7 moves nothing and the men's-exclusive denominator equals the row at 196. COMPOSITION - THE JSON-LD FIELD IS A TRAP HERE. JSON-LD 'description' begins with the composition on most PDPs ('100% cotton<br>LOOSE FIT<br>...') but on 24 of 255 it holds only a marketing phrase ('loose hoodie with celine drawstring in cotton fleece') while the composition IS on the page. Reading JSON-LD description would have filed those 24 as undisclosed - a 9% hole invented by the field, with no parse error. The row is read from the RENDERED details accordion instead (div.m-accordion__panel-wrapper > div.a-text, <br>-delimited), taking the first panel whose first line carries a percentage: 253 of 255 resolve, and the 2 that do not were fetched again by hand and genuinely publish no percentage anywhere. MAIN FABRIC LINE = that first line. Later lines are labelled parts - lining (13), secondary material (1), leather part (1) - and an UNLABELLED trim line ('TRIM 96% COTTON 4% ELASTANE') appears as its own <br> line, so it is excluded from the main line by position rather than by a label match. Construction bullets ('CLASSIC FIT', '2 welt pockets', 'Made in Italy', 'Reference : …') share the same list and are excluded because only %-bearing lines are read - the Ralph Lauren furniture shape. NUMBERS: 255 listings -> 196 styles on the code stem (2Y468670Q of 2Y468670Q.08GC; the suffix is the colour). 194 of 196 disclosed (99%). natural 183, synthetic 7, cellulosic 4, undisclosed 2 = 93.37/3.57/2.04/1.02; largest remainder -> 93/4/2 with 1 undisclosed. SUM CHECK: 0 of 194 outside 100 +/- 1. Note the house writes '100 % calfskin' with a space before the percent sign. TIES: ZERO on 196 styles; last-listed gives the identical row. SPANDEX BOTH BASES: main fabric line 8 styles / 2 at 5%+ (the cell); anywhere in the panel 9 / 2 - the one-style gap is the unlabelled TRIM line. CATEGORY TABLE from the breadcrumb (styles: natural/synthetic/cellulosic/undisclosed) - T-shirts and tops 32:32/0/0/0, Denim 28:28/0/0/0, Shirts 26:24/0/2/0, Sweatshirts 25:23/2/0/0, Pants 22:18/2/1/1, Tailoring 19:18/0/0/1, Jackets 14:11/2/1/0, Knitwear 13:13/0/0/0, Leather 10:10/0/0/0, Coats 6:6/0/0/0, New 1:0/1/0/0. Every real category is natural-led; synthetic_categories is [] because the only synthetic-led bucket is a single item in a marketing 'NEW' node. At 93% natural this is the most one-cloth house of the five. COLOURWAY_RATIO 255/196 = 1.30. ALTERNATE DENOMINATOR: 3 further men's garments sit under marketing nodes (CELINE>NEW>MEN parka, CELINE>NEW>MEN patch teddy, CELINE HOLIDAYS>GIFTS FOR HIM teddy jacket) and are not in the men's RTW tree; adding them gives 199 styles, 186/7/4/2 = 93/4/2 with 1 undisclosed - the same row. LOCALE: 90 locale sitemap indexes x 3,035 = ~273,000 naive; kept en-us only. robots.txt is 23KB of per-locale Disallow lines addressed to named crawlers; it was read as provenance and no disallowed path was needed. No bot challenge at any point."
Givenchy,258,258,89,10,1,5,2,one,"[""swimwear""]","[""pants and shorts"", ""shirts"", ""bombers and blousons""]",product_code,317/258,11 locale sitemaps x 2283 = 25113 naive -> en-us only,not shopify,complete,https://www.givenchy.com/us/en-US/men/ready-to-wear/,"Salesforce Commerce Cloud. Composition is NOT c_materialComposition (the eleventh Salesforce house in a row where it is absent): it is a rendered <dd class=""composition-value""> under a <dt>Composition</dt>, e.g. '100% cotton. Lining: 100% cotton.' The JSON-LD 'material' string was checked against that rendered value on all 317 listings and is byte-identical on all 317 - so unlike Fendi it is not truncated and unlike Etro it is not a fabric-family word, but it was validated rather than trusted. Exactly ONE composition-value block per page, so no cross-product rendering. CENSUS: /sitemap.xml is an 11-locale index; sitemap-pages-en-us-1.xml = 2283 locs, of which 1281 are products (4 path segments ending <PID>.html) and 1002 are content pages. BOUNDING: the house's own category tree at /us/en-US/men/ready-to-wear/, which paginates with ?page=N. PAGINATION TRAP - ?page=N here is CUMULATIVE, not a window: page N returns pages 1..N (20 more each time), so page 1/2/3 give 20/40/60 with total overlap and a naive disjointness test reads as a John-Smedley-style repeat. Verified by the count ladder instead: it grows 20 per page to 317 at page 16, is still 317 at page 17, and COLLAPSES to 26 at page 18 (an out-of-range grid showing recommendations). Men's ready-to-wear = 317 listings. The men's and women's trees are disjoint and the product code is the house's own gender field: all 317 men's RTW pids are BM-prefixed and all 313 women's RTW pids are BW-prefixed, with ZERO style-stem overlap between them. RULING 7 therefore moves nothing - no unisex apparel exists here and the men's-exclusive denominator equals the row at 258. Other men's trees excluded: men's bags 46, men's shoes 54, men's accessories 103 (men's total 520). Women's site-wide 739. No children's or beauty tree on the US site. MAIN FABRIC LINE = the first '.'-delimited part, which is UNLABELLED on 317 of 317; every other part carries a label - Lining 69, Secondary material 30, Sleeves lining 10, Body lining 9, Filling 7, Complementary material 4, Pockets lining 2, Embroidery 1, Sleeves 1, Collar 2, 'Flling' 1 (the house's own typo). TWO PARSE FAULTS FOUND BY THE SUM CHECK, both invisible without it: one string reads '100% polyester.Body lining: 95% viscose' with NO SPACE after the period, and another reads '100% polyester. 100% cotton.' where the next part begins with a digit rather than a letter. A period-plus-space splitter fails the first and a period-before-letter splitter fails the second; both are needed, and with both the sum check is 0 of 258 outside 100 +/- 1 (it was 1 row at 200 before). One composition also writes elastane in FRENCH ('elasthanne') and an English-only fibre list drops it silently. NUMBERS: 317 listings -> 258 styles on the 10-char pid stem (the trailing 3 digits are the colour). 258 of 258 carry a composition (100%). natural 229, synthetic 25, cellulosic 4 = 88.76/9.69/1.55; largest remainder -> 89/10/1. TIES: ZERO on 258 styles; the last-listed resolution gives the identical row. SPANDEX BOTH BASES: main fabric line 5 styles / 2 at 5%+ (the cell); anywhere in the string 7 / 4 - the gap is elastane in linings and secondary materials. Givenchy is close to a no-stretch house. No named stretch without a percentage. CATEGORY TABLE from the house's own JSON-LD category (styles: natural/synthetic/cellulosic) - Pants & Shorts 68:60/7/1, Bombers & Blousons 44:35/7/2, Shirts 41:38/2/1, Coats & Jackets 36:30/6/0, T-Shirts & Polos 30:30/0/0, Sweatshirts 17:16/1/0, Sweaters 15:15/0/0, Swimwear 1:0/1/0, uncategorised 6:5/1/0. Swimwear is the only synthetic-led category and is excluded from the split verdict, so shape = one. COLOURWAY_RATIO 317/258 = 1.23. ALTERNATE DENOMINATOR: the sitemap holds 321 BM products, 4 more than the live PLP; all 4 return 200 with a composition, and adding them gives 261 styles, 232/25/4 = 89/10/1 - the same row. LOCALE: 11 locale sitemaps (de-de, en, en-de, en-es, en-gb, en-nl, en-us, fr-fr, it-it, ja-jp, zh-cn) = 11 x 2283 = 25,113 naive; kept en-us only. No bot challenge or WAF; ordinary loads throughout."
Gucci,375,340,72,12,7,66,32,one,"[""swimwear""]","[""denim"", ""t-shirts and polo shirts"", ""knitwear""]",product_code,449/375,56 per-market sitemaps in robots.txt -> /us/en only,not shopify,complete,https://www.gucci.com/us/en/sitemap/PRODUCT-en-0.xml,"Kering in-house Next.js App Router (flight/__next_f payload, no __NEXT_DATA__). WAF NOTE: gucci.com tears down the extension content script a few seconds after every page load, so each navigation yields exactly ONE in-page evaluation; all work was done by aggregating inside the page, persisting to localStorage across navigations, and reporting through document.title. No bot challenge was ever presented and nothing was solved or bypassed - every request returned 200 on an ordinary logged-out load. CENSUS: /us/en/sitemap.xml -> PRODUCT-en-0..4.xml = 1000+1000+1000+1000+146 = 4146 US product URLs (against the 4152 claimed). BOUNDING THE ROW - the house's own URL tree, which is a gender/division tree: pr/women 1708, pr/men 1082, pr/children 586, pr/jewelry-watches 411, pr/beauty 208, pr/decor-lifestyle 150, pr/gifts 1. Women's, children's, beauty, decor-lifestyle and jewellery-watches are excluded whole by that tree. Within pr/men (1082): ready-to-wear-for-men 449 (THE ROW), accessories-for-men 286, shoes-for-men 155, bags-for-men 94, wallets-and-small-accessories 88, travel 9, gucci-primavera 1 - so the row is men's CLOTHING, not men's-anything. UNISEX: zero. Not one of the 375 men's RTW style codes appears anywhere under pr/women, so ruling 7 moves nothing and the men's-exclusive denominator equals the unisex-inclusive one at 375. COMPOSITION: the PDP 'Details' accordion is a <ul> of bullets inside the flight payload (escaped \u003cli\u003e), one of which is 'Fabric: 100% Wool'. Only digit-%-bearing bullets were read, which keeps the Ralph-Lauren-style construction furniture out ('Muted Web detail', 'Rib trim', 'Made in Italy', 'Total length: 24""'). All 449 PDPs fetched, 0 errors, 210 DISTINCT composition strings - not furniture. Exactly one details block per page (8 pages carry two Fabric bullets and all 8 are two-piece sets labelled 'Jacket: Fabric' / 'Pants: Fabric'), so no NN07-style cross-product rendering. MAIN FABRIC LINE = the first bullet whose label ends in 'Fabric' (Fabric, Outer fabric, Jacket: Fabric, Pants: Fabric, Dress: Fabric, Men's Knitted Boxer Swimming Trunks: Fabric) or is 'Body'. Full label vocabulary is 30 labels: Fabric 389, Pocket lining 136, Embroidery 123, Lining 84, Trimming 83, Details 37, Inner fabric 16, Parts in knitted fabric 15, Sleeve lining 13, Padding (fiber) 12, Outer fabric 11, Filling 7, Application 5, Bonded textile backing 5, Non textile removable decoration 4, plus 15 more. Inner fabric, Parts in knitted fabric and Bonded textile backing are explicitly NOT main. THE LEATHER TRAP: 39 of 449 PDPs have no Fabric bullet at all, and on the leather pieces the only %-bearing bullets are LININGS - taking 'the first percentage on the page' would have filed leather biker jackets as 100% polyester or 75% acetate. Those pages were re-crawled for their non-% bullets: 6 carry 'Genuine leather: Lambskin' (a named material, no percentage) and are counted natural; the other 33 state nothing but a marketing phrase ('Black stretch nylon gabardine') and are counted UNDISCLOSED, because a description is not a composition. NUMBERS: 449 listings -> 375 styles on the 11-char code (6-char model + 5-char fabric code; the trailing 4 digits are the colour). 340 of 375 disclosed (90.7%) - natural 268, synthetic 44, cellulosic 28, undisclosed 35. 268/44/28/35 over 375 = 71.47/11.73/7.47/9.33; largest remainder (floors 71+11+7+9=98, remainders .467/.733/.467/.333, the two largest being synthetic then natural on the value tie-break) -> 72/12/7 with 9 undisclosed, summing to 100. SUM CHECK: 0 of 340 outside 100 +/- 1. TIES: 2, and on both the last-listed fibre is synthetic, so the other resolution moves 2 styles from natural/cellulosic to synthetic: 266/46/28 -> 71/12/8 with 9 undisclosed. SPANDEX BOTH BASES: main fabric line 66 styles / 32 at 5%+ (the cell); anywhere in the string 129 / 42 - the 63-style gap is elastane in Trimming, Pocket lining and Bonded textile backing. 32 of 66 at 5%+ is a real performance-stretch tail (the nylon gabardine and jersey programmes). CATEGORY TABLE (styles: natural/synthetic/cellulosic/undisclosed) - t-shirts & polos 61:46/4/6/5, knitwear 55:44/0/7/4, tracksuits & sweatshirts 54:23/10/8/13, denim 45:45/0/0/0, pants & shorts 42:34/6/2/0, outerwear 37:18/18/1/0, shirts 32:27/1/3/1, coats & jackets 15:11/3/0/1, formalwear 13:13/0/0/0, leather 11:7/0/0/4, swimwear 9:0/2/0/7, 1 stray trunk listing filed directly under ready-to-wear. SHAPE one: 268 of 340 disclosed are natural-led. Swimwear is the only synthetic-led category; OUTERWEAR IS A DEAD HEAT at 18 natural / 18 synthetic and is recorded here rather than in the cell. COLOURWAY_RATIO 449/375 = 1.20. ALTERNATE STYLE KEY on the bare 6-char model stem: 304 styles. PAGINATION: none used - the row is a sitemap census, not a paginated PLP, so the ?page trap cannot fire. The sitemap was cross-checked against the site's own category paths and every one of the 449 RTW URLs returned HTTP 200. LOCALE: robots.txt lists 56 per-market sitemap files and carries 32 Disallow lines; /us/en was used alone. Robots.txt was read as provenance; no disallowed path was needed. RESIDUAL RISK RECORDED: a style whose only fabric-like label were 'Inner fabric' would fall to undisclosed rather than being read; at most ~2 of the 35 undisclosed styles can be of that shape."
Balenciaga,338,338,86,14,0,11,2,one,[],"[""T-shirts"", ""Sweatshirts & hoodies"", ""Pants""]",product_code,338/338,13 locales -> en-us only,not shopify,complete,https://www.balenciaga.com/en-us/men/ready-to-wear,"Re-measured 13 Sep 2026. CONFIRMS the prior synthetic figure exactly - 46 majority-synthetic on the Main material line - but on a denominator of 338, not 337: every one of the 338 styles states a composition, so styles_with_composition is 338/338 and the '1 states no composition' does not reproduce. CHANNEL CORRECTION: the prior pass used Search-UpdateGrid?cgid=men_rtw&sz=400, which balenciaga.com/robots.txt disallows twice (Disallow: /on/demandware.store/* and Disallow: *cgid=*). Censused instead by loading the allowed page /en-us/men/ready-to-wear and clicking its own 'load more' 26 times (13 per page); that yields 338 tiles, 338 unique data-pid and 338 unique PDP paths, matching the storefront's '338 Products'. TRAP HANDLED AND CONFIRMED LIVE: all 338 of 338 PDPs mention Tencel and Ecovero (packaging/sustainability accordion); 0 of 338 have either in the composition. A whole-page read would score cellulosic 100%. Second trap found: the composition is NOT under a single 'Main material:' label - 19 styles use 'Main material 1:/2:', 'Material 1:', 'Fabric 1:' or an unlabelled bare line, so a literal 'Main material:' regex reports 19 false no-composition rows. Read the first line of the second .c-product__detailinfo list instead (the first list is feature bullets). Third trap: the per-product category id is not in the PDP server HTML - every PDP returns the same nav value men_rtw_tshirts (338/338), and data-gtmproduct returns 'Ready-To-Wear' for all 338. Categories here are therefore bucketed from the site's own product names, not from a site category id - flagged as the weakest cell in this row. TIE WARNING: 14 styles tie for highest share in the first composition, 12 of them '50% cotton, 50% polyamide'. Resolved to the first-listed fibre (cotton, natural). Resolved the other way, synthetic would be 58/338 (17%) not 46/338 (14%). cellulosic is 2 styles (0.6%, both 100% viscose t-shirts), which rounds to 0 in an integer cell. spandex counted across all composition parts (main material, trimming, lining, embroidery): 92 styles, 19 at >=5%. On the Main material line alone it is 11 and 2 - the gap is the 'Trimming: 99% cotton, 1% elastane' neck tape on most jersey styles. shape is 'one': every category with more than one style is natural-led, so synthetic_categories is []. colourway_ratio is genuinely 1.00 - colour is a dwvar variant inside one record. Non-Shopify (Salesforce Commerce Cloud). Over the 45-min box: ~70 min, mostly re-deriving an allowed census channel after the robots.txt finding and the extension failing after the first call per tab. || RESTATED 14 Sep on the rev3 rulings. Ruling 2 (main fabric line only) is what moved this row, and it is the largest single move in the pilot: spandex 92/19 anywhere -> 11/2 on the Main material line. The gap is almost entirely one string, 'Trimming: 99% cotton, 1% elastane' - a neck tape - repeated across the jersey range. Ruling 1: 14 styles tie for top share (12 of them 50% cotton / 50% polyamide) and stay natural on first-listed; the other resolution gives synthetic 58/338 (17%). Cellulosic is a true 0: 2 viscose-led styles = 0.59%, which rounds down. Ruling 5: 338 unique data-pid, no finish variants, ready-to-wear men's only."
McQueen,77,77,84,9,7,4,0,one,"[""puffer jackets"", ""windbreakers""]","[""t-shirts"", ""shirts"", ""jackets""]",product_code,83/77,76 locales x 677 products = 51452 naive -> en-us only,not shopify,complete,https://www.alexandermcqueen.com/en-us/sitemaps/0/sitemap-products.xml,"Kering in-house Next.js (pages router, buildId v12). Census: /en-us/sitemaps/0/sitemap-products.xml = 677 product URLs (the claimed 677) for the WHOLE site; all 677 PDPs fetched and parsed from the __NEXT_DATA__ script, 668 x HTTP 200 and 9 x 404 (stale sitemap entries, none men's). BOUNDED AGAINST WOMEN'S by the house's own two fields, which agree: categories.macroCategory and genderCode. macroCategory over the 668 live: men_ready_to_wear 83, men_shoes 39, men_accessories 64, women_ready_to_wear 234, women_accessories 110, women_bags 80, women_shoes 55, unset 3. genderCode maps 1:1 onto that tree - U (uomo) on all 167 men's-tree products, D (donna) on all 479 women's-tree products plus the 3 unset, E on 21 items that are ALL accessories (19 men's, 2 women's). RULING 7: E is the only unisex marker in the house and there is NOT ONE unisex garment - every E is a soft accessory - so unisex-inclusive and men's-exclusive denominators are identical at 77 and ruling 7 moves nothing here. Row = men_ready_to_wear only; shoes, bags, jewellery, sunglasses and other accessories excluded by the house's own macroCategory, not by path guessing. COMPOSITION FIELD: product.compliantComposition / compositionDetailsDisplay, e.g. 'Fabric: 97% Cotton, 3% Elastane, Details: 100% Cotton'. The sibling field product.compositions is a Kering part-coded string ('T  78% VISCOSE T  22% POLYESTERF 100% CUPRO FP 100% COTTON') concatenated with NO separator, and on several styles it is corrupted outright ('DT 100 BU 100% COTTON% ROCHIA NILOTICA') - it was used only as an independent cross-check (62 of 77 exact agreement on the T-part percentages, the 15 others artefacts of the check's own regex catching the T of 'DT'), never as the source. Hand-validated on rendered PDPs: /en-us/pr/harness-shirt-624753QPN449000.html renders 'Material: Fabric: 97% Cotton, 3% Elastane, Details: 100% Cotton', byte-identical to the field. MAIN FABRIC LINE = the 'Fabric:'/'Fabric 1:' segment, else the first segment when unlabelled. Label vocabulary over the whole 668: Fabric(110), Lining(45), Pocket Lining(24), Details(20), Trimming(17), Embroidery(7), Non Textile Embroidery(6), Genuine Leather(4), Sleeve Lining(4), Lamb Leather - lining(3), Fabric 1/2/3, Detail 1/2, Label, Buttons, Filling, Application Flock. LABEL-SPLIT TRAP: the labels are NOT reliably comma-separated - 'Genuine Leather: Calfskin Label: Calfskin Trimming: 45% Acrylic...' has none, so a comma-anchored splitter swept a 45% acrylic trim into the main line and manufactured a phantom tie. Split is on a label VOCABULARY, not on punctuation. SUM CHECK: 0 of 77 outside 100 +/- 1. NO-PERCENTAGE COMPOSITIONS: 6 of 77 state fibres without percentages - 'Calf Leather' x2, 'Lamb Leather', 'Calfskin', 'Polyamid', 'Viscose,  Polyester'. Counted as disclosed and classed on the first-listed fibre (the open spec question; same treatment as Ferragamo/Herno this pass). Excluding all 6 gives 71 styles, 59/6/5 = 83/8/7 - the same row. TIES: 1 (50% Cotton / 50% Viscose, a quilted jacket). First-listed wins -> cotton -> natural. The other resolution moves it to cellulosic: 64/7/6 = 83/9/8. SPANDEX BOTH BASES: main fabric line 4 styles / 0 at 5%+ (the cell); 'anywhere in the string' 7 / 0 - the 3-style gap is elastane in Trimming and Pocket Lining. No named-stretch-without-a-percentage anywhere. Every elastane in the range is 2-3%: comfort stretch, zero performance stretch. STYLE KEY: product.masterId (868819QRABU = 6-digit model + 5-char fabric code); the trailing 4 digits of the id are the colour. 83 listings -> 77 masterIds. Alternate key on the bare 6-digit numeric stem gives 75 styles and 63/8/4 = 84/11/5 - same shape. COLOURWAY_RATIO 83/77 = 1.08 and that is genuine, not a de-dup failure: swatches[] is empty and otherVariationsLabel null on every men's PDP, so this house publishes one record per colour and the current men's range simply runs about one colour per style. CATEGORY TABLE (styles: natural/synthetic/cellulosic) - jackets 12:11/0/1, shirts 15:13/0/2, t-shirts 15:13/2/0, trousers 12:11/0/1, jumpers 5:5/0/0, coats 4:2/2/0, shorts 3:1/1/1, denim jackets 2:2/0/0, leather jackets 2:2/0/0, puffer jackets 1:0/1/0, windbreaker 1:0/1/0, bomber 1:1/0/0, leathers 1:1/0/0, polo 1:1/0/0, jeans 1:1/0/0, long-sleeve shirts 1:1/0/0. SHAPE one: 65 of 77 natural, and the only synthetic-led categories are the single puffer and the single windbreaker. PAGINATION: the Algolia-backed PLP route /_next/data/v12/en-us/ca/<slug>.json?slug=...&page=N was verified disjoint - men/ready-to-wear page 0/1/2/3 returned 24/24/24/9 ids with zero overlap, union 81 = nbAlgoliaHits. It was used only to map the category tree; the row is built from the 677-URL sitemap crawl, which is a strict superset (category sweep found 668 of 668 live, 0 extra). ALTERNATE DENOMINATOR: men's clothing + men's shoes + men's accessories = 186 listings; that row would be dominated by leather and hardware and is not a clothing row. PROVENANCE: robots.txt carries 23 Disallow lines and lists 76 per-locale sitemap indexes; no disallowed path was needed. No bot challenge appeared at any point."
Maison Margiela,162,162,90,6,4,1,0,one,[],"[""jeans and trousers"", ""coats and jackets"", ""knitwear""]",product_code,187/162,24 locale sitemap indexes -> en-us only,not shopify,complete,https://www.maisonmargiela.com/en-us/maison-margiela/men/ready-to-wear/view-all/,"Salesforce Commerce Cloud (Sites-MargielaUS-Site), /en-us/ - /us does redirect to /en-us/ and robots.txt lists 24 per-locale sitemap indexes; only the en-us index was read (locale_dedup). MM6 IS EXCLUDED, and it is a real decision rather than a path guess: the house files MM6 as a separate label with its own top-level tree (/en-us/mm6/), its own cgid namespace (mm6-man-readytowear vs mm-man-readytowear), its own value on the house's OWN grid facet (brand=mm vs brand=mm6 on Search-ShowAjax) and its own JSON-LD brand name. CONFIRMED PER PRODUCT, the BOSS/HUGO test: of 380 PDPs crawled, all 189 Maison Margiela men's ready-to-wear records carry JSON-LD brand.name 'MM' and all 190 readable MM6 records carry 'MM6' - zero leakage in either direction. MM6 is NOT small here: its US men's ready-to-wear is 192 listings against Maison Margiela's 191, and it is a materially different cloth story, so merging it would have moved the row. ALTERNATE DENOMINATOR WITH MM6 INCLUDED: 322 styles, 319 with composition, 275/36/8 = 85/11/3, spandex 24 main-line and 12 at 5%+. MM6 alone: 160 styles, 157 with composition, 81/16/1, spandex 23/12 - MM6 is the stretch half of the house and Maison Margiela proper has almost none. ENUMERATION: the men's ready-to-wear PLP is capped and the page params are dead - ?sz=200, ?start=0&sz=200 and ?start=68&sz=68 all return the SAME 68 tiles and the byte-identical 1,730,943-character page, the BOSS/Herno/John Smedley shape. The working route is the house's own AJAX grid, Search-ShowAjax?cgid=mm-man-readytowear&brand=mm&start=N&sz=60. PAGE-2 CHECK: start=0 returns 59 ids and start=60 returns 119 ids of which 59 are page one's - it is CUMULATIVE, not disjoint, which was verified rather than assumed; the union is 190 distinct product URLs against the house's own printed count of 191. RECONCILED THREE WAYS and the sitemap LOSES: the en-us product sitemap holds 1,357 URLs but only 116 of the 190 live men's ready-to-wear URLs are in it - it is 74 short on this category alone (the Sandro/Theory fault). The five men's RTW subcategories (outerwear 51, jeans-and-trousers 60, knitwear 29, t-shirts 24, shirts 14 = 178) plus 12 view-all-only records reconcile to the same 190. SCOPE: men's ready-to-wear only. The house's other men's trees are bags 112, shoes 85, accessories 186, jewelry 35, fragrances 32 and are excluded. 3 tabi-sock listings (1 style) sit inside ready-to-wear and are dropped as a soft accessory, as socks were at Versace earlier in this pass; keeping them gives 163 styles, 146/10/7 = 90/6/4, i.e. no change to any cell. STYLE KEY: productGroupID is model(9) + fabric(6) + colour. style = model+fabric (15 chars): 187 non-sock listings -> 162 styles, and 0 of those 162 groups carry more than one composition. Model-only (9 chars) gives 151 groups but 4 of them mix different cloths, so it conflates fabrics. colourway_ratio 187/162. COMPOSITION - PAYLOAD BEFORE DOM, in its purest form. It is NOT c_materialComposition (that field has now appeared zero times across eleven Salesforce houses) and it is NOT IN THE RENDERED PAGE AT ALL: the PDP's Product Details accordion was opened by hand on two products and shows only an Item Code, and document.body.innerText contains no percentage anywhere. The composition lives ONLY in the JSON-LD ProductGroup block's material string, e.g. 'Primary Fabric: 100% Virgin Wool - Lining: 63% Acetate 37% Viscose-Rayon'. A DOM read would have filed this house as 0% disclosed. Because there is no rendered text to validate against, the field was validated instead by (a) its multi-part labelling, which rules out the Fendi truncation - Primary Fabric 187, Secondary Fabric 20, Lining 52, Pocket Lining 87, Half Lining 6, Sleeve Lining 6, Padding 6, Coating 2, Wadding 1, Application 2, Label 5 - and (b) the sum check, which 162 of 162 pass at 100 +/- 1. Parts are separated by ' - ' (space hyphen space, 196 occurrences, no en dash); 'Polyamide-Nylon' and 'Viscose-Rayon' contain unspaced hyphens and are not split. MAIN FABRIC LINE = the first ' - ' segment, whose label varies inside the house exactly as at Balenciaga: Primary Fabric 187, bare/unlabelled 164, Material 20, Fabric 1 5, Fabric 3. LANGUAGE AND ENCODING: ENGLISH, UTF-8, percent-first - but the house MIXES English fibre words with EU ABBREVIATION CODES on the same field, the Aspesi fault: CO 97, PL 25, WV 24, PA 12, SE 11, EA 8, WO 6, PC 5, VI 2, WS 2 plus one each of AC, PU, PBV and XAF. An English-word-only lexicon loses those rows silently. PBV is bovine leather (a 100% PBV biker jacket) and AC is acetate; both were resolved by opening the product rather than guessing, and 'Lamb Fur' appears as a bare named fibre on 2 shearling styles. MEN'S / WOMEN'S / UNISEX: men's ready-to-wear 190 listings, women's ready-to-wear 224; 13 of the 190 men's listings ALSO appear in the women's ready-to-wear tree - this house's unisex. Per ruling 7 they stay in. MEN'S-EXCLUSIVE ALTERNATE dropping all 13: 152 styles, 152 with composition, 136/9/7 = 89/6/5. CATEGORY TABLE (styles / natural-led / synthetic-led / cellulosic-led): jeans and trousers 53/47/4/2; coats and jackets 47/41/5/1; knitwear 26/23/1/2; t-shirts 20/20/0/0; shirts 16/14/0/2. No category is synthetic-led, so synthetic_categories is [] and shape is one - wool, cotton, leather and shearling. TIES: 1, a 50% Wool / 50% Alpaca. First-listed wins gives wool; the other resolution gives alpaca, both natural, so nothing moves at all. SPANDEX, BOTH BASES: main fabric line 1 style with any elastane and 0 at 5% or more (the cells). Anywhere-in-the-string 4 and 0 - the extra 3 are 2-3% elastane in linings and pocket bags. Maison Margiela proper is an almost stretch-free house; MM6, if merged, would put it at 24/12. POLYURETHANE READINGS: PU appears on the main fabric line of exactly 1 style, and it is '100% PU' - PU as the MAJORITY and the named face cloth (a faux-leather piece), which the ruling says does NOT count as elastane. So the strict reading and the PU-as-elastane reading are IDENTICAL here: 1 / 0 either way. That style is counted synthetic on main fibre. No minority-PU-in-a-blend case in the Maison Margiela men's range."
Rick Owens,639,639,85,9,6,70,23,one,[],"[""bottoms"", ""outerwear"", ""t-shirts and shirts""]",product_code,858/639,"single catalogue, /en-US/ (USD) only",1.1778654,complete,https://www.rickowens.eu/en-US/collections/mens-all/products.json,"Shopify (owenscorp.myshopify.com), read from www.rickowens.eu/en-US/ which the brand itself serves in USD (Shopify.currency.rate 1.1778654) - this is the brand's own store for the US, there is no rickowens.com storefront. CENSUS: /en-US/products.json?limit=250&page=N ran pages 1-11 full and page 12 returned zero; 2652 distinct product ids (the register's 2606 is stale by 46). Page 1 and page 2 ids asserted DISJOINT (250 vs 250, overlap 0) before the census was trusted. GENDER: taken from the house's own collections, not from the product code. mens-all = 1048 listings, womens-all = 1031, and the two sets are EXACTLY DISJOINT - overlap 0, so this house has ZERO unisex apparel and ruling 7 changes nothing here; the men's-exclusive alternate is the same 639. Cross-check: the line collections line-rick-owens-men (737) + line-drk-men (308) = 1045 agree with mens-all to within 4 in / 1 out. 668 of the 2652 records sit in neither gender tree (accessories 218, bags 103, jewelery 89, home 44, plus 177 archive clothing records) and are excluded. SCOPE: men's CLOTHING only - product_type in BOTTOMS, T-SHIRTS/SHIRTS, OUTERWEAR, KNITWEAR, SWEATSHIRTS/HOODIES, TOPS, DRESS, SWIMWEAR/UNDERWEAR = 858 listings; SHOES (175), ACCESSORIES (14) and BAGS (1) dropped. DRKSHDW IS INCLUDED: it is Rick Owens' own diffusion line, vendor string RICK OWENS on all 2652 records, sold inside the same men's tree (men-drkshdw sits under MEN), not a separate house. ALTERNATE DENOMINATOR excluding DRKSHDW (product codes beginning D): 442 styles, 442 with composition, 365 natural / 42 synthetic / 35 cellulosic = 83/9/8, spandex 56 main-line and 9 at 5%+. DRKSHDW is 197 of the 639. STYLE KEY: the product code is model_fabric_colour (RL01F2303_CWS_09, sku adds size). Style = model_fabric (first two segments): 858 listings -> 639 styles. Model-only (first segment) gives 425 but 109 of those groups carry MORE THAN ONE distinct main composition, so model-only conflates different cloths; model_fabric groups carry exactly ONE composition each (0 of 639 vary), which is why it is the key. colourway_ratio 858/639 = 1.34. COMPOSITION: English, UTF-8, inside body_html in the /products.json feed - no separate payload needed, and the PDP renders the same string. Format 'MATERIAL: 97% COTTON + 3% ELASTANE<br>BODY LINING ...<br>POCKETS LINING ...'. Percent-first throughout. The MAIN FABRIC LINE is the FIRST <br> segment after MATERIAL:, which is bare (unlabelled) on 854 of 858; the other 4 are labelled BODY / FRONT / FRONT AND SLEEVES. Every later segment is a named part (POCKETS LINING 105, BUTTONS 78, BAND 66, SLEEVES LINING 43, LINING 30, PADDING 27, INSIDE POCKETS 25, ...) and none of them is counted. The <br> split trap fired in reverse here: a '+' is used BOTH as the separator between fibres AND between two whole cloths on one line (RL02F4731_WTDPCV reads '80% VIRGIN WOOL 20% LINEN + 70% POLYURETHANE 30% COTTON' = 120%), so the main line is cut at the first point where the running total reaches 100 - first cloth wins, wool. 639 of 639 sum to 100 +/- 1 after that fix except 4 styles (RR02F4913_PCVS, RL02F4732_PCVS, RR02F4713_PCVS, RR02F4716_PCVS) whose own PDP literally says 'MATERIAL: 30% COTTON' and stops - verified by hand against the live PDP, so it is the house's data that is short, not the parser; they are counted as cotton/natural. CATEGORY TABLE (styles / natural-led / synthetic-led / cellulosic-led): BOTTOMS 244/208/19/17; OUTERWEAR 155/121/31/3; T-SHIRTS-SHIRTS 132/112/1/19; KNITWEAR 59/58/0/1; SWEATSHIRTS-HOODIES 35/33/1/1; DRESS 5/3/2/0; SWIMWEAR-UNDERWEAR 5/4/1/0; TOPS 4/3/0/1. No category is synthetic-led, so synthetic_categories is [] and shape is 'one' - a natural-cloth house (cotton, wool, cashmere, alpaca, leather, silk, ramie; natural includes leather and shearling, which lead 14 outerwear styles). TIES: 1 (a 50/50 cotton-polyamide); first-listed wins gives natural, the other resolution moves it to synthetic (542/55 -> 541/56), which does not move any rounded percentage. SPANDEX, BOTH BASES: main fabric line 70 styles with any elastane and 23 at 5%+ (the cell). The looser anywhere-in-the-string reading is 164 and 32 - the 94-style gap is 97%COTTON/3%ELASTANE lining and rib lines, exactly the Diesel shape. ELASTOMULTIESTER is counted as elastane (boot lexicon; it appears on 8 DRKSHDW denim styles as '91% COTTON + 6% ELASTOMULTIESTER + 3% RUBBER' and is what puts them in the 5%+ bucket) - open question in the spec, flagged. POLYURETHANE READING: PU appears on the main fabric line of 10 styles and LEADS none of them; all 10 are '97% NYLON + 3% POLYURETHANE' coated shells, i.e. minority PU inside a percentage composition on the main cloth. Counting PU as elastane per the ruling: spandex_styles 70 -> 80, spandex_high_styles 23 -> 23 (none of the PU styles is at 5%+). The strict reading (70/23) is what the cells carry; both are stated here. No PU-majority / faux-leather face cloth on the men's main line, so the Purple/Kith exclusion never fires. LOCALE: one catalogue with locale path prefixes; /en-US/ only, no per-locale duplicate records in the feed."
Yohji Yamamoto,897,886,74,5,20,0,0,one,[],"[""pants"", ""cut and sewn"", ""jackets""]",product_code,1082/897,"one catalogue, single locale (Shopify.locale en)",1.0,complete,https://theshopyohjiyamamoto.com/products.json?limit=250&page=1,"Shopify (theshopyohjiyamamotocom.myshopify.com), Shopify.currency active USD at rate 1.0, locale en. CENSUS: /products.json?limit=250&page=N ran 36 full pages and page 37 returned zero = 8919 distinct ids (register 8918). PAGE-2 DISJOINTNESS ASSERTED: page1 250 vs page2 250, overlap 0. HOW THE 8919 WAS BOUNDED DOWN TO YOHJI YAMAMOTO MEN'S - the BOSS/HUGO template, using the house's own brand facet. The Shopify VENDOR field is that facet and it PARTITIONS THE CATALOGUE EXACTLY: 21 labels summing to 8919 with no residue - Y's 2654, Yohji Yamamoto POUR HOMME 1348, LIMI feu 1092, S'YTE 722, Yohji Yamamoto 676, Ground Y 627, Y's for men 441, Y's for living 309, Yohji Yamamoto collections 228, Y's.... 201, REGULATION Yohji Yamamoto 198, discord Yohji Yamamoto 191, GOTHIC YOHJI YAMAMOTO 65, power of the WHITE shirt 61, Novelty Gift 36, Yohji Yamamoto by RIEFE men 19, Yohji Yamamoto MAISON 17, Yohji Yamamoto by RIEFE 15, OTHERS 12, Yohji Yamamoto Collections 6, Yohji Yamamoto by RIEFE women 1. Confirmed independently against the house's own line collections, which have numeric handles (/collections/60 = Yohji Yamamoto POUR HOMME, 71 = Yohji Yamamoto, 70 = +NOIR, 74 = MAISON, 62 = B Yohji Yamamoto, 61 = BLACK Scandal, 63 = GOTHIC, 50 = discord, 73 = by RIEFE, 10 = S'YTE, 20/21/23 = Ground Y, 30/31 = Y's and Y's...., 65 = Y's for men, 80 = LIMI feu) and against the PDP breadcrumb, whose line level links to exactly that numeric collection. THE ROW TAKES the signature Yohji Yamamoto label: vendors 'Yohji Yamamoto POUR HOMME', 'Yohji Yamamoto', 'Yohji Yamamoto collections'/'Collections' and 'Yohji Yamamoto MAISON'. EXCLUDED as separately-named group lines: Y's, Y's for men, Y's for living, Y's...., LIMI feu, S'YTE, Ground Y, power of the WHITE shirt, discord Yohji Yamamoto, REGULATION Yohji Yamamoto, GOTHIC YOHJI YAMAMOTO, Yohji Yamamoto by RIEFE, Novelty Gift, OTHERS. Y-3 is not on this store at all. GENDER: the house's own men / women / unisex TAGS; unisex is exactly the intersection of men and women on every vendor, so the men tag already carries unisex and ruling 7 needs no extra work. Signature-label men-tagged = 1340 listings. SCOPE: clothing only, taken from the product code letter, which is the house's own category code and was validated against its own category collections (b=shirt 258 of 259, j=jackets, t=cut-and-sewn 160 of 219, y=blousons, p=pants, c=coats, k=knitwear, d=dresses, v=vests, s=skirts vs a=accessories/wallets/jewelry, e=shoes, f=belts, g=eyewear, h=hats, i=bags, l=scarves, m=socks, n=ties, q=suspenders, w=gloves, z=books). The category COLLECTIONS alone were NOT usable as the scope boundary: 424 of 1305 POUR HOMME men's records sit in no category collection at all (they are plainly coats, cardigans and knits), so the collections are a curated view and the code letter is the real field. Men's clothing = 1082 listings -> 897 styles on the handle stem (colour is the trailing index; 1082 handles collapse to 897 stems, close to the 1024 distinct titles). colourway_ratio 1082/897. ALTERNATE DENOMINATORS: POUR HOMME vendor alone 892 styles, 881 with composition, same 74/5/20; the widest reading that admits every vendor carrying the Yohji Yamamoto name (adds REGULATION, GOTHIC, discord, by RIEFE) only reaches 898 styles, because those lines' men's product is almost entirely accessories; men's-EXCLUSIVE (dropping the 10 unisex styles) 887 styles, 876 with composition, again 74/5/20. All four readings agree to the integer, which is the strongest evidence the bound is right. COMPOSITION: ENGLISH in UTF-8, percent-FIRST - checked, not assumed. No katakana, no EUC-JP, no full-width percent sign on this storefront (unlike sacai's English pages, which do use the full-width form). It is NOT in the feed: only 295 of 8919 body_html fields contain a percentage. It is server-rendered into the PDP's Details accordion as div.js_tggleItem_body > p.item_comment_description_, with a <br> PER FIBRE LINE AND PER PART LABEL, e.g. 'Main<br>100% Cotton<br>Parts<br>98% Cotton<br>2% Polyurethane'. All 1082 men's clothing PDPs crawled same-origin at concurrency 6: 1082 of 1082 HTTP 200, 0 errors. TWO TRAPS HERE. First, the same accordion contains the marketing description, which itself quotes percentages ('Made from 100% cotton fleece fabric') - a Ralph-Lauren-style furniture trap that would have been read as the composition on 88 styles; the composition block is identified structurally (every <br> token is either a percent-fibre pair or a short part label) rather than by position. Second, part labels Main / Parts / PT1 / PT2 / Liner / Base / Pile / Sole appear inline; only the Main block is counted (Base for a base-and-pile cloth), and PT1/PT2 were the only two rows outside 100 +/- 1 until they were added to the label set - after that 0 of 886 fail the sum check. 886 of 897 styles carry a composition (98.8%); 1 states a named fibre with no percentage (Horse Leather / Cow Leather / Deer Skin / Sheep Skin / Goat Skin / Water Buffalo appear as bare named fibres, mostly on Parts lines). CATEGORY TABLE (styles / natural-led / synthetic-led / cellulosic-led / no composition): pants 221/167/6/48/0; shirts 201/110/10/81/0; jackets 180/136/7/33/4; cut and sewn 161/147/10/2/2; knitwear 52/49/1/2/0; blousons 26/18/3/1/4; coats 24/22/0/1/1; vests 20/11/4/5/0; dresses 8/4/0/4/0; skirts 4/2/0/2/0. No category is synthetic-led, so synthetic_categories is [] and shape is one - a cotton/wool house with an unusually large cellulosic tail (20%: triacetate 71 leads, then the house's own 'Cellulose' label 60, viscose 26, cupro 15, rayon 7), which is a real Japanese-mill signature and not a parse artefact. TIES: 9, all resolved first-listed-wins and all 9 first-listed natural - two 50% Cotton/50% Polyester, four 50% Cotton/50% Wool (or Wool/Cotton), two 50% Cotton/50% Viscose. The other resolution (last-listed wins) moves 2 to synthetic and 2 to cellulosic and leaves 5 natural: 666/41/179 becomes 662/43/181, which still rounds to 74/5/20 - no cell moves. SPANDEX, BOTH BASES AND BOTH POLYURETHANE READINGS - THIS HOUSE ESSENTIALLY NEVER WRITES ELASTANE, like sacai and Hiroshi Kato. 'Elastane'/'spandex'/'lycra' appears on 1 style in 897. Strict: main fabric line 0 with any elastane and 0 at 5%+ (the cells); anywhere-in-string 1 and 1. Counting PU inside a percentage composition on the main cloth as elastane: main line 8 with any and 2 at 5%+; anywhere-in-string 13 and 4. The 8 are minority PU in a woven blend ('87% Wool + 12% Polyamide + 1% Polyurethane', '51% Cotton + 48% Lyocell + 1% polyurethane'), with one '91% Polyester + 9% Polyurethane' coated shell where PU is still the minority. No PU-majority, named face cloth, membrane or coating case, so the Purple / Kith exclusion never fires. LOCALE: one catalogue, Shopify.locale 'en', no per-locale duplicate product records in the feed."
Junya Watanabe,NC,NC,NC,NC,NC,NC,NC,NC,NC,NC,NC,NC,NC,not shopify,partial,https://www.comme-des-garcons.com/junyawatanabeman.html,"NO FIRST-PARTY STORE EXISTS. Confirmed in 15 minutes, four ways, and the row is NC on purpose rather than measured off a stockist. (1) The only first-party Junya Watanabe page is the line page on the Comme des Garcons portal, www.comme-des-garcons.com/junyawatanabeman.html. It is a lookbook: document.body.innerText is 33 characters ('1 2 3 4 5 6 7 2027SS COLLECTION'), it holds 8 links and all 8 are portal navigation (index / hommeplus / junyawatanabeman / shirt / stores / subscribe / recruitment) plus one to junyawatanabeman-video.html. There is no cart, no price, no size selector, no product URL and no composition anywhere on it. (2) The CDG portal is a static brochure with no commerce layer at all: /robots.txt and /sitemap.xml both return HTTP 404 serving the 5,122-byte homepage, and shop.comme-des-garcons.com 301s to the same brochure homepage - CDG runs no first-party e-commerce under its own name. (3) There is no Junya Watanabe domain. www.junyawatanabe.com resolves to a ParkLogic/Afternic parking page offering the domain for sale ('The domain junyawatanabe.com is for sale'), and www.junyawatanabeman.com does not resolve at all (DNS NXDOMAIN). (4) The one CDG-owned channel that does sell the line is Dover Street Market (shop.doverstreetmarket.com, Shopify dsm-london.myshopify.com): /collections/junya-watanabe returns 49 products under vendor 'Junya Watanabe' and /collections/comme-des-garcons-junya-watanabe-man returns 55 under vendors 'Junya Watanabe MAN' and 'Jw Man', 53 of the 55 carrying a percentage composition in body_html. DSM is owned by Comme des Garcons, but it is a MULTI-BRAND RETAILER carrying hundreds of other houses - the product pages are DSM's copy, not Junya Watanabe's, and 55 in-season listings are a shop's buy, not the brand's range. Under the spec's 'never a stockist' that channel is out of bounds, and it would in any case be an approximation rather than a denominator. Handled exactly as Sugar Cane was earlier in this pass. Nothing about the fibre mix is reported here because nothing first-party was available to read: every numeric cell is NC, not zero. Ruling 7 never arises - there is no catalogue to split by gender."
Sacai,90,90,80,17,3,0,0,one,[],"[""blousons and jackets"", ""pants and shorts"", ""hoodies and sweatshirts""]",product_code,168/90,"one catalogue, /en/ (English) only",0.00667,complete,https://www.sacai.jp/en/collections/men-clothing/products.json,"Shopify (sacai-jp.myshopify.com) on www.sacai.jp; /en/ is the English storefront on the SAME domain and the same catalogue - Shopify.currency active USD, rate 0.00667 (the base currency is JPY). CENSUS: /en/products.json?limit=250&page=N gave 250+250+63, page 4 zero = 563 distinct ids, matching the register exactly. PAGE-2 DISJOINTNESS ASSERTED: page1 250 ids vs page2 250 ids, overlap 0. GENDER, from the house's own collections: all-men 171 records, all-women 339, OVERLAP EXACTLY 0 - no unisex tag and no shared product, so ruling 7 is inert and the men's-exclusive alternate is the same 90 styles. men-clothing 168 listings (a strict subset of all-men), women-clothing 282. 53 records sit in neither gender tree; 15 of those are clothing and all 15 are the Robert Mapplethorpe collaboration capsule, which the house files under no gender at all (its JSON-LD breadcrumb is Home > product, and it is absent from both trees). ALTERNATE DENOMINATOR admitting that genderless capsule as unisex: 97 styles, 97 with composition, 79/15/3 = 81/16/3, spandex still 0/0. The cells carry the house's own men's tree. SCOPE: men's clothing only - Blousons & Jackets, Pants & Shorts, T-shirts, Shirts, Pullovers, Hoodies & Sweatshirts, Cardigans, Outerwears = 168 listings. Men's bags, wallets, pouches, hats, socks, shoes and the ANYBODY accessories line are excluded. STYLE KEY: the product code is season-model-colour (26-01182s-001) and lives in the handle suffix; style = season-model. 168 listings -> 90 styles, colourway_ratio 168/90 = 1.87. 6 of the 90 stems carry TWO different cloths under different colour codes (e.g. 26-04158m is WOOL 100% in -301 and POLYESTER 70% WOOL 30% in -001); the stem rule collapses them and the first listing's cloth is taken. Listing-level alternate (no collapse): 168 records, 140/25/3 = 83/15/2. COMPOSITION: NOT in the feed. body_html carries only a garment-wash care note and 0 of 563 records contain a percentage. It lives in a Shopify metafield rendered into the MATERIALS accordion on the PDP (span.metafield-multi_line_text_field), so all 221 relevant PDPs were crawled same-origin at concurrency 4 - 221 of 221 returned HTTP 200, 0 errors. Language ENGLISH in UTF-8 even though this is a Japanese house (product_type and labels are English; the only Japanese on the page is the care note in body_html) - BUT the percent sign is mixed half-width % and FULL-WIDTH PERCENT, so the parser normalises the full-width form before reading; a %-only regex would have dropped those rows silently, the Ring Jacket fault. Percentages follow the fibre here (COTTON 100%, POLYESTER 70% WOOL 30%), not precede it - the order was detected and parsed once, not both ways. MAIN FABRIC LINE: parts are <br>-separated and labelled OUTER (187) / BODY (22) / Outer (3), then LINER (74), PARTS1/PARTS2/PARTS3/PARTS (177 combined), FILLING (44), LINING, CARD POCKET LINING, METAL PARTS. Only the OUTER/BODY line is counted. 90 of 90 men's clothing styles carry one; 0 sum outside 100 +/- 1. 2 of the 90 state a fibre NAME with no percentage on the main line (OUTER:COWHIDE on leather blousons) - counted as natural, the open 'named fibre, no percentage' case the pass has hit at Ferragamo and Herno. CATEGORY TABLE (styles / natural-led / synthetic-led / cellulosic-led): Blousons & Jackets 33/26/6/1; Pants & Shorts 31/23/7/1; Shirts 6/3/2/1; T-shirts 6/6/0/0; Hoodies & Sweatshirts 6/6/0/0; Pullovers 4/4/0/0; Cardigans 2/2/0/0; Outerwears 2/2/0/0. No category is synthetic-led, so synthetic_categories is [] and shape is one. TIES: 0 - there is no 50/50 main line in the men's range, so the tie ruling never fires and the alternate resolution is identical. SPANDEX, BOTH BASES AND BOTH POLYURETHANE READINGS - THIS HOUSE NEVER WRITES ELASTANE. The word elastane/spandex/lycra appears ZERO times anywhere in the 221 crawled compositions; sacai states POLYURETHANE instead, the Hiroshi Kato shape. Strict elastane: main line 0 and 0 at 5%+, anywhere-in-string 0 and 0. Counting PU inside a percentage composition as elastane: PU appears on the MAIN fabric line of 0 of 90 men's styles, so the cell is 0/0 under both readings; on the anywhere-in-string basis 21 of 90 styles carry PU (all in PARTS or LINER lines, all at 3-5%) and 0 reach 5% on that line. No PU-majority, face-cloth, membrane or coating case in the men's range. LOCALE: one catalogue, /en/ English path on www.sacai.jp; the /ja/ path is the same product ids, no per-locale duplicate records in the feed."
Casablanca,155,155,79,12,9,17,0,one,"[""SWIMWEAR""]","[""KNITWEAR"",""JERSEY"",""T-SHIRTS""]",handle,258/155,none,1.1778654,complete,https://casablancaparis.com/products.json,"Shopify, one store (window.Shopify.shop=casablancaparis.myshopify.com), www->apex->/en-us. Census /products.json?limit=250&page=N to the zero page: 250+250+118, page 4 zero, 618 unique ids == the 618 claimed; page-disjointness verified by comparing leading ids per page AND by unique-id count equalling records read. Men's row bound by the HOUSE'S OWN COLLECTIONS, not tags: tags are unusable here (24 records carry no gender tag, 23 carry MENS and WOMENS together, ~40 seasonal gender variants). /collections.json = 107, of which 29 mens-*, 1 unisex, 30 womens-*. Men's collections minus the four footwear ones (shoes 39, sneakers 26, slides 11, mules-loafers 2) = 258 listings. RULING 7 applied - the unisex collection (79) was not excluded; 6 of it are already in men's, 63 are accessories/jewellery/bags/eyewear, 2 kids', and the only 2 net clothing additions are the Casa x Kaspia CAPS, which then come out on SCOPE (headwear, not clothing). Net: the unisex-inclusive and men's-exclusive denominators are IDENTICAL at 258 listings / 155 styles; ruling 7 moves nothing here. Composition lives in body_html and is a MULTI-LABEL house like Balenciaga: 16 labels over the feed, and the picked line is UNLABELLED on 221 of 258 - a literal /Composition:/ regex returns 64 of 618 and files the rest undisclosed. Parser is positive per ruling 2: first %-line that is unlabelled or labelled composition/main/fabric/shell/body, never lining/contrast/upper/sole/embroidery/applique/trim. 258/258 disclosed, all summing to 100+/-1, zero parse failures. Hand-validated on the rendered PDP m-sp26-sh-085-02: page shows '81% cotton 17% polyamide 2% elastane' then 'Contrast: 100% polyester'; parser took the body line. SPANDEX BOTH BASES: main fabric line 17 / 0 at 5%+ (the cell); anywhere-in-string 20 / 2 - the gap is a 5% elastane lining and a 5% elastane contrast rib. Every main-line elastane is 1-3%, a pure comfort-stretch house. Named stretch with no percentage: zero. TIES: ZERO on 155 styles, so the last-listed resolution returns the identical 122/19/14. Style = handle truncated at the -NNN-CC- colourway code (options are Size only, colour is a separate product record), 256 of 258 match, 39 stems carry >1 colourway. CATEGORY TABLE (styles nat/syn/cel): Knitwear 47 43/0/4, Jersey 23 21/1/1, T-shirts 17 17/0/0, Apres Sport 14 8/5/1, Outerwear 14 6/6/2, Shirts 13 8/0/5, Trousers 8 7/1/0, Shorts 6 5/0/1, Swimwear 6 0/6/0, Denim 4 4/0/0, Hoodies 2 2/0/0, Tailoring 1 1/0/0. Outerwear is a 6/6 DEAD HEAT and is deliberately not listed as synthetic-led. shape=one: with swim excluded from the split verdict the house is 122 natural of 149. ALTERNATE DENOMINATORS: raw listings 217/26/15 = 84/10/6 (natural styles carry more colourways, which is why the cell is on styles); full 618-record feed all genders 405/89/36/15 unknown/73 with no %-line = 66/14/6/14 undisclosed."
Jacquemus,225,224,89,6,4,20,9,one,"[""swim""]","[""t-shirts"",""shirts"",""trousers""]",product_code,411/225,"root sitemap_index lists en_fr only; used /en_us/sitemap_index.xml, en_us only",not shopify,complete,https://www.jacquemus.com/en_us/ready-to-wear-all-men,"SFCC site JacquemusUS. THE BRIEF'S SITEMAP WARNING CONFIRMED: the root /sitemap_index.xml lists only en_fr product files; the US index is /en_us/sitemap_index.xml -> /en_us/sitemap_0-product.xml = 915 locs. Reading the root would have filed the FRENCH catalogue as the US row. THE SITEMAP IS BADLY SHORT, so the census is the house's own PLP: /en_us/ready-to-wear-all-men declares '413 results'; ?page=2 returns page one's SAME 33 tiles (the John Smedley fault) while ?start=33&sz=33 moves the window and ?sz=600 renders 422 distinct product URLs in one request (?start=200 and ?start=400 return only URLs already inside those 422). Only 189 of the 422 appear anywhere in the 915-entry product sitemap. 11 of the 422 are not products (legal-*, plp-*, collections-*, explore/*, savoir-faire/*) -> 411 listings. All 422 fetched SEQUENTIALLY, 422/422 HTTP 200. WAF: a 4-way concurrent crawl of the 915 sitemap URLs got 242 pages and was then soft-blocked with 673 consecutive 403s whose body is an 11KB 'Site en cours de maintenance' page - rate limiting, not a bot challenge (nothing to solve, no CAPTCHA), and it cleared on its own; sequential at 1.3s never triggered it again. The SFCC Search-UpdateGrid controller returns a separate 103-byte 403 and is unusable. COMPOSITION has no c_ attribute anywhere; it is rendered markup, div.productDetail__detailsPanel__productInfo.composition with ONE <div> PER FIBRE and a leading '- ' on each fibre after the first - the Boglioli/Boggi fault, where a first-child read returns '96% Merino wool' and the house looks like it hides its polyamide. PART SPLIT caught by the sum check: a whole-container parse put 126 of 411 rows at ~200%. Parts are separated by ' / ' with the second labelled Lining: (123 rows), Trims: (1) and Linen: (1 - the house's TYPO for Lining, which a fibre-word reader would score as linen). Ruling 2 takes the part before the first label. After the split only 2 of 405 are outside 100+/-1 and both are the house's own incomplete strings ('80% Virgin wool' sums to 80, '53% Polyester - 42% Virgin wool' sums to 95); read by hand, leading fibre unambiguous, counted and flagged. Hand-validated on the rendered PDP the-palmier-jacket/JAM00116AW008931RH: the element has seven child divs ('33% Virgin wool','- 27% Linen','- 22% Cotton','- 16% Polyamide','- 2% Elastane','/ Lining: 52% Viscose','- 48% Cotton') and the extractor returns the first five. PAPER: four styles are '57% Paper - 43% Polyester' (real paper yarn) and paper is in none of the three lists; counted CELLULOSIC as processed wood cellulose. Counting it natural instead gives 91/6/2/1. TIES: ZERO on 225 styles; last-listed gives the identical row. SPANDEX BOTH BASES: main fabric line 20 styles, 9 at 5%+ (the cell); anywhere-in-string 22 and 10 - the gap is small because the linings are viscose/cotton/acetate. Named stretch with no percentage: zero. Style = the house's code stem <2-letter class><1-letter gender><5-digit serial> (CDM00586AK00276130 -> CDM00586), legacy numeric codes cut at the first dash; 411 -> 225. The gender letter is real: there is a DRW and an SKW and no DRM or SKM anywhere in the catalogue. CATEGORY TABLE (styles nat/syn/cel/undisclosed): t-shirts 41 38/0/2/1, shirts 34 32/0/2/0, legacy-numeric 30 26/3/1/0, trousers 24 23/1/0/0, outerwear 21 15/6/0/0, sweaters 14 14/0/0/0, shorts 12 11/0/1/0, hoodies 10 10/0/0/0, cardigans 9 9/0/0/0, jackets 8 6/2/0/0, polos 8 6/0/2/0, sweatshirts 7 7/0/0/0, tops 4 3/0/1/0, swim 2 0/2/0/0, coats 1. Swim is the only synthetic-led category (outerwear, the next candidate, is 15 natural to 6 synthetic); shape=one, 201 natural of 223 once swim is excluded from the verdict. SPLIT: 411 listings all in the house's own men's ready-to-wear; 22 styles carry the U (unisex) gender letter, 0 women's. RULING 7 keeps them and ALL 22 ARE NATURAL, so the men's-exclusive alternate is 203 styles at 88/7/4/1 - ruling 7 moves the natural figure one point. ALTERNATE DENOMINATORS: men's-exclusive 203 styles 88/7/4/1; listings basis 411 records 360/27/18/6 = 88/7/4/1; paper-as-natural 91/6/2/1; the 915-entry sitemap is not a usable denominator (it holds 189 of the 422)."
Prada,334,297,64,24,1,34,25,split,"[""GIUBBOTTI (jackets)"",""PIUMINI (down jackets)"",""COSTUMI DA BAGNO (swimwear)""]","[""MAGLIERIA (knitwear)"",""CAMICIE (shirts)"",""PANTALONI (trousers)""]",product_code,583/334,63 locale product sitemaps -> US/en only,not shopify,complete,https://www.prada.com/sitemap_product_US_en_0.xml,"AEM over SAP Commerce. /us/en/sitemap.xml is content-only as briefed; the census is at the APEX: robots.txt lists /sitemap_index_0.xml = 63 per-market PRODUCT sitemaps, and /sitemap_product_US_en_0.xml = 5,982 locs, 5,982 unique - exactly the 5,982 claimed. THE CHANNEL THE STOREFRONT CALLS: PLP ?page/?start/?pageSize all return HTTP 200 with page one's same 24 codes (verified on first and last code). Hooking fetch/XHR and clicking Show more exposes (a) AEM /c/<id>/page/N.model.json and (b) the Algolia index PLP_COLOR_PRADA_Online_US, configured in the subcategory .model.json. That index is one record per COLOUR, 5,379 live, with the house's own Gender, Categories, CommodityClass and Model.Code facets. BOUNDING: Gender Man 1,827 / Woman 3,870 sum to 5,697 over 5,379 hits, so 318 records are dual-gender = the house's unisex; RULING 7 keeps them (the filter is Gender contains Man). Clothing = Categories 10130US (Mens/Ready to wear, 548) minus ties 18, socks 5 and ACCESSORI RTW 3, plus 61 clothing records filed outside it (Timecapsule shirts 19, Linea Rossa ski jackets 17, sweatshirts 8, trousers 7, knitwear 6, down 4) = 583 colour records / 334 styles. LINEA ROSSA is INCLUDED: its men's 125 records are only 46 clothing (rest shoes 37, sunglasses 28, perfume 9), and the 38 clothing records not already in RTW are in the row. NOT included: SPORT 21 (golf bags, yoga mats, basketballs) and VARIE MAGLIERIA 15 (balaclavas, ski masks, dickeys) - clothing-sounding class names over non-clothing. Children's and beauty never enter. SPLIT: 576 men's-only, 0 women's, 7 unisex listings (1 style); men's-exclusive alternate = 333 styles and the identical row. THE ETRO TRAP IS LIVE: index Material.en_GB is a fabric NAME ('Cashmere F.12 Light', 'Re-Nylon'), MaterialGroup one word, MaterialDescription null - it parses cleanly into a wrong answer and is NOT used. The real composition is the PDP's single labelled line 'Main material: 42% wool, 27% polyester, 26% viscose, 5% elastane'. All 583 PDPs fetched, 583/583 HTTP 200. Label survey over 583 pages: 'Main material' is the ONLY labelled percentage line (526 pages); there is no Lining/Trim/second part anywhere. Cross-checked against the independent kl-variant-material attribute: BYTE-EQUAL on 526/526 where both exist, which rules out Fendi-style truncation. On the 57 pages with no Main material line that attribute falls back to a family word (Lambskin 28, Nylon 13, Cotton 9) - trusting it would have filed 57 fabric families as compositions. UNDISCLOSED IS REAL: the Materials accordion was expanded in the browser on SC826M and is EMPTY. 30 of the 37 undisclosed styles are CAPI IN PELLE (leather garments). Hand-validated on the rendered PDP SGD256_6169_F0308: the Materials panel shows that exact 42/27/26/5 string and nothing else. 58 distinct composition strings over 526 pages, so not furniture. All 526 sum to 100+/-1. Prada is percent-first but NOT share-sorted ('5% Elastane, 60% Polyamide, 35% Polyester' is a real string), so the main fibre is the maximum and first-listed is used only at a tie. TIES: exactly one, SC551 '50% Cashmere 50% Virgin Wool'; both halves are natural so last-listed gives the identical row. SPANDEX BOTH BASES: main fabric line 34 styles, 25 at 5%+; the anywhere-in-string reading is IDENTICAL at 34/25 because the house publishes exactly one composition line and no lining or trim line exists to inflate it. Named stretch with no percentage: zero. 25 of 34 at 5%+ makes this performance stretch, not comfort stretch. CATEGORY TABLE (styles nat/syn/cel/undisclosed): Maglieria 63 57/4/0/2, Giubbotti 53 17/34/0/2, Camicie 53 38/13/1/1, Pantaloni 39 30/8/0/1, Capi in pelle 30 0/0/0/30, Felpe 28 15/9/3/1, Jersey 28 28/0/0/0, Piumini 11 2/9/0/0, Soprabiti 9 9/0/0/0, Giacche 6 6/0/0/0, Costumi da bagno 6 2/4/0/0, Abiti 5 5/0/0/0, Pigiami/Slip/Vestaglie 1 each. shape=split: technical outerwear (34 of 53 jackets, 9 of 11 down jackets - Re-Nylon, Extreme-Tex) against natural knitwear, jersey, shirting and tailoring (183 natural of 203), with swim excluded from the verdict. ALTERNATE DENOMINATORS: filling the 37 undisclosed styles with the house's own fabric-family word gives 241/86/4 = 72/26/1/1 (leather is what moves it); listings basis 583 records = 392/130/4/57 = 67/22/1/10."
Loewe,276,276,93,5,2,7,2,one,[],"[""coats-and-outerwear"",""trousers-and-shorts"",""shirts""]",product_code,367/276,2 locales (usa/en + usa/es) -> en only: 4672 -> 2336,not shopify,complete,https://www.loewe.com/usa/en/men/menswear,"SFCC site LOE_USA. /sitemap.xml 404s; robots -> /usa/en/sitemap_index.xml -> /usa/sitemap_0-product.xml = 4,672 locs (brief said 4,676). LOCALE DEDUP is exactly 2x: 2,336 under /usa/en/ and the same 2,336 codes under /usa/es/ -> en only, 4,672 -> 2,336. THE SITEMAP IS SHORT (third direction): the house's own men's clothing category m_menswear declares COUNT_HIT 367 in its React-Query payload; ?sz=48/?sz=200/?start=N return 200 but render ZERO tiles (the BOSS/Herno shape) while ?page=N does move the window, and ?page=1..23 (page 24 = 404, end of category) gives 367 UNIQUE codes == the declared 367. All 289 sitemap menswear URLs are a strict SUBSET of those 367; 73 more are in no sitemap file at all and 5 sit under other paths, so the sitemap is 78 short and measuring it would understate the range by 21%. COMPOSITION: c_materialComposition does not exist (sixteenth consecutive Salesforce house). Loewe has TWO of its own fields and they are different facts: c_LW_compositionName is the WHOLE GARMENT summed across shell+lining+trim, bilingual and to two decimals ('80.00% CORDERO-LAMBSKIN, 19.00% VISCOSA-VISCOSE, 01.00% ALGODON-COTTON'), while c_LW_externalCompositionName is the SHELL ('100% lambskin'). The spec's definition forbids the whole-garment sum, so the cells read externalCompositionName; it is a real composition (68 of 367 multi-fibre, 49 distinct strings) and its leading-fibre class agrees with the whole-garment field on 360 of 365. NOTHING IS RENDERED: the PDP's Materials & care accordion was expanded in the browser and shows 'Main material Nappa' with no percentage anywhere, so a DOM read of this house returns 0% disclosed. LANGUAGE TRAP: the en_US fields still carry Spanish ('43% poliester', ALGODON-COTTON, VACUNO-CALF SKIN); an English-only fibre list misfiles them, and 'deer skin'/'buffalo skin' need a skin/hide fallback. All 367 PDPs fetched, 367/367, every string sums to 100+/-1. SPANDEX BOTH BASES: shell line 7 styles, 2 at 5%+ (the cell); whole-garment field 58 styles, 1 at 5%+ - the 51-style gap is lining and trim elastane, and the 5%+ count INVERTS because summing across parts dilutes a 6% shell elastane to ~3% of the garment. Named stretch with no percentage: zero. TIES: exactly one, H526Y05WI4 '50% poliester / 50% cotton'; first-listed gives polyester and is the cell, last-listed gives cotton and moves the row to 94/4/2. Style = code stem before the colour suffix (H526Y34LCU-3110 -> H526Y34LCU), 63 stems with more than one colour. Two styles have an empty external field and are read from the whole-garment field; both are 80%+ lambskin and natural either way. CATEGORY TABLE (styles nat/syn/cel): coats-and-outerwear 80 69/9/0, trousers-and-shorts 68 63/3/2, shirts 52 47/1/4, t-shirts-and-polos 37 37/0/0, knitwear 24 24/0/0, sweatshirts 12 12/0/0, t-shirts-and-sweatshirts 2. No category is synthetic-led (outerwear closest at 69 natural to 9 synthetic), so the list is empty and shape=one; no swim or underwear exists in the tree. SPLIT: no unisex tree exists; all 367 are the house's own menswear, 3 of which also appear under a women's path and stay in under ruling 7 - men's-exclusive alternate 273 styles, same row. THE SIZE FINDING the brief asked for: men's CLOTHING is 276 styles / 367 listings against a 2,336-product US catalogue, and the men's tree of 583 URLs is more than half leather goods and shoes (wallets/SLG 94, bags 85, shoes 52, accessories 48, fragrance 13) - the Ferragamo/Fendi shape, though less extreme at 289 of 583 men's URLs. ALTERNATE DENOMINATORS: whole-garment field instead of the shell gives 254/14/8 = 92/5/3 (close on the headline, but it is what turns 7 elastane styles into 58); sitemap instead of the live PLP gives 289 listings."
JW Anderson,114,114,93,6,1,2,2,one,[],"[""KNITWEAR"",""JERSEY SWEATSHIRTS"",""DENIM TROUSERS""]",product_code,148/114,none,1.38499,complete,https://jwanderson.com/products.json,"Shopify on the APEX (www 301s to jwanderson.com/en-us; the first census guarded on www and correctly returned nothing). THE BRIEF'S FEED FIGURE IS WRONG: /products.json?limit=250&page=N to the zero page gives 250+249+243+249+107 = 1,098 unique records over 5 pages, not 499 over 2. Pages 2 and 4 return 249, so a stop-below-250 loop stops at exactly 499 - the State & Liberty fault, and it is where the briefed number comes from. Disjointness verified: 1,098 unique ids == 1,098 records read. Men's row bound by the house's own COLLECTIONS, not tags: the Mens+CLOTHING tag pair gives 129, the collection union (mens-clothing 148 + coats-jackets/sweatshirts/jeans/knitwear/shirts/shorts/tops/tailoring/trousers) gives 149, all present in the feed; 1 SOFT ACCESSORIES removed -> 148 listings. RULING 7: the unisex collection is 246 ids and contains ZERO clothing (loafer bags, tableware, homewares, charms, eyewear, jewellery, furniture, books, art, tea towels), so the unisex-inclusive and men's-exclusive denominators are IDENTICAL at 148/114; split is 148 men's, 0 women's, 0 unisex. J.PRESS TRAP LIVE: the same feed sells Wedgwood cups, furniture, decanters and picture frames; collection-bounding keeps all of it out. Composition is NOT in the feed - body_html carries a percentage on 14 of 1,098 records - it is a PDP JSON attribute 'Composition [Main]' with Lining/Contrast/Trim/Pocketing/Padding/Wadding as separate parts (ruling 2 counts Main only). All 148 PDPs fetched, 148/148 HTTP 200. TWO LABEL FORMS: 8 of 148 omit the bracket and write a bare 'Composition'; a /Composition \[Main\]/ regex files those 8 as undisclosed. Re-read with the bracket optional -> 148/148 = 100% coverage. SUM CHECK: 146 of 148 sum to 100+/-1. Both failures are one style (JW0281PG2033 half-zip sweatshirt): the house writes '70% Wool, 21% Nylon ,3% AF' + a zero-width char (sums to 94) on one colourway and the literal placeholder 'X' on the other. Read by hand; it is the house's data fault, leading fibre unambiguously 70% wool, counted natural and flagged. SPANDEX BOTH BASES: main fabric line 2 styles, 2 of them at 5%+ (both are literally 5%, so the two cells are equal - not a copy error); anywhere-in-string 5 and 2, the gap being 2% elastane linings and trims. Named stretch with no percentage: zero. TIES: ZERO on 114 styles; last-listed resolution gives the identical row. Style = the house's own stylefabric:<CODE> tag (SKU stem before the colour digits), present on 148 of 148. CATEGORY TABLE (styles nat/syn/cel): Knitwear 13 13/0/0, Jackets 13 9/4/0, Jersey sweatshirts 11 11/0/0, Denim trousers 11 11/0/0, Shirts 11 10/0/1, Knitted tops 11 10/1/0, Jersey t-shirts 8 8/0/0, Shorts 8 6/2/0, Trousers 8 8/0/0, Jersey tees 4, Denim shirts 4, Leather jackets 4, Jersey tops 3, Denim jackets 2, Jersey trousers 1, Jumpsuits 1, Coats 1 - all natural-led. NO category is synthetic-led (jackets come closest at 9 natural to 4 synthetic), so synthetic_categories is empty and shape=one; there is no swim or underwear in the men's clothing tree, so the split exclusion does not bite. ALTERNATE DENOMINATORS: raw listings 148 = 136/10/1 + 1 unparseable = 92/7/1/1; the whole men's tree incl. shoes, bags, eyewear and jewellery is 184; the whole feed is 1,098 of which only 306 carry a CLOTHING tag at all."
Dior,519,518,93,6,1,24,1,one,"[""Beachwear""]","[""Jackets"",""Shirts"",""Trousers""]",product_code,633/519,169-file index over 62 locale prefixes (fashion+beauty) -> en_us/fashion only; 8609 locs / 6798 product URLs,not shopify,complete,https://www.dior.com/en_us/fashion/mens-fashion/ready-to-wear/all-ready-to-wear,"LVMH in-house Next.js storefront with an Algolia-served grid; no bot challenge at any point. /en_us/fashion/men-fashion/ 404s - the tree is mens-fashion. The sitemap CANNOT bound this row: /sitemap.xml is 169 files over 62 locale prefixes, /en_us/fashion/sitemap.xml is 8609 locs (brief said 8507 - drift) of which 6798 are products, and every product URL is a BARE CODE (/fashion/products/JRDV95146_0000) with no gender or category in the path; per-locale catalogues also differ (en_gb 8970/7188), so it is not a clean locale multiple. Bounded instead on the house's own category facets in its Algolia index merch_prod_live_en_us (public search key taken from window.__ENV__ on the brand's own page): whole index 7070 products, lvl0 Women 4458 / Men 1909 / Baby Dior 475 / Jewellery 173 / Timepieces 54; within Men, Clothing 633 / Accessories 506 / Leather Goods 502 / Shoes 268, summing exactly; within Men>Clothing the lvl2 facets sum to 633. Beauty is a separate sitemap tree and is not in this index. UNISEX COUNT = 0 and the men's-exclusive alternate is the same 519 styles: subUniverse is 'homme' on all 518 products read and the intersection of the 519 men's style_refs with the 887 women's-clothing style_refs is EXACTLY ZERO. Alternate denominator ~1500 styles (1909 colourways) with men's accessories, leather goods and shoes swept in. Style = style_ref; 633 colourways -> 519 styles. THE TRAP: the Algolia hit carries a field literally named 'material' that parses cleanly and is a FABRIC-FAMILY WORD - only ten distinct values across the range (Cotton 251, Wool 108, blank 50, Cashmere 43, Technical fabric 29, ...), blank on 50 styles, and agreeing with the true leading fibre on only 409 of 518 = 79%. Not used. The real composition is a bullet in the 'characteristics' array of /_next/data/<buildId>/.../<code>.json (330KB vs the 1.0MB PDP), and that array mixes composition with construction bullets ('Leather Dior jacron label', 'CD-engraved metal buckle') - the Ralph Lauren furniture trap, which returns LEATHER on cotton jeans unless only bullets with BOTH a percentage and a fibre keyword are read. Hand-validated against the rendered PDP for 683C250C1088_C879: the page shows the identical string. FORMAT TRAP: Dior joins the lining with the word 'and' and no separator - '100% virgin wool and lining: 52% viscose, 48% cotton' - so a colon-label splitter does not fire and the line parses as one 200% composition; the accumulate-to-100 rule recovers exactly the first composition (12 multi-part styles). Coverage 518/519 = 99.8%, 0 parse failures. TIES = 3 and all three tie natural against natural (40/40 cotton-wool, 50/50 wool-alpaca x2), so the other resolution gives the identical 93/6/1. ALTERNATE DENOMINATOR: 10 down jackets list 'Filling: 90% goose down...' FIRST; I took the shell (6 natural, 4 synthetic), and the literal first-listed reading would make all 10 down and give 94/5/1. Ruling 2: main-line elastane 24 styles / 1 at >=5% (1% x9, 2% x5, 3% x9, 10% x1) and the anywhere-in-the-string reading is IDENTICAL at 24/1 - Dior publishes no lining or rib elastane. Only Beachwear is synthetic-led (4 of 4) and swim is excluded from the split verdict; Jeans, T-shirts, Sweatshirts, Polo shirts, Suits and Dinner Jackets are wholly natural-led."
Amiri,275,273,74,16,9,38,7,one,"[""Swimwear"",""Suits""]","[""Tops"",""Bottoms"",""Outerwear""]",product_code,361/275,183 locale sitemaps (961 product locs each) -> root/en-US only; 175863 -> 960,1.0,complete,https://amiri.com/products.json?limit=250&page=1,"Shopify (michael-amiri.myshopify.com); www 301s to the apex amiri.com. Census off /products.json?limit=250&page=N stopping on a true ZERO page: 250+250+250+210+0 = 960 records, 960 unique ids, so pages 2-4 are disjoint from page 1 (verified by id count, not assumed). LOCALE ARITHMETIC: /sitemap.xml = 733 entries = 1 agentic + 183 x 4 (products/pages/collections/blogs); the 183 are 1 root plus 182 /xx-yy/ Shopify Markets locales; root sitemap_products_1.xml = 961 locs and /en-ca/ = the identical 961, so 183 x 961 = 175863 product URLs site-wide dedupe to 960 products. Feed 960 = root sitemap 960; PDP spot-check 200 with composition rendered, so no Wax London superset and no stale-sitemap gap. Bounded by the house's own gender tags: MENSWEAR 555, WOMENSWEAR 272, KIDSWEAR 34, 111 untagged resolved off sub-tags (66 men, 35 women, 10 neither) = 621 men's records; then clothing only by product_type, keeping Tops/Bottoms/Outerwear/Denim/Tailoring/Body(swim shorts)/Suits/Jersey/Shirts/Pants/Shorts/Underwear/Swimwear plus 7 empty-type clothing records = 361 listings, removing 260 (80 sneakers, 74 hard accessories, 23 footwear, 20 soft accessories, 19 headwear, 17 accessories, 11 'Casual' which are sandals and slides not clothing, 5 boots, 3 'Formal' which are loafers, 2 bags, 2 lifestyle accessories, 4 empty-type). 361+260=621 reconciles. Alternate denominators: 242 styles on the explicit MENSWEAR tag alone, 449 styles if accessories and footwear are swept in. UNISEX COUNT = 0 - the 12 records tagged both MENSWEAR and WOMENSWEAR are all accessories/footwear and none survives the clothing filter, so ruling 7 changes nothing and the men's-exclusive alternate is the same 275 styles. Style = the STYLE:<code> tag stem before the dash (AMDNSY1114-531 and -706 are one style). Composition is free text in body_html; the MATERIAL:LEATHER tag is a one-word fabric-family field with no percentages (the Canali trap) and was NOT used. TIES = 1 (50% Cotton, 50% Modal -> cotton); second-listed-wins gives 201/45/27, the same rounded 74/16/9. Ruling 2: main-line elastane 38 styles / 7 at >=5%; anywhere-in-the-string 38 / 7 (identical - the house rarely publishes a secondary part line). A third reading that treats ELASTOMULTIESTER (Lycra T400) as elastane-class would give 40 / 29, because 19 denim styles read 92% cotton, 6% elastomultiester, 2% elastane - I did not count it, since ruling 4 extends elastane to elastolefin only and elastomultiester is a polyester; this is the row's biggest judgement call. 3 styles carry a brand-side sum error (45% Linen, 48% Lyocell = 93) confirmed identical on the live PDP, counted with lyocell leading. Coverage 273/275 = 99.3%. Swim is 100% synthetic but is excluded from the split verdict, so shape stays one."
Rhude,226,220,76,16,5,16,6,one,"[""Shorts""]","[""T-shirts"",""Hoodies"",""Pants""]",product_code,273/226,none,1.0,complete,https://rh-ude.com/products.json?limit=250&page=1,"Shopify (rhude-designs.myshopify.com), confirmed domain rh-ude.com; rhude.com is a photographer's portfolio and was not touched. Census off /products.json?limit=250&page=N stopping on a true ZERO page: 250 + 90 + 0 = 340 records, 340 unique ids, so page 2 is disjoint from page 1 (verified, not assumed). Bounded by the house's own product_type: kept T-shirts/Sweaters/Pants/Quarter zip/Shorts/Jacket(s)/Hoodie/Shirt/Crewneck/Denim = 273 listings; removed 16 WOMEN'S-typed listings and 51 non-clothing (33 hats, 15 accessories, 1 footwear, 1 candle, 1 empty type). 273+16+51=340 reconciles. Alternate denominator ~268 styles if hats/accessories/footwear are swept in. Gender: MEN tag 310, WOMEN 6, untagged 24; inside the kept clothing 0 women-tagged, 12 untagged men's shorts kept. UNISEX COUNT = 0 - the house has no unisex tag, so ruling 7 changes nothing and the men's-exclusive alternate is the same 226 styles. Style = variant code stem before the colour segment (RHPF26SP02012-BLW-XS); title dedup alone was wrong because 55 titles repeat and one sweatpant name spans 4 distinct codes. Composition is free text in body_html after a <!-- split --> marker, one <p>/<span> per part, confirmed identical on the live PDP (200). THE <br>/<span> SPLIT TRAP FIRED: all 25 multi-part styles summed to 200 before element boundaries were treated as separators - the sum check was the only signal. TIES = 0, so ruling 1 never fired and second-listed-wins gives the identical 76/16/5. Ruling 2: spandex on the MAIN FABRIC LINE = 16 styles / 6 at >=5%; the looser anywhere-in-the-string reading gives 25 / 9, and the entire gap is RIB: 95% cotton 5% elastane and LINING: 85% nylon 15% spandex - the Diesel rib shape. Coverage 220/226 = 97.3%. Natural includes cotton, wool, silk, cashmere, leather, down, linen. shape=one (a cotton house: t-shirts 70/73, hoodies 26/26, sweaters 16/16) but Shorts is genuinely synthetic-led 17 of 31 so the list is not empty."
Palm Angels,169,159,70,24,0,20,16,one,"[""Tracksuits"",""Coats and jackets"",""Swimwear"",""Denim""]","[""T-shirts and polos"",""Sweatshirts and hoodies"",""Knitwear""]",product_code,260/169,58 locale product sitemaps x 2605 locs each -> en-us only; 151090 -> 2605,not shopify,complete,https://www.palmangels.com/on/demandware.store/Sites-palmangels_us-Site/en_US/Search-Show?cgid=man-clothing&sz=200&page=1,"Salesforce B2C (Sites-palmangels_us-Site) behind a React SPA. /sitemap.xml, /en-us/sitemap.xml and /en-us/sitemap_index.xml all 404 as soft-404 pages of 775KB; /en-us/sitemap-product_0.xml is 200 with 2605 locs and that is the brief's 2605. THAT NUMBER IS NOT THE PRODUCT COUNT: 1088 of the 2605 pids are 15-digit EAN size codes (one track jacket appears under 13 of them; the PDP's masterId proves it), and 1209 are a dead sale-selection archive that is absent from the live 97-entry category sitemap - I sampled 6 sale URLs, all return HTTP 200 but 5 of 6 are orderable:false, and only 1 of 674 sale-men URLs shares a stem with the live range. The house's own men's clothing category reports total:263 and I recovered 263 of 263. PAGINATION TRAP FIRED: Search-ShowAjax 404s; Search-Show ignores start (start=0/100/200 returned the identical 166 ids, the John Smedley fault) and ignores sz (24 tiles at sz=48/100/200, the BOSS fault); only page=N works - page 1 and page 2 verified DISJOINT, intersection zero, union 48. Grid tiles isolated by the variationGroup marker because a plain productId regex picks up CMS carousels (166 vs 24). Style = pid minus the trailing 4-digit colour, confirmed against masterId and the image path; 263 listings -> 171 stems. Bounded by each style's CANONICAL productUrl, not the category it was merchandised in: removed 1 hat and 1 slide that sit inside men's clothing, giving 169 styles / 260 listings. UNISEX COUNT = 3 (styles whose canonical path is woman/clothing/t-shirts-and-tops but which Palm Angels sells in men's) - kept per ruling 7; the men's-exclusive alternate of 166 styles rounds to the identical 70/24/0. Alternate denominator ~205 styles with accessories and shoes swept in. c_materialComposition: ZERO occurrences, the sixteenth consecutive Salesforce house. The container is longDescription in Product-ShowQuickView (21KB vs the PDP's 917KB), validated by hand against c_material on 8 styles: identical where c_material is populated, but c_material was literally null on 7 of 8 variation-group pids, so it is the field that looks right and is empty. Part labels carry NO COLON and are ALPHABETICALLY ORDERED, so the first segment is routinely 'Detail' or 'Embroidery' and the main fabric is third or fourth - taking the first would have mis-filed the multi-part styles. TIES = 4, the largest tie effect on this batch: 50/50 cotton-modal and 50/50 wool-polyacrylic x3, all resolved to natural by ruling 1; second-listed-wins gives 114/44/1 = 67/26/1 instead of 70/24/0. Ruling 2: main-line elastane 20 styles / 16 at >=5% (1% x1, 3% x3, 5% x13, 6% x3) (5% cotton-elastane jersey is a house staple); anywhere-in-the-string 22 / 19, the 3-style gap being 'Rib Detail 5% Elastan 95% Cotton' on a 100% cotton body. Coverage 159/169 = 94.1%; the 10 without are genuinely undisclosed - empty longDescription AND c_material = the literal string '0', confirmed by fetching all 10 full PDPs. Cellulosic is a counted ZERO across 159 read compositions, not an NC. Denim is synthetic-led (5 styles of 65% polyester track denim), hand-checked because that result usually means a parse bug; it does not here."
Golden Goose,217,217,87,9,4,18,3,one,[],"[""Coats and jackets"",""T-shirts and polo shirts"",""Jeans and pants""]",product_code,240/217,1 en_US product sitemap; 15610 URLs -> 2258 distinct product codes (6.9 slugs per product),not shopify,complete,https://www.goldengoose.com/on/demandware.store/Sites-ggdb-na-Site/en_US/Search-UpdateGrid?cgid=man-clothing&sz=100&start=0,"Salesforce B2C (Sites-ggdb-na-Site). THE 15610 DEDUPES HARD: sitemap-product_en_US.xml has 15610 locs carrying only 2258 distinct product codes - 6.9 SEO slugs per product - and of those 2258, 1272 (56%) are footwear codes, 761 apparel, 225 accessories; at URL level footwear is 10848 of 15610 = 69.5%. All 288 live men's-clothing pids are in the sitemap, so it is a clean superset, not stale. The URL slug clothing-m-en_us is NOT the cgid: passing it to the grid controller returns an unfiltered set that came back with GWF women's-footwear pids, which would have filed a women's shoe catalogue as this row; the real cgid, read out of the page's own markup, is man-clothing. Census via Search-UpdateGrid start=0/100/200/300 -> 100+100+88+0 = 288 unique, intersection of page 1 and page 2 ZERO, matching the PLP's own '288 products'. Gender: the code prefix (GMP men, GUP/GUA unisex, GWP women) and the mainCategory field DISAGREE - mainCategory calls 29 of the 62 unisex listings 'women' and 2 men's listings 'women' - so I resolved on the product name, which literally says Men's/Women's/unisex. Removed 29 GWP women's-named listings and 19 non-clothing (12 loafers/sneakers, 5 sunglasses, 2 socks; socks are the open scope question and I filed them out), leaving 240 listings. UNISEX COUNT = 43 styles, kept per ruling 7; the men's-exclusive alternate is 174 styles at 85/11/4, so ruling 7 is worth 2 points of natural here. Style = MODEL.FABRIC, not the bare model code: GMP01508 appears with three different fabric codes and three different compositions (gray wool, ecru pinstripe wool, gray wool blend), and collapsing them would merge three compositions into one; alternate 174 styles on the bare model code. colourway_ratio 1.11 is low but genuine - colour is NOT a variant attribute here (Product-Variation returns size only, 0 colours), each colourway is its own pid, and most cloths are offered in one colour. c_materialComposition: ZERO, the seventeenth consecutive Salesforce house; the container is a bare <li> labelled 'Main material:' in the description bullets (Brooks Brothers shape), read from Product-Variation JSON at 38KB instead of the 660KB PDP. The Ralph Lauren furniture trap is live in that same bullet list ('Two silver-colored metal stars', 'sweatpant-style wool pants'), so only bullets with BOTH a percentage and a fibre keyword are read. Coverage 217/217 = 100%. TIES = 7 (four 40% elastomultiester/40% cotton, one 40% elastane/40% cotton, two 50/50 cotton/polyester), all resolved by ruling 1; second-listed-wins flips all seven and gives 88/8/4. Ruling 2, the biggest gap on this batch: main-line elastane 18 styles / 3 at >=5% (1% x12, 3% x3, 12% x2, 40% x1) against 32 / 11 anywhere-in-the-string - the 14-style gap is Edges 6% elastane, Ribbing 1% elastane and Contrast fabric 3% elastane, and it would have tripled the high count. Elastomultiester appears on 4 main lines and is not counted as elastane, consistently with Amiri. A parser bug was caught on this house: the accumulate-to-100 rule dropped a trailing 1% elastane on '98% cotton, 1% polyamide, 1% elastane' and the row still summed to 99 so the sum check passed silently - spandex_styles went 6 to 18 on the fix, which was then re-run over the other three houses. No category is synthetic-led. The finding: against a catalogue that is 56% footwear by distinct code, the men's clothing range is a real 217 styles and is 87% natural - wool, cotton and leather."
Fear of God,118,117,92,7,0,10,2,one,[],"[""tops"", ""bottoms"", ""outerwear""]",product_code,145/118,none,1.0,complete,https://fearofgod.com/products.json?limit=250&page=1,"Shopify (fear-of-god.myshopify.com). ESSENTIALS IS EXCLUDED: the 735-record feed is 521 ESSENTIALS, 206 Fear of God, 4 FEAR OF GOD ATHLETICS, 1 Loungewear, 2 New Era, 1 Route insurance. The site's own nav lists Fear of God / Essentials / Athletics as separate lines, and including Essentials would not add to the Fear of God row but replace it (71% of the feed). Precedent: Giorgio Armani was separated from Emporio/EA7/Armani Exchange on the house's own brand field earlier in this pass. Essentials-inclusive alternate: 405 styles, 396 with composition, 90/8/0, spandex 13/5. Mainline 211 listings -> men's 175 (165 men's-tagged, 2 tagged both, 8 unisex collab tees kept under ruling 7; 36 women's-only removed) -> 145 clothing listings after removing 23 footwear, 5 bags, 2 accessories -> 118 styles on the SKU stem (SKU is stem-colour-size; every record is one colour, so 145/118 is a real ratio). Composition is the unlabelled first <li> of the PDP Details accordion - NOT body_html (marketing prose, zero percentages) and not JSON-LD; 734 PDPs crawled, 0 errors. Two extractor attempts failed silently first: a 200-char summary window matched 0 of 734 (a 1.2KB inline caret SVG sits inside <summary>), and taking the first accordion returned the header nav drawer on 734 of 734 - caught by the same-value-on-100%-of-rows check. English, UTF-8, half-width %. Ruling 2: only 13 pages carry a second percentage part and those are linings, so main-line and anywhere-in-string spandex are identical at 10 and 2. 2 ties, both '50% POLYESTER 50% POLYAMIDE' - both readings are synthetic, so tie resolution is a no-op. Sum check: 1 row of 117 outside 100+/-1, the house's own typo '88% POLYAMIDE, 21% RECYLED ELASTANE' (written 12% elsewhere); lead and 5%+ unaffected. 5 styles needed hand repair: 3 x '100% CALFSKIN' and 2 x 'LINEN, VIRGIN WOOL, COTTON' stated with no percentages (counted natural; strict-percentage alternate 115 with composition, 90/7/0). 1 style (LW-24 Trunk) genuinely undisclosed. Sitemap reconciled both ways: 192 product shards, 140,928 loc rows, 734 unique handles, 0 sitemap-only, 1 feed-only (Route). No synthetic-led category."
Bode,1275,1218,84,3,8,14,2,one,"[""swimwear""]","[""shirts"", ""trousers and pants"", ""outerwear""]",product_code,1437/1275,none,1.0,complete,https://bode.com/products.json?limit=250&page=1,"Shopify (bode-new-york.myshopify.com). PAGINATION VERIFIED as the brief required: /products.json?limit=250&page=N gives 250 x9, 132, then 0 -> 2382 records, 2382 unique ids, and page 1's ids vs page 2's ids intersect ZERO. Every page contributed its full length as NEW ids, and the same disjointness check passed on all ten men's collection feeds. Men's range bounded by the house's own tree, not by a tag: the MENS tag covers only 1026 records and leaves 692 untagged (the older unprefixed product types SHIRT/TROUSERS/OUTERWEAR/KNITWEAR), while /collections.json gives nine men's clothing collections enumerating to 1394 unique ids, plus 43 MENS-tagged clothing records that sit in no men's collection (the remaining 76 of that 119 are accessories, bags, hats and scarves - out of scope). Men's clothing = 1437 listings. Collections' own products_count is inflated (mens-shirts says 543, enumerates 381); enumeration used. Ruling 7: 131 ids sit in BOTH the men's and women's clothing trees and are kept as unisex; men's-exclusive alternate 1132 styles, 85/3/8. COMPOSITION IS ALSO IN THE TAGS AND THE TAG CHANNEL IS WRONG - the James Perse shape, live here: 227 percentage tags exist ('47% COTTON' + '53% RAYON') but Shopify comma-splits and alphabetises them, so the order is destroyed and the main fibre reads cotton where the truth, from the field, is '53% rayon 47% cotton'. Ruling 1 is unanswerable on the tag channel. Used instead the first <li> of body_html, which carries the house's own ordered string and matches the rendered PDP. My first extractor also split on </p> and admitted marketing prose ('...reproduced in 100% cashmere...') as the main line; restricted to <li> only. English, UTF-8, half-width %. Only 3 records carry a second composition li and those are shell/fill pairs, so main-line and anywhere-in-string spandex are identical at 14 and 2 - 1.1% of the range, essentially no stretch. 16 ties, first-listed wins; other resolution gives 83/4/9 (6 cotton/lyocell ties move natural->cellulosic). Sum check: 9 rows failed on lexicon gaps only (metal fiber, bare 'poly', polyeurethane, polylactide, 'other fibers'), all repaired, final 0 outside 100+/-1. 57 of 1275 styles state no composition (4.5%), 38 of them one-of-a-kind pieces made from antique quilts. Style key: opaque numeric SKUs, so the house's own style-code tag (MRF26BT021) where present, else title with the trailing ' - Colour' stripped. Swim is synthetic-led but excluded from the split verdict."
Greg Lauren,126,123,91,7,0,1,1,one,[],"[""shirt"", ""jacket"", ""pant""]",product_code,142/126,none,1.0,complete,https://greglauren.com/products.json?limit=250&page=1,"Shopify (gl-llc.myshopify.com). 168 records on page 1, page 2 an empty products array - the brief's 168 exactly. Only one page exists so the page-2-disjointness test is vacuous and is recorded as such, not claimed as passed. SCOPE: the J.Press trap fired - 8 BLANKETS (home goods) are filed by the house as fc:Category:SHIRT and tagged MENSWEAR, and would have added 8 phantom wool/cotton shirts; removed by reading titles, not categories. Also removed 16 fc:Category:ACCESSORIES (beanies, totes, two GL x New Era caps, a wool scarf), 1 Gee's Bend art piece, and 1 record tagged WOMENSWEAR only (ruling 5). Men's clothing = 142 listings -> 126 styles on the SKU's first field (KM208-IVOR-ST-0); colour is in the title, option1 is Size, so each record is one colourway. Ruling 7: 139 MENSWEAR-tagged plus 3 TH x GL (Tommy Hilfiger collab) pieces with no gender tag, kept as unisex; those 3 are exactly the 3 with no composition, so the men's-exclusive alternate (123 styles) has identical natural/synthetic/cellulosic cells at 100% coverage. Composition is the last <p> of body_html in /products.json, unlabelled, after 'Constructed in Los Angeles'; English, UTF-8, ALL CAPS, half-width %. Ruling 2: 12 of 123 styles write shell and lining on ONE line, labelled ('BODY: 85% WOOL 15% COTTON LINING: 100% RAYON') or not ('90% WOOL 10% LEATHER 100% RAYON'); main line taken as the labelled BODY part, or the greedy prefix first reaching 100. PARSER FAULT FOUND: the two-way split heuristic (before-% vs after-%, keep whichever sums closer to 100) picks the WRONG split on these two-part strings without throwing - it read 15% wool + 100% cotton = 115 and made the main fibre COTTON where it is WOOL. Fixed by detecting percent-first order on the string and parsing once; Fear of God and Bode were re-run under the corrected parser as a control and every cell was identical. NOMEX and VINYL added to the lexicon. Final sum check 0 of 123 outside 100+/-1. Spandex: 1 style, at 5% ('50% COTTON 45% POLYESTER 5% SPANDEX'), identical on both bases. 1 tie, '50% WOOL 50% COTTON', natural on both readings. 3 styles with no composition, all three the TH x GL collab. No synthetic-led category."
Visvim,873,862,92,4,3,3,2,one,[],"[""cut and sew"", ""outerwear"", ""shirt""]",product_code,873/873,none,not shopify,complete,https://shop.visvim.com/men/mensclothing,"shop.visvim.com is the store (visvim.tv is the brand portal, no cart). NetSuite SuiteCommerce Advanced; /sitemap.xml 404s. Census from the SCA payload /api/items?limit=100&offset=N&fieldset=details - fieldset is load-bearing: with none each item returns one key (internalid), 'itemdetails'/'pdp'/'full' are unconfigured and return 200 with that same 1-key shape, 'details' gives 32. 16 pages of 100 + 71 + a zero page = 1571 records, 1571 unique ids; offset 0 and offset 100 ids intersect ZERO. Men's clothing bounded by the house's own commercecategory tree: /men/mensclothing 873, /men/mensaccessories 228, /men/mensfootwear 127, /women/womensclothing 237. RECONCILED against the house's own PLP - the same API call with commercecategoryurl=/men/mensclothing returns total 873, matching the census exactly. CORRECTION TO THE BRIEF: the expected '~480 products' is not a number this store produces; men's clothing is 873 and all 873 are isinstock and ispurchasable. Alternate denominator 1228 if men's footwear and accessories are swept in. Sub-labels (Indigo Camping Trailer 221, Contrary Dept 44, VISVIM MOTORS CLUB 32, VISVIM SPORT 4, Subsequence 7) are visvim's own in-house capsules sold only in visvim's own navigation and are INCLUDED - unlike Fear of God's ESSENTIALS, they are not separately marketed lines. WMV is the women's line and appears zero times in men's clothing. Ruling 7: men's and women's clothing trees intersect ZERO, so unisex is 0 and the men's-exclusive alternate is the same 873. LANGUAGE/ENCODING: the North American store is ENGLISH and UTF-8 throughout - 863 of 873 use a half-width %, 8 use full-width U+FF05, 7 contain any CJK at all (mostly the full-width colon in the size table). A %-only regex would have lost 8 styles; U+FF05, full-width digits and U+FF1A were normalised before parsing. No EUC-JP anywhere. Composition is the percentage-bearing <p> of storedetaileddescription; the size table is stripped first. ELEMENT-BOUNDARY TRAP FIRED: visvim wraps parts of a composition in inline span/strong, and an extractor that line-breaks on every tag orphaned leading and trailing fibres ('85% Wool, 10% Nylon' became 'WOOL 15% COTTON (BLACK)'). 11 rows failed the sum check and that was the only signal; fixed by breaking only on block tags, 11 -> 2 bad, both the house's own omissions. 54 styles carry more than one percentage segment and those are PER-COLOUR compositions, not shell/lining; first taken. colourway_ratio is genuinely 1.00: each record is a NetSuite matrix parent with colour as a dimension inside it (112 records 1 colour, 236 x2, 449 x3, 72 x4, 4 x5). Do NOT stem the 13-digit itemid - digits 6-10 are a category code and a 10-digit stem collapses 873 to 188, merging five unrelated jackets. SPANDEX BOTH WAYS: strict elastane is 0 of 862 - the word never appears. POLYURETHANE-AS-ELASTANE fires on 3 styles, 2 at 5%+ ('97% Wool 3% Polyurethane' stretch wool trouser; two 'nylon-wool double cloth' shorts at 62/30/8), none as the majority, none a membrane, coating or named face cloth - so the cell carries 3 and 2 and the strict reading is 0 and 0. Anywhere-in-string identical on both readings. 5 ties, 4 of them '50% Nylon 50% Cotton' read as nylon; the other resolution moves all four to natural and gives 93/3/3 instead of 92/4/3. 11 styles state material without a percentage (leather/suede outerwear). No synthetic-led category."
Tom Ford,374,374,89,5,6,19,0,one,[],"[""outerwear"", ""shirts"", ""pants""]",handle,399/374,none,not shopify,complete,https://www.tomfordfashion.com/en-us/men/ready-to-wear/,"www.tomfordfashion.com is the fashion house's own store (tomford.com is beauty, untouched). SFCC Sites-tomford-Site, en_US; /sitemap.xml 404s so there is no sitemap to reconcile against and the PLP count is the only cross-check. The PLP server-renders 16 tiles (the BOSS shape); enumeration via Search-ShowAjax with cgid=men-ready-to-wear and start/sz=100 - start 0 and start 100 ids intersect ZERO - gives 399 pids, and the same response's own result-count element says '399 results', so census and house agree exactly. Herno-laminar check: all ten men's RTW sub-cgids enumerated separately (outerwear 98, pants 80, shirts 71, jackets 52, knitwear 45, leather 37, polos 35, suits 28, jeans 21, evening 15) add nothing the parent missed. Scope: men's ready-to-wear only; men's shoes, accessories and eyewear are separate trees. Ruling 7: women's RTW enumerates to 416 pids with ZERO pid overlap - two disjoint gendered trees, no unisex apparel, so unisex is 0 and the men's-exclusive alternate is the same 374. Style key is the URL slug, NOT the pid master: 399 pids stem to 283 masters but LBS087 holds both the fine-suede and light-suede bomber and LBI004 holds a buffalo-grain and a cashmere-suede western jacket, so master-stemming merges different cloths; colour swatches already live inside each PDP. COMPOSITION HAS TWO SHAPES IN ONE HOUSE (the Balenciaga label trap): 347 pids carry a labelled '<p>Composition: 100% lambskin</p>' but 52 carry NO label at all and state the fibres as a bare ALL-CAPS bullet inside the construction list ('SHORT SLEEVE POLO / CLASSIC FIT / 100% COTTON / MADE IN PORTUGAL'); a Composition-only regex reports those 52 - 13% of the range - as undisclosed with no parse error. Furniture check passed: 'Composition:' appears 0 times on the PLP and 0 times on the homepage, and the two hits per PDP are the same string in the div and in the JSON-LD, not a recommendation rail. Ralph Lauren check: 'TOM FORD LEATHER PATCH ON BACK OF WAIST' and 'LEATHER GRAB HANDLE' carry no percentage and are excluded. Where the value came from JSON-LD the capture ran into the JSON ('50% wool 50% polyamide"",""mpn"":') on 9 rows and was truncated at the first quote. English, UTF-8, half-width %. Sum check 0 of 374 outside 100+/-1; the last 2 no-composition styles turned out to be the lexicon missing 'bullskin' (the leather five-pocket pants), so coverage is 374 of 374, 100%. A batch-wide parser bug was found here: the greedy 'cut the main line where the total first reaches 100' rule dropped the trailing 1% elastane from '96% wool 3% polyamide 1% elastane', making main-line spandex read 15 against 19 anywhere - a FALSE ruling-2 finding; the rule now fires only above 101 and both readings are 19 and 0. All elastane here is 1-3% comfort stretch, so spandex_high_styles is a real 0. Counting non-majority polyurethane as elastane (the rule the brief set for visvim) would give 28 and 0; this cell carries the strict reading for comparability with the rest of return.csv. 8 ties; the other resolution moves 2 viscose/cotton to natural and 2 wool/polyamide to synthetic, giving 88/6/6 instead of 89/5/6. Cellulosic 6% (viscose and lyocell in jersey and evening shirts) is the batch's highest. No synthetic-led category."
Ralph Lauren Purple Label,272,270,97,2,0,26,2,one,"[""swimwear""]","[""sportcoats"",""pants"",""sweaters""]",product_code,272/272,none (US/en_US storefront only; no locale variants in the tree),not shopify,complete,https://www.ralphlauren.com/men-clothing/r/purple-label,"Census 2026-09-15, full read: 272 of 272 PDPs at HTTP 200, zero errors, zero 403/307/429, no bot challenge appeared. PURPLE LABEL HAS NO DOMAIN OF ITS OWN and the brand hub page is not countable, so the row is the Brand refinement inside men's clothing: /men-clothing/r/purple-label. CRITICAL: that is NOT /men-clothing/r/purple, which is the COLOUR purple (77 items) sharing the same /r/ namespace - a confident wrong answer with no parse error. Facet count 272 and distinct product codes 272 agree exactly. HOW PURPLE LABEL WAS SEPARATED FROM THE OTHER RALPH LAUREN LABELS: the house product sitemap (/seocontent?n=productsitemap_0, ~9.9k URLs) is all of Ralph Lauren and does not label sub-brands, so it was never used; instead all five brand facets were harvested in full and intersected pairwise - Purple Label n Polo 0, n Double RL 0, n RLX 0, n Big & Tall 0, and all six other pairs 0 as well. Ralph Lauren Vintage (411) and Vintage Curated by Double RL (31) are third-party/vintage and are in no row. PAGINATION TESTED: ?page=N at 30 tiles, pages 1-9 each added 30 NEW codes, page 10 added 2, page 11 returned 0 - the set grows by the page size, so it is neither cumulative nor a re-serve of page one. PAYLOAD: no __PRELOADED_STATE__, no c_materialComposition (now zero across eighteen Salesforce houses), Product-ShowQuickView returns 500; composition is a server-rendered <li> in div.pdp-product-details. THREE FURNITURE TRAPS HANDLED: (1) a whole-page grep for 'cotton' hits 100% of PDPs because an inlined profanity blocklist contains 'cotton picker'; (2) construction bullets in the same <li> list read as fibres ('Button-down collar' -> down, 'Leather patch' -> leather), so the composition is taken positively as the <li> carrying a percentage; (3) NEW - Ralph Lauren writes a DOUBLE COLON part label, 'Shell: 99% cotton, 1% elastane. Patch:: 100% cow leather.', which defeats a 'Label: ' splitter, leaves one part, and makes the two-order percentage parser prefer a 101-sum reading that returns ELASTANE as the main fibre of a 99% cotton jean (1 style here). COVERAGE: 266 percentage compositions + 4 stating the fibre by name with no percentage (counted as that fibre, the spec's open case) + 2 with no fibre statement at all (660836, 100085346) = 270/272 = 99.3%. MAIN FIBRE natural 265 / synthetic 4 / cellulosic 1 / none 2; exact 97.4265/1.4706/0.3676/0.7353, largest remainder 97/2/0/1, so the single viscose style (a 100% viscose reversible jacket) rounds to zero and is named here. Leading fibres cotton 99, wool 49, cashmere 41, linen 39, silk 23, suede 13, polyester 4, viscose 1, lamb leather 1. TIES: ZERO, so ruling 1 never fires and the last-listed resolution is identical. SPANDEX BOTH BASES: main fabric line 26 styles / 2 at 5%+ (the cells); anywhere in the string 42 / 5. Main-line elastane distribution 1%x8 2%x3 3%x9 4%x4 11%x1 12%x1 - a comfort-stretch house with two outliers. SHAPE one: the only synthetic-led category is swimwear (3 of 4) and swim is excluded from the split verdict. MEN'S/WOMEN'S/UNISEX: 272 men's, 0 women's, 0 unisex - every PDP sits under /men-clothing-*/; men's-exclusive alternate 272, identical, ruling 7 inert. SUM CHECK: one row outside 100 +/- 1, 593560 'Shell: 98% wool, 2% other fibers' = 98, which is the house's own unclassifiable string, not a parse failure. ALTERNATE DENOMINATORS: the Purple Label hub including shoes/belts/accessories (rejected, clothing-only scope and not countable); Purple Label + Ralph Lauren Vintage (rejected, third-party); the 9.9k house sitemap (rejected, cannot be filtered to a sub-label); yesterday's facet count of 257 (superseded - the facet reads 272 today and the PDP read is of those 272)."
Zegna,386,385,98,1,1,27,6,one,"[""beachwear""]","[""shirts"",""pants"",""blazers""]",product_code,585/386,55 per-locale sitemap indexes in robots.txt -> us-en only (the 965-URL US product file is entirely /us-en/),not shopify,complete,https://www.zegna.com/us-en/ready-to-wear/,"Census 2026-09-15. FEED: /sitemap.xml 404s as briefed; robots.txt advertises 55 per-locale <locale>.sitemap-index.xml files and the US one is /us-en.sitemap-index.xml, which lists /us-en.sitemap-products.xml = 965 product URLs, matching the register's 965 exactly. SCOPE from the URL's own top-level segment: ready-to-wear 561, accessories 291, shoes 77, fragrances 12, shop-vellus-aureum-essentials 24 (a RTW capsule, included) = 585 clothing URLs; accessories, shoes and fragrance excluded. STYLE KEY - the load-bearing decision: the PDP's PRODUCT CODE comes in two shapes, 3-segment (381 records, <fabric program>-<garment model>-<colour>, e.g. E8J00-120-B98) and 2-segment (204 records, e.g. 487075A4-114DH0). Segment 1 alone is NOT the style - UHC90A3-C10 is a t-shirt and UHC90A3-C32 a polo in the same cotton, 487075A4-114DH0 is a suit jacket and 487075A4-7344H2 its trousers - so collapsing on it gives 339 with 21 groups spanning two categories and 8 spanning two compositions. The key used is segment1+segment2 for 3-segment codes and the whole code for 2-segment codes: 585 records -> 386 styles, only 7 spanning two category paths and 1 spanning two compositions. PAYLOAD: not Salesforce, no __NEXT_DATA__, no __PRELOADED_STATE__; composition is server-rendered in the MATERIALS AND CARE accordion - div.infoProduct__wrapper whose .infoProduct__title matches, then .infoProduct__content > p.infoProduct__txt, whose <br>-separated lines are [composition, fabric story, care]. FURNITURE TRAP: the FIRST .infoProduct__content on the page is the marketing 'Info' accordion and returns the same block on 100% of pages - the wrapper must be matched by its own title. A second near miss: an early raw-HTML scan for '%' returned only URL-encoded Japanese hreflang links and nearly produced the false conclusion that composition is client-rendered; it is in the served HTML. COVERAGE: 583 of 585 records carry a percentage, 2 state 'Ovine Leather' with no percentage (counted as leather); one style (UHPSCA3-H290, an overshirt) carries no fibre statement. 385/386 = 99.7%. MAIN FIBRE natural 379 / synthetic 4 / cellulosic 2 / none 1; exact 98.1865/1.0363/0.5181/0.2591, largest remainder 98/1/1/0. Leading fibres wool 113, cotton 111, linen 64, cashmere 62, silk 28, polyamide 4, modal 2, camel 1; both cellulosics are modal in underwear-socks. TIES: 5, ALL natural under both resolutions so no cell moves - '37% Tussah Silk; 37% Linen; 26% Wool', '50% Cotton; 50% Mulberry Silk', 'Main body: 50% Camel; 50% Cashmere', '50% Tussah Silk; 50% Linen', 'Main body: 50% Wool; 50% Linen'. SPANDEX BOTH BASES: main fabric line 27 styles / 6 at 5%+ (the cells); anywhere in the string 27 / 6 - IDENTICAL, and that is a measured result, not an unread basis: a dedicated third pass captured every percentage-bearing line of all 585 records, and no lining or pocket bag carries elastane. SHAPE one: the only synthetic-led category is beachwear (4 of 5) and swim is excluded from the split verdict; 379 of 385 styles are natural-led. SUM CHECK: 3 records outside 100 +/- 1, all the same string 'Main body: 87% Wool; 11% Paper Yarn; 2% Polyester' = 89 with paper yarn unclassified - the house's own data. MEN'S/WOMEN'S/UNISEX: Zegna US is menswear-only, the sitemap has no women's tree and the site no women's navigation - 386 men's, 0 women's, 0 unisex, men's-exclusive alternate 386. OPEN SCOPE QUESTION recorded not decided: ready-to-wear contains an 'underwear-socks' node (33 URLs, 12 styles) mixing underwear with socks; dropping all 12 gives 374 styles and moves no percentage cell. ALTERNATE DENOMINATORS: ready-to-wear without the vellus-aureum capsule = 368 styles, 367 with composition, natural 361/synthetic 4/cellulosic 2, spandex 27/6 - the same row to the point; 585 records rather than 386 styles (that is the colourway count); the whole 965-URL US sitemap including accessories, shoes and fragrance (rejected for clothing-only scope, recorded for a Ferragamo/Fendi-style all-inclusive comparison)."
Bottega Veneta,252,252,91,8,1,14,1,one,"[""swimwear""]","[""jackets"",""trousers-and-shorts"",""shirts""]",product_code,274/252,en-us category sitemap only; the en-ca duplicates in the same file were dropped,not shopify,complete,https://www.bottegaveneta.com/en-us/men-collection-us/men-clothing,"Census 2026-09-15. THE SITEMAP STUB IS CONFIRMED: /en-us/sitemap_index.xml lists five files and /en-us/sitemap_0-product.xml holds SIXTEEN <loc> entries - en-us and en-ca versions of eight bags. /en-us/sitemap_1-category.xml holds 894 entries and is the usable object, so the category tree is the route as briefed. CENSUS AND PAGINATION: the men-clothing PLP server-renders only TWELVE product links (the grid is client-filled - the BOSS failure shape) and ?page=2 returns the same twelve, so page params are useless; ?sz=200 returns 200 distinct PDP URLs and ?sz=400 returns 274, matching the page's own counter of '274 products' exactly. Site id Sites-BV-R-NOAM-Site. TRANSPORT, RECORDED BECAUSE IT SHAPED THE METHOD: bottegaveneta.com kills the injected-script context after ONE evaluation per page load - reproduced on four separate tabs, including on a plain /robots.txt document - and cross-origin XHR from another brand's tab is CORS-blocked. The working pattern was navigate to /robots.txt (which re-injects), then ONE script per load doing SYNCHRONOUS XHR and writing to localStorage on every iteration so a script killed mid-run keeps its progress; the crawl ran as five such loads and completed 274 of 274 at HTTP 200, zero errors, zero blocks, no bot challenge. This is a transport quirk, not a WAF. SCOPE: men-clothing is the house's own clothing node, so bags, wallets, shoes, jewellery and travel are excluded by construction as sibling nodes under men-collection-us. Of its twelve sub-nodes, 'new-clothing-men' and 'view-all' are cross-cutting and were applied LAST when mapping products to categories so they do not steal products from the real ones; 5 of 274 URLs appear in no sub-node and are carried as unmapped. THE BRIEF'S CAUTION IS ANSWERED THE OTHER WAY ROUND: Bottega Veneta's men's CLOTHING range is not small - 252 styles, larger than Ferragamo's 90, Fendi's 211 and Berluti's 124. STYLE KEY: the product code is 15 characters, <6-char model><4-char material><5-char colour>, e.g. A003W8V6YA01010. Tested three ways - 15 chars gives 274 (the colourway count); 11 chars (model+material) gives 252 with ZERO groups spanning two categories and ZERO spanning two compositions, and is what the row uses; 6 chars (model alone) gives 217 but 3 groups span two categories and 17 span two compositions because it merges a wool version and a leather version of one silhouette. colourway_ratio 274/252 is low because Bottega lists most clothing styles in a single colourway, not because colour is hidden. COMPOSITION: div.c-expander__panel, bullet-separated, the bullet reading 'Material: ...'. No __PRELOADED_STATE__, no c_materialComposition (nineteen consecutive Salesforce houses now) and no JSON-LD material field to be tempted by. COVERAGE 252 of 252 = 100%, the only 100% in this batch: 209 styles state percentages and 43 state the hide by name only (lambskin 33, lambskin leather 7, calfskin 3, calfskin leather 3, lambskin shearling 1), counted as leather and therefore natural - the same open 'named without a percentage' case as Berluti's hides. MAIN FIBRE natural 228 / synthetic 21 / cellulosic 3 / none 0; exact 90.4762/8.3333/1.1905/0, largest remainder 91/8/1/0. TIES: 3, all natural under BOTH resolutions, so no cell moves. SPANDEX BOTH BASES: main fabric line 14 styles / 1 at 5%+ (the cells); anywhere in the string 14 / 1 - IDENTICAL, because Bottega states linings inside the same Material bullet rather than as separate labelled parts and none carries elastane. SUM CHECK: zero rows outside 100 +/- 1. SHAPE one: the only synthetic-led category is swimwear (2 of 2), excluded from the split verdict; jackets is the synthetic-heaviest real category at 10 of 70 and natural still leads it 58. natural_categories are the top three by natural count - jackets 58, trousers-and-shorts 42, shirts 42, with trousers-and-shorts listed first on the larger total. MEN'S/WOMEN'S/UNISEX: the row is the house's own men-collection-us tree and women's product sits in a separate women-collection-us tree that never enters - 252 men's, 0 women's, 0 unisex, men's-exclusive alternate 252. ALTERNATE DENOMINATORS: 274 uncollapsed URLs (the colourway count); 217 on the 6-character model stem (rejected, it merges different fabrics of one silhouette); the whole men-collection-us tree including bags, wallets, shoes, jewellery and travel (out of scope for a clothing row)."
Berluti,124,121,94,4,0,8,0,one,[],"[""Trousers & Bermudas"",""Polos & Tshirts"",""Leatherwear""]",product_code,185/124,31 locale indexes inside the fr-fr master index -> en-us only,not shopify,complete,https://www.berluti.com/en-us/sitemap-en-us_0-product.xml,"Census 2026-09-15. FEED: robots.txt advertises ONE sitemap, /fr-fr/sitemap-main-index.xml, exactly as the register says; that index lists 31 locale indexes including /en-us/sitemap-en-us_index.xml, which lists /en-us/sitemap-en-us_0-product.xml = 686 US product URLs, the register's 686. 686 fetched, 681 at HTTP 200, 5 errors, zero blocks, no bot challenge. SCOPE - THIS IS THE ROW. Breadcrumb level 2 over the 681 pages: Ready-to-wear 305, Leather Goods 246, Shoes 119, plus 11 pages whose breadcrumb is only 'Berluti > <product>'. 'Ready-to-wear' is NOT clothing: its own level-3 nodes include Socks 34, Hat/Scarves/Gloves 36, Sunglasses 28, All Accessories 20 and Ties & Handkerchiefs 5 - 123 URLs of accessories removed from inside the RTW tree. The clothing nodes are Trousers & Bermudas 29, Polos & Tshirts 28, Knitwear & Sweatshirts 25, Shirts 25, Coats & Blousons 23, Leatherwear 22, The Blouson Un Jour 11, Jackets & Suits 9 and 'All Ready-to-wear' 10 classified individually by product name, plus the odd-breadcrumb pages classified the same way = 185 clothing product URLs. SAME SHAPE AS FERRAGAMO AND FENDI: 686 US product URLs, 185 of them clothing, 124 styles. STYLE KEY: the ProductGroup JSON-LD's productGroupID; 185 clothing URLs -> 124 styles (444 groups across all 681). COMPOSITION SOURCE: #panel-composition-env > dd.tab-panel-section-content > the FIRST .tab-panel-section-separator, on the PDP itself. FOUR TRAPS ON ONE FIELD: (1) FURNITURE WITH A PERCENTAGE IN IT - the SECOND separator in the same panel is boilerplate reading 'Berluti favors the use of sustainable raw materials. Currently, more than 92% of the strategic materials used by the House are certified...', on every page; 6 styles with no composition of their own picked it up before it was filtered. (2) THE <br> SPLIT IN ITS WORST FORM YET - Berluti puts EACH FIBRE OF THE MAIN FABRIC on its own line ('61% Cotton' <br> '39% Mulberry Silk'), so taking the first line gives a 61% row, and it also splits INSIDE a fibre name ('62% Mulberry' <br> 'Silk 38% Cotton'); the rule used is that the main line is the leading run of lines carrying a percentage that do not begin with a part label and stops once the run reaches 100. (3) FRENCH ON AN EN-US PAGE - part labels 'Doublure' and 'Fond De Poches', fibres '100% Laine RWS', 'Agneau', 'Veau'; an English word list reads these as no-composition. (4) A BARE LABEL LINE FIRST - 'Outside' <br> '100% Wool' <br> 'Inside' <br> '100% Polyamide'; leading lines that are neither a percentage nor a fibre are dropped. COVERAGE: 98 percentage compositions + 23 stating the hide by name only ('Calfskin', 'Lamb', 'Venezia Calf Leather', 'Suede Lambskin' - counted as that hide, natural, the same open case as Ferragamo's deerskin and Herno's LEATHER: GOAT) = 121/124 = 97.6%. The 3 without are KRL247-YWFE, R27TCU89-002 and KBU09-YWFK, whose panel holds only the sustainability boilerplate. MAIN FIBRE natural 116 / synthetic 5 / cellulosic 0 / none 3; exact 93.5484/4.0323/0/2.4194, largest remainder 94/4/0/2. Leading fibres wool 36, cotton 29, calfskin 12, cashmere 11, mulberry silk 10, linen 7, lambskin 7, polyamide 3, lamb leather 2, polyester 2, calf leather 1, deerskin 1; all 5 synthetics are shells (4 coats/blousons, 1 knitwear). TIES: 0, so ruling 1 never fires and the last-listed resolution is identical. SPANDEX BOTH BASES: main fabric line 8 styles / 0 at 5%+ (the cells); anywhere in the string 17 / 4 - the 9-style gap is linings and pocket bags, and no main-line elastane reaches 5% anywhere in the range, so spandex_high_styles is a true 0. SHAPE one: no category is synthetic-led, the closest being Coats & Blousons at 13 natural to 4 synthetic, so synthetic_categories is []. SUM CHECK: zero rows outside 100 +/- 1 after the four traps were handled. MEN'S/WOMEN'S/UNISEX: the en-us site is menswear-only with no women's section and no unisex tag - 124 men's, 0 women's, 0 unisex, men's-exclusive alternate 124. ALTERNATE DENOMINATORS: the whole 'Ready-to-wear' breadcrumb including socks, hats, scarves, gloves, ties and sunglasses = 305 URLs (rejected - accessories, and sunglasses are not textile); all 686 US product URLs / 444 groups including shoes and leather goods (rejected for clothing-only scope, recorded as the Ferragamo/Fendi comparison); 185 clothing URLs uncollapsed (that is the colourway count)."
Charvet,NC,NC,NC,NC,NC,NC,NC,NC,NC,NC,NC,NC,NC,not shopify,partial,https://charvet.com/,"HELD 2026-09-15: there is no first-party channel that lists Charvet product, so there is nothing to measure. Fifteen minutes spent establishing that. (1) www.charvet.com: the register's TLS hostname mismatch is real - the certificate is not valid for that host. It was NOT bypassed and no warning page was accepted. (2) charvet.com, the apex without www, loads normally over TLS at HTTP 200 with a valid certificate, and it is a ONE-PAGE BROCHURE: the whole body is the Charvet crest, '28, place Vendome 75001 Paris', a telephone number, a mailto link, an Instagram link and opening hours 'Lundi - Samedi / Monday - Saturday 10h30 - 18h30'. The only two links on the page are mailto:contact@charvet.com and the Instagram profile. (3) Probed same-origin from inside that page: /robots.txt, /sitemap.xml, /sitemap_index.xml, /products.json, /shop, /boutique and /en all return HTTP 404 with the Apache default error body. There is no shop, no catalogue, no PLP, no PDP and no feed of any kind. Charvet has never sold online; it is a bespoke and ready-to-wear shirtmaker selling from one address and through stockists, and Charvet compositions exist only on stockist sites. The spec forbids a stockist, and Sugar Cane and Junya Watanabe were held on exactly this ground earlier in this pass, so this row is held the same way. styles_total is NC as well as the percentages: there is no first-party enumeration of the range, and importing a stockist's count would be the same error as importing a stockist's compositions. No bot challenge was engaged with and no TLS warning was clicked through."
Husbands,113,113,94,6,0,1,0,one,[],"[""shirts"",""jackets"",""suits""]",title_dedup,159/113,2 locales (fr root + /en) -> fr root only,1.2,complete,https://husbands-paris.com/products.json,"Shopify (husbands-paris-prod.myshopify.com), currency rate 1.2, storefront default locale FRENCH. CENSUS /products.json?limit=250: page1 159, page2 ZERO -> 159 live records, exactly the expected 159. RECONCILED against /sitemap.xml: the product sitemap carries 318 locs = the same 159 products twice, once as French handles at the root and once as English handles under /en/. The English handles 404 on the root path and 200 under /en/ (checked two by hand), so this is LOCALE duplication, not a bigger catalogue. collections.json products_count is stale/unpublished-inclusive (chemises says 73, the live collection feed returns 31) and was NOT used as a census. LANGUAGE: composition is served in FRENCH on the measured root - 'coton','laine','lin','soie','cachemire', 'polyester recycle','elasthanne','viscose','cuir de veau','cuir d'agneau','poil de chameau'. An English fibre list returns 0 compositions here. Lexicon was accent-folded and word-boundary matched (needed: 'lin' is a substring of 'lining' and of 'linen'). FIELD: composition is NOT in body_html (0 of 159 records contain a percent sign) and NOT in tags (tags are drop codes H01-H15). It is a PDP metafield rendered as <ul class=metafield-single_line_text_field-array> under a 'Composition' heading, ONE FIBRE PER <li> - the Theory/Boglioli element-boundary trap. A naive per-element read returns '65% polyester recycle' alone and sums to 65. Fix: concatenate consecutive <li> until the first PART-LABELLED li. All 159 PDPs crawled same-origin by XHR, 0 errors, location.host asserted per iteration. RULING 2: the only part labels in the whole house are 'doublure' (lining, 83 styles), 'semelle interieure' (insole, 11), 'cotes' (rib, 3) and 'deuxieme tissu' (second fabric, 1). All four excluded from the main line. This matters: the linings are 100% viscose/cupro on most tailoring, so a whole-string read would have manufactured a cellulosic house. Main-line cellulosic is 0; 'anywhere in the string' cellulosic would be ~60. SUM CHECK: 113 of 113 compositions sum to 100 +/-1. Zero parse failures. STYLES: Husbands merchandises every colourway as its own product record (options are Taille/size only; colour is in the title after ' - ' and in the SKU stem). Dedup key = title stem before ' - ' PLUS the main composition, so pure colourways collapse but genuinely different cloths under one model name do not: 159 records -> 113 styles. Of the 27 title-stem groups with more than one record, 23 carry an identical composition (true colourways) and 4 differ (e.g. VESTE DROITE EN VELOURS DE COTON is 98% coton 2% elasthanne in one colour and 100% coton in another). Alternates: record basis 158 garments -> 95/5/0 (same row to the integer); pure title-stem collapse 109; SKU model-stem (season_model) collapse 101, rejected because it merges flannel and corduroy under one code. 1 record removed as not a garment: e-carte-cadeau (e-gift card, the single no-composition row). GENDER: Husbands is a single-gender men's house. No gender field exists because nothing else is sold - the 'robes' collection returns 0 live products, and there is no women's or unisex tree. Ruling 7 moves nothing: men's 113, women's 0, unisex 0, men's-exclusive alternate = 113. SCOPE (the open question, as at Carhartt): the 113 include 9 shoes, 6 belts, 4 small leather goods, 4 ties and 1 scarf. CLOTHING-ONLY alternate = 89 styles, 82 natural / 7 synthetic / 0 cellulosic = 92/8/0. The row as filed carries all men's product; the clothing-only reading moves natural down 2 points because every shoe and belt is 100% calf or lamb leather. TIES: 2, both '50% polyester, 50% laine' trousers, resolved to POLYESTER by ruling 1 (first-listed). The other resolution gives 108 natural / 5 synthetic = 96/4/0 instead of 94/6/0. SPANDEX on both bases: MAIN-LINE 1 style (98% coton 2% elasthanne velvet jacket), 0 at 5%+. ANYWHERE-IN-STRING 1 style, 0 at 5%+ - identical, because no lining or rib in this house carries elastane. This is a genuinely stretch-free tailoring range, not a disclosure gap. FABRIC-GRADE NUMERALS: pre-stripped (curly and straight apostrophe, 'Super NNN'); Husbands never writes a Super number in the composition field, it writes cloth names in the title only. HAND VALIDATION: rendered PDP trench-coat-en-gabardine-de-polycoton-bleu-marine shows exactly '65% polyester recycle' / '35% coton' / 'doublure : 51% viscose 49% coton' in the Composition et entretien panel - matches the scraped value. SHAPE: one. No category is synthetic-led; the nearest is manteaux at 9 natural / 3 synthetic."
Brioni,826,795,89,5,2,43,0,one,[],"[""trousers"",""shirts"",""jackets""]",product_code,1213/826,78 locale sitemaps in the index -> en/us only,not shopify,complete,https://www.brioni.com/en/us/sitemap.xml,"READ THIS FIRST - THE ONE THING THIS ROW DOES NOT PIN DOWN IS THE MEN'S/WOMEN'S BOUNDARY. Brioni publishes NO gender field: there is no genderCode, no macroCategory, no breadcrumb and no gender tag anywhere in the PDP payload (all four checked by name). Brioni does sell womenswear on this site - the 'La Donna' line - and it is real: the Flavia blazer (RGFH0MOE40P2525) is sized IT 38/40/42/44 and sits in the catalogue alongside the men's range. I enumerated both women's landing pages before the site cut me off: /ca/womenswear returns 12 products plus a book, /ca/la-donna returns 12 plus the same book, and several entries on the la-donna grid are men's pieces shown for styling (Appia tassel loafers, a Virgilio double-breasted). So the women's range is at most ~24 of 1213 listings, about 2%, and part of that is men's product. Excluding it cannot move a rounded cell at this scale, but it was not excluded and this row is therefore men's-plus-a-2%-women's-tail, not a clean men's row. Said plainly rather than papered over. WHY IT COULD NOT BE FIXED: after the 1213-PDP composition crawl (which completed cleanly, 1213 x HTTP 200, zero errors) a SECOND pass to capture the size ladder - the signal that separates women's IT 38-46 from men's IT 46-62 - was cut off by the site's WAF at 152 of 1213 with HTTP 403, and the block then extended to ordinary page navigation ('Access Denied'). No bot challenge was engaged with, no evasion attempted, and the crawl was stopped. Everything below was captured BEFORE the block, at 200. CENSUS: /robots.txt names /sitemap_index.xml (recorded as provenance); the index lists 78 per-locale sitemaps; /en/us/sitemap.xml is a flat urlset of 1422 locs of which 1213 are /pr/ product URLs - exactly the 1213 expected. /en-us redirects into /en/us. /en/us/sitemaps/0/sitemap-products.xml (the McQueen spelling) 404s. All 1213 PDPs fetched same-origin by XHR at concurrency 10, location.host asserted per iteration: 1213 x 200, ZERO 404s, so feed and sitemap are the same thing here and there are no dead records. FIELD, AND THE FIELD THAT LOOKS LIKE IT: composition is the escaped-JSON key compliantComposition inside the RSC payload - 'FABRIC: 65% SILK -  35% CASHMERE -  EXCLUSIVE OF CLOSING THREAD AT THE EDGE'. Present on 1071 of 1213 listings. The JSON-LD 'material' key is the Etro/Fendi trap and was VALIDATED, not assumed: on the 1041 listings carrying both, the two agree on fibre and percentage on 879 and disagree on 27. Every disagreement is the same fault - JSON-LD gives a WHOLE-GARMENT blend where compliantComposition gives the main fabric line ('FABRIC: 81% SILK - 19% WOOL - LINING: 100% CUPRO' vs 'Silk: 76%, Wool: 24%'), which ruling 2 forbids. compliantComposition is therefore primary on 606 of 826 styles, and JSON-LD material is used ONLY as a fallback where compliantComposition is absent or '$undefined' - 190 styles, almost all shoes, belts and gabardine trousers reading 'Leather: 100%' or 'Wool: 100%'. Without the fallback coverage would be 73%; with it, 96%. Both figures are on the record. RULING 2 - Brioni separates BOTH its fibres AND its parts with the same ' - ' hyphen, so a naive split on the separator fuses shell and lining. Parts are recovered by locating the uppercase 'LABEL:' markers instead. The complete label list, counted not guessed: FABRIC 850, LINING 206, LINING 1 205, LINING 2 201, GENUINE LEATHER 161, GENUINE LEATHER 1 53, FABRIC 1 51, FABRIC 2 44, LINING 3 30, POCKET LINING 26, FILLING 11, LAMBSKIN GENUINE LEATHER 10, EMBROIDERY 10, PARTS IN KNITTED FABRIC 8, TUNISIA LINING 4, LEATHER DETAILS 3, LAMBSKIN FILLING 2, JACKET LINING 1, SPAIN LINING 1, APPLICATION 1. FABRIC/FABRIC 1/GENUINE LEATHER are main; every LINING variant, POCKET LINING, FILLING, EMBROIDERY, APPLICATION, LEATHER DETAILS, PARTS IN KNITTED FABRIC and FABRIC 2 are not. 'FABRIC 2' is the Peserico TESSUTO 2 shape and would otherwise have been taken as a main line on 44 listings. The linings here are overwhelmingly 100% CUPRO and 100% VISCOSE, so a whole-string read would have manufactured a large cellulosic share; main-line cellulosic is 14 styles (2%). SUM CHECK: ZERO rows outside 100 +/- 1 across all 795 scored styles. LANGUAGE: English on all but the jewellery, which is written in ITALIAN - 'ARGENTO: 100%' on 11 cufflink and bracelet styles. Caught by an explicit unknown-class counter (they sum to 100, so the sum check passed them) and classified synthetic as metal, the same treatment silver got at Lemaire in this batch. One style reads 'OTHER FIBRES' and is left as no-composition. FABRIC-GRADE NUMERALS: the pre-strip matters here - Brioni sells 'essential-charcoal-grey-SUPER-160S-wool-gabardine' trousers, so the grade is in the product NAME. Composition is read only from the composition field, never the name, and the grade strip (straight and curly apostrophe, bare 'Super NNN') is applied inside the percentage chunk with the class taken by keyword search, so 'SUPER 160'S WOOL' still reads wool. STYLES: the product code is 15 characters, model(6) + fabric(5) + colour(4) - e.g. O90G00 OE40Q 1113. Dedup on the 11-character model+fabric stem plus the composition: 1213 listings -> 826 styles. colourway_ratio 1213/826 = 1.47. ALTERNATE DENOMINATOR: one listing = one style gives 1213 / 1175 with composition / 90/5/2. TIES: 5, and ALL FIVE are natural over natural, so ruling 1 changes nothing at all here - the other resolution gives exactly 89/5/2. SPANDEX ON BOTH BASES: MAIN FABRIC LINE 43 styles with any elastane, 0 at 5% or more - the elastane percentages in the whole house are 1% (8 styles), 2% (27) and 3% (8), and nothing higher exists on a main line. ANYWHERE IN THE STRING (linings, fillings, knitted parts included) 48 styles and 3 at 5% or more. The cell carries the main-line figure per ruling 2. Counts are over 795 disclosed styles (96%). CATEGORIES were derived from the product-URL garment noun, because Brioni's PDP carries no category field and its PLPs render client-side; that is a weaker source than a house category field and is flagged as such. SCOPE ALTERNATE (clothing only - suits, jackets, outerwear, trousers, shirts, t-shirts/polos, knitwear, nightwear): 507 styles, 495 with composition, 474 natural / 12 synthetic / 9 cellulosic = 94/2/2. Dropping ties, pocket squares, shoes, leather goods, belts, scarves, hats, gloves, eyewear, jewellery, fragrance and one book moves natural up five points. HAND VALIDATION: /en/us/pr/brown-herringbone-silk-flavia-blazer-RGFH0MOE40P2525 was opened in the browser and its 'Product care and composition' accordion expanded by hand. It renders 'FABRIC: 100% silk - LINING 1: 100% cupro - LINING 2: 100% cotton - contains non-textile parts of animal origin' - byte-for-byte the compliantComposition value, confirming the field is what the shopper sees. That same page is also what revealed the women's line, from its IT 38-44 size ladder. SHAPE: one. No category is synthetic-led; the closest is '(other)' (cufflinks, bracelets, capes, windbreakers) at 19 natural / 19 synthetic."
Isaia,319,228,70,1,0,26,4,one,"[""Swimwear""]","[""Knitwear"",""Jacket"",""Shirt""]",product_code,336/319,none,1.0,complete,https://www.isaia.it/products.json,"Shopify on the .it domain (isaiashops.myshopify.com), currency.rate 1.0, active EUR, document lang 'en'. No US domain: /us_en/ and /en-us/ both 404, so the root was measured; locale_dedup none. CENSUS /products.json?limit=250: p1 250, p2 91 (ALL 91 ids new and disjoint from p1), p3 zero -> 341 records. THREE-WAY RECONCILIATION: sitemap product files = 336 locs; /collections/mens-collection live feed = 336; feed = 341. The 5 extra feed records all 404 on their PDP (fw24 shoes: boot-calf, derby-calf, single-monk-calf, tassel-loafer-calf, penny-loafer-calf) - the Wax London direction, a feed that is a superset of the live range. Nothing is in the sitemap that is not in the feed. Live range = 336. collections.json products_count is useless here (mens-collection says 5738 against 336 live) and was not used. LANGUAGE - the brief's Italian warning did NOT materialise on this storefront. Isaia serves its .it site in ENGLISH: all 65 distinct composition strings are English words, percent-first, e.g. '60% Wool 28% Polyamide 6% Elastane 6% Silk'. ZERO Italian words (no Lana/Cotone/Lino/Seta/Poliammide/Elastan/Viscosa) and ZERO bare EU codes (no PL/PA/WS/WY/WO) anywhere in the 245 disclosed strings. The Italian and EU-code lexicons were loaded anyway and fired zero times - checked, not assumed. FIELD: composition is NOT in body_html (0 of 341 records carry a percent sign), NOT in tags (tags are the product code CODE_000_FABRIC plus season and silhouette names) and NOT in product_type. It is a PDP metafield rendered as <div class=metafield-rich_text_field> inside a <details class=accordion> whose <h3> is 'Fabric composition'. The other three accordion titles in the house are 'Product details' (336/336), 'Delivery and returns/exchanges' (336/336) and 'Product care' (137) - counted, so no second composition label is being missed. All 341 PDPs fetched same-origin by XHR at concurrency 6, location.host asserted per iteration: 336 x 200, 5 x 404. COVERAGE AND WHY IT IS 71%: 245 of 336 live products carry a Fabric composition with percentages. The 91 that do not are 88 FW26 products and 3 SS25 sunglasses. The gap is a SEASON, not a category and not a parse failure: disclosure by season is fw26 62 disclosed / 88 not, ss26 87/0, fw25 77/0, ss25 11/3, fw24 2/0. The newest drop has not had its composition metafield filled in yet. 228/319 = 71% after dedup, above the 60% partial line, so status is complete - but the spandex cell is a count over 71% of the range and is stated on that basis. The 3 sunglasses say 'FIBRA CARBONIO' with no percentage - the composition-without-percentage open question; they are counted as no-composition, not as synthetic. SUM CHECK: 228 of 228 scored compositions sum to 100 +/- 1. Zero rows outside the band, zero element-boundary splits (no <br>, <span> or <div> inside the field: 0 of 245 strings contain an element boundary). TWO FIBRES THE LEXICON MISSED and were fixed by hand after the unknown-fibre check flagged them: '100% LAMB' (8 styles, lambskin outerwear and gloves) and '100% Deer' (3 styles, deerskin gloves). Both natural. Without the unknown-class check these 11 would have filed silently as no-composition. STYLES: options are Size AND Color, so colour is a variant inside one record here, not a separate record. Dedup on the house's own product code tag (CODE_000_FABRIC) plus composition: 336 live listings -> 319 styles, 17 collapsed. colourway_ratio 336/319 is close to 1 for the honest reason that Isaia already folds colour into the record; the 17 that collapse are the same code re-listed across two seasons. ALTERNATE DENOMINATOR: one listing = one style gives 336 / 232 with composition / 70 / 1 / 0 - same row. GENDER - ruling 7: men's 319, women's 0, unisex 0. Three independent checks agree: 0 of 114 collections match women/donna/femme; 317 of 336 PDP breadcrumbs read Home > Men > ... and the other 19 have no gender crumb at all (none reads Women); and the site's WOMEN nav item points at /pages/discover-the-isaia-womens-collection, an editorial lookbook with no shop. Ruling 7 moves nothing; men's-exclusive alternate = 319. SCOPE: the 319 include 11 ties, 10 shoes, 9 hats, 5 gloves, 3 sunglasses, 2 bags, 1 scarf and 1 accessory (42). CLOTHING-ONLY ALTERNATE: 277 styles, 195 with composition, 191 natural / 4 synthetic / 0 cellulosic = 69/1/0. TIES: ZERO. No composition in the house has two fibres at the same highest share, so ruling 1 never fires and the other resolution is identical. SPANDEX ON BOTH BASES: MAIN FABRIC LINE 26 styles with any elastane, 4 at 5% or more. ANYWHERE IN THE STRING 26 and 4 - IDENTICAL, because Isaia states exactly one fabric line per product and never states lining, rib or trim. Both counts are over the 228 disclosed styles, i.e. 26 of 228 (11%), not 26 of 319. The 4 high styles are all the same cloth, a 60% Wool 28% Polyamide 6% Elastane 6% Silk sport jacket. RULING 2: no multi-part composition exists in this house - no part labels, no lining lines, no 'TESSUTO 2', no en-dash separators. The suits (10 styles) state ONE cloth for the whole suit, so the jacket/trouser split case does not arise here. FABRIC-GRADE NUMERALS: pre-stripped for straight and curly apostrophes and bare 'Super NNN', with the class taken by keyword search inside the percentage chunk. Isaia writes no Super grade in the field. HAND VALIDATION: rendered PDP ss26-sw7308-000-97541-varsity-bomber-wool shows the accordion 'Fabric composition: 60% Wool 28% Polyamide 6% Elastane 6% Silk' - matches the scraped string exactly, sums to 100, wool leads (natural), elastane 6% (high). A second rendered PDP, the FW26 Capri suit, confirms the undisclosed case is genuinely undisclosed: the page has no Fabric composition accordion at all and no percent sign anywhere in body text. SHAPE: one. The only synthetic-led category is Swimwear (4 of 4 at 100% Polyester), which the spec excludes from the split verdict."
The Row,311,311,97,2,1,3,0,one,[],"[""PANTS"",""SWEATERS"",""JACKETS""]",product_code,414/311,none,1.0,complete,https://www.therow.com/products.json,"Shopify (therownyc.myshopify.com), currency.rate 1.0, USD, lang en. locale_dedup none - single US storefront. CENSUS /products.json?limit=250: pages 1-9 x 250, page 10 x 233, page 11 ZERO -> 2483 records, every page's ids disjoint from the last. 1169 OF THE 2483 ARE NOT PRODUCTS. product_type 'Product Look' (1169 records) is the lookbook - the Sease and Peserico 'Look' trap. They are the ONLY records with no DIV_ tag (1169 of 1169), so the two tests agree exactly. Removed. Live product range = 1314. THE MEN'S BOUNDARY - the real work here, and TWO independent house fields that agree. (1) The house's own division tag: DIV_MEN'S RTW 286, DIV_MEN'S FOOTWEAR 57, DIV_MEN'S SMALL LEATHER GOODS 17, DIV_MEN'S ACCESSORIES 14, DIV_MEN'S ACCESSORIES+DIV_WOMEN'S 11; DIV_WOMEN'S RTW 408, WOMEN'S HANDBAGS 196, WOMEN'S FOOTWEAR 180, WOMEN SMALL LEATHER GOODS 34, WOMEN'S BELTS 29; and three genderless divisions - SOFT ACCESSORIES 54, EYEWEAR + MISC 18, CONSIGNMENT 10. (2) Live membership of the house's own 73 gendered collections (men-*, mens-*, collection-mens-*, women-*, ...), enumerated page by page with a stop-on-no-new-ids loop: 519 ids in men's collections, of which 126 are Product Look records, leaving 393 real men's products; 1614 in women's collections. The cross-tab of the two fields: 363 men's-DIV products sit in men's collections, 11 men's-DIV products sit in no gendered collection, 840 women's-DIV in women's collections. The two fields never contradict each other on a garment. MEN'S ROW = has a men's DIV tag OR appears in a men's collection = 414 listings. Women's-only 882. 18 belong to neither (8 ACCESSORIES-APAC, 10 Galerie) and are excluded as neither men's nor clothing. 414 + 882 + 18 = 1314 exactly. RULING 7: 22 of the 311 styles are unisex (they appear in BOTH the men's and the women's tree). Every one is an accessory - 11 eyewear/accessories, 5 totes, 2 top-handle bags, 1 shoulder bag, 1 small leather good, 1 flat, 1 men's-accessory. THERE IS NO UNISEX CLOTHING AT THE ROW. MEN'S-EXCLUSIVE ALTERNATE: 289 styles, 289 with composition, 283 natural / 5 synthetic / 1 cellulosic = 98/2/0 against the filed 97/2/1. Ruling 7 moves this row by one point of cellulosic, and it is three pairs of acetate sunglasses. FIELD: composition is NOT in body_html (0 of 2483 records carry a percent sign) and NOT in tags. It is the first bullet of the PDP 'Details' collapsible: <ul><li>100% Wool</li><li>Made in Italy</li></ul>. Unlabelled - the Rag & Bone shape. The house's four collapsible headers were counted so no second field could hide: Details 414/414, Shipping & Returns 414/414, Material & Care 203, Size & Fit 122. THE FIELD THAT LOOKS LIKE THE COMPOSITION AND IS NOT: 'Material & Care' is marketing prose that carries a percentage on 10 of 414 styles ('100% merino wool knit using a single-ply jersey stitch resulting in...'). It was checked against Details on all 414 and rejected; Details carries a percentage on 414 of 414 and Material & Care adds nothing (0 styles have a percentage in Material & Care but not in Details). ELEMENT BOUNDARY: every <li> and </li> was converted to a pipe before parsing. This matters - the rendered innerText of the Details panel concatenates the bullets with NO separator ('100% CashmereLined in 100% SilkMade in Italy'), so a DOM-text read would have fused the shell and the lining into one string. RULING 2: 112 of 414 styles state more than one part, and the part label is a PHRASE, not a 'Label:' form - 'Lined in 100% Cotton', 'Lined in 65% Polyester, 35% Cotton'. Handled by testing the leading words of each segment against the non-main list. Dimension bullets ('17 x 12 x 6.3 in.', '1.2 in. heel', 'Handle: 10.5 in. drop') carry digits but no percent sign and are filtered out by the percent test. SUM CHECK: 311 of 311 sum to 100 +/- 1. Zero parse failures, zero unknown fibres, zero no-composition rows - 100% coverage. STYLES: dedup on the house's own Style_ tag (Style_R001245) plus the composition; 24 records carry no Style_ tag and fall back to the handle. 414 live listings -> 311 styles, colourway_ratio 414/311 = 1.33. Pure Style_ collapse would give 272, which merges the same block in different cloths and was rejected. ALTERNATE DENOMINATOR: one listing = one style gives 414 / 414 / 394 natural / 9 synthetic / 11 cellulosic = 95/2/3. TIES: 4. Three are natural-over-natural ('50% Cashmere, 50% Virgin Wool', '50% Cashmere, 50% Cotton' x2) and change nothing. One is '50% Bronze, 50% Lambskin Leather', filed SYNTHETIC by ruling 1 (bronze first); the other resolution makes it leather and gives 302 natural / 5 synthetic, which still rounds to 97/2/1. SPANDEX ON BOTH BASES: MAIN FABRIC LINE 3 styles with any elastane, 0 at 5% or more. ANYWHERE IN THE STRING 3 and 0 - identical; the whole men's range contains exactly three elastane mentions and all three are the same '99% Cotton, 1% Elastane' trouser cloth. Over 100% coverage, so this is a real zero at 5%+, not a disclosure gap. The Row is a comfort-stretch-only house. SITEMAP: /sitemap.xml is a sitemapindex with 946 children, 567 of them sitemap_products_N.xml?from~..&to~.., id-range slices. Files 1 and 5 are disjoint (83 and 787 handles), and 12 files sampled across the index carry 5190 product locs of which 5190 - ALL of them - are handles present in the feed: the sitemap has nothing the feed lacks. It is unusable as a census (567 files x ~430 locs against a 2483-handle catalogue is ~99x duplication by overlapping id ranges) and enumerating it would be a quarter of a million fetches for no new handle. The other direction is covered by the crawl: all 414 men's PDPs returned HTTP 200, zero 404s, so there are no dead records in the men's range. HAND VALIDATION: /products/zach-jacket-brown-melange rendered in the browser shows Details = '100% Cashmere / Lined in 100% Silk / Made in Italy'. The extractor takes 100% Cashmere (natural) and drops the silk lining. The whole measurement was also run TWICE end to end, in two separate page sessions, and reproduced cell for cell (311 / 311 / 301 / 6 / 4 / 3 / 0). SHAPE: one. No category is synthetic-led anywhere in the men's range - the closest is SMALL LEATHER GOODS at 2 natural / 1 synthetic on three styles."
Lemaire,283,279,85,14,0,5,1,one,"[""jewellery""]","[""bags"",""small_leather_goods"",""coats_jackets""]",product_code,438/283,"7 locales in sitemap (root/en + fr,de,it,es,ja,ko) -> root en only",1.18264,complete,https://www.lemaire.fr/products.json,"Shopify on the .fr domain (lemaire-eu.myshopify.com), currency.rate 1.18264, active USD, document lang 'en' - an ENGLISH storefront on a French domain, as the brief said; there is no .com store. CENSUS /products.json?limit=250: p1 250, p2 250, p3 250, p4 62, p5 ZERO -> 812 records, every page's ids disjoint from the last (checked). RECONCILIATION BOTH DIRECTIONS: /sitemap.xml has 7 product files carrying 5306 locs, which are 758 UNIQUE handles x 7 locales (root/en 758, plus fr, de, it, es, ja, ko at 759 each) - the Baracuta locale-duplication shape, which colourway_ratio cannot see. Unique live handles 758 against 812 feed records: the feed is a SUPERSET by 54 dead records. That was proved, not assumed: of the 481 men's+unisex handles crawled, 43 returned 404, and ALL 43 are absent from the sitemap. Nothing is in the sitemap that is not in the feed. Live men's+unisex listings = 438. GENDER - the house's own field, as ruling 7 requires. Lemaire tags every product tagRayon|M, tagRayon|W and/or tagRayon|U. Combinations over 812 records: MUW 341, W 318, M 139, UW 1, none 13 (12 of the 13 are Parfums). A second independent signal, a -men-/-women-/-unisex- token inside the handle, agrees on 747 of 812. RULING 7 APPLIED: men's row = M + U = 481 listings -> 438 live -> 283 styles, of which 195 are unisex and 88 are men's-exclusive. MEN'S-EXCLUSIVE ALTERNATE: 88 styles, 87 with composition, 83 natural / 4 synthetic / 0 cellulosic = 94/5/0 instead of 85/14/0. Women's-only (excluded) = 318 listings. THE UNISEX TAG IS GENUINE HERE, checked against the type cross-tab: Dress 20/20 and Skirt 8/8 are tagged W only, and the MUW block is overwhelmingly accessories (Bag 141, Small/Medium Leathergoods 64, Jewellery 51, Belt 13, Textile Accessory 22) plus a little outerwear. This is NOT the Carhartt fault of women's product filed as unisex - but it IS the Carhartt SCOPE problem: ruling 7 admits Lemaire's whole accessories catalogue into the men's row, and 187 of the 283 styles are bags, leather goods, jewellery, shoes and belts. SCOPE ALTERNATE (clothing only: coats/jackets, knitwear/jersey, shirts, tops, trousers, denim): 94 styles, 93 with composition, 87 natural / 6 synthetic / 0 cellulosic = 93/6/0. Scope moves this row 8 points of natural - far more than gender does. The filed row carries all men's+unisex product. FIELD: composition is NOT in body_html (0 of 812 records carry a percent sign) and NOT in tags. It is in the PDP tab-section content as a single <p> with <br> separators: 'Main Material: 80% Alpaca 20% Polyamide<br>Patch: 100% Calf Leather<br>Hand wash<br>...'. 281 of 283 strings contain an element boundary - the Boggi <br> trap in its pure form; every <br> was converted to a pipe before parsing. COMPOSITION LABELS VARY INSIDE THE HOUSE (the Balenciaga fault), counted not guessed: Main material 188, Main Material 174, Main lining 104, Main Lining 86, Main Fabric 42, main lining 38, Main fabric 31, Second Fabric 23, Second material 22, Secondary material 17, Secondary Material 15, second Material 12, Jacron 9, Care 18. THE DANGEROUS ONE IS 'Main Lining': it starts with the word 'main', so a main-line regex keyed on /^main/ accepts it. The part-label test therefore checks the NON-MAIN list FIRST and the main list second. Getting this wrong would have made Lemaire a cellulosic house: all 15 viscose mentions in the men's range are in linings (51% Cotton 49% Viscose is the house lining cloth), and main-line cellulosic is 0. RULING 2: main fabric line only - Main material/Main Material/Main Fabric/Main fabric accepted; Main Lining, Second Lining, Second/Secondary Material, Second Fabric, Patch and Jacron all excluded. SUM CHECK: 279 of 279 scored compositions sum to 100 +/- 1. Zero parse failures. LANGUAGE: English on 279 of 283, but 4 styles write the fibres in FRENCH under an English label ('Main Material: 67% coton, 33% polyester', 'main lining: 100% coton'). An English-only fibre list drops those silently. The lexicon used is accent-folded and bilingual (coton/laine/lin/soie/cuir/elasthanne). FIBRES THE LEXICON MISSED, caught by an explicit unknown-class counter rather than by the sum check (they all sum to 100): '100% buffalo' (6) and '100% sheep' (4), both leather, reclassified natural by hand. Two jewellery styles state a GEMSTONE ('100% Yellow Snake Jasper', '100% Angelite'), which is not a fibre class at all; they are counted as no-composition, not as natural or synthetic. STYLES: options are size only (Size_Apparel / Size_Bags / Size_Shoes / Size_Jewellery), so each colourway is its own record. Dedup key = the house's own style code, the first token of the variant SKU (e.g. SL0135 in 'SL0135 CO0045_BK927_OS'), plus the composition, so colourways collapse and different cloths under one style code do not. 438 live listings -> 283 styles, colourway_ratio 438/283 = 1.55. ALTERNATE DENOMINATOR: one listing = one style gives 438 / 433 with composition / 83/16/0. TIES: 8 on the filed basis (19 before dedup). 5 are natural-over-natural and change nothing; 2 are synthetic-led with a natural alternate and 1 is natural-led with a synthetic alternate. THE OTHER RESOLUTION gives 241 natural / 38 synthetic, which rounds to the same 85/14/0. Typical tie: '50% Alpaca 50% Yak'. SPANDEX ON BOTH BASES: MAIN FABRIC LINE 5 styles with any elastane, 1 at 5% or more. ANYWHERE IN THE STRING 5 and 1 - identical, because no lining, patch or second fabric in the men's range carries elastane. Counts are over 279 disclosed styles (98.6% coverage), so they are real counts, not a disclosed-fraction artefact. Lemaire is a near-stretch-free house. FABRIC-GRADE NUMERALS: pre-stripped for straight and curly apostrophes and bare 'Super NNN'; Lemaire writes none. No suit in the range states jacket and trouser cloth separately. HAND VALIDATION: /products/wrap-coat-black-fall-winter - the RENDERED DOM and a fresh same-origin XHR of the same path both give 'Main Material: 100% Wool | Main Lining: 100% Cotton'. The extractor takes 100% Wool (natural) and drops the lining, which is the correct ruling-2 answer. SHAPE: one. The only synthetic-led category is jewellery (24 of 32, brass/zamak/silver), which is metal rather than cloth; every clothing category is natural-led."
Jil Sander,124,124,83,15,2,0,0,one,[],"[""Knitwear and Sweatshirts"", ""Shirts"", ""Tops and T-Shirts""]",product_code,149/124,42 locales -> en-us only,not shopify,complete,https://www.jilsander.com/en-us/men/ready-to-wear/view-all,"SFCC. Composition is a <li> in the Details dot-list (no c_materialComposition; the only 'material' string on the PDP is newsletter consent text) - furniture-adjacent, so only %-bearing <li> are read. Sitemap index has 2 children and the briefed sitemap_0.xml holds ONE loc (homepage); catalogue is sitemap-en-us.xml, 834 products, all 149 men's RTW ids present. Search-ShowAjax paging is CUMULATIVE (40/80/120/149) and sz is ignored, so the disjoint test fails by design - the set grows by page size. 0 ties. 0 elastane on any basis and 0 'stretch' words on 149/149 rendered pages; polyurethane-as-elastane reading gives 2 styles, 0 at 5%+. Men's RTW 149 listings/124 styles vs women's RTW 225, zero id overlap, so zero unisex - ruling 7 moves nothing. Style key = 14-char model+fabric stem (colour is the trailing 4); 0 composition conflicts among the 25 collapsed colourways. Alternates: 119 model stems -> 82/16/2; 149 listings -> 84/15/1. Accessories (165) excluded as non-clothing. 2 down jackets file synthetic on the shell-first rule."
Acne Studios,259,259,89,4,7,15,5,one,[],"[""Jeans"", ""T-Shirts"", ""Outerwear""]",product_code,362/259,72 locale prefixes -> us/en only,not shopify,complete,https://www.acnestudios.com/us/en/man/,"SFCC. The 393 is a sitemap artefact: 80 undifferentiated children, 39,620 locs over 72 locale prefixes, of which /us/en holds 390 products - only 171 of the 362 measured men's clothing listings appear in it at all. Census is the house's own cgids via Search-ShowAjax, counting the per-tile CQuotient cq_params.products id (no data-pid in the fragment; the rendered PLP lazy-loads 28 of 56). cgid=man-clothing is 33 SHORT (348 of 381) - jeans, heritage and seasonal-denim carry products it does not. Paging verified disjoint (24/24/8, zero overlap, start past end returns 0). Composition is the SECOND <ul> in .decorate-lists; the first is construction bullets and 45 of them carry a real 'Contains 50% RWS certified wool' percentage - furniture that parses. Hand-validated on a rendered PDP. First-part label is Shell on 257 of 259. 6 ties; the other resolution gives the identical row (the modal/cotton and cotton/viscose ties cancel). Spandex 15/5 main line, 19/9 anywhere; polyurethane-as-elastane changes nothing (no PU in any main-cloth composition); no named stretch without a percentage. 259 styles = model stem, 0 composition conflicts; the house's own Style ID was rejected as the key (covers 300 of 362, 3 conflicts). 43% unisex (111 of 259) kept under ruling 7; men's-exclusive alternate 148 styles -> 81/7/12, spandex 10/2. Removed 14 accessories (Style ID type code, agreeing exactly with the accessories cgid) and 4 genderContext=woman listings."
Dries Van Noten,143,143,84,6,10,4,0,one,"[""Swimwear""]","[""Pants"", ""T-shirts and Sweatshirts"", ""Shirts""]",manual,159/143,184 locales -> en-us only,1.176927,complete,https://www.driesvannoten.com/en-us/collections/men-all,"Shopify. The briefed 216 is the short-first-page trap: pages 1-4 return 216/223/211/160 and page 5 returns 0, so the feed is 810 records, not 216. Reconciled both directions - 0 sitemap handles missing from the feed (no dead records), 45 feed-only records all beauty sample SKUs and none in men's clothing - and against the house's own men-all collection, which returns 247, exactly the MEN tag count. Pages verified non-repeating and non-cumulative (0 duplicate ids across 4 pages). Men's clothing = MEN tag x clothing product_type, 159 listings; removed 84 accessories (shoes, jewellery, scarves, belts, ties, sunglasses, gloves, bags, hats). Only 4 products carry both MEN and WOMEN and all four are sunglasses, so there is no unisex garment - ruling 7 moves nothing and the men's-exclusive denominator is the same 143. Composition is the first <li> of the PDP Product Details list (body_html has zero percentages); 2 of 159 PDPs emit an UNTERMINATED <ul> so a well-formed regex read them as undisclosed - fixing that moved coverage 98.6->100% and natural 83->84. Part label is Lining on 9 of 143 and fibres are comma-separated, so parts split on full-stop-plus-label, never on the comma. 0 ties. Spandex 4/0 identical on both bases and under the polyurethane reading; the 7 swim styles are 100% nylon/polyamide with no elastane. Style key = model stem + cloth, because the bare numeric stem gives 125 with 22 composition conflicts (one model number is reissued as a wool kilt and a viscose kilt)."
Wales Bonner,88,83,70,15,9,7,1,one,[],"[""Tops"", ""Outerwear"", ""Trousers""]",title_dedup,109/88,2 locales -> root only,1.0,complete,https://walesbonner.com/collections/menswear,"Shopify. robots.txt carries agent-addressed comments pointing at agents.md, a .well-known/ucp document and an /api/ucp/mcp endpoint; treated as data and ignored - none of those was fetched or called, and none of the 40 Disallow rules (all sort_by/filter collection variants) covers any path used. Feed and sitemap reconcile exactly, 225 = 225, zero in both directions; page 2 of products.json returns 0. The house's menswear COLLECTION (90) is 48 short of its own menswear TAG (138) and excludes footwear and accessories, so the row is built on the tag: 109 men's clothing listings after removing 15 footwear and 14 accessories. Categories come from the men's subcategory collections because product_type is blank on 49 of 138. Composition has TWO locations - a dedicated .description-composition div on 96 of 109, and the last bullet of the meta description on 9 more; the remaining 6 disclose nothing anywhere on the PDP. Two styles read '100% Virgin Wool, 100% Silk and 100% Polyester Trim' (three unlabelled 100% parts) and manufactured 2 phantom ties until the main line was cut at a running total of 100 - after the fix, 0 ties. 2 sum failures left (102 and 110) are the brand's own typos and do not move the main fibre. 53 of 88 styles are unisex (dual menswear+womenswear tag) and stay under ruling 7; men's-exclusive alternate 35 styles -> 83/9/8, spandex 2/0. 47 records carry no gender tag at all, essentially the adidas Originals collaboration; including its 21 clothing items gives 109 styles -> 61/18/7 with 14 undisclosed - a scope question, not a gender one. Spandex 7/1 identical on both bases and under the polyurethane reading."
JiyongKim,99,99,87,7,6,0,0,one,[],"[""Outerwear"", ""Tops"", ""Bottoms""]",manual,159/99,none - intl shop2 only; jiyongkim.net is a separate Cafe24 shop,not shopify,complete,https://intl.jiyongkim.net/category/shop/24/,"Cafe24 (shop2 = the international storefront behind intl.jiyongkim.net). Everything UTF-8: no EUC-KR, zero U+FFFD, and composition is ENGLISH only - a scan of all 159 men's PDPs for Korean fibre words adjacent to a digit returns 0, and 0 of 159 use the full-width fullwidth percent sign. Percentages follow the fibre ('Cotton 65% Linen 35%'), so the order is detected and parsed once. Census: /category/shop/24/ is 236 products; the house's own /category/view-all/99/ is 45 SHORT of it, and the sitemap's 157 product URLs are a strict subset 79 short. page=2 returns 200 with zero products (silently-ignored param, empty not repeated), so 236 is a terminus. Scope 236 -> 159: removed 6 footwear, 30 accessories, 14 womenswear, 1 uncategorised collab shoe and 26 hard goods (brooches, cushions, scarves, keyrings) filed inside the clothing tree - the name rule needed word-boundary anchoring after it caught Belted Trousers on 'belt', Blanket Jacket on 'blanket' and Knit Cardigan on 'card'. The house has no gender field beyond a womenswear category, and 6 of those 14 (dresses and skirts) are dual-filed in the general tops/bottoms tree - the Carhartt case, fixed by the house's own category, not by a unisex rule; with no unisex marker the men's-exclusive and unisex-inclusive denominators are the same 99. Composition is <br>-separated prose in the Detail accordion and the house writes </br> as often as <br>; labels are Shell/Shell 1/Shell 2/Lining/Filling, so the numbered-part shape matters. 8 ties MOVE THIS ROW: first-listed wins gives 87/7/6, last-listed wins gives 81/12/7, because five ties are wool 50/polyester 50. Spandex 0/0 on both bases AND under the polyurethane reading - verified by a second full-document pass over 159 PDPs finding zero elastane, zero polyurethane and zero 'stretch'. Styles = name + cloth because 13 name groups carry two different fabrics."
Brunello Cucinelli,425,424,92,8,0,38,14,one,"[""beachwear""]","[""pants"",""knitwear"",""coats-jackets""]",product_code,649/425,8 locale sitemaps -> en-us only; es-us mirror inside the en-us sitemap removed,not shopify,complete,https://shop.brunellocucinelli.com/en-us/sitemap_0.xml,"shop.brunellocucinelli.com is the store; brunellocucinelli.com is corporate/editorial and /en-us/ and /en-us/man/ both return its 404 page - confirmed, not used. CENSUS, reconciled in BOTH directions. robots.txt lists 8 locale sitemap indexes; /en-us/sitemap_index.xml -> sitemap_0 + sitemap_1 = 6,956 URLs, which INCLUDE the es-us tree (hombre 1118 mirrors men 1118, mujer mirrors women) - locale duplication inside one locale sitemap. English men's URLs: 1,118 (ready-to-wear 671, accessories 286, shoes 91, how-to-style 49 outfit pages, how-we-style 13, landing pages). Men's ready-to-wear PRODUCT URLs: 628. The house's own PLP (/en-us/men/ready-to-wear/?start=0&sz=700, rendered) says '1-660 of 660 products' and yields 629 distinct product hrefs: 21 are NOT in the sitemap and 20 sitemap URLs are NOT on the PLP (all 20 still return 200). Both sides were crawled: 649 URLs, 649 at HTTP 200, zero dead. COMPOSITION FIELD: the PDP has FOUR accordions - DESCRIPTION, MATERIALS, DETAILS, PACKAGING - and the one called MATERIALS is a trap: it holds a fibre ESSAY ('The noble cashmere fiber is characterized by an extreme fineness...'), not a composition. The composition is the SECOND <p class=...--prewrap> inside the DETAILS accordion (#pdpAccordion3), in caps: '100% CASHMERE'. Hand-validated against the rendered PDP cashmere-sweater-262M2200100CG217 with the accordion opened. ELEMENT-BOUNDARY / ORDER FAULT: the first prewrap <p> is construction text, and on 3 down-filled styles it ENDS with 'Padding made from high-quality natural materials: 90% goose down, 10% goose feathers' - a percentage-bearing line that precedes the real composition and would have made a 100% WOOL coat file as goose down. Resolved by preferring the ALL-CAPS composition paragraph as the main line; the padding sentence is kept as a later part. AKAMAI: a first crawl at concurrency 6 (~4.5 req/s) got 227 products and then a hard wall of 401 x HTTP 403 'Access Denied' - a rate limit, not a challenge (the same shape as Etro and Fendi). It cleared by itself in about 90 seconds. Re-run at concurrency 2 with a 600 ms delay (~2.7 req/s): 649 of 649 at 200, ZERO 403s, no challenge engaged with, nothing clicked. MEN/WOMEN/UNISEX SPLIT: 649 men's listings / 0 unisex. The house publishes no unisex tag or tree; women's (1,087 URLs) and kids' (727) are separate trees and were not touched. Ruling 7 is inert here; the men's-exclusive alternate equals the reported row. SCOPE ARITHMETIC: cell is men's READY-TO-WEAR = clothing, 649 listings -> 425 styles. Excluded: men's ACCESSORIES 286 URLs (bags, belts, ties, scarves, hats, small leather goods), men's SHOES 91 URLs, 49 'how-to-style' and 13 'how-we-style' OUTFIT pages (styling sets, not garments - the J.Press College Silks check), and the 33 suits-262MOUTFIT* outfit pages. No home range sits in the men's tree (the lifestyle/home tree is 354 URLs, ungendered, and out of scope). CATEGORY TABLE (styles / nat-led / syn-led / cel-led / no composition): coats-jackets 85/68/17/0/0; pants 76/76/0/0/0; knitwear 75/75/0/0/0; blazers 62/62/0/0/0; shirts 38/37/0/1/0; travelwear 35/24/11/0/0; t-shirts-polos 27/25/1/0/1; denim 19/19/0/0/0; suits 5/5/0/0/0; beachwear 3/0/3/0/0. TIES: 1, style 262MR8301336 '47% COTTON, 47% MODAL, 6% ELASTANE', resolved first-listed to cotton (natural). The other resolution makes it MODAL, i.e. cellulosic, giving 390/32/2/1 = 92/8/0/0 on the same rounding - the row does not move. SPANDEX ON BOTH BASES: main fabric line 38 styles with elastane, 14 at 5% or more. The looser 'anywhere in the string' basis over every part gives the SAME 38 and 14 - Brunello Cucinelli publishes one composition line per garment and no separate lining/rib lines, so the two bases cannot differ. The 14 high-stretch styles are almost all travelwear (83% NYLON 17% ELASTANE, 90% POLYESTER 10% ELASTANE, 50% NYLON 45% POLYESTER 5% ELASTANE) - a technical sub-line inside a cashmere house. NAMED MATERIAL WITHOUT A PERCENTAGE: 16 styles state 'REAL LEATHER' and nothing else - suede and leather outerwear. Counted as disclosed NATURAL (the cell). STRICT ALTERNATE, treating them as undisclosed: 425 styles, 408 with composition, 375 nat / 32 syn / 1 cel -> 88 / 8 / 0 / 4, spandex unchanged at 38 and 14. Exactly 1 style (262M0B138521) publishes no material statement of any kind. CELLULOSICS: a real near-zero, not a lexicon gap. An unmatched-token sweep over every percentage chunk in the range returned an EMPTY set. Lyocell appears in 3 compositions and modal in 1, but only ever as a minority fibre, so exactly 1 style is cellulosic-led. LANGUAGE: English caps ('100% CASHMERE', '47% COTTON, 47% MODAL, 6% ELASTANE'), percentage-first, comma-separated. No EU codes; the Italian and Spanish trees were not read. Sum check: all 424 at 100 +/- 1, zero failures. ALTERNATE DENOMINATORS: 6,956 en-us sitemap URLs (incl. the es-us mirror) | 1,118 men's URLs | 671 men's ready-to-wear URLs | 660 the house's own PLP product count | 629 PLP hrefs | 628 sitemap product URLs | 649 union crawled (cell listings) | 425 styles | 424 with composition. Style de-dup on the house's product code: 262 + M + style + colour, where colour is a trailing C/YC plus 3-4 characters (262M2200100CG217, 262M2200100C077A -> 262M2200100). 649 listings collapse to 425 styles, ratio 1.53 - colour is a separate product record with its own URL, the PDP's variant axis is SIZE."
Fedeli,123,119,87,10,0,8,4,one,"[""Swim""]","[""Knitwear"",""Shirts"",""Outerwear""]",product_code,152/123,none,1.0,complete,https://www.fedelicashmere.com/products.json?limit=250&page=1,"Shopify (fedeli.myshopify.com), 276 feed records over /products.json?limit=250&page=N (250/26/0; page2 ids disjoint from page1). Gender read from the house's OWN product code series - xU=uomo, xD=donna, xB=bambino - which agrees exactly with the man-all/woman-all collections: 162 men's listings, 77 women's, 26 kids, 11 non-products (10 'Look' lookbook entries + 1 gift card). MEN/WOMEN/UNISEX SPLIT: 162/77/0 listings. ZERO unisex - no product sits in both man-all and woman-all, and no xU code appears in the women's tree; men's-exclusive alternate is identical to the reported figure (ruling 7 moves nothing here). Kids removed per ruling 5: 26 listings (TB/xB codes, 'madeira-kids-*'). COMPOSITION FIELD: NOT the Shopify body_html (marketing prose; only 55/276 carry any percent sign) and NOT the my_fields.materials_info metafield (present on 160/276, empty on every swim trunk and every 'iconic' carry-over). The real field is the server-rendered 'Product details' accordion div id=ProductAccordion-product_details..., a rich-text block with <br> between every line - the Boggi element-boundary trap. Reading it as innerText without converting <br> to a separator loses the composition line entirely; converting <br> to ' | ' recovers it. Validated by hand against two rendered PDPs: positano-long-swimmingtrunks-solid-color_8ue00317 shows '100% polyester' and iconic-cashmere-silk-sportman-polo_4ui07091ic shows '70% cashmere, 30% silk' - both match the parsed value. Coverage went 85/154 (55%, would have been filed 'partial') to 119/123 (97%) on switching to that field - the spec's 'do not call a row partial before reading the payload' in practice. LANGUAGE: English throughout ('70% cashmere, 30% silk'), percentage-first, comma-separated; no Italian labelling and no EU fibre codes on the men's range. SCOPE ARITHMETIC (clothing vs accessories): men's styles 133 all-in; cell reports the 123 CLOTHING styles. The 10 excluded are knit accessories/footwear (scarves, beanies, caps, socks, knit shoes). All-in alternate: 133 styles, 128 with composition, 116 natural / 12 synthetic / 0 cellulosic = 87/9/0/4, spandex 8 and 4. Fedeli sells no home range, so there is no home-inclusive question here. CATEGORY TABLE (styles / natural-led / synthetic-led / cellulosic-led / no composition): Knitwear 68/67/0/0/1; Shirts 20/20/0/0/0; Outerwear 19/15/2/0/2; Swim 9/0/9/0/0; Trousers 6/5/1/0/0; Other 1/0/0/0/1. TIES: 1 tie resolved first-listed; the other resolution (last-listed) is also natural, so the alternate resolution gives the SAME 87/10/0/3. SPANDEX ON BOTH BASES: main-fabric-line basis 8 styles with any elastane, 4 at 5%+ (4UID0531IC 5%, 4UIF0507IC 5%, TU000348 5%, TU000425 19%; the other four are 2%). Looser 'anywhere in the string' basis over every composition part gives the SAME 8 and 4 - Fedeli's lining and padding lines carry no elastane. A cashmere house with near-zero stretch: 8 of 123 is a finding, not a gap. 4 styles have no published percentage: TU000205 states 'Exterior: 100% Airstop' (Airstop is Fedeli's proprietary quick-dry fabric name, not a fibre - a product-type-is-not-a-fibre case, left undisclosed rather than guessed at polyester), plus 4UE00716, TU000625, TU000670. Every parsed composition summed to 100 +/- 1; zero sum failures. Multi-part garments are labelled Exterior/Lining/Padding and the FIRST part was taken (5 styles), e.g. TU000730 '100% wool || Padding: 100% goose down'. ALTERNATE DENOMINATORS: 276 feed records; 162 men's listings; 133 men's styles all-in; 123 men's clothing styles (reported); 119 with composition. Colourways are separate PRODUCT RECORDS at Fedeli (TU000318-F86/-F88/-F92...), not variants, which is why 152 listings collapse to 123 styles on the style code stem. feed_currency_rate: the store's base market is EUR (Shopify.currency.rate 1.0 on the PDPs); the first homepage load served the US market at rate 1.176927. Composition text is identical across markets. No bot challenge appeared; every fetch returned 200, zero crawl errors over 276 PDPs."
The Elder Statesman,116,114,98,0,0,0,0,one,[],"[""Sweaters"",""Tops"",""Pants""]",product_code,277/116,none,1.0,complete,https://elder-statesman.com/products.json?limit=250&page=1,"Shopify (elderstatesmen.myshopify.com). Census /products.json?limit=250&page=N -> 250/250/168/0 = 668 records; page-2 and page-3 ids asserted disjoint from page 1. Reconciled BOTH directions against the product sitemap (666 URLs): 0 sitemap-only, 2 feed-only and both 404 on the PDP (coast-heather-sweatpant-heather-grey, elena). The house's own /collections/all-products/products.json also returns 666. Register said 990 products; the live catalogue is 666 - no second locale store, no myshopify-only extra range, and the sitemap index carries a single product file. COMPOSITION FIELD: the server-rendered <product-info data-personalize-details> block in the PDP 'Details' accordion, a <ul> of <li> bullets. body_html is marketing copy and carries a percent sign on only 12 of 668 records - reading it would have produced a ~2% coverage row. The <li> boundary was converted to ' | ' before parsing; checked explicitly whether the composition is ever SPLIT across bullets (the Boggi fault) - it is not, 0 of 177 men's styles have a percentage in more than one bullet, so the single percentage-bearing bullet is the whole composition. The other bullets are fit, dimensions, origin and model notes; 'Model is 6'3"" with a 25.5 waist' and '12x13' carry no percent sign and contribute nothing. Validated by hand on the rendered PDP nimbus-stripe-pocket-crew-beige-carmine-multi: page shows '63% Cashmere 37% Cotton', parser returns the same. MEN/WOMEN/UNISEX SPLIT: the house publishes its own gender field as a tag and there is NO gender_male tag at all - 323 records gender_unisex, 176 gender_female, 167 untagged. Under ruling 7 the unisex set IS the men's range: 177 styles / 412 listings. Women's: 104 styles. MEN'S-EXCLUSIVE ALTERNATE: zero. Every product in the house's all-menswear collection (151 listings) is tagged gender_unisex; there is no men's-only tag or collection to fall back on, so excluding unisex would delete the entire men's row - exactly the Madhappy/Saint James failure ruling 7 was written to stop. 15 unisex listings also sit in all-womenswear (8 in both trees, 3 in womenswear only, 4 in both plus home); per ruling 7 these were KEPT. The 167 untagged records collapse into tagged styles on the style code for 125 of their 164 stems (they are extra colourways); the residual 39 stems sit in no current collection and carry no gender tag - archive, excluded, and several are explicitly women's ('Delicash Women's Fitted', 'Nora Lite Fringe Mini Dress'). SCOPE ARITHMETIC (clothing vs home) - this is the row's real decision: of the 177 men's styles, 116 are CLOTHING, 21 are ACCESSORIES (Hats 10, Scarves 6, Socks 3, Gloves 2) and 40 are HOME (Soft Objects 16, Blankets 9, Keychains 8, Pillows 7).   clothing only (CELL)        116 styles | 114 w/comp | 114 nat / 0 syn / 0 cel -> 98 / 0 / 0 / 2 | spandex 0 and 0   clothing + accessories      137 styles | 135 w/comp | 135 nat / 0 syn / 0 cel -> 99 / 0 / 0 / 1 | spandex 0 and 0   HOME-INCLUSIVE alternate    177 styles | 172 w/comp | 172 nat / 0 syn / 0 cel -> 97 / 0 / 0 / 3 | spandex 0 and 0 The home range does not change the fibre picture at all - the blankets and pillows are cashmere too. It changes the DENOMINATOR by 53%, not the dial. CATEGORY TABLE (clothing; styles / nat-led / syn-led / cel-led / no composition): Sweaters 50/50/0/0/0; Tops 21/20/0/0/1; Pants 16/16/0/0/0; Cardigans & Robes 12/12/0/0/0; Jackets 9/8/0/0/1; Shorts 7/7/0/0/0; Pajamas 1/1/0/0/0. TIES: 8 ties resolved first-listed (50/50 cashmere-cotton and cashmere-silk blends). The other resolution (last-listed) is ALSO natural on all 8, so the alternate resolution returns the identical 98 / 0 / 0 / 2. SPANDEX ON BOTH BASES: main-fabric-line 0 styles, 0 at 5%+. Looser 'anywhere in the string' basis over every part: also 0 and 0. This is a counted ZERO, not NC - 114 of 116 compositions were read and not one contains elastane, spandex, lycra or elastolefin. Nor any cellulosic: an unmatched-token sweep over every percentage chunk returned an empty set, so no modal/viscose/lyocell is hiding behind a word the lexicon lacks. The whole men's clothing range is cashmere (83 styles), cotton (37), wool (17), silk (11), polyamide (7), linen (6), alpaca (4), merino (2), nylon (2), acrylic (1), shearling (1), suede (1) - and not one style is synthetic-LED. LANGUAGE: English, percentage-first ('63% Cashmere 37% Cotton'). No EU codes, no Italian or French labelling. Sum check: every composition 100 +/- 1 after one fix - style 250402 writes two parts separated by a SEMICOLON ('57% Cotton, 43% Acrylic shell; 100% Cashmere ...') and summed to 143 until ';' was added as a part separator. It is the only semicolon case, and taking the first part correctly makes it cotton-led, not acrylic-led. 2 clothing styles publish no percentage (230171, 260011). ALTERNATE DENOMINATORS: 668 feed records | 666 live | 177 men's styles all-in | 137 clothing+accessories | 116 clothing (cell) | 114 with composition | 412 men's listings | 337 clothing+accessory listings | 277 clothing listings | 151 listings in the house's own all-menswear collection. Style de-dup on the SKU stem (SKUs are style-colour-size, e.g. 190442-410-XXS -> 190442); 39 records have no SKU and fell back to title_dedup. Colour is a separate product record here, not a variant, which is why 277 listings collapse to 116 styles. No bot challenge; 666 of 668 PDPs returned 200, the 2 failures were genuine 404s."
Hermès,104,44,NC,NC,NC,NC,NC,NC,"[""beachwear""]","[""t-shirts-and-sweatshirts"",""knitwear"",""jackets-and-blazers""]",product_code,237/104,37 locale sitemap indexes -> us/en only,not shopify,partial,https://www.hermes.com/us/en/category/men/ready-wear/knitwear/,"PARTIAL: the CENSUS is counted and complete, the FIBRE DIAL is NC because an IP-level bot wall stopped the PDP crawl at 79 of 237 records. CENSUS (counted): /us/en/sitemaps/products.xml = 4,091 US product URLs. The men's clothing range is the house's own /us/en/category/men/ready-wear/ tree and my enumeration reproduces its counts to the unit: coats-and-parkas 5, jackets-and-blazers 31, knitwear 67, shirts 23, t-shirts-and-sweatshirts 75, pants-and-shorts 18, beachwear 18 = 237 product records (the parent page also reports 237). 237 of 4,091 = 5.8%. After colour de-duplication on the house's own style code (SKU H + 6 digits + colour + size; H667210HA01 -> H667210): 104 men's clothing STYLES. Ferragamo 175-of-1,960 and Fendi 211-of-2,933 now have a third neighbour and Hermes is the smallest of the three as a share - a counted-small finding, not a failure. PAGINATION TRAP FIRED AND WAS CAUGHT: the PLP server-renders 48 items per page into <script id=hermes-state>; ?page=2 returns a DISJOINT set (knitwear 48+19=67, t-shirts 48+27=75) but ?page=3 RE-SERVES PAGE ONE and ?offset=48 also re-serves page one. Ids were asserted disjoint page by page. The parent /men/ready-wear/ page does not paginate at all and alone returns 48 of 237. COMPOSITION FIELD: not a field - it is PROSE inside simpleAttributes.description in the PDP's hermes-state, with the composition in PARENTHESES: 'Long-sleeve crewneck sweater in wool with ""Detail H"" detail (100% wool)'. Hand-validated against the rendered PDP detail-h-crewneck-sweater-H667210HA01. TWO LEXICON ADDITIONS were required and only the sum check found them: the house MISSPELLS cashmere as 'casmere' (one style summed to 4%) and sells 'paper' yarn (three styles summed to 43%, washi paper - filed cellulosic). Other numerals in the same prose ('One gauge 18 thread', 'Length: 26""') carry no percent sign. THE WALL: a crawl at concurrency 3 with 300 ms delay took 79 of 237 then returned HTTP 403 on everything. Backing off to concurrency 1 with 20 s retries did not recover it. An ordinary page load then served the interstitial 'Access is temporarily restricted - We detected unusual activity from your device or network... Automated (bot) activity on your network (IP ...)'. There is no CAPTCHA and nothing to solve; per the brief it was NOT engaged with, and it did not clear on ordinary page loads over ~20 minutes. It is SELECTIVE: robots.txt, the product sitemap and every CATEGORY page returned 200 throughout, which is why the census is complete and trustworthy while the PDP-level fibre read is not. It lifted for exactly one PDP fetch and re-armed on the second. 75-minute box exceeded; stopped. THE 79 PDPs THAT WERE READ (a SAMPLE, not the row): 79 listings -> 44 styles, and ALL 44 publish a composition - Hermes does not hide composition, the obstacle is access. 44 styles, 44 with composition, 35 natural / 6 synthetic / 3 cellulosic; 0 ties; spandex main-line 6 of which 1 at 5%+; the looser 'anywhere in the string' basis gives the SAME 6 and 1; all 44 sum to 100 +/- 1 after the casmere/paper fixes, zero failures. Sample category table (styles/nat/syn/cel/none): t-shirts-and-sweatshirts 9/9/0/0/0; jackets-and-blazers 12/9/1/2/0; pants-and-shorts 7/7/0/0/0; knitwear 6/6/0/0/0; beachwear 4/0/4/0/0; shirts 4/3/0/1/0; coats-and-parkas 2/1/1/0/0. THE SAMPLE IS BIASED AND WAS NOT EXTRAPOLATED: beachwear and pants-and-shorts were crawled COMPLETE (18/18 listings each) while knitwear got 7 of 67 and shirts 4 of 23 - and the two complete categories are the two most atypical (beachwear is the only synthetic-led category, pants the only one with real elastane). Scaling 35/44 to 104 would overstate synthetics. 44 of 104 styles = 42%, below the spec's ~60% line, so natural_pct, synthetic_pct, cellulosic_pct and BOTH spandex counts are NC with that reason rather than estimated. shape is NC for the same reason: on the sample every category except beachwear is natural-led and swim is excluded from the split verdict, which points to 'one', but that rests on 42% and is not asserted. MEN/WOMEN/UNISEX SPLIT: 237 men's listings / 104 men's styles / 0 unisex. Hermes files men's and women's in separate category trees and publishes no unisex tag; ruling 7 is inert and the men's-exclusive alternate equals the reported denominator. SCOPE: excluded from the clothing row, with the house's own counts - men/shoes 278, men/ties-stoles-and-scarves 635, men/belts 193, men/accessories/fashion-jewelry 150, men/accessories/hats-and-gloves 84, plus men's bags and clutches, jewelry, watches and fragrances which sit under the leather-goods/jewelry/watches/fragrances trees. The silk-accessory tree alone (635) is nearly three times the whole men's clothing range (237). That is the shape of the house. LANGUAGE: English on /us/en/, percentage-first, comma-separated, inside parentheses. No EU codes. French locales (fr/fr, be/fr, ca/fr) exist and were not read. ALTERNATE DENOMINATORS: 4,091 US product URLs | 237 men's ready-to-wear listings | 104 men's clothing styles (cell) | 44 styles read | 79 listings read | about 1,340 men's non-clothing items by the house's own category counts. colourway_ratio 237/104 = 2.28; colour is a separate product record with its own URL and SKU suffix. synthetic_categories and natural_categories are given from the sample and are flagged as such."
Rubinacci,557,490,82,2,4,11,0,one,"[""Beachwear""]","[""Trousers"",""Knitwear"",""Blazers""]",manual,571/557,"3 locales (uk, en, it) -> en only",not shopify,complete,https://www.marianorubinacci.com/en/collection/blazers/?interaction=1&listing_page=1,"marianorubinacci.com (rubinacci.com is parked). Bespoke/.NET Visualsoft platform. CENSUS: the sitemap is NOT the census here - it lists SIZE-level URLs (/en/new-collection/<slug>-44-CONVERTIBLE-A2712/) and is also SHORT of the live category tree, the Sandro fault: 599 new-collection URLs collapse to ~126 style keys against 633 live tiles. The census used is the house's own category tree, /en/collection/<cat>/?interaction=1&listing_page=N, 15 tiles per page, crawled to exhaustion for all 9 clothing+footwear categories with page-N ids asserted disjoint from page 1 on every page (no re-serve, no short page). Totals reproduce the house's own 'N Results' EXACTLY: blazers 87, trousers 201, knitwear 99, shirts 65, shoes 62, safarijackets 46, outerwear 34, beachwear 25, loungewear 14 = 633 tile appearances, 620 unique products (13 sit in two categories), 619 crawled at 200 (1 timeout). COMPOSITION FIELD: there is no composition attribute anywhere. It lives inside the JSON-LD Product `description`, in TWO different shapes, and reading only one of them loses a third of the range: (a) a structured block - <b>Details</b> then <br>-separated '<b>Fabric:</b> 99% Virgin Wool 1% Elastane' / '<b>Inner lining:</b> 100% Cotton' - on 175 of 557 clothing products; (b) plain MARKETING PROSE with the percentage in a sentence ('Made from 100% natural silk', 'luxurious 100% cashmere fabric') on 325. A first pass that keyed on the Details block alone returned 34% coverage and would have been filed partial; the two shapes together give 88%. The <br> was converted to a separator before parsing (element-boundary trap) and a dash before an uppercase part label was added as a part separator ('93% Wool 7% Cashmere- PADDING 90% GOOSE DOWN' summed to 107 until then). Also note the /en/collection/<cat>/<slug>/ PDP is CLIENT-rendered for the garment pane - the composition is only in the JSON-LD, never in document.body.innerText. Hand-validated on the rendered PDP bordeaux-silk-pyjamas-with-dots-P1NC-4/302: the page publishes NO composition field at all, only the description sentence 'Made from 100% natural silk' - the prose really is the house's only statement, not a furniture string. Furniture check: 34 distinct parsed compositions over 490 rows, led by 100% cotton (96), 100% cashmere (95), 100% linen (91), 100% wool (83) - no value on 100% of rows. FABRIC-GRADE NUMERALS: the house sells 'Green Super 130's wool' with a CURLY apostrophe; both the Super-NNN and NNN's forms are pre-stripped and the fibre class is taken by keyword search inside the percentage chunk, so no 'Super' fibre and no Geelong-style miss. MEN/WOMEN/UNISEX SPLIT: 619 men's / 0 women's / 0 unisex. Rubinacci's ready-to-wear tree is entirely men's; the only female-coded path on the site is accessories/scarves-f, which is accessories and out of scope for a clothing row. Ruling 7 is inert here and the men's-exclusive alternate equals the reported row. SCOPE ARITHMETIC: clothing = 557 products across 8 categories (CELL). Adding the 62 SHOES gives 619 products, 521 with composition, 491 nat / 9 syn / 21 cel -> 79/2/3/16. Excluded entirely: the accessories tree (1,226 sitemap URLs - ties, braces, pocket squares, scarves, hats, socks, jewels, buttons, travel) and the VINTAGE-ARCHIVE tree (639 sitemap URLs - second-hand archive blazers, trousers, safari jackets, shirts, outerwear and cut fabric lengths), which is a resale range, not the current production. CATEGORY TABLE (styles / nat-led / syn-led / cel-led / no composition): Trousers 201/161/0/12/28; Knitwear 99/96/0/0/3; Blazers 87/78/0/2/7; Shirts 65/54/0/0/11; Safari jackets 45/38/0/5/2; Outerwear 33/23/0/2/8; Beachwear 16/6/9/0/1; Loungewear 11/4/0/0/7. TIES: 6, resolved first-listed; all 6 are natural on the last-listed resolution too, so the alternate gives the identical 82/2/4/12. SPANDEX ON BOTH BASES: main fabric line 11 styles with elastane, 0 at 5% or more - every one is 1-3% comfort stretch in a tailored trouser (e.g. 'Fabric: 99% Virgin Wool 1% Elastane'). Looser 'anywhere in the string' basis over all parts: 12 and 0 - the one extra is elastane in a lining. CELLULOSICS ARE A REAL THIRD FIGURE HERE: 21 styles are cellulosic-LED, all of them the house's 54% Lyocell / 46% Linen summer cloth in trousers, safari jackets and blazers. That is main-fabric lyocell, not lining, and it is the largest cellulosic share of any house in this batch. LANGUAGE: English on /en/ ('Fabric: 99% Virgin Wool 1% Elastane'). Italian is a separate locale (/it/ 'abbigliamento', 2,475 URLs) and was NOT read; no EU fibre codes. Sum check: 489 of 490 at 100 +/- 1. One prose row (blue-quilted-wool-and-cashmere) states shell and padding in one sentence and sums to 200; left in as a shell-led natural style. ALTERNATE DENOMINATORS: 2,472 en sitemap URLs (size-level) | 633 category tile appearances | 620 unique products | 619 crawled | 557 clothing (cell) | 490 with composition | 571 clothing tile appearances. Collapsing colourways further - same category, same model code and identical composition - gives 413 styles across the whole 619, but that merges genuinely different cloths at a tailoring house and was NOT used. colourway_ratio 571/557 is close to 1.00 because colour at Rubinacci is a SEPARATE PRODUCT RECORD with its own house code (Code: P1NC-4/302) and its own cloth; the PDP's variant axis is SIZE, and the sitemap proves it - each size is its own URL. The PLP tile already collapses sizes. locale_dedup: 3 locale sitemaps (uk 2473, en 2472, it 2475); en only was read. robots.txt disallows *?*filter=, *?*sortorder= and *?*listing_pagesize=; the paging parameter used (?interaction=1&listing_page=N) is NOT disallowed. No bot challenge appeared at any point."
Kiton,375,335,83,5,1,56,2,one,"[""swimwear""]","[""jackets"", ""trousers"", ""outerwear""]",manual,484/375,none,1.0,complete,https://kiton.com/products.json?limit=250&page=1,"kiton.com is the store (www 301s to the apex, /us 404s); one Shopify storefront, shop kiton-produzione.myshopify.com, locale en, currency EUR, Shopify.currency.rate 1.0. CENSUS: /products.json?limit=250&page=N returns 250,250,250,250,1 then a zero page = 1001 records and 1001 UNIQUE ids, so every page contributed its full length as new ids and page 1 vs page 2 intersect ZERO (the pagination test the spec requires). The register's 1003 is 2 records stale. GENDER is the house's own product_type prefix: MEN 585, WOMEN 385, KNT 27, HOME 4. Cross-checked against the house's own trees: /collections/men enumerates 577 ids (its products_count claims 770 - inflated, the Bode fault) and /collections/women 388, and the two intersect ZERO. RULING 7: there is no unisex prefix, no unisex tag and no id in both trees, so unisex is 0 and the men's-exclusive alternate is the same 375 styles with identical cells. SCOPE: men's CLOTHING only. Removed from the 585 MEN records 128 non-clothing - shoes 60, ties/bowties 27, bags/wallets 17, belts 10, perfumes 5, sunglasses 4, hats 3, scarves/gloves/hats 2 - leaving 457 listings. KNT (KNT by Kiton, the house's own sub-label, 27 records, all men's garments, sold inside kiton.com's own feed and nowhere separated in this store) is INCLUDED, giving 484 listings. Alternates: excluding KNT gives 354 styles, 319 with composition, 84/5/1, spandex 56/2; sweeping shoes and accessories back in gives 473 styles, 428 with composition, 399 natural / 26 synthetic / 3 cellulosic. COMPOSITION is a Shopify metafield rendered as <li><strong>Composition:</strong> 100%WOOL</li> inside the product accordion. It is NOT in products.json (body_html is marketing prose with zero percentages) and there is no JSON-LD material field. Read via the section-render route /products/<handle>?section_id=template--24916544782717__main - 80KB per page against 417KB for the full PDP, same string - 612 of 612 fetched at HTTP 200, 0 errors, and each response asserted to contain its own handle (the NN07 check). location.host asserted before the census, before the crawl and inside every loop iteration. THE KITON TRAP, and it is the Canali shape: on 40 of 375 styles (10.7%) the Composition field contains ONLY an accessory part - 'ACCESSOIRES 100%NICKEL' or 'ACCESSOIRES 100%PEARL' - with no fabric line at all. A first-part parse returns NICKEL or PEARL as the main fibre on 40 styles with no parse error and a clean sum of 100. Hand-verified on the rendered PDP of sweater-turtleneck-wool-umk08993343, a wool mock-neck whose entire composition metafield reads 'ACCESSOIRES 100%NICKEL'. Those 40 are counted as no composition; the product TITLE names the fibre on most of them but the spec forbids reading product names. 19 of the 40 are knitwear and 19 polo/t-shirts. RULING 2: parts are comma-separated and labelled in English - LINING 186, ACCESSOIRES 56, FUR LINING 50, DETAIL OF BODY 34, TRIM 22, PADDING 21, PIPING 16, DETAIL 14, SOLE/INSOLE 60 (shoes, out of scope), ADDITIONAL FABRIC 2, DETAIL OF COLLAR 2, DETAIL OF SLEEVE 1. The main line is the FIRST UNLABELLED segment; a comma-separated segment that starts with a digit continues the current part, so '55%WOOL, 45%SILK' stays one line. 270 of 612 records carry more than one part. Hand-validated on the rendered PDP of outdoor-jacket-polyester-uw2190v0422h14: '100%POLYESTER, LINING 95%VISCOSE 5%ELASTANE, DETAIL OF BODY 100%GOATSKIN, PADDING 100%POLYESTER' - main line polyester, the 5% elastane correctly excluded. SPANDEX ON BOTH BASES: main fabric line 56 styles with any elastane and 2 at 5% or more; anywhere-in-the-string 70 and 10. The whole gap is lining and padding - Kiton's stretch is 1-3% comfort stretch in denim and trousers, and the only 5%+ main lines are two styles. No element-boundary split: zero <br> and zero <span> inside any of the 612 composition fields, and the sum check is clean - 0 of 335 outside 100 +/- 1. FABRIC-GRADE NUMERALS: Kiton writes 150's wool with a CURLY apostrophe, but only in body_html, which was not used; the composition metafield carries no grades, so the Super/150's trap did not fire here. The strip was left in the parser anyway. LANGUAGE: composition read in ENGLISH, UTF-8, half-width %, ALL CAPS, and written with NO space between the number and the fibre (100%WOOL). No Italian labelling and no EU fibre codes anywhere in this range. LEXICON GAP FOUND: 100%LAMBSKIN returned zero fibres on 8 styles until lambskin/goatskin/calfskin and the rest of the skin family were added; they are counted natural (leather). NICKEL and PEARL are deliberately NOT in the lexicon - they are accessory materials, not fibres. STYLE KEY (manual): opaque Kiton article codes whose colour suffix is not a fixed length - UG89K0678G09 differs from its siblings in the last 3 characters while UMK08993343 differs in the last 4, and a flat last-4 strip merges a pure-cashmere blazer with a linen/cashmere/silk one (the Tom Ford fault) while a last-3 strip merges a bomber with a polo. Key used: same category AND same title with the house's own Color value removed AND SKUs sharing a prefix to within 4 characters. 484 listings -> 375 styles. Colour is one record per colour (options are Size only), so 484/375 is a real ratio. TIES: 7, first-listed wins. 3 x '50%LINEN 50%WOOL', 2 x '45%VIRGIN WOOL 45%SILK 10%LINEN' and 1 x '50%POLYURETHANE 50%POLYESTER' are class-invariant; only '50%CASHMERE 50%POLYAMIDE/NYLON' changes, so the other resolution gives 83/6/1 instead of 83/5/1. CATEGORY TABLE (styles, natural/synthetic/cellulosic/undisclosed): jackets 57 = 57/0/0/0; outerwear 66 = 49/17/0/0; knitwear 64 = 45/0/0/19; trousers 56 = 53/1/2/0; shirts 49 = 48/0/0/1; polo-t-shirts 39 = 19/0/1/19; suits 21 = 21/0/0/0; jeans 17 = 17/0/0/0; swimwear 3 = 0/3/0/0; loungewear 2 = 2/0/0/0; jacket (the house's own singular-typo type) 1 = 0/0/0/1. Swimwear is the only synthetic-led category and is excluded from the split verdict, so shape is 'one' - Kiton is a natural-cloth house at 83%, led by cotton 113, cashmere 86, wool 36, virgin wool 32, linen 31. The 17 synthetic outerwear styles are the down/technical shells - '100%POLYESTER, LINING 100%POLYESTER, DETAIL OF BODY...' and one '100%POLYAMIDE/NYLON' - i.e. the Moncler shape, read the same way (shell decides, filling is never the first part). Suits state ONE cloth for the whole suit ('100%WOOL, LINING 100%CUPRO'), so ruling 2's jacket/trouser split does not arise at this house."
Cesare Attolini,NC,NC,NC,NC,NC,NC,NC,NC,NC,NC,NC,NC,NC,NC,partial,https://www.cesareattolini.com/e-boutique,"NO FIRST-PARTY PRODUCT LISTING EXISTS TODAY, and the row is NC on purpose rather than measured off a stockist. The brief's 'no store and no product feed' is half right: there IS a first-party store and I found the storefront API the site itself calls - and the API returns ZERO products. (1) www.cesareattolini.com is a WEBFLOW site (data-wf-domain, 'Last Published: Mon Jul 20 2026'), footer (c) 2026 Cesare Attolini, with first-party Manufacturing, History, Bespoke, Flagship and Timeless Magazine pages. (2) /robots.txt names one sitemap. /sitemap.xml holds exactly 120 <loc> rows and NOT ONE is a product: 40 each for the implicit en, /it and /ja-jp locales, being the root, /pages/manufacturing, /pages/flagship, /pages/timeless-magazine, /pages/roots-and-wings, /contacts, the policy pages and 16 back-issue magazine pages. /sitemap_index.xml, /wp-sitemap.xml and /sitemap_products_1.xml all 404 to the Webflow 404 page. (3) THERE IS A SHOP TREE AND IT IS EMPTY. The homepage still links /e-boutique and eleven /collection-shop?Collection=... category links (Trousers FW, Sport Pants FW, Shirts FW, Knitwear FW, Ties FW, Scarves FW, Caps FW, Plaid FW, FALL WINTER, SPRING SUMMER). Every /collection-shop link resolves to the homepage (location.pathname comes back '/'), and /e-boutique renders one sentence: 'E-boutique under maintenance. WE WILL BE BACK SOON'. /it/e-boutique is the same. (4) THERE IS A CART AND A STOREFRONT API. /cart.js returns HTTP 200 with a genuine Shopify cart token (while /cart, /products.json, /collections.json, /collections/all, /search/suggest.json and /recommendations/products.json all fall through to the Webflow 404), and /.well-known/shopify/monorail returns Shopify's own 88-byte 404 rather than Webflow's. The front end is Webflow + SMOOTIFY, and the network trace of an ordinary /e-boutique page load shows it POSTing three times to https://attolini.myshopify.com/api/2026-01/graphql.json. attolini.myshopify.com itself 301s to www.cesareattolini.com, so it cannot be browsed directly. (5) THE HOUSE'S OWN STOREFRONT API, QUERIED THE WAY THE PAGE QUERIES IT, RETURNS NO PRODUCTS. shop{name} = 'Cesare Attolini', primaryDomain = https://cesareattolini.com - so this is unambiguously the brand's own store and not a reseller's. collections(first:20) returns the full merchandising tree - SPRING SUMMER, FALL WINTER, Shirts SS, Knitwear SS, Trousers SS, Outerwear SS, Scarves SS, Ties SS, Bermuda & Swimwear SS, Caps FW, Accessories FW and the rest - and EVERY ONE has products.edges == []. products(first:5) is []; products(first:250, query:""*"") is []. The catalogue is unpublished from the sales channel, which is exactly what 'e-boutique under maintenance' means. (6) Compositions are nowhere else on the first-party site: the FW26/27 and SS26 collection pages are 127KB of lookbook imagery with ZERO occurrences of wool/cashmere/cotton/linen/silk/lana/cotone, and the 62 '%' characters on them are all CSS. /pages/fabric-availability 404s. HELD, NOT MEASURED, and held exactly the way Sugar Cane and Junya Watanabe were held earlier in this pass. Cesare Attolini is listed with compositions at several multibrand stockists and the numbers are there for the taking; ruling stands that a stockist is never the source, and the Junya Watanabe precedent holds even where the stockist is under the same ownership. RE-MEASURE WHEN THE E-BOUTIQUE RETURNS: the route is already established - the same attolini.myshopify.com/api/2026-01/graphql.json Storefront call the page makes, with the public Smootify key, which will carry descriptionHtml and metafields for whatever is republished. feed_currency_rate is NC rather than 'not shopify': it IS Shopify, headless behind Webflow, but window.Shopify is undefined on the Webflow front end so Shopify.currency.rate cannot be read. No bot challenge appeared anywhere on this domain; every request answered 200 or a genuine 404 on an ordinary load."
Zilli,257,256,97,2,0,38,1,one,"[""swimwear""]","[""knitwear"", ""outerwear and blousons"", ""shirts""]",product_code,321/257,3 locale storefronts -> en only,not shopify,complete,https://en.zilli.com/xmlsitemap.php?type=products&page=1,"en.zilli.com is the store (zilli.com/en 301s here). PLATFORM CORRECTION AND SITEMAP CORRECTION TO THE REGISTER: the site is BIGCOMMERCE - /giftcertificates.php in the footer, BCData inline, /api/storefront/cart 200 - and the register's 'no sitemap at all' is true only of the names it tried. BigCommerce's sitemap is /xmlsitemap.php, it returns 200, and it is a sitemapindex whose shards are ?type=pages|products|categories|brands|news. /xmlsitemap.php?type=products&page=1 delivers 584 product URLs, 584 unique. The register's category crawl reached 76; the sitemap reaches 584, 7.7x more. /graphql exists (405 to GET) but was not needed. RECONCILED THREE WAYS, both directions: sitemap 584 products; the house's own /ready-to-wear/ PLP header says '321 products'; the PDP breadcrumb trail names Ready-To-Wear on exactly 321 of the 584 sitemap products - an exact match with the house's own count. Paging /ready-to-wear/?page=N enumerates 17 pages and 309 unique slugs (20,20,18,16,19,19,19,19,20,19,20,20,20,19,20,20,1 then a zero page), and PAGE 1 AND PAGE 2 ARE DISJOINT (ids 1234/1233/1232 vs 1191/1177/1220), so pagination is real here and not one of the six failure shapes; the 12-product gap between 321 and 309 is products the grid does not render (out of stock) and they are kept because the breadcrumb and the house's own count both include them. Zero ready-to-wear slugs are missing from the sitemap. SCOPE: men's clothing = the house's own Ready-To-Wear tree, 321 listings. The other 263 sitemap products are shoes, belts, leather goods, small leather goods, travel bags, sunglasses, socks, gloves and hats, scarves, ties and bow ties, fragrances, gift cards and the nine Look lookbook entries. Checked for clothing filed OUTSIDE ready-to-wear: the 13 'Summer 2026' and 28 'Gifts selection' breadcrumb products are sunglasses, regimental ties, baseball caps, mules, sneakers and credit-card holders - no garments - so nothing is lost by the boundary. Alternate denominator: all 584 sitemap products if shoes, leather goods and accessories were swept in. MEN'S/WOMEN'S/UNISEX: Zilli is a menswear-only house. The category sitemap lists 51 categories and not one is women's; the homepage contains the words 'women', 'femme' and 'unisex' ZERO times each. So unisex is 0 under ruling 7 and the men's-exclusive alternate is the same 257 styles with identical cells. COMPOSITION lives in the PDP's collapsible 'Materials' section, div.product-details-item > ul, and it is the THEORY SHAPE: ONE FIBRE PER <li>. Taking the first <li> returns '60% silk' on a 60/40 silk-cotton and sums to 60 with no parse error. All 584 PDPs were crawled at HTTP 200 with 0 errors and every one has a Materials section; 578 of 584 carry a <ul>. There is no JSON-LD material field to be fooled by and BCData's sku/mpn/gtin are all null. RULING 2, and Zilli needs three separate rules to get it right: (a) 575 of the <li> items carry NO percentage at all and are hardware notes - 'Ingot zip in brass', 'Mother-of-pearl buttons', 'Australian mother-of-pearls' - and are skipped; (b) part labels appear in BOTH orders, leading ('Lining: 100% cupro' 43, 'Upper:' 12, 'Outsole:' 13, 'Insole:' 7, 'Pocket lining:' 2, 'Patch in:' 3) and TRAILING ('100% silk lining', 'Lining in 100% silk'), and a leading-label-only test lets the trailing ones into the main line - that alone produced sums of 118, 135, 150 and 200; (c) one li can carry the main fabric AND a part in one string ('2% elastane Patch in calfskin'), so excluding the whole li silently drops the elastane and the row reads '98% cotton'. The rule used: skip non-percentage lis; cut an li at a part word only when the part word is followed by further text; close the main line when a part word starts a li or when the running total would exceed 101. Sum check went 20 bad -> 1 bad. THE ONE REMAINING BAD ROW IS THE HOUSE'S OWN: '58% virgin wool 26% cotton 14% cashmere' then bare 'Acetate' and 'Viscose' with no percentages - Zilli's own string sums to 98. Inspected, not discarded; the lead is virgin wool on any reading. LANGUAGE: the English store is MOSTLY ENGLISH but 8 of 321 listings carry FRENCH fibre words - '100% Coton' and '3% élastane' ('92% cotton 5% cashmere 3% élastane', '68% cotton 15% lyocell 15% polyester 2% élastane'). An English-only word list loses them; coton and the accented élastane were added. UTF-8, half-width %, percent-first order throughout (no Luca Faloni 'Silk (30%)' shape here). Also added to the lexicon for this house: calfsuede, cashemere (the house's own misspelling), and Brewed Protein (Spiber's lab-grown protein fibre, 30% of one cashmere knit, counted synthetic - flagged as a new fibre class the spec has no case for). SPANDEX ON BOTH BASES: main fabric line 38 styles with any elastane and 1 at 5% or more; anywhere in the string 39 and 1. The distribution is 0.5% x2, 0.8% x1, 1% x10, 2% x13, 3% x8, 4% x3 and a single 10% ('45% cotton 45% silk 10% elastane'). This is a pure comfort-stretch house - 15% of the range carries elastane and essentially none of it is performance stretch. STYLE KEY: the house's own product reference printed on the PDP (div.product-reference), e.g. KZP002M0202VLIP00N18H. The last 3 characters are the colour code - distinct references 317, prefix-18 stems 257, prefix-16 256, prefix-15 252, and the jump is at 18/21. Verified by hand: KZP002M0202VLIP00N holds N18H Deep Cement / N238 Burnt Orange / N10C Pale Fawn / N220 Dark Navy of one zipped polo, and FORD01M010004201UN holds three colours of one classical shirt. 321 listings -> 257 styles, a real 1.25 ratio because each colour is a separate BigCommerce product with its own URL. 3 of the 257 stems carry more than one composition across their colours (per-colour cloth, the visvim shape); the first was taken. TIES: 16, first-listed wins - and ZERO of them change class, because every tie is natural-vs-natural (cotton/silk, linen/silk, wool/silk). The other resolution gives the identical 97/2/0. COMPOSITION WITHOUT PERCENTAGES: 4 styles state the cloth as bare fibre names with no percentage at all ('Wool / Silk / Calfskin', 'Shearling / Cashmere / Calfskin', 'Polyester / Lambskin / Padding: 80% goose down and 20% feathers' x2) - the open question flagged in NOTE.md. They are counted by first-named fibre, following the Fear of God and Tom Ford precedent. STRICT-PERCENTAGE ALTERNATE: 252 with composition, 247 natural / 5 synthetic / 0 cellulosic. Exactly 1 style states nothing at all. CATEGORY TABLE (styles: natural/synthetic/cellulosic/undisclosed), by the house's own category pages with the breadcrumb as fallback: knitwear 64 = 64/0/0/0; outerwear and blousons 47 = 45/2/0/0; shirts 38 = 37/0/0/1; trousers and bermudas 29 = 29/0/0/0; denim 28 = 28/0/0/0; t-shirts and polos 16 = 16/0/0/0; suits and jackets 15 = 15/0/0/0; loungewear 14 = 14/0/0/0; swimwear 6 = 2/4/0/0. Swimwear is the only synthetic-led category and is excluded from the split verdict, so shape is 'one'. Leading fibres: cotton 98, silk 36, cashmere 36, wool 31, virgin wool 18, linen 16, lambskin 9, polyester 6. At 97% natural Zilli is the most natural-cloth house measured in this batch and cellulosic is a true 0 - lyocell, viscose and acetate appear inside blends but never lead. feed_currency_rate is 'not shopify' (BigCommerce); the store prices in EUR. No bot challenge appeared; every request answered 200 on an ordinary load. LOCALE CHECKED, and it is NOT the Isabel Marant shape: the hreflang set names three sibling storefronts - en.zilli.com (x-default, English), fr.zilli.com (French) and as.zilli.com (Asia: zh/ja/ko/ar/hi/id/ms) - and /xmlsitemap.php?type=products&page=1 returns EXACTLY 584 products on all three. One catalogue, three locales; en was measured."
Stefano Ricci,999,993,94,4,1,131,33,one,"[""luxury tech"", ""swimwear""]","[""knitwear"", ""shirts"", ""outerwear""]",product_code,1226/999,4 language locales -> en-us only,not shopify,complete,https://www.stefanoricci.com/en-us/sitemap_0-product.xml,"www.stefanoricci.com, Salesforce Commerce Cloud, site id ricci_us, locale en_US. /en/ 301s to /en-us/ as the brief says. c_materialComposition APPEARS ZERO TIMES ACROSS ALL 1226 PAGES - the EIGHTEENTH consecutive Salesforce house where it does not exist. STEFANO RICCI'S OWN CONTAINER is div.description-and-detail > div.col-12.value.content, where the marketing prose is followed by a <ul> whose FIRST <li> is the composition: '<li>100% Wool</li><li>100% Polyester Lining</li><li>Zip Front Closure</li>...'. It is server-rendered (offset ~564k of a 635KB page), it is NOT in any c_ attribute, and the same string is also concatenated into the JSON-LD Product 'description'. I used the <ul>, not the JSON-LD, because the JSON-LD joins the composition to the construction bullets and destroys the li boundaries that ruling 2 needs. Exactly ONE description-and-detail block per page on all 1226 (the NN07 furniture check), and every response was asserted to contain its own pid. LOCALE TRAP, and it is a live one: /robots.txt names THREE sitemap indexes - it-it, en-us and en-gb - and the BARE /sitemap_index.xml serves the IT-IT one, whose 18 product shards would file an Italian catalogue as the US row. /sitemap.xml and /en-us/sitemap.xml both 404. The correct index is /en-us/sitemap_index.xml, one product shard: 9656 URLs = 2414 product codes x 4 LANGUAGE locales on the US market (it-us, en-us, ru-us, zh-us). en-us taken; 9656 -> 2414. CENSUS AND SCOPE RECONCILED EXACTLY, BOTH DIRECTIONS. Men's clothing = the house's own cgid=menswear tree, enumerated through SFCC Search-UpdateGrid with start/sz=100: pages of 100 x12 then 26 then a ZERO page, 1226 unique pids, and EVERY page contributed 100 NEW ids (start 0 vs start 100 intersect zero) - so this is not one of the six pagination failure shapes; the PLP's own visible count reads '0 Items' and is client-filled, so it is not usable as a cross-check. HERNO-LAMINAR CHECK: all 12 menswear subcategories enumerated separately (shirts 357, knitwear 238, outerwear 105, jeans 101, trousers 92, jackets 81, t-shirts 81, suits 72, athleisure 54, luxury-tech 26, swimwear 15, loungewear 8) union to EXACTLY 1226 and add nothing the parent missed. All 1226 pids are present in the en-us product sitemap, zero missing. REVERSE DIRECTION: the other ten top-level trees (accessories 765, preview-fall-winter 369, shoes 218, lifestyle 147, gifts 139, alpha-yarn 63, eveningwear 56, fragrances 54, beauty 10, shop-by-look 6) plus menswear cover EXACTLY 2414 of 2414 sitemap codes with ZERO orphans, and the items those cross-cut edits hold outside menswear are ties, bow ties, cummerbunds, pocket squares, belts, loafers, dress shoes and caps - no garment is orphaned. So 1226 is the complete men's clothing range and the register's 2418 is the whole site. Alternate denominator: 2414 if shoes, accessories, lifestyle, fragrances and beauty were swept in. MEN'S/WOMEN'S/UNISEX: Stefano Ricci is a menswear house. The en-us category sitemap holds 61 categories and there is no women's or junior tree; the site navigation is Highlights / Menswear / Accessories / Shoes / Fragrances / Beauty / Lifestyle / SR World. Unisex is 0 under ruling 7 and the men's-exclusive alternate is the same 999 styles. RULING 2: 1196 of 1226 listings put the whole composition on ONE li; 17 carry a SECOND percentage li and it is always a lining with a TRAILING label - '100% Polyester Lining', '100% Silk Lining', '70% Cashmere 30% Silk Knit Lining' - so a leading-label test would admit them. 20 listings put a garment-name li first ('Casual Shirt', 'Jogging Suit Blouson') before the composition; 1 states only a lining. Rule used: the first percentage li that is not itself a part, cutting an li at a part word only when the part word is followed by more text. HAND-VALIDATED on the rendered PDP of wool-padded-jacket M6J5400150-W0036R: lis are '100% Wool' then '100% Polyester Lining' then construction bullets; main line wool, lining excluded. SPANDEX ON BOTH BASES: main fabric line 131 styles with any elastane and 33 at 5% or more; anywhere in the string 134 and 36. THIS IS THE FIRST HOUSE IN THE BATCH WITH REAL PERFORMANCE STRETCH: the main-line distribution is 1% x9, 2% x61, 3% x17, 4% x11, 5% x3, 7% x15, 10% x5, 17% x3, 19% x1, 20% x1, 26% x1, 38% x4 - a comfort-stretch body (98 styles at 1-4%) plus a genuine technical tail in luxury tech and athleisure ('65% Polyamide 18% Polyurethane 17% Elastane' ski wear, '74% Polyamide 26% Elastane' running). SUM CHECK: 1209 of 1213 main lines sum to exactly 100. Four are the HOUSE'S OWN malformed strings and were inspected, not discarded: '80% Wool 12% Polyester' (92), '44% Wool 25% Cashmere 16% Silk 13% Linen' (98, two styles) and one '66% Cotton 16% Lyocell 16% Polyester 2% Elast' truncated in SR's own data. The lead is unaffected in all four. LEXICON GAPS FOUND BY THE SUM CHECK ALONE: 'Vicuña' with a TILDE (my vicuna entry missed it, and a 97% Vicuña / 3% silk scarf-weight knit was reading as SILK-led), 'Polyacryl', 'Mink Hair', 'Manila' and 'Giza 45 Cotton' (the 45 is a cotton grade, not a percentage, and had to be pre-stripped the way Super 140's is). LANGUAGE: composition read in ENGLISH on the en-us store, UTF-8, half-width %, percent-first, Title Case. No Italian labelling and no EU fibre codes on this locale - but note the it-it catalogue exists and would read in Italian. STYLE KEY: the pid is <style>-<colour> on all 1226 (every pid has exactly one dash). Stemming on the dash alone gives 904 and OVER-MERGES - MC003678 alone holds 92 listings that are SEVEN different cloths of the Asti shirt (100% Cotton 65, Giza 45 Cotton 8, Exclusive Giza 45 Cotton 12, 84/16 cotton-silk 3, 58/42 linen-cotton 2, 80/20 cotton-silk 1, a cotton-linen-silk 1), which is the Tom Ford LBS087 fault at scale. Key used: pid stem PLUS the main composition string, giving 999 styles from 1226 listings. Stem-only alternate: 904 styles, 898 with composition, 849 natural / 39 synthetic / 10 cellulosic. TIES: 56, first-listed wins, and 32 of them CHANGE CLASS - the largest tie effect in this batch. All 56 are natural under first-listed; under last-listed they split 24 natural / 1 synthetic / 31 cellulosic, because 31 of the 56 are the same t-shirt cloth '50% Cotton 50% Modal'. THE OTHER RESOLUTION GIVES 91/4/4 INSTEAD OF 94/4/1 - cellulosic quadruples. The remaining pairs are cashmere/wool 9, wool/linen 6, silk/cotton 5, wool/cashmere 1, linen/polyamide 1, silk/wool 1, virgin wool/linen 1. COMPOSITION WITHOUT PERCENTAGES: 11 styles state the cloth as bare names ('Lambskin Leather', 'Nubuck Calfskin Leather', 'Shearling and Lambskin Leather', 'Suede', 'Alpha Yarn Cashmere') and are counted by first named fibre, following the Fear of God, Tom Ford and Zilli precedent; construction bullets and anything containing Details/Lining/Insert were excluded from that read, which is what keeps the Ralph Lauren fault ('Nappa Lambskin Leather Details') out. STRICT-PERCENTAGE ALTERNATE: 982 with composition, 933 natural / 39 synthetic / 10 cellulosic. 6 styles state nothing at all. CATEGORY TABLE (styles: natural/synthetic/cellulosic/undisclosed): knitwear 219 = 218/0/0/1; shirts 191 = 189/0/1/1; outerwear 102 = 90/11/0/1; trousers 91 = 84/3/4/0; jeans 90 = 85/0/4/1; t-shirts 81 = 81/0/0/0; jackets 78 = 78/0/0/0; suits 56 = 55/0/0/1; athleisure 50 = 50/0/0/0; luxury tech 26 = 9/15/1/1; swimwear 12 = 2/10/0/0; loungewear 3 = 3/0/0/0. Two synthetic-led categories - luxury tech (ski jackets, salopettes, running gilets and tees, all genuine garments, kept) and swimwear. Swim is excluded from the split verdict and luxury tech is 2.6% of the range, so shape is 'one'. Leading fibres: cotton 320, wool 224, cashmere 151, silk 145, virgin wool 41, linen 34, polyamide 20, polyester 19, lambskin 11, lyocell 9. No bot challenge appeared; 1226 of 1226 PDPs answered HTTP 200 on an ordinary load at concurrency 5, zero 403s, zero retries. location.host asserted before the sitemap read, before the category enumeration and inside every loop iteration of the crawl."
