brand,tee_low,tee_high,polo_low,polo_high,dress_shirt_low,dress_shirt_high,jeans_low,jeans_high,dress_pants_low,dress_pants_high,sweater_low,sweater_high,outerwear_low,outerwear_high,shoes_low,shoes_high,not_a_staple,search_url,store_used,currency_basis,status,source,note
Levi's,SKIP,SKIP,SKIP,SKIP,SKIP,SKIP,SKIP,SKIP,SKIP,SKIP,SKIP,SKIP,90,1200,SKIP,SKIP,SKIP,SKIP,https://www.levi.com/US/en_US,USD,complete,https://www.levi.com/US/en_US/search/mens%20trucker%20jacket | https://www.levi.com/US/en_US/search/leather%20jacket | https://www.levi.com/US/en_US/search/shearling | https://www.levi.com/US/en_US/clothing/men/outerwear/shearling-olympia-trucker-jacket/p/A57900001 | https://www.levi.com/US/en_US/clothing/men/outerwear/jean-jackets/type-i-leather-trucker-jacket/p/005PT0001,"[outerwear staple audit] read live 2026-09-19. Old 90-625 -> new 90-1200. Staple pair = trucker jacket (silhouette). Low = Trucker Jacket regular $89.95 (Trucker Jacket (Tall) and (Big) listed at $89.95 full price; standard Trucker Jacket shows original $89.50-$89.95, on sale; Relaxed Trucker, Munroe and Walnut Springs Denim Truckers also $89.95; rounded to 90). High = Shearling Olympia Trucker Jacket $1,200 full price (men's outerwear, 100% sheep leather, shearling-lined trucker; PDP $1,200.00 no strike-through). Other elevated trucker: LEVI'S PREMIUM Type I Leather Trucker Jacket $625 full price (100% specialty leather). Faux Leather and Vintage Faux Cow Suede truckers and sherpa truckers are synthetic, not elevated; LVC 1953/1961 selvedge truckers ($405-425) are denim; Blue Tab Classic Type III Trucker regular $295 is denim. Men's search for trucker returned 47 items (page 1 of 2 read; page 2 did not load via Next), leather jacket search 36 items and shearling search read for genuine-leather men's jackets - only the two truckers found (Kira and Kennedy leather jackets are women's). Site had a bot-check interstitial on first load that cleared by itself."
Carhartt,SKIP,SKIP,SKIP,SKIP,SKIP,SKIP,SKIP,SKIP,SKIP,SKIP,NONE,NONE,SKIP,SKIP,NONE,NONE,Shoes;Sweater,SKIP,https://www.carhartt.com,USD,complete,"https://www.carhartt.com/product/106378/wayland-sweater | https://www.carhartt.com/c/men-hoodies-sweatshirts (30 results, pages 0-1) | https://www.carhartt.com/c/men-hoodies-sweatshirts-crewneck | https://www.carhartt.com/c/men-hoodies-sweatshirts-quarter-zip | https://www.carhartt.com/c/men-fall-layering (112 results, pages 0-4, all 112 names read) | https://www.carhartt.com/c/men-sherpa-and-fleece | https://www.carhartt.com/search?q=sweater (renders no results today) | https://www.carhartt.com/c/men-footwear | https://www.carhartt.com/c/men-footwear?currentPage=0..7","[fibre re-check] [Final rulings S5, applied from recorded audit evidence 19 Sep] No knit crewneck sweater; only item called a sweater is Wayland Sweater, 100% polyester fleece quarter-zip $94.99; crewnecks are sweatshirts/base layer. || 95/95 -> 95/95 unchanged. range sweater: no knit crewneck sweater and no elevated-fibre knit of any kind (no cashmere, merino, alpaca, mohair, silk; the only wool items are Force Poly-Wool base layers). Site search for sweater did not render results today, so checked via the embedded category data: men's navigation has no sweater category; the only product called a sweater is Wayland Sweater, an 8.8-ounce 100% polyester fleece quarter-zip with sherpa-lined mock neck, msrpRange $84.99-$94.99 (USD) -> 95 (94.99 rounded). Crewnecks in men's layering are sweatshirts (Sawyer 1965 Logo, Marquette, Crafted Series Heavyweight Fleece) and a base layer, excluded. Majority test and any-percentage reading both give nothing. As before, arguably NONE if a sweater-fleece quarter-zip should not count. || [shoe staple audit] [Final rulings S5, applied from recorded audit evidence 19 Sep] 122 men's footwear items, none a loafer: slip-ons are canvas slip-on sneakers (Detroit Lined Slip On $94.99), moc-toe items are chukkas/work boots (Haslett Moc Toe Canvas Chukka $104.99). || range shoes: no loafer. 95-260 -> 95-260 unchanged. Men's footwear page states 122 items; 122 product entries read from embedded page state (msrpRange, USD) over currentPage=0..7. Low = Detroit Lined Slip On and Greenfield Sneaker $94.99 (rounded 95); high = Yukon Pac Waterproof Insulated 10in Composite Toe Pac Boot $259.99 (rounded 260); next dearest Rugged Flex Met Guard boots/wellington $224.99. Slip-ons and moc-toe items are canvas slip-on sneakers, moc-toe chukkas and wedge work boots, none a loafer. Storefront tiles (Hamilton 6in Waterproof Composite Toe Work Boot $169.99, Haslett Moc Toe Canvas Chukka $104.99) match embedded msrp values."
Lacoste,SKIP,SKIP,SKIP,SKIP,SKIP,SKIP,SKIP,SKIP,SKIP,SKIP,98,240,165,450,SKIP,SKIP,SKIP,SKIP,https://www.lacoste.com/us,USD,complete,"https://www.lacoste.com/us/lacoste/men/clothing/sweaters-sweatshirts/AH1969-51.html | https://www.lacoste.com/us/lacoste/men/clothing/sweaters/?sz=120 | https://www.lacoste.com/us/lacoste/men/clothing/sweaters-sweatshirts/AH2193-51.html | https://www.lacoste.com/us/lacoste/men/clothing/sweaters/ (99 results, pages 1-4, 58 style codes) | https://www.lacoste.com/us/lacoste/men/clothing/sweaters-sweatshirts/AH1969-51.html | https://www.lacoste.com/us/lacoste/men/clothing/sweaters-sweatshirts/AH2193-51.html | PDPs of every crewneck (AH3142, AH2916, AH2924, AH6931, AH1985, AH0608, AH7627, AH7633, AH8569, AH8590, AH5158, AH2466) and AH9922 | https://www.lacoste.com/us/lacoste/men/clothing/jackets-coats/ | https://www.lacoste.com/us/lacoste/men/clothing/jackets-coats/?page=2 | https://www.lacoste.com/us/lacoste/men/clothing/jackets-coats/?page=3 | https://www.lacoste.com/us/lacoste/men/clothing/jackets-coats/BH1583-51.html | https://www.lacoste.com/us/lacoste/men/clothing/jackets-coats/BH5521-51.html","[fibre re-check] [Final rulings, live look-up 19 Sep] range sweater. Read live 2026-09-19. AH1969 Men's Merino Wool Crew Neck Sweater $160.00: its own Description (Product Ref. AH1969-51) says merino wool jersey, Fine 14-gauge knit, Composition Wool (100%) - no extra-fine/superfine wording. The words Extra-fine Merino Wool appear only in a generic category block below the Good Practices care link, headed Men - Black - Lacoste - Sweaters & Sweatshirts, describing 3D-knitted seamless merino sweaters with a confident femininity - an SEO/editorial block, not this product. So AH1969 does NOT qualify under S2 and there is no elevated crewneck. Per S5 plain crewneck range: low Men's Crew Neck Cotton Sweater AH2193 $98.00 regular (Cotton 100%; some colours $75 sale ignored); high = dearest crewneck on the listing (100 results): Wool Blend Crew Neck Tennis Heritage Sweater AH6931 $240.00 (Lyocell 67% / Wool 33%). Other crews seen: AH3142 Men's Wool Crew Neck $210, AH1969 $160, AH0608 Striped Cotton Crew Neck Sailor $160, AH1985 $135. Prior high 350 was Cashmere Polo Collar Sweater AH9922 (polo collar, not a crewneck) - dropped under S5 crewneck-range wording; if the old plain-range convention is kept, 98/350. || 98/350 -> 98/350 unchanged, but see ruling. range sweater: no crewneck clearly passes. Cashmere exists only as Cashmere Polo Collar Sweater AH9922, Cashmere (100%), $350 (polo collar, not a crewneck). Crewneck compositions (PDP Composition field): Men's Crew Neck Cotton Sweater AH2193 Cotton (100%) $98 = low; AH1985 Cotton 100% $135; AH7633 / AH7627 cable knit Cotton 70% / Polyamide 30% $130 / $145; AH5158 Cotton 100% $140; AH0608 Cotton 100% $160; AH8569 Cotton 74% / Polyamide 26% $170; AH8590 Cotton 72% / Polyamide 28% $200; AH2466 Tennis Crew Neck Cotton 55% / Polyamide 45% regular $190 (now $94.99); AH2916 Wool 100% $160; AH2924 cable Wool 100% $170; AH3142 Wool 100% $210; AH6931 Tennis Heritage Lyocell 67% / Wool 33% $240; AH1969 Men's Merino Wool Crew Neck Sweater Wool (100%) $160. Superfine test: AH1969's own description says merino wool jersey, fine 14-gauge knit, with no extra-fine/micron wording; the words Extra-fine Merino Wool appear only in a generic editorial block lower on the page (describing 3D-knitted seamless merino sweaters, written for womenswear), so not counted. RULING: if that block counts, high = 160 (AH1969) and the range flag drops. No silk/alpaca/mohair crewneck; any-percentage reading gives nothing extra. Plain range high Cashmere Polo Collar Sweater $350 kept; Lacy Striped Pique Sweater Vest $390 and Runway pieces ($430-620) excluded as before. || [outerwear staple audit] read live 2026-09-19. Old 165-580 -> new 165-450. range outerwear: Men's Jackets & Coats states 89 results, all 89 tiles read across 3 pages; no leather, suede, shearling, cashmere, alpaca or silk jacket (wool-blend Harringtons and varsity are wool, not elevated). Excluding vests, blazers, Runway and FINAL SALE items: low = Water-Repellent Sport Track Jacket $165 full price (BH6808 and BH3466 styles), high = Water-Repellent Puffer Jacket BH1583 $450 full price (PDP $450.00, no strike-through, not final sale). Between: Water-Repellent Down Commuter Jacket $430, Water-Repellent Down Jacket $398, Mid-Length Water-Repellent Windbreaker regular $395, Puffer Jacket BH3522 $380. Prior high Water-Repellent Plaid Trench Coat now shows $289.99 from $580.00, 50% OFF FINAL SALE on its PDP, so no longer qualifies."
Everlane,SKIP,SKIP,SKIP,SKIP,SKIP,SKIP,SKIP,SKIP,SKIP,SKIP,SKIP,SKIP,148,348,NONE,NONE,Shoes,SKIP,https://www.everlane.com,USD,complete,https://www.everlane.com/collections/mens-shoes | https://www.everlane.com/collections/mens-shoes/products.json | https://www.everlane.com/products.json?limit=250&page=1..36 | https://www.everlane.com/collections/mens-outerwear-coats | https://www.everlane.com/collections/mens-outerwear-coats/products.json | https://www.everlane.com/products.json,"[shoe staple audit] [Final rulings S5, applied from recorded audit evidence 19 Sep] Men's Shoes = The Court Sneaker $148, The Tread-Bare Sneaker $148; only loafer is Collegium x Everlane Stretched Loafer $289 (collab, excluded). || range shoes: no own-label men's loafer. 148 -> 148 unchanged. Men's Shoes page states 3 products, 3 read: The Court Sneaker $148 (two colourways; one marked down to $59, compare_at 148), The Tread-Bare Sneaker $148; storefront $148 matches feed; Shopify.currency USD rate 1.0. Full feed (8978 products, 36 pages) checked for footwear: new Collegium x Everlane capsule published today (Stretched Loafer Men's $289, Moc Toe Derby Men's $289, Summit Boot Men's $379) - named-maker collaboration, excluded; if counted, shoes would be 148-379 (loafer-only 289/289). Collegium items are not in the Men's Shoes collection yet. || [outerwear staple audit] read live 2026-09-19. Old 148-398 -> new 148-348. range outerwear: no men's jacket in suede/leather/shearling/cashmere anywhere in the 4750-product feed (title search) or the 34-product men's outerwear page, so plain regular range. Blazers (Tropical Wool, Soyeux Linen), Denim Shacket and Heavyweight Overshirt excluded. Low = Relaxed Barn Jacket $148 (storefront $148, matches feed, full price). High = ReWool Flight Jacket $348 (storefront $348, full price, wool - not elevated). Others between: The Parka $298, Tailored Zip Jacket regular $278, ReNew Vertical-Quilted Jacket $228, Relaxed Denim Barn Jacket regular $198 (now $139), Re:Cycled Nylon Mac Coat $198, Windbreaker $188, Archival Anorak $188, Harrington $178, Brushed Cord Coaches Jacket $178, Bomber Jacket regular $168. Prior high ReWool Car Coat $398 is now sold out in all sizes, marked down to $119 and not shown on the storefront collection - no longer in current range. Shopify.currency USD rate 1.0."
Industry of All Nations,SKIP,SKIP,SKIP,SKIP,SKIP,SKIP,SKIP,SKIP,SKIP,SKIP,SKIP,SKIP,180,595,SKIP,SKIP,SKIP,SKIP,https://industryofallnations.com,USD,complete,https://industryofallnations.com/collections/mens-1/products.json | https://industryofallnations.com/products.json | https://industryofallnations.com/products/andes-alpaca-wool-coat | https://industryofallnations.com/products/ponchito-jacket | https://industryofallnations.com/products/ponya-jacket,"[outerwear staple audit] read live 2026-09-19. Old 180-745 -> new 180-595. range outerwear: no current (non-archive) jacket style exists in both an ordinary fabric and an elevated material. Men's collection feed (124 products, USD rate 1.0) jackets excluding Clean Blazer, Alpaca Shirt Jacket and Ponya Sweatshirt Jacket, and excluding archive/final-sale items (Andes Coat, Quilted Jacket, Ponya Jacket - Batik): low = Ponya Jacket $180 max variant ($160 undyed; 100% organic cotton twill), high = Ponchito Jacket $595 (60% sheep wool / 40% baby alpaca, storefront $595 matches feed). Between: Ponya Corduroy Jacket $235, New Work Jacket $270, Nube Corduroy Jacket $320, New Kamaleon Jacket $365, Kamaleon Jacket $370, Kamaleon Corduroy Jacket $420, Plateau Jacket $430. Andes Coat (95% baby alpaca, $745 struck to $495) is archive/final sale, so the prior high no longer qualifies; with the stricter reading it is out. Alternative if archive were allowed: alpaca Quilted Jacket $495 / Andes Coat $745 still have no ordinary-fabric twin, so range high would be $745."
Bonobos,SKIP,SKIP,SKIP,SKIP,SKIP,SKIP,SKIP,SKIP,SKIP,SKIP,99,99,199,699,SKIP,SKIP,SKIP,SKIP,https://bonobos.com,USD,complete,https://bonobos.com/collections/sweaters/products.json | https://bonobos.com/products/washable-merino-crew-neck-sweater-jet-black-0 | https://bonobos.com/products/cashmere-crew-neck-sweater-blue-green-0 | https://bonobos.com/products/italian-cashmere-crew-neck-sweater-grey-heather-0 | https://bonobos.com/products/wool-pullover-sweater-dark-green-marl-0 | https://bonobos.com/products/limited-edition-sweater-3565-mountain-man-0 | https://bonobos.com/products/boucle-crewneck-sweater-forest-green-0 | https://bonobos.com/collections/outerwear/products.json?limit=250 | https://bonobos.com/products/boulevard-bomber-2-0-navy-blue-0,"[sweater staple audit] 99/250 -> 99/99. Shopify.currency USD rate 1.0; sweaters collection 238 colour-level products. Prior low Washable Merino Crew Neck Sweater: verdict true men's crewneck pullover (1x1 rib neck), 100% Extrafine Merino Wool, Jet Black and Navy Blue at full price $99 not final sale (other colours $59 marked down and tagged FINAL SALE) -> 99 stands. Prior high Cashmere Crew Neck Sweater (97% cashmere 3% wool, crew neck, Regular price $250, Sale price $169, PDP says Final Sale - No returns or exchanges) and Italian Cashmere Crew Neck Sweater (97% cashmere, Regular $250, Sale $119, Final Sale): both true crewnecks and majority-cashmere, but every colour of both is final sale, so excluded under ruling (c); alternative high if final-sale items count = 250. With them excluded, no non-final majority-cashmere/alpaca/mohair crewneck remains; the Washable Merino Crew qualifies as superfine (page says 100% Extrafine Merino Wool), so high = 99 (low = high). Other non-final crews: Boucle Crewneck Sweater $129 (70% wool 27% nylon 3% spandex, not elevated), Limited Edition Sweater $129-139 (80% wool 20% nylon, not elevated). Wool Pullover Sweater $159 (80% extrafine merino 20% nylon) excluded: snap-closure placket pullover, not a crewneck (would give high 159 if counted). Luxe Mohair Sweater $169 and Alpaca Blend Space Dye $139 are final sale and sold out. Much of the Bonobos sweater range is tagged Sale/FINAL SALE. || [outerwear staple audit] old 139-299 -> new 199-699. Shopify.currency USD rate 1.0; outerwear collection feed 72 product entries (colour-level). Only elevated jackets at full price are The Suede Bomber Jacket $499 (genuine suede, tan brown and navy) and The Bowery Leather Bomber $699 (black), both bombers. Bomber pair: low Boulevard Bomber 2.0 $199 (new season, full price, navy and black; product page shows $199 = feed), high The Bowery Leather Bomber $699 full price. Other full-price bombers: The Italian Moleskin Bomber $249. Excluded: vests, fleece quarter-zips, Italian Brushed Twill Shacket, Jetsetter Washed Cotton Blazer, all items tagged FINAL SALE or only in Last Chance clearance. Wool-cashmere topcoat $499 not treated as elevated (wool-cashmere blend, cashmere not stated as majority) and in any case dearer at entry than the bomber."
Lululemon,SKIP,SKIP,SKIP,SKIP,SKIP,SKIP,SKIP,SKIP,SKIP,SKIP,SKIP,SKIP,SKIP,SKIP,128,158,SKIP,SKIP,https://shop.lululemon.com,USD,complete,https://shop.lululemon.com/c/men-shoes/n1n4fcznrqw,"[shoe staple audit] [Final rulings S3, applied from recorded audit evidence 19 Sep] Mules now count: SwayDay Mule $128, ZenMode Mule $158 (men's shoes 14 of 14). Slides (Restfeel Slide $58, Restfeel Woven Slide $78) and sneakers/running shoes excluded. || range shoes: no loafer. 58-168 -> 58-168 unchanged. Men's shoes 14 products, viewing 14 of 14: low Men's Restfeel Slide $58; high Men's Wildfeel Trail Running Shoe and Men's Beyondfeel Waterproof Running Shoe $168; others Restfeel Woven Slide $78, Puff Puff Shoe $128, SwayDay Mule $128, Cityverse sneakers $138-148, Split Shift / Beyondfeel Running Shoe / ZenMode Mule $158, Chargefeel 3 ($158 regular, now $99), Cityverse Microsuede ($138 regular, now $99). Excluding slides/mules the range would be 128-168. USD storefront."
Alo,SKIP,SKIP,SKIP,SKIP,SKIP,SKIP,SKIP,SKIP,SKIP,SKIP,SKIP,SKIP,SKIP,SKIP,NONE,NONE,Shoes,SKIP,https://www.aloyoga.com,USD,complete,https://www.aloyoga.com/collections/mens-shoes | https://www.aloyoga.com/collections/mens-shoes/products.json | https://www.aloyoga.com/products.json?limit=250&page=1..17,"[shoe staple audit] [Final rulings S5, applied from recorded audit evidence 19 Sep] Men's shoes: It Slide $150, Recovery Slippers $175, sneakers/trail $195-295; ALO Malibu Loafer $285 is women's-sized (5W-12W), not in men's collection. No men's loafer. || range shoes: no men's loafer. 150-295 -> 150-295 unchanged. Men's shoes collection feed 32 products (colourway-level; page stated count not rendered), all unisex: It Slide $150 (low), Recovery Slipper / Sherpa Recovery Slipper $175, ALO Runner / Recovery Mode Sneaker $195, ALO Sunset Sneaker $225, Jimmy Butler Recovery Mode $275, ALO Trail $295 (high); no markdowns. Full feed 4032 products searched for loafer/moccasin: only ALO Malibu Loafer $285 (Slides type, women's sizes 5W-12W), excluded. Shopify.currency USD rate 1.0."
Southern Tide,SKIP,SKIP,SKIP,SKIP,SKIP,SKIP,SKIP,SKIP,SKIP,SKIP,NONE,NONE,SKIP,SKIP,NONE,NONE,Shoes;Sweater,SKIP,https://southerntide.com,USD,complete,https://southerntide.com/products/broad-river-indigo-crewneck | https://southerntide.com/collections/mens-sweaters/products.json | https://southerntide.com/products.json?limit=250&page=1..7 | https://southerntide.com/collections/mens-sweaters/products.json | https://southerntide.com/products.json | https://southerntide.com/products/broad-river-indigo-crewneck | https://southerntide.com/products/bass-creek-heather-quarter-button-sweater | https://southerntide.com/products/upper-deck-heather-crew | https://southerntide.com/products.json?limit=250&page=1..7 | https://southerntide.com/search?q=flipjacks,"[fibre re-check] [Final rulings, live look-up 19 Sep] Read live 2026-09-19. Broad River Indigo Crew is marked Final Sale on its product page ($99.50 was $158.00, out of stock) - excluded per S4. Full feed 1603 products (Shopify.currency USD rate 1.0): the only other men's crew is Upper Deck Heather Crew (M_Pullover, sweatshirt-style, $48.50 was $98, also Final Sale). All other men's sweaters/pullovers are quarter-zips/quarter-button/quarter-snap/hoodie (Whitehaven Heather Quarter Zip Sweater $168, Bass Creek Heather Quarter Button Sweater $178 regular, etc.). No qualifying full-price men's crewneck -> NONE/NONE, Sweater in not_a_staple (S5). || 158/178 -> 158/178 unchanged. range sweater: no elevated-fibre crewneck (no cashmere, silk, alpaca, mohair or superfine wool anywhere in the 1605-product US feed, Shopify.currency USD rate 1.0; majority test and any-percentage reading both give nothing). Pages give no % composition, only tag Material: Cotton. Only men's crewneck sweater: Broad River Indigo Crew (Material: Cotton, cotton cable) regular $158 (storefront $99.50 was $158, Final Sale) = low. Mens Sweaters collection (10 items) otherwise quarter-zips/quarter-button: high Bass Creek Heather Quarter Button Sweater (Material: Cotton) regular $178 (storefront $79.50 was $178); Whitehaven Heather Quarter Zip Sweater 100% cotton $168. Upper Deck Heather Crew (Material: Cotton, M_Pullover, sweatshirt-style) regular $98 excluded. Plain range kept as before (high is a quarter-button, not a crewneck, as in the prior pass). || [shoe staple audit] [Final rulings S5, applied from recorded audit evidence 19 Sep] Only own-label men's footwear is Men's River Rock Flipjacks / Dock Flipjacks leather flip-flops $69.50; no loafer, moccasin, driver, mule or espadrille loafer; range from flip-flops replaced. || range shoes: no loafer. 70-70 -> 70-70 unchanged. Own-label men's footwear (M_Footwear) in full feed of 1605 products: Men's River Rock Flipjacks and Men's Dock Flipjacks leather flip-flops $69.50 each (rounded half-up to 70), full price; search page shows $69.50 matching feed; Shopify.currency USD rate 1.0. /collections/mens-shoes returns 404. Archies flip flops (U_Footwear, vendor Southern Tide) excluded as stocked brand."
Rhoback,SKIP,SKIP,SKIP,SKIP,SKIP,SKIP,SKIP,SKIP,SKIP,SKIP,NONE,NONE,SKIP,SKIP,SKIP,SKIP,Shoes;Sweater,SKIP,https://rhoback.com,USD,complete,https://rhoback.com/collections/mens-tops-sweaters | https://rhoback.com/collections/mens-tops-crewnecks | https://rhoback.com/search?q=cashmere | https://rhoback.com/products/mens-tops-hogan-q-zip-sweater-heather-sepia | https://rhoback.com/products/mens-tops-harbor-stretch-sweater-polo-heather-fleet-navy-coastal-blue,"[fibre re-check] [Final rulings S5, applied from recorded audit evidence 19 Sep] No men's crewneck sweater: Men's Sweaters = Hogan Q-Zip $194, Hogan Sweater Hoodie $184, Harbor Stretch Sweater Polo $128; Men's Crewnecks collection is sweatshirt/performance crews only (Pace Performance Crew $112, Ready Crewneck $112-135). || 128/194 -> 128/194 unchanged. Headless storefront, displayed USD prices, no strike-throughs. range sweater: no crewneck sweater at all, so no elevated-fibre crewneck under either the majority test or an any-percentage reading. Men's Sweaters shows 8 tiles (3 styles): Hogan Q-Zip Sweater $194 (65% merino wool, 27% nylon, 8% cashmere; quarter-zip, and cashmere well under 50%), Hogan Sweater Hoodie $184, Harbor Stretch Sweater Polo $128 (60% cotton, 40% polyester). Men's Crewnecks collection is only sweatshirt/performance crews (Pace Performance Crew $112, Ready Crewneck $112-135), excluded. Plain range: low Harbor Stretch Sweater Polo $128, high Hogan Q-Zip Sweater $194. Search cashmere (28 results) surfaces only Hogan and colour names (Cashmere Pink)."
Patagonia,SKIP,SKIP,SKIP,SKIP,SKIP,SKIP,SKIP,SKIP,SKIP,SKIP,SKIP,SKIP,SKIP,SKIP,NONE,NONE,Shoes,SKIP,https://www.patagonia.com,USD,complete,https://www.patagonia.com/search/?q=shoes | https://www.patagonia.com/search/?q=loafer,"[shoe staple audit] [Final rulings S5, applied from recorded audit evidence 19 Sep] Only men's non-technical footwear M's Wild Idea Work Boots $449; search for loafer finds no footwear. || range shoes: no loafer (search for loafer autocorrects to Layer, no footwear). 449 -> 449 unchanged. Search for shoes shows 23 results: only men's non-technical footwear is M's Wild Idea Work Boots $449 (full price); W's Wild Idea Work Boots $389 women's; technical wading boots $319-499 (Foot Tractor $499 on sale $248.99), wading booties $145, Regulator wetsuit booties $109-129 excluded. USD."
Finisterre,SKIP,SKIP,SKIP,SKIP,SKIP,SKIP,SKIP,SKIP,SKIP,SKIP,160,165,SKIP,SKIP,SKIP,SKIP,SKIP,SKIP,https://finisterre.com/en-us,USD,complete,https://finisterre.com/en-us/collections/mens-knitwear | https://finisterre.com/en-us/collections/mens-knitwear/products.json | https://finisterre.com/en-us/products/mens-wool-mora-jumper-navy | https://finisterre.com/en-us/products/mens-wool-mora-jumper-navy.js | https://finisterre.com/en-us/products/mens-wool-mora-jumper-olive.js | en-us product pages of all 35 knitwear items (Materials section),"[fibre re-check] 160/205 -> 160/165 (high changes; drops range). US storefront /en-us, USD; Shopify.currency rate 1.375 (GBP base) so the /en-us feed was used and checked against tiles (Escall $155/$160, Mora $165, Mora 1/4 Zip $205 all match; 35 items stated and in feed). Superfine test applied: the only crewneck whose page qualifies is the Mora (listed as Men's Mora Knit Sweater and Men's Finisterre Mora Knit Jumper, tag crew-neck, raglan fisherman rib), Materials: 100% Extrafine Merino Wool, $165 in every colour, no compare-at = high. No cashmere, silk, alpaca or mohair knit, so majority test and any-percentage reading give nothing further. Non-qualifying crewnecks: Furlong Crew Jumper 100% Merino Wool $175, Culfer Jumper 100% Wool $180, Tolcarne Gansey 100% Wool $180, Fisher Cast Off Jumper 100% Merino Wool $195 (no extra-fine wording), Barents 80% wool / 20% recycled polyamide $160, Escall Crew Neck Knit Sweater 70% recycled wool / 25% recycled polyamide / 5% other. RNLI Polperro Jumper $220 excluded (charity collab); Mora 1/4 Zip (100% Merino Wool) $205 is a quarter-zip. Low kept at 160 as before (Escall style top price $160 in Charcoal; Barents $160), but Escall colours are separate products and Sky Blue, Indigo and Coffee Brown sell at $155 with no compare-at, so strictly per-product low would be 155 (ruling)."
Rodd & Gunn,SKIP,SKIP,SKIP,SKIP,SKIP,SKIP,SKIP,SKIP,SKIP,SKIP,128,178,SKIP,SKIP,SKIP,SKIP,SKIP,SKIP,https://www.roddandgunn.com/us,USD,complete,https://www.roddandgunn.com/us/clothing/sweaters?srule=Price%20Low%20to%20High&sz=12&start=0..120 | https://www.roddandgunn.com/us/clothing/sweaters/gunn-crew-sweater/006620-03.html | https://www.roddandgunn.com/us/clothing/sweaters/stewart-island-knit/009762-08.html | https://www.roddandgunn.com/us/clothing/sweaters/christchurch-knit/008990-01.html | https://www.roddandgunn.com/us/clothing/sweaters/queenstown-sweater/005285-12.html | https://www.roddandgunn.com/us/clothing/sweaters/hudson-knit/009615-01.html | https://www.roddandgunn.com/us/clothing/sweaters/nobles-knit/009599-03.html | https://www.roddandgunn.com/us/clothing/sweaters/murdoch-knit/009611-01.html | https://www.roddandgunn.com/us/clothing/sweaters/marlin-knit/009045-02.html,"[sweater staple audit] [Final rulings S1, applied from recorded audit evidence 19 Sep] Christchurch Knit and Queenstown Sweater, both crewnecks $178 regular: 50% Optim Wool (page: ""ultra-fine Australian Optim Wool"") 30% cashmere 20% merino -> elevated combined >=80% (S1 + S2 ultra-fine wording). Only qualifying crewnecks (Stewart Island Knit $198 is 70% Australian wool 30% cashmere, fails), so high = 178 though cheaper than prior range high 198. Low Gunn Crew Sweater $128 (100% cotton) unchanged. || range sweater: under the single-fibre majority reading no men's crewneck qualifies, so plain crewneck range; figures unchanged 128/198 -> 128/198 but basis changes. Sweaters page states 130 products (colour tiles; 95 distinct product URLs read via sorted pages). Prior low Gunn Crew Sweater: verdict true men's crewneck pullover (meta: men's crew-neck sweater), 100% Australian Good Earth cotton, regular $128. Prior high Stewart Island Knit: verdict true crewneck pullover (page: this classic crew knit), 70% Australian wool 30% cashmere, regular $198 -> FAILS majority test (30% cashmere, wool not described as superfine); any-percentage reading 198; as plain-range high it is the dearest crewneck, so 198. Combined reading (ruling a): Christchurch Knit and Queenstown Sweater, both crewnecks $178 regular, are 50% Optim Wool (page: ultra-fine Australian Optim Wool) 30% cashmere 20% merino; no single fibre >50% but elevated combined 80% (if ultra-fine counts as superfine) -> under the combined reading high would be 178 (Stewart Island would not qualify). Prior note was wrong that Hudson/Nobles/Murdoch are merino crews: Hudson Knit (extra fine merino) and Nobles Knit are quarter-zips, Murdoch Knit (100% extrafine merino) is a knit polo - all excluded. Also excluded: Marlin Knit $225 (polo collar), Charlestown Knit $198 (zip front), Quail Rise $298 (quarter-zip), Williamson $298 (cardigan), Newall $348 (zip cardigan), Robbies Road (zip), and cotton polos in the $128 tier (Freys Crescent, Masons Flat, Galdfield, Linwood). Many tiles show markdowns; regular (struck-through) prices used."
J.Lindeberg,SKIP,SKIP,SKIP,SKIP,SKIP,SKIP,SKIP,SKIP,SKIP,SKIP,SKIP,SKIP,SKIP,SKIP,NONE,NONE,Shoes,SKIP,https://www.jlindebergusa.com,USD,complete,https://www.jlindebergusa.com/products.json?limit=250&page=1..7 | https://www.jlindebergusa.com/products/ace-low-top-golf-sneaker-white-ss26,"[shoe staple audit] [Final rulings S5, applied from recorded audit evidence 19 Sep] Men's footwear is golf/sneakers only ($180-$265); ""No loafer or moccasin in feed"". || range shoes: no loafer. 180-265 -> 180-265 unchanged. Feed 1595 products, Shopify.currency USD rate 1.0; men's (gender_Men) footwear is sneakers only: low Ace Low-Top Golf Sneaker / Bridge Golf Sneaker $180; Range Finder Golf Sneaker $185 regular (now $92.50); Vent 500 Sport $210; Art Signature Suede $225; Art Signature Sneaker II $230; Vent 500 KN Golf $240 (one colour $225); high Vent 500 SE Golf Sneaker $265. PDP Ace Low-Top shows $180.00 matching feed. No loafer or moccasin in feed."
johnnie-O,SKIP,SKIP,SKIP,SKIP,SKIP,SKIP,SKIP,SKIP,SKIP,SKIP,SKIP,SKIP,SKIP,SKIP,198,248,SKIP,SKIP,https://www.johnnie-o.com,USD,complete,https://www.johnnie-o.com/collections/mens-shoes | https://www.johnnie-o.com/collections/loafers-boots | https://www.johnnie-o.com/collections/moccasins | https://www.johnnie-o.com/search?q=loafer | https://www.johnnie-o.com/products/baja-penny-loafer | https://www.johnnie-o.com/collections/mens-shoes/products/j-flex-penny-loafer-leather-copy | https://www.johnnie-o.com/products/jflex-penny-suede-jmfw100110-24fa | https://www.johnnie-o.com/products/the-19th-sole-1 | https://www.johnnie-o.com/products/malibu-moccassin-2-0-jmfw1700-24sp,"[shoe staple audit] [Final rulings S3, applied from recorded audit evidence 19 Sep] Malibu Moccasin $198 (suede driving-style moccasin, in Loafers & Boots collection) now counts; with Baja Penny Loafer $228, J-Flex Penny Loafers $248, The 19th Sole Moccasin $248 -> 198/248. || 228-248 -> 228-248 unchanged. Headless Shopify; prices from listing tiles and PDP JSON-LD offers (USD). Loafers & Boots collection (6 products): Baja Penny Loafer $228 (low), J Flex Penny Loafer - Leather $248 and J-Flex Suede Penny Loafer $248 (high; Argentinian suede, calfskin lining, made in Brazil), The 19th Sole Moccasin $248 (JSON-LD describes it as the J-Flex Suede Penny Loafer, same price), Malibu Moccasin $198 (excluded, see flag), J-Flex Leather Chukka Boot $268 (boot). Listing tile J Flex Penny Loafer - Leather Current price $248 matches JSON-LD. No markdowns."
Percival,SKIP,SKIP,SKIP,SKIP,SKIP,SKIP,SKIP,SKIP,SKIP,SKIP,SKIP,SKIP,255,730,SKIP,SKIP,SKIP,SKIP,https://percivalclo.com,USD_landed,complete,https://percivalclo.com/products.json?limit=250&page=1..4 | https://percivalclo.com/products/crosby-knitted-jumper-navy-burgundy | https://percivalclo.com/products/miller-jacquard-jumper-mohair-wool-navy | https://percivalclo.com/products/melville-cable-knit-jumper-wool-ecru | https://percivalclo.com/products.json?limit=250&page=1..4 | https://percivalclo.com/products/western-jacket-suede-olive | https://percivalclo.com/products/western-trucker-jacket-denim-raw | https://percivalclo.com/products/prologue-suede-leather-zip-jacket-brown | https://percivalclo.com/products/mackey-zip-jacket-denim-raw,"[sweater staple audit] range sweater: no crewneck passes the majority elevated-fibre test, so plain crewneck range; figures unchanged 210/320 -> 210/320 but basis changes. Feed 871 products; Shopify.currency USD but rate 1.36883 (Markets), so checked storefront: PDPs show $210 / $320 matching feed; site header says Duties & taxes included, so currency_basis USD_landed (prior said USD). Prior low Charlestown Knitted Jumper (handle crosby-knitted-jumper): verdict true men's crewneck pullover (knitted crew neck), material stated only as Wool blend, PDP $105 sale from $210 regular (compare_at), not marked final sale -> 210. Prior high White Glove Boxy Crew Neck Jumper Mohair (Black, $320 compare_at, now $190) and tie Miller Jacquard Jumper Mohair Wool $320 full price: both true crew neck pullovers, but composition 47% nylon 35% wool 15% mohair 3% spandex, fails majority test (mohair 15%; elevated fibres combined 15%); they qualify only under an any-percentage reading (320). As plain-range high the dearest crewneck is still 320 (Miller Jacquard $320 full price; Melville Cable Knit Jumper 80% wool 20% nylon $320 regular, on sale $160). Other crews: Fisherman Raglan Jumper Heavy Cotton $240 (100% cotton), Felted Relaxed Jumper 100% merino $255 regular (no superfine claim), Rhodes White Glove Crew 50% wool 50% nylon $285, Tales Knitted Crew 100% organic cotton $285, Public Library Knitted Crew wool blend $285, Sergio Crochet Jumper 100% cotton $270. Shugart Knit Jumper $255 (13% alpaca) is button neck, excluded. Collabs (Guinness x Percival, Champion x Percival) excluded. || [outerwear staple audit] [19 Sep re-read under final rulings: chore jackets not outerwear / pre-order excluded / silhouette pairs] old 255-795 -> new 255-730. Chore jackets (Gove, Afterward Suede, Vintage Wash Oliver, Parsons) now excluded. Shopify.currency USD rate 1.37232; 871 products, 155 typed Outerwear; pages say Duties & taxes included. Pair (same trucker silhouette, not exact model): low Western Trucker Jacket Denim Dark Indigo / Light Wash Blue $255 full price (PDP $255, 100% BCI cotton 14oz denim; Cream colour marked down 130 from 255), high Western Jacket Suede Olive $730 (PDP $730, 100% caprine suede, copy says classic trucker-inspired shape; new, not pre-order, not sale). Only other own elevated jackets: Prologue Suede Zip Jacket Espresso $795 regular (PDP $475 struck $795, 100% leather; zip jacket, twin would be Mackey Embroidered Zip Jacket Denim $255 if same silhouette, so low unchanged either way) and collab Percival x Warren Suede Western (excluded). No cheaper style has an elevated twin (Calabria Harrington, Doppio Bomber nylon, fleece, trench, peacoat). No camel, knit bomber, shearling or cashmere jacket. Excluded overshirts, blazers, suits, waistcoats, Guinness/Ford/Brighton/Champion/Front Office collabs. read live 2026-09-19"
Wythe,SKIP,SKIP,SKIP,SKIP,SKIP,SKIP,SKIP,SKIP,SKIP,SKIP,SKIP,SKIP,SKIP,SKIP,NONE,NONE,Jeans;Shoes,SKIP,https://wythe.com,USD,complete,https://wythe.com/products.json?limit=250&page=1..2 | https://wythe.com/products/kingdom-moc | https://wythe.com/products/smokestack-moc.js | https://wythe.com/products.json?limit=250&page=1..2 | https://wythe.com/products/five-card-stud-boots,"[shoe staple audit] [Final rulings, live look-up 19 Sep] Read live 2026-09-19. Kingdom Moc and Smokestack Moc $388.00 (compare_at none; feed 339 products, Shopify.currency USD rate 1.0) are titled plainly (no Wythe x Easymoc in name, vendor Wythe New York, no tags), BUT the product description presents Easymoc as the named maker and co-creator: We've been pals with Greg from Easymoc ... always talked about making some shoes with him, then quotes Greg on our trooper moc pattern (Easymoc's pattern), handsewn by him. That is a named third-party maker/collaboration, so not own-label -> NONE/NONE and Shoes in not_a_staple. Also the product photos show laced camp/boat-style mocs with rawhide laces (arguably lace-up/boat-shoe anyway). Wythe x Yuketen Handmade Suede Canoe Mocs $500 are explicit collabs. If Kingdom/Smokestack were treated as plain Wythe product: 388/388. || range shoes: no loafer. 898-1298 -> 898-1298 unchanged. Feed 339 products, Shopify.currency USD rate 1.0. Own-label men's footwear = handmade western boots (made in Leon, Mexico by an unnamed family workshop): low Sand Suede Roper Boots / Chocolate Suede Roper Boots / Ranchero Roper Boots $898; Snuff Suede Western Boots and Black and Bone Calfskin Western Boots $1100; Brown/Sagebrush Calfskin Pee Wee Boots $1198; high Five Card Stud Boots $1298 (sold out; PDP shows $1,298.00 matching feed). No exotic skins mentioned in any boot description. No markdowns."
Alex Mill,SKIP,SKIP,SKIP,SKIP,SKIP,SKIP,SKIP,SKIP,SKIP,SKIP,SKIP,SKIP,250,275,SKIP,SKIP,SKIP,SKIP,https://www.alexmill.com,USD,complete,https://www.alexmill.com/products.json?limit=250&page=1..4 | https://www.alexmill.com/collections/mens-jackets-coats/products.json | https://www.alexmill.com/products/denim-jacket-in-albuquerque-wash | https://www.alexmill.com/products/alden-jacket-in-moleskin-1 | https://www.alexmill.com/products/garment-dyed-work-jacket-in-recycled-denim-in-faded-cypress,"[outerwear staple audit] [19 Sep re-read under final rulings: chore jackets not outerwear / pre-order excluded / silhouette pairs] range outerwear: old 225-275 -> new 250-275. Shopify.currency USD rate 1.0; 776 products, 21 typed Mens Jackets (11 unique men's/unisex jacket titles). No men's suede, leather, shearling, cashmere, camel or knit-bomber jacket, so no staple pair. Excluded per ruling: Garment Dyed Chore Jacket in Canvas / Corduroy $225, and Garment Dyed Work Jacket in Recycled Denim / Work Jacket in Vintage Wash Denim $225 (classic work-jacket proportions, chore-style). Also excluded blazers (Mill Blazer, Mercer Linen Jacket), Coldbreaker vest and Walker jacket (stocked), untyped Work Jacket in Boiled Wool (knit chore-style, not in the jackets collection). Low Clifton Jacket In Moleskin $250 (French hunting jacket, PDP $250 = feed), high Denim Jacket Albuquerque Wash $275 (PDP $275 = feed). No compare-at markdowns. read live 2026-09-19"
Tecovas,SKIP,SKIP,SKIP,SKIP,SKIP,SKIP,SKIP,SKIP,SKIP,SKIP,NONE,NONE,295,295,SKIP,SKIP,Sweater,SKIP,https://www.tecovas.com,USD,complete,https://www.tecovas.com/shop/sweaters/mens | https://www.tecovas.com/search?q=sweater | https://www.tecovas.com/shop/outerwear/mens | https://www.tecovas.com/products/mens-waxed-ranch-jacket | https://www.tecovas.com/products/mens-field-jacket | https://www.tecovas.com/products/buckaroo-waxed-canvas-trucker-jacket | https://www.tecovas.com/products/mens-classic-denim-trucker-jacket,"[fibre re-check] range sweater: 165/195 -> NONE/NONE. Headless store; Men's Sweaters & Sweatshirts page (search for sweater redirects there) shows 2 RESULTS, both tagged LAST CALL and marked down: Men's Shawl Collar Cardigan Sweater original $165 (now $69) and Men's Shawl Collar Wrap Sweater original $195 (now $69). No crewneck pullover of any fibre, and both remaining sweaters are shawl-collar cardigan/wrap styles in the Last Call clearance, which SPEC says does not count. RULING NEEDED: if the base-spec category range is kept (as for Y.Chroma and Ksubi) the row stays 165/195 using Last Call original prices; strict rev 4 reading gives NONE. || [outerwear staple audit] [19 Sep re-read under final rulings: chore jackets not outerwear / pre-order excluded / silhouette pairs] range outerwear: old 185-295 -> new 295-295. Mens Outerwear states 12 RESULTS; all 12 read after scrolling (headless storefront, USD). No full-price jacket style sold in both an ordinary and an elevated version (Leather Biker Jacket is LAST CALL at 389 from 595; Goat Suede Puffer Vest is a vest). Excluded: Mens Denim Chore Jacket $185 (chore, per ruling), Sawtooth Pearl Snap Shacket and Blanket CPO Shacket (shirt-jackets/CPO, marked down), Western Blazer $255, Tecovas x Mossy Oak Waxed Ranch Jacket $325 (collab), Classic Denim Trucker Jacket (PDP labelled LAST CALL, $119 from $165). Remaining: Mens Waxed Ranch Jacket $295 (British Millerain waxed canvas), Mens Field Jacket $295 (canvas), Mens Buckaroo Waxed Canvas Trucker Jacket $295 (waxed canvas); all PDPs show $295 with no original price, none pre-order. read live 2026-09-19"
Barbour,SKIP,SKIP,SKIP,SKIP,SKIP,SKIP,SKIP,SKIP,SKIP,SKIP,SKIP,SKIP,SKIP,SKIP,NONE,NONE,Shoes,SKIP,https://www.barbour.com/us,USD,complete,https://www.barbour.com/us/mens/mens-footwear | https://www.barbour.com/us/everitt-mule-slippers-MSL0025NY52.html | https://www.barbour.com/us/search?q=loafer | https://www.barbour.com/us/search?q=moccasin | https://www.barbour.com/us/search?q=slipper | https://www.barbour.com/us/mens/mens-footwear | https://www.barbour.com/us/mens/mens-footwear/mens-shoes,"[shoe staple audit] [Final rulings, live look-up 19 Sep] Read live 2026-09-19. Everitt Mule is sold as Everitt Mule Slippers $70.00, breadcrumb Men's Footwear / Men's Slippers, faux suede with tartan-lined sole, described as a mule-style slipper for comfort underfoot - an indoor slipper named slipper, excluded under S3. Men's footwear page 38 items (36 shown; Show more did not load the last 2): Re-Engineered Deck Boat Shoes $195 (boat shoe), Chelsea/chukka/derby boots $220-245, wellingtons $120-185, slippers (Everitt Mule $70, Everitt Tartan $80, Monty $120, Albert $130), Paul Smith Loves Barbour wellingtons (collab). Site search: loafer 0 results, moccasin 0 results; slipper search shows only slippers. No own loafer/moccasin/driver -> NONE/NONE, Shoes in not_a_staple. || range shoes: Barbour US sells no loafer (men footwear page: Showing 38 of 38 items after Show more; subcategories Wellingtons, Boots, Boat Shoes, Shoes). 195/245 -> 195/245 unchanged. Low = Re-Engineered Deck Boat Shoes $195.00; high = Shawdon Chukka Boots $245.00. Others: Farsley Chelsea Boots / Harle Chukka Boots $220, Bellister Derby Boots / Hadston Chukka Boots $240. Excluded: slippers (Everitt Mule $70, Everitt Tartan $80, Monty $120, Albert $130), wellingtons (Breacon $120, Nimbus $125, Andale $130, Bede $140, Ridge $150, Tempest $185), and Paul Smith Loves Barbour Chelsea Wellingtons $135 (collaboration). Mens-shoes subcategory holds only Deck Boat Shoes and Farsley Chelsea Boots. No markdowns shown."
Baracuta,SKIP,SKIP,SKIP,SKIP,SKIP,SKIP,SKIP,SKIP,SKIP,SKIP,225,225,SKIP,SKIP,SKIP,SKIP,SKIP,SKIP,https://us.baracuta.com,USD,complete,https://us.baracuta.com/products.json?limit=250&page=1..2 | https://us.baracuta.com/products/baracuta-shetland-crewneck-brmag0200uf0616-5019,"[fibre re-check] range sweater: 225/400 -> 225/225. Feed 308 products (Shopify.currency USD, rate 1.14862); storefront Shetland Crewneck shows USD $225.00 matching feed. Only men's crewneck (tag Gender:MEN, SubCategory:KNIT CREWNECK) is Shetland Crewneck $225, 100% virgin Shetland wool (no superfine/micron claim), full price. No elevated-fibre crewneck under majority or any-percentage test (no cashmere/silk/alpaca/mohair crewneck in men's). Old high $400 was Aran Mock Neck (mock neck, excluded by rev 4 staple definition). Excluded: Knit T-Shirt $180 (short-sleeve, 100% cotton, tagged KNIT CREWNECK), Pointelle/Aran Mock Neck, polos, vests, Shetland Cardigan $255; Argyle Crewneck $310, Pointelle Crewneck and College Tee are women's (Gender:WOMEN)."
Filson,SKIP,SKIP,SKIP,SKIP,SKIP,SKIP,SKIP,SKIP,SKIP,SKIP,199,259,199,1199,SKIP,SKIP,SKIP,SKIP,https://www.filson.com,USD,complete,https://www.filson.com/products.json?limit=250&page=1..5 | https://www.filson.com/collections/sweaters/products.json | https://www.filson.com/collections/sweaters | https://www.filson.com/products/vintage-cotton-crewneck-sweater-juniper | https://www.filson.com/products/cotton-crewneck-guide-sweater-dark-navy-1 | https://www.filson.com/products/3-gauge-alpaca-blend-sweater-black-heather | https://www.filson.com/products/shetland-5-gauge-wool-sweater-russet | https://www.filson.com/products.json?limit=250&page=1..5 | https://www.filson.com/products/dry-wax-windbreaker-military-olive | https://www.filson.com/products/canvas-outfitter-jacket-sequoia,"[fibre re-check] range sweater: 199/699 -> 199/259. Shopify USD rate 1.0; live men's Sweaters page shows 8 sweaters (12 products incl. accessories). Crewnecks: low = Vintage Cotton Crewneck Sweater $199 (Juniper full price; other colours compare-at $199), Material 100% cotton; high = Cotton Crewneck Guide Sweater $259 compare-at (now $181.30), Material 100% cotton. No elevated-fibre crewneck under majority or any-percentage test: 3-gauge Alpaca Blend Sweater $429 is 40% merino wool, 30% alpaca, 30% nylon (fails majority test; also a V-neck so not eligible under any reading). Old high $699 was Guide Cardigan (cardigan, excluded by rev 4 staple rule). Shetland 5-gauge Wool Sweater $329 (100% wool, sold out, 40% off) is in the feed collection but not shown on the live Sweaters page and its page does not state the neckline; not used (would be high 329 if counted). Cotton Crewneck Guide handle without -1 suffix returns 404. || [outerwear staple audit] 189 -> 199, 1199 -> 1199. range outerwear: feed 1001 products, Shopify.currency USD rate 1.0; the only men's elevated-material jacket is Leather Hadlock Jacket 999 (no cloth Hadlock); suede/shearling Cruisers and Short Suede Barn Jacket are women's. Men's own-label outerwear excluding vests, jac-shirts, Pile Fleece Pullover 179 (pullover) and Filson X Crescent Down Works Parka 1250 (collab): low = Canvas Outfitter Jacket 199 (FW26 classic colours at full price; storefront Sequoia shows $199; Dry Wax Short Cruiser Jacket also 199), high = Lined Mackinaw Wool Packer Coat 1199 (full price). Prior low Dry Wax Windbreaker 189 dropped: storefront shows it only under SALE COLORS at 132.30 (was 189), all sizes sold out."
Y.Chroma,SKIP,SKIP,SKIP,SKIP,SKIP,SKIP,SKIP,SKIP,SKIP,SKIP,NONE,NONE,SKIP,SKIP,SKIP,SKIP,Shoes;Sweater,SKIP,https://www.ychroma.com,USD,complete,https://www.ychroma.com/products.json?limit=250&page=1 | https://www.ychroma.com/collections/sweaters/products.json | https://www.ychroma.com/products/dwayne-v-neck-cashmere | https://www.ychroma.com/products/power-cable-sweater-2026-edition,"[fibre re-check] [Final rulings S5, applied from recorded audit evidence 19 Sep] No crewneck pullover sold: Dwayne V-Neck Cashmere $299 (V-neck), Power Cable Sweater $499 (cardigan style), Grand Prix crocheted shirt $775 (limited). || range sweater: 299/499 -> 299/499 unchanged. 45 products, Shopify USD rate 1.0, nothing marked down; storefront Dwayne shows $299 matching feed. No crewneck pullover sold at all: Sweaters collection = Dwayne V-Neck Cashmere $299 (V-neck, page says luxury cashmere-cotton blend, no % stated so majority test cannot be confirmed), Power Cable Sweater 2026 Edition and 2023 Edition $499 (100% Pima cotton, buttoned cardigan style), Grand Prix Hand Crocheted Shirt (Limited Edition) $775 (shirt, limited, excluded). Kept base-spec category range (low Dwayne $299, high Power Cable $499) since the crewneck staple does not exist; RULING NEEDED: under a strict rev 4 crewneck-only reading this row would be NONE/NONE (no crewneck of any fibre)."
Kith,SKIP,SKIP,SKIP,SKIP,SKIP,SKIP,SKIP,SKIP,SKIP,SKIP,175,175,SKIP,SKIP,SKIP,SKIP,SKIP,SKIP,https://kith.com,USD,complete,https://kith.com/products.json?limit=250&page=1..100 | https://kith.com/collections/kith-knitwear/products.json | https://kith.com/collections/kith-knit-crewnecks/products.json | https://kith.com/collections/kin-fall-2026/products.json | https://kith.com/products/khma030115-678 | https://kith.com/products/khma030157-413 | https://kith.com/products/khm032592-207,"[fibre re-check] range sweater: 150/395 -> 175/175. Shopify USD rate 1.0. Root feed now hits the Shopify 25000-item cap (page 101 returns 400), so read the Kith Knitwear (49 items), Kith Knit Crewnecks (1 item) and &Kin Fall 2026 (65 items) collections plus the capped feed; collabs (Kith for Needles, Giorgio Armani & Kith etc.) and women's excluded, &Kin counted. Only men's knit crewneck pullover: Kith Basketweave Tilden Crewneck Sweater $175 full price, Material 60% Cotton / 40% Viscose, so low = high = 175. No elevated-fibre crewneck under majority or any-percentage test: the only cashmere knit is &Kin Cashmere Cyrus Turtleneck $395 (100% Cashmere, turtleneck, excluded; this was the old high); no silk/alpaca/mohair crewneck (mohair appears only in Kith for Needles Butterfly Lewis Sweater, collab, 15% mohair). Excluded as non-crew: Boucle Ulysses Sweater $220 (collared, checked image), Long Sleeve Tilden Pullover $185 and Geo Crochet Warner Pullover $235 (button plackets), Harmon Henley, Wagner Soccer Sweater (V-neck), Cassian (V-neck zip), Marlon Full Zip $345, cardigans, vests, quarter-zips. Old low Compact Knit Nelson Crewneck $150 (450GSM compact knit, 92% Cotton / 8% Elastane, pigment garment-dyed, sold out, type Crewneck Sweaters but not in any knitwear collection) treated as sweatshirt, like Terry Nelson; if counted low would be 150."
Aimé Leon Dore,SKIP,SKIP,SKIP,SKIP,SKIP,SKIP,SKIP,SKIP,SKIP,SKIP,300,400,SKIP,SKIP,SKIP,SKIP,SKIP,SKIP,https://www.aimeleondore.com,USD,complete,https://www.aimeleondore.com/products.json?limit=250&page=1..3 | https://www.aimeleondore.com/products/crest-raglan-sweater | https://www.aimeleondore.com/products/regatta-embroidered-crewneck-sweater-1 | https://www.aimeleondore.com/products/kilim-argyle-crewneck-sweater | https://www.aimeleondore.com/products/ny-highlanders-ribbed-wool-crewneck-sweater | https://www.aimeleondore.com/products/pavilion-cashmere-crewneck-sweatshirt,"[fibre re-check] range sweater: 300/575 -> 300/400. Feed 705 products, Shopify USD rate 1.0; storefront Crest Raglan Sweater shows $300 matching feed; no crewneck marked down. Men's crewneck pullovers: low = Crest Raglan Sweater $300 (100% Cotton); high = $400 shared by Regatta Embroidered Crewneck Sweater (55% Merino Wool, 45% Cotton; no superfine/extra-fine/micron claim so not elevated), Kilim Argyle Crewneck Sweater (100% Cotton) and NY Highlanders Ribbed Wool Crewneck Sweater (78% Wool, 20% Polyamide, 2% Elastane). No elevated-fibre crewneck sweater under majority or any-percentage test. RULING NEEDED: Pavilion Cashmere Crewneck Sweatshirt $550 (product type Sweaters; body 100% Cashmere, lining 89% Cotton 11% Nylon, total 56% Cashmere, 39% Cotton, 5% Nylon) passes the >50% cashmere test on total composition but is named and described as a sweatshirt, so excluded; if accepted, sweater_high = 550. Old high $575 was Quarter Zip Pavilion Cashmere Pullover (quarter-zip, excluded by rev 4). Also excluded: Fair Isle V-Neck $400, Alpaca Wool Quarter Zip $495 (64% Wool, 18% Alpaca), knit polos, ALD / The North Face collab."
Massimo Dutti,SKIP,SKIP,SKIP,SKIP,SKIP,SKIP,SKIP,SKIP,SKIP,SKIP,SKIP,SKIP,160,690,SKIP,SKIP,SKIP,SKIP,https://www.massimodutti.com/us,USD,complete,https://www.massimodutti.com/us/men/jackets-n1372 | https://www.massimodutti.com/itxrest/3/catalog/store/34009527/30359506/category/680512/product | https://www.massimodutti.com/itxrest/3/catalog/store/34009527/30359506/productsArray | https://www.massimodutti.com/us/nubuck-leather-jacket-with-standup-collar-l03434451 | https://www.massimodutti.com/us/cottonblend-suede-jacket-coord-look-l00849440,"[outerwear staple audit] range outerwear: 180 -> 160, 690 -> 690. Re-read 2026-09-19 via the site catalog API (81 ids, one without price, no oldPrice anywhere): low = Cotton-Blend Suede Jacket, Co-ord Look 160 (cotton-blend sueded fabric, not leather; storefront page /us/cottonblend-suede-jacket-coord-look-l00849440 shows $160); high unchanged = Nubuck leather stand-up collar jacket 690 (also Nappa leather jacket with toggle details 690, Suede leather hooded jacket 690). Earlier pass (2026-09-18): 180 -> 180, 690 -> 690 (unchanged). range outerwear: category grid shows no prices, so read the site's own catalog API for all 76 of 76 product ids in the Jackets and Trench Coats category (one returns no price, unavailable); no oldPrice on any item. Jackets are named descriptively, so no entry/elevated pair of one style could be confirmed. Excluding gilets, cardigans, overshirts, mock-neck sweatshirt: low = Regular Fit Cotton Denim Jacket 180 (cotton denim trucker-type), high = Nubuck leather jacket with stand-up collar 690 (storefront shows $690; Nappa leather jacket with toggle details also 690). Suede corduroy (220) and Technical suede bomber (290) are suede-effect fabrics; real suede/nappa leather jackets are 590. US prices shown without tax."
Vineyard Vines,SKIP,SKIP,SKIP,SKIP,SKIP,SKIP,SKIP,SKIP,SKIP,SKIP,108,108,168,178,NONE,NONE,Shoes,SKIP,https://www.vineyardvines.com,USD,complete,https://www.vineyardvines.com/category/men-crewneck-sweaters | https://www.vineyardvines.com/product/mens-sweaters/folly-beach-crewneck/1E001947.html | https://www.vineyardvines.com/product/mens-sweaters/cashmere-silk-crewneck-sweater/1E001925.html | https://www.vineyardvines.com/category/mens-sweaters?sortBy=products_sorted_by_price_descending_prod | https://www.vineyardvines.com/category/mens-shoes | https://www.vineyardvines.com/category/Mens-Blazers?sortBy=products_sorted_by_price_descending_prod | https://www.vineyardvines.com/search?q=men%27s%20jacket,"[sweater staple audit] range sweater: 108/328 -> 108/108. Men's Crewneck sweaters category states 6 items: Folly Beach Garment-Dyed Crewneck x3 colours $108, Folly Beach Textured Stripe Crewneck x2 $108, Cashmere Silk Crewneck Sweater. Prior low Folly Beach Garment-Dyed Crewneck: verdict true men's crewneck pullover (ribbed crewneck), fabric 100% cotton, list $108 (Friends and Family 30% off shown as $75.60, price as marked, not final sale) -> 108; tie Folly Beach Textured Stripe Crewneck $108. Prior high Cashmere Silk Crewneck Sweater: verdict true men's crewneck pullover (classic crewneck silhouette), fabric 70% cashmere 30% silk (passes majority-cashmere test), list $328, but PDP now shows $76.98 (77% off) and is labelled Final Sale, so excluded under ruling (c); alternative high if final-sale counts = 328. With it excluded no elevated-fibre crewneck remains, so plain crewneck range = 108 to 108. Men's Sweaters (54 items, sorted high to low) tops out with Cashmere Quarter-Zip $328, USA Patchwork Cardigan $248, King Street Quarter-Zip $198 - none crewnecks; full 54-item list could not be rendered (lazy tiles), crewneck set taken from the brand's Crewneck category. || [shoe staple audit] [Final rulings S5, applied from recorded audit evidence 19 Sep] Only footwear: foam/leather flip flops $42.50-$98.50 and Whale Dot Pool Slides $49.50; no loafer. || range shoes: no loafer. 43-99 -> 43-99 unchanged. Shoes & Socks page states 9 items (1 of 1 pages), all 9 read: 6 footwear - Classic Whale Foam Flip Flops original $42.50 (low, rounded half-up to 43), Micro Whale Classic Foam Flip Flops $45.00, Whale Dot Pool Slides $49.50, Embroidered American Flag Leather Flip Flops and Contoured Leather Flip Flops (2 colours) $98.50 (high, rounded to 99) - plus 3 sock packs (excluded). All tiles show a 30% Friends & Family sale price; original price used. || [outerwear staple audit] read live 2026-09-19. Old 168-228 -> new 168-178. range outerwear: men's Jackets & Vests category states 41 items (all tiles scrolled through; 28 unique product links, colour tiles share links) with no suede, leather, shearling or cashmere jacket. Excluding sport coats/blazers, vests and quarter-zips, the only jackets are Stow & Go Shep Jacket (two listings: $168 and $178 list), and Skyward Anorak $178 list (both currently 30% off, $117.60 / $124.60). Low = Stow & Go Shep Jacket $168, high = Stow & Go Shep Jacket / Skyward Anorak $178. Search for men's jacket (20 items) returns the same jackets plus blazers/sport coats. Prior high Seadrift Surf Jacket $228 no longer listed."
Polo Ralph Lauren,SKIP,SKIP,SKIP,SKIP,SKIP,SKIP,SKIP,SKIP,SKIP,SKIP,SKIP,SKIP,SKIP,SKIP,168,548,SKIP,SKIP,https://www.ralphlauren.com,USD,complete,https://www.ralphlauren.com/search?q=moc-toe | https://www.ralphlauren.com/men-footwear-shoes/jett-tumbled-leather-moc-toe-shoe/100098964.html | https://www.ralphlauren.com/men-footwear-shoes/rlite-washed-canvas-moc-toe-shoe/100080256.html | https://www.ralphlauren.com/men-footwear-shoes/anders-leather-driver/641966.html | https://www.ralphlauren.com/men-footwear-loafers | https://www.ralphlauren.com/men-footwear-loafers | https://www.ralphlauren.com/search?q=men%27s+loafer | https://www.ralphlauren.com/search?q=driver | https://www.ralphlauren.com/men-footwear-shoes/anders-leather-driver/641966.html,"[shoe staple audit] [Final rulings, live look-up 19 Sep] Read live 2026-09-19. RLite Washed Canvas Moc-Toe Shoe (standard $168, on sale $84.99) and Jett Tumbled Leather Moc-Toe Shoe ($188) are lace-ups: both pages describe rawhide leather laces, Jett image shows laced tie front - excluded (lace-up, S3). Anders Leather Driver (Polo Ralph Lauren) $168.00 full price on PDP = low. Men loafers category: Maestra Tassel Calfskin / Tassel Suede / Calfskin Penny Loafer $548 standard = high; Edric Calfskin / Leather Penny Loafer $298; Alston Suede Penny Loafer $178 (new tile). Purple Label Chalmers / Meegan $995 and Bolden Calf-Suede Penny Loafer $1,095 excluded as separate Purple Label brand (as prior pass). 168/548 unchanged. || 178/548 -> 168/548. Men Loafers category page shows 11 tiles (no count stated): Polo Ralph Lauren Maestra Tassel Calfskin / Tassel Suede / Calfskin Penny Loafer $548 standard price, Edric Calfskin / Leather Penny Loafer $298, plus Purple Label Chalmers and Meegan $995 (excluded, separate brand). Drivers are not in that category, so search (loafer 23 results; driver 51 results, 29 loaded) was used: Anders Leather Driver (Polo, black, full-grain leather, penny tab) $168.00 standard price on its product page, also Anders Tasseled Suede Driver $168 standard; Anders Suede Penny Driver full $168 (on sale $99.99) and one Anders Leather Driver full $178 (on sale $124.99, likely the prior low). New low = 168 (full price, not a sale price). High = Maestra loafers $548. Excluded: Merton / RLite Mariner boat shoes, RLite and Jett Moc-Toe shoes, Suede Camp Driver $468 (sale on select colors; below high anyway)."
RRL,SKIP,SKIP,SKIP,SKIP,SKIP,SKIP,SKIP,SKIP,SKIP,SKIP,395,395,SKIP,SKIP,NONE,NONE,Shoes,SKIP,https://www.ralphlauren.com,USD,complete,https://www.ralphlauren.com/brands-double-rl-men-shop-all-cg?prefn1=CategoryCode&prefv1=Sweaters&ns=sweaters&sz=200&srule=price-low-to-high | https://www.ralphlauren.com/men-clothing-sweaters/waffle-knit-cotton-wool-sweater/100028156.html | https://www.ralphlauren.com/brands-double-rl-men-shop-all-cg?prefn1=CategoryCode&prefv1=Shoes&sz=200&srule=price-low-to-high,"[fibre re-check] range sweater: 395/1800 -> 395/395. RRL shop-all category filtered to Sweaters shows 20 RRL-labelled tiles (non-RRL recommendation tiles ignored), Standard Price USD. Only crewneck pullover: Waffle-Knit Cotton-Wool Sweater $395 (page: Crewneck with a V-inset; Black colorway 61% cotton, 39% wool; Dark Olive colorway 59% cotton, 41% wool), so low = high = 395. No elevated-fibre crewneck under majority or any-percentage test: all cashmere pieces are cardigans (Waffle-Knit Cashmere Cardigan, Cashmere Shawl-Collar Cardigan, Waffle-Knit Cashmere Shawl Cardigan $795) or shirt-style sweaters (Wool-Cashmere Western Shirt Sweater $695, Plaid Wool-Cashmere Workshirt Sweater $995). Old high $1800 Patchwork Wool-Blend Sweater Jacket excluded (sweater jacket). Other exclusions: full-zips, quarter-zip, cardigans, Fleece Work Jacket, Wool Western Sweater Jacket $1200. || [shoe staple audit] [Final rulings S5, applied from recorded audit evidence 19 Sep] 17 RRL shoe tiles: Leather Flip-Flop $195, sneakers $245-365, boots $790-1400; ""no loafer among RRL shoes"". || range shoes: no loafer among RRL shoes. 195-1400 -> 195-1400 unchanged. RRL men's shop-all filtered to Shoes category, sz=200, price low to high: 17 RRL-labelled tiles (no count printed on page; recommendation tiles for Polo Ralph Lauren ignored), all Standard Price USD: low Leather Flip-Flop $195; sneakers $245-365 (Canvas, Indigo Canvas, Mayport, Roughout Suede, Mayport Suede); Chelsea boots $790; Bowery/Hand-Burnished boots $990; Plainview Suede Chelsea Boot $1200; high Roughout Suede Boot, Roughout Suede & Leather Boot, Leather Boot, Plainview Roughout Suede Boot $1400. No markdowns."
J.McLaughlin,SKIP,SKIP,SKIP,SKIP,SKIP,SKIP,SKIP,SKIP,SKIP,SKIP,SKIP,SKIP,898,998,SKIP,SKIP,SKIP,SKIP,https://www.jmclaughlin.com,USD,complete,https://www.jmclaughlin.com/collections/men-jackets-outerwear | https://www.jmclaughlin.com/collections/men-jackets-outerwear-jackets | https://www.jmclaughlin.com/products/winston-suede-jacket-solid-espresso | https://www.jmclaughlin.com/products/suede-overshirt-solid-navy,"[outerwear staple audit] [19 Sep re-read under final rulings: chore jackets not outerwear / pre-order excluded / silhouette pairs] range outerwear: old 348-998 -> new 898-998. Headless store, rendered pages read; USD. Jackets sub-category states 6 items (4 styles): Winston Suede Jacket $998, Spade Chore Jacket $348 (x2 colours), Fieldston Suede Jacket $898, Charlestown Jacket $498. With Spade Chore excluded by ruling and Charlestown a sport jacket, no style exists in both ordinary fabric and suede, so plain range: low Fieldston Suede Jacket Navy $898 (PDP $898.00, 100% goat suede, spread collar button front, lined, 29.25in), high Winston Suede Jacket Espresso $998 (PDP $998.00, 100% goat suede hunting-jacket style, lined). No markdowns shown, no pre-order. Parent Jackets & Sport Coats lists 20 items incl. Suffolk sport coats $598, Canary Knit Blazer $598, Nicholas Quilted Vest $228 (all excluded). read live 2026-09-19"
Peter Millar,SKIP,SKIP,SKIP,SKIP,SKIP,SKIP,SKIP,SKIP,SKIP,SKIP,SKIP,SKIP,278,1398,250,395,SKIP,SKIP,https://www.petermillar.com,USD,complete,"https://www.petermillar.com/c/men/shoes?srule=price-low-to-high&sz=200 | https://www.petermillar.com/p/kiely-driving-moccasin/ma26xf50.html | https://www.petermillar.com/p/suffolk-suede-driver/ma27xf100.html | https://www.petermillar.com/p/oxford-tassel-loafer/ma27xf102.html | https://www.petermillar.com/c/men/outerwear/jackets-and-coats?srule=price-low-to-high&sz=200 | https://www.petermillar.com/p/suffolk-coat/me0z02.html | https://www.petermillar.com/p/oasis-chore-coat/ma26k69.html | https://www.petermillar.com/p/corduroy-knit-chore-coat/mf26k77.html | https://www.petermillar.com/p/camden-corduroy-jacket/mf26z47.html | Peter Millar product pages for Norwalk Nubuck Coat, Jackson Leather Jacket, Artisan Crafted Cashmere Chore Coat, Deerskin Suede Jacket, Tempest Cashmere Coat, Italian Double-Faced Cashmere Coat/Jacket (read via same-origin fetch from the listing links)","[shoe staple audit] [Final rulings S3, applied from recorded audit evidence 19 Sep] Kiely Driving Moccasin $250 now counts as driving moccasin; high Oxford Tassel Loafer $395 unchanged. || 275-395 -> 275-395 unchanged. Men's shoes sorted price low to high, sz=200: 28 shoe styles before the recommendation carousel (no count printed), USD, single prices (no markdowns). Loafers: low Excursionist Penny Loafer, Excursionist Pebble Grain Penny Loafer, Excursionist Nubuck Venetian Loafer, Excursionist Leather Venetian Loafer $275; Suffolk Suede Driver $295; Suffolk Deerskin Leather Driver $350; Madison Suede Penny / Madison Penny / Madison Bit Loafer $350; high Oxford Tassel Loafer $395 (suede, twin tassels). Kiely Driving Moccasin $250 excluded (see flags). Dearest shoe overall is also the Oxford Tassel Loafer $395. || [outerwear staple audit] 178 -> 278, 1295 -> 1398. Read Jackets and Coats sorted low to high (51 tiles, list prices only, no markdowns shown). Cheapest non-knit style also sold in an elevated material is the Suffolk quilted car coat: low = Suffolk Coat 278 (Crown, 100% recycled polyester quilted, stand collar, snap placket), high = Norwalk Nubuck Coat 1398 (Crown, 100% nubuck leather, stand collar, hidden zip and snap placket, quilted interior; brand calls it an elegant take on an iconic Peter Millar style; images match the Suffolk silhouette). Tie: Camden Corduroy Jacket 278 (trucker, 61% cotton corduroy) / Jackson Leather Jacket 1398 (waxed cowskin, two chest pockets). Excluded: Ridgeline Knit Shirt Jacket, Ardent Air and Chatham and Ventura shirt jackets, Crown Flex Merino Blazer, Ryder 3-in-1 Jacket and Vest counted as jacket but no elevated twin, half-zips and hoodies, Autumn Crest and Carson Sweater Chore Coats (merino knits), Oasis and Corduroy Knit Chore Coats (knit codes), Limited Edition 25th Anniversary Cashmere Suffolk Jacket 1998. Chatham Cotton Cashmere Coat 398 is 97% cotton / 3% cashmere, not elevated. Dearest outerwear overall Italian Double-Faced Cashmere Coat 2995; Deerskin Suede Jacket 1995 has no cloth twin."
Ted Baker,SKIP,SKIP,SKIP,SKIP,SKIP,SKIP,SKIP,SKIP,SKIP,SKIP,175,295,SKIP,SKIP,SKIP,SKIP,SKIP,SKIP,https://www.tedbaker.com,USD,complete,https://www.tedbaker.com/collections/mens-jumpers-knitwear/products.json | https://www.tedbaker.com/collections/mens-sweaters-outlet-us/products.json | https://www.tedbaker.com/collections.json | https://www.tedbaker.com/products/loung-grey-marl | https://www.tedbaker.com/products/amarat-multicol | https://www.tedbaker.com/products/herringbone-sweater-taupe | https://www.tedbaker.com/products/winthrop-charcoal,"[sweater staple audit] range sweater: 175/450 -> 175/295. Shopify.currency USD rate 1.0; mens-jumpers-knitwear collection 120 products, mens-sweaters-outlet-us 27. Prior low LOUNG: verdict true men's crewneck pullover (Long Sleeve T Stitch Crew Neck Sweater), composition 32% polyester 31% polyamide 28% acrylic 7% wool 2% elastane (navy colour lists 40% polyester), Regular price $175.00 full price -> 175 stands. HERRINGBONE SWEATER ($165 regular) is a short-sleeve top in the Outlet, excluded. Prior high GLANT (pure cashmere cable crew, compare_at $450, now $267) is in the mens-sweaters-outlet-us collection, so excluded under ruling (c); alternative high if outlet counts = 450. With GLANT out, no non-outlet men's crewneck is in an elevated fibre (compositions read on PDPs: SAINSY 70% cotton, ORLAITE 90% polyester, CORBIN 70% cotton, TORRA includes 5% silk ($195, qualifies only under any-percentage), LEOCADI cotton/polyamide, YAEN cotton/linen/polyester, CHARLIZ 97% cotton, DEMARIO 65% wool 35% polyamide, BAYLLIS 100% cotton, MORVEN 80% wool (final sale), NEOPOTI composition not shown). Plain crewneck range high = AMARAT Fair Isle Crew Neck Wool Sweater, 80% wool 20% polyamide, Regular price $295.00, tagged US Full Price (a Final Sale label on the page belongs to a recommended MORVEN tile). WINTHROP $495 is an overcoat. Ted Baker product names are coded; necklines taken from product descriptions."
Scotch & Soda,SKIP,SKIP,SKIP,SKIP,SKIP,SKIP,SKIP,SKIP,SKIP,SKIP,98,198,178,898,SKIP,SKIP,SKIP,SKIP,https://www.scotchandsoda.com,USD,complete,https://www.scotchandsoda.com/products.json?limit=250&page=1..17 | https://www.scotchandsoda.com/collections/men-clothing-sweaters-cardigans/products.json | https://www.scotchandsoda.com/collections/all-mens-outlet-eu/products.json | https://www.scotchandsoda.com/products/core-viscose-pullover-crewneck-179183_260-light-camel | https://www.scotchandsoda.com/products/chenille-jacquard-wool-blend-dropped-shoulder-pullover-184300_301-dark-forest | https://www.scotchandsoda.com/products/argyles-jacquard-dropped-shoulder-pullover | https://www.scotchandsoda.com/products/jacquard-dropped-shoulder-crewneck-1 | https://www.scotchandsoda.com/products.json?limit=250&page=1..17 | https://www.scotchandsoda.com/collections.json | https://www.scotchandsoda.com/collections/men-clothing-outerwear/products.json | https://www.scotchandsoda.com/collections/sale-men-clothing-outerwear/products.json | https://www.scotchandsoda.com/products/reversible-printed-jacket-182135_401-pageant-blue | https://www.scotchandsoda.com/products/hooded-flight-jacket-183663_001-meteorite | https://www.scotchandsoda.com/products/leather-blouson-jacket-178625-401-heritage-blue (404),"[fibre re-check] range sweater: 98/238 -> 98/198. US Shopify USD rate 1.0; read the live men's Sweaters & Cardigans collection (69 items) and removed items also in the All Men's Outlet - EU collection (132 items). Low = Core - Viscose Pullover Crewneck $98 full price (81% Viscose (Ecovero), 19% Nylon). High = Chenille Jacquard Wool-Blend Dropped Shoulder Pullover $198 full price, crewneck checked on image, storefront shows $198.00 matching feed, 80% Wool, 20% Polyester (no superfine claim). No elevated-fibre crewneck under the majority test (best: Double Face Merino-Blend Relaxed-Fit Pullover $178, 50% Cotton / 50% Wool, not >50%). Any-percentage reading: Bouclé Mélange Wool-Alpaca-Blend Regular-Fit Pullover $178 (40% Cotton, 25% Wool, 23% Nylon, 10% Alpaca, 2% Elastane, regular collection) would be the elevated high at 178; mohair only in Jacquard dropped shoulder crewneck $198 (6% Mohair, outlet). Old high $238 Argyles jacquard dropped shoulder pullover (5% Alpaca) is a half-zip (image) and in the outlet, excluded. Excluded: mock necks, V-necks, cardigans, Knitted Wool-Blend T-Shirt, sweatshirts, Scotch & Soda x Royal Delft collab ($188). || [outerwear staple audit] range outerwear: 248 -> 178, 668 -> 898. Shopify.currency USD rate 1.0; root feed 4061 products includes many dead items, so used the live men-clothing-outerwear collection (34 products). Elevated-material jackets live: Dispatch Suede Jacket 548 compare-at (100% goat leather) and Hooded Flight Leather Jacket 898 (sheep leather aviator, full price, storefront $898.00 = feed); neither has a same-name cloth version. Plain range excluding overshirts, shirt jackets and the Royal Delft and Basquiat collaborations: low = Reversible Printed Jacket 178 compare-at (100% cotton, storefront shows $89.00 struck from $178.00), high = Hooded Flight Leather Jacket 898."
NN07,SKIP,SKIP,SKIP,SKIP,SKIP,SKIP,SKIP,SKIP,SKIP,SKIP,SKIP,SKIP,SKIP,SKIP,SKIP,SKIP,SKIP,SKIP,https://www.nn07.com/en/us/,USD_landed,complete,https://www.nn07.com/en/us/knitwear/crewneck | https://www.nn07.com/en/us/knitwear?page=1-3 | https://www.nn07.com/en/us/danny-6429-sweater-navy-blue | https://www.nn07.com/en/us/kevin-6600-sweater-navy-blue | https://www.nn07.com/en/us/noah-crew-60066-desert-khaki | https://www.nn07.com/en/us/hope-rib-crew-60060-navy-melange | https://www.nn07.com/en/us/jim-crew-neck-60074-deep-truffle | https://www.nn07.com/en/us/tim-crew-60051-navy-blue | https://www.nn07.com/en/us/erling-cable-60067-green-check,"[sweater staple audit] range sweater: 210-410 unchanged in figures but high is now a plain-range figure, not an elevated one. Crewneck subcategory Viewing products 1-37 of 37, all knitwear (101) link list also scanned. Prior low Danny Lightweight sweater 210 (78% polyester/22% polyamide, crewneck per image) = true men's crewneck, stands; Kevin Ribbed organic cotton sweater 210 (100% organic cotton) ties. Prior high Noah Crew Neck sweater 410 = true crewneck (page characteristic Crew Neck) but composition is 35% polyamide/32% acrylic/20% wool/13% alpaca, so it fails the majority test (alpaca 13%, no elevated fibre >50%). Other crewnecks: Hope Rib 280 (90% organic cotton/10% cashmere), Jim 350 (58% wool/29% recycled polyester/13% polyamide), Tim 395 (75% linen/25% acrylic), Jasper boiled 365 (100% wool), Sammy 295 (100% wool), Gavin boucle 295 (67% wool/33% polyamide), Russell 325 (50% cotton/50% wool), Sailor 255, Lee 275 (75% merino/25% polyamide), Ted 225 (100% certified merino; no extra-fine/superfine/micron wording on page). No crewneck qualifies under majority test, so plain crewneck range: high = Noah 410 (dearest crewneck of any fibre). Any-percentage reading: alpaca Noah 410, cashmere Hope 280. Erling Cable sweater 530 is a polo (excluded), Albert/Otto are v-necks, Kyle is a cardigan. Currency: product pages state Taxes & Duties included in price, so basis set to USD_landed (prior said USD) - flag."
Norse Projects,SKIP,SKIP,SKIP,SKIP,SKIP,SKIP,SKIP,SKIP,SKIP,SKIP,SKIP,SKIP,395,1600,SKIP,SKIP,SKIP,SKIP,https://norseprojects.com,USD,complete,https://norseprojects.com/products.json?limit=250&page=1..2 | https://norseprojects.com/collections/outerwear/products.json | https://norseprojects.com/products/storadal-heavy-twill-type-ii-jacket-darkest-purple | https://norseprojects.com/products/reilstad-donegal-wool-balmacaan-raglan-coat-charcoal-melange,"[outerwear staple audit] [19 Sep re-read under final rulings: chore jackets not outerwear / pre-order excluded / silhouette pairs] range outerwear: old 395-1600 -> new 395-1600 (unchanged). Shopify.currency USD rate 0.153656 (DKK base) but root feed returns USD figures matching PDPs (Storadal $395.00 USD, Reilstad $1,600.00 USD). Feed 489 products, 55 typed Light Jackets (outerwear collection 28). No jacket in suede, leather, shearling, cashmere, camel, alpaca or knit bomber (alpaca only in knit polos/sweater; Kastrup bomber is Gore-Tex; Bjerget Sherpa is wool fleece), so plain range. Vrigsted Chore Jacket now excluded; low = Storadal Heavy Twill Type II Jacket $395 (trucker, garment-dyed 3x1 twill; Resist Dyed Twill Type II also 395; Raabjerg Canvas Jacket 395), high = Reilstad Donegal Wool Balmacaan Raglan Coat $1600 (Magee Donegal tweed). No compare-at markdowns (theme labels every price Sale price). Excluded overshirts (Arresskov), blazers (Dyvig, Emil). read live 2026-09-19"
Stone Island,SKIP,SKIP,SKIP,SKIP,SKIP,SKIP,SKIP,SKIP,SKIP,SKIP,SKIP,SKIP,SKIP,SKIP,NONE,NONE,Shoes,SKIP,https://www.stoneisland.com/en-us,USD,complete,https://www.stoneisland.com/en-us/collection/shoes,"[shoe staple audit] [Final rulings S5, applied from recorded audit evidence 19 Sep] 8 of 8 shoes: own-label sneakers $565/$600 and New Balance collab; no loafer. || range shoes: 565-600 unchanged. US shoes page read today: 8 PRODUCTS stated, 8 tiles read (USD, no struck prices). No loafer. Own-label: S100010 Poly Mesh low-top sneaker $565 (2 tiles), S100020 Canvas Suede low-top sneaker $600 (2 tiles). Excluded as collaborations: Stone Island | New Balance Summer 026 capsule Abzorb 1890 sneakers $250 (2 tiles) and Furon / Tekela soccer boots $295 (2 tiles)."
Canada Goose,SKIP,SKIP,SKIP,SKIP,SKIP,SKIP,SKIP,SKIP,SKIP,SKIP,SKIP,SKIP,SKIP,SKIP,NONE,NONE,Shoes,SKIP,https://www.canadagoose.com/en-us,USD,complete,https://www.canadagoose.com/en-us/collections/mens-shoes/products.json | https://www.canadagoose.com/en-us/collections/mens-shoes | https://www.canadagoose.com/en-us/products/leo-boot-7679m,"[shoe staple audit] [Final rulings S5, applied from recorded audit evidence 19 Sep] 8 own-label items: sneakers $395-595 and boots $550-850; no loafer. || range shoes: 395-850 unchanged. Shopify.currency USD but rate 0.714929, so used the /en-us/ collection feed; root feed gives identical figures and the live US collection page (8 RESULTS) shows the same eight prices ($425, 725, 850, 450, 395, 595, 550, 475). No loafer; 8 own-label items: low Mens Ossington Sneaker $395, high Leo Boot $850 (page: 50% leather 50% nubuck upper, suede-lined heel, no fur); others Glacier Trail Sneaker 450, Cascade Sneaker 425, Ossington High 475, Glacier Trail High Dyneema 595, Pender Puffer Boot 550, Keystone Boot 725. No compare_at markdowns."
Arc'teryx,SKIP,SKIP,SKIP,SKIP,SKIP,SKIP,SKIP,SKIP,SKIP,SKIP,SKIP,SKIP,SKIP,SKIP,NONE,NONE,Shoes;Sweater,SKIP,https://arcteryx.com/us/en,USD,complete,https://arcteryx.com/us/en/c/mens/footwear,"[shoe staple audit] [Final rulings S5, applied from recorded audit evidence 19 Sep] 13 of 13 men's footwear items: approach/recovery shoes, trail shoes, boots; no loafer. || range shoes: 140-280 unchanged. US mens footwear page read today: 13 Items stated, 13 read from the page data and confirmed on rendered tiles (e.g. Konseal Trek Boot $280, Kragg Shoe $140), no discount prices. No loafer (Kragg is a pull-on approach/recovery shoe, not a loafer). Low Kragg Shoe / Kragg Aura Shoe $140, high Konseal Trek Boot $280; others Kopec 2 Mid GTX 210, Kopec 2 Low GTX 190, Sylan 2 220, Norvan LD 4 170, Norvan LD 4 GTX 200, Konseal 190, Konseal GTX 220, Norvan 4 Nivalis GTX 250, Vertex Speed Low 180, Vertex Speed 190."
Vince,SKIP,SKIP,SKIP,SKIP,SKIP,SKIP,SKIP,SKIP,SKIP,SKIP,298,448,SKIP,SKIP,SKIP,SKIP,SKIP,SKIP,https://www.vince.com,USD,complete,https://www.vince.com/men-sweaters/?sz=200 | https://www.vince.com/product/mega-cable-extrafine-merino-wool-blend-sweater-M19996615A.html | https://www.vince.com/product/cashmere-crew-neck-sweater-MR8066557AAZU.html | https://www.vince.com/product/geo-jacquard-wool-blend-crew-neck-sweater | https://www.vince.com/product/featherweight-wool-cashmere-crew-neck-sweater | https://www.vince.com/product/super-space-dye-merino-wool-sweater | https://www.vince.com/product/italian-merino-wool-blend-boucle-raglan-sleeve-sweater-M19976612ABONE.html | https://www.vince.com/product/mottled-marl-crew-neck-sweater-M19986613AWINTERMOSS.html | https://www.vince.com/product/macro-waffle-crew-neck-sweater,"[sweater staple audit] high 398 -> 448. Sweaters page Results: 72 Items (34 styles), all full price. Prior low Geo-Jacquard Wool-Blend Crew Neck Sweater 298 (50% wool/45% cotton/5% cashmere) = true men's crewneck, stands (Milano Short-Sleeve Crew 298 excluded as short sleeve). Prior high Cashmere Crew Neck Sweater 398 (100% cashmere) is a true crewneck and qualifies, but a dearer qualifying crewneck exists: Mega Cable Extrafine Merino Wool-Blend Sweater 448, copy says classic crew neck in an extrafine merino wool blend, composition 80% Extrafine merino wool/20% nylon - superfine by the extra-fine wording test and majority (80%). If extra-fine wording is not accepted for a blend, high stays Cashmere Crew Neck 398. Not elevated: Italian Merino Wool-Blend Boucle Raglan-Sleeve 528 (96% merino/4% polyamide, no fine wording), Super Space-Dye Merino Wool Sweater 528 (100% merino, no fine wording), Macro-Waffle Crew 425 (35% polyester/30% wool/30% viscose/5% cashmere), Garter-Stitched Rugby Stripe 398 (100% wool), Featherweight Wool-Cashmere Crew 368 (90% ultrafine wool/10% cashmere; ultrafine without micron not on list), Mottled Marl Crew 368 (22% alpaca), Crafted Texture Cotton-Cashmere 368 (95% cotton/5% cashmere). Plain crewneck range would be 298-528. Excluded: quarter-zips, polos, Johnny-collar, v-necks, hoodie, cardigan, vest."
Rails,SKIP,SKIP,SKIP,SKIP,SKIP,SKIP,SKIP,SKIP,SKIP,SKIP,168,268,SKIP,SKIP,SKIP,SKIP,SKIP,SKIP,https://www.rails.com,USD,complete,https://www.rails.com/products.json | https://www.rails.com/products/augustus-sweater-vellum | https://www.rails.com/products/laurent-sweater-chestnut | https://www.rails.com/products/lars-sweater-lodgecrest-farisle | https://www.rails.com/products/carrick-sweater-oatmeal-heather,"[sweater staple audit] range sweater: 168/248 -> 168/268. Shopify.currency USD rate 1.0; 1954 products, men's knits identified by product_type MEN. Prior low Augustus Sweater: verdict true men's crewneck pullover (cotton crew knit, raglan sleeves), 100% cotton, $168 full price -> stands. Prior high Laurent Sweater $248: composition 82% merino wool 18% cashmere, no superfine/extra-fine/micron claim, so it FAILS the majority test (cashmere 18%) and no longer qualifies as elevated. No men's crewneck passes the majority test (Lars 25% mohair, Carrick 15% camel, Theo 5% cashmere), so plain crewneck range applies: high = Lars Sweater, Lodgecrest Farisle, $268 full price, 50% recycled nylon 25% mohair 25% RWS wool, crew neck visible in product photo. Any-percentage reading also gives 268 (Lars, 25% mohair). Other crews: Bryce Sweater $178 (cotton/nylon or cotton/acrylic crew neck), Carrick Sweater $218 (85% wool 15% camel). Excluded: Theo Short Sleeve Sweater $148 (short sleeve), Fulton and Luther Sweaters (polo). Storefront Lars PDP shows $268 = feed."
Club Monaco,SKIP,SKIP,SKIP,SKIP,SKIP,SKIP,SKIP,SKIP,SKIP,SKIP,NONE,NONE,498,498,NONE,NONE,Shoes;Sweater,SKIP,https://www.clubmonaco.com,USD,complete,https://www.clubmonaco.com/products.json | https://www.clubmonaco.com/collections/mens-tees-shirts-sweaters | https://www.clubmonaco.com/collections/mens-sale-sweaters | https://www.clubmonaco.com/search?q=crew | https://www.clubmonaco.com/products/merino-crew-795102264-120 | https://www.clubmonaco.com/products/lightweight-cashmere-crewneck-795101787-100 | https://www.clubmonaco.com/products.json | https://www.clubmonaco.com/products/club-monaco-leather-sneaker-827708728-100 | https://www.clubmonaco.com/products.json?limit=250&page=1..3 | https://www.clubmonaco.com/collections/mens/products.json | https://www.clubmonaco.com/collections/mens-clothing/products.json | https://www.clubmonaco.com/collections/mens-sale/products.json | https://www.clubmonaco.com/products/wool-blend-padded-parka-795887533-159,"[sweater staple audit] 128/228 -> NONE/NONE under ruling (b), stricter reading. Shopify.currency USD rate 1.0; feed 512 products. The men's knit range has collapsed: the storefront men's collection (Men's Tees, Shirts & Sweaters) lists about 9 items and its only sweater is Merino Wool Turtleneck (Regular price $129.50, now $79); Men's Sale Sweaters collection is empty; site search for crew returns only Wool-Cashmere Crew Socks and a women's Cashmere Crewneck Sweater $298. Prior low Merino Crew (100% merino wool, classic crewneck, $128.00) and prior high Lightweight Cashmere Crewneck (100% cashmere, rib-knit crewneck, $228.00): both PDPs still resolve but every size is SOLD OUT and neither is listed in any men's collection or search, so they are not in the current range - verdict: were true men's crewneck pullovers, now delisted. Every men's crewneck in the feed (Merino Crewneck $128, Large Cable Crewneck $198, Wool-Blend Striped Crewneck $198, Textured Striped Crewneck $228, Wool Long-Sleeve Stitch Crew $158, Refined Texture Crew $148, Statement Chenille Crewneck $168) is unavailable. Alternatives: plain sweater-category range of what is listed = 130/130 (Merino Wool Turtleneck, not a crewneck); if sold-out live PDPs count = 128/228 (prior figures, cashmere crew passes majority test). || [shoe staple audit] [Final rulings S5, applied from recorded audit evidence 19 Sep] Only men's shoe in feed is Club Monaco Leather Sneaker $128; no loafer/moccasin. || range shoes: 128 -> 128 unchanged. Shopify.currency USD rate 1.0; full feed 512 products read today (pages 1-3), product_type Men-Shoes has 1 item: Club Monaco Leather Sneaker 128 full price (no compare_at; page shows $128.00 = feed). No loafer and no other own mens shoe in the feed (title/type/tag search for loafer, shoe, sneaker, boot, moccasin, etc. only hit oxford shirts and bootcut pants), so plain range 128-128. || [outerwear staple audit] range outerwear: 328 -> 498, 498 -> 498. Shopify.currency USD rate 1.0; feed 512 products; the men's navigation has no outerwear category. Men-Outerwear products in feed: Lightweight Wool Refined Bomber 328, Loukas Funnel Neck Coat 398, Wool Blend Padded Parka 498, Poplin Shirt Jacket 198 (shirt jacket, excluded); all marked down and sold out. Only the parka is in the live men's collections (mens and mens-sale), page shows $299.00 against $498.00 (63% wool / 37% polyester shell). No men's suede, leather, shearling or cashmere jacket exists (Leather Classic Moto Jacket is women's). Men's outerwear is effectively absent from the live store."
PAIGE,SKIP,SKIP,SKIP,SKIP,SKIP,SKIP,SKIP,SKIP,SKIP,SKIP,229,249,SKIP,SKIP,NONE,NONE,Shoes,SKIP,https://paige.com,USD,complete,https://paige.com/collection/men-sweaters-and-sweatshirts | https://paige.com/products/men-matsuda-sweater-dark-heather-grey | https://paige.com/products/men-wildomar-sweater-light-carbon | https://paige.com/products/men-cortazo-sweater-twisted-pinecone | https://paige.com/products/men-banuelo-sweater-farro | https://paige.com/collection/men-shoes,"[fibre re-check] 229/259 range -> 229/249 elevated (note no longer range). Headless store, live pages read today in USD list prices (sitewide Friends and Family extra 25% off at checkout ignored). High = Matsuda Sweater $249, Dark Heather Grey, classic crewneck, product data styleContent 95% Rws Extrafine Merino Wool / 5% Recycled Nylon, season Fall 2026, subdivision Mainline; page live with sizes S-XXL and Add to Bag, breadcrumb Men/Clothing, shown in You May Also Like on sweater pages; qualifies as superfine wool because the page says Extrafine (no micron figure given). It is not among the 12 products on the Men's Sweaters and Sweatshirts page, which the prior pass used to exclude it. Low = Wildomar Sweater $229 (classic crew neck, 100% mercerized cotton) and Cortazo Sweater $229 (crewneck, 77% Mercerized Bci Cotton / 13% Cotton / 10% Acylic [sic]). Banuelo Sweater $259 (100% cotton boucle crewneck, old high) is not elevated. No cashmere/silk/alpaca/mohair crewneck under majority or any-percentage test. Excluded: Falberg Zip Up Cardigan $269, Kiko Sweater Polo, Mendez/Copley Sweater Shirt, Brimmer Sweater Tee, Avon hoodie, Hammond Polo. If Matsuda were excluded as off-category, row stays range 229/259. || [shoe staple audit] [Final rulings S5, applied from recorded audit evidence 19 Sep] 18 of 18 men's shoes: sneakers, boots and slides only (Wynn/Wakelin/Wilbert slides); no loafer. || range shoes: 198-428 unchanged. Live US Men Shoes collection read today: 18 PRODUCTS stated, 18 tiles read; no loafer (sneakers, boots, slides only). Low Reims Sneaker White list $198 (on sale $99.90), high Ulrich Boot Slate Suede list $428 (on sale $214.90); others Brodie/Elkan Sneaker 248, Farrell/Rafael/Fullard Sneaker 228, Sobeck Boot 398, Wynn Slide 298, Wynn/Wakelin Shearling Slide 328 (shearling, would be excluded under the fur rule but below the high anyway), Wakelin Slide 298, Wilbert Leather Slide 228. List (struck) prices used; a sitewide extra 25% off at checkout is running."
Ksubi,SKIP,SKIP,SKIP,SKIP,SKIP,SKIP,SKIP,SKIP,SKIP,SKIP,NONE,NONE,SKIP,SKIP,SKIP,SKIP,Shoes;Sweater,SKIP,https://ksubi.com,USD,complete,https://ksubi.com/products.json?limit=250&page=1..6 | https://ksubi.com/collections/mens-knitwear/products.json | https://ksubi.com/products/divide-sweater-black.js | https://ksubi.com/products/trippie-knit-black | https://ksubi.com/products/league-cardigan-black | https://ksubi.com/products/playoff-cardigan-midnight,"[fibre re-check] [Final rulings S5, applied from recorded audit evidence 19 Sep] Men's Knitwear has no own-label crewneck: Trippie Knit (collab turtleneck), Boxer Zip Knit Hoodie $320, Playoff Cardigan $340, League Cardigan $360; old $240 Divide Sweater is women's. || range sweater: 240/240 -> 340/360. Shopify USD rate 1.0, 1386 products. The old figure Divide Sweater Black $240 is a WOMEN'S item (tags PRD-Gender_WOMENS, WOMENS, style code WPF23KW001, Pre Fall 23, on sale $96) so it is removed. Men's Knitwear collection has 4 items and no own-label crewneck: Trippie Knit Black $260 (Ksubi x Trippie Redd collab, turtleneck, cotton, excluded), Boxer Zip Knit Hoodie Midnight $320 (zip hoodie, 100% cotton), Playoff Cardigan Midnight $340 compare-at (now $170, 100% cotton), League Cardigan Black $360 compare-at (now $216, 100% cotton). No crewneck of any fibre, so no elevated crewneck under any test. Used the base-spec category range of own-label men's sweaters (cardigans) low 340 / high 360, compare-at prices, storefront shows $360.00 / $340.00 struck matching feed; with the knit hoodie low would be 320. RULING NEEDED: under a strict rev 4 crewneck-only reading this row is NONE/NONE."
Purple,SKIP,SKIP,SKIP,SKIP,SKIP,SKIP,SKIP,SKIP,SKIP,SKIP,350,395,395,1295,NONE,NONE,Shoes,SKIP,https://purple-brand.com,USD,complete,https://purple-brand.com/products.json | https://purple-brand.com/products/inked-gothic-p-sweater-black | https://purple-brand.com/products/gothic-oversized-crew-sweater | https://purple-brand.com/products/smoke-show-sweater | https://purple-brand.com/products/gothic-p-sweater | https://purple-brand.com/products/gothic-p-cable-knit-sweater | https://purple-brand.com/products/gothic-camo-sweater | https://purple-brand.com/products/m7045-wfbb125 | https://purple-brand.com/products.json | https://purple-brand.com/products/s001-court-low-bone | https://purple-brand.com/products.json?limit=250&page=1..6 | https://purple-brand.com/collections/outerwear/products.json | https://purple-brand.com/products/black-raw-carpenter-jacket | https://purple-brand.com/products/suede-carpenter-jacket | https://purple-brand.com/products/double-stripe-track-jacket | https://purple-brand.com/products/leather-track-jacket,"[sweater staple audit] range sweater: 495 -> 395. Feed 1360 products, Shopify.currency USD rate 1.0, page prices match feed. Prior low Inked Gothic P Sweater 350 (100% cotton chenille, crewneck per images, sold out but listed, full price) = true men's crewneck, stands. Prior high Smoke Show Sweater 495 compare-at (41% alpaca/22% wool/20% cotton/16% nylon/1% spandex, crewneck) is marked down to 173.25 and flagged FINAL SALE on the page, so excluded under ruling (c); it also fails the majority test (41% alpaca, no elevated fibre or elevated combination >50%). All other men's knit crewnecks are also FINAL SALE: Gothic P Sweater 475 (same 41% alpaca blend), Gothic P Cable Knit Sweater 395 (100% merino, no superfine claim), Gothic Camo Sweater 395 (53% wool/22% metallic...). Foil Sweater 545 (100% wool) is actually a button cardigan, not a crewneck. Non-final-sale crewnecks: Inked Gothic P Sweater 350 and Gothic Oversized Crew Sweater 395 (100% cotton chenille) -> cells 350/395, no elevated crewneck under majority test. Alternative reading including final-sale items at compare-at: plain range 350-495; any-percentage alpaca reading high = Smoke Show Sweater 495. Basic/Blank/Half & Half Crewneck Sweater (188-325) are cotton fleece sweatshirts, excluded. || [shoe staple audit] [Final rulings S5, applied from recorded audit evidence 19 Sep] Only footwear is S001 Court Low sneaker (4 colourways) $345; no loafer. || range shoes: 345-345 unchanged. Shopify.currency USD rate 1.0; full feed 1360 products read today; product_type Shoes = 4 colourways of S001 Court Low sneaker (azure, liquid chrome, bone, noir), all $345, no compare_at; product page shows $345.00 USD = feed. No loafer or other footwear (other regex hits were womens bootcut denim). || [outerwear staple audit] 395 -> 395, 1375 -> 1295. Shopify.currency USD rate 1.0; live outerwear collection 32 products. Cheapest style also sold in an elevated material (excluding final sale) is the Carpenter Jacket: low = Black Raw Carpenter Jacket 395 (98% cotton / 2% lycra cropped carpenter; Light Dirty Wax, Light Indigo Paint, Overdyed Black Repair also 395; page $395.00 USD), high = Suede Carpenter Jacket 1295 (100% cow leather suede, full price, page $1,295.00 USD). All Around Jackets 295 (World Cup country set pieces, polyester) have no elevated twin; Workwear Shirt Jacket excluded; Faux Fur and Shawl Collar Fur Coat excluded as fur; Shearling Jacket 1600 (100% sheep shearling) has no cloth twin."
Diesel,SKIP,SKIP,SKIP,SKIP,SKIP,SKIP,SKIP,SKIP,SKIP,SKIP,295,550,SKIP,SKIP,250,495,SKIP,SKIP,https://diesel.com/en-us,USD,complete,https://diesel.com/en-us/man/sweaters/?sz=200 | https://diesel.com/en-us/sweaters/k-darren-d-grey/A220130AKBQ900.html | https://diesel.com/en-us/sweaters/k-areeso-black/A208210TKCZ96X.html | https://diesel.com/en-us/sweaters/k-perne-blue/A230820JCBD8AT.html | https://diesel.com/en-us/sweaters/k-pickler-blue/A239140HNBV7GDA.html | https://diesel.com/en-us/sweaters/k-patcy-red/A230800PFBP42A.html | https://diesel.com/en-us/man/fashion-show/ | https://diesel.com/en-us/man/footwear/?sz=200 | https://diesel.com/en-us/man/footwear/moccassins-mules/ | https://diesel.com/en-us/moccasins-and-mules/d-amber-loafer-brown/Y04002P7727HB599.html | https://diesel.com/en-us/moccasins-and-mules/d-tex-wb-brown/Y03810PR697H1509.html | https://diesel.com/en-us/moccasins-and-mules/d-mathieu-sc-black/Y03734P7815T8013.html,"[sweater staple audit] range sweater: 495 -> 550. Men's sweaters page (sz=200) 28 styles incl. sweatshirts/hoodies, no page count shown, single prices only (10% off on us banner is a sign-up promo, not a markdown). Prior low Reverse-print cotton jumper A11187 295 (description: men's crewneck pullover, 100% cotton) = true crewneck, stands; ties Jumper with faded reverse print A21747 295 (100% cotton) and Wool jumper with cut-out logo A17442 295 (100% wool). Prior high Jumper in wool and alpaca blend A20821 495 = crewneck but composition 50% wool/30% polyamide-nylon/20% alpaca fails the majority test (alpaca 20%, no elevated >50%); Alpaca-blend jumper with spray-dyed seams A23084 595 is a mock neck. No crewneck qualifies under majority test, so plain crewneck range: high = Cut-out ribbed jumper with Oval D plaque A22013 550 (100% cotton, crewneck per image); Denim-look jumper with patch effects A23082 550 (100% cotton) ties. Neither is in the FW26 fashion-show listing. Any-percentage alpaca reading high = 495 (A20821). Others: Wool jumper with printed patches 495 (100% wool), Wool-blend jumper with mock pocket 495 (78% wool/22% polyamide), Treated cable-knit 450, Treated cotton jumper 375. Excluded: cardigans, v-neck/button-neck boiled knits, half-zip, polo jumpers, hoodies, sweatshirts. || [shoe staple audit] [Final rulings S3, applied from recorded audit evidence 19 Sep] Mules now count: D-Woodstock denim mules $250 (Moccasins and Mules category); D-Amber Penny loafers $495 stays high. D-Lukas espadrilles $295 (not named loafer) sits inside range either way; D-Mathieu runway loafer still excluded. || 495-595 -> 495-495. Prior high D-Tex Moccasin-style shoes in brushed leather $595 is, per its page today, a lace-up (Lace-up closure with hidden eyelets, chunky lug sole) - not a loafer, so excluded (the prior note had already flagged low = high = 495 as the alternative). Moccasins and Mules category (6 tiles): D-Amber Penny loafers in leather $495 (100% cow leather, page price, no strike) is the only qualifying loafer. D-Mathieu Brushed leather loafer with rubber sole $595 (100% cow leather, slip-on) is new but its page says Spring Summer 2026 Runway Show, so excluded as runway; if runway were allowed the high would be 595. D-Lukas espadrilles 295 and D-Woodstock denim mules 250 are not loafers. Main footwear page states 65 products, 56 shown in the first load; loafers only sit in the moccasins subcategory."
Joe's Jeans,SKIP,SKIP,SKIP,SKIP,SKIP,SKIP,SKIP,SKIP,SKIP,SKIP,278,278,218,998,SKIP,SKIP,SKIP,SKIP,https://www.joesjeans.com,USD,complete,https://www.joesjeans.com/products.json | https://www.joesjeans.com/collections/men-ready-to-wear-sweaters/products.json | https://www.joesjeans.com/products/drew-textured-sweater-ombre-stripe | https://www.joesjeans.com/products/ombre-striped-crew-neck-autumn-shades | https://www.joesjeans.com/products/long-sleeve-crewneck-sweater-black | https://www.joesjeans.com/products/classic-logo-crew-neck-baritone-blue | https://www.joesjeans.com/products.json | https://www.joesjeans.com/products/linen-zip-jacket-baritone-blue | https://www.joesjeans.com/products/suede-dress-zip-jacket-wren | https://www.joesjeans.com/products/cash-suede-trucker-jacket-dusty-olive,"[sweater staple audit] range sweater: 178-358 -> 278-278. Feed 2298 products, USD rate 1.0; men's sweaters collection 27 items, men's knits across feed 51. Almost every men's crewneck is marked down AND tagged final_sale, and pages show FINAL SALE - NO RETURN / EXCHANGE (checked Long Sleeve Crewneck Sweater and Ombre Striped Crew Neck). Under ruling (c) final-sale items are excluded. Prior low Long Sleeve Crewneck Sweater 178 (100% cotton, true crewneck) = FINAL SALE, excluded. Prior high Ombre Striped Crew Neck 358 (true crewneck; 35% alpaca/35% yak/24% nylon/4% spandex) = FINAL SALE, and fails majority test (alpaca 35%; yak is not on the elevated list - even alpaca+yak 70% would need yak to count). Only non-final-sale men's crewneck: Drew Textured Sweater 278 compare-at (selling 79, no final-sale tag or text; relaxed crewneck; 33% viscose/23% recycled nylon/20% merino/20% cotton/4% cashmere) -> cells 278/278, no elevated crewneck. Alternative reading including final-sale at compare-at: low Long Sleeve Crewneck Sweater 178 (Tate L/S Crewneck 128 is a cotton/poly waffle tee-sweater, product type Basic, not counted), high Classic Logo Crew Neck 248 (100% Superfine Merino, qualifies by superfine wording); plain range to 358; any-percentage alpaca 358. Non-final-sale knits otherwise are polos/henley/cardigan only. || [outerwear staple audit] range outerwear: 248/998 -> 218/998 (re-read live 2026-09-19). products.json 2298 products (Shopify USD rate 1.0); men's by collection_men tags: 42 jacket/coat items, 35 tagged final_sale. Non-final-sale men's outerwear: Linen Zip Jacket $218 (Baritone Blue full; Summer Sand $153 marked down from $218), The Airborne Denim Jacket $228 compare-at (selling $160), Denim Chore Coat $248, Canvas Jacket $298, Suede Dress Zip Jacket (100% calf suede) $998, Suede Modern Travel Jacket (suede) $998. No exact model in both entry and elevated material among these, so plain range: low Linen Zip Jacket $218 (page $218), high Suede Dress Zip Jacket $998 (page $998) / Suede Modern Travel Jacket $998. Final-sale items not used incl. Cash Trucker $248, Cash Suede Trucker $998/$798, Rider, Benson Suede, Parker Suede Chore, Suede Aviator, Refined Leather Moto $1100, Irvin Shearling Aviator $1430, Shearling Flight and Ellis Leather $1200; Double Breasted Blazer and Wallace Blazer excluded as blazers; Modern Utilitarian Zip Shirt excluded."
Boggi Milano,SKIP,SKIP,SKIP,SKIP,SKIP,SKIP,SKIP,SKIP,SKIP,SKIP,198,268,SKIP,SKIP,SKIP,SKIP,SKIP,SKIP,https://www.boggi.com/en_US,USD,complete,https://www.boggi.com/en_US/clothing/knitwear/ | https://www.boggi.com/en_US/clothing/knitwear/crew-neck/ | https://www.boggi.com/en_US/crew-neck-jumper-in-yak-wool-BO26A0903.html | https://www.boggi.com/en_US/crew-neck-jumper-in-merino-wool-blend-wooltech-BO26A0022.html | https://www.boggi.com/en_US/crew-neck-in-extrafine-merino-wool-BO26A0186.html | https://www.boggi.com/en_US/crew-neck-jumper-in-superfine-merino-wool-BO24C0002.html | https://www.boggi.com/en_US/crew-neck-jumper-in-merino-wool-cashwool%C2%AE-moulin%C3%A9-BO26A0390.html,"[sweater staple audit] high 368 -> 268. Knitwear header states 77; start/sz grid fetch gave 43 distinct product URLs (colour tiles share URLs); Crew Neck subcategory lists 8 products (5 crewnecks + v-necks); USD, no struck prices. Prior low Crew Neck in Extrafine Merino Wool 198 (100% extrafine merino, collar CREW NECK) = true crewneck, stands; Crew Neck Jumper in Superfine Merino Wool 198 (100% superfine merino wool) ties. Prior high Crew Neck Jumper in Yak Wool 368 = true crewneck (collar CREW NECKS) but composition 75% wool/25% yak: yak is not on the elevated list and the wool has no fine wording, so it does not qualify. Dearest qualifying crewneck: Crew Neck Jumper in Merino Wool Blend WOOLTECH 268 (55% extrafine merino wool/45% recycled polyester; copy says extra-fine merino) - superfine by extra-fine wording, majority 55%. Crew Neck Jumper in Merino Wool Cashwool Mouline 228 (100% merino) says 19.5-micron extrafine merino - wording passes but micron figure >18.5 fails; flag, does not affect cells. If extra-fine wording is not accepted, only Superfine Merino 198 qualifies by superfine wording (then 198-198). Plain crewneck range 198-368; if yak were treated as elevated, high 368. Knitted Sweatshirt in Merino Wool and Yak 368 is a knit named sweatshirt: excluded per ruling (c) (alternative 368, still not elevated). Cashmere only appears in non-crew styles."
Eleventy,SKIP,SKIP,SKIP,SKIP,SKIP,SKIP,SKIP,SKIP,SKIP,SKIP,SKIP,SKIP,SKIP,SKIP,795,1295,SKIP,SKIP,https://www.eleventymilano.com/en-us,USD,complete,https://www.eleventymilano.com/en-us/products.json | https://www.eleventymilano.com/en-us/products/scarpa-pelle-vitello-scamosciata | https://www.eleventymilano.com/en-us/products/scarpa-pelle-vitello-scamosciato-6 | https://www.eleventymilano.com/en-us/products/scarpa-pelle-vitello-2 | https://www.eleventymilano.com/en-us/products/scarpa-pelle-vitello-1,"[shoe staple audit] [Final rulings S3, applied from recorded audit evidence 19 Sep] Moccasins now count: Hand-Dyed Calfskin Leather Moccasin Shoes $1295 (new high); Navy Suede Moccasins $795 equals low. Loafers $795-$995 as before. || 795-995 unchanged. Shopify.currency USD rate 1.1829858, so all figures from /en-us/products.json (846 products; 38 UOMO shoes, titles generic, loafers identified from descriptions) and each confirmed on its en-us product page (page $ = feed); no compare_at. Loafers: low Suede Calfskin Shoe scarpa-pelle-vitello-scamosciata $795 (Loafers in velvety calf crust leather, AI26); high Suede Calfskin Shoe scarpa-pelle-vitello-scamosciato-6 $995 (Tassel Loafers in suede calfskin, AI26); Elegant Penny Loafers in Fine Calfskin $895 (PE26). Not counted as loafers: Hand-Dyed Calfskin Leather Moccasin Shoes $1295 (described as moccasins; if moccasins count the high would be 1295) and Navy Suede Moccasins $795 (no effect); boat-shoe espadrilles $695 excluded. No exotic/fur materials in the loafers."
Brooks Brothers,SKIP,SKIP,SKIP,SKIP,SKIP,SKIP,SKIP,SKIP,SKIP,SKIP,SKIP,SKIP,SKIP,SKIP,199,248,SKIP,SKIP,https://www.brooksbrothers.com,USD,complete,https://www.brooksbrothers.com/mens/shoes | https://www.brooksbrothers.com/slip-on-loafers/MH00679.html | https://www.brooksbrothers.com/leather-slip-on-loafers/MH00671.html | https://www.brooksbrothers.com/leather-tassel-loafers/MH00670.html | https://www.brooksbrothers.com/fitzgerald-tassel-loafer/MH00625.html | https://www.brooksbrothers.com/westport-penny-loafers/MH00618.html | https://www.brooksbrothers.com/leather-driving-moccasins/MH00678.html,"[shoe staple audit] 150-248 -> 199-248. Men's shoes grid read today: 23 Results, 23 tiles. Prior low Slip-On Loafers MH00679 ($150 list, Clearance $89.99) is, per its page, a slip-on sneaker with a 100% polyester textile upper and rubber outsole - not a loafer, so dropped. Several loafers now carry a Clearance badge (Leather Slip-On Loafers MH00671 suede, list $195 / $119.99; Leather Driving Moccasins MH00678 list $229 / $139.99); pages do not say final sale, but Clearance is a markdown section, so on the stricter reading they are left out: low = Leather Tassel Loafers MH00670 $199 full price (leather upper). If clearance items count at list price, low = 195 (Leather Slip-On Loafers). High unchanged: Fitzgerald Tassel Loafer MH00625 $248 (100% leather) and Westport Penny Loafers MH00618 $248 (100% leather); Jefferson Suede Driving Moccasins $229. Excluded Brooks Brothers x NEEDLES Cordovan Leather Loafer Shoes $998 (collaboration), shearling slippers, boat shoes, Rancourt Oxford/Longwing (named maker, not loafers)."
Sunspel,SKIP,SKIP,SKIP,SKIP,SKIP,SKIP,SKIP,SKIP,SKIP,SKIP,SKIP,SKIP,SKIP,SKIP,300,365,SKIP,SKIP,https://us.sunspel.com,USD,complete,https://us.sunspel.com/products.json | https://us.sunspel.com/products/mens-sunspel-suede-loafer-in-navy-mftw9502-buaa | https://us.sunspel.com/products/mens-moccasin-in-navy-mftw9492-buaa,"[shoe staple audit] [Final rulings S3, applied from recorded audit evidence 19 Sep] Men's Moccasin in Navy/Brown $365 (MFTW9492, unstructured suede moccasin, Sunspel own label) now counts; low Men's Suede Loafer $300. Cheaney collab $327 still excluded. || 300-300 unchanged. Shopify.currency USD rate 1.0; full feed 1003 products read today (shoes filed under product_type Accessories); product pages show $300 and $365 = feed; no compare_at. Only own loafer: Men's Suede Loafer (Sunspel, MFTW9502) in Navy and Sand $300 (An everyday essential suede loafer), so low = high = 300. Leather Loafer in Black / Suede Loafer in Brown $327 are made in collaboration with Cheaney (per description) - excluded; if counted, high = 327. New since prior: Men's Moccasin in Navy/Brown $365 (MFTW9492, unstructured suede moccasin, Sunspel own label) - named moccasin not loafer, so not counted on the stricter reading; if slip-on moccasins count, high = 365. Paraboot Michael 495/535 third party; Tennis Shoe 325 not a loafer."
Margaret Howell,SKIP,SKIP,SKIP,SKIP,SKIP,SKIP,SKIP,SKIP,SKIP,SKIP,SKIP,SKIP,645,1900,SKIP,SKIP,SKIP,SKIP,https://www.margarethowell.co.uk,USD,complete,https://www.margarethowell.co.uk/collections/men-jackets-coats | https://www.margarethowell.co.uk/collections/men-jackets-coats/products.json,"[outerwear staple audit] range outerwear: 640 -> 645, 1900 -> 1900 (low moved; the pilot row figure 640 did not reproduce - store is Shopify Markets, GBP base, currency USD rate 1.37232, so USD prices can shift). Men's jackets and coats: 11 of 11 tiles, storefront shows REGULAR PRICE in USD and the feed matches (e.g. MHL. Track Jacket 645.00, Double Collar Coat 1900.00); duties and delivery calculated at checkout, so USD not landed. No suede/leather/shearling/cashmere outerwear, so plain range: low MHL. Track Jacket (crisp cotton poplin) $645; also MHL. Zip Through Duffle (double wool melton) $1,150, Wool Lined Archive Coat (showerproof cotton drill) $1,700; high Double Collar Coat (firm wool melton) $1,900. Blazers (Patch Pocket, MHL. Minimal, MHL. Flap Pocket) excluded."
Reiss,SKIP,SKIP,SKIP,SKIP,SKIP,SKIP,SKIP,SKIP,SKIP,SKIP,SKIP,SKIP,SKIP,SKIP,230,355,SKIP,SKIP,https://www.reiss.com/us/en,USD_landed,complete,https://www.reiss.com/us/en/shop/gender-men-productaffiliation-footwear/style-loafer | https://www.reiss.com/us/en/shop/gender-men-productaffiliation-footwear-0 (?p=1-5),"[shoe staple audit] [Final rulings S3, applied from recorded audit evidence 19 Sep] Espadrille loafers now count: Suede Penny Loafer Espadrilles $230 (new low); high Leather Penny Loafers Y84076 $355. Lace-up Moccasin Shoes $398 still excluded (lace-up). || 298-355 unchanged. US store, banner Free Delivery over $350 | Duties Paid, so USD_landed. Loafer facet shows (9), 9 tiles read; the full footwear listing states (56) and was read from its embedded product-summary data over pages 1-5 (no sp/sale price on any loafer). Low Leather Saddle Loafers W08161 $298; high Leather Penny Loafers Y84076 $355 (in the footwear listing, not tagged in the loafer facet); others Suede Slip-on Loafer(s) $315 (several item numbers), Suede Tassel Loafers $315, Leather Apron-stitch Loafers $345. Excluded Suede Penny Loafer Espadrilles $230 (espadrilles) and Lace-up Moccasin Shoes $398 (lace-up, not a loafer)."
Isabel Marant,SKIP,SKIP,SKIP,SKIP,SKIP,SKIP,SKIP,SKIP,SKIP,SKIP,440,880,630,1990,880,880,SKIP,SKIP,https://us.isabelmarant.com,USD,complete,https://us.isabelmarant.com/products.json | https://us.isabelmarant.com/products/pu0228haa1l79h30mi-basile-merinos-wool-sweater-midnight | https://us.isabelmarant.com/products/pu0968had3l04h50ca-larry-wool-sweater-caramel | https://us.isabelmarant.com/products/pu0995had3l10h30in-ayden-mohair-sweater-indigo | https://us.isabelmarant.com/products/pu1001had4l06h99mu-leonard-mohair-sweater-multicolor | https://us.isabelmarant.com/products/pu0969had3l07h30mi-scolan-mohair-sweater-midnight | https://us.isabelmarant.com/products/pu0972had3l01h23ec-karl-wool-sweater-ecru | https://us.isabelmarant.com/products.json | https://us.isabelmarant.com/products/mc0001haa1a06n67sa-fylan-men-loafers-man-sepia | https://us.isabelmarant.com/products/mc0026hac1a03n99le-fitzo-men-loafers-leopard | https://us.isabelmarant.com/products/mc0016hac3a01n01bk-frezzah-men-loafers-man-black | https://us.isabelmarant.com/products.json | https://us.isabelmarant.com/products/ve0679hbd3g05h90be-ardy-jacket-beige | https://us.isabelmarant.com/products/ma0608had4d03hecbk-ethan-wool-coat-ecru-and-black,"[sweater staple audit] high 945 -> 880. us.isabelmarant.com Shopify USD rate 1.0; feed 1657 products, 194 product_type Men, no compare_at. Composition read from each product page metafield (format fibre then %). Prior low BASILE merinos wool sweater 440 (100% merinos wool, round neckline, long sleeves) = true men's crewneck, stands. Prior high Larry wool sweater 945 = true crewneck (round neckline) but composition RWS merino wool 70% / Cashmere 30%, so it fails the majority-cashmere test (merino has no fine wording); prior note had it as merino-cashmere without %. Dearest qualifying crewneck under majority test: Ayden mohair sweater 880 (page subtitle: faded print mohair-wool crew neck sweater; Super kid mohair 67% / Polyamide 28% / Wool 5%) - mohair majority test applied (>50% mohair). Leonard mohair sweater 880 is Super kid mohair 50% / Polyamide 32% / Wool 18% - exactly 50%, fails >50%. Scolan mohair sweater 690: page composition Virgin wool 52% / Polyamide 32% / Wool 16% (named mohair but no mohair listed - flag). Karl wool sweater 880 (RWS wool 76%/polyamide 17%/wool 7%), Koman 690 (wool 97%/polyamide 3%), Barry 675 (100% merinos), Atley 560, Antea 470, Evans 465 - not elevated. Any-percentage reading: cashmere Larry 945 (30%), which would restore 945. Excluded: Lyas alpaca 990 (buttoned high collar), Ydali 1190 (lace-up collar), Benny zip collar, Ken polo collar, Arnold Tunisian neckline, cardigans. || [shoe staple audit] 785-945 -> 880-880 (stricter reading; alternative 785-945 unchanged). US Shopify store, USD rate 1.0; full feed 1657 products, 253 product_type Men; no compare_at. Frezzah Men Loafers $880 (calfskin leather loafers, metal Marant plate; page $880 = feed) is the only clean own loafer. Prior low Fylan Men Loafers $785 (suede calfskin, page shows $785, sold out in all sizes) is, per description and photo, a lace-up braided-apron moccasin with laces tied through the vamp - same construction as the Byren/Dersee lace-up moccasins already excluded, so dropped. Prior high Fitzo Men Loafers $945 is a slip-on moccasin loafer but in Pony style calfskin leather with leopard print (hair-on calf); on the stricter reading of the fur rule it is excluded. If Fylan counts, low = 785; if hair-on calf is not fur, high = 945. Excluded: Dersee Loafers 880 (lace-up moccasin boots), Byren Loafers 945 (boat-style lace-up moccasins); sneakers and boots are not loafers. || [outerwear staple audit] range outerwear: 630/3980 -> 630/1990 (re-read live 2026-09-19). US store (Shopify USD rate 1.0), products.json 1657 products, 194 typed Men, 20 men's jackets/coats (cat_coatsjackets tags), no compare_at markdowns. No style sold in both entry and elevated material: the only leather piece, Bowy leather jacket (black lambskin bomber, shearling collar) $3980, carries Runway details wording, so excluded as runway; Johan denim Jacket $1200, Amaric Coat $1265 and Toswald Coat $1265 excluded for fur/faux fur. Overshirts Arzur ($675) and Kervon ($835) excluded (brand descriptions say overshirt). Plain range of remaining jackets and coats: low Ardy Jacket (heavyweight cotton canvas workwear jacket) $630 (page $630), high Ethan wool coat (chevron virgin wool) $1990 (page $1,990). Others: Kastan/Jango/Jorest $690, Madeo coat $795, Sabastian $890, Tores $895, Darlane $945, Westley $995, Jackson Denim $1090, Kinlay $1105, Casper wool jacket $1390, Kiril wool coat $1490."
Frame,SKIP,SKIP,SKIP,SKIP,SKIP,SKIP,SKIP,SKIP,SKIP,SKIP,SKIP,SKIP,448,1698,SKIP,SKIP,SKIP,SKIP,https://frame-store.com,USD,complete,https://frame-store.com/collections/jackets-coats-men/products.json | https://frame-store.com/products/suede-trucker-jacket-me26lja001-sfpo | https://frame-store.com/products/suede-trucker-jacket-oxford-beige | https://frame-store.com/products/suede-trucker-jacket-mp26lja003-wmbe | https://frame-store.com/products/denim-zip-trucker-m014dja813-bkpt | https://frame-store.com/products/canvas-trucker-jacket-antique-dark-olive,"[outerwear staple audit] high 1898 -> 1698; low unchanged 448 (re-read live 2026-09-19). Shopify USD rate 1.0; men's jackets-coats collection 62 products (incl. blazers, overshirts, shirts, shirt jackets - excluded). Pair = trucker: low Denim Zip Trucker -- Breakpoint $448 (full price, page $448), high Suede Trucker Jacket $1698 (lamb suede; Oxford Beige and Warm Beige pages $1,698, Mocha and Dark Navy $1698 full; Dark Grey marked down from $1698). Soft Pistachio colourway (compare-at $1898, selling $1138) page shows FINAL SALE, excluded. Storefront pages carry a generic 25% OFF promo banner; list prices used. No cheaper style has an elevated twin: Modern Canvas Jacket $298 compare-at and Canvas Utility Jacket $398 have none; Seersucker Blouson $498 compare-at vs Suede Blouson $1698 is a dearer pair. Other elevated: Suede Chore Coat $1698, Suede Bomber / Leather Bomber / Aviator Leather $1998, Shearling Bomber $2498 compare-at. Ritz Paris and Sotheby's collaboration pieces and The Society Archive excluded."
Theory,SKIP,SKIP,SKIP,SKIP,SKIP,SKIP,SKIP,SKIP,SKIP,SKIP,SKIP,SKIP,365,1295,NONE,NONE,Shoes,SKIP,https://www.theory.com,USD,complete,https://www.theory.com/men/shoes/?sz=300 | https://www.theory.com/men/shoes/city-loafer-in-leather/O0770003_001.html | https://www.theory.com/men/shoes/derby-shoe-in-leather/Q0379001_001.html | https://www.theory.com/men/outerwear/ | https://www.theory.com/on/demandware.store/Sites-theory2_US-Site/default/Search-UpdateGrid?cgid=mens_outerwear&start=0&sz=60 | https://www.theory.com/returns_exchanges.html,"[shoe staple audit] [Final rulings S5, applied from recorded audit evidence 19 Sep] Only loafer, City Loafer in Leather $395, is 40% off FINAL SALE (S4 exclusion as applied), so no qualifying own-label loafer; replaces range built from Sneaker in Leather $295 / Derby Shoe $395. || range shoes: 395-395 -> 295-395. Men shoes grid read today: 44 tiles (colour duplicates, no total stated). The only loafer, City Loafer in Leather O0770003 (polished Italian calf), shows Price reduced from $395.00 to $237.00 and its product page displays Final Sale. Exchange for a different size only (site policy: items 40% off and higher are FINAL SALE); a full-price item (Derby Shoe in Leather) does not show that line. Under the final-sale exclusion there is no qualifying loafer, so plain range of own-label mens shoes at full price, excluding final-sale items: low Sneaker in Leather P0870001 $295 (full-price colourways; other colourways reduced to 221.25/177), high Derby Shoe in Leather Q0379001 $395 and Derby Shoe in Suede Q0870001 $395. Oxford Shoe in Leather (395 -> 237) and Open Sandal (225 -> 135) are also 40% off final sale; Common Projects Achilles stocked third party excluded. If a final-sale loafer is allowed at its $395 list price, the cells stay 395-395. || [outerwear staple audit] range outerwear: 325/995 -> 365/1295 (re-read live 2026-09-19). Men's outerwear grid via same-origin UpdateGrid: 29 named tiles (start=30 returns none). Returns page: merchandise bought at a discount of 40% off or more, or labeled Final Sale, may not be returned; those items excluded: City Zip Jacket in Textured Nylon $325->$156, Wyatt Zip Jacket in Leather $995->$398, Two-Button Coat in Atelier Wool $1695->$1017, Field Jacket in Good Linen, Field Jacket in Motion Nylon, Boxy Jacket, Shirt Collar Jacket, Blouson Jacket in Precision Ponte, Hooded Jacket in Bonded Wool-Blend, Button-Up Jacket in Motion Nylon. Without the nylon City Zip no style remains in both entry and elevated material (City Jacket in Leather $995 and Morvek Zip Jacket in Leather $995 have no fabric twin; Short Jacket in Double-Face Wool-Cashmere $695 is mainly wool). Plain range: low Four-Button Jacket in Moonsoft Cotton $365 (full price), high Bomber Jacket in Atelier Wool $1295 full (selling $1017). Others (25% promo shown, full price used): Harrington Motion Wool Twill $425, Bomber / Murphy Bomber Precision Ponte $465, Bomber Plush Melton $695, Peacoat Plush Melton $695, Short Jacket Double-Face Wool-Cashmere $695, Belvin Coat $795. Overshirts, shirt jackets and hoodie excluded."
Sid Mashburn,SKIP,SKIP,SKIP,SKIP,SKIP,SKIP,SKIP,SKIP,SKIP,SKIP,SKIP,SKIP,395,1395,295,595,SKIP,SKIP,https://shopmashburn.com,USD,complete,https://shopmashburn.com/collections/sid-mashburn-loafers/products.json | https://shopmashburn.com/collections/sid-mashburn-casual-shoes/products.json | https://shopmashburn.com/products.json | https://shopmashburn.com/products/sid-mashburn-driving-moccasin-chocolate-leather-s79562 | https://shopmashburn.com/products/sid-mashburn-driving-moccasin-desert-suede-s75035 | https://shopmashburn.com/collections/sid-mashburn-outerwear/products.json | https://shopmashburn.com/products.json | https://shopmashburn.com/products/sid-mashburn-military-jacket-khaki-lightweight-canvas-s80781 | https://shopmashburn.com/products/sid-mashburn-work-jacket-navy-suede-s80191,"[shoe staple audit] 350-895 -> 295-595. Shopify.currency USD rate 1.0; compare_at equals price throughout (no markdowns). High: prior Italian Tassel Loafer in Dark Brown Sharkskin $895 is exotic (shark) and now excluded by rule; next = $595 Italian Penny Loafer (chocolate suede, dark brown calfskin, medium brown calfskin, acorn suede) and Italian Tassel Loafer (black calfskin, dark brown calfskin, loden suede, acorn suede). Low: the Sid Loafers collection (21 products) bottoms at Handsewn Penny Loafer in Chocolate Suede $350, but the Sid Casual Shoes collection has own-label Driving Moccasin in Chocolate Leather $295 and in Desert Suede $295 (pages live, $295 = feed; All-Weather Driving Moccasin Tan Suede 295 sold out) - counted as the driving loafer the rule lists, so low = 295; if driving moccasins are not counted, low = 350. Excluded: stocked Alden Tassel Loafer Shell Cordovan 967, Edward Green Ventnor 1450 / Piccadilly 1850; Casa Pantufa Moccasin 295 (shearling-lined house slipper), camp/crepe lace-up moccasins (lace-ups), Ann Mashburn womens loafers. || [outerwear staple audit] [19 Sep re-read under final rulings: chore jackets not outerwear / pre-order excluded / silhouette pairs] old 425-795 -> new 395-1395. Shopify USD rate 1.0; outerwear collection feed 34 products, whole-store feed 4862 searched; compare_at equals price, no markdowns. Chore Jackets (Navy Melton/Corduroy 425, Red Melton 450, Plaid Flannel 550, Spruce Cashmere Flannel 795) and CPO Shirt excluded per ruling. Pair (same silhouette): low Military Jacket in Khaki Lightweight Canvas / Swiss Camo Dry Waxed Poplin $395 (PDP $395; Guncheck Hopsack $495), high Work Jacket in Navy Suede $1395 (PDP $1,395, Italian goat suede; copy: sleeker, less-intense version of our Military Jacket; Thyme Suede $1295, Pine Suede $1195). Cheaper own style without elevated twin: Plains Jacket in Selvedge Rigid Denim $350. Other elevated: Button-Front Bomber Jacket in Brown Suede $1595 (no fabric bomber). Ann Mashburn women's suede jackets, Kired coats, Aspesi UT shirts, Original Madras Stout Shirt Jacket, sport jackets (Ghost Rider, Virgil, Butcher) and Fine-Gauge Track Jacket Sweater excluded. read live 2026-09-19"
Billy Reid,SKIP,SKIP,SKIP,SKIP,SKIP,SKIP,SKIP,SKIP,SKIP,SKIP,SKIP,SKIP,598,1598,SKIP,SKIP,SKIP,SKIP,https://www.billyreid.com,USD,complete,https://www.billyreid.com/collections/mens-jackets-outerwear/products.json | https://www.billyreid.com/products.json?limit=250&page=1..2 | https://www.billyreid.com/products/waxed-denim-harrington-jacket-indigo | https://www.billyreid.com/products/suede-barracuda-jacket-black | https://www.billyreid.com/products/harrison-jacket-olive,"[outerwear staple audit] [19 Sep re-read under final rulings: chore jackets not outerwear / pre-order excluded / silhouette pairs] old 398-1198 -> new 598-1598. Shopify USD rate 1.0; mens jackets-outerwear collection 28 products, whole store 482 checked for siblings. Chore coats/jackets (Colbert, Chambray, Pique) excluded per ruling. Pair = Harrington (exact model name): low Waxed Denim Harrington Jacket Indigo $598 (PDP $598, Halley Stevensons waxed denim), high Suede Harrington Jacket Black $1598 (PDP $1,598, goat suede; copy: classic Harrington silhouette). Cheaper own jackets with no elevated twin: Moleskin Woodsman $348, Harrison Jacket $498 (waxed herringbone, snap front, point collar), Waxed Herringbone Members $498; Garrett Jacket $298 is a knit elbow-patch jacket typed sweatshirt, not a bomber; Numajiri track jacket typed knits. Other elevated: Blake Jacket lambskin $1398 and Rough Out Suede Blake $1498 (no fabric Blake), Suede Dutton $1498 (no fabric twin). Savoy Suede Workshirts and Onion Quilted Theo Shirt Jacket excluded as shirt-jackets. read live 2026-09-19"
A.P.C.,SKIP,SKIP,SKIP,SKIP,SKIP,SKIP,SKIP,SKIP,SKIP,SKIP,350,420,SKIP,SKIP,SKIP,SKIP,SKIP,SKIP,https://www.apc-us.com,USD,complete,https://www.apc-us.com/collections/men-knitwear-cardigans/products.json | https://www.apc-us.com/products/striped-alpaca-sweater-wpabg-h23504_laa | https://www.apc-us.com/products/pull-pascal-wvbep-h23527_plb | https://www.apc-us.com/products/loose-cable-knit-sweater-woasv-h23489_cag,"[fibre re-check] 350/650 -> 350/420. High: Loose Cable-Knit Sweater $650 (crew neck, 85% wool 15% cashmere) fails the >50% cashmere test, so dropped. Majority test applied on elevated fibres combined: Striped Alpaca Sweater $420 (page: straight cut, crew neck; 35% mohair 35% alpaca 30% polyamide = 70% elevated combined; neither fibre alone >50%) qualifies and is the only qualifying crewneck = high; page displays $420.00 = feed. If only single-fibre majority counted, no crewneck qualifies and it becomes range sweater 350/650. Any-percentage reading: high would be Loose Cable-Knit Sweater $650 (15% cashmere). Low unchanged: Pascal Sweater $350 (crew neck raglan, 100% wool). Other crew/round necks (compositions from product-page accordion): Matthieu Wool Sweater $370 100% wool, Dylan Sweater $450 (32% wool 32% alpaca 30% polyamide 6% polyester - fails), Merino Wool Military Sweater $450 100% wool, Ron and George Sweaters $470 100% (recycled) wool, Edmond / Loose Wool Sweater $550 100% wool; no superfine/extra-fine/micron claims. Excluded: Daniel Trucker quarter-zip $495, Fitted Striped Polo, Pierre and Joe cardigans. Collection feed 19 products, no compare_at markdowns; Shopify.currency USD rate 1.0."
Officine Générale,SKIP,SKIP,SKIP,SKIP,SKIP,SKIP,SKIP,SKIP,SKIP,SKIP,SKIP,SKIP,595,1495,SKIP,SKIP,SKIP,SKIP,https://us.officinegenerale.com,USD_landed,complete,https://us.officinegenerale.com/collections/og-homme-men-outerwear/products.json | https://us.officinegenerale.com/collections/og-homme-men-leathers/products.json | https://us.officinegenerale.com/collections/dlc-homme-men-outerwear/products.json | https://us.officinegenerale.com/collections/dlc-homme-leathers/products.json | https://us.officinegenerale.com/products.json | https://us.officinegenerale.com/products/vince-jacket-cotton-denim-dark-indigo | https://us.officinegenerale.com/products/liam-jacket-goat-leather-brown-brown | https://us.officinegenerale.com/products/cesario-jacket-grained-lamb-leather-black,"[outerwear staple audit] 995/1890 -> 595/1495 (re-read live 2026-09-19). US store, Shopify USD rate 1.0; footer: All taxes are included, no additional charges upon delivery (USD_landed); no compare_at markdowns on the items used. OG Homme outerwear + leathers feeds 34 products (overshirts excluded) plus DLC Homme outerwear (9 jackets) and leathers (Liam x3). Pair = denim-jacket silhouette: low Vince jacket in cotton denim dark indigo $595 (100% organic cotton, 5 snaps; page $595.00 USD; brown yarn-dye denim Vince $625), high Liam jacket $1495 (goat leather with suede finish, faded black / brown / olive; page $1,495.00 USD). Other outerwear: DLC Chore jacket $530 (no elevated twin), Suny corduroy $625, Berny / Berry workwear $695, Efy bomber $795, DLC Bradley parka / Down jacket $795, Edward peacoat $830, Javier bomber and Mazir wool zip jacket $995, coats $1295-1630; leathers Loki and Morel goat suede $1770, Cesario lamb bomber $1890, Mori lamb $1990. Overshirts (incl. leather Marshell $1695, Silvio $1750) excluded."
Auralee,SKIP,SKIP,SKIP,SKIP,SKIP,SKIP,SKIP,SKIP,SKIP,SKIP,SKIP,SKIP,792,5071,1078,1353,SKIP,SKIP,https://auralee.jp (Country/Region: United States),USD_landed,complete,https://auralee.jp/item?category_id=508 | https://auralee.jp/item?category_id=503 | https://auralee.jp/item/detail/1_1_A26AB02NR_1/0035 | https://auralee.jp/item/detail/1_1_A26AB02HM_1/7052 | https://auralee.jp/item/detail/1_1_A26AB01CB_1/2000 | https://auralee.jp/item/detail/1_1_A26AB01MF_1/2032,"[shoe staple audit] [Final rulings S3, applied from recorded audit evidence 19 Sep] Mules now count: Soft Leather Mule $1,078.00 (new low), Horsehide Leather Mule $1,215.50; loafers SOFT LEATHER LOAFERS $1,149.50 and HORSEHIDE LEATHER LOAFERS $1,353 (high). || 1150/1353 -> 1150/1353 unchanged. auralee.jp with region United States / English; MEN > SHOES AND ACCESSORIES (category 508), 29 items loaded, 8 footwear. Two loafers: SOFT LEATHER LOAFERS $1,149.50 (rounded half-up to 1150) and HORSEHIDE LEATHER LOAFERS $1,353.00; every price marked Duties & Taxes Included, so USD_landed. Excluded: Soft / Horsehide Leather Mule $1,078.00 / $1,215.50, lace-up shoes and lace-up boots. Horsehide is not an exotic skin. No markdowns. || [outerwear staple audit] range outerwear: 935 -> 792, 4527 -> 5071. US region, prices shown as $ ... Duties and Taxes Included (USD_landed). Men's outerwear page lists 15 items (4 sold out). Low = Garment-Dyed Organic Cotton Heavy Moleskin Coverall (100% cotton) $792.00; high = Silk Twill Flight Blouson / Merino Mouton Lining $5,071.00. Between: Sheer Nylon Ripstop Hooded Blouson $935, Light Wool Max Gabardine Jacket $1,254, Bluefaced Wool Jacket $1,287, High-Density Wool Worsted Shawl Collar Jacket $1,424.50, Super Light Wool Padded Coat $1,760, Brushed Silk Linen Satin Padded Military Blouson (68% linen) $1,897.50, Ultra Fine Wool Twill Wool-Lined Coat $2,442, Textured Lamb Leather Blouson $2,992, Reversible Wool Twisted Twill / Sheep Leather Half Coat $2,992, Fine Calf Leather Down Blouson and Merino Mouton Zip Blouson $4,526.50. Vests (Fine Calf Leather Down Vest, Merino Mouton Vest) excluded."
Ami Paris,SKIP,SKIP,SKIP,SKIP,SKIP,SKIP,SKIP,SKIP,SKIP,SKIP,430,690,SKIP,SKIP,730,730,SKIP,SKIP,https://www.amiparis.com/en-us,USD,complete,https://www.amiparis.com/en-us/collections/men-sweaters-and-cardigans/products.json | https://www.amiparis.com/en-us/products/grey-wool-crewneck-ami-de-coeur-sweater-hks866kn00390504 | https://www.amiparis.com/en-us/products/black-crewneck-cashmere-sweater-with-ami-de-coeur-hks832005001 | https://www.amiparis.com/en-us/products/brown-crewneck-cashmere-sweater-with-ami-de-coeur-hks832005280 | https://www.amiparis.com/en-us/products/multicolor-checkered-wool-crewneck-sweater-hks911kn0217950 | https://www.amiparis.com/en-us/collections/men-flat-shoes/products.json | https://www.amiparis.com/en-us/collections/men-flat-shoes | https://www.amiparis.com/en-us/products/leopard-print-cowhide-leather-loafers-usv845al0218a328.json | https://www.amiparis.com/en-us/products/black-cow-leather-loafers-usv845al0122001.json,"[sweater staple audit] [Final rulings S1, applied from recorded audit evidence 19 Sep] Alpaca crewneck sweater with Ami de Coeur $690 = 50% alpaca 25% wool 23% polyamide 2% elastane; exactly 50% now counts, dearer than Black cashmere crew $650 -> high 690. Low Grey Wool Crewneck $430 unchanged. || 430 -> 430, 650 -> 650 (unchanged). Shopify.currency USD rate 1.17608, so /en-us/ collection feed used (54 items, no compare-at markdowns); storefront check: Grey Wool Crewneck page shows Regular price $430 USD, Black cashmere crew page $650 USD = feed. Prior low verdict OK: Grey Wool Crewneck Ami De Coeur Sweater $430, crewneck, Main material 100% wool (described as extrafine wool merino - also qualifies as superfine under the quoted-term test, irrelevant as it is the low). Prior high verdict OK: Black / Brown crewneck cashmere sweater with Ami de Coeur $650, round collar, 97% cashmere 3% wool (majority-cashmere). Other crews read: Ami de Coeur wool crews $440 / $550 (100% wool), Blue sailor striped wool crewneck $680 (100% wool, shoulder press buttons), Multicolor checkered wool crewneck $2,210 (100% wool, no superfine wording - not elevated). Alpaca crewneck sweater with Ami de Coeur $690 (beige/green/grey/brown, unisex) = 50% alpaca 25% wool 23% polyamide 2% elastane: fails majority test (exactly 50%, not >50%; wool not superfine so combined elevated also 50%); under an any-percentage reading high would be $690. Turtlenecks, funnel necks, cardigans, polos, sleeveless excluded. || [shoe staple audit] 730-810 -> 730-730 (stricter reading; alternative 730-810). Shopify.currency USD rate 1.17608, so used the /en-us/ collection feed; the rendered US men-flat-shoes page shows the same prices ($730, $810, $640, $790, $770, $820, $620, $690). men-flat-shoes: 10 products, 2 loafers. Low Black cow leather loafers $730 (glazed leather upper, made in Portugal). Prior high Leopard print cowhide leather loafers $810: description says Leopard print pony leather upper (hair-on cowhide); on the stricter reading of the fur rule it is excluded, leaving low = high = 730; if hair-on printed cowhide is allowed, high = 810. Both listed as unisex. Boat shoes, derbies, monk strap, oxford and boots are not loafers."
Todd Snyder,SKIP,SKIP,SKIP,SKIP,SKIP,SKIP,SKIP,SKIP,SKIP,SKIP,248,998,SKIP,SKIP,248,798,SKIP,SKIP,https://www.toddsnyder.com,USD,complete,https://www.toddsnyder.com/collections/mens-sweaters/products.json | https://www.toddsnyder.com/products.json | https://www.toddsnyder.com/products/merino-waffle-crewespresso-bean | https://www.toddsnyder.com/products/made-in-italy-cashmere-crewdark-mocha | https://www.toddsnyder.com/products/silk-cashmere-crewraisin | https://www.toddsnyder.com/products.json | https://www.toddsnyder.com/products/ts-casual-leather-flex-penny-loaferblack | https://www.toddsnyder.com/products/madison-collection-venetian-suede-loaferdark-brown | https://www.toddsnyder.com/products/todd-snyder-loafadrilletobacco,"[sweater staple audit] 198/998 -> 248/998. Shopify store read live (Shopify.currency USD rate 1.0); men's sweaters collection 110 products (page says 108 results), full root feed 3202 products checked for crewnecks outside the collection. Prior low (pilot row, product unnamed) $198 FAILS: the only $198 full-price items in the current sweater range are Retro Sweater Tee (short-sleeve knit tee) and Luxe Mesh Tanks; $198 crews exist only as sale items outside the main range (Vista Crewneck Sweater compare-at $198 now $129-139, Lightweight Linen-Cotton Crewneck compare-at $198, final_sale) - excluded under ruling (c); alternative low from sale items = $198 (Vista) or $168 (Channel Crewneck, final sale; Surf Terry Crewneck $168 is terry). New low = Merino Surplus Sweater (merino waffle crew) $248 - waffle-stitch double-layered crewneck collar, ribbed cuffs, 100% Merino Wool. Linen Shore Sweater $248 excluded (rolled-edge high neck, 65% linen 35% cotton). Prior high verdict: Made in Italy Cashmere Crewneck Sweater $998 - page: 100% Cashmere, half-cardigan stitch, made in Italy - true crewneck, majority cashmere, OK. Other elevated crews: Cashmere Crewneck $328 (cashmere), Silk-Cashmere Crewneck Sweater $298 (55% silk 45% cashmere - majority silk). Polos, vests, henleys, tanks, V-neck, sweater jacket excluded; all vendor Todd Snyder. || [shoe staple audit] [Final rulings S3, applied from recorded audit evidence 19 Sep] Nomad Suede Espadrille Loafer $248 (espadrille sole, suede penny-loafer top; one colour on sale $199, regular $248) now counts -> low 248; high Italian Suede Venetian Loafer $798. || 368/798 -> 368/798 unchanged. Full feed read (3,202 products, Shopify.currency USD rate 1.0); own-label = vendor Todd Snyder and no named partner in the title. Low = Mercer Penny Loafer (black) $368, page displays $368. High = Italian Suede Venetian Loafer (Madison collection, black and dark brown) $798, page displays $798. Between: Ivy Penny Loafer $598, Italian Suede Penny Loafer $698. Excluded: Nomad Suede Espadrille Loafer $248 (espadrille; one colour on sale $199), Provence Slip-On and Tuscan Slip-On Sneaker (not loafers, on sale), collaborations Todd Snyder x Sebago Woven Ryan Loafer $295 and Todd Snyder x Alden Suede Blackout Tassel Loafer $724, and stocked brands (Alden, Paraboot, Miez, Jacques Soloviere, CQP, Rubinacci, Crockett & Jones, Sanders etc.)."
Boglioli,SKIP,SKIP,SKIP,SKIP,SKIP,SKIP,SKIP,SKIP,SKIP,SKIP,675,1775,900,2550,SKIP,SKIP,SKIP,SKIP,https://www.bogliolimilano.com/en-us,USD,complete,https://www.bogliolimilano.com/en-us/products.json | https://www.bogliolimilano.com/en-us/collections.json | https://www.bogliolimilano.com/en-us/collections/knitwear | https://www.bogliolimilano.com/en-us/products/garment-dyed-cotton-crewneck-yellow-25p_108_91391t_sa0803_00_0354 | https://www.bogliolimilano.com/en-us/products/grey-superlight-wool-crewneck-26a_108_91391_fb5806_00_0880 | https://www.bogliolimilano.com/en-us/products/brown-cashmere-crewneck-26a_108_91604_fb6810_00_0450 | https://www.bogliolimilano.com/en-us/products/camel-wool-cashmere-crewneck-26a_108_91602_fb6804_00_0330 | https://www.bogliolimilano.com/en-us/products.json | https://www.bogliolimilano.com/en-us/products/indaco-denim-workwear-jacket-blue-26p_10 | https://www.bogliolimilano.com/en-us/products/suede-workwear-jacket-dark-khaki-26p_180 | https://www.bogliolimilano.com/en-us/products/linen-wool-herringbone-workwear-jacket-l | https://www.bogliolimilano.com/en-us/products/suede-bomber-blue-26p_180_ocp503_sb5901_00_0780,"[sweater staple audit] 500 -> 675 (low changed), 1775 -> 1775. Shopify.currency USD rate 1.14862 so /en-us/ feeds used (314 products); storefront knitwear page (41 products, 5 pages) shows Brown Cashmere Crewneck $1,775 and Superlight Wool Crewneck $675 = feed. Prior low verdict: Yellow Garment Dyed Cotton Crewneck (100% cotton, regular $500, on sale $300, tags Sale, SS25 code 25P) is a crewneck but sits only in the private-sales / private-sales-ss25 / farfetch collections and is not in the live knitwear range (all 5 knitwear pages checked) - treated as a sale/outlet item under ruling (c) and excluded; alternative low if counted = $500. New low: Superlight Wool Crewneck $675 (Grey / Dark Grey / Blue / Dark Brown; 100% wool, no superfine/micron wording). Prior high verdict OK: Brown Cashmere Crewneck $1,775, 100% cashmere, cable knit crewneck, full price. Wool Cashmere Crewneck $750 = 90% wool 10% cashmere (minority, not elevated). Turtlenecks ($750-$775) and knitted bomber excluded. || [outerwear staple audit] 1210/2450 -> 900/2550 (re-read live 2026-09-19). Shopify Markets rate 1.148 (EUR base) so used /en-us/products.json (313 products) and checked each figure on the /en-us product page. Pair = Workwear Jacket (exact model): low Blue Indaco Denim Workwear Jacket regular $900 (page: Sale price $540, Regular price $900, -40%), high Dark Khaki Suede Workwear Jacket regular $2550 (page $1,530 sale / $2,550 regular); Light Brown Linen Wool Herringbone Workwear Jacket $1300 regular. This style is cheaper than the prior bomber pair (Dark Beige Linen Tencel Satin Bomber $1210 regular vs Dark Khaki / Blue Suede Bomber $2450 regular), which was not wrong on its own terms but is no longer the cheapest style with an elevated version. Other outerwear (regular): Biker Jackets $1210, Popeline Papier Khaki Jackets $1300, Green Linen Bomber $1425, Cotton Cashmere knitted Bomber $1500, Linen Herringbone Khaki $1625, Caban $1630, Linen Field Jacket $1675, Flannel Padded Bomber $1750, coats $1925-4650, Brown Suede Jacket $2550, Brown Shearling Peacoat $5700."
Ring Jacket,SKIP,SKIP,SKIP,SKIP,SKIP,SKIP,SKIP,SKIP,SKIP,SKIP,99000,99000,385000,440000,NONE,NONE,Shoes,SKIP,https://www.ringjacket.co.jp,JPY,complete,https://www.ringjacket.co.jp/c/knit | https://www.ringjacket.co.jp/c/knit/5N356F17 | https://www.ringjacket.co.jp/c/knit/5N355F01UP | https://www.ringjacket.co.jp/c/ringjacketnapoli/napoli_knit | https://www.ringjacket.co.jp/c/shoes | https://www.ringjacket.co.jp/c/shoes/5N145F01 | https://www.ringjacket.co.jp/c/blouson | https://www.ringjacket.co.jp/c/coat | https://www.ringjacket.co.jp/c/blouson/5N086F02E | https://www.ringjacket.co.jp/c/blouson/5N086F03X | https://www.ringjacket.co.jp/c/blouson/5N086F01C | https://www.ringjacket.co.jp/c/blouson/5N086F04U | https://www.ringjacket.co.jp/c/ringjacketnapoli | https://www.ringjacket.co.jp/p/search?keyword=ワークジャケット,"[sweater staple audit] 99000 -> 99000, 132000 -> 99000 (high changed). JPY, tax included, no conversion. Knit category 8 of 8 items (Napoli knit sub-category 6 of 6, same pieces). Only two crewnecks exist. Prior low verdict OK: 14.5 micron wool crew neck sweater, 4 colors (5N356F17, RING JACKET Napoli) JPY 99,000, design Long sleeves Crew neck, material 100% wool (14.5 MICRON) - superfine test met (page quotes 14.5 micron, <=18.5). Prior high verdict: Mid gauge crew neck light grey sweater (5N355F01UP, RING JACKET Napoli) JPY 132,000 is a true crewneck (Crew neck 7 gauge) but 70% wool 30% cashmere - minority cashmere, fails the majority test, so not elevated. New high = the 14.5 micron wool crewneck JPY 99,000 (only elevated-fibre crewneck; low = high). If minority cashmere counted (any-percentage reading) high would be JPY 132,000. Excluded: Cashmere hoodie sweater 253,000, Cashmere x Silk mock neck 99,000, 14.5 micron mock neck 82,500, stand collar knit blouson 132,000, polo collar cardigan 44,000, mock neck 39,600. Napoli is a sub-line sold under the brand on its own store - included. || [shoe staple audit] [Final rulings S5, applied from recorded audit evidence 19 Sep] All loafers listed are stocked third party (Saint Crispin's, Baudoin and Lange, Gaziano and Girling); own RING JACKET Napoli shoes are sneakers and Unlined suede slip-ons 5N145F01 (sneaker-type, not a loafer). || range shoes: 82500-220000 JPY unchanged. Japanese store, yen prices tax included. Shoes category read today: 12 out of 12 items. Every loafer listed is a stocked third party (Saint Crispin's calf penny loafers 363000, Baudoin and Lange Sagan Classic Tassel / Stride / Sagan Drape Penny / Asteria suede tassel 93500-118800) and Gaziano and Girling shoes are stocked too, so no own loafer. Own RING JACKET Napoli shoes: low Sheep suede leather sneakers greige 5N146S03C 82500, high Cordovan leather sneakers brown 5N146S01F 220000; Deerskin leather sneakers white 88000; Unlined suede slip-ons 5N145F01 93500 (made in Italy, white rubber sole, sneaker-type slip-on with toe cap, not named loafer). No markdowns seen. || [outerwear staple audit] range 550000/880000 -> exact-model pair 385000/440000 (re-read live 2026-09-19; JPY, tax-included prices, not converted). Blouson category now 4 of 4 items (was empty at the prior read): Green Field Jacket 385,000 (cotton 100%), Navy Field Jacket 385,000 (polyester 100%), Light Grey Field Jacket 440,000 (cashmere 100%), all size chart FIELD JACKET, front zip with 4 buttons; plus Handmade Band Collar Leather Chore Jacket greige 550,000 (sheep suede, no fabric twin). Pair = Field Jacket (exact model): low 385,000 (Green cotton / Navy polyester), high Light Grey cashmere Field Jacket 440,000. Coat category 2 of 2: Cashmere Glen Check Coat RC-74 550,000 and Fully Handmade Camel Balmacaan Coat 880,000 (no entry-fabric twins). Prices labelled tax included (zeikomi); no markdowns."
Drake's,SKIP,SKIP,SKIP,SKIP,SKIP,SKIP,SKIP,SKIP,SKIP,SKIP,SKIP,SKIP,985,2525,SKIP,SKIP,SKIP,SKIP,https://us.drakes.com,USD,complete,https://us.drakes.com/collections/coats-jackets/products.json | https://us.drakes.com/collections/suede-jackets/products.json | https://us.drakes.com/collections/chore-jacket/products.json | https://us.drakes.com/products/ecru-and-tan-reversible-cotton-blouson-jacket | https://us.drakes.com/products/snuff-raw-suede-blouson-jacket,"[outerwear staple audit] [19 Sep re-read under final rulings: chore jackets not outerwear / pre-order excluded / silhouette pairs] old 755-1995 -> new 985-2525. Shopify USD rate 1.0; coats-jackets + suede-jackets + chore-jacket feeds, 112 unique products, no compare_at markdowns, no pre-order/sale tags. Chore-family excluded per ruling: Five-Pocket Chore Jackets, Welder Jackets (modelled on the five-pocket chore), Denim Work Jackets (evolved chore). Pair (same sporting-blouson silhouette): low Reversible Cotton Blouson Jacket $985 (Ecru and Tan, Olive and Navy; PDP $985.00), high Snuff Raw Suede Blouson Jacket $2525 (PDP $2,525.00, raw suede, 1950s-60s sporting jacket, cropped). Cheaper own jackets without an elevated twin: Navy Half-Zip Fleece $375, Ecru Cotton Tie Front Smock $595, Fatigue Jackets $895, Forestiere Jackets $895, Indigo Stripe Denim Field Jacket $895. Other elevated: A-2 Bomber wool and leather $1495 vs heavyweight suede $2495 (dearer pair), suede car coat $2755, Shearling Jacket $3825, Tan Western Shearling $4285. Excluded collabs/stocked: Drake's by A. Levine, BEAMS F, Permanent Style, Rocky Mountain Featherbed. read live 2026-09-19"
Corneliani,SKIP,SKIP,SKIP,SKIP,SKIP,SKIP,SKIP,SKIP,SKIP,SKIP,SKIP,SKIP,1550,4595,SKIP,SKIP,SKIP,SKIP,https://www.corneliani.com/en_us,USD,complete,https://www.corneliani.com/en_us/mens-clothing/outerwear-coats.html?p=1..3 | https://www.corneliani.com/en_us/dark-brown-leather-bomber-jacket-with-detachable-vest-26l5d6-2620102-030.html | https://www.corneliani.com/en_us/grey-patterned-wool-twill-bomber-jacket-27l588-2718266-019.html | https://www.corneliani.com/en_us/dark-beige-wool-and-silk-twill-bomber-jacket-27l588-2718266-035.html | https://www.corneliani.com/en_us/dark-green-technical-silk-caban-coat-2725b0-2 | https://www.corneliani.com/en_us/melange-navy-blue-cashmere-blend-field-jacket-2625m9-2620139-001.html,"[outerwear staple audit] 1795/1850 -> 1550/4595 (re-read live 2026-09-19). en_us store in USD; outerwear-coats listing pages 1-3 (68 tiles, 67 unique) read via same-origin HTML with Magento finalPrice / oldPrice; many SS items marked down 40% - old (regular) price used; compositions from each product page's Details and Materials. Bombers: Wool and silk twill bombers $1295 regular (55% silk, elevated), Beige real down padded bomber $1550, Dark brown herringbone technical wool bomber $1950, Dark brown leather bomber jacket with detachable vest $4595 (100% leather, full price). Field jackets (no elevated version): Blue stretch technical wool $1895, Sand beige linen stretch wool $1795, Melange navy cashmere blend $1850 (10% cashmere). Cabans: technical fabric $1750, cashmere-blend $1850 (7-10% cashmere), pure wool $2550, technical silk $2395 (93% silk). Cheaper items with no elevated twin: Grey ultra light technical reversible jacket $1050, Blue ultra light technical jacket $1195, technical poplin trench coats $1195. Other elevated: Brown nappa leather jacket $3095 (shirt collar button jacket), Beige silk and suede bi-material jacket $3350, pure cashmere coats $3895-4395 (vs Dark blue pure wool coat $2550). Overshirts, gilets, waistcoats excluded."
Thom Browne,SKIP,SKIP,SKIP,SKIP,SKIP,SKIP,SKIP,SKIP,SKIP,SKIP,SKIP,SKIP,1650,5350,SKIP,SKIP,SKIP,SKIP,https://www.thombrowne.com,USD,complete,https://www.thombrowne.com/products.json | https://www.thombrowne.com/collections/mens-casual-and-shirt-jackets/products.json | https://www.thombrowne.com/collections/mens-outerwear/products.json | https://www.thombrowne.com/products/selvedge-denim-backstrap-utility-jacket-mjo256s-f1101-415 | https://www.thombrowne.com/products/selvedge-denim-backstrap-utility-jacket-mjo256s-f1215-480 | https://www.thombrowne.com/products/contrast-stitch-suede-utility-jacket-mjo243x-l0138-045,"[outerwear staple audit] 1740/5350 -> 1650/5350 (re-read live 2026-09-19). Shopify USD rate 1.0; products.json 1735 products (not round); men's types only; no compare_at markdowns on relevant items. Pair = Utility Jacket: low Selvedge Denim Backstrap Utility Jacket $1650 (F1101 colourway, sold out, listed; page $1,650) - other colourway $1740 (page $1,740); high Contrast Stitch Suede Utility Jacket $5350 (100% calf suede; page $5,350). Tweed utility jackets $3000-4850 are not elevated. Cheaper outerwear with no elevated twin: Shiny Ripstop Raglan 4-Bar Track Jacket $1550, Ripstop Raglan Coach Jacket $1670, Memory Tech smock $1890, down jackets $2050+. Dearer pairs: Plain Weave 4-Bar Knit Rib Blouson $2590 vs Suede Rib Knit Blouson $4850-5800; Chesterfield wool vs cashmere. Down vests, shirt jackets, sport coats and knit sack jackets excluded."
Herno,SKIP,SKIP,SKIP,SKIP,SKIP,SKIP,SKIP,SKIP,SKIP,SKIP,SKIP,SKIP,995,1685,NONE,NONE,Shoes,SKIP,https://us.herno.com,USD,complete,"https://us.herno.com/en/men/accessories/shoes/ | https://us.herno.com/en/men/accessories/shoes/herno-maggiore-trainers-in-nylon-black-SH000050U500089300.html | https://us.herno.com/en/men/accessories/shoes/herno-maggiore-trainers-in-suede-and-mesh-military-SH000051U500017740.html | https://us.herno.com/en/men/accessories/shoes/herno-maggiore-trainers-in-suede-taupe-SH000051U181542950.html | https://us.herno.com/en/men/accessories/shoes/herno-maggiore-trainers-in-suede-and-mesh-dark-brown-SH000051U500018800.html | https://us.herno.com/en/men/accessories/shoes/herno-maggiore-trainers-in-nylon-dove-grey-SH000050U500082600.html | https://us.herno.com/en/men/outerwear/ (paged via start/sz, 286 tiles) | https://us.herno.com/en/men/down-jackets/ | https://us.herno.com/en/men/outerwear/parka-and-jackets/suede-effect-jacket-dark-brown-GI000657U124548993.html | https://us.herno.com/en/men/outerwear/parka-and-jackets/suede-jacket (PL000137U181518800) | https://us.herno.com/en/men/outerwear/coats-and-trench-coats/short-coat-in-pure-cashmere-and-suede-effect-dark-blue-GC000124U381269290.html | short coat GC000121U129237730 and down jackets PI001334/PI001331/PI001382 PDPs","[shoe staple audit] [Final rulings S5, applied from recorded audit evidence 19 Sep] Men's shoes are 5 Maggiore Trainers ($555-$610); Herno sells no loafer. || 555 -> 555, 610 -> 610 (unchanged). range shoes: Herno sells no loafer; men's shoes page lists 5 Maggiore Trainers (5 read, all PDPs opened). Low: Herno Maggiore Trainers in Suede and Mesh (military) $555 standard price (currently struck through, on sale $389, 30%); high: Herno Maggiore Trainers in Nylon (black) PDP standard price $610 (tile shows $575). Others: Suede and Mesh dark brown $580, Suede taupe $595, Nylon dove grey $595. || [outerwear staple audit] 1060-2835 -> 995-1685. Read all 286 outerwear tiles (202 after dropping blazers, vests, shackets, accessories, sweaters) and fetched every jacket PDP for price-standard, features and composition (US store uses dot thousands, $1.685 = $1,685; tiles show min/sale price so PDP price-standard used). Suede-effect microfibre, faux shearling and faux fur not treated as elevated. Pair (same silhouette, identical spec list: regular fit, high collar, press-stud pockets, two-way zip, lined, metal logo on back): low Suede Effect Jacket GI000657 $995 full (80% polyester 20% elastane), high Suede Jacket PL000137 $1,685 (goat suede, the only version). Other real elevated pieces, none with an entry twin: Resort Jacket in Velvet-Effect Suede $1,670 (goat leather, hooded), Resort Bomber in Cashmere and Silk $2,180 (51% silk), Pure Cashmere Jacket GI000699 $2,310, Coat in Pure Cashmere and Nylon Ultralight $2,840, Short Coat in Pure Cashmere $2,835, silk-cashmere down jackets $2,795/$3,030, Trench Coat in New Cashmere and Changing Nylon $3,595 (lining/secondary is cashmere? main listed as 100% polyester, so not counted). Resort Bomber in Wool and Cashmere is 95% wool, not elevated."
Aspesi,SKIP,SKIP,SKIP,SKIP,SKIP,SKIP,SKIP,SKIP,SKIP,SKIP,SKIP,SKIP,515,1365,SKIP,SKIP,SKIP,SKIP,https://aspesi.com/en-us,USD,complete,https://aspesi.com/en-us/products.json | https://aspesi.com/en-us/products/armored-technical-jacket-s6-i-i627-d095-10098-en | https://aspesi.com/en-us/products/virgin-wool-and-alpaca-coat-with-thermore-wadding-w6-a-ac11-d550-10098-en,"[outerwear staple audit] range outerwear: old 475-1365 -> new 515-1365, read live 2026-09-19. Shopify.currency USD rate 1.1713884, country US; used /en-us/products.json (1,059 products; 83 men's giubbotti/cappotti/parca/impermeabili; giacche = tailored jackets, gilet excluded). Armored Technical Jacket page displays $515.00 struck / $309.00 = feed compare-at 515. No men's jacket or coat in suede, leather, shearling, cashmere, silk or alpaca-majority: the only alpaca pieces are Virgin Wool and Alpaca Coat $1,200 (composition 85% fleece wool 15% alpaca, read on page) and Wool and Alpaca Loden Parka $1,240 (same D550 loden), each a single-fabric style, so no entry/elevated pair. Low: Piece-dyed Canvas Jacket $475 (compare-at, $285 sale) dropped because tagged PrivatesaleuomoSS26; next Armored Technical Jacket $515 compare-at (SaldiUomoSS26 only). High: Vodka II Raincoat (nylon blend, Thermore wadding) $1,365 full price, also Compact Polyester and Nylon Raincoat $1,365."
Paul & Shark,SKIP,SKIP,SKIP,SKIP,SKIP,SKIP,SKIP,SKIP,SKIP,SKIP,SKIP,SKIP,745,1595,NONE,NONE,Shoes,SKIP,https://www.paulandshark.com/en_US,USD,complete,"https://www.paulandshark.com/en_US/men/accessories/shoes/ | https://www.paulandshark.com/en_US/men/accessories/shoes/?sz=500 | https://www.paulandshark.com/en_US/men/fall-winter-collection/outerwear/?sz=1000 | https://www.paulandshark.com/en_US/ultralight-microfiber-blouson/16312613-306.html | https://www.paulandshark.com/en_US/cashmere-blouson-with-suede-details/16312346-090.html | https://www.paulandshark.com/en_US/blouson-in-wool%2C-cashmere-and-aqualeather-suede/16311207-510.html | https://www.paulandshark.com/en_US/blouson-in-wool%2C-cashmere-and-aqualeather-suede/16311206-083.html | Aliseo 16311265-074, Bomber in suede Aqualeather 15312488-696, Aqualeather bomber 16312486-540, Bomber Typhoon Re-4X4 14312060 PDPs","[shoe staple audit] [Final rulings S5, applied from recorded audit evidence 19 Sep] Men's shoes: sneakers (Aqua Slip-On Sneakers $410 etc.) and one lace-up boot $690; no loafer. || 410 -> 410, 690 -> 690 (unchanged). range shoes: no loafer; men's shoes listing (read rendered and with sz=500; page states no count; 12 shoe tiles incl. duplicates, plus injected non-shoe editorial tiles ignored): sneakers and one boot. Low: Aqua Slip-On Sneakers $410.00; high: Leather lace-up boots $690.00. Others: Club Riviera Sneakers (Riviera Collection) $465, Suede sneakers $465, Suede slip-on sneakers $465, Sneakers in pelle $465, Sneakers in suede $515, Soleo Sneakers $515. No markdowns shown. || [outerwear staple audit] 745-3165 -> 745-1595. Outerwear page read with sz=1000: 62 unique products, 46 after dropping gilets, blazers, overshirts, knits and injected non-outerwear tiles; 17 blousons/bombers PDPs read for composition and fur; no markdowns. Blouson pair (same silhouette, shark-fin zip blouson): low Ultralight microfiber blouson $745 (100% polyester, ribbed collar, zip pockets); high Blouson in wool, cashmere and Aqualeather suede $1,595 (16311207, genuine goat suede front/yoke/inserts; zip version 16311206 $1,395). Excluded: Cashmere Blouson with Suede Details $3,165 (rabbit fur undercollar). Other: Blouson in lana $1,145, Tartan Wool and Silk Blouson $1,295 (wool, 2% silk), Wool and Cashmere Bomber $1,395 (10% cashmere), Aqualeather bomber (lamb leather) $2,095, Padded Suede Aqualeather and Wool Bomber $1,995, Cashmere car coat $2,695, Eider down cashmere jacket $5,495, Cashmere Eider Down car coat $5,995."
Moncler,SKIP,SKIP,SKIP,SKIP,SKIP,SKIP,SKIP,SKIP,SKIP,SKIP,SKIP,SKIP,SKIP,SKIP,NONE,NONE,Shoes,SKIP,https://www.moncler.com/en-us,USD,complete,https://www.moncler.com/en-us/men/shoes | https://www.moncler.com/api/MonclerUS/storefront/en_US/SearchApi-Search?cgid=men-footwear&sz=100&start=0,"[shoe staple audit] [Final rulings S5, applied from recorded audit evidence 19 Sep] No loafer among 74 men's footwear items (slides $335 to boots $1,050). || 335 -> 335, 1050 -> 1050 (unchanged). range shoes: no loafer among 74 men's footwear items (API count 74 = page 74 result(s); rendered tiles match API, e.g. Vera Sheal Lace-Up Boots $1,050.00, CityTrek $650.00; only sales price present, no markdowns). Low: Moncler Altive Slides / Basile Rubber Slides $335; high: Vera Sheal Lace-Up Boots (nylon and rubber, fleece and leather lining - no fur) and Peak City Nubuck & Suede Ankle Boots $1,050. Collaborations excluded: Moncler + Clarks Originals Wallabee ($820/$865 incl. + Fragment), Moncler + Rick Owens Trailgrip Megalace ($920), Moon Boot x Moncler Grenoble ($920)."
Giorgio Armani,SKIP,SKIP,SKIP,SKIP,SKIP,SKIP,SKIP,SKIP,SKIP,SKIP,975,4195,SKIP,SKIP,SKIP,SKIP,SKIP,SKIP,https://www.armani.com/en-us/giorgio-armani/,USD,complete,https://www.armani.com/en-us/giorgio-armani/man/clothing/knitwear/ | https://www.armani.com/en-us/giorgio-armani/sweater-oversized-in-silk-with-ribbed-stitch-cod-GM004093-AF28811-U1020/ | https://www.armani.com/en-us/giorgio-armani/sweater-oversized-ribbed-silk-and-virgin-wool-blend-cod-GM004438-AF30091-FB074/ | https://www.armani.com/en-us/giorgio-armani/knitted-jumper-with-a-crew-neck-in-striped-cashmere-icon-cod-8NSM48-SM94Z-PZE2/ | https://www.armani.com/en-us/giorgio-armani/crewneck-sweater-in-virgin-wool-with-a-textured-pattern-cod-GM003907-AF28282-UC001/ | https://www.armani.com/en-us/giorgio-armani/sweater-regular-fit-plain-knit-cashmere-cod-GM003830-AF27884-UB109/,"[sweater staple audit] 975 -> 975, 2195 -> 4195 (high changed). Giorgio Armani men's knitwear page (95 items; 105 product links loaded) plus product data read from each PDP's embedded page data. Prior low verdict OK: Crewneck sweater in virgin wool with a textured pattern $975, classic crew neckline, 94% virgin wool 6% polyester. Prior high verdict: Knitted jumper with a crew neck in striped cashmere Icon $2,195 is a true crewneck, 100% cashmere, but it is no longer the dearest elevated crewneck. New high: Sweater oversized in silk with ribbed stitch $4,195 (tagged NEW SEASON, no Runway label on the page), 100% mulberry silk (silk majority test met); the text states no neckline - round crew neck read from the product image (pullover with patch pockets). Next: Sweater oversized ribbed silk and virgin wool blend $2,395, text says oversized crewneck sweater, 57% silk 31% virgin wool 6% polyamide 4% alpaca 2% wool (silk majority met). Excluded: Pure cashmere jersey crew-neck jumper $2,695 (Runway label), Armani/Archivio SS1981 crew $2,995 (archive), Giorgio Armani for Alanui $2,095 (collab), Giorgio's crew in cashmere and silk with rhinestones $3,595 and Giorgio's oversized cashmere-silk sweater $3,095 (Giorgio's capsule), Sweater regular fit plain knit cashmere $2,095 (polo neckline), short-sleeved crews, alpaca-wool oversized sweaters (50% / 38% alpaca, fail majority), wool large-rib $2,795 (shawl collar). If a neckline must be stated in text, the high would be $2,395 (the silk-wool crewneck)."
Missoni,SKIP,SKIP,SKIP,SKIP,SKIP,SKIP,SKIP,SKIP,SKIP,SKIP,SKIP,SKIP,2450,4790,NONE,NONE,Shoes,SKIP,https://www.missoni.com/en-us,USD,complete,"https://www.missoni.com/en-us/men/accessories/shoes/?sz=500 | https://www.missoni.com/en-us/men/clothing/coats/ (15 results, 14 unique links) | https://www.missoni.com/en-us/zigzag-bomber-jacket-blue-e-grey-US25WC0MBC005FS72LC.html | https://www.missoni.com/en-us/wool-and-viscose-bomber-jacket-with-pockets-blue-e-multicoloured-US26WC04BC006FS72QV.html | https://www.missoni.com/en-us/cashmere-and-viscose-bomber-jacket-with-pockets-blue-US26WC04BC006HS72QW.html | https://www.missoni.com/en-us/double-breasted-cashmere-and-viscose-coat-blue-US26WC05BC006HS72QW.html | https://www.missoni.com/en-us/double-knit-coat-with-zigzag-pattern-US25WC0JBT00A9S91QB.html","[shoe staple audit] [Final rulings S5, applied from recorded audit evidence 19 Sep] 5 of 5 men's shoes: Men's espadrilles $415 (plain espadrilles, not espadrille loafers) and sneakers $610-890; no loafer. || 415 -> 415, 890 -> 890 (unchanged). range shoes: no loafer; men's shoes page 5 results, 5 read (espadrilles and sneakers). Low: Men's espadrilles $415.00 (two colourways); high: Zigzag fabric sneakers with suede inserts $890.00; others Sneakers with zigzag fabric insert and logo $820, Men's sneakers $610. No markdowns shown. || [outerwear staple audit] [19 Sep re-read under final rulings: chore jackets not outerwear / pre-order excluded / silhouette pairs] 4460-4790 -> 2450-4790. Prior premise did not hold: the WC04BC006 bombers are not pre-order today (tag NEW ARRIVALS, Add to Bag in M and L); the pre-order text sits in a hidden template on every PDP. Low = Caperdoni Zigzag bomber jacket $2,450 (loom knit, ext 66% wool 25% cotton 7% rayon 2% polyester; M and XL buyable), high = Cashmere and viscose bomber jacket with pockets $4,790 (ext 85% cashmere 15% rayon), same bomber silhouette under ruling 2 but not the same model. Exact-model alternative 4460-4790. Excluded: blazers (Cotton and viscose zig zag blazer $3,290, Tone-on-tone chevron jacket $2,790), overshirts ($1,050, $1,860, $2,110), Striped wool and viscose knit jacket $4,130 (knit jacket, not a bomber). Coats $2,220 x3 are single-breasted with no elevated twin; cashmere DB coat $6,440 has no entry twin. No markdowns; displayed USD prices."
Versace,SKIP,SKIP,SKIP,SKIP,SKIP,SKIP,SKIP,SKIP,SKIP,SKIP,SKIP,SKIP,1850,6890,795,1425,SKIP,SKIP,https://www.versace.com/us/en,USD,complete,https://www.versace.com/us/en/men/shoes/loafers-slippers/ | https://www.versace.com/us/en/men/shoes/loafers-slippers/guanto-leather-patchwork-loafers-multicolor/1026182-1A18790_2B07J.html | https://www.versace.com/us/en/men/shoes/loafers-slippers/medusa-95-leather-loafers-black-gold/1013592-1A09912_1B00V.html | https://www.versace.com/us/en/men/clothing/jackets-coats/?sz=200 (39 Products) | https://www.versace.com/us/en/men/clothing/jackets-coats/jackets/embroidered-logo-nylon-blouson-black/1025468-1A17589_1B000.html | https://www.versace.com/us/en/men/clothing/jackets-coats/jackets/embroidered-nappa-blouson/1026980-1A19246_1B000.html | leather blouson PDPs 1024402-1A17845_1N260 and 1024016-1A17483_1B000,"[shoe staple audit] [Final rulings S3, applied from recorded audit evidence 19 Sep] Drivers now count: Robin, Medusa, La Medusa drivers $795-$895 (Loafers & Slippers page) -> low 795; high Guanto Leather Patchwork Loafers $1,425. Gala/Medusa slippers still excluded. || 950 -> 950, 1425 -> 1425 (unchanged). Loafers & Slippers page 21/21 read, displayed prices, no markdowns. Low: Medusa '95 Leather Loafers $950 (100% calf leather outer, lining and sole; PDP $950) = Medusa '95 Croc-Effect Loafers $950; high: Guanto Leather Patchwork Loafers $1,425 (NEW IN, no fashion-show label; PDP $1,425). Other non-runway loafers: Primo Leather Loafers (black) / Primo Crosta Loafers $1,125, Manu and Guanto Leather Loafers $995. Excluded: drivers (Robin, Medusa, La Medusa $795-$895), Gala Patent Slippers $995, Medusa Velvet Slippers $950, Primo Leather Monkstraps $1,195. || [outerwear staple audit] [Final ruling applied 19 Sep] Pre-order excluded: Embroidered Nappa Blouson $13,490 is pre-order; high = Leather and Nylon Padded Blouson $6,890 (blouson silhouette, figure from the 19 Sep read). || Unchanged 1850-13490. Jackets and Coats page states 39 Products, all 39 read (recommendation tiles for fragrance/shoes ignored); 30 jacket PDPs read for labels and composition; no markdowns. Low Embroidered-Logo Nylon Blouson $1,850 (100% nylon); high Embroidered Nappa Blouson $13,490 (100% lambskin, New In, pre-order). Other elevated blousons: Leather and Nylon Padded Blouson $6,890, Nappa Biker Jacket $5,490, Nappa Blouson $4,990, Suede Blouson $4,950, Leather Blouson $4,950 and $3,990, Wool Llama Blouson $4,690 (55% llama), Printed Silk-Poplin Blouson $3,820, Cashmere Blouson $3,550, Leather Bomber $3,150. Vests and overshirts excluded."
Dolce&Gabbana,SKIP,SKIP,SKIP,SKIP,SKIP,SKIP,SKIP,SKIP,SKIP,SKIP,995,7045,1995,2845,845,1145,SKIP,SKIP,https://www.dolcegabbana.com/en-us,USD,complete,"https://www.dolcegabbana.com/en-us/fashion/men/clothing/sweaters-and-cardigans/ | https://www.dolcegabbana.com/en-us/fashion/men/clothing/sweaters-and-cardigans/micro-dot-stitch-silk-pullover-blue-GXX02ZJBSOGB1622.html | https://www.dolcegabbana.com/en-us/fashion/men/clothing/sweaters-and-cardigans/round-neck-cashmere-sweater-with-bejeweled-detailing-black-GXX02ZJBW05N0000.html | https://www.dolcegabbana.com/en-us/fashion/men/clothing/sweaters-and-cardigans/crochet-pullover-in-silk-multicolor-GXXBVTJGMIVW8102.html | https://www.dolcegabbana.com/en-us/fashion/men/clothing/sweaters-and-cardigans/wool-round-neck-sweater-with-branded-tag-black-GXO39TJGMG9N0000.html | https://www.dolcegabbana.com/en-us/fashion/men/shoes/driver-shoes-and-loafers/?page=1..5 | https://www.dolcegabbana.com/en-us/fashion/men/shoes/suede-driver-shoes-blue-A50598AT44186115.html | https://www.dolcegabbana.com/en-us/fashion/men/shoes/deerskin-driver-shoes-black-A50596A803480999.html | https://www.dolcegabbana.com/en-us/fashion/men/shoes/calfskin-loafers-black-A30291A078080999.html | https://www.dolcegabbana.com/en-us/fashion/men/shoes/driver-shoes-and-loafers/?page=1 | https://www.dolcegabbana.com/en-us/fashion/men/shoes/driver-shoes-and-loafers/?page=2 | https://www.dolcegabbana.com/en-us/fashion/men/shoes/driver-shoes-and-loafers/?page=3 | https://www.dolcegabbana.com/en-us/fashion/men/shoes/driver-shoes-and-loafers/?page=4 | https://www.dolcegabbana.com/en-us/fashion/men/shoes/calfskin-loafers-black-A30291A078080999.html | https://www.dolcegabbana.com/en-us/fashion/men/shoes/suede-loafers-blue-A50601AS70786115.html | https://www.dolcegabbana.com/en-us/fashion/men/shoes/brushed-calfskin-loafers-black-A30267A120380999.html | https://www.dolcegabbana.com/en-us/fashion/men/clothing/coats-and-jackets/ (192 PRODUCTS, ?page=1..8) | https://www.dolcegabbana.com/en-us/fashion/men/clothing/coats-and-jackets/ nylon-jacket-with-branded-tag G9ABPTG7F2JN0000 | leather-jacket-with-branded-tag G9ZY5LGK311N0000 | nylon-jacket-with-hood-and-branded-tag G9ABQTHUMEXN0000 | leather-jacket-with-hood-and-branded-tag G9ZY6LHULR0N0000 | wool-blend-bomber-jacket-blue-G9ASOTFU3QBB0665 | bomber PDPs","[sweater staple audit] 995 -> 995, 2045 -> 7045 (high changed). Sweaters & cardigans 336 of 336 products read from the page data on ?page=1-15 (single US pricebook; composition, collection theme and badges taken from each product record; RUNWAY-themed pieces and RE-EDITION excluded). Prior low verdict OK: Wool round-neck sweater with branded tag $995 (black and grey), external composition 100% wool; next Cotton round-neck sweater with tag $1,045. Prior high verdict: Round-neck cashmere sweater with bejeweled detailing $2,045 is a true round-neck, 100% cashmere, theme ITALIAN HOLIDAY - but under the silk rule it is no longer the dearest. New high: Micro-dot stitch silk pullover $7,045 (GXX02ZJBSOGB1622, theme SARTORIALE, not runway), page: long-sleeved crew neck pullover, 100% silk; it is a cable knit with embroidered appliques (an embellished piece; the plain micro-dot silk pullover is $1,795). Next elevated crews: Crochet pullover in silk $2,345 (crew neck, 55% silk 45% cotton - silk majority met), bejeweled cashmere round-neck $2,045, plain silk / cashmere round-necks $1,445-$1,945. If embellished pieces are treated like show pieces the high would be $2,345 (or $2,045 without the crochet piece). Not elevated: wool round-necks with bejeweled buttons $3,995-$4,695 and cotton crewneck $3,895; Wool pullover with fur collar $6,345 (70% virgin wool 30% alpaca). Runway-themed alpaca/mohair/cashmere-blend pullovers ($2,495-$4,895) excluded. || [shoe staple audit] [Final rulings, live look-up 19 Sep] 895/1145 -> 845/1145. Read live 2026-09-19. Men's Loafers and Moccasins page states 75 PRODUCTS; 75 product links read across ?page=1-5. 63 are named slippers (excluded per S3, incl. DG driver ... slipper styles $845-$1,145 one with caiman inserts, ostrich slippers $3,495, velvet $3,595). Remaining 12: drivers - Suede driver shoes blue A50598 $845 (JSON-LD 845.00, 100% calfskin) and Deerskin driver shoes black A50596 $845 (100% deerskin) = new low (drivers count under S3); loafers - Suede loafers blue/grey $895, Brushed calfskin loafers A30267 $895, A30248 $945, Deerskin loafers $945, Calfskin loafers A50462 $995, A50651 $1,045 (brown and black), Calfskin loafers A30291 $1,145 = high. Brushed calfskin monkstrap $1,045 excluded. Product theme field (c_themeDescription) = FORMAL on both drivers, A30291 and suede loafer - not runway; page-level runway hits are site navigation only. No markdowns; not exotic. || 895 -> 895, 1145 -> 1145 (unchanged). Men's Loafers and Moccasins (now at /driver-shoes-and-loafers/) states 75 products; Load more button unresponsive, so read pages ?page=1-4 server-side: 75 product links = 75 stated. 9 items named loafers, PDP prices (JSON-LD = displayed): low Suede loafers blue / grey $895 (100% calfskin suede) = Brushed calfskin loafers A30267 $895; high Calfskin loafers A30291 $1,145 (100% calfskin); others Calfskin loafers A50651 $1,045, A50462 $995, Brushed calfskin loafers A30248 $945, Deerskin loafers $945. No runway/fashion-show text on these PDPs; no markdowns. Excluded: slippers, driver shoes, monkstrap. || [outerwear staple audit] 2045-8445 -> 1995-2845. Coats and jackets page states 192 products; all 192 read via ?page=N (one markdown seen, not relevant). Pair (same silhouette, Essential collection counterparts): low Nylon jacket with branded tag $1,995 (nylon, light faux-down padding, regular fit, stretch knit neck, front zip, zipped welt pockets, stretch cuffs and hem); high Leather jacket with branded tag $2,845 (100% lambskin, identical construction list). Denim jackets from $1,295 have no leather/suede twin. Bomber family for reference: Wool-blend $2,045, Cashmere $4,195, Nappa suede $5,295, Sheepskin $5,445, Lambskin $6,395, Nappa $7,045, Calfskin $7,845, nappa leather $8,445."
Fendi,SKIP,SKIP,SKIP,SKIP,SKIP,SKIP,SKIP,SKIP,SKIP,SKIP,SKIP,SKIP,3250,17350,770,1150,SKIP,SKIP,https://www.fendi.com/us-en,USD,complete,"https://www.fendi.com/us-en/man/shoes/loafers-drivers | https://www.fendi.com/us-en/man/new-in/fendi-ateneo-loafers-black-leather-loafers-7d196469ff0qa1 | https://www.fendi.com/us-en/man/shoes/fendi-1996-loafers-black-leather-loafers-7d197269ff0qa1 | https://www.fendi.com/us-en/man/shoes/loafers-dark-brown-leather-braided-loafer-7d1894asaif1sul | https://www.fendi.com/us-en/man/ready-to-wear/outerwear (29 Products, 12 tiles) | https://www.fendi.com/us-en/man/ready-to-wear/jackets-suits (8 products, suit jackets and pants) | PDPs blouson-black-ff-zucca-jacquard-nylon-blouson-fw1470amybf0qa1, blouson-black-nappa-leather-blouson-fpj166b1onf0qa1, blouson-black-nylon-bomber-jacket-fw1492ame6f0qa1, parka-green-patchwork-cotton-parka-ff0870ame7f0qq4, parka-black-wool-and-leather-parka-ff0884amycf0qa1","[shoe staple audit] [Final rulings S3, applied from recorded audit evidence 19 Sep] FF SQUARED DRIVERS $770 now counts -> low 770; high FENDI 1996 LOAFERS / braided LOAFERS $1,150. || 1050 -> 1050, 1150 -> 1150 (unchanged). Loafers & Drivers page: 7 Products stated, 7 read. Low: FENDI ATENEO LOAFERS (leather, burgundy/black) $1,050.00 = FENDI SCRUNCH LOAFERS (black leather / dark brown suede) $1,050.00; high: FENDI 1996 LOAFERS (black leather) $1,150.00 = LOAFERS (dark brown braided leather) $1,150.00. FF SQUARED DRIVERS $770 excluded as driver. PDP titles confirm leather/suede, no exotics; no markdowns. || [outerwear staple audit] range outerwear: 3250-7550 -> 3250-17350. Outerwear page states 29 Products but renders 12 tiles (colour variants), all 12 read with PDPs; Jeans Shirts ($1,750/$1,950) excluded; Jackets and Suits holds only suit jackets and pants, excluded. No markdowns. Low Blouson FW1470 in black FF Zucca jacquard nylon $3,250 (same model in green mackintosh $3,650); high Parka FF0870 green patchwork cotton $17,350. Others: Blouson FW1492 nylon bomber $3,650, Blouson FW1493 cotton $3,450, Blouson FW1466 patchwork nylon bomber $6,000, Blouson FPJ166 nappa leather (hooded) $7,550, Parka FF0884 wool and leather (wool double fabric with leather yoke) $6,950, Trench Coat FF0874 mackintosh $5,150, Trench Coat FF0872 cotton $13,850."
Givenchy,SKIP,SKIP,SKIP,SKIP,SKIP,SKIP,SKIP,SKIP,SKIP,SKIP,1100,1700,1650,4900,790,1020,SKIP,SKIP,https://www.givenchy.com/us/en-US,USD,complete,"https://www.givenchy.com/us/en-US/men/ready-to-wear/knitwear/ | https://www.givenchy.com/us/en-US/sweater-in-wool-with-givenchy-paris-gros-grain/BM90X74YQL-403.html | https://www.givenchy.com/us/en-US/couture-seam-sweater-in-wool-and-cashmere/BM90X84YRM-001.html | https://www.givenchy.com/us/en-US/sweater-in-knit-with-photographic-negative-jacquard/BM90XT4YR9-004.html | https://www.givenchy.com/us/en-US/sweater-in-wool-and-cashmere-embroidered-givenchy-paris/BM90W94YP3-055.html | https://www.givenchy.com/us/en-US/checked-sweater-in-wool-embroidered-givenchy-paris/BM90WH4YPD-004.html | https://www.givenchy.com/us/en-US/sweater-in-knit-with-givenchy-paris-pearl-embroidery/BM90Y34YR8-001.html | https://www.givenchy.com/us/en-US/couture-seam-sweater-in-knit-with-givenchy-paris-detail/BM90X94YQP-259.html | https://www.givenchy.com/us/en-US/men/shoes/loafers/ | https://www.givenchy.com/us/en-US/men/ready-to-wear/bombers-blousons/ (47 products, ?page=1..3) | https://www.givenchy.com/us/en-US/men/ready-to-wear/jackets-coats/ (44 products) | Jacket in medium blue denim BM01EL5177-420 | Jacket in black denim BM01EL5YD6-001 | Jacket in grey denim with crease effect BM01EL518F-057 | Jacket in suede with asymmetrical pocket BM01H861Y4-004 | Couture Seam track tops BM01HK1YMJ-001 and BM01J36003-001 | Couture Seam jacket in leather BM01HE6003-208","[sweater staple audit] range sweater: no men's crewneck in an elevated fibre, so plain crewneck range. 1100 -> 1100, 1450 -> 1700 (high changed). Knitwear 19 of 19 products shown. Prior low verdict OK: Sweater in wool with Givenchy Paris gros grain $1,100, long-sleeved, crew neck, 100% wool. Prior high verdict: Couture Seam sweater in wool and cashmere $1,450 is a true crew neck but 70% wool 30% cashmere - minority cashmere, fails the majority test (as does Sweater in wool and cashmere embroidered Givenchy Paris $1,400, 70/30); no silk/alpaca/mohair crew and no superfine/extra-fine/micron wording on any wool crew. Plain crewneck range high: Sweater in knit with Photographic Negative jacquard $1,700 (crew neck, 63% cotton 37% viscose). Other crews: Checked sweater in wool $1,650 (100% wool), Sweater in knit with Givenchy Paris pearl embroidery $1,450 (100% cotton), Couture Seam sweater in knit with Givenchy Paris detail $1,300 (53% cotton 47% polyester). Under an any-percentage cashmere reading the high would stay at $1,450. Excluded: Couture Seam turtleneck in alpaca and yak $1,650, sleeveless sweater $2,000, cardigans. || [shoe staple audit] [Final rulings S3, applied from recorded audit evidence 19 Sep] Puffy mules $790 (on Men's Loafers page) now count -> low 790; high Label loafers in shiny leather $1020. || 970 -> 970, 1020 -> 1020 (unchanged). Men's Loafers page: 11 products stated, 11 read, displayed prices, no markdowns. Low: Label loafers in nappa leather / in suede / in shiny leather and canvas $970; high: Label loafers in shiny leather $1020; Gent loafers in brushed leather $990. Excluded on the same page: Puffy mules $790 (mules), Gent derbies $1020 and Tux derbies $1020 (lace-ups). No runway labelling on the tiles; items not individually checked for runway provenance. || [outerwear staple audit] 1700-6950 -> 1650-4900. Read Bombers and Blousons (47 of 47) and Jackets and Coats (44 of 44) via ?page=N, plus PDP descriptions; blazers, overshirts, sleeveless pieces and fleeces excluded; no markdowns. Low Jacket in medium blue denim (also black denim) $1,650, model BM01EL (grey crease-effect version $1,700); high Jacket in suede with asymmetrical pocket $4,900 (suede leather), the only elevated jacket of that cut. Other elevated jackets: Biker zipped blouson in leather $4,200, Couture Seam jacket in leather (coach) $5,700, Zipped biker blouson in leather $5,950, Couture Seam raglan blouson in leather $6,200, aviator blouson in leather and shearling $6,950, biker with Sunflower print $7,250, Trench in leather $12,500; Mix material blousons ($4,450/$4,900) are wool or cotton bodies with leather sleeves. Bomber in wool with pearl embroidery $10,400 not elevated."
Maison Margiela,SKIP,SKIP,SKIP,SKIP,SKIP,SKIP,SKIP,SKIP,SKIP,SKIP,SKIP,SKIP,695,6590,1450,2050,SKIP,SKIP,https://www.maisonmargiela.com/en-us,USD,complete,https://www.maisonmargiela.com/en-us/maison-margiela/men/shoes/loafers/ | https://www.maisonmargiela.com/en-us/maison-margiela/men/shoes/loafers/tabi-loafers-S57WR0139P3827H8396.html | https://www.maisonmargiela.com/en-us/maison-margiela/men/shoes/loafers/level-fringed-loafer-S57WR0161P7786T8013.html | https://www.maisonmargiela.com/en-us/maison-margiela/men/shoes/loafers/tabi-city-babouche-loafer-S57WR0117P7655HB443.html | https://www.maisonmargiela.com/en-us/maison-margiela/men/shoes/loafers/heel-less-loafer-S57WR0159P3792H5625.html | https://www.maisonmargiela.com/en-us/mm6/men/ready-to-wear/outerwear/?sz=300 | https://www.maisonmargiela.com/en-us/maison-margiela/men/ready-to-wear/coats-jackets/?sz=300 | https://www.maisonmargiela.com/en-us/light-blue-denim-jacket-SH0AM0008S30589965.html | https://www.maisonmargiela.com/en-us/waxed-shearling-jacket-S50AM0659SY1399143.html,"[shoe staple audit] 780 -> 1450 (low), 2050 -> 2050 (high). Men's Flat Shoes & Loafers page: 9 product links (no count stated), all read. Loafers: low TABI LOAFERS $1,450 (brushed calfskin, cleated sole); high LEVEL FRINGED LOAFER $2,050 (washed shiny calfskin); others TABI CITY BABOUCHE LOAFER $1,550 (upper 100% calf leather, lining ovine), HEEL-LESS LOAFER $1,850 / $1,890 (cordovan waxed leather penny loafer). Excluded: Tabi Slip-On $1,280, Tabi City Mary-Janes $1,280, Numeric elastic ballerinas in ponyhair $780 (MM6). No markdowns; PDP prices match tiles. || [outerwear staple audit] [19 Sep re-read under final rulings: chore jackets not outerwear / pre-order excluded / silhouette pairs] 695-6590 -> 695-6590 (unchanged). Both prior items are buyable now, not pre-order. Low = MM6 Light Blue Denim Jacket $695 (100% cotton denim, button closure, buttoned flap pockets, raw-edge hem); high = main-line Waxed shearling jacket $6,590 (trucker cut: button front, flap chest pockets, topstitched vertical seams, shearling collar; two colours, both $6,590). $695 is already the cheapest non-collab outerwear on either list (Ribbed Knit Sportsjacket $695 is a knit track top), so no cheaper pair exists. Other elevated main-line pieces: Spliced Leather Bomber Jacket $6,120, Distressed Leather Biker $6,550, Folded Collar Leather Biker $7,260 (no fabric biker). Bomber alternative: MM6 Mannequin bomber $1,655 or main-line Reversible Bomber $3,100 vs Spliced Leather Bomber $6,120. Blazers, tuxedo and suit jackets, gilets, knit jackets excluded. No markdowns; displayed USD prices."
Rick Owens,SKIP,SKIP,SKIP,SKIP,SKIP,SKIP,SKIP,SKIP,SKIP,SKIP,SKIP,SKIP,SKIP,SKIP,NONE,NONE,Shoes,SKIP,https://www.rickowens.eu/en-us,USD_landed,complete,https://www.rickowens.eu/en-us/collections/men-rick-owens/products.json | https://www.rickowens.eu/en-us/products/ru02f4844lcn090 | https://www.rickowens.eu/en-us/products/ru01f2889ndolvx999 | https://www.rickowens.eu/en-us/products/ru02f4862lgfpw199,"[shoe staple audit] [Final rulings S5, applied from recorded audit evidence 19 Sep] No loafer among 121 SHOES items in men-rick-owens collection (sneakers, boots, Cuffed Taquito); DRKSHDW adds only sneakers. || COORDINATOR CORRECTION: DRKSHDW counts (rev 4); low stays 685 = DRKSHDW Laceless Vintage Sneaks, full price, confirmed on page in the rev 4 read; the audit agent read mainline only. High change to 3290 (fur exclusion) accepted. 685 -> 935 (low; prior cell 685 did not match the prior note, which named Minimal Sneaks $935), 4725 -> 3290 (high). range shoes: no loafer among the 121 SHOES items in the /en-us men-rick-owens collection (748 products; Shopify.currency USD rate 1.171725, so /en-us feed used; PDP displays $3,290.00 and $935.00 = feed; page states TAXES AND FEES INCLUDED, hence USD_landed). Mainline men's = RU codes (98 items); RR women's runway items and DM (Dr. Martens) collab excluded. Low: MINIMAL SNEAKS RU01F2889 (Dolmias nylon and suede) $935 regular (compare_at; on sale $561). High: PULL ON CUFFED TAQUITO RU02F4844 (100% calf leather upper, cow leather sole) $3,290. Excluded as fur/exotic: MEGALACE LUNAR MEGA TRACTOR $4,725 (genuine long hair goat), GEOBASKET RU02F4894 python $2,325, FRINGED MEGA BUMPER LUNAR $2,095 (goat hair/shearling), MINIMAL SNEAKS RU02F4889 pony/calf hair $1,315. Next non-exotic: LOW ARMY BOGUN $2,590, JUMBOLACE ARMY BOZO TRACTOR $2,565."
Yohji Yamamoto,SKIP,SKIP,SKIP,SKIP,SKIP,SKIP,SKIP,SKIP,SKIP,SKIP,SKIP,SKIP,1790,5190,NONE,NONE,Shoes,SKIP,https://theshopyohjiyamamoto.com,USD_landed,complete,https://theshopyohjiyamamoto.com/products.json | https://theshopyohjiyamamoto.com/products/hk-e01-762-1 | https://theshopyohjiyamamoto.com/products/hw-e02-767-2 | https://theshopyohjiyamamoto.com/products/hw-e54-765-1 | https://theshopyohjiyamamoto.com/products.json | https://theshopyohjiyamamoto.com/products/hl-c05-102-1 | https://theshopyohjiyamamoto.com/products/he-c40-842-1,"[shoe staple audit] [Final rulings S5, applied from recorded audit evidence 19 Sep] No Pour Homme loafer (loafers in feed are Y's / Ground Y lines, excluded); only slip-on is TRICOT NEOPRENE SLIPPON SHOES $960; range was flip-flops $640 to trekking boots $1,690. || 880 -> 640 (low), 1690 -> 1690 (high). range shoes: no Pour Homme loafer (loafers in the feed are Y's, Y's for men and Ground Y - separate lines, excluded; only slip-on is TRICOT NEOPRENE SLIPPON SHOES $960). Shopify.currency USD rate 1.0; products.json now 9,059 products (not round; prior 4,750); Pour Homme footwear identified by vendor Yohji Yamamoto POUR HOMME and footwear handle code h?-e## (31 items incl. 3 Y-3 KURO, 28 own). Regular = max(price, compare_at). Low: SOFT LEATHER STRAP FLIP FLOPS $640 regular (page shows $640.00 struck with special price USD $448.00); next MAT SMOOTH LEATHER ZIP BIKER BOOTS $870 (hk code) / $880 (hw code, prior low). High: LEATHER SOFT OIL TREKKING BOOTS, page displays USD $1,690.00 = feed; next JAPAN SHOULDER A COMBAT SNEAKERS $1,670 (sold out). || [outerwear staple audit] [Final ruling 19 Sep] currency_basis USD_landed: US pages state Import duties included. || Outerwear old 980-5470 -> new 1790-5190, read live 2026-09-19. Shopify.currency USD rate 1.0; products.json now 9,050 products; Yohji Yamamoto POUR HOMME vendor tagged men (254 outerwear-titled items); Y's, Ground Y, Black Scandal, collabs (x NH), tailored/peaked-lapel and button suit jackets, shirts, vests, knit/jersey pieces and runway looks (e.g. Leather Army Gabardine Panel Zip Jacket $2,730, AW26 Look 37) excluded. Leather outerwear is all single-fabric styles except the pea coat and zip blouson silhouettes. Pair = pea coat (same silhouette, not same model code): low Airy Mosser Peacoat HL-C05-102 $1,790 full price (wool-polyamide airy mosser; page Regular price USD $1,790.00), high Buffalo Leather P Coat HE-C40-842 $5,190 compare-at (page Regular price $5,190.00, sale $3,633). Other leather: Backlash Calf Dyed W Double Riders $5,030, Buffalo Leather Fastener Blouson $5,470, BL Japan Horse Tab Paneled Jacket $5,800, Backlash Furniture Leather Riders Coat $7,010, BL/JP Shoulder Riders Hoodie $7,680 - none has an entry-fabric version. Silk crepe de chine / silk decine jackets are short-sleeve button tailored jackets, not outerwear; silk-linen padded jackets (e.g. Silk Linen Inked Horizontal Padded Stand Jacket $5,360) have no entry version."
Casablanca,SKIP,SKIP,SKIP,SKIP,SKIP,SKIP,SKIP,SKIP,SKIP,SKIP,SKIP,SKIP,970,2435,515,545,SKIP,SKIP,https://casablancaparis.com/en-us,USD,complete,https://casablancaparis.com/en-us/collections/mens-shoes/products.json | https://casablancaparis.com/en-us/collections/mens-mules-loafers/products.json | https://casablancaparis.com/en-us/products.json | https://casablancaparis.com/en-us/products/apf25-fw-058-02-laurel-terry-slider | https://casablancaparis.com/en-us/products/a-sp26-snk-030-01-m-mens-court-championship-shoe | https://casablancaparis.com/en-us/products/a-aw26-fw-109-01-black-leather-loafer-mule | https://casablancaparis.com/en-us/collections/mens-outerwear/products.json | https://casablancaparis.com/en-us/products/m-aw26-jtp-554-01-green-brown-stripe-velour-track-jacket | https://casablancaparis.com/en-us/products/m-pf26-jk-513-01-navy-green-suede-track-jacket,"[shoe staple audit] [Final rulings S3, applied from recorded audit evidence 19 Sep] Mules now count: Men's Black Outdoor Mule $515 and Black Leather Loafer Mule $545 (flat, backless slip-on, 100% leather) -> 515/545, replacing range of sliders/sneakers 315/595. || 545 -> 315 (low), 545 -> 595 (high). Shopify.currency USD rate 1.171725, so used /en-us feeds; displayed PDP prices match (Laurel Terry Slider $315, Men's Court Championship Sneaker $595, Black Leather Loafer Mule $545). Prior low=high Black Leather Loafer Mule (100% leather) is described on the page as a flat, backless slip-on, so it is a mule and excluded; Men's Black Outdoor Mule $515 likewise. With no own loafer: range shoes over the 41-product men's shoes collection (sneakers, slides, mules): low Laurel Terry Slider $315 (embroidered terry, unisex-tagged), high Men's Court Championship Sneaker $595 = Men's Squash Indoor Sneaker $595. No compare_at markdowns. || [outerwear staple audit] Outerwear old 755-2435 -> new 970-2435, read live 2026-09-19. Shopify.currency USD rate 1.1713884, country US; /en-us mens-outerwear feed now 25 products, no markdowns. Pair = track jacket (same garment silhouette, not identical model): low Green & Brown Stripe Velour Track Jacket m-aw26-jtp-554 $970 (79% cotton 21% polyamide velour, typed OUTERWEAR; page displays $970), high Navy & Green Suede Track Jacket m-pf26-jk-513 $2,435 (100% goat suede; page displays $2,435). Other track jackets: Dark Teal Monogram Zip-Up Track Jacket $1,215 (viscose). Varsity pair Wool Varsity $1,705 vs Wool & Leather Varsity $1,885 is 75% virgin wool body (leather not majority). Excluded: vest, shacket, Tailored Sports Jacket, Sports Suit Jacket, women's items."
Jacquemus,SKIP,SKIP,SKIP,SKIP,SKIP,SKIP,SKIP,SKIP,SKIP,SKIP,590,850,900,5300,590,950,SKIP,SKIP,https://www.jacquemus.com/en_us,USD,complete,https://www.jacquemus.com/en_us/knits-men | https://www.jacquemus.com/en_us/knits-men?start=0&sz=60 | https://www.jacquemus.com/en_us/the-embroidered-sweater/SWM00614AK00299970.html | https://www.jacquemus.com/en_us/the-pelota-knit/SWM00631AK00276470.html | https://www.jacquemus.com/en_us/the-nuvola-sweater/246KN523-2016-830.html | https://www.jacquemus.com/en_us/the-nuvola-sweater/SWU00523AK00215110.html | https://www.jacquemus.com/en_us/the-jacquemus-sweater/SWM00295AK00151130.html | https://www.jacquemus.com/en_us/the-pavane-knit/SWU00290AK00151950.html | https://www.jacquemus.com/en_us/the-romarin-knit/SWM00618AK003059NZ.html | https://www.jacquemus.com/en_us/the-cachemire-knit/SWM00635AK00264950.html | https://www.jacquemus.com/en_us/loafers-flats-shoes-men | https://www.jacquemus.com/en_us/coats-and-jackets-men (states 50; all tiles loaded by scrolling) | https://www.jacquemus.com/en_us/the-windbreaker/OUM00139AW00645390.html | https://www.jacquemus.com/en_us/the-pelu-jacket/OUM00130AC16L03560.html | https://www.jacquemus.com/en_us/the-marino-jacket/255CO059-1664-990.html | https://www.jacquemus.com/en_us/the-gardian-leather-jacket/JAM00100AC03C13990.html | https://www.jacquemus.com/en_us/the-denim-de-nimes-jacket/245DE027-1513-33C.html | https://www.jacquemus.com/en_us/the-bateau-jacket/255CO064-1714-110.html,"[sweater staple audit] 590 -> 590, 1150 -> 850 (high changed). Men's knits 42 tiles, read via sz=60 (the live page lazy-loads only 12). Prior low verdict OK: The embroidered sweater $590, 96% merino 4% polyamide, ribbed crewneck (no superfine wording). Prior high verdict: The Pelota knit $1,150 is a true round-neck sweater but 89% merino 10% cashmere - minority cashmere, fails. New high $850, two pieces tie: The Nuvola sweater (246KN523-2016-830) $850, round-neck mohair sweater, 81% mohair 17% polyamide (mohair majority met); and The Jacquemus sweater $850, crew neck, brushed alpaca knit 56% alpaca 34% polyamide (alpaca majority met). Cheaper elevated crews: Nuvola sweater SWU00523 $750 (81% mohair), Pavane knit $750 (56% alpaca, crewneck); a Pavane knit $850 variant (236KN290) is 50% alpaca - fails (not >50%). Not elevated: The Romarin knit $850 (75% merino 25% silk, crew), The Moulin knit $850 (100% merino, round neck), Gio knit $790 (57% virgin wool 37% viscose, round neck), Pique sweater $850 (90% merino). Excluded: The Cachemire knit $1,350 (100% cashmere, stand collar), The Ettore knit $1,350 (100% cashmere, henley), Rio sweater $620 (V-neck), Orlando zipped-rollneck, cardigans, Punto polo. Under an any-percentage cashmere reading the high would remain $1,150 (Pelota). || [shoe staple audit] [Final rulings S3, applied from recorded audit evidence 19 Sep] The Mocassins mules $590 now count -> low 590; high The Carré loafers $950. The slippers / Tennis slippers $650 still excluded (named slippers); Timberland boat shoe collab excluded. || 790 -> 790, 950 -> 950 (unchanged). Men's Loafers & Flats page shows count 25 but renders 12 tiles (scrolling and ?p=2 add nothing); the 12 tiles carry 26 colour swatches, so 25 appears to count colourways. Loafers: low The Palmier loafers $790 (black, dark beige); high The Carré loafers $950 (Carré also $860 and $890). The Marino loafers ($820, prior) no longer listed. Excluded: The Jacquemus + Timberland boat shoe $250 (collab, boat shoe), The Mocassins mules $590, The Tennis slippers / The slippers $650, The Batto $620, The woven derby shoes $850. Country selector shows United States (USD); no markdowns. || [outerwear staple audit] range outerwear: 950-5300 -> 900-5300. Coats and Jackets page states 50 tiles (colour variants); read by incremental scroll plus PDP fetches; blazer-type pieces (Pastro, Bastide, Tailleur), overshirts (Boulanger double-faced overshirt) excluded; no markdowns. Low The windbreaker $900 (cropped rounded cut, shirt collar, zip; other colours $990/$1,090); high The Pelu jacket $5,300 (100% lamb leather reversed shearling). Others: The Marino jacket $5,000 (sheepskin), The Gardian leather jacket $4,100, The de-Nimes Bombero jacket $2,100, The puffer jacket $2,100, The Carrera jacket $1,990, Losange bomber $1,850, Camargue hunting jacket $1,690, Aero bomber $1,590, Feltro bomber $1,390, denim jackets $950-$1,290, Bateau windbreaker $990."
Prada,SKIP,SKIP,SKIP,SKIP,SKIP,SKIP,SKIP,SKIP,SKIP,SKIP,SKIP,SKIP,2300,7900,SKIP,SKIP,SKIP,SKIP,https://www.prada.com/us/en,USD,complete,"https://www.prada.com/us/en/mens/ready-to-wear/outerwear/c/10136US (71 PRODUCTS, /page/N) | https://www.prada.com/us/en/mens/ready-to-wear/leather-clothing/c/10135US (33) | PDPs GEB316_1954_F0630_S_OOO, UPW643_6559_F0008_S_OOO, UPW609_18OM_F0092_S_OOO, UPW615_19WC_F0002_S_OOO, UPW620_180Y_F0JRS_S_OOO, UPW622_16IL_F0003_S_OOO, SGC921_17XT_F0008_S_OOO, SGD190_17LK_F0008_S_OOO","[outerwear staple audit] 2300-8900 -> 2300-7900. Outerwear 71 of 71 and Leather clothing 33 read via in-origin /page/N fetches with PDP feature lists; vests and cardigans excluded; FROM THE RUNWAY items excluded (e.g. Padded nappa leather jacket $11,500); no markdowns. Silhouette = shirt-collar centre-zip blouson: low Old denim blouson jacket GEB316 $2,300 (cotton, shirt collar, zip, buttoned cuffs, welt pockets); high Nappa leather jacket UPW643 $7,900 (lambskin, shirt collar, zip, welt pockets; Suede jacket UPW609 also $7,900, shirt collar, zip). Other shirt-collar zip leather: UPW615 $7,000. Other elevated: Suede blouson UPW620 $8,900, Suede bomber UPW619 $7,900, nappa bomber UPW619 $8,300, Leather bomber $8,600/$9,200, Suede caban $9,900, shearling pieces $10,500, cashmere down SGC921 $4,400 and SGD233 $6,000 (96% cashmere)."
Loewe,SKIP,SKIP,SKIP,SKIP,SKIP,SKIP,SKIP,SKIP,SKIP,SKIP,990,1650,SKIP,SKIP,SKIP,SKIP,SKIP,SKIP,https://www.loewe.com/usa/en,USD,complete,https://www.loewe.com/usa/en/men/menswear/knitwear?page=1..3 | https://www.loewe.com/usa/en/men/menswear/knitwear/sweater-in-cotton-and-cashmere/H526Y14KOJ-5140.html | https://www.loewe.com/usa/en/men/menswear/knitwear/sweater-in-cotton-and-silk/H35OY14K01-1100.html | https://www.loewe.com/usa/en/men/menswear/knitwear/anagram-pocket-sweater-in-cotton-blend/H526Y14KOG-2999.html | https://www.loewe.com/usa/en/men/menswear/knitwear/sweater-in-wool/H526Y14KH1-1130.html | https://www.loewe.com/usa/en/men/menswear/knitwear/sweater-in-wool/H526Y14KPD-3100.html,"[fibre re-check] range sweater: 990/1500 -> 990/1650. Prior high Sweater in cotton and cashmere H526Y14KOJ $1,500 (round neck) is 50.44% cotton 44.62% cashmere 3% viscose 1.94% polyamide per product-page composition data - fails >50% cashmere test; Sweater in cotton and silk H35OY14K01 $1,650 (crew neck) is 75.05% cotton 19.95% silk 5% polyester - fails silk majority. No other elevated crewneck; Sweater in merino wool H526Y14KOH $1,150 (98% wool) is described as fine merino, no extra-fine/superfine/micron claim. So plain crewneck range: low Sweater in wool H526Y14KH1 $990 (round neck, 99% wool 2% polyester as listed; 5 colours), high $1,650 = Anagram pocket sweater in cotton blend H526Y14KOG (page: Round neck; 87.7% cotton 11.2% polyamide; also KLS/KKI/KDK variants $1,650) = Sweater in cotton and silk $1,650. Any-percentage reading: high 1,650 (cotton and silk, 19.95% silk). Other round necks: KMX $1,100, KMF $1,300, KOD $1,300. Excluded: Sweater in wool H526Y14KPD $2,600 (wool sweater with contrasting layer and nylon zip, prior pass ruled it a layered zip novelty - neck shape not confirmed; if counted as crewneck high would be 2,600), Sweater in cotton blend H526Y14KO9 $1,990 (zip-up collar), LOEWE x Cosima von Bonin crew necks $1,950 (collab), polos, vest, hoodies, cardigans, tops. Listing 43 of 43 read from embedded __PRELOADED_STATE__ (pages 1-3), no promo prices; page displays $1,650.00 = data."
Amiri,SKIP,SKIP,SKIP,SKIP,SKIP,SKIP,SKIP,SKIP,SKIP,SKIP,SKIP,SKIP,1090,2490,SKIP,SKIP,SKIP,SKIP,https://amiri.com,USD,complete,https://amiri.com/collections/mens-outerwear/products.json | https://amiri.com/products/amiri-sport-windbreaker-black | https://amiri.com/products/amiri-sport-leather-jacket-black,"[outerwear staple audit] Outerwear old 850-3490 (range) -> new 1090-2490 (pair), read live 2026-09-19. Shopify.currency USD rate 1.0, country US; mens-outerwear feed 38 products, no markdowns. Cheapest style with an elevated version is the AMIRI Sport jacket: low AMIRI Sport Windbreaker Black $1,090 (100% polyester; page displays $1,090 USD), high AMIRI Sport Leather Jacket Black $2,490 (leather, same paneled double-zip design with contrast leather piping; page displays $2,490 USD). Cheaper styles without an elevated version: Amiri Track Jacket $850, Western Track Jacket $950, MA Quad Windbreaker $1,190. Other leather: Vintage Cut Leather Jacket $2,790 (trucker cut, no entry version). Excluded blazers, tuxedo jackets, zip hoodies, Script Collar Shirt Jacket (shirt-jacket)."
Rhude,SKIP,SKIP,SKIP,SKIP,SKIP,SKIP,SKIP,SKIP,SKIP,SKIP,SKIP,SKIP,SKIP,SKIP,NONE,NONE,Shoes;Sweater,SKIP,https://rh-ude.com,USD,complete,https://rh-ude.com/products.json | https://rh-ude.com/collections/loafers/products.json | https://rh-ude.com/collections/footwear-all/products.json | https://rh-ude.com/products/v2-bandana-1,"[shoe staple audit] [Final rulings S5, applied from recorded audit evidence 19 Sep] Loafers collection returns 0; no loafer/moccasin in 340-product feed; only shoe V2 BANDANA sneaker $495. || 495 -> 495, 495 -> 495 (unchanged). range shoes: no own loafer (loafers collection returns 0 products; no loafer/moccasin in the 340-product feed). Only own-label men's shoe live: V2 BANDANA sneaker (100% canvas upper) $495, PDP displays $495.00 = feed, no compare_at, so low = high = 495. Rhecess-Hi (Womens) $595 excluded as women's. Shopify.currency USD rate 1.0."
Palm Angels,SKIP,SKIP,SKIP,SKIP,SKIP,SKIP,SKIP,SKIP,SKIP,SKIP,SKIP,SKIP,SKIP,SKIP,NONE,NONE,Shoes,SKIP,https://www.palmangels.com/en-us,USD,complete,https://www.palmangels.com/en-us/man/shoes/,"[shoe staple audit] [Final rulings S5, applied from recorded audit evidence 19 Sep] 14 of 14 men's shoes are sneakers and sliders (Big Logo Sliders $225 to Palm Skate Sneakers $610); no loafer. || range shoes: no own-label loafer in the men shoes page (14 of 14 stated items read: sneakers and sliders only). 225/610 -> 225/610 unchanged. Low = Big Logo Sliders $225 full price (another colour on sale $158 from $225); Sunset Sneakers are $300 full (sale tiles $150-225, sale prices not used). High = Palm Skate Sneakers $610 full price (currently shown marked down to $427, -30%); if only items currently at full price count, high = Palm Runner Sneakers $580 (one colour at full $580, another marked down $319 from $580). Others: Palm University Blue $525, Palm Basketball Sneakers $380 full, Palm Tennis $300 full."
Fear of God,SKIP,SKIP,SKIP,SKIP,SKIP,SKIP,SKIP,SKIP,SKIP,SKIP,SKIP,SKIP,SKIP,SKIP,NONE,NONE,Shoes,SKIP,https://fearofgod.com,USD,complete,https://fearofgod.com/products.json | https://fearofgod.com/products/the-california-2-0-fg80-200eva-milk | https://fearofgod.com/products/ankle-boot-fg981-9000clp-midnight-blue.js | https://fearofgod.com/products/ballerino-fg980-210napp-black.js | https://fearofgod.com/products/slippers-fg980-207clp-midnight-blue.js,"[shoe staple audit] [Final rulings S5, applied from recorded audit evidence 19 Sep] No own loafer in 737-product feed; Ballerino $690 (slip-on with collapsible heel, ballet type) and Croc Printed Slippers $690 (named slippers) are not loafers; range was California/boots. || COORDINATOR CORRECTION: audit agent excluded ESSENTIALS as a separate label, contrary to the rev 4 ruling that ESSENTIALS counts; low restored to 150 (ESSENTIALS California 1.0, from the rev 4 restatement read). 150 -> 195 (low), 1250 -> 1250 (high). range shoes: no own loafer in the 737-product feed (Shopify.currency USD rate 1.0; no compare_at on footwear). Ballerino ($690, nappa or suede, slip-on with collapsible heel) and Croc Printed Slippers ($690, backless) are not loafers. Plain range of Fear of God mainline men's shoes: low The California 2.0 (EVA foam slip-on) $195, PDP displays $ 195 = feed; high Croc Printed Ankle Boot $1,250 (page: croc-printed leather, so not exotic); others Leather/Suede Ankle Boot $1,100, Basketball Sneaker $695, Suede Lace Up Runner / Aerobic Low $595, Suede 101 $550. Prior cell low 150 matched Essentials footwear, while the prior note itself gave $195; Essentials (vendor ESSENTIALS: Los Feliz, California 1.0 $150) excluded as a separate diffusion label, and Fear of God Athletics basketball shoes ($180-$200, adidas partnership, final sale) excluded as collaboration. Womens Suede Ballerina excluded."
Visvim,SKIP,SKIP,SKIP,SKIP,SKIP,SKIP,SKIP,SKIP,SKIP,SKIP,1280,2670,1372,2230,780,1605,SKIP,SKIP,https://shop.visvim.com,USD,complete,"https://shop.visvim.com/men/mensclothing | https://shop.visvim.com/api/cacheable/items?commercecategoryurl=/men/mensclothing (same-origin listing, 871 items, Knit category 24) | https://shop.visvim.com/0125105012003 | https://shop.visvim.com/0126105012001 | https://shop.visvim.com/0123105012001 | https://shop.visvim.com/0218905012001 | https://shop.visvim.com/0125205012004 | https://shop.visvim.com/0124205012003 | https://shop.visvim.com/0121205012002 | https://shop.visvim.com/men/mensfootwear | https://shop.visvim.com/api/cacheable/items?commercecategoryurl=/men/mensfootwear&fieldset=search (same-origin listing feed, offsets 0/100) | https://shop.visvim.com/men/mensclothing | https://shop.visvim.com/api/cacheable/items?commercecategoryurl=/men/mensclothing&fieldset=search and fieldset=details (same-origin, 876 items) | https://shop.visvim.com/0126305013003 | https://shop.visvim.com/0126105013010 | https://shop.visvim.com/0124105014002","[sweater staple audit] range sweater: 1280/1490 -> 1280/2670. No visvim men's crewneck passes the majority elevated-fibre test, so plain crewneck range applies. Men's clothing listing read live (871 items; Knit category 24; single USD price per item). Prior low verdict: Jumbo SB Knit L/S (SI/C) 0125105012003 $1,280 - page: ITEM BRAND visvim, cotton silk blend knit crewneck sweater, 52% Cotton 48% Silk - true crewneck pullover, OK as low; silk 48% fails the >50% majority test (single-fibre and combined-elevated both 48%). Prior high verdict: Burrow Crew Knit 0126105012001 $1,490 - page: ITEM BRAND visvim, wool cashmere blend knit sweater, 90% Wool 10% Cashmere - crewneck OK but NOT majority cashmere, so it no longer qualifies as elevated. New high (plain range) = Amplus Fisherman Hand-Knit 0123105012001 $2,670 - page: hand knit crewneck cable knit sweater, 100% WOOL, visvim. Any-percentage reading: high = Burrow Crew Knit $1,490 (10% cashmere) - i.e. prior figure stands under that reading. Excluded: Jumbo Crewneck Sweater 0218905012001 $1,830 (ITEM BRAND Indigo Camping Trailer, not visvim label, 100% wool); Cowichan Hand Knit $4,481 / $3,930 (zip fastener, cardigan-style; 90/10 wool-cashmere and 100% wool) and Cowichan Short Hand-Knit $3,505 (buttons); Amplus Boatneck Hand Knit $3,353 (boat neck), Amplus Turtleneck, V-necks, Godfrey (polo collar per prior), cardigans, vests, short-sleeve knits, thermals. || [shoe staple audit] [Final rulings S3, applied from recorded audit evidence 19 Sep] Moccasins now count; note lists visvim footwear as ""moccasin styles only (FBT Tracker-Folk $780 to FBT Shaman-Folk $1,605; ring mocs $1,344-1,410, Cradle Moc-Folk $1,470)"" -> 780/1605, replacing sneaker/sandal/boot range 750/2406. (FBT is visvim's moccasin-construction shoe; if FBT were ruled sneakers the set would be ring mocs/Cradle Moc-Folk only.) || range shoes: no visvim item named or described as a loafer; moccasin styles only (FBT Tracker-Folk $780 to FBT Shaman-Folk $1,605; ring mocs $1,344-1,410, Cradle Moc-Folk $1,470), so plain range of men visvim footwear. 765/2406 -> 750/2406: low changed because GETA HICKORY (category Sandal, badge New) at $750 is now listed and is the cheapest men footwear item; prior low KIEFER MID FORAGE $765 still listed at $765. High = GORNERGRAT MID-FOLK $2,406 (storefront tile displays $2,406.00, matches feed). Feed 127 items = page states 127 PRODUCTS; categories Sneaker 48, Leather Shoe 54, Sandal 9, Moccasin 5, blank 11. All items single price (matrix range equal), no markdowns. Visvim store sells only its own label. || [outerwear staple audit] 705 -> 1372, 13875 -> 2230 (last run's in-file figure was 3120-13875). North American store, USD; same-origin feed 876 men's clothing items, filtered to custitemitem_brand visvim (562; excludes Indigo Camping Trailer, Contrary Dept, Subsequence, VISVIM SPORT, VISVIM MOTORS CLUB): 130 in Outerwear / Denim JKT / IT. Single price per item, no markdown fields; product pages match the feed ($1,372.00, $2,230.00, $13,875.00). Pair = SOMER SWING TOP (same pattern, same measurements): low 100% cotton oxford swingtop $1,372 (0126305013003); high 64% silk 36% wool Pin Ox swingtop $2,230 (0126105013010); 62% silk version $2,170. Other silk-majority outerwear has no cheaper entry twin (Six-Five Fishtail Parka 64% silk $3,560 has fur parts; Jura Parka silk $3,375, Norad Blouson silk $4,961, Keesey Jkt Mawata silk $4,367, Redsun Jkt Leopard $4,460, Kodiak Down Jkt $5,060). Vests, robe, hoodie-style pieces not used."
Isaia,SKIP,SKIP,SKIP,SKIP,SKIP,SKIP,SKIP,SKIP,SKIP,SKIP,1250,2295,SKIP,SKIP,SKIP,SKIP,SKIP,SKIP,https://www.isaia.us,USD,complete,https://www.isaia.us/products.json | https://www.isaia.us/products/fw26-mg8473-000-y0568-crew-neck-wool | https://www.isaia.us/products/fw26-mg8498-000-y0563-crew-neck-cashmere | https://www.isaia.us/products/fw26-mg8013-000-yp005-crew-neck-wool | https://www.isaia.us/products/fw26-mg8506-000-y0555-crew-neck-cashmere,"[sweater staple audit] 1250/2495 -> 1250/2295. US Shopify store isaia.us read live (431 products, Shopify.currency USD rate 1.0, compare_at = price, no markdowns); compositions read from each crewneck's product page (Fabric composition field). Prior low verdict: Filo Di Corallo Wool Crewneck Sweater MG8013 $1,250 (100% Wool, described as fil di corallo 15.5 microns crewneck; page shows $ 1,250) - true men's crewneck, OK. Prior high verdict: Cashmere Crewneck Sweater MG8473 000 Y0568 $2,495 - crewneck OK but page Fabric composition is 81% Wool 19% Alpaca (no cashmere despite the title) - fails the majority test, dropped. New high = Cashmere Crewneck Sweater MG8498 000 Y0563 $2,295, 100% Cashmere (page shows $ 2,295). Other crews: Cashmere Crewneck MG8506 $1,650 (100% cashmere), Cloud Touch Cashmere Crewneck $1,595 (100%), Cashmere Crewneck MG8423 $1,495 (100%), Silk and Cashmere Crewneck ss26 MG8472 $1,495 (composition field blank), Wool Crewneck $1,350 / $1,360 (100% wool). Any-percentage reading (19% alpaca counts): high = 2,495 (MG8473). Superfine note: Filo di Corallo 15.5 micron wool crew $1,250 also qualifies as superfine (micron <=18.5) but is below the high. Excluded: Cotton Cashmere Fleece Crewneck Sweatshirt $1,050 (sweatshirt, 85% cotton 15% cashmere), Wool Rollneck $2,500, Wool Shawl Collar Sweater $3,495, knit tees, overshirts."
Lemaire,SKIP,SKIP,SKIP,SKIP,SKIP,SKIP,SKIP,SKIP,SKIP,SKIP,SKIP,SKIP,SKIP,SKIP,890,990,SKIP,SKIP,https://www.lemaire.fr,USD,complete,https://www.lemaire.fr/collections/men-shoes/products.json | https://www.lemaire.fr/collections/men-shoes,"[shoe staple audit] [Final rulings S3, applied from recorded audit evidence 19 Sep] Moccasins now count: Desert Mocassin $890-990 (crepe-sole moccasin) plus FORMAL SLIP ON IN SHINY VEGETABLE LEATHER loafer $970 -> 890/990. HAIRY SLIPPERS in long-hair goatskin $990 stays excluded (hair-on goat, named slippers). || 970/990 -> 970/970. men-shoes feed 27 products; Shopify.currency USD rate 1.17608 (country US), but the collection page displayed prices match the feed tile for tile ($890, $695, $1,195, $695, $970, $970, $1,195, $795, $660...), so the feed carries US prices. Only item unambiguously a loafer: FORMAL SLIP ON IN SHINY VEGETABLE LEATHER (black and chocolate) $970, description: this pair of loafers, vegetable-tanned leather; so low = high = 970. Dropped: HAIRY SLIPPERS IN HAIRY GOATSKIN LEATHER $990 (description: crafted in long-hair goat leather, these loafers; hair-on long-hair goat treated as fur under stricter reading, and named slippers). Excluded non-loafers: Desert Mocassin $890-990 (crepe-sole everyday moccasin, not named loafer), Sock Slip On $890/$990, Anatomic Slip On $790 (elasticated), Vibram Glove Slip On $590, slippers, ballerinas, runners, sneakers, boots. No compare_at markdowns; private-sales section not used."
Jil Sander,SKIP,SKIP,SKIP,SKIP,SKIP,SKIP,SKIP,SKIP,SKIP,SKIP,SKIP,SKIP,SKIP,SKIP,1490,1490,SKIP,SKIP,https://www.jilsander.com/en-us,USD,complete,https://www.jilsander.com/en-us/men/accessories/shoes | https://www.jilsander.com/en-us/loafer/J33WR0023P7032001.html | https://www.jilsander.com/en-us/loafer/J33WR0027P7690001.html,"[shoe staple audit] [Final ruling applied 19 Sep] Pre-order excluded: Loafer J33WR0023P7032001 $1,150 showed Preorder on the 19 Sep read, so the only buyable loafer is J33WR0027P7690001 $1,490 (low = high). Caveat: Missoni pages carry a hidden pre-order block that a raw read mistakes for pre-order; this one was read as displayed text but not re-verified after the ruling. || 1150/1490 -> 1150/1490 unchanged. Men shoes page: 26 results, 26 of 26 tiles read. Two loafer models: Loafer J33WR0023P7032001 (leather loafer with hand-stitched upper and double tongue, black) $ 1150 (page shows Preorder) and Loafer J33WR0027P7690001 (100% calf leather, made in Italy) $ 1490. Excluded: RUNWAY Elbe Slipper $790 (runway, slipper), RUNWAY Elbe Lace-Up and RUNWAY Boot, Jil Sander x Puma LIMITED EDITION sneakers (collaboration), lace-ups, boots, J Sneaker. No strikethrough prices."
Wales Bonner,SKIP,SKIP,SKIP,SKIP,SKIP,SKIP,SKIP,SKIP,SKIP,SKIP,NONE,NONE,SKIP,SKIP,SKIP,SKIP,Sweater,SKIP,https://walesbonner.com,GBP,complete,https://walesbonner.com/collections/menswear-knitwear/products.json | https://walesbonner.com/products/acoustic-jumper,"[fibre re-check] [Final rulings S5, applied from recorded audit evidence 19 Sep] No own-label crewneck: only own-label jumper is Acoustic Jumper GBP 595, a zip-collar half-zip; all other jumpers are John Smedley collaborations; Stussy collab excluded. || range sweater: 595/595 -> 595/595 unchanged, RULING NEEDED. menswear-knitwear feed 25 products read. No own-label crewneck and no elevated-fibre sweater. The only own-label men's jumper is Acoustic Jumper GBP 595 (page: 100% Wool, wool cable knit; product photo shows a zip-collar half-zip) - the fibre spec excludes half-zips from the staple, so strictly there is no own-label crewneck; figure kept as the prior plain-range value pending a ruling (alternative: NONE/NC). All other jumpers are titled produced in partnership with John Smedley and described as made in collaboration, so excluded as collabs: Essence Jumper GBP 295 (100% Merino Wool, no extra-fine/micron claim on page), Ashby Jumper GBP 295 (wool pointelle), Nile Jumper GBP 295 (merino-cotton henley), Chant Jumper GBP 695 (wool stripe); Wales Bonner x Stussy Leopard Sweater GBP 140 excluded. Nothing would qualify as elevated under majority or any-percentage reading even if the Smedley pieces counted. Shopify currency GBP rate 1.0, country GB, no US storefront; DDP banner for US, UK, EU so GBP landed; page shows GBP 595 = feed."
Brunello Cucinelli,SKIP,SKIP,SKIP,SKIP,SKIP,SKIP,SKIP,SKIP,SKIP,SKIP,1300,4600,SKIP,SKIP,SKIP,SKIP,SKIP,SKIP,https://shop.brunellocucinelli.com/en-us,USD,complete,https://shop.brunellocucinelli.com/en-us/men/ready-to-wear/knitwear/?sz=200 | https://shop.brunellocucinelli.com/en-us/men/ready-to-wear/knitwear/english-rib-knit-sweater-262M29400100CLR21.html | https://shop.brunellocucinelli.com/en-us/men/ready-to-wear/knitwear/cashmere-ribbed-sweater-262M22203900C079.html,"[sweater staple audit] 1350/4000 -> 1300/4600 (pilot row now sourced). Men's knitwear read live with sz=200, 148 of 148 products; listing prints European separators ($ 1.300,00 / $ 4.600,00) and product pages print $1,300.00 / $4,600.00 - sum-checked, same figures. Neckline and composition read from all 46 sweater-named product pages (zip, half-zip, high-neck, polo, cardigan, vest excluded by name). Premium-entry brand, so high = dearest regular crewneck. Prior low $1,350 (Cashmere sweater 262M2200100, crew-neck, 100% cashmere, 9 colours) is a valid crewneck but no longer the cheapest: new low = English Rib knit sweater 262M29400100 $1,300 - page: cotton English rib sweater with raglan sleeves, crew-neck (photo), long sleeves, 100% Cotton. Prior high $4,000 (Cashmere and silk sweater, crew-neck, raglan, 76% cashmere 24% silk; Chine crew-neck sweater also $4,000) is a valid crew but not the dearest: new high = Cashmere ribbed sweater with cotton inserts 262M22203900 $4,600 - page: cashmere ribbed crew-neck sweater, composition 100% Cashmere (tonal cotton inserts), photo confirms crew. Next: Nordic Jacquard sweater $4,250 (crew; 55% alpaca 25% nylon 14% cashmere 6% wool), Cashmere English rib sweater $4,200 (100% cashmere, neckline not stated in text), Cashmere English rib sweater $4,400 is a turtleneck, Sweater with Henley collar $3,600 excluded. No runway flag on these Cucinelli pages."
Fedeli,SKIP,SKIP,SKIP,SKIP,SKIP,SKIP,SKIP,SKIP,SKIP,SKIP,SKIP,SKIP,3005,7843,SKIP,SKIP,SKIP,SKIP,https://www.fedelicashmere.com/en-usd,USD,complete,"https://www.fedelicashmere.com/en-usd/collections/mens-outerwear | https://www.fedelicashmere.com/en-usd/collections/mens-outerwear/products.json | https://www.fedelicashmere.com/en-usd/products/ (21 product pages, compositions)","[outerwear staple audit] [Final ruling applied 19 Sep] Knit bombers count as elevated: high = Davos Cashmere Tecknet Knit Bomber $7,843 (100% cashmere, bomber; figure from the 19 Sep read). || 3005 -> 3005, 4328 -> 4329 (FX-driven US price drift; prior note figures 3,002/4,325). Shopify Markets store (currency USD, rate 1.1713884): used /en-usd feed, 21 products; storefront tiles match it (Verbier $3,474.00, Plume $4,329.00, Surreale $3,132.00) while the root feed shows base prices (e.g. Plume 3695) - not used. Pair = bomber silhouette: low Stop Cashmere Flanel and Airstop Bomber - Reversible $3,005 (cashmere flanel / polyester Airstop); elevated bombers Surreale Cashmere Flanel Double Bomber $3,132 (100% cashmere), Verbier Suede Cashmere Padded Bomber $3,474 (100% suede), Plume Suede Down Puffer Bomber $4,329 (100% suede leather) = high. No markdowns except Damon blazer (excluded anyway). Excluded: blazers (Damon, Cremona, Taylor), vests (Rodeo, Brixen), Dylan overshirt, knitted Gordon ($1,400) and Tex ($1,752) jackets, Davos knit bomber (see flag)."
The Elder Statesman,SKIP,SKIP,SKIP,SKIP,SKIP,SKIP,SKIP,SKIP,SKIP,SKIP,1050,2490,SKIP,SKIP,SKIP,SKIP,SKIP,SKIP,https://elder-statesman.com,USD,complete,https://elder-statesman.com/collections/mens-knitwear-crewnecks/products.json | https://elder-statesman.com/collections/all-menswear/products.json | https://elder-statesman.com/products/daily-crewneck | https://elder-statesman.com/products/simple-crew-black | https://elder-statesman.com/products/fisherman-crew-ivory,"[sweater staple audit] 490/2490 -> 1050/2490. Shopify US store read live (USD rate 1.0); men's crewnecks collection 20 products, all-menswear 151 products; premium-entry brand so high = dearest regular crewneck. Prior low verdict: Daily Crewneck $490 FAILS - it is no longer in the men's crewnecks or all-menswear collections (orphan product page, blank product type, no tags, empty Details list, no composition shown; photo reads as a heather-grey sweatshirt-style crew), so it cannot be confirmed as a men's knit crewneck in the current range; alternative figure if accepted: low 490. New low = Simple Crew $1,050 (Black / Light Grey etc.; page shows 1,050 USD; Details: 100% Cashmere, relaxed fit, made in the US; compare_at equals price, not a markdown). Long Sleeve Boxy Tee $490 in the crewnecks collection is a tee, excluded. Prior high verdict: Fisherman Crew (Ivory/Granite) $2,490 - heavyweight cashmere crewneck sweater, Details 100% Cashmere, made in Italy - OK, dearest regular crew (next Airspun Dume Crew $1,990, Glacier Horse / Wish Glow / Ridgeline Stripe Crew $1,790, Ribcurl $1,690). Braided Stripe Pali Crew $1,890 shown marked down to $1,134 (sale; below high either way)."
Rubinacci,SKIP,SKIP,SKIP,SKIP,SKIP,SKIP,SKIP,SKIP,SKIP,SKIP,SKIP,SKIP,1896,3120,SKIP,SKIP,SKIP,SKIP,https://www.marianorubinacci.com/en,USD,complete,"https://www.marianorubinacci.com/en/collection/outerwear/?interaction=1&listing_page=1..3 | https://www.marianorubinacci.com/en/collection/outerwear/single-breasted-raglan-coat-in-blue-linen-blend-RB-C8-A2724/ | https://www.marianorubinacci.com/en/collection/outerwear/ (product pages CAPRUB310-A2243, CAPRUB310-A2245, CATODP-A2662, A5T740-3813-89R, A5T740-4934-89R, A6T7NY-4820-889)","[outerwear staple audit] 1896 -> 1896, 4740 -> 3120 (stricter silhouette). Outerwear listing 3 pages, 34 tiles (15/15/4, one per colour), USD, no strike-throughs (the 10% off text is a sign-up banner). Low = Single-breasted Raglan coat in blue linen blend (54% lyocell 46% linen) $1,896 (beige also $1,896). High = single-breasted Green cashmere coat / Blue Cashmere Coat (100% cashmere, CAPRUB310) $3,120. Other coats: Green skyfall wool raglan coat $2,220, dufflecoats $2,220, Ulster coats (90% wool 10% cashmere) $3,000, DB cashmere overcoats $4,080 and $4,740. Suede bomber jacket $3,600 (5 colours) has no fabric bomber twin; cashmere jackets A6T7NY $4,200; quilted wool/cashmere jacket $4,560; Beige raincoat $2,376. Vests excluded."
Zilli,SKIP,SKIP,SKIP,SKIP,SKIP,SKIP,SKIP,SKIP,SKIP,SKIP,750,1860,SKIP,SKIP,SKIP,SKIP,SKIP,SKIP,https://en.zilli.com,EUR,complete,https://en.zilli.com/knitwear?page=1..6 | https://en.zilli.com/aqua-abstract-round-neck-sweater/ | https://en.zilli.com/pale-fawn-round-neck-tart-stitch-sweater/ | https://en.zilli.com/sage-green-and-blue-rounded-collar-sweater-jacquard-weave-staggered-square/ | https://en.zilli.com/ecru-round-neck-sweater-crossed-stripes-weaving/,"[sweater staple audit] EUR 750/1320 -> EUR 750/1860 (EUR as displayed, not converted). Knitwear listing pages read live (93 unique card texts over 5 pages plus product pages); three round-neck pullovers now listed. Prior low verdict: Aqua Abstract round neck sweater EUR 750 - page: ribbed collar, arms and hem, 100% cotton with 100% lambskin inlays - true men's crewneck pullover, OK. Prior high verdict: Sage green and blue rounded collar sweater, Staggered square jacquard EUR 1,320 - page: Materials 90% cashmere 10% silk - qualifies (majority cashmere) but is no longer the dearest. New high = Pale fawn round neck Tart stitch sweater (ref KRN001M0320VTARS0N10C) EUR 1,860 - page Details: round neck, long sleeves, ribbed collar/cuffs/hem, Materials 100% cashmere with calfsuede insert (ordinary leather, not fur/exotic) - majority-cashmere test. Excluded: Ecru round neck sweater Crossed Stripes EUR 885 (despite the name, page describes a classic polo collar with lingot zip; 60% wool 30% silk 10% cashmere), turtlenecks, half-mock and zipped mock necks, cardigans, polos. Stock status not reliably readable; items are listed in the current range."
