brand,tee_low,tee_high,polo_low,polo_high,dress_shirt_low,dress_shirt_high,jeans_low,jeans_high,dress_pants_low,dress_pants_high,sweater_low,sweater_high,outerwear_low,outerwear_high,shoes_low,shoes_high,not_a_staple,search_url,store_used,currency_basis,status,source,note
Levi's,SKIP,SKIP,SKIP,SKIP,SKIP,SKIP,SKIP,SKIP,SKIP,SKIP,70,295,90,625,NONE,NONE,Shoes,SKIP,https://www.levi.com/US/en_US,USD,complete,https://www.levi.com/US/en_US/clothing/men/sweaters-sweatshirts/c/levi_clothing_men_sweaters_sweatshirts | https://www.levi.com/US/en_US/clothing/men/sweaters-sweatshirts/c/levi_clothing_men_sweaters_sweatshirts/facets/productitemtype/sweaters | https://www.levi.com/US/en_US/blue-tab/wool-cashmere-blend-sweater/p/008PX0000 | https://www.levi.com/US/en_US/clothing/men/outerwear/c/levi_clothing_men_outerwear | https://www.levi.com/US/en_US/search/mens%20trucker%20jacket | https://www.levi.com/US/en_US/search/leather%20jacket | https://www.levi.com/US/en_US/search/suede | https://www.levi.com/US/en_US/search/loafer | https://www.levi.com/US/en_US/search/sneakers | https://www.levi.com/US/en_US/search/boots,"Storefront only (custom React site, slow; facet pages intermittently fail with Something went wrong). Sweater: men's Sweaters facet 25 items. Low = Red Tab Crewneck Sweater and Alamo Crewneck Sweater, original price $69.50 each (both currently on sale/warehouse sale; rounded to 70); Carmel Cable Crew Sweater original $99. High = LEVI'S BLUE TAB Wool Cashmere Blend Sweater $295 full price (70% wool/30% cashmere, crewneck) - Blue Tab is Levi's own elevated line sold on levi.com, treated as main-line; flag if Blue Tab should count as a sub-line. Outerwear: trucker style - low Trucker Jacket regular $89.95 (Big and Tall versions at $89.95 full price; standard-size colours show original $89.95 on sale while newer colourways list at $110; rounded to 90), high LEVI'S PREMIUM Type I Leather Trucker Jacket $625 (only men's genuine-leather jacket found; suede items are faux suede, sherpa is not shearling). LVC 1953/1961 selvedge truckers ($405-425) are denim, not elevated. Men's outerwear category states 194 items but only ~40 tiles render, so category read via searches. Shoes NONE: searches for loafer, sneakers and boots return no footwear on the US site."
Carhartt,SKIP,SKIP,SKIP,SKIP,SKIP,SKIP,SKIP,SKIP,SKIP,SKIP,95,95,100,230,95,260,-,SKIP,https://www.carhartt.com,USD,complete,https://www.carhartt.com/c/men-footwear | https://www.carhartt.com/c/men-slipon-footwear | https://www.carhartt.com/c/men-outerwear | https://www.carhartt.com/search?q=sweater | https://www.carhartt.com/product/106378/wayland-sweater,"range sweater, outerwear, shoes | SAP storefront; prices read from the page's embedded search state (msrpRange = regular, USD) across all result pages. Prices vary by size (regular vs big/tall), so per spec regular = top of msrp range. range sweater: no knit crewneck sweater; site search for sweater returns 1 product, Wayland Sweater (sweater-fleece quarter-zip pullover) $84.99-$94.99, so low=high=95 (94.99 rounded; $84.99 in regular sizes) - arguably NONE if sweater-fleece should not count. range outerwear: men's outerwear 78 items, no leather/suede/shearling/cashmere jackets; excluding vests, bibs, overalls, coveralls and pants: low Bayou Jacket $89.99-$99.99 (-> 100), high Yukon Extremes Traditional Coat $209.99-$229.99 (-> 230); flame-resistant FR line runs higher (FR Quick Duck Coat $299.99-$329.99) but treated as PPE, not main-line. range shoes: no loafer (slip-ons are Chelsea/wedge boots); men's footwear 122 items excluding insoles: low Detroit Lined Slip On and Greenfield Sneaker $94.99 (-> 95; Detroit Canvas Mid Slip On Sneaker $89.99-$99.99), high Yukon Pac Waterproof Insulated 10in Composite Toe Pac Boot $259.99 (-> 260)."
Lacoste,SKIP,SKIP,SKIP,SKIP,SKIP,SKIP,SKIP,SKIP,SKIP,SKIP,98,350,165,580,125,125,-,SKIP,https://www.lacoste.com/us,USD,complete,https://www.lacoste.com/us/lacoste/men/clothing/sweaters/ | https://www.lacoste.com/us/lacoste/men/clothing/sweaters-sweatshirts/AH2193-51.html | https://www.lacoste.com/us/lacoste/men/clothing/jackets-coats/ | https://www.lacoste.com/us/lacoste/men/shoes/,"range sweater, outerwear | Category pages read via ?page=N (sweaters 99 results, jackets 87, shoes 271 - all tiles captured). range sweater: cheapest crewneck is Crew Neck Cotton Sweater AH2193 $98 full price (PDP shows $98; 100% cotton), but no cashmere crewneck exists (wool crews: Merino Wool Crew Neck $160, Wool Crew Neck $210, Wool Blend Crew Neck Tennis Heritage $240), so plain range of men's sweaters: low $98, high Cashmere Polo Collar Sweater $350; Runway pieces (up to $620) and Lacy Striped Pique Sweater Vest $390 excluded. range outerwear: no leather/suede/shearling/cashmere jackets; men's jackets and coats excluding vests, blazers, Runway and Djokovic/collab pieces: low Water-Repellent Sport Track Jacket $165, high Water-Repellent Plaid Trench Coat regular $580 (Final Sale at 50% off; Wool Varsity Jacket $475, Water-Repellent Puffer Jacket $450 at full price). Shoes: only loafer is Men's Cochet Suede Loafers $125 (6 colours)."
J.Crew,SKIP,SKIP,SKIP,SKIP,SKIP,SKIP,SKIP,SKIP,SKIP,SKIP,80,298,178,898,168,450,-,SKIP,https://www.jcrew.com,USD,complete,https://www.jcrew.com/plp/mens/categories/clothing/sweaters/crewneck | https://www.jcrew.com/plp/mens/categories/clothing/coats-and-jackets | https://www.jcrew.com/plp/mens/categories/shoes,"Carried from the 18 Sep pilot, not re-read. Sweater: Pima cotton crewneck 79.50 (rounded to 80) -> Cashmere cable-knit sweater 298 (core Cashmere crewneck 158 classic/178 tall). Collabs excluded ('47, Eckhaus Latta). Outerwear: Harrington jacket in cotton twill 178 -> Harrington jacket in Italian suede 898. Page states 39 items. Shoes (loafer staple, own-label): Camden leather loafer 168 -> Essex loafer 450. Alden for J.Crew (708-1020) excluded as made by Alden; Paraboot, Red Wing etc. stocked."
Banana Republic,SKIP,SKIP,SKIP,SKIP,SKIP,SKIP,SKIP,SKIP,SKIP,SKIP,90,160,298,598,238,238,-,SKIP,https://bananarepublic.gap.com,USD,complete,https://bananarepublic.gap.com/browse/category.do?cid=28660 | https://bananarepublic.gap.com/browse/men/coats-and-jackets?cid=1016720 | https://bananarepublic.gap.com/browse/search.do?searchText=trucker%20jacket | https://bananarepublic.gap.com/browse/men/shoes?cid=1032801,"Storefront tiles read (Friends and Family 40% off applied at checkout only; tile shows full price, strike-through where marked down). Sweater: Crew Neck filter 34 results - low Merino Crew-Neck Sweater $90, high Cashmere Crew-Neck Sweater $160 (Marled Italian Cotton-Cashmere Crew-Neck also $160); Cashmere filter (22 results) has no dearer crewneck. Outerwear: coats and jackets 55 results (54 tiles read). Bomber pair - low Herringbone Reversible Quilted Bomber Jacket $298, high Suede Bomber Jacket with Quilted Lining $598. Alternatives: trucker has an entry version only as Archive Reissue Trucker Jacket $198 (reissue capsule, excluded as limited) vs Suede/Nubuck/Leather Trucker $550-650; barn coat pair $348 cotton canvas / $900 suede. Shoes: men's shoes 32 results; loafers are Leather Penny Loafer, Leather Moc-Toe Loafer and Italian Suede Loafer all $238; Italian Leather Moc-Toe Derby Loafer $240 is a lace-up derby, excluded (would make high 240). Third-party Alohas, Clarks Originals, Jacques Soloviere shoes excluded."
Everlane,SKIP,SKIP,SKIP,SKIP,SKIP,SKIP,SKIP,SKIP,SKIP,SKIP,98,198,148,398,148,148,-,SKIP,https://www.everlane.com,USD,complete,https://www.everlane.com/collections/mens-sweaters | https://www.everlane.com/collections/mens-sweaters/products.json | https://www.everlane.com/collections/mens-outerwear-coats/products.json | https://www.everlane.com/collections/mens-shoes | https://www.everlane.com/collections/mens-shoes/products.json,"range outerwear, shoes | Men's only, available items. Sweater low = The No-Sweat Sweater (cotton crew) $98 full price; high = Midweight Cashmere Crew $198 full price (The Cashmere Crew $148). range outerwear: no men's jacket style offered in both entry and suede/leather/shearling/cashmere, so plain regular range: low Relaxed Barn Jacket $148 full price, high ReWool Car Coat regular $398 (currently marked down to $119); blazers and Denim Shacket excluded. range shoes: no loafer; only men's shoes are The Court Sneaker $148 and The Tread-Bare Sneaker $148 (storefront shows $148, matching feed). Site banner: Same quality. Same styles. Better prices - Everlane has repriced, so some compare_at values may be superseded old list prices rather than true markdowns. Storefront also teases an Italian-made loafer collection launching 9.23 (not yet priced). 74 products stated on men's sweaters page; used collection feed filtered to available."
Industry of All Nations,SKIP,SKIP,SKIP,SKIP,SKIP,SKIP,SKIP,SKIP,SKIP,SKIP,300,380,180,745,345,345,-,SKIP,https://industryofallnations.com,USD,complete,https://industryofallnations.com/products.json | https://industryofallnations.com/collections/mens-1/products.json | https://industryofallnations.com/collections/shoes/products.json | https://industryofallnations.com/products/alpaca-raglan-sweater | https://industryofallnations.com/products/portenos-saddle-loafers,"range outerwear | Prices vary by colour (undyed vs dyed); per spec regular = max across variants. Sweater: entry fibre is already alpaca, so high = dearest regular crewneck. Low = Alpaca Crewneck Sweater $300 max variant ($280 in White/Tabaquin undyed); high = Alpaca Raglan Sweater (crew neck, 100% alpaca waffle) $380 max variant ($360 White, shown on storefront, matches feed); Comfort Sweater (alpaca/pima) $310 in between. range outerwear: no jacket style in both entry and suede/leather/shearling/cashmere (only corduroy versions of Ponya/Kamaleon), so plain range excluding Clean Blazer and Alpaca Shirt Jacket: low Ponya Jacket $180 max variant ($160 undyed), high Andes Coat regular $745 (currently $495). Shoes: Men's Porteños Loafer $345 all sizes, only men's shoe; vendor field is Calzados Correa (Buenos Aires workshop) but IOAN's model is maker-partner production developed by IOAN and sold under IOAN, treated as own-label - flag if Correa branding is on the shoe. Men's items identified via mens-1 collection."
Bonobos,SKIP,SKIP,SKIP,SKIP,SKIP,SKIP,SKIP,SKIP,SKIP,SKIP,99,250,139,299,NONE,NONE,Shoes,SKIP,https://bonobos.com,USD,complete,https://bonobos.com/collections/sweaters/products.json | https://bonobos.com/collections/outerwear/products.json | https://bonobos.com/products.json,"Batch lists platform custom but bonobos.com is now Shopify (Shopify.currency USD rate 1.0). Sweater: low Washable Merino Crew Neck Sweater $99 (many colours at full price $99, some marked down to $59); high Cashmere Crew Neck Sweater and Italian Cashmere Crew Neck Sweater regular $250 (both currently marked down, $169 and $119). Outerwear: chore jacket pair - low The Beau Chore Jacket $139 (cotton), high Wool Cashmere Chore Jacket $299 (wool-cashmere blend, the only elevated version of that style). If a chore jacket is treated as a shirt-jacket, the bomber pair applies instead: The Boulevard Bomber $189-199 entry vs The Suede Bomber Jacket $499 and The Bowery Leather Bomber $699. Shoes NONE: 3182 products in feed, no footwear product type or shoe titles."
Rothy's,NONE,NONE,NONE,NONE,NONE,NONE,NONE,NONE,NONE,NONE,NONE,NONE,NONE,NONE,125,185,Tee;Polo;Dress shirt;Jeans;Dress pants;Sweater;Outerwear,SKIP,https://rothys.com,USD,complete,https://rothys.com/products.json | https://rothys.com/collections/mens-loafers | https://rothys.com/collections/mens-loafers/products.json | https://rothys.com/collections/mens-shoes/products.json,"Rothy's sells footwear and bags only; full catalogue feed (667 products, 77 product types) has no apparel types, so all garment cells NONE (verified). Shoes: men's loafers (24 products stated on page, 24 in feed): low The Men's Cruiser Loafer regular $125 (some colours currently marked down), The Men's Daily Driver $150 (storefront shows $150, matches feed), high The Ravello Loafer and The Ravello Penny Loafer $185. Other men's shoes (Oxford $185, Clog $160, RS01 Sneaker $160, Court Sneaker $150) not loafers."
Lululemon,SKIP,SKIP,SKIP,SKIP,SKIP,SKIP,SKIP,SKIP,SKIP,SKIP,128,168,138,398,58,168,-,SKIP,https://shop.lululemon.com,USD,complete,https://shop.lululemon.com/search?Ntt=mens%20sweater | https://shop.lululemon.com/search?Ntt=sweater | https://shop.lululemon.com/c/men-coats-and-jackets/n1h1v9 | https://shop.lululemon.com/c/men-shoes/n1n4fcznrqw,"range sweater, outerwear, shoes | Storefront tiles (US, USD). range sweater: only men's knit crewneck is Cotton-Blend Knit Long-Sleeve Crewneck Sweater $128 and there is no cashmere/elevated-fibre crewneck; men's knit sweaters are that crew, Cotton-Blend Knit Collared Cardigan (regular $148) and Cotton-Blend Knit Full-Zip Sweater (regular $168), so low 128, high 168. range outerwear: coats and jackets 72 products (71 rendered after View More), no leather/suede/shearling/cashmere; excluding vests and a golf V-neck pullover: low Zeroed In Track Jacket $138, high Men's Featherweight Stand-Neck Quilted Puffer $398 (Wunder Puff Jacket and Reversible 600-Down-Fill Bomber $348). range shoes: 14 men's shoes, no loafer: low Men's Restfeel Slide $58, high Men's Wildfeel Trail Running Shoe and Beyondfeel Waterproof Running Shoe $168 (ZenMode Mule $158, SwayDay Mule $128)."
Alo,SKIP,SKIP,SKIP,SKIP,SKIP,SKIP,SKIP,SKIP,SKIP,SKIP,188,298,138,398,150,295,-,SKIP,https://www.aloyoga.com,USD,complete,https://www.aloyoga.com/products.json | https://www.aloyoga.com/collections/mens-sweaters | https://www.aloyoga.com/collections/mens-sweaters/products.json | https://www.aloyoga.com/collections/mens-shoes/products.json,"range outerwear, shoes | Sweater: low = Domain Rib Knit Crew Sweater / Domain Shift Rib Knit Sweater Crew $188 full price (storefront shows $188, matches feed; 71 products stated on men's sweaters page, 71 in feed); high = Unisex Wool Cashmere New Class Crewneck Sweater $298 (sold in men's; only elevated-fibre crew). Accolade Crew Neck Pullover ($138) is a sweatshirt, excluded. range outerwear: no men's jacket style in both entry and real suede/leather/shearling/cashmere (only Faux Leather Premier Bomber, sherpa and faux fur), so plain regular range of Men:Outerwear:Jackets excluding overshirts/shackets: low Vantage Nylon Ripstop Track Jacket and Polar Fleece Ridge Full Zip Jacket $138, high Oversized Faux Fur Trench / Stage Sweater Puffer / Gold Rush Puffer Trench $398. range shoes: men's shoes collection (32 products) has no loafer - sneakers, slides, slippers only, all unisex: low It Slide (Unisex) $150, high ALO Trail (Unisex) $295. The ALO Malibu Loafer ($285) is tagged Men:Fashion in feed but sized 5W-12W only and not in the men's shoes collection, so not counted."
Southern Tide,SKIP,SKIP,SKIP,SKIP,SKIP,SKIP,SKIP,SKIP,SKIP,SKIP,158,178,168,178,70,70,-,SKIP,https://southerntide.com,USD,complete,https://southerntide.com/products.json | https://southerntide.com/collections/mens-sweaters/products.json | https://southerntide.com/collections/mens-outerwear/products.json | https://southerntide.com/products/upper-deck-heather-crew,"range sweater: only men's crewneck sweater is Broad River Indigo Crew (cotton cable, regular $158, currently $99.50) and there is no elevated-fibre crewneck, so plain range of true sweaters (M_Sweater): low Broad River Indigo Crew $158, high Bass Creek Heather Quarter Button Sweater regular $178 (Whitehaven Heather Quarter Zip Sweater $168). Upper Deck Heather Crew ($98, storefront shows $48.50 was $98, matches feed) is a cotton sweatshirt-style pullover, excluded; quarter-zip pullovers ($128-158) excluded as not sweaters. range outerwear: no suede/leather/shearling/cashmere jackets; men's jackets are Avondale Performance Jacket $168, Seabreeze Performance Pullover $168, Mixed Media Full Zip Jacket $178; vests, blazers and Heather Quilted Knit Shacket excluded. range shoes: no loafer; own-label men's footwear is Men's River Rock Flipjacks and Men's Dock Flipjacks leather flip-flops $69.50 each (rounded to 70); Archies Arch Support Flip Flops ($40) are third-party Archies product sold under Southern Tide vendor string, excluded. Summer-to-fall changeover: catalogue is thin on knitwear/jackets right now, figures may move when fall line lands."
Rhoback,SKIP,SKIP,SKIP,SKIP,SKIP,SKIP,SKIP,SKIP,SKIP,SKIP,128,194,154,248,NONE,NONE,Shoes,SKIP,https://rhoback.com,USD,complete,https://rhoback.com/collections/mens-tops-sweaters | https://rhoback.com/collections/mens-tops-crewnecks | https://rhoback.com/collections/mens-tops-jackets-and-outerwear | https://rhoback.com/collections/mens-tops-jackets | https://rhoback.com/search?q=shoe | https://rhoback.com/search?q=loafer,"range sweater, outerwear | Headless Shopify storefront: products.json and /products/<handle>.js return 404, so figures are displayed storefront prices (no strike-through shown on any item used). range sweater: no crewneck sweater (Men's Crewnecks collection is sweatshirts/performance crews: Pace Performance Crew and Ready Crewneck $112-135, excluded), so plain range of Men's Sweaters (8 tiles): low Harbor Stretch Sweater Polo $128, high Hogan Q-Zip Sweater $194 (Hogan Sweater Hoodie $184). range outerwear: no elevated-material jackets; Men's Jackets (8 tiles) excluding Summit Fleece Shirt Jacket ($154, shirt-jacket): low Brookline Lightweight Jacket $154, high Glide Down Jacket $248 (Summit Fleece Full-Zip $158, Fulton Hybrid Half-Zip Hoodie $178, Fulton Hybrid Jacket $188); vests excluded. Parent Jackets & Outerwear collection states 66 items (48 shown before Show More) incl. vests/half-zips/fleeces. Shoes NONE: men's nav has no footwear; search for shoe returns only a collegiate polo (The Ohio State Shoe 2.0, named after the stadium); search for loafer returns nothing relevant."
Taylor Stitch,SKIP,SKIP,SKIP,SKIP,SKIP,SKIP,SKIP,SKIP,SKIP,SKIP,178,218,198,1248,NONE,NONE,Shoes,SKIP,https://www.taylorstitch.com,USD,complete,https://www.taylorstitch.com/products.json | https://www.taylorstitch.com/collections/mens-sweaters | https://www.taylorstitch.com/collections/mens-sweaters/products.json | https://www.taylorstitch.com/collections/mens-outerwear/products.json | https://www.taylorstitch.com/collections/mens-boots | https://www.taylorstitch.com/collections/mens-shoes-accessories/products.json,"range sweater: cheapest crewneck is The Crawford Crew Sweater (100% BCI cotton) $178 (storefront shows $178, matches feed; 23 products stated and in feed) but no cashmere or other elevated-fibre crewneck is offered (The Eastmoor Sweater is 100% RWS wool, $178), so plain range of men's sweaters: low $178 (Crawford Crew / Eastmoor), high The Trench Cardigan $218 (Match V-Neck $198, Crawford shawl-collar Sweater $188). range outerwear: the only elevated-material jacket in stock is The Moto Jacket, steerhide only, $1248; suede versions of Ryder ($698), Ojai ($798) and Long Haul ($998) exist in the feed but are sold out/archived, so no current entry/elevated pair. Plain range of available men's outerwear excluding shirt jackets and overshirts (Shop Shirt, Maritime, Kenne, Milton): low The Shore Jacket in Navy Twill / The Ojai Jacket in Foundation Twill $198, high The Moto Jacket $1248. Shoes NONE: Men's Boots collection shows 0 products, no available Footwear-type product; Shoes & Accessories has no footwear."
Outerknown,SKIP,SKIP,SKIP,SKIP,SKIP,SKIP,SKIP,SKIP,SKIP,SKIP,178,348,298,298,NONE,NONE,Shoes,SKIP,https://www.outerknown.com,USD,complete,https://www.outerknown.com/products.json | https://www.outerknown.com/collections/mens-sweaters-sweatshirts/products.json | https://www.outerknown.com/collections/mens-outerwear | https://www.outerknown.com/collections/mens-outerwear/products.json,"range sweater: crewnecks are Nostalgic Sweater (organic cotton waffle, raglan) $178 and Horizon Sweater (Italian wool-blend crewneck) $248, but no cashmere/elevated-fibre crewneck, so plain range of men's sweaters (excluding sweatshirts Hightide Crew $118, Uncharted Waffle Crew knit shirt $128): low Nostalgic Sweater $178, high The Ambassador Sweater (recycled wool cardigan) $348; Pacifica rollneck $188, Sweaterolo $228, Nostalgic Half-Zip $228. Tomales Donegal Crew $298 is FINAL SALE/outlet only, not used. range outerwear: Men's Outerwear shows 8 of 8; Jackets filter shows 1 item - The Woolaroo Jacket $298 (storefront price); others are Blanket Snap Popover $198 (pullover), hoodies and Woolaroo Vest, excluded. No elevated-material jackets. Outerworn items are resale/pre-owned, excluded. Shoes NONE: no footwear product type in the feed and no footwear in men's navigation."
Patagonia,SKIP,SKIP,SKIP,SKIP,SKIP,SKIP,SKIP,SKIP,SKIP,SKIP,159,209,119,899,449,449,-,SKIP,https://www.patagonia.com,USD,complete,https://www.patagonia.com/search/?q=men%27s%20sweater | https://www.patagonia.com/product/mens-recycled-wool-blend-sweater/50655.html | https://www.patagonia.com/shop/mens/jackets-vests?start=0&sz=200 | https://www.patagonia.com/search/?q=shoes | https://www.patagonia.com/product/mens-wild-idea-work-boots/79385.html,"range outerwear, shoes | Storefront tiles (USD). Sweater: low M's Recycled Wool-Blend Sweater $159 (crewneck, recycled wool/nylon; PDP shows $159), high M's Recycled Cashmere Crewneck Sweater $209; Better Sweater Crewneck ($155) is polyester sweater-fleece, excluded. range outerwear: no main-line leather/suede/shearling jacket (M's Shearling ReCrafted Jacket is a Worn Wear upcycled one-off, excluded); men's jackets and vests 162 results (135 names captured), excluding vests, fleece crews/hoodies, pullovers and shirt jackets: low M's Houdini Jacket $119 (Micro D fleece jacket $99 if fleece counts), high M's Stormshadow Parka $899. range shoes: no loafer; only men's non-technical footwear is M's Wild Idea Work Boots $449; wading boots/booties ($145-499, Foot Tractor built with Danner) and wetsuit booties ($109-129) excluded as technical gear."
Finisterre,SKIP,SKIP,SKIP,SKIP,SKIP,SKIP,SKIP,SKIP,SKIP,SKIP,160,205,125,385,NONE,NONE,Shoes,SKIP,https://finisterre.com/en-us,USD,complete,https://finisterre.com/products.json | https://finisterre.com/en-us/products.json | https://finisterre.com/en-us/collections/mens-knitwear | https://finisterre.com/en-us/collections/mens-jackets,"range sweater, outerwear | US storefront (/en-us) shows USD; feed prices equal displayed US prices (Barents Jumper $160, Furlong Crew $175, Forecast Windbreaker $125 checked) although Shopify.currency reports a 1.375 rate from a GBP base. range sweater: all knitwear is wool/merino, no cashmere or other elevated fibre, so plain range of men's knitwear: low Escall Crew Neck Knit Sweater $160 max variant (some colours $155, storefront tile $155) / Finisterre Barents Jumper $160, high Finisterre Mora 1/4 Zip Knit Jumper $205; RNLI Polperro Jumper $220 excluded as RNLI charity collaboration. Storefront states 35 items in men's knitwear. range outerwear: no suede/leather/shearling/cashmere jackets; men's jackets excluding vests/gilets: low Forecast Windbreaker Jacket $125 max variant ($120 some colours), high Surge Field Jacket and Longline Stormbird Waterproof Jacket $385. Shoes NONE: only footwear is XTRATUF + Finisterre Ankle Deck Boot ($166) and VEJA + Finisterre Fitz Roy Trail Shoe ($220), both collaborations. Note one feed product (Columba Cardigan) 404s on the US storefront, so the root feed includes items not sold in the US market."
Faherty,SKIP,SKIP,SKIP,SKIP,SKIP,SKIP,SKIP,SKIP,SKIP,SKIP,168,398,278,1500,228,228,-,SKIP,https://fahertybrand.com,USD,complete,https://fahertybrand.com/products.json | https://fahertybrand.com/products/suede-trucker-midnight-azure,"range sweater: cheapest men's crewneck is Movement Crewneck Sweater regular $168 (currently marked down), then Jackson Crew Sweater $178 and Sunwashed Crewneck Sweater $198-228 (cotton), but no cashmere or other elevated-fibre crewneck is currently offered, so plain range of available Men's Sweaters (excluding sweater tees/polos/shirts): low Movement Crewneck Sweater $168, high Blanket Stripe Zip Sweater and Camp Cardigan $398; artist-collab cardigans (Steven Paul Judd, Thunder Voice Eagle) excluded. Most men's sweaters are currently marked down (end of season). Outerwear: trucker style - low High Ridge Twill Trucker $278, high Suede Trucker $1500 (storefront shows $1,500, matches feed); Studio Jacket pair is $298 twill / $1228 suede, Shearling Coat $1500 has no entry-fabric version. Shoes: only own-label loafer is Reserve Venetian Loafer (suede, Faherty Reserve line) $228 in Tobacco and Chocolate; Birkenstock, Saucony, Quoddy, REEF collabs and Opie Way collab excluded."
Rodd & Gunn,SKIP,SKIP,SKIP,SKIP,SKIP,SKIP,SKIP,SKIP,SKIP,SKIP,128,198,199,798,148,198,-,SKIP,https://www.roddandgunn.com/us,USD,complete,https://www.roddandgunn.com/us/clothing/sweaters?srule=Price%20Low%20to%20High&start=0..120&sz=12 | https://www.roddandgunn.com/us/clothing/sweaters/newall-knit/009610-01.html | https://www.roddandgunn.com/us/clothing/sweaters/quail-rise-knit/009609-01.html | https://www.roddandgunn.com/us/clothing/sweaters/stewart-island-knit/009762-08.html | https://www.roddandgunn.com/us/clothing/jackets-coats?srule=Price%20Low%20to%20High (paged) | https://www.roddandgunn.com/us/footwear?srule=Price%20Low%20to%20High (paged),"US storefront, $USD selector; sz is capped at 12 so pages were walked with start= and Price Low to High sort; tiles are colour-level (sweaters page says 130 products, i.e. colourways). Regular = struck-through price where a tile shows two prices. Sweater: low Gunn Crew Sweater $128; high Stewart Island Knit $198 (crew, Australian wool/30% cashmere blend; merino crews like Hudson/Nobles/Murdoch Knit also $198 regular); pricier knits are not crewnecks: Newall Knit $348 zip cardigan, Quail Rise Knit $298 quarter-zip, Williamson Knit $298 cardigan, Robbies Road Knit $248 zip, Marlin Knit $225 cotton/wool (not elevated); no pure-cashmere crew found. Outerwear: harrington pair, Armitage Jacket $199 (cotton harrington, also the cheapest jacket) vs Mandeville Jacket $798 (leather harrington, sale $499); all leather/suede jackets list at $798; Sports Fit Jackets (blazers) and vests excluded. Shoes (own-label R&G footwear): Marsden Bay Loafer $148 regular (on sale $99), St James Loafer $178, Victoria Loafer $198."
Rowan,SKIP,SKIP,SKIP,SKIP,SKIP,SKIP,SKIP,SKIP,SKIP,SKIP,SKIP,SKIP,SKIP,SKIP,SKIP,SKIP,NC,https://forrowan.com/search?q=,https://forrowan.com,NC,complete,https://forrowan.com/search?q=jeans | https://forrowan.com/search?q=denim,"Search-URL-only row. Tested /search?q=jeans: page states 64 results (Hayden Straight Leg Jean, Cameron Wide Leg Japanese Fluid Denim Pant etc.); denim also returns results. Word that passed: jeans."
Rhone,SKIP,SKIP,SKIP,SKIP,SKIP,SKIP,SKIP,SKIP,SKIP,SKIP,SKIP,SKIP,178,498,SKIP,SKIP,-,SKIP,https://www.rhone.com,USD,complete,https://www.rhone.com/collections/mens-jackets-vests/ | https://www.rhone.com/products/mens-quantum-travel-jacket/ | https://www.rhone.com/products/mens-true-north-jacket/ | https://www.rhone.com/products/mens-commuter-topcoat/ | https://www.rhone.com/products/mens-weekender-shacket/,"range outerwear: no jacket style is offered in suede/leather/shearling/cashmere, so plain range. Collection states 47 items but these are colourways of 10 products (Landmark 1/4 Zip, Landmark Overshirt, Quantum Travel Jacket, Commuter Blazer Classic/Slim, True North Vest, Weekender Shacket, Commuter Topcoat, True North Jacket, Long Game Vest). Excluding blazers, vests, overshirt/shacket and 1/4 zip: low Quantum Travel Jacket $178, high Commuter Topcoat $498 (Italian wool; some colours on sale at $298.80, regular $498 used); True North Jacket $208 (some colours $124.80 sale). JSON-LD priceCurrency USD and listing prices agree."
J.Lindeberg,50,130,90,225,165,165,215,235,130,210,145,325,175,830,180,265,-,https://www.jlindebergusa.com/search?q=,https://www.jlindebergusa.com,USD,complete,"https://www.jlindeberg.com (EU store, geo HR/EUR, no US market; its country selector redirects United States to jlindebergusa.com) | https://www.jlindebergusa.com/products.json?limit=250&page=1..7 | https://www.jlindebergusa.com/products/alpha-t-shirt | https://www.jlindebergusa.com/search?q=jeans","range shoes; range outerwear; range sweater: no loafer, no suede/leather/shearling/cashmere jacket, and no cashmere knit exist, so plain ranges given. US Shopify store, Shopify.currency USD, 1595 products (7 pages), men = tag gender_Men (Women/unisex excluded); regular price = max(price, compare_at). Storefront check: Alpha T-shirt feed 60.00 = page $60; Jax LHT Slim Jeans page $215 = feed. Tee (analogous rule): low Ade T-shirt $50 (golf tech tee; cheapest lifestyle tee Alpha T-shirt $60), high Hale Heavy Logo T-shirt $130. Polo (analogous): low Bridge Polo / Tour Tech Reg Fit Golf Polo $90, high Jacques Structure Knit Polo $225 (fine-knit polo; dearest jersey polo Bergman Jacquard Oversize Polo $180; 30Y anniversary capsule excluded). Dress shirt: all regular long-sleeve woven shirts (Zachary Cotton Solid/Stripe/Linen, Marlon Cotton Tencel) are $165 so low = high = 165; Coen Mouline Structure Shirt $215 excluded because it has press-stud front (overshirt-like). Jeans (analogous): only 4 men's jeans, Jax LHT Slim $215 to Jax Light Wash Slim / Cody Reg $235 (search for jeans confirms 4 items). Dress pants (analogous): no true tailored trouser line; golf trousers used: low Elof Pant / Mitch Pant Light Poly $130, high Harris Stretch Wool Pants $210 (only wool trouser); fleece-lined Ellott Fleece Twill Pant $230 and cargo excluded. Sweater: crewnecks low Arthur Knit Org Cotton $145 (compare_at, final sale), high Faris Fair Isle Knit Sweater $325 (wool, compare_at, final sale); best merino crew Keane Merino Crew Neck $175; no cashmere sold. Outerwear: jackets excl. vests/overshirts, Ash Light Packable Jacket $175 to Alon Down Parka $830. Shoes: only golf/sport sneakers, Ace Low-Top Golf Sneaker / Bridge Golf Sneaker $180 to Vent 500 SE Golf Sneaker $265. Many items on 50% final sale; compare_at used throughout."
Malbon,SKIP,SKIP,SKIP,SKIP,SKIP,SKIP,SKIP,SKIP,SKIP,SKIP,SKIP,SKIP,SKIP,SKIP,SKIP,SKIP,NC,https://malbon.com/search?q=,https://malbon.com,NC,complete,https://malbon.com/search?q=jeans | https://malbon.com/search?q=denim,"Search-URL-only row. /search?q=jeans returns denim products (Reform Pant Denim, GDC Denim Pant Navy/Light Blue, Foreman Overall stone-washed denim); /search?q=denim also returns results. Word that passed: jeans (and denim)."
Redvanly,SKIP,SKIP,SKIP,SKIP,SKIP,SKIP,SKIP,SKIP,SKIP,SKIP,SKIP,SKIP,SKIP,SKIP,SKIP,SKIP,NC,https://www.redvanly.com/search?q=,https://www.redvanly.com,NC,complete,https://www.redvanly.com/search?q=jeans | https://www.redvanly.com/search?q=denim,Search-URL-only row. redvanly.com redirects to www.redvanly.com. /search?q=jeans states 130 results led by Ranstead Pull-On Jean colourways; denim states 139 results. Word that passed: jeans.
RLX,SKIP,SKIP,SKIP,SKIP,SKIP,SKIP,SKIP,SKIP,SKIP,SKIP,330,430,265,400,NONE,NONE,Shoes,SKIP,https://www.ralphlauren.com,USD,complete,"https://www.ralphlauren.com/brands-men-rlx-cg | https://www.ralphlauren.com/brands-men-rlx-cg/r/rlx (label RLX, 80 items; plus category refinements Sweaters and Jackets, Coats & Vests) | https://www.ralphlauren.com/men-clothing-sweaters/performance-cotton-blend-sweater/100097221.html | https://www.ralphlauren.com/men-clothing-sweaters/polo-bear-performance-sweater/100097244.html | https://www.ralphlauren.com/men-clothing-sweaters/polo-bear-performance-sweater/100086436.html","range sweater; range outerwear: no cashmere crewneck and no leather/suede jacket in RLX, so plain ranges. The RLX men page (brands-men-rlx-cg) shows 85 items of which 5 are Polo Ralph Lauren; filtered to label RLX (80 items); every tile read carries the RLX brand line. Sweater crewnecks (10 RLX sweaters, rest are polo-collar, quarter-zip, hooded, cardigan, vest): low Performance Cotton-Blend Sweater $330 (55% cotton/45% polyester), high Polo Bear Performance Sweater $430 (polyester/wool shell with wool/camel/cashmere decoration); other Polo Bear Performance Sweater $400. Outerwear (11 RLX jackets/vests): excluding vests and Quilted Shirt Jacket $250: Lightweight Hooded Jacket $265 to Reversible Flight Jacket $400 (Quilted Mockneck Jacket $350); all Standard Price. Shoes NONE: RLX men's assortment has no footwear category. US site, USD."
johnnie-O,SKIP,SKIP,SKIP,SKIP,SKIP,SKIP,SKIP,SKIP,SKIP,SKIP,198,198,248,998,228,248,-,SKIP,https://www.johnnie-o.com,USD,complete,https://www.johnnie-o.com/collections/mens-sweaters | https://www.johnnie-o.com/collections/mens-outerwear | https://www.johnnie-o.com/collections/mens-shoes | https://www.johnnie-o.com/search?q=loafer | https://www.johnnie-o.com/search?q=crewneck | https://www.johnnie-o.com/search?q=cashmere | product pages (JSON-LD offers),"range sweater: only one men's crewneck sweater exists, Ronald Merino Wool Crewneck Sweater $198, and no cashmere crewneck (cashmere only as Jamisons Top Shelf Cashmere Hooded Sweater $598 and Top Shelf Cashmere Zip Vest $998), so low = high = 198; Custom Surfer Logo Ronald $203 is made-to-order embroidery, excluded; Willard crewneck is a sweatshirt. Store is headless Shopify (products.json/collections.json return 404), so read from category pages and product-page JSON-LD; listing Current price matched JSON-LD on every item checked (USD, e.g. Wentworth Water Repellent Jacket $398). Outerwear: Mixed Media Jacket $248 (entry) vs Agnelli Suede Mixed Media Jacket $998 (suede version); cheapest jacket overall is Corsair Bomber Jacket $148 but no elevated version; sport coats excluded. Shoes: penny loafers Baja Penny Loafer $228, J Flex Penny Loafer Leather $248, J-Flex Suede Penny Loafer $248; Malibu Moccasin $198 (driving moccasin) not counted as loafer. No markdowns seen on these items."
Percival,SKIP,SKIP,SKIP,SKIP,SKIP,SKIP,SKIP,SKIP,SKIP,SKIP,210,320,255,795,NONE,NONE,Shoes,SKIP,https://percivalclo.com,USD,complete,"https://percivalclo.com/products.json?limit=250&page=1..4 | https://percivalclo.com/products/<gove-chore-jacket, afterward-suede-chore-jacket, white-glove-crew-neck-jumper> | https://percivalclo.com","Shopify.currency USD, country US; 871 products (4 pages); displayed prices match feed (Gove Chore Jacket $255; Afterward Suede Chore Jacket shows $555 sale with $795 regular; White Glove Boxy Crew Neck Jumper Mohair $270). Sweater: low Charlestown Knitted Jumper $210 (crew neck per description; compare_at, currently marked down); high White Glove Boxy Crew Neck Jumper Mohair (Black) $320 regular via compare_at (current colours $270), tie with Miller Jacquard Jumper Mohair Wool $320; no cashmere knit sold, mohair treated as the elevated fibre (alpaca Shugart Knit Jumper $255). Collabs (x Ford, x Guinness, x Champion) excluded. Outerwear: chore jacket pair, Gove Chore Jacket Denim $255 vs Afterward Suede Chore Jacket $795 (compare_at; on sale $555); tie alternative is western: Western Trucker Jacket Denim $255 vs Western Jacket Suede $730 (would give high 730); Prologue Suede Zip Jacket $795; Suede Western Jacket Percival x Warren excluded as collab; overshirts/waistcoats excluded. Shoes NONE: all 41 Footwear products are stocked third-party labels (G.H. Bass, Clarks Originals, Kleman, Vans, Timberland, Sebago, Solovair) plus a Kleman x Percival collab, vendor field still says Percival."
Hiroshi Kato,SKIP,SKIP,SKIP,SKIP,SKIP,SKIP,SKIP,SKIP,SKIP,SKIP,NONE,NONE,358,458,NONE,NONE,Sweater;Shoes,SKIP,https://kato-brand.com,USD,complete,"https://kato-brand.com/products.json?limit=250&page=1 | https://kato-brand.com/products/<the-propeller-moleskin-blacktop, the-blade-indigo-raw, kato-x-whites-oxford> | https://kato-brand.com","range outerwear: all 11 jackets are denim/moleskin work jackets with no suede/leather/shearling/cashmere version, so plain range: The Blade - Indigo Raw 14oz Selvedge (and Copper/Brown 10.5oz) $358 to The Propeller Moleskin (Blacktop / Weathered Navy) $458; no markdowns. Shopify.currency USD, 176 products total; feed matches displayed prices ($458, $358). Sweater NONE: no knitwear sold (Drill/Stamp Double Knit items are T-shirts by type). Shoes NONE: only footwear is KATO x White's Oxford and Semi Dress boots ($780), a collaboration with White's Boots, excluded; no loafers."
Sugar Cane,8690,15180,NONE,NONE,11880,29480,18480,32780,NONE,NONE,NONE,NONE,25300,275000,NONE,NONE,Polo;Dress pants;Sweater;Shoes,SKIP,https://store.toyo-enterprise.co.jp/shopbrand/sugarcane/,JPY,complete,"https://www.sugarcane.jp (brand site, no cart; links to Toyo Enterprise store) | https://store.toyo-enterprise.co.jp/shopbrand/sugarcane/page1..13/order/ | https://store.toyo-enterprise.co.jp/shopdetail/ (product pages for tee lots SC79349, SC79584, SC79534, SC79535, SC78984)","ALL FIGURES ARE JPY, tax-included (税込) as listed by Toyo Enterprise's official online store (Sugar Cane has no own/US store; sugarcane.jp links there); not converted. Sugar Cane brand listing = 608 entries over 13 pages of 48 (incl. repeats and sub-labels Headlight, Free Land, NUT, Alaska Sleeping Bag); only the SUGAR CANE label (incl. its Fiction Romance line) used. Tee (analogous rule): all are short-sleeve (size charts show ~18-22cm sleeve): low 1920's Cartoon T-Shirt Among Ourselves SC79349 8,690, high Fiction Romance Indigo Border Pocket T-Shirt SC79534 15,180. Polo NONE (no polos). Dress shirt: woven collared button-front incl. open-collar and short-sleeve (western snap shirts, zip/pullover excluded): low Rayon Check Open Shirt 11,880 (cheapest long-sleeve-type is India Madras Check Button Down Shirt 12,980), high Native American Indigo Dobby Work Shirt 29,480. Jeans: low 12oz White Denim 2021 Model (Slim Tapered) 18,480 (cheapest indigo: 14.25oz Denim 2021 Model 21,780), high 32,780 shared by 14oz Denim Boot Cut Aged Model SC42321SW and 砂糖黍製 14oz 江戸藍混右綾 Denim Slim Model SC41502; excluded as special/limited: 1947 Remake Aged Model 53,900, Made in USA series (up to 42,900) and Super Denim Collectibles (46,200+). Dress pants NONE: no tailored trousers, only work/engineer pants (Coke Stripe Work Pants 20,680 to Fiction Romance Awa-Ai Denim Pants 35,200). Sweater NONE: no knit sweaters (only knit caps/masks). Outerwear: 1953 Model (Type II) jacket pair, 14.25oz Denim Jacket Over Size 1953 Model / 11oz Cotton Pique Jacket 1953 Model 25,300 vs Black Horsehide Leather Jacket 1953 Model 275,000 (also Made in USA Horween Horsehide Leather Jacket 195,800); cheapest jacket overall 13oz Blue Denim Zip Jacket 23,980 has no leather version. Shoes NONE. No sale pricing seen on listing (single 税込 price per item)."
Buck Mason,SKIP,SKIP,SKIP,SKIP,SKIP,SKIP,SKIP,SKIP,SKIP,SKIP,178,368,298,798,NONE,NONE,Shoes,SKIP,https://www.buckmason.com,USD,complete,"https://www.buckmason.com/collections/mens-sweaters | https://www.buckmason.com/collections/mens-outerwear | https://www.buckmason.com/collections/mens-all | https://www.buckmason.com/collections/mens-shoes | product pages (meta description, JSON-LD price)","Headless Shopify (products.json 404), read from collection pages; mens-sweaters states 24 Items (all loaded), mens-outerwear 13 Items, mens-all 208 Items, mens-shoes 20 Items. USD; JSON-LD price matched card price (e.g. Seafarer Traveler Cotton Crew $178). Sweater: low Seafarer Traveler Cotton Crew $178 (fully-fashioned raglan crew sweater); Avalon Daybreak Crew $168 excluded as it is a cut-and-sew thermal top, not a sweater; high California Cashmere Cable Crew $368 (only cashmere crewneck; Seafarer Cotton Rib Crew $188). Outerwear: station jacket pair, Italian Doeskin Station Jacket $298 (fabric doeskin, composition not stated on page) vs Mojave Suede Station Jacket $798; next pair Jungle Cloth Deck Bomber $448 vs Polar Shearling Deck Jacket $1298; cheaper jackets (Craftsman Canvas Rider/Field $188, Hardware Store $198, Carry-On jackets) have no elevated own-label version (Bruiser leather jackets are different styles); Panhandler Suede Western Shirt excluded as shirt-jacket; collabs (Y'2 Leather, Lee, Rocky Mountain Featherbed, J.Press, J. Mueser) excluded. Shoes NONE: all footwear is third-party or collab (Moonstar, G.H. Bass x Buck Mason Larson Loafer $248, Sanders x Buck Mason Suede Whole Cut Loafer $398, Chamula x Buck Mason huarache)."
Duck Head,SKIP,SKIP,SKIP,SKIP,118,148,SKIP,SKIP,SKIP,SKIP,SKIP,SKIP,SKIP,SKIP,SKIP,SKIP,-,https://www.duckhead.com/search?q=,https://www.duckhead.com,USD,complete,https://www.duckhead.com/products.json?limit=250&page=1..4 | https://www.duckhead.com/products/cotton-oxford-sport-shirt-morris-solid-pale-pink | https://www.duckhead.com/search?q=jeans | https://www.duckhead.com/search?q=denim,"Shopify.currency USD; 774 products in feed. Dress shirt: current woven long-sleeve button-front range from product_type Wovens: low Cotton Oxford Sport Shirt $118 (also Cotton Twill / Cotton Slub Sport Shirt $118; page shows $118 = feed), high $148 shared by Cotton Flannel Sport Shirt, Performance Flannel Sport Shirt, Woodland Shooting Shirt, Madras Sport Shirt and Realtree Performance Dobby Guide Shirt. Excluded: snap-front shirts (Corduroy/Brushed Canvas/Denim Snap Shirt $138), Slater Moleskin Overshirt, one-off Duck Head Vintage resale shirts ($130-$200, tagged vintage), and ~219 untyped legacy/SALE products in the feed priced $44-$78 with no compare_at (sale copies, not full price). Search: /search?q=jeans states 121 results (Classic Straight Fit Denim etc.); denim 160 results. Word that passed: jeans."
Wythe,55,78,148,148,160,248,NONE,NONE,248,248,248,368,328,1498,898,1298,Jeans,SKIP,https://wythe.com,USD,complete,https://wythe.com/products.json?limit=250&page=1..2 | https://wythe.com/products/highland-cableknit-evergreen,"range polo; range shoes: no short-sleeve polo (only Garment Dyed Longsleeve Polo $148) and no loafer, so plain ranges. Shopify.currency USD, 339 products; storefront Highland Cableknit Sweater $248.00 = feed; no markdowns in the items used. Tee (analogous rule): Tubular Pocket Tee Shirt $55 to Tonkin Print / Watermelon Peace Print Tubular T-Shirt $78; excluded Football T-Shirt $98 (longer sleeves, cut for shoulder pads), Jim Franklin Tubular T-Shirt $85 (artist collaboration print) and Big Rock Candy Mountaineering vendor items. Dress shirt: low Oxford Cloth Button Down $160, high Cotton Herringbone Officer's Shirt $248; pearl-snap shirts, popovers and pullovers excluded; Embroidered Chambray Workshirt ($238/$278) treated as a decorated special. Jeans NONE: no 5-pocket denim; denim trousers are Denim Chino $228 and Denim Western Pant $248 (not 5-pocket); 5-pocket styles are cord/corduroy/leather. Dress pants (analogous): Western Pant (modelled on a 1940s tailored gabardine trouser) is the only trouser: Tencel Gabardine Western Pant / Denim Western Pant $248, so low = high; chinos run $228-$368 if chinos preferred. Sweater: low Highland Cableknit Sweater $248 (100% wool crewneck, confirmed by product photo), high Comet Crewneck Sweater / Downhill Crewneck Sweater $368 (merino/alpaca jacquard; no cashmere sold). Outerwear: ranch jacket pair, Printed Corral Plaid Tencel Ranch Jacket $328 (cheapest ranch; Bedford Cord Ranch Jacket $348) vs Suede Shearling Ranch Jacket $1498; vests excluded. Shoes: own-label handmade western boots, Sand/Chocolate Suede Roper Boots and Ranchero Roper Boots $898 to Five Card Stud Boots $1298; Kingdom Moc / Smokestack Moc $388 excluded as made with Easymoc (named maker/collab in description) and Wythe x Yuketen Canoe Mocs $500 excluded as collab; if the Easymoc mocs count as own-label, shoes_low would be 388."
AYR,SKIP,SKIP,SKIP,SKIP,SKIP,SKIP,SKIP,SKIP,SKIP,SKIP,265,595,395,1400,NONE,NONE,Shoes,SKIP,https://www.ayr.com,USD,complete,https://www.ayr.com/products.json?limit=250 | https://www.ayr.com/collections.json | https://www.ayr.com/collections/sweaters-menswear | https://www.ayr.com/collections/sweaters-menswear/products.json | https://www.ayr.com/collections/everything-menswear/products.json | https://www.ayr.com/collections/leather-jackets-mens/products.json,"Men's range = menswear tag / everything-menswear collection (81 products in feed; collections.json claims 199, likely counting unpublished). Shopify.currency USD; collection page prices match feed (The Big Softie $295, The Two-a-Days $265, The Fancy Boy $595). Sweater: crewnecks identified from product photos on the sweaters-menswear page since names are coded: low The Two-a-Days $265 (Italian merino crewneck), high The Fancy Boy $595 (cashmere crewneck); The Match $395 (cashmere/cotton rib crewneck) and The Big Softie $295 (cotton-blend crew) in between; The Collegiate is a v-neck, Cashmere Rugby a polo collar. Outerwear: The Scrambler in cotton twill $395 vs The Scrambler in leather $1400 (both listed as The Scrambler; leather-jackets-mens collection); cheaper jackets (The District $195 compare_at, The Trials $225, The Sideliner $265 compare_at) have no leather/suede version; The Baby Grand suede/leather $1400 is a separate style. Shoes NONE: no footwear collection or footwear products for men (accessories are belts/hats)."
Alex Mill,SKIP,SKIP,SKIP,SKIP,SKIP,SKIP,SKIP,SKIP,SKIP,SKIP,178,358,225,275,NONE,NONE,Shoes,SKIP,https://www.alexmill.com,USD,complete,https://www.alexmill.com/products.json?limit=250&page=1..4 | https://www.alexmill.com/products/jordan-sweater-in-washed-cashmere-in-heather-ecru | https://www.alexmill.com/products/kingston-cable-sweater-in-washed-cashmere-in-navy | https://www.alexmill.com/search/suggest.json?q=kingston,"range outerwear: no suede/leather/shearling/cashmere jacket for men, so plain range of men's jackets excl. blazers, vests and stocked Coldbreaker: Garment Dyed Chore Jacket (Canvas/Corduroy) and Work Jacket in Vintage Wash Denim $225 to Denim Jacket $275 (Clifton Jacket in Moleskin $250; Mercer Linen Jacket $295 is described as a blazer, excluded; untyped Work Jacket in Boiled Wool $295 has no gender tag and was left out). Shopify.currency USD, 777 products; product pages show $328 (Jordan) and $358 (Kingston) = feed. Sweater: low Winston Crewneck Sweater in Wool $178 (also Donegal Crewneck Sweater merino/alpaca $178, tagged male), high Kingston Cable Sweater in Washed Cashmere $358 (crewneck per product photo); Jordan Sweater in Washed Cashmere crew $328; Wallace Cardigan excluded. Shoes NONE: no men's footwear (only a women's ballet flat and unisex house shoes)."
Easy Mondays,SKIP,SKIP,SKIP,SKIP,SKIP,SKIP,SKIP,SKIP,SKIP,SKIP,SKIP,SKIP,SKIP,SKIP,SKIP,SKIP,NC,https://easymondays.ca/search?q=,https://easymondays.ca,NC,complete,https://easymondays.ca/search?q=jeans | https://easymondays.ca/search?q=denim | https://easymondays.ca/products.json?limit=250,"Search-URL-only row. Search page works and returns products for jeans (first hit Stretch Chino, whose description mentions jeans) and for denim, but the brand sells no jeans or denim at all (23 products in products.json, none with jean/denim in title or type), so results are not denim items; a nonsense query returns essentially nothing, so the search is live. Word that passed: jeans (results non-denim because catalogue has none). Store Shopify.currency.active = USD despite .ca domain."
Indochino,SKIP,SKIP,SKIP,SKIP,SKIP,SKIP,SKIP,SKIP,SKIP,SKIP,SKIP,SKIP,SKIP,SKIP,SKIP,SKIP,NC,NC,https://www.indochino.com,NC,partial,https://www.indochino.com/ | https://www.indochino.com/search?q=jeans,"search_url NC: Indochino search is an Algolia overlay on the page with no URL-addressable results page; /search?q=jeans, /search?query=, /search?text= all redirect to /error, /en-us/search and /shop/search return empty 42-byte bodies; the overlay URL stays https://www.indochino.com/ after typing and Enter. In the overlay both jeans and denim return No results found (Indochino appears not to sell jeans), so no search URL could pass the test either way."
Tecovas,SKIP,SKIP,SKIP,SKIP,SKIP,SKIP,SKIP,SKIP,SKIP,SKIP,165,195,165,595,185,285,-,SKIP,https://www.tecovas.com,USD,complete,https://www.tecovas.com/shop/sweaters/mens | https://www.tecovas.com/shop/outerwear/mens | https://www.tecovas.com/shop/shoes/mens | https://www.tecovas.com/products/the-monterrey | https://www.tecovas.com/products/the-bennett,"range sweater: no crewneck sold; men's sweaters page shows only 2 results (2 of 2), both Last Call markdowns: Men's Shawl Collar Cardigan Sweater original $165 (now $69) and Men's Shawl Collar Wrap Sweater original $195 (now $69); original prices used. range outerwear: no style sold in both entry fabric and an elevated material (Leather Biker Jacket has no cloth version; truckers are denim/waxed canvas only); 12 of 12 results read; excluded Western Blazer ($255), Sawtooth Pearl Snap Shacket and Blanket CPO Shacket (shirt-jackets) and Tecovas x Mossy Oak Waxed Ranch Jacket ($325, collab); low = Men's Classic Denim Trucker Jacket original $165 (marked down to $119), high = Men's Leather Biker Jacket original $595 (marked down to $389); other full-price jackets Denim Chore $185, Field/Waxed Ranch/Buckaroo Waxed Canvas Trucker $295. Shoes: own-label slip-on loafers (product pages describe them as loafers): low = The Monterrey $185 (cowhide, goat roughout, suede), high = The Bennett $285 (calfskin, deer roughout); also Monterrey bison $195, Mateo $195, Monterrey Penny $225; Lexington sandals excluded. Shopify /products.json returns 404 (headless storefront) so prices read from rendered category pages, USD storefront."
Patrick James,SKIP,SKIP,SKIP,SKIP,SKIP,SKIP,SKIP,SKIP,SKIP,SKIP,138,428,268,698,248,248,-,SKIP,https://patrickjames.com,USD,complete,https://patrickjames.com/products.json?limit=250&page=1..6 | https://patrickjames.com/products/19224-patrick-james-suede-slip-on-1,"range outerwear | Multi-brand retailer; only vendor Patrick James and its in-house Reserve label counted (Reserve items appear under both vendor strings); 1277 products in feed over 6 pages, Shopify.currency USD rate 1.0. Sweater: low = Patrick James Marlow Raglan Sweater $138 (wool/cotton/nylon waffle knit, ribbed crew neck; next is Patrick James Crewneck Sweater cotton/linen $178 full price, currently marked down); Long Sleeve Solid Merino Crewneck Shirt $148 excluded as a shirt; high = Patrick James Inked Cashmere Crewneck Sweater $428 (100% cashmere), tied with Reserve Driftwood Print Crewneck $428 (100% cashmere). range outerwear: no own-label jacket style offered in both an entry fabric and an elevated material (suede/leather pieces are shirt-jackets, vests or standalone styles); excluded vests, shirt jackets, Dunlop Reverse Fleece Jacket $88 (actually a crew-neck fleece sweatshirt) and Outlander (third-party) coats; low = Patrick James Corduroy Jacket $268 (cotton cord chore-style jacket, full price, currently marked down), high = Patrick James Glove Lambskin Jacket $698 (lambskin barracuda style, currently marked down). Shoes: only own-label loafer is Patrick James Suede Slip On $248 (split suede calfskin loafer, tagged Dress Shoes; storefront shows $248.00, matching feed) so low = high; other own-label footwear are sneakers $198 to $248; Zelli, Martin Dingman etc. loafers are stocked third-party brands and excluded."
Barbour,SKIP,SKIP,SKIP,SKIP,SKIP,SKIP,SKIP,SKIP,SKIP,SKIP,SKIP,SKIP,SKIP,SKIP,195,245,-,SKIP,https://www.barbour.com/us,USD,complete,https://www.barbour.com/us/mens/mens-footwear,"range shoes: Carried from the 18 Sep pilot, not re-read. Own-label (MFO product codes). No loafer. Range of leather/suede shoes and boots excluding wellingtons and slippers: Re-Engineered Deck Boat Shoe 195 -> Shawdon Chukka Boot 245. No entry/elevated-fabric pairing exists; this is a price range, not a fabric step. Page says 'Showing 36 of 38 items' and 'Show more' did not load the last 2."
Baracuta,SKIP,SKIP,SKIP,SKIP,SKIP,SKIP,SKIP,SKIP,SKIP,SKIP,225,400,405,910,NONE,NONE,Shoes,SKIP,https://us.baracuta.com,USD,complete,https://us.baracuta.com/products.json?limit=250&page=1..2 | https://us.baracuta.com/products/baracuta-shetland-crewneck-brmag0200uf0616-5019,"range sweater | www.baracuta.com redirects to us.baracuta.com; Shopify.currency active USD (rate 1.14615, i.e. converted from EUR base by the store), feed shows 308 products; storefront Shetland Crewneck shows USD $225.00 matching feed, no duties-included wording found. range sweater: the only men's crewneck sweater is Shetland Crewneck $225 (virgin wool, full price) and no cashmere or other elevated-fibre knit exists, so category range used: low $225 (Shetland Crewneck, also Pointelle Mock Neck $225), high $400 (Aran Mock Neck, wool); Knit T-Shirt $180 (short-sleeve cotton, tagged KNIT CREWNECK) excluded; vests, knit polos and Shetland Cardigan $255 not the high. Outerwear: G9 is the cheapest style also sold in suede and leather: low = G9 Twill $405 (cotton twill G9, model BRCPS1166; the classic Baracuta-cloth G9 Harrington Jacket is $458 to $499), high = G9 LEATHER $910 (G9 Suede $795); G18 Twill $360 is cheaper but G18 has no suede/leather version (only Melton wool); WACKO MARIA x Baracuta G9 collab excluded. Shoes NONE: feed has no footwear category (men's MainCategory values are jackets, knitwear, polo, t-shirts, trousers, shirts, over shirt, vests, sweatshirts, accessories, bags, lifestyle)."
Filson,SKIP,SKIP,SKIP,SKIP,SKIP,SKIP,SKIP,SKIP,SKIP,SKIP,199,699,189,1199,NONE,NONE,Shoes,SKIP,https://www.filson.com,USD,complete,https://www.filson.com/products.json?limit=250&page=1..5 | https://www.filson.com/collections.json | https://www.filson.com/collections/sweaters/products.json | https://www.filson.com/products/shetland-5-gauge-wool-sweater-russet,"range sweater, outerwear | Feed 1001 products over 5 pages, Shopify.currency USD rate 1.0; storefront Shetland 5-gauge Wool Sweater shows $329 struck (sale $197.40), matching feed compare_at. range sweater: no men's crewneck in an elevated fibre (cashmere etc.) exists; men's sweaters collection has 14 listings: crewnecks are Vintage Cotton Crewneck Sweater $199 (full price in Juniper), Cotton Crewneck Guide Sweater $259, Shetland 5-gauge Wool Sweater $329 (Shetland wool crewneck, outlet 40% off, sold out); 3-gauge Alpaca Blend Sweater $429 is a V-neck; so category range used: low = Vintage Cotton Crewneck Sweater $199, high = Guide Cardigan Sweater $699 (Henley Guide Sweater $599); if a crewneck-only range is preferred it is $199 to $329. Most sweaters are tagged Outlet 30-40% and currently marked down; compare_at used. range outerwear: no men's jacket style sold in both an entry fabric and suede/leather/shearling/cashmere (suede and shearling Cruisers exist only in women's; men's Leather Hadlock Jacket $999 has no cloth version); men's own-label jackets excluding jac-shirts, vests, fleece pullover and collabs: low = Dry Wax Windbreaker $189 (currently marked down; Canvas Outfitter Jacket and Dry Wax Short Cruiser Jacket $199 at full price), high = Lined Mackinaw Wool Packer Coat $1199; Filson X Crescent Down Works Parka $1250 excluded as collab. Shoes NONE: only footwear besides socks is #2535 Filson X Blundstone Sienna Chelsea Boot $239.95 (collab)."
James Perse,SKIP,SKIP,SKIP,SKIP,SKIP,SKIP,SKIP,SKIP,SKIP,SKIP,325,595,425,1995,450,1095,-,SKIP,https://www.jamesperse.com,USD,complete,https://www.jamesperse.com/products.json?limit=250&page=1..8 | https://www.jamesperse.com/products/mens-suede-slip-on-loafer-cafe-smtsu8430,"Feed 1882 products over 8 pages (one product per colourway), Shopify.currency USD rate 1.0, vendor Men's used; storefront Men's Suede Slip On Loafer shows $450.00 USD matching feed; no men's sweater/jacket/loafer marked down. Sweater: low = Cotton Cashmere Raglan Crew $325 (cheapest crew; Stretch Cotton Crew Sweater $350), high = Marled Cashmere Linen Crew $595 (cashmere-linen); the dearest pure-cashmere crews are Lightweight Textured Cashmere Crew and Recycled Cashmere Crew Sweater at $495; cashmere crew gift sets ($725 to $1000) excluded as bundles. Outerwear: Trucker is the cheapest style also sold in suede: low = Cotton Linen Twill Trucker Jacket $425, high = Suede Trucker Jacket $1995 (other truckers: Linen Denim $595, Lined Corduroy $595, Lined Denim $850). Shoes: own-label loafers low = Men's Suede Slip On Loafer $450 (published 2024, few sizes left), high = Men's Calf Leather Loafer and Men's Soft Suede Loafer $1095 (Men's Suede Loafer $995, Men's Coastal Suede Slip On $595); footwear listed under vendor Accessories."
Y.Chroma,SKIP,SKIP,SKIP,SKIP,SKIP,SKIP,SKIP,SKIP,SKIP,SKIP,299,499,775,1249,NONE,NONE,Shoes,SKIP,https://www.ychroma.com,USD,complete,https://www.ychroma.com/products.json?limit=250&page=1 | https://www.ychroma.com/products/daytona-jacket,"range sweater, outerwear | Small catalog: 45 products in feed, Shopify.currency USD rate 1.0; storefront Daytona Jacket shows $975 matching feed; nothing marked down. range sweater: no crewneck sweater sold; only two sweaters: low = Dwayne V-Neck Cashmere $299 (cashmere-cotton V-neck), high = Power Cable Sweater (2026 and 2023 Editions) $499 (100% Pima cotton, buttoned cardigan style). range outerwear: no jacket style sold in both an entry fabric and suede/leather/shearling/cashmere; low = Mazarin Cut Shell $775 (polyester shell with leather trim), high = Mazarin Cut-Down Jacket $1249; also Daytona Jacket $975, Altavista Down Jacket $1049, Ghost Geisha Down Jacket $1199; excluded Varial and Deckmaster Shirt-Cut Jackets ($899/$975, shirt-jackets), Quatro Down Vest $1049, and Drücken Track Jacket $399 / Mazarin Edit $499 (activewear track jacket from the Drücken workout line; if counted, outerwear low would be $399). Shoes NONE: no footwear in feed (only sunglasses, leather case and furoshiki as accessories)."
Madhappy,SKIP,SKIP,SKIP,SKIP,SKIP,SKIP,SKIP,SKIP,SKIP,SKIP,NC,NC,NC,NC,NC,NC,NC,SKIP,https://www.madhappy.com,USD,partial,https://www.madhappy.com/ | https://www.madhappy.com/password | https://www.madhappy.com/products.json,"Not reached: the whole storefront is password-gated on 2026-09-18 - homepage, /collections/all, /collections/mens and /search all redirect to /password (a sign-in / membership page), and /products.json returns 401. Signing in is not allowed under the spec, so no prices could be read; Shopify.currency on the gate page is USD rate 1.0 (currency_basis recorded from that only). Retry later when the store reopens."
Kith,SKIP,SKIP,SKIP,SKIP,SKIP,SKIP,SKIP,SKIP,SKIP,SKIP,150,395,245,1495,NONE,NONE,Shoes,SKIP,https://kith.com,USD,complete,https://kith.com/products.json?limit=250&page=1..59 | https://kith.com/products/khm011240-416,"range sweater | Multi-brand retailer, feed 14750 products over 59 pages (434 vendors), Shopify.currency USD rate 1.0; only vendor Kith (men's) counted, excluding every Kith for/&/x collaboration; storefront Kith Textured Indigo Alonzo Jacket shows $245.00 matching feed; no relevant item marked down. range sweater: no men's cashmere or other elevated-fibre crewneck (the only cashmere sweater is a turtleneck), so category range used: low = Kith Compact Knit Nelson Crewneck $150 (type Crewneck Sweaters, sold out; cheapest in stock is Basketweave Tilden Crewneck Sweater $175), high = Kith &Kin Cashmere Cyrus Turtleneck $395 (&Kin is a Kith sub-line under vendor Kith; without it high would be Marlon Full Zip Sweater $345); items typed Crewnecks (Nelson/Lawson/Vintage crewnecks) are sweatshirts and excluded. Outerwear: Alonzo is the cheapest style also sold in suede/leather: low = Kith Textured Indigo Alonzo Jacket $245 (also Herringbone Denim Alonzo $255, Garment Dyed Alonzo $295, &Kin Rope Twill Alonzo $495), high = Kith Vintage Leather Alonzo Jacket $1495 (Suede Alonzo Jacket $1250). Shoes NONE: every men's shoe under the Kith vendor is a collaboration (Kith for On, adidas, ASICS, Salomon, Birkenstock; Ronnie Fieg for Clarks/Diemme/New Balance); only non-collab footwear is Kith Women slides/slippers; loafers on the site are all stocked third-party brands."
Aimé Leon Dore,SKIP,SKIP,SKIP,SKIP,SKIP,SKIP,SKIP,SKIP,SKIP,SKIP,300,575,300,1300,395,500,-,SKIP,https://www.aimeleondore.com,USD,complete,https://www.aimeleondore.com/products.json?limit=250&page=1..3 | https://www.aimeleondore.com/products/queens-crest-loafer-4,"range sweater, outerwear | Feed 705 products over 3 pages, Shopify.currency USD rate 1.0; women's items (tags dev-product-type-women / womens) and ALD / partner collaborations excluded; storefront Queens Crest Loafer shows $395 matching feed; nothing relevant marked down. range sweater: no men's crewneck pullover sweater in an elevated fibre (Pavilion Cashmere Crewneck Sweatshirt $550 is a cotton-lined cashmere sweatshirt, excluded as sweatshirt; wool crewnecks only wool-blend); low = Crest Raglan Sweater $300 (100% cotton crewneck, the cheapest crew), high = Quarter Zip Pavilion Cashmere Pullover $575 (dearest sweater pullover; Full-Zip Pavilion Cashmere Hoodie $595 and Pavilion Cashmere Sweatpant $550 in the same product type excluded). If the cashmere sweatshirt is accepted as the elevated crewneck, sweater_high would be $550. range outerwear: no own-label jacket style in both entry fabric and suede/leather (Suede Cafe Racer Jacket has no cloth version; the leather varsity is ALD / Technics collab); low = Crest Casual Jacket and Micro Logo Lightweight Jacket $300 (fleece/nylon half-zip pullovers $260 to $300 excluded as pullovers), high = Suede Cafe Racer Jacket $1300. Shoes: own-label loafers low = Queens Crest Loafer $395 (penny loafer), high = Croc-Embossed Crest Salóni Loafer $500 (Crest Salóni Loafer $450); Queens Crest Penny $25 is a brass penny accessory; ALD / New Balance, Clarks, Last Resort, North Face footwear excluded as collabs."
Massimo Dutti,SKIP,SKIP,SKIP,SKIP,SKIP,SKIP,SKIP,SKIP,SKIP,SKIP,100,590,180,690,200,320,-,SKIP,https://www.massimodutti.com/us,USD,complete,"https://www.massimodutti.com/us/men/jumpers/crew-neck-n1388 | https://www.massimodutti.com/us/men/cashmere/jumpers-n4526 | https://www.massimodutti.com/us/men/jackets-n1372 | https://www.massimodutti.com/us/men/shoes/moccasins-n1422 | https://www.massimodutti.com/itxrest/3/catalog/store/34009527/30359506/category/{1700073,2203465,680512,2096776}/product | https://www.massimodutti.com/itxrest/3/catalog/store/34009527/30359506/productsArray | https://www.massimodutti.com/us/leather-penny-loafer-l12720850","range outerwear | Category grids show no prices, so prices read from the site's own catalog API (store 34009527, catalog MD_USA 30359506) for every product id in each category (crew neck 70 of 70, cashmere jumpers 53 of 53, jackets 76 of 76, moccasins 29 of 29; a few ids return no name/price, likely unavailable); API prices in cents; storefront Leather penny loafer shows $320 matching API; no oldPrice (markdown) on any item. Sweater: low = Cable-knit round neck sweater and 100% merino wool round neck knit sweater $100 (100% cotton short sleeve knit sweater $80 and short-sleeve/henley styles excluded), high = 100% cashmere cable knit sweater $590 (in crew-neck category; plain Knit 100% cashmere round neck sweater is $320, 100% cashmere argyle $490). range outerwear: jackets are named descriptively, not by style, so no entry/elevated pair of the same style could be established with confidence (suede corduroy and technical suede items at $220 to $290 are suede-effect fabrics); plain range of men's jackets category excluding gilets, cardigans, overshirts and sweatshirt: low = Regular Fit Cotton Denim Jacket $180, high = Nubuck leather jacket with stand-up collar $690 (suede and nappa leather jackets $590). Shoes: moccasins/loafers category: low = Soft split leather loafers, Split suede leather loafer and Split leather loafers with moc toe $200, high = Leather penny loafer and Leather tassel loafer $320. US prices shown without tax (standard US)."
Vineyard Vines,SKIP,SKIP,SKIP,SKIP,SKIP,SKIP,SKIP,SKIP,SKIP,SKIP,108,328,168,228,43,99,-,SKIP,https://www.vineyardvines.com,USD,complete,https://www.vineyardvines.com/category/men-crewneck-sweaters | https://www.vineyardvines.com/category/mens-sweaters | https://www.vineyardvines.com/category/Mens-Blazers?sortBy=products_sorted_by_price_descending_prod | https://www.vineyardvines.com/category/mens-shoes,"range outerwear, shoes | Site now runs a Salesforce PWA with Algolia listings and viewport-virtualised tiles; read from rendered category pages (crewneck 6 of 6, jackets and vests 44 of 44, shoes 9 of 9); a site-wide Friends and Family 30% off promotion is running, struck-through list prices used, plus some clearance markdowns (list price used). Sweater: low = Folly Beach Garment-Dyed Crewneck / Folly Beach Textured Stripe Crewneck $108, high = Cashmere Silk Crewneck Sweater $328 (list; currently clearance $76.98). range outerwear: men's Jackets and Vests category contains no suede/leather/shearling jacket, so no entry/elevated pair; excluding sport coats/blazers, vests and quarter-zips: low = Stow and Go Shep Jacket $168 (another Stow and Go Shep Jacket listing is $178; Skyward Anorak $178), high = Seadrift Surf Jacket $228 (list; currently clearance $89.97). range shoes: no loafers; men's Shoes and Socks sells only own-label flip flops and slides: low = Classic Whale Foam Flip Flops $42.50, high = Embroidered American Flag Leather Flip Flops / Contoured Leather Flip Flops $98.50 (rounded half-up to 43 and 99). The men's outerwear lives under /category/Mens-Blazers (titled Jackets, Vests and Blazers); /category/mens-outerwear returns no matches."
Polo Ralph Lauren,SKIP,SKIP,SKIP,SKIP,SKIP,SKIP,SKIP,SKIP,SKIP,SKIP,130,498,185,798,178,548,-,SKIP,https://www.ralphlauren.com,USD,complete,https://www.ralphlauren.com/men-clothing-sweaters?prefn1=Brand&prefv1=Polo%20Ralph%20Lauren | https://www.ralphlauren.com/brands-polo-ralph-lauren-men-outerwear-cg | https://www.ralphlauren.com/men-footwear-loafers,"Carried from the 18 Sep pilot, not re-read. Filtered to the Polo Ralph Lauren label. Sweater: Mesh-Knit Cotton Crewneck 130 -> The Iconic Cable-Knit Cashmere Sweater 498. Outerwear (76 items): Bayport Poplin Jacket 185 -> Bayport Suede Jacket 798. Shoes (Polo-label loafers): Alston Suede Penny 178 -> Maestra loafers 548; Purple Label loafers (995) excluded. The Brand filter on sweaters leaks non-sweater and boys' tiles, so its '295 items' count is not a sweater count."
RRL,SKIP,SKIP,SKIP,SKIP,SKIP,SKIP,SKIP,SKIP,SKIP,SKIP,395,1800,495,2200,195,1400,-,SKIP,https://www.ralphlauren.com,USD,complete,"https://www.ralphlauren.com/brands-double-rl-men-shop-all-cg?prefn1=CategoryCode&prefv1=Sweaters&ns=sweaters&sz=200&srule=price-low-to-high | https://www.ralphlauren.com/brands-double-rl-men-shop-all-cg (Outerwear and Shoes category links, sz=200, price low to high) | https://www.ralphlauren.com/men-clothing-sweaters/waffle-knit-cotton-wool-sweater/100028156.html","range sweater, shoes | Read from the RRL-only men's shop-all category (brands-double-rl-men-shop-all-cg, 358 items) filtered by its own Category links, not the Brand facet; every tile labelled RRL; guessed per-label slugs like brands-double-rl-men-outerwear-cg return 404. Tile prices are Standard Price in USD. range sweater: 20 sweaters, only one crewneck (Waffle-Knit Cotton-Wool Sweater $395, crewneck with V-inset) and no cashmere crewneck, so category range used: low $395, high = Patchwork Wool-Blend Sweater Jacket $1800 (Plaid Wool Cardigan $1400; Wool-Cashmere and cashmere pieces are cardigans or workshirt sweaters). Outerwear: 29 items; Flight Jacket is the cheapest style clearly named in both entry and elevated versions: low = Wool-Blend Flight Jacket $495, high = Suede Flight Jacket $2200; denim truckers start at $390 but no suede/leather trucker is named as such (Roughout Suede Jacket $1900 has a point collar, style unconfirmed); vests and Suede Western Shirt Jacket excluded; dearest outerwear overall Shearling-Panel Leather Jacket $2800. range shoes: no loafers among 17 RRL shoes; low = Leather Flip-Flop $195 (cheapest non-sandal is Canvas Sneaker $245), high = Roughout Suede Boot / Leather Boot / Plainview Roughout Suede Boot $1400. Only markdowns seen were two sweaters (Wool-Cotton Shawl-Collar Cardigan was $945, Airplane-Graphic Full-Zip Cardigan was $1400), not used as bounds."
J.McLaughlin,SKIP,SKIP,SKIP,SKIP,SKIP,SKIP,SKIP,SKIP,SKIP,SKIP,298,328,348,998,328,565,-,SKIP,https://www.jmclaughlin.com,USD,complete,https://www.jmclaughlin.com/collections/men-sweaters | https://www.jmclaughlin.com/collections/men-jackets-outerwear | https://www.jmclaughlin.com/collections/men-shoes | https://www.jmclaughlin.com/products/winston-suede-jacket-solid-espresso | https://www.jmclaughlin.com/products/spade-chore-jacket-solid-dk-navy | https://www.jmclaughlin.com/products/suede-overshirt-solid-navy,"range outerwear | Headless Shopify storefront: /products.json returns 404, so prices read from rendered collection pages after scrolling to load all tiles (sweaters 41 of 41, jackets/outerwear 20 of 20, shoes 13 of 13) and product pages for necklines; USD, no markdowns seen. Sweater: crewnecks are Hewitt Sweater (90% wool 10% cashmere), Aidan Sweater (wool-cotton cable crew) and their variants at $298, and Caldwell Cashmere Sweater (100% cashmere crew) $328: low $298, high $328; other cashmere pieces are polos, V-necks, quarter-zips or mock necks. range outerwear: no style offered in both entry fabric and suede; the category is mostly Suffolk/Lawerence/Notting/Canary sport coats and blazers plus Nicholas Quilted Vest (excluded); low = Spade Chore Jacket $348 (100% wool chore jacket), high = Winston Suede Jacket $998 (goat suede hunting jacket); Charlestown Jacket $498 in between; Fieldston Suede Jacket $898 (handle suede-overshirt, button-front spread-collar) excluded as a shirt-jacket. Shoes: own-label loafers low = Oskar Suede / Oskar Leather Belgian Loafers $328 (Camden moccasins also $328), high = Ezra Suede Tassel Loafers $565; J.McLaughlin x Walksauce Ward Velvet Slippers $625 excluded as collab."
Peter Millar,SKIP,SKIP,SKIP,SKIP,SKIP,SKIP,SKIP,SKIP,SKIP,SKIP,235,998,178,1295,275,395,-,SKIP,https://www.petermillar.com,USD,complete,https://www.petermillar.com/c/men/tops/sweaters?srule=price-low-to-high&sz=200 | https://www.petermillar.com/c/men/outerwear/jackets-and-coats?srule=price-low-to-high&sz=200 | https://www.petermillar.com/c/men/shoes?srule=price-low-to-high&sz=200,"Category pages sorted price low to high with sz=200 (no item count printed; lists end before the recommendations carousel); USD, no markdowns shown. Sweater: low = Autumn Crest Honeycomb Crewneck Sweater $235 (Crown), high = First Fleece Cashmere Crewneck Sweater $998 (Crown Crafted, Peter Millar's upper own-label tier); if only the Crown line counts, high = Crown Heritage Cashmere Crewneck Sweater $358. Outerwear: chore coat is the cheapest style also sold in cashmere: low = Oasis Chore Coat $178 (Crown; also Corduroy Knit Chore Coat $178), high = Artisan Crafted Cashmere Chore Coat $1295 (Crown Crafted); note these chore coats are knit sweater-jackets (Oasis also appears in the sweaters list); excluded Limited Edition 25th Anniversary Cashmere Suffolk Jacket $1998, shirt jackets and blazers; dearest outerwear overall Italian Double-Faced Cashmere Coat $2995. Shoes: own-label loafers low = Excursionist Penny Loafer / Excursionist Venetian Loafers $275, high = Oxford Tassel Loafer $395 (Madison penny/bit loafers $350); Kiely Driving Moccasin $250 and Suffolk drivers ($295 to $350) not counted as loafers."
Ted Baker,SKIP,SKIP,SKIP,SKIP,SKIP,SKIP,SKIP,SKIP,SKIP,SKIP,175,450,325,875,190,190,-,SKIP,https://www.tedbaker.com,USD,complete,https://www.tedbaker.com/products.json?limit=250&page=1..6 | https://www.tedbaker.com/products/parliament-dk-brown,"US Shopify store (Shopify.currency USD rate 1.0, country US), feed 1302 products; vendor field is the licensee (Authentic, Licensee Aldo for shoes, Licensee PVH etc.) - all products are Ted Baker branded, so treated as own label; men's filtered by Menswear tag; titles are style codes, descriptions used for neckline/fibre. Storefront PARLIAMENT shows $190.00 matching feed. Sweater: low = LOUNG crew-neck wool-blend jumper $175 (full price), high = GLANT pure cashmere cable crew-neck jumper $450 (compare-at; currently marked down). Outerwear: utility jacket is the cheapest style also offered in suede: low = TRENNT utility jacket (cotton-rich linen twill) $325, high = WYNELL workwear/utility jacket in suede $875; next pair would be bomber (JENESIS cotton-nylon $345 vs LEEAMS leather $795 / PEVERIL suede $595); WALDEN coach jacket $235 and Harringtons from $295 have no suede/leather version; knit cardigan-jackets, overshirts, gilet-hybrid DURANO excluded; dearest men's outerwear is WALD sheepskin shearling aviator $2500. Shoes: only one men's loafer, PARLIAMENT grained leather penny loafer $190, so low = high; other men's shoes are BRENTFORD trainer $150, HACKNEY/OGILVIE lace-ups $190-$195, BLACKBURN boot $270."
Scotch & Soda,SKIP,SKIP,SKIP,SKIP,SKIP,SKIP,SKIP,SKIP,SKIP,SKIP,98,238,248,668,108,108,-,SKIP,https://www.scotchandsoda.com,USD,complete,https://www.scotchandsoda.com/products.json?limit=250&page=1..17 | https://www.scotchandsoda.com/products/izomi-m-11a-loafers-78-3105-01-a00_a00-black,"range sweater | US Shopify store (USD rate 1.0), feed 4061 products incl. many sold-out older seasons; vendor field is licensees (United Legwear apparel, Bos Group footwear, Mamiye kids), all Scotch & Soda branded; men's filtered by gender:men tag; storefront Izomi Loafers shows $108.00 struck / $54.00, matching feed compare_at 108. range sweater: no cashmere/elevated-fibre crewneck (best are 50% merino-cotton or alpaca-blend acrylic mixes), so category range used: low = Core - Viscose Pullover Crewneck $98 (full price, in stock), high = Argyles jacquard dropped shoulder pullover $238 (compare-at, in stock, marked down); highest men's sweater in feed. Outerwear: blouson is the cheapest style also sold in leather: low = Tailored Checked Blouson $248 (in stock, full price; an older Cotton linen zip-thru twill blouson $228 is sold out), high = Leather Blouson Jacket $668 (compare-at; sold out but still published); alternatives: varsity (cloth $318 to $478, sold out) vs Jacquard Leather Varsity Jacket $498; dearest men's outerwear Hooded Flight Leather Jacket $898; overshirts/shackets excluded. Shoes: only own-label men's loafer is Izomi Loafers $108 (several colourways, all $108 compare-at, currently $54), so low = high."
NN07,SKIP,SKIP,SKIP,SKIP,SKIP,SKIP,SKIP,SKIP,SKIP,SKIP,210,410,420,1900,NONE,NONE,Shoes,SKIP,https://www.nn07.com/en/us/,USD,complete,https://www.nn07.com/en/us/knitwear (pages 1-3) | https://www.nn07.com/en/us/jackets | https://www.nn07.com/en/us/accessories/shoes,"US storefront lists prices in USD on category pages (read via page text/HTML; 100 of 101 knitwear tiles captured, 38 of 38 jackets). Sweater: low Danny Lightweight sweater 210 (polyester-blend crewneck; Kevin Ribbed organic cotton sweater also 210); high Noah Crew Neck sweater 410 (wool and alpaca blend, Italian yarn), the dearest crewneck in an elevated fibre; Hope Rib knitted sweater 280 is cotton/cashmere; Albert 510 is a v-neck (excluded). Outerwear: Petrus is the cheapest style also sold in leather: low Petrus Satin jacket 420, high Petrus Lamb Leather jacket 1900 (Petrus Rigid organic cotton denim jacket 455). Owen Premium suede two-way zipper jacket 1495 and Freddy goat suede overshirt 1090 not used. Shoes: all 7 footwear items are collaborations (NN.07 x Fracap M121/M120/M127, NN.07 + Sebago Docksides) = NONE for own-label. No markdown prices shown on these pages. Root nn07.com shows a location picker; used /en/us/."
Samsøe Samsøe,SKIP,SKIP,SKIP,SKIP,SKIP,SKIP,SKIP,SKIP,SKIP,SKIP,SKIP,SKIP,SKIP,SKIP,SKIP,SKIP,NC,https://www.samsoe.com/en-US/search?q=,https://www.samsoe.com/en-US,NC,complete,https://www.samsoe.com/ | https://www.samsoe.com/en-US/search?q=jeans,"Search-URL-only row. Root domain defaults to /en-DK (DKK) by geolocation; /en-US storefront shows USD. Tested https://www.samsoe.com/en-US/search?q=jeans: returns results (Shelly Jeans 230.00 USD, Saharpo Jeans, Saeddie Jeans etc.), so the word jeans passed. A newsletter popup appears on first load (closed, nothing submitted). not_a_staple and currency_basis left NC per spec."
Les Deux,49,99,129,189,139,189,159,219,139,189,149,279,299,829,289,289,-,https://lesdeux.us/search?q=,https://lesdeux.us,USD,complete,https://shop.lesdeux.us/products.json | https://lesdeux.us/collections/clothing-knitwear | https://lesdeux.us/products/pinstripe-knitted-polo-black | https://lesdeux.us/products/striped-melange-knitted-polo-mountain-grey-melange | https://lesdeux.us/products/gradient-knitted-polo-spiced-plum-purple | https://lesdeux.us/products/flower-jacquard-shirt-black | https://lesdeux.us/search?q=jeans,"lesdeux.us is a headless Hydrogen store; used the Shopify online-store feed at shop.lesdeux.us/products.json (1480 products incl. kids/co-lab/archived) and kept only products whose lesdeux.us/products/<handle> page returns 200 (many feed items 404 on the live US site, e.g. Kalen AOE Shirt 229, Geraldo Handmade Shirt 299). Storefront check: Pinstripe Knitted Polo $189 on page = 189 in feed; Rib Crewneck Knit $149 on page = feed. No compare_at markdowns on chosen items. Tee (analogous rule): low Core T-Shirt 49; high Heavyweight T-shirt / Stamp T-Shirt / Knitted Check T-Shirt 99 (excluded basketball Mesh T-Shirt 119 and Check AOP Mesh T-Shirt 119 as sports-mesh/v-neck, and football jerseys, LS tees, Prince collab tees). Polo (analogous rule, short-sleeve knit polos only): low Signature Knit Polo / Knitted Stripe Polo 129; high Pinstripe Knitted Polo 189 (verified short sleeve on page); Striped Melange Knitted Polo 219 and Gradient Knitted Polo 219 are long-sleeve (verified), Prince polos excluded as collab. Dress shirt: low Cotton-Linen Shirt / Core Oxford Shirt 139; high Flower Jacquard Shirt 189 (long-sleeve camp-collar button-front woven; next is Oxford Patchwork Shirt 179). Jeans (analogous rule): low Ryder Washed Denim Jeans Medium Indigo 159; high Roi Bleached Denim Jeans / Roi Coloured Washed Denim Jeans / Roi Stamp Jacquard Jeans 219 (Ryder Jeans Black/Ivory 159 are twill pants, excluded). Dress pants (analogous rule): low Como Suit Pants / Como Reg Suit Pants 139; high Wool Reg Suit Pants / Herringbone Tailored Pants 189. Sweater: low Rib Crewneck Knit 149 (100% cotton; Light Gradient Knit also 149); no cashmere crewneck exists, so high = dearest wool crewneck Check Knit 279 (100% wool, tagged Crewneck knit). Outerwear: cheapest style also sold in leather is the varsity: low Varsity Tech Jacket 299, high Leather Varsity Jacket 829 (100% leather); wool Varsity Jacket is 689. Shoes: own loafers Grain Leather Loafer 289 and Croco Mix Loafer 289, so low = high = 289. Search URL passed with jeans (20 products). Hydrogen root loader reports currency EUR but all displayed prices are $ on the United States storefront."
Norse Projects,SKIP,SKIP,SKIP,SKIP,SKIP,SKIP,SKIP,SKIP,SKIP,SKIP,270,395,338,1600,NONE,NONE,Shoes,SKIP,https://www.norseprojects.com,USD,complete,https://www.norseprojects.com/products.json | https://www.norseprojects.com/products/nordrevik-baby-alpaca-sweater-walnut,"range outerwear | Shopify feed, 489 products, Shopify.currency active USD (country US); storefront check Nordrevik Baby Alpaca Sweater Walnut shows $360.00 USD = feed 360. No compare_at markdowns on chosen items. Sweater: low Norse Standard Merino Lambswool Sweater 270 and Henning Cotton Wool Rib Sweater 270 (crewneck); no cashmere crewneck, so high = Nordrevik Baby Alpaca Sweater 395 (super fine alpaca blend raglan crew with v-notch; some colours 360); Hirtshals Tech Merino Waffle Crewneck also 395; Nordhavn Aran Crewneck Sweater 465 is wool/cotton cable, not elevated fibre. range outerwear: no jacket sold in suede/shearling/cashmere/leather, so plain range of Light Jackets excl. overshirts and blazers: low Vrigsted Wide Wale Corduroy Chore Jacket 338 (some colours 395; if chore jackets count as shirt-jackets the next is Storadal Heavy Twill Type II Jacket 395), high Reilstad Donegal Wool Balmacaan Raglan Coat 1600; autumn heavy outerwear may not be fully released yet. Shoes: only three styles (NP Ravn 575, NP Thiers Rocade 600, NP Fasan 600) and all are Paraboot for Norse Projects collaborations, so no own-label shoes = NONE."
Vollebak,SKIP,SKIP,SKIP,SKIP,SKIP,SKIP,SKIP,SKIP,SKIP,SKIP,395,395,3295,4295,NONE,NONE,Shoes,SKIP,https://vollebak.com/en-us,USD,complete,https://vollebak.com/products.json | https://vollebak.com/en-us/products.json | https://vollebak.com/en-us/products/sub-zero-sweater-grey-marl-edition | https://vollebak.com/en-us/products/planet-earth-sweater-grey-edition | https://vollebak.com/en-us/products/garbage-sweater | https://vollebak.com/en-us/products/antarctic-sweater-navy-edition,"Shopify feed, 214 products, Shopify.currency active USD (base GBP, rate 1.336); storefront check Sub Zero Sweater shows $795 = feed, Planet Earth Sweater shows $158 sale from $395 = feed compare_at. Sweater: the only crewneck is Planet Earth Sweater (seamless cashmere and superfine merino), full price 395 (currently marked down to 158), so low = high = 395; entry is already the premium fibre. Excluded: Sub Zero Sweater 795 (mock neck, verified), Garbage Sweater 595 (snap mock neck), Antarctic Sweater 495 (high roll neck), cardigans and knitted polo. Outerwear: the only jacket style also sold in an elevated material is the Shielding Jacket: low Shielding Jacket 3295, high Leather Shielding Jacket 4295 (no markdown on either); many cheaper jackets exist (e.g. Race to Zero Puffer 495 full price) but none has a leather/suede/shearling/cashmere version. Mycelium Jacket 65995 and Eiderdown pre-order puffers ignored. Shoes: brand sells no footwear (no shoe/sneaker/boot/loafer items in feed) = NONE."
Stone Island,SKIP,SKIP,SKIP,SKIP,SKIP,SKIP,SKIP,SKIP,SKIP,SKIP,420,1425,900,6250,565,600,-,SKIP,https://www.stoneisland.com/en-us/,USD,complete,https://www.stoneisland.com/en-us/collection/knitwear (pages 1-5) | https://www.stoneisland.com/en-us/collection/coats-and-jackets (pages 1-7) | https://www.stoneisland.com/en-us/collection/shoes,"range shoes | Read US category pages (USD, no sale prices shown). Knitwear: 88 of 89 tiles read. Sweater low 5100062 Light Raw Hand Organic Cotton regular-fit crewneck 420; high 5100036 Cashmere S.I. Ghost regular-fit crewneck with raglan sleeves 1425 (100% cashmere). Ghost is a Stone Island sub-collection; if Ghost is not main-line, the dearest non-Ghost elevated crewneck is 5100050 Baby Alpaca Blend loose-fit crewneck 800. Outerwear: 117 of 118 tiles read (59 styles); the only style sold in an elevated material is the coach jacket: low 4100006 Indigo Denim-Rinsed coach jacket 900 (Q100022 Crinkle Reps padded coach 990, Q100008 Warp Rib Nylon coach 995), high 0100004 Bonded Rubberised Leather S.I. Ghost coach jacket 6250 (also Ghost line). range shoes: no loafer; own-label sneakers S100010 Poly Mesh low-top 565 and S100020 Canvas Suede low-top 600; Stone Island x New Balance sneakers (250) and soccer boots excluded as collaborations; shoe page lists 8 products, 6 tiles read plus 2 soccer-boot links."
A Bathing Ape,SKIP,SKIP,SKIP,SKIP,SKIP,SKIP,SKIP,SKIP,SKIP,SKIP,SKIP,SKIP,SKIP,SKIP,SKIP,SKIP,NC,https://us.bape.com/search?q=,https://us.bape.com,NC,complete,https://us.bape.com/search?q=jeans,"Search-URL-only row. Tested https://us.bape.com/search?q=jeans: returns results (e.g. Shark Relaxed Fit Denim Pants, STA Regular Fit 13 oz Denim Pants, Color Stone 13 oz Denim Pants), so the word jeans passed. not_a_staple and currency_basis left NC per spec for search-only rows."
Canada Goose,SKIP,SKIP,SKIP,SKIP,SKIP,SKIP,SKIP,SKIP,SKIP,SKIP,375,575,550,2075,395,850,-,SKIP,https://www.canadagoose.com/en-us,USD,complete,https://www.canadagoose.com/en-us/collections/mens-knitwear/products.json | https://www.canadagoose.com/en-us/collections/mens-outerwear/products.json | https://www.canadagoose.com/en-us/collections/mens-shoes/products.json | https://www.canadagoose.com/en-us/products/rosseau-sweater-7091m | https://www.canadagoose.com/en-us/products/habel-knit-crew-7610mt | https://www.canadagoose.com/en-us/products/matawin-knit-crew-7646mt | https://www.canadagoose.com/en-us/collections/mens-knitwear,"range outerwear, shoes | Canada Goose has moved to Shopify (batch said salesforce_commerce): old /us/en/ category URLs 404, store is now /en-us/collections/...; Shopify.currency active USD (base CAD); feed matches page prices (e.g. Mckinney Knit Quarter Zip $625, Rosseau Sweater $375). No compare_at markdowns anywhere in mens outerwear/knitwear. Sweater: crewnecks are all merino, no cashmere: low Rosseau Sweater 375 (merino crewneck, verified from product image; page copy wrongly says 1/4 zip), high Habel Knit Crew 575 (100% extrafine baby merino, Italian yarn); Matawin Knit Crew 475. range outerwear: no mens jacket in leather/suede/shearling/cashmere (94 items), so plain range: low Faber Lightweight Bomber 550 / Regency Lightweight Jacket 550, high Snow Mantra Parka 2075 (vests excluded; cheapest vest 550 anyway). range shoes: no loafer; own-label footwear low Mens Ossington Sneaker 395, high Leo Boot 850 (8 items)."
Arc'teryx,SKIP,SKIP,SKIP,SKIP,SKIP,SKIP,SKIP,SKIP,SKIP,SKIP,NONE,NONE,180,1200,140,280,Sweater,SKIP,https://arcteryx.com/us/en,USD,complete,https://arcteryx.com/us/en/c/mens/footwear | https://arcteryx.com/us/en/c/mens/shoes | https://arcteryx.com/us/en/c/mens/shirts-and-tops | https://arcteryx.com/us/en/c/mens/fleece | https://arcteryx.com/us/en/c/mens/veilance | https://arcteryx.com/us/en/c/mens/shell-jackets | https://arcteryx.com/us/en/c/mens/insulated-jackets,"range outerwear, shoes | Read the Next.js initialProductList on each US category page (currencyCode USD, price = discountPrice everywhere, so no markdowns; lists complete e.g. insulated 19 of 19 Items). Sweater: no knit crewneck sweater in mens main line or Veilance (only fleece crews such as Emblem Fleece Crew Neck Pullover 120 and Konseal Crew Neck Pullover 180, and Veilance Conic Wool Half Zip 350) = NONE. range outerwear: no leather/suede/shearling/cashmere jacket, so plain range of shell + insulated jackets excl. vests: low Squamish Jacket 180 (windshell), high Sperro SV Jacket - 0 1200; if Sperro is treated as a special edition the next highest are Alpha SV Jacket 900 and Therme Down Parka 900. Veilance (sub-line, e.g. Field Jacket 900) excluded. range shoes: no loafer; mens footwear (13 items) low Kragg Shoe / Kragg Aura Shoe 140, high Konseal Trek Boot 280."
Vince,SKIP,SKIP,SKIP,SKIP,SKIP,SKIP,SKIP,SKIP,SKIP,SKIP,298,398,498,1598,225,298,-,SKIP,https://www.vince.com,USD,complete,https://www.vince.com/men-sweaters/?sz=200 | https://www.vince.com/men-jackets-outerwear/?sz=200 | https://www.vince.com/men-loafers-lace-ups/?sz=200 | https://www.vince.com/men-shoes/?sz=200,"Read US category pages with sz=200 (all items on one page; tiles are one per colour so 72 sweater items = 34 styles, 55 outerwear items = 42 styles, 73 shoe items = 39 styles); no tile showed a struck-through/sale price. Sweater: low Geo-Jacquard Wool-Blend Crew Neck Sweater 298 (Milano Short-Sleeve Crew Neck 298 excluded as short sleeve); high Cashmere Crew Neck Sweater 398; Featherweight Wool-Cashmere Crew Neck Sweater 368, Macro-Waffle Crew Neck Sweater 425 (fibre not stated in name, not cashmere). Several higher-priced pullovers (Italian Merino Wool-Blend Boucle Raglan-Sleeve Sweater 528, Super Space-Dye Merino Wool Sweater 528, Mega Cable Extrafine Merino 448) have unverified necklines and are merino, not cashmere. Outerwear: cheapest style also sold in leather is the trucker: low Cotton-Linen Trucker Jacket 498, high Nubuck Leather Trucker Jacket 1598 (next pair would be Italian Cotton-Linen Band-Collar Bomber 548 vs Leather Aviator Bomber 1698). Shirt jackets, sport coats, blazers, vests excluded. Shoes: own loafers low Sonoma Suede Loafer / Sonoma Leather Loafer 225, high Sonoma Woven Suede Loafer 298 (Canyon loafers 275)."
Rails,SKIP,SKIP,SKIP,SKIP,SKIP,SKIP,SKIP,SKIP,SKIP,SKIP,168,248,198,398,NONE,NONE,Shoes,SKIP,https://www.rails.com,USD,complete,https://www.rails.com/products.json | https://www.rails.com/products/laurent-sweater-black | https://www.rails.com/products/lars-sweater-lodgecrest-farisle,"range outerwear | Shopify feed, 1952 products (mostly womens); men identified by product_type MEN or men* tags (344 items). Shopify.currency active USD rate 1.0; storefront check Lars Sweater $268 and Laurent Sweater $248 = feed. No compare_at markdowns on chosen items. Sweater: low Augustus Sweater 168 (100% cotton crew); high Laurent Sweater 248 (82% merino 18% cashmere, crewneck verified on page). Lars Sweater 268 is a fair isle crew in 50% recycled nylon 25% mohair 25% wool, not counted as elevated fibre; Carrick Sweater 218 wool/camel. Theo Short Sleeve Sweater 148 excluded (short sleeve). range outerwear: no mens jacket in suede/shearling/leather/cashmere, so plain range excl. shirt jackets: low Cooke Jacket 198 (full-zip western jacket, organic cotton/hemp), high Rainier Parka 398 and Hockney Overcoat 398 (Rhett Shirt Jacket 198 excluded as shirt-jacket). Shoes: all footwear (Braga Loafer 348, flats, heels, sandals) is womens; no mens shoes = NONE."
Club Monaco,SKIP,SKIP,SKIP,SKIP,SKIP,SKIP,SKIP,SKIP,SKIP,SKIP,128,228,328,498,128,128,-,SKIP,https://www.clubmonaco.com,USD,complete,https://www.clubmonaco.com/products.json | https://www.clubmonaco.com/collections.json | https://www.clubmonaco.com/collections/mens-knitwear/products.json | https://www.clubmonaco.com/products/lightweight-cashmere-crewneck-795101787-100,"range outerwear: no mens jacket style in suede/shearling/leather/cashmere, so plain range of Men-Outerwear excl. Poplin Shirt Jacket and corduroy shirt jacket: low Lightweight Wool Refined Bomber 328 (compare_at; currently marked down), high Wool Blend Padded Parka 498 (compare_at; marked down); Loukas Funnel Neck Coat 398. range shoes: only own mens shoe is Club Monaco Leather Sneaker 128, no loafer, so 128-128. Sweater: low Merino Crew 128 (100% merino, full price); high Lightweight Cashmere Crewneck 228 (100% cashmere, full price; page shows $228.00 = feed). Cashmere Crewneck Sweater 298 is womens. Shopify feed is small (512 products, men about 170); Shopify.currency USD rate 1.0. collections.json products_count figures (e.g. mens-knitwear 142) are far above what the collection feeds return (19) and /collections/mens-knitwear redirects to the homepage, so the live mens assortment is thin; almost all mens outerwear is on markdown. Feed also contains stocked MOTHER and Levis 501 items (excluded)."
PAIGE,SKIP,SKIP,SKIP,SKIP,SKIP,SKIP,SKIP,SKIP,SKIP,SKIP,229,259,289,929,198,428,-,SKIP,https://paige.com,USD,complete,https://paige-7873.myshopify.com/products.json | https://paige.com/collection/men-sweaters-and-sweatshirts | https://paige.com/collection/men-jackets | https://paige.com/collection/men-shoes | https://paige.com/products/men-banuelo-sweater-farro | https://paige.com/products/men-cortazo-sweater-twisted-pinecone,"range sweater: no live mens crewneck in an elevated fibre (Matsuda Sweater 249 merino blend is in the feed but not in the live 12-product Sweaters and Sweatshirts collection), so plain crewneck range: low Wildomar Sweater 229 (mercerized cotton) and Cortazo Sweater 229, high Banuelo Sweater 259 (100% cotton boucle, crewneck verified on page). range outerwear: only elevated-material jacket is Rocoso Moto Jacket 929 (lamb leather) with no fabric version of that moto, so plain range of the 12-product live Jackets collection excl. Baltimore Shacket (shirt-jacket, 689): low Erickson Jacket 289, high Rocoso Moto Jacket 929 (Anselmo Coat 649). range shoes: no loafer; live Shoes collection (18) is sneakers, slides, boots: low Reims Sneaker 198 full price (on sale 99.90), high Ulrich Boot 428 full price (on sale 214.90). paige.com is headless (no /products.json); used the backing Shopify feed paige-7873.myshopify.com/products.json (991 products, includes items not on the live site) and confirmed every figure against the live collection pages, which show USD list prices (a sitewide Friends and Family extra 25% off at checkout is running; list prices used). Fetching paige.com/products/<handle> returns 200 even for dead products (client-side 404), so status checks are unreliable there."
AG,SKIP,SKIP,SKIP,SKIP,SKIP,SKIP,SKIP,SKIP,SKIP,SKIP,185,185,245,895,NONE,NONE,Shoes,SKIP,https://www.agjeans.com,USD,complete,https://www.agjeans.com/products.json | https://www.agjeans.com/collections.json | https://www.agjeans.com/collections/mens-sweaters/products.json | https://www.agjeans.com/collections/mens-jackets-and-outerwear/products.json | https://www.agjeans.com/products/charles-jacket-classic-fit-leather-jacket-4797dlladvr,"range sweater: mens-sweaters collection feed returns only Beck Crew Sweater 185 (knitted soft cotton crewneck, described as a relaxed-fit sweatshirt) and Josiah Mohair Sweater 365 (a v-neck cardigan, excluded); no elevated-fibre crewneck, so low = high = 185. collections.json says mens-sweaters has 42 products but the feed returns 3. range outerwear: only elevated-material jacket is Charles Jacket (100% leather, page calls it Leather Bomber) with no fabric bomber twin; the SUD jackets (Dart Jacket SUD, Philip SUD Jacket 427) are sueded cotton sateen, not suede; Elias Suede Shirt Jacket 750 excluded as shirt-jacket. Plain range of mens-jackets-and-outerwear (33 items) excl. Owen shirt jacket, vest, blazer, utility shirt, cardigan: low Dart Jacket 245 (denim trucker), high Charles Jacket 895 full price (page shows 895 USD struck through, 627 USD sale). Shoes: no footwear in the feed (only Farrah Boot-cut jeans match boot) = NONE. Shopify.currency USD rate 1.0."
Ksubi,SKIP,SKIP,SKIP,SKIP,SKIP,SKIP,SKIP,SKIP,SKIP,SKIP,240,240,420,1000,NONE,NONE,Shoes,SKIP,https://ksubi.com,USD,complete,https://ksubi.com/products.json | https://ksubi.com/products/slouchy-leather-bomber-jacket-aged-brown,"range sweater: the only mens knit crewneck is Divide Sweater Black 240 (tagged KNITWEAR / KW CREW NECKS, cropped fashion fit, full price 240, currently marked down); no elevated-fibre crewneck, so low = high = 240. Excluded: Biggie Crew items (sweatshirts, 170-180), Trippie Knit (Ksubi x Trippie Redd collab, turtleneck), cardigans. Outerwear: cheapest style also sold in leather is the slouch hooded bomber: low Slouch Bomber Jacket Faded Black / Faded Indigo 420 (100% cotton), high Slouchy Leather Bomber Jacket Aged Brown 1000 (page shows $1,000.00 = feed). SOTT Slouchy Bomber Jacket Raw 440 (denim) is the Sign of the Times sub-line. Other leather: Capitol Leather Jacket 899, Eldorado Leather Jacket 950 full price. Shoes: no footwear in feed = NONE. Shopify.currency USD rate 1.0, 1386 products."
Purple,SKIP,SKIP,SKIP,SKIP,SKIP,SKIP,SKIP,SKIP,SKIP,SKIP,350,495,395,1375,345,345,-,SKIP,https://purple-brand.com,USD,complete,https://purple-brand.com/products.json | https://purple-brand.com/products/inked-gothic-p-sweater-black | https://purple-brand.com/products/m7045-wfbb125,"range shoes | Shopify feed 1360 products, Shopify.currency USD rate 1.0; storefront checks Inked Gothic P Sweater $350.00 USD = feed, Foil Sweater $545.00 USD list (245.25 sale) = feed compare_at. Sweater: low Inked Gothic P Sweater 350 (cotton chenille crewneck verified on page, currently sold out); high Smoke Show Sweater 495 full price (41% alpaca blend crewneck, marked down); Gothic P Sweater 475 is the same alpaca blend. Foil Sweater 545 is 100% plain wool, not counted as elevated fibre. Outerwear: cheapest style also sold in leather is the trucker: low P007 Denim Trucker Jacket Exclusive Washed Grey Jacquard 395, high P028 Leather Trucker Jacket Brilliant White 1375 full price (marked down); other leather truckers 1000-1350. Excluded P034 shirt jacket, NBA and Alpha Industries collab bombers. range shoes: only footwear is S001 Court Low sneaker 345 (no loafer), so 345-345. Women-tagged items excluded."
Diesel,SKIP,SKIP,SKIP,SKIP,SKIP,SKIP,SKIP,SKIP,SKIP,SKIP,295,495,350,1395,495,595,-,SKIP,https://diesel.com/en-us/,USD,complete,https://diesel.com/en-us/man/sweaters/?sz=200 | https://diesel.com/en-us/man/jackets/?sz=200 | https://diesel.com/en-us/man/footwear/?sz=200 | Diesel product pages for the knit and jacket candidates (descriptions and compositions fetched from the US site),"Read US category tiles with sz=200 (sweaters 34 tiles, jackets 60 tiles / 53 styles, footwear 56 tiles); no tile showed a second (sale) price. Page stated counts not visible, so shortfall unknown. Sweater: low Reverse-print cotton jumper 295 (crewneck per description; other 295 jumpers have no neckline stated); high Jumper in wool and alpaca blend 495 (50% wool 20% alpaca, crewneck verified on page, $495). Alpaca-blend jumper with spray-dyed seams 595 is a mock neck; runway pieces excluded. Outerwear: cheapest style also sold in leather is the biker: low Colour-block biker jacket with piping 350 (recycled nylon moto biker), high Biker jacket in treated leather 1395 (100% cow leather); Biker jacket in waxed leather 1150, colour-block perforated leather 1195. Runway Show FW26 Aviator jacket in treated leather 2150 excluded as runway. Alternatives if the nylon moto is not judged the same style: coach (Coach jacket in rinse denim 495 / Coach jacket in treated leather 1195). Shoes: loafers low D-Amber penny loafers in leather 495, high D-Tex moccasin-style shoes in brushed leather 595 (moccasin-style counted as loafer; if not, low = high = 495)."
Citizens of Humanity,SKIP,SKIP,SKIP,SKIP,SKIP,SKIP,SKIP,SKIP,SKIP,SKIP,NONE,NONE,328,798,NONE,NONE,Sweater;Shoes,SKIP,https://citizensofhumanity.com,USD,complete,https://citizensofhumanity.com/products.json | https://citizensofhumanity.com/collections/men/products.json | https://citizensofhumanity.com/collections/mens-jackets/products.json | https://citizensofhumanity.com/collections/mens-sweatshirts/products.json | https://citizensofhumanity.com/products/deck-suede-jacket-brown,"range outerwear: no jacket style is sold in both entry and elevated material (only suede piece is Deck Suede Jacket $698, with no non-suede Deck), so plain men's jacket range: low Box Denim Jacket in Crosshatch $328, high Service Jacket in Andromeda $798 and Hopper Denim Jacket in Corbin $798 (other: Utility Jacket $428-458, Brando Denim $498, Service Jacket Heirloom $548, Hunter $598, Deck Suede $698). products.json 985 products (Shopify.currency USD rate 1.0); men's collection 281 products, no markdowns (no compare_at) on men's items. Sweater NONE: no men's knit crewneck sweater; Waffle Crewneck ($168) is a midweight thermal waffle knit, Vintage Crewneck Sweatshirt ($188) is a sweatshirt, Rugby Pullover ($228) is knit fleece, Half Button Pullover ($258) is cotton pique.  Shoes NONE: no footwear in catalogue (product types Pants/Tops/Jackets only for men). Storefront check: Deck Suede Jacket page shows $698.00 matching feed."
AGOLDE,SKIP,SKIP,SKIP,SKIP,SKIP,SKIP,SKIP,SKIP,SKIP,SKIP,NONE,NONE,348,995,NONE,NONE,Sweater;Shoes,SKIP,https://agolde.com,USD,complete,https://agolde.com/products.json | https://agolde.com/collections/mens-tops/products.json | https://agolde.com/collections/agolde-mens-tops-and-jackets/products.json | https://agolde.com/products/chadwick-jacket-black,"range outerwear: no jacket style sold in both entry and elevated material (Emil Bomber $558 exists only in suede, Seal Brown and Arizona; Chadwick Jacket $995 only in goatskin leather, Black and Bone), so plain men's jacket range: low Croydon Jacket (rigid denim) $348 and Dorian Jacket (denim) $348, high Chadwick Jacket goatskin leather $995 (others: Torres denim $368, Marshall Windbreaker nylon $398-438, Laurie cotton $548, Emil suede bomber $558). products.json 687 products (USD, rate 1.0); men's items under vendor AGOLDE MENS, no men's markdowns (no compare_at). Sweater NONE: men's tops are tees/shirts/hoodies/sweatshirts/rugby, no knit crewneck sweater.  Shoes NONE: no footwear. Storefront check: Chadwick Jacket in Black page shows $995.00 matching feed."
Fidelity Denim,SKIP,SKIP,SKIP,SKIP,SKIP,SKIP,SKIP,SKIP,SKIP,SKIP,NONE,NONE,NONE,NONE,NONE,NONE,Sweater;Outerwear;Shoes,SKIP,https://fidelitydenim.com,USD,complete,https://fidelitydenim.com/products.json | https://fidelitydenim.com/collections.json | https://fidelitydenim.com/products/mens-crew-neck-t-bk,"products.json 209 products (USD, rate 1.0); vendors Fidelity Denim and MODAM (ladies). Men's assortment is only jeans/5-pocket and twill pants (Jimmy, Torino, 50-11, 808, Firebird, Lockdown cargo) plus Mens Crew Neck T ($75); no men's sweaters, jackets/outerwear (only LADIES JACKETS product type) or footwear, so all three slots NONE. Storefront check: Mens Crew Neck T-Black page shows $75.00 matching feed ($100 on page appears to be a free-shipping threshold)."
Joe's Jeans,SKIP,SKIP,SKIP,SKIP,SKIP,SKIP,SKIP,SKIP,SKIP,SKIP,178,358,248,998,NONE,NONE,Shoes,SKIP,https://www.joesjeans.com,USD,complete,https://www.joesjeans.com/products.json | https://www.joesjeans.com/collections/men-ready-to-wear-sweaters/products.json | https://www.joesjeans.com/collections.json | https://www.joesjeans.com/products/cash-suede-trucker-jacket-dusty-olive,"products.json 2298 products (USD rate 1.0); men's identified by collection_men_* tags. Nearly every men's item is marked down, so all figures are compare_at (full) prices. Sweater low: Long Sleeve Crewneck Sweater (100% cotton) $178 full (selling $69); Lloyd Crewneck Sweater $198. Sweater high: Ombre Striped Crew Neck (35% alpaca 35% yak) $358 full (selling $144); others The Classic Crew Neck superfine merino $248, Alpaca Cable Sweater $328, Space-Dyed Sweater (cotton/poly) $348. Outerwear: trucker style - low Cash Trucker Jacket (denim) $248 full (selling $69), high Cash Suede Trucker Jacket in Dusty Olive (100% goat suede) $998 full (Oakwood colour $798); page shows $400 sale with $998 struck. Airborne Denim Jacket $228 is a button-front denim jacket not named trucker, not used. Chore style would give same low ($248 Denim Chore Coat) with Parker Suede Chore Jacket $1100. Shoes NONE: no footwear (The All Day Ankle Boot is a jean fit). Storefront check matched feed."
Suitsupply,SKIP,SKIP,SKIP,SKIP,SKIP,SKIP,SKIP,SKIP,SKIP,SKIP,109,269,399,699,249,299,-,SKIP,https://suitsupply.com/en-us,USD,complete,https://suitsupply.com/en-us/men/knitwear | https://suitsupply.com/en-us/men/knitwear/crewnecks | https://suitsupply.com/en-us/men/coats | https://suitsupply.com/en-us/men/jackets | https://suitsupply.com/en-us/men/shoes | https://suitsupply.com/en-us/men/shoes/loafers,"Headless Shopify (Hydrogen); /products.json returns 404, so read the collection pages' embedded loader data, paging with the cursor (knitwear 230 colourways, coats 83, jackets 110, shoes 29, loafers 18); prices are minVariantPrice in USD, no compare-at shown and no markdowns seen. Sweater low: Crewneck Pure Wool $109; high: Crewneck Pure Cashmere $269 (other crewnecks: Pure Wool $159/$179, Wool Cotton $179, Alpaca Blend $179, Mohair Nylon Wool $199, Cotton Wool $199). Outerwear: Bomber Jacket - low Bomber Jacket Wool Mohair $399, high Bomber Jacket Pure Cashmere $699 (also a $649 colourway); other Bomber Jacket fabrics Pure Wool $449, Wool Cotton $449, Wool Blend $499. Differently named bombers not counted: Reversible Bomber Jacket technical $299, Corduroy Bomber Jacket $349, Raglan Bomber Jacket $399-699 (Llama Wool $699). No suede/leather/shearling outerwear sold. Shoes: low Loafer Leather/Suede $249 (black-loafer, dark-brown-loafer), high $299 (Loafer, Penny Loafer, Tassel Loafer Italian Calf, Tuxedo Loafer - all $299). Storefront check: crewnecks page tile shows Crewneck Off-White Pure Cashmere $269, matching the data."
Boggi Milano,SKIP,SKIP,SKIP,SKIP,SKIP,SKIP,SKIP,SKIP,SKIP,SKIP,198,368,848,1048,328,448,-,SKIP,https://www.boggi.com/en_US,USD,complete,https://www.boggi.com/en_US/clothing/knitwear/ | https://www.boggi.com/en_US/clothing/outerwear/ | https://www.boggi.com/en_US/clothing/coats/ | https://www.boggi.com/en_US/shoes/ | https://www.boggi.com/en_US/shoes/loafers/,"US store (en_US) in USD; read category tile grids with start/sz paging: knitwear 77 of 77 stated, outerwear 12, coats 3, shoes 12, loafers 5; no struck-through sale prices seen. Sweater low: Crew Neck in Extrafine Merino Wool $198 (Crew Neck Jumper in Superfine Merino Wool also $198). Sweater high: Crew Neck Jumper in Yak Wool $368; no cashmere crewneck listed (cashmere only in half-zip, full-zip, turtleneck, polo and roll-neck styles); other crewnecks Cashwool Mouline $228, Wooltech $268. Outerwear: single-breasted coat - low Single-Breasted Wool Coat $848, high Coat in Pure Cashmere Single-Breasted $1048. No other style is sold in both entry and elevated fabric: Peacoat has technical $378, wool blend $598 and herringbone wool/cotton $898 but no cashmere, suede or leather version; Jacket Padded exists only in Wool Cashmere $698; Coat in Pure Cashmere Double-Breasted $1198 has no wool version. No suede or leather jackets listed. Shoes: low STRATUS Loafers in Suede Leather $328, high Loafers in Suede Leather $448 (Leather Loafers $348, Brushed Leather Loafers $368). Storefront check: knitwear grid shows Crew Neck Jumper Wooltech $268.00, same as the fetched tiles."
Hackett,SKIP,SKIP,SKIP,SKIP,SKIP,SKIP,SKIP,SKIP,SKIP,SKIP,SKIP,SKIP,SKIP,SKIP,SKIP,SKIP,NC,https://www.hackett.com/uk/en_gb/search?q=,https://www.hackett.com/uk/en_gb,NC,complete,https://www.hackett.com/us/ | https://www.hackett.com/us/en_us/search?q=jeans | https://www.hackett.com/us/en_us/search?q=denim | https://www.hackett.com/uk/en_gb/search?q=jeans | https://www.hackett.com/uk/en_gb/search?q=denim,"Search-URL-only row. No working US storefront: /us/ and /us/en_us/ paths load the UK store (page title hackett UK, prices in GBP, product links go to /uk/en_gb/), so the UK store is used. Search test: jeans gives Sorry we couldn't find jeans (0 results) on both paths; denim returns results (Slim Fit Powerflex Vintage Wash Denim, Classic Fit Rinse Wash Denim, etc.), so denim is the word that passed. Store prices are GBP if later needed."
Rakho,SKIP,SKIP,SKIP,SKIP,NC,NC,NONE,NONE,NC,NC,SKIP,SKIP,NC,NC,SKIP,SKIP,Jeans,NC,https://www.rakho.nyc,NC,partial,https://www.rakho.nyc/ | https://www.rakho.nyc/shop/ | https://www.rakho.nyc/wp-json/wc/store/v1/products | https://www.rakho.nyc/product/1j0008/ | https://www.rakho.nyc/product/1s0772/ | https://www.rakho.nyc/?s=jeans&post_type=product | https://www.rakho.nyc/?s=denim&post_type=product,"WooCommerce catalogue site with no prices: the shop shows 84 results (48 shirts coded 1S, 10 blazers 1B, 12 jackets/vests/coats 1J/1V, 14 trousers 1P) and neither product pages nor the Woo Store API show prices (every product price 0, store currency set to SZL, which looks like a template default), and there is no add-to-cart. So dress shirt, dress pants and outerwear are NC (the products exist, e.g. 1S0772 standard-collar long-sleeve shirt, 1P Wool Trouser, 1J0017 Wool Car Coat in Loro Piana cashmere, 1J0012 reversible nylon car coat, but no prices). Jeans NONE: no denim or jean in any of the 84 product names or descriptions; the 1P0024/1P0025 five-pocket trousers are corduroy. search_url NC: WordPress product search (/?s=...&post_type=product) returns No products were found for both jeans and denim, and the brand sells no denim, so the test cannot pass. currency_basis NC because no price is shown. The site also carries leftover template blog posts about jewellery."
Eleventy,SKIP,SKIP,SKIP,SKIP,SKIP,SKIP,SKIP,SKIP,SKIP,SKIP,595,1795,1195,2995,795,995,-,SKIP,https://www.eleventymilano.com/en-us,USD,complete,https://www.eleventymilano.com/en-us/products.json | https://www.eleventymilano.com/products.json | https://www.eleventymilano.com/en-us/products/bomber-giza-cotton,"The US market has its own USD price list: root /products.json gives EUR base prices (e.g. 775) while /en-us/products.json gives US prices (1195 for the same shoe), so all figures come from /en-us/products.json (846 products, 533 tagged UOMO; no compare_at markdowns). Sweater low: Wool Crew Neck Sweater $595 (maglia-girocollo-lana; several cotton crewnecks also $595). Sweater high: Mouline Cashmere Crew Neck Sweater $1795; next are Cashmere Silk Crew Neck $1695/$1295. Outerwear: bomber - low Giza Cotton Full-Zip Bomber Jacket $1195 (Wool Bomber $1295), high Bi-material Suede and Nappa Leather Bomber Jacket $2995 (Suede and Jersey Bomber with Hood also $2995). 14-Micron Wool and Nappa Bomber $3295 not used because it is mainly wool with nappa trim. Peacoat also pairs (Cotton and Silk Peacoat $1895 up to Shearling Pea Coat $5295) but is a dearer style. Shoe titles are generic (Suede Calfskin Shoe), so loafers were found from the descriptions: low Suede Calfskin Shoe described as loafers $795 (Navy Suede Moccasins also $795), high Suede Calfskin Shoe described as Tassel Loafers $995 (Elegant Penny Loafers $895). Hand-Dyed Calfskin Leather Moccasin Shoes $1295 is not counted as a loafer; if moccasins count, the high would be $1295. Storefront check: the bomber page shows $1,195.00 in USD, matching the en-us feed."
Borgo28,SKIP,SKIP,SKIP,SKIP,SKIP,SKIP,SKIP,SKIP,SKIP,SKIP,SKIP,SKIP,SKIP,SKIP,SKIP,SKIP,NC,https://borgo28.com/search?q=,https://borgo28.com,NC,complete,https://borgo28.com/search?q=jeans,"Search-URL-only row. Shopify store (Shopify.currency USD, rate 1.0). Test: search for jeans gives 37 results, first is Italian Stretch Denim Jean $175.00, so jeans passed."
Incotex,SKIP,SKIP,SKIP,SKIP,SKIP,SKIP,SKIP,SKIP,SKIP,SKIP,SKIP,SKIP,SKIP,SKIP,SKIP,SKIP,NC,https://www.slowear.com/en-us/search?q=,https://www.slowear.com/en-us,NC,complete,https://www.slowear.com/en-us | https://www.slowear.com/en-us/search?q=jeans,"Search-URL-only row. slowear.com redirects to the US market /en-us (Shopify.currency USD, country US; the rate is 1.17608 against the EUR base, so any later price reading must use the /en-us/ paths). Test: search for jeans gives 24 product results in the main grid, 19 of them denim or five-pocket trousers (e.g. slim-fit-stretch-denim-fivepocket-trousers-dark-blue, regular-fit-ecru-selvedge-denim-trousers), so jeans passed. This is the Slowear group store, so search results also include the group's other labels (Zanone, Glanshirt, Montedoro) besides Incotex."
Brooks Brothers,SKIP,SKIP,SKIP,SKIP,SKIP,SKIP,SKIP,SKIP,SKIP,SKIP,148,498,198,1298,150,248,-,SKIP,https://www.brooksbrothers.com,USD,complete,https://www.brooksbrothers.com/mens/sweaters | https://www.brooksbrothers.com/mens/outerwear | https://www.brooksbrothers.com/mens/shoes | https://www.brooksbrothers.com/supima%C2%AE-cotton-pique-crewneck-sweater/MS01394.html | https://www.brooksbrothers.com/suede-bomber-jacket/ML00882.html | https://www.brooksbrothers.com/cotton-bomber-jacket/ML00726.html,"SFCC tile grids read with start/sz paging: sweaters 80 of 80 Results, outerwear 38 of 38, shoes 23 of 23. Marked-down colourways show as a range (e.g. $69.99 - $148) with no struck list price, so the top of the range is taken as the full price. Sweater low: Supima Cotton Pique Crewneck Sweater MS01394 $148 full (some colours $69.99). Sweater high: 3-Ply Cashmere Crewneck Saddle Shoulder Sweater $498; Big & Tall 3-Ply Cashmere Crewneck $598 left out as a size-range item. Other crewnecks: Ultimate Merino $168, Fine Merino $168, Merino English Rib $248. Outerwear: bomber - low Cotton Bomber Jacket ML00726 $198 (washed cotton), high Suede Bomber Jacket ML00882 $1298 (pure suede); other bombers: Cotton Blend $298, Check $498, Silk-Wool $598, Wool and Down $998. Shoes: low Slip-On Loafers $150 full (list $150, selling $89.99), high Fitzgerald Tassel Loafer $248 and Westport Penny Loafers $248; others Leather Tassel Loafers $199, Leather Slip-On Loafers $195, Driving Moccasins $229. Brooks Brothers x NEEDLES Cordovan Loafer $998 left out as a collaboration. Storefront check: Suede Bomber page shows $1,298, matching the grid."
J.Press,SKIP,SKIP,SKIP,SKIP,SKIP,SKIP,SKIP,SKIP,SKIP,SKIP,138,1495,1295,1950,NONE,NONE,Shoes,SKIP,https://jpress.com,USD,complete,https://jpress.com/products.json | https://jpress.com/products/cotton-crew-neck-navy-natural-chevron | https://jpress.com/products/made-in-scotland-navy-cashmere-fisherman-rib-crewneck-sweater | https://jpress.com/products/navy-lambswool-crewneck-sweater | https://jpress.com/products/3-button-fly-front-wool-coat-navy | https://jpress.com/products/3-button-fly-front-cashmere-coat-navy | https://jpress.com/products/sebago-black-classic-dan-penny-loafers | https://jpress.com/products/beaufort-classic-jacket-olive,"products.json 2782 products (USD rate 1.0); no compare_at markdowns on the items used. The vendor field is the maker, not the label (Alan Paine, Harley, Scott & Charter, Binghamton, FW STAPLE and others appear as vendors), so own label was judged from the brand line shown on the product page: J. PRESS for own label, versus e.g. BARBOUR FOR J. PRESS or SEBAGO. Sweater low: Made-in-USA Navy & Natural Birdseye Cotton Crewneck Sweater $138 (page label J. PRESS). Sweater high: Made-in-Scotland Cashmere Fisherman Rib Crewneck Sweater $1495 (page label J. PRESS); the plain Made-in-Scotland Cashmere Crewneck is $595. Outerwear: 3-button fly-front topcoat - low Navy/Charcoal Wool/Cashmere Topcoat (95% wool 5% cashmere) $1295, high Navy Cashmere Topcoat (100% cashmere) $1950, both labelled J. PRESS. Alternative: Wool Varsity Jacket $495 against Yale Wool & Leather Varsity Jacket $595 (leather sleeves only), not used as a full elevated-material version. Shoes NONE: all 66 men's shoes are third party (Alden 21, Allen Edmonds 16, Sanders 15, Sebago 9, Sperry 5); the loafers are Sebago $260-395, Sanders $465-495 and Alden $708-1022, with brand-prefixed handles and third-party labels on the page. Storefront check: page prices ($138, $1,495, $1,295, $1,950) match the feed."
Sunspel,SKIP,SKIP,SKIP,SKIP,SKIP,SKIP,SKIP,SKIP,SKIP,SKIP,275,1295,415,1595,300,300,-,SKIP,https://us.sunspel.com,USD,complete,https://us.sunspel.com/products.json | https://us.sunspel.com/products/mens-suede-harrington-jacket-in-black-mjac7196-bkaa,"US store us.sunspel.com (Shopify.currency USD, rate 1.0, separate sunspel-us shop); products.json 1003 products with no compare_at markdowns anywhere. Crewnecks identified by the product-style:crew_neck tag. Sweater low: Men's Extra-Fine Merino Jumper (crew neck) $275. Sweater high: Men's Roxburgh Cashmere Jumper (crew neck, heavy-gauge Scottish cashmere) $1295; others Shetland Crew $295, Lambswool Crew $375, Cable Knit $450, Cashmere Crew Neck $485, Sea Island Cashmere Crew $490. Outerwear: Harrington - low Corduroy Harrington Jacket in Dark Green $415 (older version; the Navy one is $520), high Suede Harrington Jacket (lamb suede) $1595; Boiled Wool Harrington $690. Shoes: shoes are filed under the Accessories product type. Own-label Sunspel Suede Loafer (Navy, Sand) $300 is the only own loafer, so low = high = $300. Leather and Suede Loafers at $327 are made in collaboration with Cheaney (per their descriptions) and are left out as a collaboration; if counted, the high would be $327. Paraboot Michael shoes are third party. Storefront check: Suede Harrington page shows $1,595, matching the feed."
Saint James,SKIP,SKIP,SKIP,SKIP,195,195,SKIP,SKIP,SKIP,SKIP,SKIP,SKIP,SKIP,SKIP,SKIP,SKIP,-,https://us.saint-james.com/search?q=,https://us.saint-james.com,USD,complete,https://us.saint-james.com/products.json (CASSIAN Button-Down Shirt) | https://us.saint-james.com/search?q=jeans,"Carried from the 18 Sep pilot, not re-read. Only one men's woven button-front shirt in the range: CASSIAN Button-Down Shirt 195, so low = high. It is casual, not a dress shirt in the tailoring sense, and 'dress shirt' is undefined in the brief. Search URL tested: 'jeans' returns results (women's denim); 'shirt' returns 336. Out of scope: 2 products typed 'Shoes' under vendor 'Saint James' (vendor-field warning applies)."
Merz b. Schwanen,SKIP,SKIP,SKIP,SKIP,SKIP,SKIP,SKIP,SKIP,SKIP,SKIP,SKIP,SKIP,SKIP,SKIP,SKIP,SKIP,NC,https://www.merzbschwanen.com/search?q=,https://www.merzbschwanen.com,NC,complete,https://www.merzbschwanen.com/search?q=jeans,"Search-URL-only row. Test: search for jeans gives 346 results found; top hits are 1940s Cotton Denim High Rise Wide Leg Chino $290.00 and Cropped Worker's Denim Jacket, so jeans passed. The search is fuzzy, though: most of the 346 results are not jeans (twill drawstring pants, knitwear). Store served as the US market (Shopify.country US, currency USD at rate 1.169073 against the EUR base), so USD prices shown are likely market-converted; a later price pass should check how the currency basis applies."
Margaret Howell,SKIP,SKIP,SKIP,SKIP,SKIP,SKIP,SKIP,SKIP,SKIP,SKIP,415,640,640,1900,NONE,NONE,Shoes,SKIP,https://www.margarethowell.co.uk,USD,complete,https://www.margarethowell.co.uk/collections/men-knitwear | https://www.margarethowell.co.uk/collections/men-jackets-coats | https://www.margarethowell.co.uk/collections/men-shoes | https://www.margarethowell.co.uk/collections/dr-martens-for-mhl,"range outerwear: Carried from the 18 Sep pilot, not re-read. CURRENCY: Shopify.currency.rate=1.36883 with USD active, so the brief's rate rule says the feed is in GBP, but the storefront displays '$640.00 USD' and /products.json returns the same 640, so the feed is USD. Sweater: MHL. Crew Neck Jumper virgin wool 415 -> Seamless Crew Neck Jumper merino cashmere 640 (MHL diffusion included as current range). Outerwear (12 items, blazers excluded): MHL. Track Jacket cotton poplin 640 -> Double Collar Coat wool melton 1900; no fabric pairing. Shoes: 3 products, all vendor 'Margaret Howell' but made by others (Dr. Martens 1461 for MHL; Mizuno hiking shoe), so NONE."
Reiss,SKIP,SKIP,SKIP,SKIP,SKIP,SKIP,SKIP,SKIP,SKIP,SKIP,175,440,315,785,298,355,-,SKIP,https://www.reiss.com/us/en,USD_landed,complete,https://www.reiss.com/us/en/shop/gender-men-productaffiliation-knittedclothing-0 | https://www.reiss.com/us/en/shop/gender-men-productaffiliation-knittedclothing/neckline-crewneck | https://www.reiss.com/us/en/shop/gender-men-productaffiliation-coatsandjackets-0 | https://www.reiss.com/us/en/shop/gender-men-productaffiliation-footwear-0 | https://www.reiss.com/us/en/shop/gender-men-productaffiliation-footwear/style-loafer,"US store. The site banner says Free Delivery over $350 and Duties Paid, so prices are recorded as USD_landed. Listing pages were read from their embedded colourway JSON (p = original price, sp = sale price where marked down), paging with ?p=N: men's knitwear shows (200) and gave 222 colourways, the crewneck facet 21, coats and jackets 96, footwear 59, loafer facet 10. Sweater low: Merino Wool Crew-Neck Jumper $175. Sweater high: 100% Cashmere Cable Knit-Detail Jumper $440 (listed under the crewneck neckline facet); 100% Cashmere Cable-Knit Crew-Neck Jumper $345, Wool-Cashmere Boucle Square-Knit $355. Outerwear: twin-pocket (trucker) jacket - low Twin-Pocket Denim Jacket / Twin-Pocket Rigid-Denim Jacket $315, high Suede Twin-Pocket Jacket $785. Suede Button-Through Trucker Jacket is $698. Burnished-Leather Button-Through Jacket $1980 may also be a trucker shape but was not confirmed, so it is not used. Shoes: low Leather Saddle Loafers $298, high Leather Penny Loafers $355 (Suede Slip-On and Suede Tassel $315, Leather Apron-Stitch $345); Suede Penny Loafer Espadrilles $230 left out as espadrilles. McLaren Racing and Atelier items not used. Storefront check: grid tiles (e.g. Merino Wool Long-Sleeve Polo $175) match the embedded data."
Isabel Marant,SKIP,SKIP,SKIP,SKIP,SKIP,SKIP,SKIP,SKIP,SKIP,SKIP,440,945,630,3980,785,945,-,SKIP,https://us.isabelmarant.com,USD,complete,https://us.isabelmarant.com/products.json | https://us.isabelmarant.com/products/mc0016hac3a01n01bk-frezzah-men-loafers-man-black,"range outerwear: no men's jacket style is sold in both entry and elevated material. The only leather piece is the Bowy Leather Jacket (lambskin bomber, shearling collar) $3980, and there is no textile Bowy or textile bomber; Madeo Coat $795 is shearling-style (reversible printed) and Casper is wool-cashmere, neither with an entry pair. So the plain men's coats and jackets range is used: low Ardy Jacket (cotton canvas workwear) $630, high Bowy Leather Jacket $3980; overshirts (Arzur, Kervon) left out. US store us.isabelmarant.com (Shopify USD, rate 1.0, separate US shop); products.json 1657 products, 194 with product_type Men, no compare_at markdowns. Sweater: crewnecks identified from the round-neck or crew-neck wording in descriptions; low Basile Merinos Wool Sweater (round neckline) $440, high Larry Wool Sweater (ribbed merino wool and cashmere, crew neck) $945. Ydali $1190 has a lace-up collar and Lyas $990 a high collar, so both were left out. Shoes: low Fylan Men Loafers (suede calfskin, described as loafers, but it has laces) $785, high Fitzo Men Loafers (leopard-print pony-style calfskin) $945; Frezzah Men Loafers $880. Dersee $880 and Byren $945 are named Loafers but are lace-up moccasin boots and boat-style moccasins, so they were left out. Storefront check: Frezzah Loafers page shows $880, matching the feed."
Frame,SKIP,SKIP,SKIP,SKIP,SKIP,SKIP,SKIP,SKIP,SKIP,SKIP,398,598,448,1898,NONE,NONE,Shoes,SKIP,https://frame-store.com,USD,complete,https://frame-store.com/products.json | https://frame-store.com/collections/sweaters-hoodies-men/products.json | https://frame-store.com/collections/jackets-coats-men/products.json | https://frame-store.com/collections/men/products.json | https://frame-store.com/collections/accessories-men/products.json | https://frame-store.com/products/cable-sweater-mf26ksw023-crea | https://frame-store.com/products/suede-trucker-jacket-me26lja001-sfpo,"Shopify.currency USD rate 1.0; feed checked vs storefront (Cable Sweater feed 398 = page $398; Suede Trucker Soft Pistachio feed 1138/compare 1898 = page $1,138 / $1,898). Sweater low 398 = Cable Sweater (cable-knit crewneck, full price) and Cotton Silk Crewneck Sweater (compare-at 398, on sale 238); high 598 = Cashmere Crewneck Sweater / Cashmere Sweater (100% cashmere crewneck). Excluded collabs FRAME x Ritz Paris (Men's Cashmere Crewneck 1098, Unisex Cashmere Sweater 798), Sotheby's (1298) and The Society Archive; polo sweaters, cardigans, vests, hoodies excluded. Outerwear style = trucker jacket: low 448 = Denim Zip Trucker (full price; Canvas Trucker Jacket regular 498, currently 348 on sale); high 1898 = Suede Trucker Jacket Soft Pistachio (regular 1898, currently 1138; other suede truckers 1698). Shoes NONE: men's collection footwear is only FRAME x Ritz collab (sneaker 198, suede mule 598, slippers 348), no own-label loafer or shoe. Site running Friends and Family / end-of-season markdowns; regular = compare-at where marked down."
Theory,SKIP,SKIP,SKIP,SKIP,SKIP,SKIP,SKIP,SKIP,SKIP,SKIP,225,345,325,995,395,395,-,SKIP,https://www.theory.com,USD,complete,https://www.theory.com/men/sweaters-and-cardigans/?sz=200 | https://www.theory.com/men/cashmere-shop/ | https://www.theory.com/men/outerwear/?sz=300 | https://www.theory.com/men/shoes/?sz=300 | https://www.theory.com/men/outerwear/city-jacket-in-leather/Q0870402_TXO.html | https://www.theory.com/men/outerwear/city-zip-jacket-in-textured-nylon/Q0177401_BAX.html,"Read US category pages (42 tiles sweaters, 34 outerwear, 22 shoes incl. duplicates by colour; no stated total found). Sweater low 225 = Crewneck Sweater in Regal Wool and Riland Crewneck Sweater in Light Bilen; high 345 = Hilles Crewneck Sweater in Cashmere (only cashmere crewneck; Crewneck Sweater in Wool Boucle Twist 365 is wool, not elevated). Outerwear style = City jacket: low 325 = City Zip Jacket in Textured Nylon (regular 325, now 195 on sale), high 995 = City Jacket in Leather (style codes differ, Q0177401 vs Q0870402, both zip-front collared City jackets - moderate confidence on pairing; other leather: Morvek and Wyatt Zip Jacket in Leather 995; Short Jacket in Double-Face Wool-Cashmere 695 has no entry-fabric twin). Shoes: only loafer is City Loafer in Leather, regular 395 (now 237 on sale), so low = high; Common Projects Achilles sneakers stocked third party excluded; own Derby/Oxford 395, Sneaker in Leather 295."
Rag & Bone,SKIP,SKIP,SKIP,SKIP,SKIP,SKIP,SKIP,SKIP,SKIP,SKIP,238,528,348,998,428,428,-,SKIP,https://www.rag-bone.com,USD,complete,https://www.rag-bone.com/mens/sweaters/?sz=300 | https://www.rag-bone.com/mens/coats-jackets/?sz=300 | https://www.rag-bone.com/mens/leather/?sz=300 | https://www.rag-bone.com/mens/shoes/?sz=300 | https://www.rag-bone.com/washed-cotton-sweater-RH9926P6MCO_009.html | https://www.rag-bone.com/vernon-cashmere-sweater-RH2F26F6MCA_207.html,"US storefront category pages; all tiles loaded (sweaters 38 of 38 products, coats-jackets 34 of 34, shoes 16 of 16). Figures are the struck-through/regular tile price. Sweater low 238 = Washed Cotton Sweater (crewneck, cotton); high 528 = Vernon Cashmere Sweater (crewneck; Declan Cashmere Sweater crewneck 508); Gregory Crewneck and Brooks Merino Wool Crewneck 298. Outerwear style = trucker: low 348 = rb 3 Denim Trucker Jacket (also rb 3 Raw Denim Trucker 348), high 998 = rb Suede Trucker Jacket (Harrington pair 398/998 also exists; Manston Leather Flight Jacket 1498 is a different style). Shoes: own loafers Charlie Leather Penny Loafer, Charlie Suede Penny Loafer and Chris Leather Loafers all 428, so low = high; COLLEGIUM for rag & bone sneakers are a collab, excluded."
John Varvatos,SKIP,SKIP,SKIP,SKIP,SKIP,SKIP,SKIP,SKIP,SKIP,SKIP,198,698,398,698,498,598,-,SKIP,https://www.johnvarvatos.com,USD,complete,https://www.johnvarvatos.com/sweaters-cardigans?sz=300 | https://www.johnvarvatos.com/coats-jackets?sz=300 | https://www.johnvarvatos.com/leather/leather-jackets?sz=300 | https://www.johnvarvatos.com/shoes?sz=300 | https://www.johnvarvatos.com/shoes/dress-shoes?sz=300 | https://www.johnvarvatos.com/sweaters-cardigans/canosa-cashmere-crewneck-sweater/Y3820W26-CUX24-074.html | https://www.johnvarvatos.com/leather/leather-jackets/andrew-trucker/L1401Z4-A952B-001.html,"US category pages, all tiles loaded (sweaters 42 of 42, coats-jackets 40 of 40, leather jackets 30, shoes 47 of 47); outlet excluded. Sweater low 198 = Walter Crew Neck Sweater (mercerized cotton); high 698 = Canosa Cashmere Crewneck Sweater (page $698); other crews Cesari Crewneck 448 (linen), Pete Crew Neck Sweater 448 (silk-cashmere). Outerwear style = trucker/denim jacket: low 398 = Scott Denim Jacket, high 698 = Andrew Trucker (100% sheep leather) - pairing assumes Scott Denim Jacket is the trucker cut; alternative bomber pair Montecarlo Bomber Jacket 598 (linen) / Apollo Bomber 998 (sheep leather). Shoes: Loafers nav link points to Dress Shoes (5 products): Thompson Slip On 498, Venice Slip On 598; no item literally named loafer."
Sid Mashburn,SKIP,SKIP,SKIP,SKIP,SKIP,SKIP,SKIP,SKIP,SKIP,SKIP,195,450,425,795,350,895,-,SKIP,https://shopmashburn.com,USD,complete,https://shopmashburn.com/collections/sid-mashburn-sweaters/products.json | https://shopmashburn.com/collections/sid-mashburn-outerwear/products.json | https://shopmashburn.com/collections/sid-mashburn-loafers/products.json | https://shopmashburn.com/products/sid-mashburn-handsewn-penny-loafer-chocolate-suede-s55967,"Shopify.currency USD rate 1.0; feed checked vs page (Handsewn Penny Loafer Chocolate Suede feed 350 = page $350; Chore Jacket Spruce Cashmere Flannel feed 795 = page $795). Collection feeds returned 48 sweaters, 34 outerwear, 21 loafers (collections.json products_count much higher: 430/384/66, presumably unpublished). Sweater low 195 = Crewneck Sweater in Navy Cotton; high 450 = Fine-Gauge Crewneck Sweater in cashmere (Rose/Bottle/Heather Mink/Heather Blue); Classic Crewneck cashmere 350-395. Outerwear style = Chore Jacket: low 425 = Chore Jacket in Navy Corduroy / Navy Wool Melton, high 795 = Chore Jacket in Spruce Cashmere Flannel (suede Work Jacket 1195-1395 treated as a separate style; if counted as chore family high would be 1395). Kired stocked outerwear excluded. Shoes: own loafers low 350 = Handsewn Penny Loafer in Chocolate Suede (another Chocolate Suede listing 375); high 895 = Italian Tassel Loafer in Dark Brown Sharkskin (exotic; without it high = 595 Italian Penny/Tassel Loafer). Excluded stocked Alden Tassel Loafer Shell Cordovan 967 and Edward Green Ventnor 1450 / Piccadilly 1850 (vendor field correct here)."
Billy Reid,SKIP,SKIP,SKIP,SKIP,SKIP,SKIP,SKIP,SKIP,SKIP,SKIP,198,448,398,1198,448,448,-,SKIP,https://www.billyreid.com,USD,complete,https://www.billyreid.com/collections/mens-sweaters-knits/products.json | https://www.billyreid.com/collections/mens-jackets-outerwear/products.json | https://www.billyreid.com/collections/mens-footwear/products.json | https://www.billyreid.com/products/colbert-chore-coat-olive | https://www.billyreid.com/products/colbert-waxed-suede-chore-coat-grey,"Shopify.currency USD rate 1.0; feed checked vs page (Colbert Chore Coat 398 = page $398; Colbert Waxed Suede Chore Coat 1198 = page $1,198). Sweater low 198 = Tuck Stripe Crew (100% cotton, type M SWEATERS); Herringbone Crew 138 excluded as it is typed M L/S KNITS (long-sleeve knit tee); high 448 = Textured Cashmere Crew. Outerwear style = Colbert Chore Coat: low 398 (entry fabric), high 1198 = Colbert Waxed Suede Chore Coat; Pique Chore Jacket regular 268 and Chambray Chore Jacket 398 are other chore jackets without a suede twin; alt Harrington pair 598 waxed denim / 1598 suede. Shoes: only loafer is D-Ring Loafer 448 (Italian-made, Billy Reid label), low = high; Oak Street x Billy Reid Deck Shoe is a collab."
A.P.C.,SKIP,SKIP,SKIP,SKIP,SKIP,SKIP,SKIP,SKIP,SKIP,SKIP,350,650,440,1750,490,490,-,SKIP,https://www.apc-us.com,USD,complete,https://www.apc-us.com/collections/men-knitwear-cardigans/products.json | https://www.apc-us.com/collections/men-coats-jackets/products.json | https://www.apc-us.com/collections/men-shoes/products.json | https://www.apc-us.com/products/loose-cable-knit-sweater-woasv-h23489_cag,"range outerwear: no style sold in both entry and elevated material (only leather piece is Gael Jacket, 100% cowhide, no fabric twin), so plain range of men's coats and jackets excl. blazers, overshirts and A.P.C. x Brain Dead collab: low 440 = Regis jacket (snap-front cotton), high 1750 = Gael Jacket (Gregory Parka 1160 is next). Shopify.currency USD rate 1.0; feed 650 = page $650 for Loose Cable-Knit Sweater. Compositions read from product-page accordion data. Sweater low 350 = Pascal Sweater (crew neck raglan, 100% merino wool); high 650 = Loose Cable-Knit Sweater (crew neck, 85% wool 15% cashmere) - A.P.C. has no pure-cashmere crewneck; next elevated option Striped Alpaca Sweater 420 (mohair/alpaca). Shoes: only loafer is Les Mocassins 490 (smooth leather apron loafer, A.P.C. logo), low = high; men's shoes collection has 3 items."
Paul Smith,SKIP,SKIP,SKIP,SKIP,SKIP,SKIP,SKIP,SKIP,SKIP,SKIP,250,725,895,2595,290,595,-,SKIP,https://www.paulsmith.com,USD,complete,https://www.paulsmith.com/mens/knitwear?sort=PRICE_ASCENDING | https://www.paulsmith.com/mens/knitwear?sort=PRICE_DESCENDING | https://www.paulsmith.com/mens/coats-jackets?sort=PRICE_ASCENDING | https://www.paulsmith.com/mens/coats-jackets?sort=PRICE_DESCENDING | https://www.paulsmith.com/search?q=mens%20bomber | https://www.paulsmith.com/search?q=mens%20zip-front%20jacket | https://www.paulsmith.com/mens/shoes/loafers?sort=PRICE_ASCENDING | https://www.paulsmith.com/navy-textured-cotton-raglan-sweater | https://www.paulsmith.com/dark-brown-corduroy-bomber-jacket,"US store (footer UNITED STATES $USD). Listing is infinite-scroll (21 per load, cookie modal left untouched), so I used the site's price sort both ways instead of reading all 168 knitwear / 128 coats and jackets items. Sweater low 250 = Navy Textured-Cotton Raglan Sweater (crew neck, organic cotton; cheaper knitwear items are knitted tees, polos, vest, cardigan, Man Utd collab); high 725 = Mauve Cashmere Crew Neck Sweater (items above it are AW26 SHOW runway Fair Isle 925, cashmere polos, cardigans). Outerwear style = bomber: low 895 = Dark Brown Corduroy Bomber Jacket, high 2595 = Tan Suede Bomber Jacket (other suede bombers 2290-2395; Storm System wool bomber 1195-1295; 195 Zebra Logo organic-cotton bombers are jersey pieces not in the coats-jackets category). Possible cheaper pair Navy Ripstop Zip-Front Jacket 695 / Brown Suede Zip-Front Jacket 2395 not used - descriptions do not show same cut. Excluded runway (AW26 SHOW Black Leather Flight Jacket 4595) and Gabriela Hearst/Castore collabs. Shoes (Loafers, 17 items): low 290 = Navy Suede Pierce Loafers (other Pierce colours 295), high 595 = Rialto / Murano Loafers; Faron Loafers 550 tagged SS26 SHOW excluded."
Officine Générale,SKIP,SKIP,SKIP,SKIP,SKIP,SKIP,SKIP,SKIP,SKIP,SKIP,495,495,995,1890,NONE,NONE,Shoes,SKIP,https://us.officinegenerale.com,USD_landed,complete,https://us.officinegenerale.com/collections/og-homme-men-knitwear/products.json | https://us.officinegenerale.com/collections/og-homme-men-outerwear/products.json | https://us.officinegenerale.com/collections/og-homme-men-leathers/products.json | https://us.officinegenerale.com/collections/og-homme-men-collection/products.json | https://us.officinegenerale.com/collections/og-homme-men-shoes/products.json | https://us.officinegenerale.com/products/cesario-jacket-grained-lamb-leather-black,"Shopify.currency USD rate 1.0 on US store; feed = page (Cesario jacket 1890 = $1,890.00 USD; Mycrew sweater 495 = $495.00 USD); site footer says taxes and duty included, no additional charges on delivery, hence USD_landed. Sweater: only crewnecks are Mycrew sweater (90% wool 10% cashmere) 495 and Marco sweater (wool/silk/alpaca/cashmere argyle) 495, so low 495; high 495 as no more expensive elevated-fibre crewneck (Remy sweater crewneck 695 is 80% wool 20% cotton, not elevated; Ricchi/Mahe are mock/turtle necks, Tarek is quarter-zip). Outerwear style = bomber: low 995 = Javier bomber (padded polyamide), high 1890 = Cesario jacket (zipped lamb-leather bomber) - OG names each model differently so pairing is by description, moderate confidence; other leathers Loki/Morel suede 1770, Mori lamb leather 1990, Ilan shearling 3250. Shoes NONE: men's shoes collection holds only Asahi sneakers (third-party, 215). DLC-prefixed collections on the site are a separate line, not read."
Brax,NC,NC,NC,NC,NC,NC,SKIP,SKIP,SKIP,SKIP,NC,NC,NC,NC,SKIP,SKIP,-,https://www.brax.com/en/us/search?q=,https://www.brax.com/en/us,USD,partial,https://www.brax.com/en/us | https://www.brax.com/en/us/c/411384025/men | https://www.brax.com/en/us/c/-s-910/men/clothing/new-arrivals | https://www.brax.com/en/us/search?q=jeans | https://www.brax.com/de/de,"US storefront (brax.com/en/us, USD) sells only men's pants and jeans: men's nav = New Arrivals / Pants / Jeans, new arrivals 68 items all trouser styles (Tino, Pepe, Chuck, Cadiz etc. 198-248 USD). Tees, polos, shirts, knitwear and jackets exist only on the European stores (e.g. brax.com/de/de Herren Bekleidung Jacken etc., EUR), so garment cells left NC rather than mixing EUR into a USD row; not_a_staple left - because the brand does make these items, just not for the US store. search_url tested: q=jeans returns 254 items, q=pants 564, nonsense query returns no count; word that passed = jeans."
Our Legacy,SKIP,SKIP,SKIP,SKIP,SKIP,SKIP,SKIP,SKIP,SKIP,SKIP,420,550,720,2450,550,680,-,SKIP,https://www.ourlegacy.com,USD_landed,complete,https://www.ourlegacy.com/mens/knitwear | https://www.ourlegacy.com/mens/outerwear | https://www.ourlegacy.com/mens/leather | https://www.ourlegacy.com/footwear/mens-footwear | https://www.ourlegacy.com/compact-roundneck-black-rustic-merino | https://www.ourlegacy.com/true-roundneck-charcoal-snug-alpaca-wool | https://www.ourlegacy.com/mini-jacket-black-worsted-wool | https://www.ourlegacy.com/mini-jacket-matted_-brown_-waxed_-bovine | https://www.ourlegacy.com/cypher-loafer-sombre-satin-bovine | https://www.ourlegacy.com/shipping-and-return,"Browser session shows USD prices (space thousand separator, e.g. 2 450 USD = 2450); server-side HTML fetch returns EUR, so all figures read from the rendered US pages. Shipping page: US orders delivered duty paid with no additional charges on delivery, prices exclude local sales tax - recorded as USD_landed (duties in, sales tax out). Sweater (crew = roundneck): low 420 = Compact Roundneck (70% merino 30% alpaca); high 550 = True Roundneck (50% alpaca 50% merino) - no cashmere crewneck in range; Popover Roundneck 550 is RWS wool. Outerwear style = Mini Jacket: low 720 = Mini Jacket black worsted wool, high 2450 = Mini Jacket matted brown waxed bovine leather (Mini Jacket top-dyed black leather 2190). Shoes: loafers low 550 = Cypher Loafer sombre satin bovine (page 550 USD, no strike price), high 680 = Cypher Loafer licorice croc bull hide; Light Loafer 630, Work Shop Loafer 590; Cigarr Slipper 460 excluded as a slipper. Loafers are listed as unisex."
Auralee,SKIP,SKIP,SKIP,SKIP,SKIP,SKIP,SKIP,SKIP,SKIP,SKIP,534,792,935,4527,1150,1353,-,https://auralee.jp/item?freeword=,https://auralee.jp,USD_landed,complete,https://auralee.jp/item?category_id=504 | https://auralee.jp/item?category_id=503 | https://auralee.jp/item?category_id=508 | https://auralee.jp/item?freeword=denim,"Carried from the 18 Sep pilot, not re-read. Prices are international USD marked 'Duties & Taxes Included' (landed, not a US-domestic list price). Exact prices: 533.50, 4526.50, 1149.50, rounded half-up. Sweater: Shetland Wool Cashmere Rib Knit P/O 533.50 -> High Gauge Soft Cashmere Knit P/O 792. Outerwear: Sheer Nylon Ripstop Hooded Blouson 935 -> Merino Mouton (shearling) Zip Blouson 4526.50. Shoes: Soft Leather Loafers 1149.50 -> Horsehide Leather Loafers 1353. Search URL passes on 'denim' (rev 3 rule); 'jeans' returns 0: 'denim' returns 10, 'knit' 52, 'coat' 12. The URL works; the test word is wrong for this brand."
Ami Paris,SKIP,SKIP,SKIP,SKIP,SKIP,SKIP,SKIP,SKIP,SKIP,SKIP,430,650,680,2650,730,810,-,SKIP,https://www.amiparis.com/en-us,USD,complete,https://www.amiparis.com/en-us/collections/men-sweaters-and-cardigans/products.json | https://www.amiparis.com/en-us/collections/men-jackets-and-coats/products.json | https://www.amiparis.com/en-us/collections/men-flat-shoes/products.json | https://www.amiparis.com/en-us/products/grey-wool-ami-de-coeur-funnel-neck-sweater-uks839018084 | https://www.amiparis.com/en-us/products/black-cow-leather-loafers-usv845al0122001 | https://www.amiparis.com/en-us/products/burgundy-crocodile-embossed-cowhide-leather-zipped-jacket-ujk954lh0070a235,"range outerwear: no style code (REF) exists in both entry fabric and leather/suede (HJK243 suede buttoned jacket, HJK850 lamb zipped jacket have no fabric twins), so plain range of men's jackets and coats excl. blazers, overshirts and vareuse: low 680 = Black Cotton Ami De Coeur Zipped Jacket, high 2650 = Burgundy crocodile embossed cowhide leather zipped jacket. Shopify Markets rate 1.176 (USD not base): used /en-us/ locale feeds; checks - funnel neck sweater feed 590 = page $590 USD, loafers feed 730 = page $730 USD, croc jacket feed 2650 = page $2,650 USD. No duties statement found on US product pages. Sweater low 430 = Grey Wool Crewneck Ami De Coeur Sweater (extrafine merino); high 650 = Black/Brown crewneck cashmere sweater with Ami de Coeur (alpaca crewnecks with Ami de Coeur are 690 if alpaca counts as elevated; Multicolor checkered wool crewneck 2210 is wool jacquard, excluded). Shoes (men-flat-shoes, 10 items): low 730 = Black cow leather loafers, high 810 = Leopard print cowhide leather loafers."
Todd Snyder,SKIP,SKIP,SKIP,SKIP,SKIP,SKIP,SKIP,SKIP,SKIP,SKIP,198,998,398,1298,368,798,-,SKIP,https://www.toddsnyder.com,USD,complete,https://www.toddsnyder.com/products/vista-crewsun-soaked | https://www.toddsnyder.com/products/made-in-italy-cashmere-crewdark-mocha | https://www.toddsnyder.com/collections/outerwear (Denim Dylan / Italian Suede Dylan) | https://www.toddsnyder.com/products/ts-casual-leather-flex-penny-loaferblack | https://www.toddsnyder.com/products/madison-collection-venetian-suede-loaferdark-brown ; all via /products.json,"Carried from the 18 Sep pilot, not re-read. Sweater: Vista Crewneck 198 (full price; currently marked to 129) -> Made in Italy Cashmere Crewneck 998 (core Cashmere Crewneck 328). Outerwear: Denim Dylan Jacket 398 -> Italian Suede Dylan Jacket 1298 (a 998 suede Dylan also listed). Shoes (loafer staple, own-label Todd Snyder): Mercer Penny Loafer 368 -> Italian Suede Venetian Loafer 798. Most own-label shoes read; stocked brands (New Balance, Red Wing, Paraboot etc.) excluded."
Boglioli,SKIP,SKIP,SKIP,SKIP,SKIP,SKIP,SKIP,SKIP,SKIP,SKIP,500,1775,1210,2450,NONE,NONE,Shoes,SKIP,https://www.bogliolimilano.com/en-us,USD,complete,https://www.bogliolimilano.com/en-us/products.json | https://www.bogliolimilano.com/en-us/products/linen-tencel-satin-bomber-dark-beige-25p_180_oc0204_sb5106_00_0300 | https://www.bogliolimilano.com/en-us/products/suede-bomber-blue-26p_180_ocp503_sb5901_00_0780 | https://www.bogliolimilano.com/en-us/collections/accessories,"Shopify Markets rate 1.1474 (base EUR); collection products.json endpoints return empty, so used /en-us/products.json (314 products) and checked each figure against the /en-us product page: Dark Grey Superlight Wool Crewneck 675 = $675.00; Brown Cashmere Crewneck 1775 = $1,775.00; Yellow crewneck feed 300 / compare 500 = page $300 / $500; Linen Tencel bomber 726 / 1210 = page; Blue Suede Bomber 1470 / 2450 = page (site running sales). Sweater low 500 = Yellow Garment Dyed Cotton Crewneck (regular 500, on sale 300; next full-price is Superlight Wool Crewneck 675); high 1775 = Brown Cashmere Crewneck (Wool Cashmere Crewneck 750). Outerwear style = bomber: low 1210 = Dark Beige Linen Tencel Satin Bomber (regular, on sale 726), high 2450 = Dark Khaki / Blue Suede Bomber (regular, on sale 1470); Brown Washed Flannel Padded Bomber 1750. Shoes NONE: no footwear in the feed or accessories collection (caps, belts, ties, bag only)."
Peserico,SKIP,SKIP,SKIP,SKIP,SKIP,SKIP,SKIP,SKIP,SKIP,SKIP,SKIP,SKIP,SKIP,SKIP,SKIP,SKIP,NC,https://it.peserico.com/search?q=,https://it.peserico.com,NC,complete,https://it.peserico.com/search?q=jeans | https://it.peserico.com/search?q=denim | https://it.peserico.com/search?q=zzqxv,"Search-URL-only row (not_a_staple and currency_basis NC per spec). Tested: q=jeans returns results (page states 683 prodotti; first hits are Denim grigio lavato, Denim straight lavato, Denim in twill di cotone - all type TROUSERS), q=denim 436 prodotti, nonsense query returns no result count. Word that passed = jeans (denim also passes). Result counts look broad (fuzzy search across the catalogue) but top hits are denim. Italian storefront; /en/search 404s."
Ring Jacket,SKIP,SKIP,SKIP,SKIP,SKIP,SKIP,SKIP,SKIP,SKIP,SKIP,99000,132000,550000,880000,82500,220000,-,NC,https://www.ringjacket.co.jp,JPY,partial,https://www.ringjacket.co.jp/c/knit | https://www.ringjacket.co.jp/c/knit/5N356F17 | https://www.ringjacket.co.jp/c/knit/5N355F01UP | https://www.ringjacket.co.jp/c/coat | https://www.ringjacket.co.jp/c/blouson | https://www.ringjacket.co.jp/c/shoes | https://www.ringjacket.co.jp/c/ringjacketnapoli?page=1 | https://www.ringjacket.co.jp/p/search?keyword=jeans,"range outerwear: Blouson category is empty (0 items) and Coat has 2 items, neither with an entry-fabric twin, so plain range: low 550000 = Cashmere Glen Check Coat RC-74, high 880000 = Full Handmade Camel Balmacaan Coat. range shoes: no own-label loafer (loafers listed are stocked Saint Crispin's and Baudoin and Lange; Gaziano and Girling also stocked), so plain range of Ring Jacket Napoli own shoes: low 82500 = sheep suede leather sneaker greige, high 220000 = cordovan leather sneaker brown (unlined suede slip-on 93500, deerskin sneaker 88000). Japanese store, JPY prices include 10% consumption tax (zeikomi), labelled toten tokubetsu kakaku (store price label shown on every item, not a markdown). Sweater (knit category 8 of 8 items): low 99000 = 14.5-micron wool crewneck sweater; high 132000 = middle-gauge crewneck light grey (70% wool 30% cashmere, 7 gauge) - only elevated-fibre crewneck; cashmere hoodie 253000 and cashmere-silk mockneck 99000 are not crewnecks. search_url NC: search works as /p/search?keyword= but jeans and denim return 0 results; the Japanese word for denim returns 3 items that are denim-look tailoring (jacket, suit), not jeans - brand sells no jeans."
Drake's,SKIP,SKIP,SKIP,SKIP,SKIP,SKIP,SKIP,SKIP,SKIP,SKIP,345,1065,755,1995,575,1065,-,SKIP,https://us.drakes.com,USD,complete,https://us.drakes.com/collections/knitwear/products.json | https://us.drakes.com/collections/coats-jackets/products.json | https://us.drakes.com/collections/suede-jackets/products.json | https://us.drakes.com/collections/chore-jacket/products.json | https://us.drakes.com/collections/loafers/products.json | https://us.drakes.com/products/navy-cashmere-crew-neck-jumper | https://us.drakes.com/products/light-brown-suede-henri-summer-loafer,"Shopify.currency USD rate 1.0 on US store; feed = page (Navy Cashmere Crew Neck Jumper 1065 = $1,065.00; Henri loafer 575 = $575.00). Sweater low 345 = Brushed Shetland Crew Neck Jumper (many colours); high 1065 = Cashmere Crew Neck Jumper (navy/grey/oatmeal); Wool-Cashmere Crew 755; BEAMS F x Drake's crew 595 excluded as collab. Outerwear style = Five-Pocket Chore Jacket: low 755 = cotton duck canvas / selvedge denim / heavy twill versions, high 1995 = Heavyweight Suede Five-Pocket Chore Jacket (chocolate brown, rust). Excluded collabs (BEAMS F, Drake's by A. Levine, Featherbed for Drake's, Permanent Style). Shoes: vendor field is Drakes Ecom - US for all loafers including stocked Alden, Paraboot, Yuketen - judged by name; own in-house loafers low 575 = Henri Summer Loafer (suede), high 1065 = Charles Mk II Goodyear Welted Penny Loafer (suede); Charles Penny Loafer black leather 730."
Gran Sasso,SKIP,SKIP,SKIP,SKIP,SKIP,SKIP,SKIP,SKIP,SKIP,SKIP,SKIP,SKIP,SKIP,SKIP,SKIP,SKIP,NC,https://shop.gransasso.it/en/search?q=,https://shop.gransasso.it/en/,NC,complete,https://shop.gransasso.it/en/search?q=jeans | https://shop.gransasso.it/en/search?q=denim | https://shop.gransasso.it/en/search?q=zzqxv,"Search-URL-only row. Site sits behind a Cloudflare check that cleared on its own (nothing clicked). Search form action is /en/search with param q. q=jeans returns No products were found (brand sells no jeans); q=denim returns 3 results (Denim overshirt, Denim cotton overshirt x2) - word that passed = denim (the brand's own word, used for denim overshirts). Note q=sweater also returns nothing, so the search seems to match exact title words only."
BOSS,SKIP,SKIP,SKIP,SKIP,SKIP,SKIP,SKIP,SKIP,SKIP,SKIP,159,549,SKIP,SKIP,SKIP,SKIP,-,SKIP,https://www.hugoboss.com/us,USD,complete,https://www.hugoboss.com/us/men-knitwear/?srule=sorting_price-low-to-high | https://www.hugoboss.com/on/demandware.store/Sites-US-Site/en_US/Product-Show?pid=hbna50527584 | https://www.hugoboss.com/on/demandware.store/Sites-US-Site/en_US/Product-Show?pid=hbna50565526 | https://www.hugoboss.com/on/demandware.store/Sites-US-Site/en_US/Product-Show?pid=hbna50570764,"Men's Sweaters & Cardigans category read in full (139 tiles incl. colour repeats, 77 unique styles; all tiles fetched via the site's lazy tile endpoint; no markdowns seen). hugoboss.com also sells HUGO (HUGO Red/Blue) - excluded; BOSS by Beckham and BOSS Selected by Shohei Ohtani excluded as collaborations. Low: BOSS Orange Cotton pique sweater with logo patch (Anion, crew neck, 95% cotton 5% cashmere) $159.00; cheapest BOSS Black crews are Merino wool sweater regular fit / Slim-fit sweater in merino wool $179.00. The $129 Crewneck sweater is HUGO Red, excluded. High: BOSS Camel Silk sweater with jacquard pattern and Silk-knit sweater with a seasonal pattern (L-Fabrizio, 100% silk, crew neck) both $549.00; no cashmere crewneck currently listed (BOSS Camel cashmere pieces are mock-neck $599, zip-neck $549, polos). BOSS Camel included as a BOSS sub-line; without Camel no elevated-fibre crewneck exists above the $159 cotton-cashmere piece. Most expensive crewneck overall is BOSS Camel Argyle virgin-wool boucle $599 (not elevated fibre)."
Corneliani,SKIP,SKIP,SKIP,SKIP,SKIP,SKIP,SKIP,SKIP,SKIP,SKIP,595,1125,1795,1850,595,975,-,SKIP,https://www.corneliani.com/en_us/,USD,complete,https://www.corneliani.com/en_us/mens-clothing/knitwear.html | https://www.corneliani.com/en_us/cashmere.html | https://www.corneliani.com/en_us/mens-clothing/outerwear-coats.html | https://www.corneliani.com/en_us/mens-accessories-and-shoes/shoes.html | https://www.corneliani.com/en_us/brown-wool-and-cashmere-blend-jumper-28m558-2a25124-032.html | https://www.corneliani.com/en_us/melange-navy-blue-cashmere-blend-field-jacket-2625m9-2620139-001.html | https://www.corneliani.com/en_us/sand-beige-linen-stretch-wool-field-jacket-2725x1-2720166-036.html | https://www.corneliani.com/en_us/blue-navy-leather-loafers-27tm65-2720924-001.html,"Root domain geo-redirects to it_it; used the en_us store (USD, listing and PDP prices match). Many items are marked down 40% - full (old) price used throughout. Knitwear: 56 items read in full. Sweater low: Melange grey / Light blue / Burgundy crew neck extra fine pure wool jumper $595 (navy crew neck light cotton sweatshirt $475 excluded as sweatshirt). Sweater high: Brown wool and cashmere blend jumper (crew neck, eco-cashmere, 7 gauge) $1,125. Outerwear (68 items; gilets excluded): cheapest style with an elevated version is the field jacket - low Sand beige linen, stretch wool field jacket $1,795 (marked down to $1,077), high Melange navy blue cashmere blend field jacket $1,850 (only elevated field jacket; cashmere blend, not pure). No suede/leather bomber exists; Brown nappa leather jacket $3,095 is a shirt-collar button jacket. Alternative coat pair: Dark blue pure wool coat $2,550 vs Blue pure cashmere coat $4,395. Shoes (35 items): low Blue navy leather loafers (driver construction) $595 (Brown antiqued leather tassel loafer also $595 full, sold out); high Brown/Blue deerskin loafers $975 (marked down to $585)."
Canali,SKIP,SKIP,SKIP,SKIP,SKIP,SKIP,SKIP,SKIP,SKIP,SKIP,625,1195,1995,8095,625,950,-,SKIP,https://us.canali.com,USD,complete,https://us.canali.com/api/catalog_system/pub/products/search/clothing/knitwear | https://us.canali.com/api/catalog_system/pub/products/search/clothing/jackets | https://us.canali.com/api/catalog_system/pub/products/search/shoes | https://us.canali.com/shoes/loafers,"VTEX store; read same-origin catalog search API (Price and ListPrice, regular = max; no markdowns found) and checked against displayed loafer prices (Brown suede loafers $775, tassel loafers $825/$695 match). Knitwear 54 items. Sweater low: Milk-colored extra-fine merino wool crew neck $625 (White lisle cotton jersey crew neck $550 excluded - long-sleeve jersey tee). Sweater high: Navy blue / Beige / Light melange gray cashmere crew neck $1,195. Outerwear (jackets category 58 items incl. leather; overshirts, shirt jackets and vests excluded): staple = blouson - low Brown Impeccabile wool blouson jacket $1,995 (Blue Impeccabile wool blouson, Inter Collection, also $1,995), high Brown woven suede blouson jacket $8,095 (other elevated blousons: sheepskin $7,550, goat suede and lambskin $5,050, wool-cashmere $4,250). Bomber pair alternative: wool bomber $2,395 vs nappa leather bomber $6,850. Shoes: 17 loafers (matches page count 17); low Black / Dark brown calfskin penny loafers $625, high Black buffed calfskin loafers $950. Inter Collection items included as part of the regular Canali range."
Thom Browne,SKIP,SKIP,SKIP,SKIP,SKIP,SKIP,SKIP,SKIP,SKIP,SKIP,970,1750,1740,5350,790,1360,-,SKIP,https://www.thombrowne.com,USD,complete,https://www.thombrowne.com/products.json | https://www.thombrowne.com/products/merino-wool-rwb-rib-stitch-pullover-mka585a-y1055-001 | https://www.thombrowne.com/products/classic-cashmere-4-bar-pullover-mka001a-00011-415 | https://www.thombrowne.com/products/selvedge-denim-backstrap-utility-jacket-mjo256s-f1215-480 | https://www.thombrowne.com/products/contrast-stitch-suede-utility-jacket-mjo243x-l0138-045 | https://www.thombrowne.com/products/pebble-grain-leather-rwb-tassel-loafers-mfl069b-00198-250 | https://www.thombrowne.com/products/box-calf-leather-penny-loafers-with-commando-soles-mfd054h-06764-001,"Shopify, Shopify.currency USD rate 1.0; root products.json 1,735 products (not round), no compare-at markdowns on the relevant items; storefront check: Selvedge Denim Backstrap Utility Jacket displays $1,740 = feed; product .js endpoints for chosen items return live. Men's types (MR*/MF*) only. Sweater (40 MRKP pullovers, necklines read from descriptions): low MERINO WOOL RWB RIB STITCH PULLOVER $970 (crew neckline); high CLASSIC CASHMERE 4-BAR PULLOVER $1,750 (crew neckline); Cashmere Jacquard Snowflake $2,300 and Fair Isle Cricket $2,580 are V-neck, excluded. Outerwear: cheapest style with an elevated version is the utility jacket - low SELVEDGE DENIM BACKSTRAP UTILITY JACKET $1,740, high CONTRAST STITCH SUEDE UTILITY JACKET $5,350 (tweed utility jackets $3,000-$4,850 not elevated). Alternatives: knit-rib blouson plain weave $2,590 vs suede $5,800; Chesterfield twill wool $3,550 vs cashmere $7,250. Shoes: low PEBBLE GRAIN LEATHER RWB TASSEL LOAFERS $790, high BOX CALF LEATHER PENNY LOAFERS WITH COMMANDO SOLES $1,360; Hector slippers ($690) and loafer mules excluded."
Burberry,SKIP,SKIP,SKIP,SKIP,SKIP,SKIP,SKIP,SKIP,SKIP,SKIP,885,1395,1495,4450,920,995,-,SKIP,https://us.burberry.com,USD,complete,https://us.burberry.com/l/mens-clothing/knitwear/ | https://us.burberry.com/web-api/pages/products?location=/cat10011063/cat10011071/cat10011075 | https://us.burberry.com/web-api/pages/products?location=/cat10011063/cat10011081 | https://us.burberry.com/web-api/pages/products?location=/cat10011063/cat10011095 | https://us.burberry.com/check-cashmere-sweater-p81317811 | https://us.burberry.com/wool-sweater-p81275861 | https://us.burberry.com/nylon-clapton-hooded-jacket-p81229011,"Read the site's same-origin listing API (current and old price, markdown flag; no markdowns in chosen items); counts match the pages (knitwear 63, coats & jackets 179, shoes 80). Storefront check: Check Cashmere Sweater displays $1,395.00 = API. Sweater low: Wool Sweater (crew neck, 100% wool) $885 (Check Trim Wool Sweater also $885). Sweater high: Check Cashmere Sweater (100% cashmere, crew neck confirmed from product image) $1,395; plain Cashmere Sweater $1,350; Mohair Wool Blend Jumper $1,795 is a rollneck, excluded. Outerwear: cheapest style with an elevated version is the Clapton hooded jacket - low Nylon Clapton Hooded Jacket $1,495, high Leather Clapton Hooded Jacket $4,450. Other pairs: Newport nylon $1,550 vs cashmere $3,395; Bloomsbury Harrington nylon $1,695 vs leather $4,595. Runway pieces (Suede Landport $9,995, Shearling Lemsford $17,500) excluded. Shoes: only 3 loafers - low Check and Leather Pembroke Loafers $920, high Leather Pembroke Loafers $995."
Herno,SKIP,SKIP,SKIP,SKIP,SKIP,SKIP,SKIP,SKIP,SKIP,SKIP,495,870,1060,2835,555,610,-,SKIP,https://us.herno.com,USD,complete,https://us.herno.com/en/men/clothing/sweaters-and-cardigan/ | https://us.herno.com/en/men/clothing/knitwear/ | https://us.herno.com/en/men/outerwear/ | https://us.herno.com/en/men/down-jackets/ | https://us.herno.com/en/men/accessories/shoes/,"range shoes: no loafers sold; Herno sells only Maggiore trainers (5 listed) - low Maggiore Trainers in Suede and Mesh $555 full (marked down to $389), high Maggiore Trainers in Nylon $610. US store prices use dot thousand separators ($1.060 = $1,060); tile shows sale price only, so full prices taken from PDP price-standard. Sweater (sweaters-and-cardigan 24 items; knitwear category shows only 2 polos): low Resort Sweater in Wool and Silk $495 (crew neck, Herno Resort sub-line, sold on the main store; without Resort: Sweater in Wool Silk $615 full, on sale $431); high Sweater in Cashmere $870 (crew neck, 100% cashmere); the dearer Cashmere and Wool Fisherman's Rib Sweater $970 (68% wool, 29% cashmere) is a minority-cashmere blend, not counted as elevated fibre. Outerwear (outerwear + down-jackets, 154 items; vests, shackets, blazers excluded; suede-effect microfibre and faux shearling not treated as elevated): cheapest style with an elevated version is the short coat (GC0001xx family) - low Short Coat in Matte Twill and Cashmere-Touch Flannel $1,060, high Short Coat in Pure Cashmere and Suede Effect $2,835. Alternative trench pair: Trench Coat in Washington $1,375 vs Trench Coat in New Cashmere and Changing Nylon $3,595."
Valstar,SKIP,SKIP,SKIP,SKIP,SKIP,SKIP,SKIP,SKIP,SKIP,SKIP,SKIP,SKIP,SKIP,SKIP,SKIP,SKIP,NC,https://valstarmilano.com/en-us/search?q=,https://valstarmilano.com/en-us,NC,complete,https://valstarmilano.com/en-us/search?q=jeans | https://valstarmilano.com/en-us/search?q=denim,"Search-URL-only row. valstarmilano.com/search?q=jeans redirects to the US market path /en-us/search (Shopify Markets, USD active, rate 1.170348 vs base). 'jeans' passed: 17 results returned, though none are jeans (Valstar sells no 5-pocket jeans; hits are jackets, overshirts, beanies, incl. Peter padded work jacket in denim and Cropped Valstarino in denim). 'denim' also returns results."
Aspesi,SKIP,SKIP,SKIP,SKIP,SKIP,SKIP,SKIP,SKIP,SKIP,SKIP,265,775,475,1365,NONE,NONE,Shoes,SKIP,https://aspesi.com/en-us,USD,complete,https://aspesi.com/en-us/products.json | https://aspesi.com/products.json | https://aspesi.com/en-us/products/light-linen-polo-shirt-s6-a-ce65-c195-85070-en | https://aspesi.com/en-us/products/cashmere-crew-neck-jumper-w6-q-m100-4567-01200-en | https://aspesi.com/en-us/products/wool-yak-and-cashmere-blend-crew-neck-knit-w6-q-m822-3831-tx-01098-en,"range outerwear: Aspesi sells no suede, leather, shearling or cashmere outerwear (only wool-alpaca coat $1,200 and loden parka $1,240), so no entry/elevated pair; plain men's outerwear range (giubbotti, cappotti, parca, impermeabili; blazers, shirt-jackets and gilets excluded) = low Piece-dyed Canvas Jacket $475 full (on sale $285), high Vodka II Raincoat in nylon blend with Thermore wadding $1,365. Shopify Markets trap confirmed: rate 1.170348; root /products.json is EUR (Light Linen Polo 240) while /en-us/products.json gives USD (315) matching the en-us product page ($315 struck, $189 sale); used /en-us feed (1,054 products, 437 men's). Many items on 40% markdown - compare-at (full) price used. Sweater (82 men's maglie): low Cotton Crewneck Sweater - Navy $265 full (on sale); high Cashmere Crew-Neck Jumper (pure cashmere) $775. Shoes: no footwear in the catalogue - NONE."
Paul & Shark,SKIP,SKIP,SKIP,SKIP,SKIP,SKIP,SKIP,SKIP,SKIP,SKIP,350,795,745,3165,410,690,-,SKIP,https://www.paulandshark.com/en_US/us/,USD,complete,https://www.paulandshark.com/en_US/men/fall-winter-collection/knitwear/ | https://www.paulandshark.com/en_US/men/fall-winter-collection/outerwear/ | https://www.paulandshark.com/en_US/men/accessories/shoes/ | https://www.paulandshark.com/en_US/wool-crew%E2%80%91neck-sweater%2C-garment-dyed/99311047-664.html | https://www.paulandshark.com/en_US/cashmere-crew%E2%80%91neck-sweater/99311039-050.html | https://www.paulandshark.com/en_US/ultralight-microfiber-blouson/16312613-306.html | https://www.paulandshark.com/en_US/cashmere-blouson-with-suede-details/16312346-090.html,"range shoes: no loafers; men's shoes are sneakers plus one boot - low Aqua Slip-On Sneakers $410, high Leather lace-up boots $690 (listing also injects non-shoe editorial tiles, ignored). Category pages read with sz=1000 (knitwear 153 tiles incl. injected items, outerwear 62); no markdowns seen; PDP prices match tiles. Sweater: low Wool crew-neck sweater, garment dyed $350 (100% wool); high Cashmere crew-neck sweater $795 (100% cashmere). Dearer crew blends exist: Wool and Cashmere Crewneck Sweater with Wool and Silk Details $1,095 (90% virgin wool, 10% cashmere) - not counted as elevated fibre. Outerwear (gilets, overshirts, blazers excluded; Aqualeather is P&S treated real suede/leather): cheapest style with elevated version is the blouson - low Ultralight microfiber blouson $745, high Cashmere Blouson with Suede Details $3,165 (100% cashmere); others: wool/cashmere/Aqualeather suede blouson $1,395-$1,595, Aliseo wool-cashmere $1,795. Bomber alternative: Typhoon Re-4X4 bomber $995 vs Bomber in suede Aqualeather $2,375."
Sease,270,1100,460,650,615,985,755,755,815,1400,1050,2300,3600,6550,NONE,NONE,Shoes,SKIP,https://sease.it/en-us,USD,complete,https://sease.it/en-us/products.json | https://sease.it/en-us/products/ts-titus-white-ts035tj149x33 | https://sease.it/en-us/products/knitted-t-shirt-denim-blue-kr077xg106b82 | https://sease.it/en-us/products/t-shirt-crew-gd-white-tp033tj197n14 | https://sease.it/en-us/products/tennis-polo-neck-mid-blue-wp040tj227b15 | https://sease.it/en-us/products/camicia-classica-bd-2-0-warm-white-si033tn612x33 | https://sease.it/en-us/products/urban-denim-pants-denim-blue-pd001tn708b82 | https://sease.it/en-us/products/high-life-2-0-warm-white-pt047tn548x33 | https://sease.it/en-us/products/high-life-2-0-mid-blue-pt047tn052b15 | https://sease.it/en-us/products/round-neck-pocket-navy-blue-kr078xg104b13 | https://sease.it/en-us/products/dinghy-crew-camel-kr081xg006x02 | https://sease.it/en-us/products/summer-balma-steel-grey-oj068tn701n21 | https://sease.it/en-us/products/balma-jacket-2-0-oyster-os078tn373n41 | https://sease.it/en-us/products/saharan-shirt-military-green-si046tn542g34,"Shopify Markets (USD active, rate 1.170348) but /en-us/products.json and root feed return identical prices (687 products); PDP check Fine Knit Turtle Neck shows $1,850.00 USD = feed; chosen items confirmed live via .js. No markdowns on chosen items. Men's only (women's Tennis Crew, Arden, Altai etc. excluded); Amos (Safari Rally collab) excluded. Tee (analogous rule): low Ts Titus $270 (cotton jersey, round neck); high Knitted T-Shirt $1,100 (Sea Island cotton, short-sleeve crew, confirmed from image) - jersey-only high is Runner T-Shirt $580 (virgin wool); Waffle Short Sleeve crewneck knit $1,200 not counted. Polo (analogous rule, short-sleeve knit): low T-Shirt Crew Gd $460 (short-sleeve cotton jersey polo with ribbed polo collar); high Tennis Polo Neck $650 (short sleeve, image checked); Polo Neck 3.0 $730, Polo Ellen 3.0, Knitted Polo $1,300 and Lasca $1,150 are long-sleeve. Dress shirt: low Camicia Classica Bd 2.0 $615; high Saharan Shirt $985 (silk, classic collar, chest pockets); Camicia Classica BD range $615-$775; New Gate Shirt $1,950 excluded (snap buttons, zip pockets, drawstring hem - overshirt); Fish Tail shirts are v-neck popovers. Jeans (analogous rule): only one 5-pocket-style denim, Urban Denim Pants $755 (low = high); Mindset denim $985 is a drawstring trouser. Dress pants (analogous rule): low High Life 2.0 pleated trouser (stretch cotton) $815, high High Life 2.0 (100% linen) $1,400; Tech Suit Pant $930-$1,200. Sweater: low Round Neck Pocket $1,050 (cotton boucle crew, currently sold out but listed); high Dinghy Crew $2,300 (100% cashmere, reversible); Shore 2.0 cashmere round neck $1,150, Arlo Dinghy $1,800. Outerwear (vests, overshirts excluded): cheapest style with elevated version is the Balma - low Summer Balma $3,600 (virgin wool shell), high Balma Jacket 2.0 $6,550 (100% cashmere, insulated). Alternatives: Armor 3.0 $5,100 vs Armor 2.0 cashmere $5,900. Leather Biker $7,850 and Explorer Shearling $9,750 have no entry version. Shoes: only Sebago shoes ($285, third-party) - no own-label footwear, NONE."
Moncler,SKIP,SKIP,SKIP,SKIP,SKIP,SKIP,SKIP,SKIP,SKIP,SKIP,795,1085,1435,5410,335,1050,-,SKIP,https://www.moncler.com/en-us,USD,complete,https://www.moncler.com/en-us/men/ready-to-wear/sweaters-and-cardigans | https://www.moncler.com/api/MonclerUS/storefront/en_US/SearchApi-Search?cgid=men-ready-to-wear-sweaters-and-cardigans | https://www.moncler.com/api/MonclerUS/storefront/en_US/SearchApi-Search?cgid=men-outerwear | https://www.moncler.com/api/MonclerUS/storefront/en_US/SearchApi-Search?cgid=men-footwear | https://www.moncler.com/en-us/men/ready-to-wear/sweaters-and-cardigans/logo-patch-cotton-sweater-black-L10919C00014M1367999.html | https://www.moncler.com/en-us/men/outerwear/short-down-jackets/moncler-maya-matte-short-down-jacket-grey-L20911A53600539ZD93B.html,"range shoes: no loafers; men's footwear (74 items: sneakers, boots, slides, sandals) - low Moncler Altive Slides / Basile Rubber Slides $335, high Vera Sheal Lace-Up Boots and Peak City Nubuck & Suede Ankle Boots $1,050; Moon Boot x Moncler Grenoble collab ($920) excluded. Data from the site's same-origin SearchApi-Search (counts match pages: knitwear 89, outerwear 406); tile prices on the rendered knitwear page match the API (e.g. Wool Sweater $990.00); no list/markdown prices present. Sweater: low Logo Patch Cotton Sweater $795 (crew neck, 100% cotton); high Textured Cashmere & Wool Sweater $1,085 (crew neck) - note Moncler has no pure or majority-cashmere crewneck; every cashmere crew is 90% virgin wool / 10% cashmere (also Wool & Cashmere Blend Sweater $1,000, Leather Logo Wool & Cashmere Blend $1,055). Grenoble Moose Jacquard alpaca sweater $1,195 not a confirmed crew, excluded. Outerwear (vests, shirt-jackets excluded): no model is sold in both nylon and an elevated material, so the style used is the short down jacket (149 items) - low Acorus Short Down Jacket $1,435 (nylon), high Zerique Shearling & Suede Short Down Jacket $5,410; other elevated short down jackets: Crachin shearling & nappa $5,215, Luray cashmere blend $2,755. Genius/collab pieces (e.g. LoveFrom) excluded."
Ferragamo,SKIP,SKIP,SKIP,SKIP,SKIP,SKIP,SKIP,SKIP,SKIP,SKIP,SKIP,SKIP,SKIP,SKIP,750,2900,-,NC,https://www.ferragamo.com/shop/us/en,USD,partial,https://www.ferragamo.com/shop/us/en/men/shoes-1/moccasins-1 | https://www.ferragamo.com/shop/us/en/SearchDisplay?searchTerm=jeans | https://www.ferragamo.com/shop/us/en/search?searchTerm=jeans | https://www.ferragamo.com/shop/us/en/men/shoes-1/moccasins-1/balty-cocco-778980,"Shoes from the rendered men's Moccasins and Loafers page (95 products, all loaded via See more products; prices read from displayed tiles, no markdowns shown). Low: Espadrilles loafer $750 (next: Penny loafer $850); high: Moccasin with Gancini ornament (Balty, crocodile leather per product page, navy) $2,900; Tramezza (Ferragamo's premium Goodyear sub-line) included, dearest Tramezza Penny loafer $2,500 - without Tramezza and the exotic, high would be Loafer with Gancini ornament (Caspian Lux) $1,750. Gancini ornament mule excluded; separate Drivers category not included. search_url NC: site search is an in-page overlay that does not change the URL; tested /shop/us/en/search?searchTerm=jeans and ?q=jeans (HTTP 500), /shop/us/en/SearchDisplay?searchTerm=jeans (200 but empty page, no results), /search/jeans and /search-results (404). The overlay itself returned 40 results for jeans."
Giorgio Armani,SKIP,SKIP,SKIP,SKIP,SKIP,SKIP,SKIP,SKIP,SKIP,SKIP,975,2195,1195,9300,745,1395,-,SKIP,https://www.armani.com/en-us/giorgio-armani/,USD,complete,https://www.armani.com/en-us/giorgio-armani/man/clothing/knitwear/ | https://www.armani.com/en-us/giorgio-armani/man/clothing/outerwear/ | https://www.armani.com/en-us/giorgio-armani/man/shoes/loafers/ | https://www.armani.com/en-us/giorgio-armani/stretch-jersey-blouson-cod-3DSB72-SJFJZ-UBUV/ | https://www.armani.com/en-us/giorgio-armani/blouson-jacket-oversized-fit-leather-with-silk-lining-cod-GM004098-AF28789-U8139/ | https://www.armani.com/en-us/giorgio-armani/suede-blouson-with-all-over-rhinestone-monogram-cod-E3SR90-FSP90-920/,"Server-rendered listing pages read with ?page=N; counts match the stated totals (knitwear 95, outerwear 58, loafers 34); rendered page prices match (Icon cashmere interlock crew-neck jumper $1,595); no markdowns shown. Giorgio Armani line only (Emporio/EA7/AX not on these pages). Sweater: low Crewneck sweater in virgin wool with a textured pattern $975; high Knitted jumper with a crew neck in striped cashmere Icon $2,195 (other cashmere crews $1,595). Excluded: Pure cashmere jersey crew-neck jumper $2,695 (labelled Runway), Armani/Archivio SS1981 crew $2,995 (archive reissue), Giorgio Armani for Alanui $2,095 (collab), Giorgio's cashmere-silk crew with rhinestones $3,595 (Giorgio's capsule; would be high if counted), short-sleeved crews. Outerwear (vests excluded): staple = blouson - low Stretch jersey blouson $1,195; high Blouson jacket oversized fit leather with silk lining $9,300 (new season, not labelled Runway). Excluded: Runway-labelled leather blousons $8,900 and $9,400; Suede blouson with all-over rhinestone monogram $19,500 (listed but marked not available online). Next elevated blousons: leather regular fit $6,900, lamb shearling $6,500, nappa $6,200, double cashmere $6,200. Shoes: low Patent leather loafers $745, high Loafer in suede with leather insole $1,395; brushed-leather/suede slippers $1,595 and velvet slip-on shoes excluded as non-loafers."
Missoni,SKIP,SKIP,SKIP,SKIP,SKIP,SKIP,SKIP,SKIP,SKIP,SKIP,880,2130,2220,6440,415,890,-,SKIP,https://www.missoni.com/en-us/,USD,complete,https://www.missoni.com/en-us/men/clothing/knitwear/ | https://www.missoni.com/en-us/men/clothing/coats/ | https://www.missoni.com/en-us/men/accessories/shoes/ | https://www.missoni.com/en-us/crew-neck-sweater-in-wool-with-chevron-pattern-navy-blue-US25WN0YBK01CWS72MH.html | https://www.missoni.com/en-us/cashmere-and-viscose-zig-zag-pullover-beige-US26WN03BC006HS01M6.html | https://www.missoni.com/en-us/wool-and-viscose-bomber-jacket-with-pockets-blue-e-multicoloured-US26WC04BC006FS72QV.html | https://www.missoni.com/en-us/cashmere-and-viscose-bomber-jacket-with-pockets-blue-US26WC04BC006HS72QW.html | https://www.missoni.com/en-us/double-breasted-cashmere-and-viscose-coat-blue-US26WC05BC006HS72QW.html,"range shoes: no loafers; men's shoes are 5 items (espadrilles, sneakers) - low Men's espadrilles $415, high Zigzag fabric sneakers with suede inserts $890. Category pages read with sz=500 (knitwear 41, coats 15, shoes 5 - all counts match); no markdowns; many items are PRE-ORDER (current season, counted). CAPERDONI-labelled pieces excluded as a collaboration. Sweater: low Crew neck sweater in wool with chevron pattern $880 (100% wool); high Cashmere and viscose zig zag pullover $2,130 (85% cashmere, crew neck confirmed from image); pure-cashmere crews $1,180-$1,730; sweatshirts excluded. Outerwear (overshirts, blazers excluded): cheapest style also sold in an elevated material is the coat - low Double knit coat with zigzag pattern / Wool cloth coat with chevron pattern $2,220, high Double-breasted cashmere and viscose coat $6,440 (85% cashmere). Exact same-model pair also exists for the bomber (WC04BC006): Wool and viscose bomber jacket $4,460 vs Cashmere and viscose bomber jacket $4,790."
Etro,SKIP,SKIP,SKIP,SKIP,SKIP,SKIP,SKIP,SKIP,SKIP,SKIP,SKIP,SKIP,SKIP,SKIP,SKIP,SKIP,NC,https://www.etro.com/us-en/search?q=,https://www.etro.com/us-en,NC,complete,https://www.etro.com/us-en/search?q=jeans | https://www.etro.com/us-en/search?q=denim | https://www.etro.com/en-us/search?q=jeans,"Search-URL-only row. US locale path is /us-en/ (the /en-us/ form redirects to /us-en/en-us/search and 404s). 'jeans' passed: 33 items returned, incl. Jeans, Jacquard Jeans, Five-Pocket Jeans; 'denim' returns 50 items. Results page mixes men's and women's."
Versace,SKIP,SKIP,SKIP,SKIP,SKIP,SKIP,SKIP,SKIP,SKIP,SKIP,995,1850,1850,13490,950,1425,-,SKIP,https://www.versace.com/us/en/,USD,complete,https://www.versace.com/us/en/men/clothing/knitwear/ | https://www.versace.com/us/en/men/clothing/jackets-coats/ | https://www.versace.com/us/en/men/clothing/leather/ | https://www.versace.com/us/en/men/shoes/loafers-slippers/ | https://www.versace.com/us/en/men/clothing/knitwear/embroidered-wool-blend-knit-sweater-black/1010534-1A07614_1B000.html | https://www.versace.com/us/en/men/clothing/knitwear/intarsia-cashmere-knit-sweater/1026797-1A19057_1B000.html | https://www.versace.com/us/en/men/clothing/jackets-coats/jackets/embroidered-logo-nylon-blouson-black/1025468-1A17589_1B000.html | https://www.versace.com/us/en/men/clothing/jackets-coats/jackets/embroidered-nappa-blouson/1026980-1A19246_1B000.html,"SFCC category pages read with sz=500; counts match (knitwear 48, jackets & coats 39, leather 22, loafers & slippers 21); tile prices = displayed storefront prices; no markdowns. Sweater: low Embroidered Wool-Blend Knit Sweater $995 (crewneck, 60% wool 30% silk); high Intarsia Cashmere Knit Sweater $1,850 (crewneck, 100% cashmere); dearer Jacquard Wool & Cashmere Knit Sweater $1,990 is 70% wool/30% cashmere, not counted. Outerwear (vests, overshirts, windbreakers-as-type ignored): staple = blouson - low Embroidered-Logo Nylon Blouson $1,850; high Embroidered Nappa Blouson $13,490 (pre-order, no runway label found on page); next elevated blousons: Leather Blouson $8,050 / $7,550, Leather & Nylon Padded Blouson $6,890, Nappa Blouson $4,990, Suede/Leather Blouson $4,950, Cashmere Blouson $3,550. Shoes: low Medusa '95 Leather Loafers (and Croc-Effect) $950, high Guanto Leather Patchwork Loafers $1,425; driver/driving shoes ($795-$895) and velvet/patent slippers excluded as non-loafers."
Dolce&Gabbana,SKIP,SKIP,SKIP,SKIP,SKIP,SKIP,SKIP,SKIP,SKIP,SKIP,995,2045,2045,13500,895,1145,-,SKIP,https://www.dolcegabbana.com/en-us/,USD,complete,https://www.dolcegabbana.com/en-us/fashion/men/clothing/sweaters-and-cardigans/ | https://www.dolcegabbana.com/en-us/fashion/men/clothing/coats-and-jackets/ | https://www.dolcegabbana.com/en-us/fashion/men/shoes/loafers-and-moccasins/ | https://www.dolcegabbana.com/en-us/fashion/men/clothing/coats-and-jackets/fur-bomber-jacket-black-G9CMRLHUPDAN0000.html | https://www.dolcegabbana.com/en-us/fashion/men/clothing/coats-and-jackets/wool-blend-bomber-jacket-blue-G9ASOTFU3QBB0665.html | https://www.dolcegabbana.com/en-us/fashion/men/clothing/sweaters-and-cardigans/round-neck-cashmere-sweater-with-bejeweled-detailing-black-GXX02ZJBW05N0000.html,"PWA storefront; read the server-rendered search state on each category page with ?page=N (sweaters & cardigans 336/336, coats & jackets 192/192, loafers & moccasins 75/75); single US list pricebook, no markdowns; storefront check: Fur bomber jacket PDP displays $13,500 = data. Sweater: low Wool round-neck sweater with branded tag $995; high Round-neck cashmere sweater with bejeweled detailing $2,045 (plain cashmere round-necks $1,445-$1,945); dearer round-necks are wool/cotton (Wool round-neck with embroidery and bejeweled buttons $4,695, Cotton crewneck pullover $3,895) - not elevated fibre. Outerwear (vests, shirts excluded): staple = bomber - low Wool-blend bomber jacket $2,045; high Fur bomber jacket $13,500 (external 100% lambskin, confirmed on PDP); other elevated bombers: nappa leather $8,445, calfskin $7,845, nappa $7,045, lambskin $6,395, sheepskin $5,445, nappa suede $5,295, cashmere $4,195. Denim jackets ($1,295+) have no elevated version. Shoes: only items named loafers counted (7 styles) - low Suede loafers / Brushed calfskin loafers $895, high Calfskin loafers $1,145; the category is dominated by 'slippers' (D&G slip-ons, $385-$1,045+) and drivers, excluded."
Fendi,SKIP,SKIP,SKIP,SKIP,SKIP,SKIP,SKIP,SKIP,SKIP,SKIP,1300,2500,3250,7550,1050,1150,-,SKIP,https://www.fendi.com/us-en,USD,complete,https://www.fendi.com/us-en/man/ready-to-wear/knitwear | https://www.fendi.com/us-en/man/ready-to-wear/sweater-black-wool-pullover-fzx203b1q2f0qa1 | https://www.fendi.com/us-en/man/new-in/sweater-black-cashmere-sweater-fzx221b1ibf0qa1 | https://www.fendi.com/us-en/man/sweater-black-ff-cotton-pullover-fzx051auw0f0qa1 | https://www.fendi.com/us-en/man/ready-to-wear/outerwear | https://www.fendi.com/us-en/man/ready-to-wear/jackets-suits | https://www.fendi.com/us-en/man/shoes/loafers-drivers,"Custom site, US storefront, prices read from rendered category pages (live page and in-origin fetch agree). Knitwear page says 22 Products but shows 12 tiles (counts include colour swatches). Sweater low = Sweater black/navy/gray wool pullover FZX203 $1,300 (slim-fit long-sleeve, ribbed edges); cheaper Sweater FF cotton pullover $1,100 excluded as short-sleeved; high = Sweater black pure cashmere FZX221 $2,500 (only cashmere crewneck; wool ribbed crew-neck sweater with patches is $1,950). Outerwear: style pairing on the blouson (short zip/snap jacket) type, the cheapest style Fendi also sells in leather: low = Blouson in black FF Zucca jacquard nylon FW1470 $3,250 (same FW1470 also in green mackintosh $3,650), high = Blouson in black nappa leather FPJ166 $7,550 (hooded; the only leather blouson; pairing is by style type, not an identical model code). Other Outerwear: nylon bomber $3,650, cotton blouson $3,450, patchwork nylon bomber $6,000, wool and leather parka $6,950, mackintosh trench $5,150, cotton trench $13,850, green patchwork cotton parka $17,350 (plain category range $3,250-$17,350 excluding the two Jeans Shirts); page says 29 Products but shows 12 tiles (colour variants). Shoes: Loafers & Drivers page 7 products: Fendi Ateneo leather loafers $1,050, Fendi Scrunch leather and suede loafers $1,050, Fendi 1996 loafers $1,150, braided leather loafer $1,150; FF Squared Drivers $770 excluded as driving shoe not loafer. No markdowns seen."
Valentino,SKIP,SKIP,SKIP,SKIP,SKIP,SKIP,SKIP,SKIP,SKIP,SKIP,890,2290,2550,4990,790,1350,-,SKIP,https://www.valentino.com/en-us,USD,complete,https://www.valentino.com/en-us/men/ready-to-wear/knitwear | https://www.valentino.com/en-us/product-valentino-wool-jumper-with-vlogo-embroidery-VKC38PBH9_598 | https://www.valentino.com/en-us/product-valentino-cashmere-cable-knit-pullover-with-vlogo-VKC38ZBLJ_E04 | https://www.valentino.com/en-us/men/ready-to-wear/outerwear | https://www.valentino.com/en-us/men/ready-to-wear/coats-and-blazers | https://www.valentino.com/en-us/product-valentino-leather-jacket-VNA03GBL0_0NO | https://www.valentino.com/en-us/men/shoes/loafers-and-driver,"Custom site, US storefront, prices from rendered category pages; all tiles loaded (Knitwear 16, Outerwear 14, Loafers and Drivers 17 match stated counts). Items tagged Runway on the site excluded (e.g. cashmere sweater with draped high collar $3,550, wool and cashmere sweater with metallic V $1,850, runway coats $6,450-$7,850). Sweater low = Valentino Wool Jumper With VLogo Embroidery $890 (100% wool, gauge 18, crew neck per product image); high = Valentino Cashmere Cable-Knit Pullover With VLogo $2,290 (100% cashmere, crew neck per image). Outerwear: pairing by style type (short zip blouson/bomber): low = Valentino Nylon Bomber Jacket With VGold $2,550, high = Valentino Leather Jacket $4,990 (100% calfskin zip blouson, not the identical model); cotton tweed bomber $3,990 also listed. Shirt jackets ($1,990-$2,550) and the viscose sweatshirt excluded; coats range $3,290 waxed cotton coat to $5,150 cotton drill coat (non-runway). Shoes: low = Palm Avenue Calfskin Loafer $790, high = Jiggie Loafer In Anguilla And Nappa Leather $1,350 (eel skin; highest non-exotic is Bowow Leather Loafer $1,190); Driver Fastaway styles ($790/$870) excluded as drivers. No markdowns on these pages."
Saint Laurent,SKIP,SKIP,SKIP,SKIP,SKIP,SKIP,SKIP,SKIP,SKIP,SKIP,NC,NC,NC,NC,NC,NC,NC,SKIP,https://www.ysl.com/en-us,NC,partial,https://www.ysl.com/en-us/shop-men/ready-to-wear/knitwear (redirects to /en-us/ca/shop-men/ready-to-wear/knitwear),"Not reached: the page loads (tab title shows the category) but every Chrome extension call on this site (javascript, get_page_text, screenshot, even navigate away) fails with 'Tool failed in the extension' and the tab becomes unusable; retried in fresh tabs with the same result. Direct fetch from the sandbox is blocked by the egress proxy. Needs a manual or different-browser pass. Same behaviour on ysl.com, gucci.com and balenciaga.com (alexandermcqueen.com worked)."
Celine,SKIP,SKIP,SKIP,SKIP,SKIP,SKIP,SKIP,SKIP,SKIP,SKIP,NC,NC,NC,NC,NC,NC,NC,SKIP,https://www.celine.com/en-us,NC,partial,https://www.celine.com/en-us/celine-men/ready-to-wear/knitwear/ | https://www.celine.com/en-us/home,"Not reached: celine.com returns Akamai Access Denied (edgesuite error page) for both the US home page and the men's knitwear category from this browser, so no prices could be read. Needs a retry from a different network/session."
Givenchy,SKIP,SKIP,SKIP,SKIP,SKIP,SKIP,SKIP,SKIP,SKIP,SKIP,1100,1450,1700,6950,970,1020,-,SKIP,https://www.givenchy.com/us/en-US,USD,complete,https://www.givenchy.com/us/en-US/men/ready-to-wear/knitwear/ | https://www.givenchy.com/us/en-US/sweater-in-wool-with-givenchy-paris-gros-grain/BM90X74YQL-403.html | https://www.givenchy.com/us/en-US/couture-seam-sweater-in-wool-and-cashmere/BM90X84YRM-001.html | https://www.givenchy.com/us/en-US/men/ready-to-wear/bombers-blousons/ | https://www.givenchy.com/us/en-US/men/ready-to-wear/jackets-coats/ | https://www.givenchy.com/us/en-US/couture-seam-track-top-in-nappa-leather/ | https://www.givenchy.com/us/en-US/men/shoes/loafers/,"Salesforce site, US storefront in USD; tiles read from live category pages after clicking VIEW MORE (Sweaters 19 of 19, Bombers and Blousons 47 of 47, Jackets and Coats 44 of 44, Loafers 11 of 11). Sweater low = Sweater in wool with Givenchy Paris gros grain $1,100 (100% wool, crew neck); high = Couture Seam sweater in wool and cashmere $1,450 (70% wool 30% cashmere, crew neck; no pure-cashmere crewneck offered; Sweater in wool and cashmere embroidered Givenchy Paris is $1,400; turtleneck in alpaca and yak $1,650 excluded as not crew). Outerwear: pairing by style type bomber/blouson: low = Blouson with Givenchy Paris embroidery $1,700 (viscose/cotton, bomber collar), high = Couture Seam aviator blouson in leather and shearling $6,950. Judgement call; alternatives: exact-model pair Couture Seam track top with cut-out details $2,250 vs Couture Seam track top in nappa leather $4,900; trench pair Couture Seam trench coat in wool $4,100 vs Trench in leather (plonge lambskin) $12,500. Other leather blousons: biker zipped blouson in leather $4,200, raglan blouson in leather $6,200, zipped biker blouson in leather with sunflower print $7,250; overshirts, fleece jackets, sleeveless pieces, blazers (incl. Jacket in leather $6,950, a peak-lapel lambskin blazer) excluded. Shoes: Loafers page: low = Label loafers in nappa leather / suede / shiny leather and canvas $970, high = Label loafers in shiny leather $1,020 (Gent loafers $990); Puffy mules $790 and Gent/Tux derbies $1,020 on the same page excluded as not loafers. Items not individually checked for runway provenance; all tagged New/main line."
Gucci,SKIP,SKIP,SKIP,SKIP,SKIP,SKIP,SKIP,SKIP,SKIP,SKIP,NC,NC,NC,NC,NC,NC,NC,SKIP,https://www.gucci.com/us/en,NC,partial,https://www.gucci.com/us/en/ca/men/ready-to-wear-for-men/knitwear-for-men-c-men-readytowear-knitwear,"Not reached: the page loads (tab title shows the category) but every Chrome extension call on this site (javascript, get_page_text, screenshot, even navigate away) fails with 'Tool failed in the extension' and the tab becomes unusable; retried in fresh tabs with the same result. Direct fetch from the sandbox is blocked by the egress proxy. Needs a manual or different-browser pass. Same behaviour on ysl.com, gucci.com and balenciaga.com (alexandermcqueen.com worked)."
Balenciaga,SKIP,SKIP,SKIP,SKIP,SKIP,SKIP,SKIP,SKIP,SKIP,SKIP,NC,NC,NC,NC,NC,NC,NC,SKIP,https://www.balenciaga.com/en-us,NC,partial,https://www.balenciaga.com/en-us/men/ready-to-wear/knitwear,"Not reached: the page loads (tab title shows the category) but every Chrome extension call on this site (javascript, get_page_text, screenshot, even navigate away) fails with 'Tool failed in the extension' and the tab becomes unusable; retried in fresh tabs with the same result. Direct fetch from the sandbox is blocked by the egress proxy. Needs a manual or different-browser pass. Same behaviour on ysl.com, gucci.com and balenciaga.com (alexandermcqueen.com worked)."
McQueen,SKIP,SKIP,SKIP,SKIP,SKIP,SKIP,SKIP,SKIP,SKIP,SKIP,1290,1290,1850,6590,990,990,-,SKIP,https://www.alexandermcqueen.com/en-us,USD,complete,https://www.alexandermcqueen.com/en-us/ca/men/ready-to-wear/knitwear | https://www.alexandermcqueen.com/en-us/pr/distressed-skull-jumper-858362Q1BA64100.html | https://www.alexandermcqueen.com/en-us/ca/men/ready-to-wear/coats-and-outerwear | https://www.alexandermcqueen.com/en-us/ca/men/ready-to-wear/leather | https://www.alexandermcqueen.com/en-us/ca/men/ready-to-wear/jackets | https://www.alexandermcqueen.com/en-us/ca/men/shoes,"range sweater: Knitwear shows 4 Items (2 polos, 1 cardigan) and the only crewneck is Distressed Skull Jumper in Navy $1,290 (100% cotton, crew neck), no elevated-fibre crewneck, so low = high = 1,290. range outerwear: no style is offered in both entry and elevated material (leather pieces are Classic Leather Biker $4,850, Fringe Leather Jacket $6,490, Leather Overshirt $5,290 with no cloth versions), so plain range of Coats and Outerwear (8 Items) excluding the Leather Overshirt: low Skull Jacquard Jacket in Black $1,850, high Floral Embroidery Coat in Black $6,590 (others: Stand Collar Denim Jacket $1,890, Skull Jacquard Puffer $2,390, Prince of Wales Check Bomber $3,290). Jackets category (8 Items) is tailoring/waistcoats, excluded as blazers. Shoes: Men's shoes 37 of 37 items loaded; only loafer is Wishbone Loafer in Black $990, so low = high; rest are Oversized Sneakers, slides, sandals, Biker Boot $1,550 and Sofa Chelsea Boot $1,290. US storefront in USD read from rendered live pages (site redirects to /en-us/ca/)."
Maison Margiela,SKIP,SKIP,SKIP,SKIP,SKIP,SKIP,SKIP,SKIP,SKIP,SKIP,960,1730,3100,6120,1450,2050,-,SKIP,https://www.maisonmargiela.com/en-us,USD,complete,"https://www.maisonmargiela.com/en-us/maison-margiela/men/ready-to-wear/knitwear/ | https://www.maisonmargiela.com/en-us/maison-margiela/men/ready-to-wear/coats-jackets/ | https://www.maisonmargiela.com/en-us/maison-margiela/men/shoes/loafers/ | https://www.maisonmargiela.com/en-us/ (product pages for two-tone-wool-crewneck-S67HL0011M13177001F, fused-knit-wool-crewneck-sweater-S50HL0086M13, eagle-crewneck-sweater-S50HL0078M13321001J, cashmere-sweater-S50GU0238M13145144, elbow-patch-sweater-SI1GP0001S18064860F)","range sweater | Salesforce site, US storefront USD; Maison Margiela line only (MM6 not included; the old /en-us/men/ path 404s, current path is /en-us/maison-margiela/men/). Pages state no product count; all tiles loaded by scrolling. range sweater: no crewneck in an elevated fibre (the only cashmere piece, Cashmere Sweater $3,540, is a zip-up hooded sweatshirt), so plain crewneck range: low = Two-Tone Wool Crewneck $960 (100% wool), high = Fused Knit Wool Crewneck Sweater $1,730 (virgin lambswool); others Elbow Patch Sweater crew $1,170 (wool/linen/cotton), Virgin Wool Crewneck $1,280; Eagle Crewneck Sweater $2,150 (wool/alpaca, product copy says it references the Artisanal 2025 show) excluded as show-derived, with it high would be 2,150; Striped Wool Crewneck $1,280 is short-sleeve. Outerwear: pairing by style type bomber: low = Reversible Bomber Jacket $3,100, high = Spliced Leather Bomber Jacket $6,120 (not the identical model). Other elevated pieces: Waxed Shearling Jacket $6,590, Distressed Leather Biker $6,550, Folded Collar Leather Biker $7,260 (no fabric biker). Blazers, tuxedo jackets, gilets, track jackets excluded. Shoes: Loafers page 8 tiles: low = Tabi Loafers $1,450, high = Level Fringed Loafer $2,050 (Tabi City Babouche Loafer $1,550, Heel-Less Loafer $1,850/$1,890); Tabi Slip-On $1,280 and Tabi City Mary-Janes $1,280 excluded as not loafers (with slip-on the low would be 1,280)."
Rick Owens,SKIP,SKIP,SKIP,SKIP,SKIP,SKIP,SKIP,SKIP,SKIP,SKIP,560,1905,2090,3225,935,4725,-,SKIP,https://www.rickowens.eu/en-us,USD_landed,complete,https://www.rickowens.eu/en-us/products.json | https://www.rickowens.eu/products.json | https://www.rickowens.eu/en-us/collections/men-rick-owens/products.json | https://www.rickowens.eu/en-us/collections.json | https://www.rickowens.eu/en-us/products/rf00m6620ws09 | https://www.rickowens.eu/en-us/pages/terms-and-conditions,"range shoes: no loafer in the catalogue, so plain range of men's Rick Owens mainline shoes (RU/RO codes, 98 non-runway items): low Minimal Sneaks $935, high Megalace Lunar Mega Tractor $4,725; runway pieces excluded by RUNWAY PIECES tag or RUNWAY in description (Taconaska $5,715-$6,030, Cargotaconaska $8,440, Cargo Taquito, Cuffed Taquito); Dr. Martens and Converse collabs excluded. Shopify Markets: Shopify.currency USD rate 1.170348; root products.json is EUR base (e.g. RF00M6620 1315) while /en-us/products.json gives US prices (1905) matching the displayed storefront (Regular price $1,905.00 on the product page; Taconaska $5,715 feed = page) - used /en-us feeds. Terms and conditions state US prices include taxes and duties, hence USD_landed. Mainline only: men-rick-owens collection filtered to RU (men mainline) and RF (Forever permanent line) codes; DRKSHDW, Lilies, women's RR/RP excluded. Sweater low = Ribbed Round Neck RU01F2637 $560 (100% new wool; compare_at 560, currently marked down to 336; current-season RU02F4637 version is $590 full price); high = Round Neck RF00M6620 $1,905 (100% cashmere, Forever line; mainline FW26 cashmere/silk Round Neck RU02F4631 is $1,630). Outerwear: Brad Jkt: low = wool RU01F2764_WT $2,090 (compare_at; marked down to 1254), high = lambskin RU01F2764_LBE $3,225 (compare_at; marked down to 1935); current-season Brad Jkt in calf RU02F4764 $2,990 full price. Both Brad Jkt figures are last-season pieces now marked down; Classic Flight is the next pair (nylon/plant $2,120 to lamb $3,490). Outershirts excluded."
Yohji Yamamoto,SKIP,SKIP,SKIP,SKIP,SKIP,SKIP,SKIP,SKIP,SKIP,SKIP,520,1080,980,5470,880,1690,-,https://theshopyohjiyamamoto.com/search?q=,https://theshopyohjiyamamoto.com,USD,complete,https://theshopyohjiyamamoto.com/products.json | https://theshopyohjiyamamoto.com/products/hw-e54-765-1 | https://theshopyohjiyamamoto.com/search?q=jeans,"range sweater: only elevated-fibre crewneck is the cotton-cashmere COTTON CASHMERE ROUND NECK PO KNIT at $520 (cheapest crewneck too, compare_at 520, currently marked down), no pure cashmere crewneck, so plain range of Pour Homme long-sleeve round-neck pullovers: low $520, high 7G PLATING SINGLE JERSEY RIB ROUND NECK PO $1,080 (polyamide/wool, full price). range shoes: no loafer (only slip-on is TRICOT NEOPRENE SLIPPON SHOES $960), so plain range of Pour Homme footwear (23 items): low MAT SMOOTH LEATHER ZIP BIKER BOOTS $880, high LEATHER SOFT OIL TREKKING BOOTS $1,690. Shopify, Shopify.currency USD rate 1.0, products.json 4,750 products (not round); storefront check: biker boots page shows Regular price USD $880.00 = feed. Main line taken as vendor Yohji Yamamoto POUR HOMME tagged men (1,044 items); Y's, Y's for men, Ground Y, S'YTE, LIMI feu, discord, REGULATION, Black Scandal and Y-3 excluded. Many items marked down (compare_at > price); full price = compare_at per rule. Outerwear: pairing by style type blouson: low C/ RIP STOP ARMY BLOUSON $980 (cotton, cheapest woven blouson; excluded cheaper Black Scandal denim blouson $650 and jersey zip blousons $810-$880), high BUFFALO LEATHER FASTENER BLOUSON $5,470 (compare_at, marked down). Not a same-model pair; other leather pieces: Buffalo leather P coat $5,190, Backlash double riders $5,030, riders coat $7,010, BL/JP shoulder riders hoodie $7,680. search_url passed with jeans (102 product links, denim pants) and denim."
Comme des Garçons,SKIP,SKIP,SKIP,SKIP,SKIP,SKIP,SKIP,SKIP,SKIP,SKIP,NC,NC,NC,NC,NC,NC,NC,NC,https://www.comme-des-garcons.com,NC,partial,https://www.comme-des-garcons.com | https://www.comme-des-garcons.com/hommeplus.html | https://www.comme-des-garcons.com/shirt.html | https://www.comme-des-garcons.com/stores/index.html,"comme-des-garcons.com is a non-commerce lookbook site (pages: index, Homme Plus, Junya Watanabe Man, Shirt, stores, subscribe, recruitment; 2027SS collection images only): no products, no prices, no search function, so all cells NC and search_url NC. The only e-commerce link on the stores page is Dover Street Market (ginza.doverstreetmarket.com), a CDG-owned multi-brand retailer; not used because it is a stockist rather than the brand's own store - decide whether DSM e-shop should count as CDG's own store."
Junya Watanabe,SKIP,SKIP,SKIP,SKIP,SKIP,SKIP,SKIP,SKIP,SKIP,SKIP,NC,NC,NC,NC,NC,NC,NC,NC,https://www.comme-des-garcons.com/junyawatanabeman.html,NC,partial,https://www.comme-des-garcons.com/junyawatanabeman.html | https://www.comme-des-garcons.com/stores/index.html,"The Junya Watanabe Man page on comme-des-garcons.com is a lookbook (2027SS collection images plus a video page) with no products, prices or search, so all cells NC and search_url NC. No brand-owned web store found; Junya Watanabe Man is sold online via Dover Street Market (CDG-owned multi-brand retailer) and other stockists, which the spec treats as third-party."
Sacai,SKIP,SKIP,SKIP,SKIP,SKIP,SKIP,SKIP,SKIP,SKIP,SKIP,620,620,945,3675,1000,1000,-,https://www.sacai.jp/search?q=,https://www.sacai.jp,USD,complete,https://www.sacai.jp/products.json | https://www.sacai.jp/collections.json | https://www.sacai.jp/collections/men-knitwear/products.json | https://www.sacai.jp/collections/men-pullovers/products.json | https://www.sacai.jp/collections/men-blousons-jackets/products.json | https://www.sacai.jp/collections/men-shoes/products.json | https://www.sacai.jp/en/products/s-wool-knit-pullover_762_scm-343-201 | https://www.sacai.jp/products/puffer-blouson_26-04120m-532 | https://www.sacai.jp/search?q=jeans,"range sweater: the only men's knit pullover is s Wool Knit Pullover $620 (sacai Classics s line, 100% wool, crew neck per product image); no elevated-fibre crewneck, so low = high = 620. Shopify Markets: Shopify.currency USD rate 0.00656 (JPY base), locale ja, country US; /en-us path 404s but root and /en products.json already return USD presentment prices: checked Puffer Blouson feed 2415.00 = page $2,415.00 and s Wool Knit Pullover feed 620 = page $620.00. Men's collections used (men-knitwear 18, men-pullovers 8, men-blousons-jackets 64, men-shoes 3 products returned). sacai x A.P.C. collab pieces excluded (Quilts Knit Pullover $1,680, Quilts Blouson $2,625). Sub-line s / SACAI CLASSICS included as sold under sacai on own store. Outerwear: pairing by style type blouson: low = Suiting Blouson $945 (cheapest woven blouson; knit and sponge-sweat blousons $660-$790 excluded), high = Suede Blouson $3,675 and Leather Blouson $3,675 (not the identical model). Coats (men-outerwear) $2,310-$2,415. Shoes: single loafer, Loafers SCM-338 $1,000 (sacai Classics), so low = high; other men's shoes are Chelsea boots $1,260/$1,470. search_url passed for jeans (18 product results, denim pants) and denim."
Casablanca,SKIP,SKIP,SKIP,SKIP,SKIP,SKIP,SKIP,SKIP,SKIP,SKIP,NONE,NONE,755,2435,545,545,Sweater,SKIP,https://casablancaparis.com/en-us,USD,complete,https://casablancaparis.com/en-us/products.json | https://casablancaparis.com/en-us/collections.json | https://casablancaparis.com/en-us/collections/mens-knitwear/products.json | https://casablancaparis.com/en-us/collections/mens-outerwear/products.json | https://casablancaparis.com/en-us/collections/mens-mules-loafers/products.json | https://casablancaparis.com/en-us/collections/mens-shoes/products.json | https://casablancaparis.com/en-us/products/m-aw26-dn-031-01-beige-desert-canvas-denim-jacket,"Shopify Markets trap confirmed: root and /en-us products.json first returned EUR (session geolocated to country AC, Shopify.currency EUR; Desert Canvas Denim Jacket 890); after opening the /en-us storefront Shopify.currency became USD rate 1.170348, country US, and /en-us/products.json returned 1085 = displayed $1,085 on the product page; all figures from the USD /en-us feeds (659 products). Sweater NONE: mens-knitwear (30 products) has only polos, track jackets, cardigans, crochet shirts and a zip hoodie; the only crewneck is Cream Laduree x Casablanca Crew Neck Jumper $795, a collaboration, excluded. Outerwear: exact style pair on the track jacket: low = Navy Merino Track Jacket $755 (merino knit; Pale Blue Pique Track Jacket $880 is the cheapest non-knit version), high = Navy and Green Suede Track Jacket $2,435 (100% goat suede). Next pair: Brown Celestial Pyramid Wool Varsity Jacket $1,705 vs Wool and Leather Varsity $1,885. Shoes: the only loafer is Black Leather Loafer Mule $545 (backless loafer mule, in mens-mules-loafers and mens-shoes), so low = high; Men's Black Outdoor Mule $515 is not a loafer; rest of 41 men's shoes are sneakers and slides."
Jacquemus,SKIP,SKIP,SKIP,SKIP,SKIP,SKIP,SKIP,SKIP,SKIP,SKIP,590,1150,950,5300,790,950,-,SKIP,https://www.jacquemus.com/en_us,USD,complete,https://www.jacquemus.com/en_us/knits-men | https://www.jacquemus.com/en_us/the-embroidered-sweater/SWM00614AK00299970.html | https://www.jacquemus.com/en_us/the-pelota-knit/SWM00631AK00276470.html | https://www.jacquemus.com/en_us/the-cachemire-knit/SWM00635AK00264950.html | https://www.jacquemus.com/en_us/coats-and-jackets-men | https://www.jacquemus.com/en_us/the-pelu-jacket/OUM00130AC16L03560.html | https://www.jacquemus.com/en_us/loafers-flats-shoes-men,"Salesforce site, US storefront in USD; grids read via in-origin fetch of category pages with sz=72/96 (Knits 42 of 42 tiles, Coats and jackets 50 of 50 results, Loafers and flats 25 tiles), prices as displayed on tiles. Sweater low = The embroidered sweater $590 (96% merino, ribbed crewneck); high = The Pelota knit $1,150 (89% merino 10% cashmere, round neck), the dearest crewneck with an elevated fibre; the pure-cashmere pieces are not crewnecks (The Cachemire knit $1,350 stand collar, The Ettore knit $1,350 henley). Outerwear: loose style pairing on the collared button-front patch-pocket jacket: low = The denim de-Nimes jacket $950 (washed denim), high = The Pelu jacket $5,300 (reversed shearling, pointed leather collar, chest patch pockets); not an identical model. Other elevated pieces: The Marino jacket $5,000 (shearling pea coat, no cloth pea coat), The Gardian leather jacket $4,100 (nappa, no cloth version). Plain jacket range excluding blazers and overshirts: The windbreaker $900 to Pelu $5,300. Shoes: loafers low = The Palmier loafers $790, high = The Carre loafers $950 (Carre also $860/$890, Marino loafers $820); Jacquemus + Timberland boat shoe (collab), mules, slippers, Batto, Canotiers, derbies and boots excluded."
Prada,SKIP,SKIP,SKIP,SKIP,SKIP,SKIP,SKIP,SKIP,SKIP,SKIP,1250,4400,2300,8900,1020,1320,-,SKIP,https://www.prada.com/us/en,USD,complete,https://www.prada.com/us/en/mens/ready-to-wear/knitwear/c/10134US (pages 1-4) | https://www.prada.com/us/en/mens/ready-to-wear/outerwear/c/10136US | https://www.prada.com/us/en/mens/ready-to-wear/leather-clothing/c/10135US | https://www.prada.com/us/en/mens/shoes/loafers/c/10153US,"Custom site, US storefront in USD; category pages read via in-origin fetch of /page/N (Knitwear 75 of 75 PRODUCTS, Outerwear 71, Leather clothing and Loafers 45 tiles), prices as shown on tiles (live page check: Wool crew-neck sweater $2,150 on both). Items flagged FROM THE RUNWAY excluded (Shetland wool crew-neck sweaters $2,300-$2,500, padded nappa leather jacket $11,500, one brushed leather loafer $1,270). Sweater low = Superfine wool crew-neck sweater UMF146 $1,250; high = Cashmere crew-neck sweater UMF097 $4,400 (other cashmere crews $3,050, $2,450; cashmere and silk crew $2,300). Outerwear: pairing by style type blouson: low = Old denim blouson jacket $2,300 (cheapest entry-fabric blouson; Re-Nylon blouson jacket from $2,700), high = Suede blouson jacket $8,900 (not the identical model). Alternative bomber pair: Re-Nylon bomber jacket $3,350 to Shearling bomber jacket / Suede and shearling bomber $10,500. Shoes: loafers low = Fabric loafers $1,020, high = $1,320 (Aged suede loafers, Monolith brushed leather loafers, Shuffle antiqued leather loafers, Laced leather loafers, Leather loafers); Saffiano leather Driver $1,050, Suede boat shoes $1,120 and Shuffle laced shoes excluded."
Loewe,SKIP,SKIP,SKIP,SKIP,SKIP,SKIP,SKIP,SKIP,SKIP,SKIP,990,1500,1950,5990,950,1200,-,SKIP,https://www.loewe.com/usa/en,USD,complete,https://www.loewe.com/usa/en/men/menswear/knitwear | https://www.loewe.com/usa/en/men/menswear/knitwear?page=1..3 | https://www.loewe.com/usa/en/men/menswear/coats-and-outerwear?page=1..7 | https://www.loewe.com/usa/en/men/shoes/loafers | https://www.loewe.com/usa/en/men/menswear/knitwear/sweater-in-wool/H526Y14KPD-3100.html | https://www.loewe.com/usa/en/men/menswear/knitwear/sweater-in-cotton-and-cashmere/H526Y14KOJ-5140.html,"Read category pages plus the embedded listing data (__PRELOADED_STATE__ hits, 16 per page, paged with ?page=N; first screen shows only ~20 tiles so paging is needed): knitwear 43 of 43, coats-and-outerwear 97 of 97, loafers 13 of 13; no promo prices (c_isPromoPrice false throughout). Sweater: low Sweater in wool H526Y14KH1 $990 (round neck, 5 colours), high Sweater in cotton and cashmere H526Y14KOJ $1500 (round neck; the only cashmere crewneck); excluded LOEWE x Cosima von Bonin collaboration sweaters ($1950-2500), Sweater in wool H526Y14KPD $2600 (layered zip novelty), Sweater in cotton and silk H35OY14K01 $1650 (crew neck, lion motif, different line code - would be high $1650 if silk counts as elevated). Outerwear pair = Workwear jacket: low Workwear jacket in denim $1950, high Workwear jacket in nappa lambskin H526Y19LAZ $5990 (others $5250-5950; wool and cashmere $3700); overshirts excluded. Shoes (loafer): low Flex loafer in calfskin / suede $950, high Bobine loafer in shiny or suede calfskin $1200 (Rio $990, Rambla driving loafer $1100; boat shoes and Bobine derby excluded). Displayed tile prices match the embedded data (e.g. Bobine loafer $1,200.00)."
JW Anderson,SKIP,SKIP,SKIP,SKIP,SKIP,SKIP,SKIP,SKIP,SKIP,SKIP,715,1270,910,5610,590,910,-,SKIP,https://jwanderson.com/en-us,USD,complete,https://jwanderson.com/en-us/products.json | https://jwanderson.com/products.json | https://jwanderson.com/en-us/products/wedgwood-greek-cups-in-green | https://jwanderson.com/en-us/products/mens-stitch-loafer-in-black | https://jwanderson.com/en-us/products/mens-loafer-moccasins-in-black | https://jwanderson.com/en-us/products/mens-knitted-logo-jumper-in-pine | https://jwanderson.com/en-us/products/mens-cheveron-jumper-in-ivory | https://jwanderson.com/en-us/products/mens-blouson-leather-jacket-in-chocolate-brown,"range sweater: no men's crewneck in an elevated fibre (only cashmere knit is V-Neck Cashmere Jumper Navy $1560, V-neck), so plain men's crew/round-neck jumper range: low Cheveron Jumper Ivory (cotton) $715 = Knitted Stripe Jumper Royal/Cornflower Blue (merino) $715, high Knitted Logo Jumper Pine (100% wool) $1270; excluded Pringle and Guinness collaborations, Anonymous jumper (Dean Sameshima artist collab, $1390), Contrast Trim (deep V), cardigans, half/front-zip, House Polo. range outerwear: no jacket style sold in both entry and elevated material (leather pieces are separate styles), so plain men's jacket range: low Front Zip Blouson Navy $910, high Blouson Leather Jacket Chocolate Brown $5610 (also Shearling Aviator $5115, Curved Hem Cropped leather $4765, Suede Jacket $3565); blazers/tuxedo excluded, Moncler collab excluded. Shoes (loafer, analogous low-high): Stitch Loafer Black $590 (dark taupe/midnight $595, typed as mules), high Loafer Moccasins $910; Loafer Ruffle Suede Boat Shoes $960 and Chelsea Loafer Boots ($1030-3070) excluded as not loafers. Feeds: Shopify.currency USD rate 1.36883 but /en-us/products.json and root products.json identical (1101 products); checked Wedgwood Greek Cups displayed $425 = feed 425, and product .js prices match feed. No markdowns on these items."
Dior,SKIP,SKIP,SKIP,SKIP,SKIP,SKIP,SKIP,SKIP,SKIP,SKIP,1500,5400,2300,7000,870,1500,-,SKIP,https://www.dior.com/en_us,USD,complete,https://www.dior.com/en_us/fashion/mens-fashion/ready-to-wear/knitwear-sweatshirts | https://www.dior.com/en_us/fashion/mens-fashion/ready-to-wear/outerwear | https://www.dior.com/en_us/fashion/mens-fashion/shoes/loafers | https://www.dior.com/en_us/fashion/products/693M626A6005_C082 | https://www.dior.com/en_us/fashion/products/643M644A1D87_C983 | https://www.dior.com/en_us/fashion/products/683M652A0014_C988 | https://www.dior.com/en_us/fashion/products/683M650A7020_C688 | https://www.dior.com/en_us/fashion/products/643M628A9E80_C888,"Read from each category page's embedded listing data (__NEXT_DATA__), which carries every article the page counts: knitwear 78 of 78, outerwear 97 of 97, loafers page 47 of 47 (33 loafers); USD, no multi-price flags; items tagged Runway or described as Fashion Show pieces excluded. Sweater: low CD Icon Round Neck Sweater $1500 (cashmere jersey; Cable-Knit Sweater green cotton $1500 is a Summer 2026 Fashion Show piece, excluded, same figure anyway), high Dior Blason Sweater Oversized Fit $5400 (55% silk 45% cotton, ribbed crew neck, no runway tag); if silk is not counted as elevated, high = Dior Byzance Sweater $3500 (wool-cashmere-silk, crew neck) and pure-cashmere high = Cable-Knit Sweater Fitted Silhouette $2700 (crew neck). Outerwear pair = Zipped Jacket: low Zipped Jacket Blue Cotton Twill $2300 (683D487A3062; Dior Colibri Zipped Jacket also $2300), high Zipped Jacket Navy Blue Lambskin $7000 (693L435A0017; other lambskin Zipped Jackets $5700, Dior Icons Zipped Jacket suede $6900); overshirts, capes, tailoring excluded; cheapest outerwear MKII Jacket $2100 has no elevated version. Shoes (loafer): low Dior Odeon Loafer black grained calfskin $870, high Dior Medaillon Loafer $1500 (Archie Loafer $1300); mules, boat shoes, derbies excluded."
Amiri,SKIP,SKIP,SKIP,SKIP,SKIP,SKIP,SKIP,SKIP,SKIP,SKIP,950,1150,850,3490,750,890,-,SKIP,https://amiri.com,USD,complete,https://amiri.com/products.json | https://amiri.com/collections.json | https://amiri.com/collections/mens-knitwear/products.json | https://amiri.com/collections/mens-knitwear-crewnecks/products.json | https://amiri.com/collections/mens-outerwear/products.json | https://amiri.com/collections/mens-loafers/products.json | https://amiri.com/collections/mens-footwear/products.json | https://amiri.com/products/ma-slip-on-loafer-black-1,"range outerwear | Sweater: men's crewneck collection has 3 products only: low MA Sweater Black/Dark Brown $950 (100% virgin wool), high Smoking Wolf Sweater Alabaster $1150 (90% wool 10% cashmere, the only cashmere-blend crewneck; no pure-cashmere crewneck in current range). range outerwear: no jacket style sold in both entry and elevated material (Sport Windbreaker $1090 vs Sport Leather Jacket $2490 are different styles), so plain men's jacket range: low Amiri Track Jacket $850, high Floral Flock Embellished Blouson $3490 (Faux Fur Blouson $3390, Vintage Cut Leather Jacket $2790, Sport Leather Jacket $2490); blazers, tuxedo, zip hoodies excluded; if embellished blouson is treated as a show piece the high is $3390. Shoes: mens-loafers collection 5 items, low Slip On Loafer Black / Slip On Gum Loafer Beige $750, high MA Slip On Loafer Black $890 (variant listing at $850 also exists; MA Chain Loafer $850). Feed: Shopify.currency USD rate 1.0, US country; root products.json 972 products, men's collections have no compare_at markdowns; storefront check MA Slip On Loafer page displays $890 = feed 890."
Rhude,SKIP,SKIP,SKIP,SKIP,SKIP,SKIP,SKIP,SKIP,SKIP,SKIP,NONE,NONE,720,4110,495,495,Sweater,SKIP,https://rh-ude.com,USD,complete,https://rh-ude.com/products.json | https://rh-ude.com/collections.json | https://rh-ude.com/collections/outerwear | https://rh-ude.com/collections/outerwear/products.json | https://rh-ude.com/collections/luxe-knits/products.json | https://rh-ude.com/collections/loafers/products.json | https://rh-ude.com/collections/footwear-all/products.json | https://rh-ude.com/collections/sweaters/products.json,"range outerwear, shoes | Sweater NONE: no knit crewneck in current men's range; everything typed SWEATERS/CREWNECK is cotton fleece sweatshirts/hoodies (e.g. Classique Crewneck $350, 100% cotton); luxe-knits (listed count 106) and sweaters collections return 0 live products. range outerwear: no jacket style sold in both entry and elevated material, so plain men's outerwear collection range (21 products, page-displayed prices match feed): low Star Piping Raglan Track Jacket $720, high Blue Crocodile Pilot Jacket $4110 (100% leather); next Rhude Formal Varsity Jacket $2600, Traxedo Full-Zip $2150. range shoes: no loafers (loafers collection listed 26 but 0 live products); only own-label men's shoe is V2 Bandana sneaker $495, so low = high = 495. Feed: products.json 340 products, Shopify.currency USD rate 1.0, no markdowns in these items; storefront outerwear page displayed prices checked against feed. Excluded Rhude x Pirelli vendor items and women's."
Palm Angels,SKIP,SKIP,SKIP,SKIP,SKIP,SKIP,SKIP,SKIP,SKIP,SKIP,405,610,610,1095,225,610,-,SKIP,https://www.palmangels.com/en-us,USD,complete,https://www.palmangels.com/en-us/man/clothing/knitwear/ | https://www.palmangels.com/en-us/man/clothing/coats-and-jackets/ | https://www.palmangels.com/en-us/man/shoes/ | https://www.palmangels.com/en-us/man/clothing/knitwear/back-curved-logo-sweater-PMHE08BS26KNI0021003.html | https://www.palmangels.com/en-us/man/clothing/knitwear/curved-logo-knit-sweater-PMHE08BS26KNI0011025.html | https://www.palmangels.com/en-us/man/clothing/knitwear/big-neck-logo-sweater-PMHE08CS26KNI0011028.html,"range sweater, outerwear, shoes | Small current range; many items shown marked down in the main category listings, so full (struck-through) prices used. range sweater: no crewneck in an elevated fibre, so plain crewneck range (knitwear 10 of 10 read): low Back Curved Logo Sweater / Curved Logo Knit Sweater $405 full (on sale $203; 50% wool 50% polyacrylic, round/crew neck), high Big Neck Logo Sweater $610 full (on sale $305; 80% cotton 20% polyester); Curved Logo Tneck $525 excluded (turtleneck). range outerwear: no leather/suede/shearling outerwear; coats-and-jackets 8 of 8 read: low Curved Logo Vintage Track Windbreaker $610 full (on sale $397), high Hollywood Windbreaker Jacket $1095 (Classic Logo Track Down Jacket $1075, Classic Logo Track Jacket $660); overshirts and Logo 90 Track Jacket Shirt excluded. range shoes: no loafers; 14 of 14 men's shoes read: low Big Logo Sliders $225, high Palm Skate Sneakers $610 full (on sale $427); Palm Runner $580. Collaborations and kids excluded."
Golden Goose,SKIP,SKIP,SKIP,SKIP,SKIP,SKIP,SKIP,SKIP,SKIP,SKIP,SKIP,SKIP,SKIP,SKIP,SKIP,SKIP,NC,NC,https://www.goldengoose.com/us/en,NC,partial,https://www.goldengoose.com/us/en/search?q=jeans | https://www.goldengoose.com/us/en/search?q=denim | https://www.goldengoose.com/us/en/search?q=sneakers | https://www.goldengoose.com/on/demandware.store/Sites-ggdb-na-Site/en_US/Search-Show?q=jeans,"search_url left NC: the site search form is GET /us/en/search?q= (form simpleSearch, field q) and returns 200, but on 2026-09-18 it returned NO RESULTS (0) for jeans, denim, jean, sneakers, jacket, hoodie, t-shirt, bag and men; only super-star returned products (40 tiles). Typing jeans into the header search box also gave no results. Candidate URL if the search index recovers: https://www.goldengoose.com/us/en/search?q= (fails the jeans/denim test today)."
Fear of God,SKIP,SKIP,NONE,NONE,695,875,SKIP,SKIP,SKIP,SKIP,990,1050,1150,3850,195,1250,Polo,SKIP,https://fearofgod.com,USD,complete,https://fearofgod.com/products.json | https://fearofgod.com/products/raglan-bomber-jacket-fg9m50-500lth-black,"range sweater, shoes | Main collection only (vendor Fear of God, Collection 9 / Spring 2026, men's; excluded ESSENTIALS diffusion line, Fear of God Athletics (adidas), Loungewear, New Era and DSYF collab items). Polo NONE for main line: only polo-named item is Sunfaded Half Zip Polo Sweatshirt $625 (sweatshirt); if ESSENTIALS is counted, short-sleeve polos are Heavy Jersey Cropped Polo $115 to Cropped Panelled Polo $125. Dress shirt (analogous rule): low Garment Dyed Cotton Relaxed Shirt $695 (= Wool Poplin Relaxed Shirt $695, snap buttons), high Cotton Wool Oxford Classic Shirt $875 (Easy Care Wool Classic $850); excluded Double Face Wool Cashmere Relaxed Shirt $1500 (described as overshirt), Leather Relaxed Shirt $3150 (calfskin, not woven), short-sleeve Mandarin shirt, Shirt Jacket. range sweater: no crewneck in an elevated fibre (no cashmere knit), so plain crewneck range: Wool Cotton Sport Mesh Knit Sweater $990 to Double Knit Linen Wool Cotton Crewneck Sweater $1050 (Henley $990 and half-zip $1150 excluded). Outerwear pair = bomber: Nylon Taffeta Padded Bomber Jacket $1150 to Leather Raglan Bomber Jacket $3850 (page displays $3,850 = feed; Leather 9 Raglan Bomber $3600). range shoes: no loafer in main line, so plain men's footwear range: The California 2.0 $195 (EVA slip-on) to Croc Printed Ankle Boot $1250 (Ballerino/Croc Printed Slippers $690, sneakers $550-695). Feed: products.json 737 products total (206 Fear of God vendor), Shopify.currency USD rate 1.0, no compare_at markdowns on these items."
Bode,SKIP,SKIP,SKIP,SKIP,SKIP,SKIP,SKIP,SKIP,SKIP,SKIP,600,1600,570,5000,690,1080,-,SKIP,https://bode.com,USD,complete,https://bode.com/products.json | https://bode.com/collections.json | https://bode.com/collections/mens-knitwear/products.json | https://bode.com/collections/mens-outerwear/products.json | https://bode.com/collections/mens-shoes/products.json | https://bode.com/products/pony-lasso-sweater-blue-multi | https://bode.com/products/edge-trim-pullover-brown,"range outerwear | Sweater: low Pony Lasso Sweater Blue Multi / Green Multi $600 (75% superwash wool, crew neck confirmed from product photo; page displays $600), high Cashmere Crewneck $1600 (100% cashmere, 6 colours); named crewnecks otherwise Merton Crewneck $750, Mossy Glen Crewneck $780; excluded Edge Trim Pullover $590 (tie-front neck opening), polos, cardigans; most Bode descriptions do not state neckline so a cheaper crew-necked novelty sweater cannot be fully ruled out. range outerwear: no clean entry/elevated pair (Car Coat inverted: Bullion Fringe Car Coat cotton $2500 vs Suede Car Coat $2300; Leather Tab Jacket $890 is 100% cotton), so plain men's outerwear range: low Nylon Track Jacket / Ripstop Track Jacket $570, high Continental Coat $5000 (100% leather; Bullion Fringe Opera Coat also $5000); suit jackets, overshirts, shirts, vests excluded, Daisy Sprig Pullover $528 excluded as a pullover top. Shoes (loafer = Bode House Shoe, typed Loafers): low Leather House Shoes Black/Brown $690 (= Suede House Shoes $690), high Needlepoint House Shoes $1080 (Bowtie House Shoes $820); Tassel Shoes $760 are lace-ups, excluded. Feed: products.json 2382 products (includes archive), so used men's collection feeds (knitwear 206 live of 274 listed, outerwear 246, shoes 35); Shopify.currency USD rate 1.0; no compare_at markdowns in these collections. One-of-a-kind items not considered."
Greg Lauren,SKIP,SKIP,SKIP,SKIP,SKIP,SKIP,SKIP,SKIP,SKIP,SKIP,NONE,NONE,1250,3250,NONE,NONE,Sweater;Shoes,https://greglauren.com/search?q=,https://greglauren.com,USD,complete,https://greglauren.com/products.json | https://greglauren.com/collections.json | https://greglauren.com/collections/sweaters | https://greglauren.com/collections/sweaters/products.json | https://greglauren.com/collections/mens-outerwear-1/products.json | https://greglauren.com/products/fisherman-sweater-black | https://greglauren.com/products/fisherman-crop-gl1-black | https://greglauren.com/products/grey-knit-wool-gl1-grey | https://greglauren.com/products/army-shearling-gl1-army | https://greglauren.com/products/heather-crop-gl1-heather-grey | https://greglauren.com/search?q=jeans,"Sweater NONE: sweaters collection has 3 items: Zip Hoodie Army $1125 (hoodie), Fisherman Crop GL1 $2000 and Fisherman Sweater Black $2000 (sold out) - both open-front cardigans per product photos, 100% cotton; no crewneck pullover. Shoes NONE: no footwear anywhere in the 168-product feed or collections. Outerwear pair = GL1 jacket (house shawl-collar jacket): low Grey Knit Wool GL1 Grey $1250 (100% wool), high Army Shearling GL1 Army $3250 (100% shearling); cropped variant Heather Crop GL1 $1000 (cotton) not used as it is the crop cut; other GL1s $1795-3150 (Long Army Plaid, Herringbone/Black Wool GL1 Oliver $1850, Army Tent Long $2250, Herringbone GL1 Button Spine $3150). search_url tested with jeans: 52 results. Feed: Shopify.currency USD rate 1.0, 168 products, no compare_at markdowns; storefront displayed prices (search page) match feed."
Visvim,SKIP,SKIP,SKIP,SKIP,SKIP,SKIP,SKIP,SKIP,SKIP,SKIP,1280,1490,705,8400,765,2406,-,https://shop.visvim.com/search?keywords=,https://shop.visvim.com,USD,complete,"https://shop.visvim.com/men/mensclothing | https://shop.visvim.com/api/cacheable/items?commercecategoryurl=/men/mensclothing (same-origin listing feed, brand=visvim, categories Knit / Outerwear / Denim-JKT) | https://shop.visvim.com/api/cacheable/items?commercecategoryurl=/men/mensfootwear | https://shop.visvim.com/0121205012006 | https://shop.visvim.com/search?keywords=jeans | https://shop.visvim.com/search?keywords=denim","range outerwear, shoes | North American web store (NetSuite SuiteCommerce), USD; used the store's own same-origin listing feed filtered to brand visvim (excludes Contrary Dept, Subsequence, Indigo Camping Trailer, VISVIM SPORT, VISVIM MOTORS CLUB, WMV): men's clothing 872 items total, visvim knit 19, outerwear 115, denim jackets 12, men's footwear 111; single price per item, no markdown fields. Sweater: low Jumbo SB Knit L/S (SI/C) $1280 (52% cotton 48% silk, described as crewneck sweater), high Burrow Crew Knit $1490 (90% wool 10% cashmere, the only cashmere-blend crew); Amplus Fisherman Hand-Knit $2670 is a crewneck but 100% wool (would be high if fibre is ignored); Godfrey Knit L/S $1060 is a polo-collar knit (checked photo), Amplus Boatneck, turtleneck, V-neck, cardigans, vest excluded. range outerwear: no jacket style sold in both entry and elevated material (leather only as trims/sleeves), so plain range: low SS Kiyari Jkt Unwashed $705 (Social Sculpture denim jacket), high Winfield Coat $8400 (cotton with detachable sheepskin fur collar and liner); blazers, vests, coveralls, poncho, hoodie excluded. range shoes: no loafer (moccasin styles only), so plain men's visvim footwear range: low Kiefer Mid Forage $765, high Gornergrat Mid-Folk $2406; moccasins run FBT Tracker-Folk $780 to FBT Shaman-Folk $1605 / Cradle Moc-Folk $1470. search_url: jeans returns no results; denim returns 140 results (passed with denim)."
Tom Ford,SKIP,SKIP,SKIP,SKIP,SKIP,SKIP,SKIP,SKIP,SKIP,SKIP,1190,3750,1490,10390,1290,2350,-,SKIP,https://www.tomfordfashion.com/en-us,USD,complete,https://www.tomfordfashion.com/en-us/men/ready-to-wear/knitwear/?sz=200 | https://www.tomfordfashion.com/en-us/men/ready-to-wear/outerwear/?sz=200 | https://www.tomfordfashion.com/en-us/men/ready-to-wear/leather-jackets/?sz=200 | https://www.tomfordfashion.com/en-us/men/shoes/loafers/?sz=200,"Category pages with sz=200 (all tiles on one page): knitwear 45 of 45, outerwear 99 of 99, leather jackets 37 of 37, loafers 28 of 28; tile prices USD, none marked down. Sweater: low Fine Gauge Pure Wool Crew Neck KCL006 $1190, high Cashmere Crew Neck Sweater KCL078 $3750 (knit K-codes only); excluded jersey J-code items Cashmere Cotton Crew Neck JCL038 $3990 and Chiffon Layered Jersey Crew Neck $4990 (cut-and-sew jersey, not sweaters) and Organic Cotton Crew Neck Sweatshirt. Outerwear pair = denim trucker: low Selvedge Denim Icon Jacket $1490, high Brushed Suede Shearling Collar Trucker $10390 (Wale Cord Shearling Collar Trucker Jacket $5990; other Icon denim jackets $1850-1990); hoodies, knit zip-throughs and blazers excluded. Shoes (loafer): low Printed Croc Double T Hardware Oscar Loafer $1290 = Suede Sean Penny Loafer $1290, high Soft Printed Alligator Double T Hardware Gigi Loafer $2350 (Burnished Leather and Alligator Elkan $2250); slippers, ballet shoe and boat shoe excluded. Some tiles show colour-dependent ranges (e.g. Fine Gauge Cashmere Silk Polo $1,590 - $1,690); none of the figures used are ranges."
Zegna,SKIP,SKIP,SKIP,SKIP,SKIP,SKIP,SKIP,SKIP,SKIP,SKIP,1150,3990,3250,9990,1350,1890,-,SKIP,https://www.zegna.com/us-en,USD,complete,https://www.zegna.com/us-en/ready-to-wear/sweaters/?pageNumber=0..3 | https://www.zegna.com/us-en/ready-to-wear/coats-and-jackets/?pageNumber=0..1 | https://www.zegna.com/us-en/shoes/loafers/,"Category pages read page by page (40 per page, isSalesEnabled=false): sweaters 124 of 124 (45 crewnecks), coats-and-jackets 79 of 79, loafers 17 of 17; tile prices in USD. Sweater: low Black / Navy Blue Wool Crewneck $1150, high Vellus Aureum Crewneck (Dark Taupe, Light Taupe Melange) $3990 - Vellus Aureum is Zegna's ultra-fine wool line sold in the main range; if only cashmere counts as elevated, high = Light Blue Melange Oasi Cashmere Crewneck $3250 (standard Oasi Cashmere Crewneck $1790; Cashseta $1590). Outerwear pair = blouson: low Microfiber Motorin 100cc Blouson $3250, high Leather Blouson $9990 (Suede Blouson $7450-9950, Light Blue Suede Blouson $9950); next cheapest paired style is bomber (Oasi Lino Bomber $3750 to Nappa Leather Bomber $7950); vests, overshirts, ski pants excluded. Shoes (loafer): low Suede Mocassin Corso Loafer $1350 (Sabbia Loafer Mule also $1350), high Dark Brown Suede Loafer $1890 (Leather Loafers $1690, SECONDSKIN Mocassin $1650)."
Bottega Veneta,SKIP,SKIP,SKIP,SKIP,SKIP,SKIP,SKIP,SKIP,SKIP,SKIP,NC,NC,NC,NC,NC,NC,NC,SKIP,https://www.bottegaveneta.com/en-us,NC,partial,https://www.bottegaveneta.com/en-us/men/ready-to-wear/knitwear | https://www.bottegaveneta.com/en-us/men-collection-us/men-clothing/knitwear,"Not reached: bottegaveneta.com loads (tab title showed Men's Designer Knitwear | Bottega Veneta US, redirected to /en-us/men-collection-us/men-clothing/knitwear) but every browser-extension call on the page (javascript, page text, screenshot, navigate away) failed, twice in two fresh tabs; the tab had to be closed each time. Needs a different method (manual check or non-extension browser)."
Charvet,SKIP,SKIP,SKIP,SKIP,SKIP,SKIP,SKIP,SKIP,SKIP,SKIP,NC,NC,NC,NC,NC,NC,NC,NC,https://charvet.com,NC,partial,https://charvet.com,"No online store: charvet.com (2026-09-18) is a single holding page with the Place Vendome address, phone, contact email, Instagram link and opening hours; no product pages, prices or site search. All garment cells, not_a_staple and search_url left NC; prices would need a store/phone enquiry or a stockist, which the rules exclude."
Husbands,SKIP,SKIP,SKIP,SKIP,SKIP,SKIP,SKIP,SKIP,SKIP,SKIP,690,690,2450,3480,720,930,-,SKIP,https://husbands-paris.com/en,USD_landed,complete,https://husbands-paris.com/en/products.json | https://husbands-paris.com/products.json | https://husbands-paris.com/en/products/trench-coat-en-gabardine-de-polycoton-bleu-marine | https://husbands-paris.com/en/collections/knitwear | https://husbands-paris.com/en/collections/blouson | https://husbands-paris.com/en/pages/delivery,"Sweater: only crewneck is Crewneck Sweater in Brushed Superfine Alpaca Blend (Cream/Ink/Blush) $690, which is also the only elevated-fibre crewneck, so low = high = 690 (knitwear page lists 14 items: cashmere turtlenecks $780-810, lambswool/merino V-necks $490-520 excluded). Outerwear pair = double-breasted coat: low Double-Breasted Coat in Twill Navy $2450, high Double-Breasted Coat in Camel Hair $3480 (camel hair treated as elevated fibre; no suede/leather/shearling/cashmere outerwear exists; cheaper styles Track Jacket $490, Trucker $750, Zipped Jacket $1370, Trench $1908-2140, Car Coat $1930-2830 have no elevated version). Shoes (loafer): Strap Loafers in Lambskin Burgundy $720 to Penny Loafers in Aniline Kidskin $930. Currency: Shopify.currency USD rate 1.2 (base EUR) but root and /en products.json return US prices: Trench Coat Navy feed 2140 = page displays $2,140, .js 214000; knitwear and blouson pages displayed prices match feed. Delivery page says all orders ship DDP (duties and taxes included) so USD_landed. Feed 159 products, no markdowns; collection products.json endpoints return 0 so category pages were used to confirm."
Brioni,SKIP,SKIP,SKIP,SKIP,SKIP,SKIP,SKIP,SKIP,SKIP,SKIP,945,2095,1995,15000,995,1750,-,SKIP,https://www.brioni.com/en/us,USD,complete,https://www.brioni.com/en/us/ca/knitwear | https://www.brioni.com/en/us/pr/essential-charcoal-grey-wool-cashmere-and-silk-crewneck-sweater-UMQ90WOZK121200 | https://www.brioni.com/en/us/ca/outerwear-and-coats | https://www.brioni.com/en/us/ca/leatherwear | https://www.brioni.com/en/us/ca/loafers,"Category pages read after clicking Load More until gone (no stated count; knitwear 79 tiles, outerwear 40, leatherwear 16, loafers 22); no strike-through prices seen. Sweater (entry already premium fibre, so high = dearest regular crewneck): low Essential charcoal grey wool, cashmere and silk crewneck $945 (UMQ90WOZK121200; page shows $945 with no markdown; Essential black / navy versions are $1195 under different codes), high Black and white 180's mouline wool crewneck $2095; dearest cashmere crewneck is Purple / Steel blue cashmere and silk crewneck $1995. Outerwear pair = shirt collar blouson: low Dark grey herringbone wool shirt collar blouson $1995, high Black leather shirt collar blouson with alligator details $15000 (without exotic trim: Navy blue nubuck $10400, Taupe shearling $9350, suede $5400). Shoes (loafer): low City Deck loafers (nubuck) $995, high Calfskin Elysium penny loafers $1750 (Appia penny/tassel $1395, College $1495); if City Deck is treated as a deck shoe, low = $1395 Appia."
Isaia,SKIP,SKIP,SKIP,SKIP,SKIP,SKIP,SKIP,SKIP,SKIP,SKIP,1250,2495,3500,5795,1140,1650,-,SKIP,https://www.isaia.us,USD,complete,https://www.isaia.us/products.json | https://www.isaia.us/products/fw26-mg8473-000-y0568-crew-neck-wool | https://www.isaia.us/products/fw25-shc002-000-pls38-penny-loafer-calf | https://www.isaia.us/products/fw26-mg8013-000-yp005-crew-neck-wool | https://www.isaia.it/products.json,"Domain www.isaia.it is the EUR/Italy Shopify store (currency EUR, country IT, no /en-us locale); used the separate US Shopify store isaia.us (Shopify.currency USD rate 1.0, 431 products in feed, none marked down among cited items). Feed checked against live pages: Cashmere Crewneck 2495, Unlined Penny Loafer 1140, Filo di Corallo crewneck 1250 all match displayed $. Sweater low = Filo Di Corallo Wool Crewneck Sweater (15.5 micron wool) $1,250; high = Cashmere Crewneck Sweater MG8473 Y0568 $2,495 (title says cashmere, handle says wool; composition not shown in page text). Other cashmere crews 1495/1595/1650/2295. Outerwear: cheapest jacket style also sold in elevated material is the varsity bomber: low = Techno Cotton Silk Aqua Varsity Jacket $3,500 (wool Varsity Jacket $3,795); elevated versions Aqua Suede Varsity Bomber $5,495, Cashmere Storm Quilted Varsity Bomber $5,795 and Peruvian Alpaca Varsity Bomber $5,795 -> high 5795. Reversible vests (2750) excluded as gilets. Shoes: all ISAIA-label loafers: low Unlined Penny Loafer (suede) $1,140; high Penny Loafer / AMF Penny Loafer (calf) $1,650; some fw24/ss25 items still listed in the current range were counted."
The Row,SKIP,SKIP,SKIP,SKIP,SKIP,SKIP,SKIP,SKIP,SKIP,SKIP,1250,2100,2650,14000,990,1990,-,SKIP,https://www.therow.com,USD,complete,https://www.therow.com/collections/men-sweaters-sweatshirts/products.json | https://www.therow.com/collections/men-coats-outerwear/products.json | https://www.therow.com/collections/men-jackets-blazers/products.json | https://www.therow.com/collections/men-shoes/products.json | https://www.therow.com/products/laing-top-black | https://www.therow.com/products/verna-coat-black,"Shopify US store (currency USD rate 1.0, country US); used men's collection feeds (sweaters-sweatshirts 81 products, coats-outerwear 25, jackets-blazers 43, shoes 56); live-page check Laing Sweater $1,250 and Verna Coat $2,650 match feed. No markdowns among cited items. Neckline taken from product descriptions (titles do not state it). Sweater low = Laing Sweater (crewneck, textured Japanese silk; listed but sold out) $1,250; cheapest cashmere crew is Benji Crew Neck Sweater $1,290; high = Nanni Sweater (crewneck, textured cashmere) $2,100, tied with Auguste Sweater (crewneck top, Japanese cashmere) $2,100. Outerwear: cheapest jacket style also sold in elevated material is the car coat: low = Verna Coat (car coat, cotton poplin) $2,650; high = Sitali Coat (car coat, tumbled calfskin leather) $14,000 (cashmere Theobald car coat $7,200). Alternative pairing if car coats are judged out of scope: bomber, Orianel Jacket silk poplin $2,950 to Setsen Jacket calfskin leather $8,500 (Ramiro suede bomber $5,950). Denim jackets from $1,450 have no elevated version. Shoes: low = Canal Slip On Shoe, described as deconstructed loafer in suede, $990 (cheapest item with Loafer in its name: Men's Loafer / Soft Moccasin Two $1,350); high = Novus Tassel Loafer $1,990."
Lemaire,SKIP,SKIP,SKIP,SKIP,SKIP,SKIP,SKIP,SKIP,SKIP,SKIP,690,690,1150,3460,970,990,-,SKIP,https://www.lemaire.fr,USD,complete,https://www.lemaire.fr/collections/men-knitwear-and-jersey/products.json | https://www.lemaire.fr/collections/men-coats/products.json | https://www.lemaire.fr/collections/men-shoes/products.json | https://www.lemaire.fr/collections/men-knitwear-and-jersey | https://www.lemaire.fr/collections/men-shoes | https://www.lemaire.fr/collections/men-coats | https://www.lemaire.fr/products/v-neck-sweater-unisex-bk502-stone-lk1062-cashmere-po0044-lk1062-bk502,"range sweater: no cashmere crewneck in current men's knitwear; the only crewnecks are Crew Neck Sweater in Mouline Fine Merino Wool and Crew Neck Sweater in Alpaca Blend, both $690, so low = high = 690 (cashmere only in V-neck $1,190 and hooded $1,390; yak alpaca high neck $1,360). Shopify Markets store (USD active, rate 1.17608); root feed read from US session, /en-us path 404; checked feed vs storefront: V-Neck Sweater in Cashmere $1,190, Formal Slip On $970, Trucker/Boxy/Harrington tiles all match displayed USD. Collection feeds list one product per colourway (knitwear 34, coats 43, shoes 27); storefront knitwear pages consistent. Outerwear: cheapest style also in elevated material = workwear jacket: low Single Breasted Workwear Jacket in Cotton Satin $1,150; high Leather Workwear Jacket in Grained Cow Leather $3,460. Alternative pairing = blouson: Light Zipped Blouson in Dry Silk $1,360 to Leather Blouson in Tumbled Cow Leather $4,510. Denim trucker/boxy jackets ($770-990) have no elevated twin; overshirts excluded. Shoes: only two styles described as loafers: Formal Slip On in Shiny Vegetable Leather $970 and Hairy Slippers in Hairy Goatskin Leather $990. Private-sales section excluded."
Jil Sander,SKIP,SKIP,SKIP,SKIP,SKIP,SKIP,SKIP,SKIP,SKIP,SKIP,990,1850,1290,6990,1150,1490,-,SKIP,https://www.jilsander.com/en-us,USD,complete,https://www.jilsander.com/en-us/men/ready-to-wear/knitwear-and-sweatshirts | https://www.jilsander.com/en-us/men/ready-to-wear/coats-and-jackets | https://www.jilsander.com/en-us/men/accessories/shoes | https://www.jilsander.com/en-us/leather-jacket/J21SW0127J07231001.html | https://www.jilsander.com/en-us/double-cashmere-coat/J21AA0212J35066036.html,"range outerwear: no entry/elevated pair outside runway pieces - the only cashmere coat (Double Cashmere Coat $6,390) carries the RUNWAY badge and is excluded, and the single Leather Jacket ($6,990, oversized soft leather, raw edges) has no fabric twin; plain range of non-runway outerwear (excluding tailored jackets, overshirt, vests) = Wool Melton Zip-Up Jacket $1,290 to Leather Jacket $6,990. US storefront, USD, read from category tiles (all categories showed full counts: knitwear 32 of 32, coats and jackets 31 of 31, shoes 26 of 26 tiles); no strikethrough prices seen. Sweater low = Wool Crew-Neck Sweater $990; high = Cashmere Blend Crew-Neck Sweater $1,850 (only cashmere-fibre crewneck; a RUNWAY Wool Blend Crew-Neck $1,390 excluded; other wool crews $1,250-1,650). Shoes: Loafer $1,150 and Loafer $1,490 (two loafer models); RUNWAY Elbe Slipper $790 excluded; Jil Sander x Puma collaboration sneakers excluded. ?sz=200 param redirected to the homepage, plain category URLs loaded everything."
Acne Studios,SKIP,SKIP,SKIP,SKIP,SKIP,SKIP,SKIP,SKIP,SKIP,SKIP,580,1300,800,5100,750,850,-,SKIP,https://www.acnestudios.com/us/en,USD_landed,complete,https://www.acnestudios.com/us/en/man/knitwear/?sz=100 | https://www.acnestudios.com/us/en/man/crewnecks/?sz=100 | https://www.acnestudios.com/us/en/man/turtlenecks-and-v-necks/ | https://www.acnestudios.com/us/en/rw-mn-knit000025/B60422-900.html?g=man | https://www.acnestudios.com/us/en/man/outerwear/?sz=200 | https://www.acnestudios.com/us/en/cashmere-jacket-with-hood-vintage-grey-melange/B90831-DFL.html?g=man | https://www.acnestudios.com/us/en/fa-mn-outw000015/B90899-AUZ.html?g=man | https://www.acnestudios.com/us/en/man/shoes/?sz=200,"range outerwear: no clean entry/elevated pair of one jacket style - leather/suede pieces (Leather Biker Jacket $3,200/$3,300, Leather Jacket $2,900, Painted Biker Jacket $5,100) have no fabric twin, and the only near-pairs are weak (Hooded Logo Jacket cotton $850 vs Cashmere Jacket with Hood, only 10% cashmere/90% wool, $1,650; Raw Denim Jacket $850 vs Denim Jacket with lamb fur collar $1,400); plain range of men's outerwear excluding overshirts, suit/pinstripe jackets and Re-Edition reissues = Lightweight Nylon Jacket / Lightweight Logo Jacket $800 to Painted Biker Jacket (leather, punk print) $5,100; without the painted piece high would be Leather Biker Jacket $3,300. US store states Tariffs and duties included, hence USD_landed. All category counts fully loaded (knitwear 46/46, crewnecks 23/23, outerwear 59/59, shoes 22/22); no markdowns seen. Sweater low = Merino Wool Sweater $580 (crewneck); high = Chunky Cashmere Sweater $1,300 (100% cashmere, crew neckline per product photo and description chunky ribbed neckline; it sits in Knitwear but not in the Crewnecks subcategory) - within the Crewnecks subcategory the dearest cashmere crew is Cashmere Sweater / Cashmere Sweater with Logo $1,050; Hand-Knit Alpaca crewneck $1,200. Shoes: own-label loafers Leather Loafers $750 to Leather/Brushed/Printed Leather/Printed Suede Loafers $850."
Dries Van Noten,SKIP,SKIP,SKIP,SKIP,SKIP,SKIP,SKIP,SKIP,SKIP,SKIP,780,975,2270,3550,1060,1180,-,SKIP,https://www.driesvannoten.com/en-us,USD,complete,https://www.driesvannoten.com/en-us/collections/men-knitwear/products.json | https://www.driesvannoten.com/en-us/collections/men-coats-jackets/products.json | https://www.driesvannoten.com/en-us/collections/men-shoes/products.json | https://www.driesvannoten.com/en-us/collections/runway-pieces-men/products.json | https://www.driesvannoten.com/en-us/collections/men-all/products.json | https://www.driesvannoten.com/en-us/products/252-021244-2700 | https://www.driesvannoten.com/en-us/products/262-021719-0106,"range sweater: no cashmere (or other elevated-fibre) crewneck in the current men's range; non-runway crewnecks are Merino Wool Sweater $780 (crew confirmed from product photo) and Jacquard Wool Sweater (crew, alpaca-merino blend) $975; runway-tagged Patchwork Wool Sweater crew $1,165 excluded. range outerwear: no leather/suede/shearling/cashmere outerwear at all; non-runway men's coats and jackets = Overdyed Cotton Jacket $2,270, Wool Caban Coat $2,465, Jacquard Mac $3,550 (runway pieces $2,930-3,550 excluded, would not change the range). Shopify Markets (USD active, rate 1.170348); used /en-us/ locale feeds; checks: Merino Wool Sweater feed 780 = page $780, Suede Loafers feed 1180 = page $1,180. Runway exclusion = membership of the store's runway-pieces-men collection (88 products; covers most knitwear and coats). No compare-at markdowns in men-all (247 products); ss26 private-sale collection ignored. Shoes: own-label loafers Leather Loafers (square toe) $1,060, Leather penny loafers $1,095, Ponyhair loafers $1,170, Suede Loafers $1,180."
Wales Bonner,SKIP,SKIP,SKIP,SKIP,SKIP,SKIP,SKIP,SKIP,SKIP,SKIP,595,595,750,1500,485,595,-,https://walesbonner.com/search?q=,https://walesbonner.com,GBP,complete,https://walesbonner.com/products.json | https://walesbonner.com/collections/menswear-knitwear/products.json | https://walesbonner.com/collections/menswear-outerwear/products.json | https://walesbonner.com/collections/footwear-menswear/products.json | https://walesbonner.com/products/acoustic-jumper | https://walesbonner.com/search?q=jeans,"range sweater: no own-label crewneck and no elevated-fibre sweater; the only own-label men's jumper is Acoustic Jumper (wool cable knit, half-zip per product photo) GBP 595, so low = high = 595. Excluded as collaborations: the John Smedley pieces (titled produced in partnership with John Smedley, described as made in collaboration; e.g. Ashby Jumper pointelle GBP 295, Essence Jumper merino GBP 295, Chant Jumper GBP 695), Wales Bonner x Stussy, adidas Originals and Y-3 by Wales Bonner. Store has no US storefront or USD pricing: Shopify currency GBP, country GB, /en-us 404, only en and en-JP alternates; banner says customs tax included (DDP) for US, UK and EU, so prices are GBP landed. Outerwear: cheapest style with an elevated twin is the anorak: Kalpa Anorak (cotton nylon taslan) GBP 750 vs Vista Leather Anorak (soft leather, plonge and tech twill) GBP 1,500; Kamala Leather Jacket GBP 1,750 has no fabric twin; track tops excluded as not outerwear pairs. Shoes: own-label loafers Dakar Loafer GBP 485 (other colourways 510/550) to Montego Tasseled Loafer GBP 595; product-page GBP prices match feed. Search URL test: /search?q=jeans returned 70 products found (Studio Jean etc.)."
JiyongKim,100,160,190,190,240,640,615,615,SKIP,SKIP,SKIP,SKIP,615,1655,SKIP,SKIP,-,https://intl.jiyongkim.net/product/search.html?keyword=,https://intl.jiyongkim.net,USD,complete,https://intl.jiyongkim.net/product/list.html?cate_no=99 | https://intl.jiyongkim.net/product/list.html?cate_no=100 | https://intl.jiyongkim.net/product/list.html?cate_no=101 | https://intl.jiyongkim.net/product/list.html?cate_no=102 | https://intl.jiyongkim.net/product/list.html?cate_no=527 | https://intl.jiyongkim.net/product/search.html?keyword=denim | https://intl.jiyongkim.net/product/search.html?keyword=jeans,"range jeans: the only denim bottom is Re-Worked Denim Pants (paneled, upcycled deadstock denim; not a standard 5-pocket jean) full price $615 (currently marked down to $495), so low = high = 615. range outerwear: no leather/suede/shearling/cashmere outerwear exists (checked compositions of Biker, Trucker, Velvet Trucker, Shawl Collar jackets - all cotton/wool/tencel), so plain range of men's outerwear excluding the Work Vest and Tailored Jacket = Draped Track Jacket $615 to Sun-Bleached Shawl Collar Jacket $1,655 (both full prices; many outerwear items currently show a discount price, full price used). Cafe24 store, INTL site priced in USD (list pages show full price then a discount price for markdowns). Tee (analogous rule): Sun-Bleached Tab Tee and Sun-Bleached Patch Tee $100 low, Sun-Bleached T-Shirt $110, high Sun-Bleached Pack T-Shirt $160 (crew neck, short sleeve per size chart). Polo (analogous rule): only Sun-Bleached Pack Polo T-Shirt $190, cotton jersey short-sleeve polo, so low = high. Dress shirt: low Sun-Bleached Tab Shirt $240 (described as basic dress shirt); high Sun-Bleached Draped Shirt $640 (shell buttons at front, draped silhouette); zip-up shirts excluded. Womenswear category items (dresses, skirts, blouse) excluded; collaboration categories (Alpha Industries, Kolon Sport, PUMA, Clarks Originals) excluded. Search URL: keyword=jeans returns 0 results, keyword=denim returns 3 results, so denim passes."
Brunello Cucinelli,SKIP,SKIP,SKIP,SKIP,SKIP,SKIP,SKIP,SKIP,SKIP,SKIP,1350,4000,4600,17900,1200,1600,-,SKIP,https://shop.brunellocucinelli.com/en-us/,USD,complete,https://shop.brunellocucinelli.com/en-us/men/ready-to-wear/knitwear/?start=0&sz=160 | https://shop.brunellocucinelli.com/en-us/men/ready-to-wear/coats-jackets/?start=0&sz=200 | https://shop.brunellocucinelli.com/en-us/men/shoes/loafers/,"Carried from the 18 Sep pilot, not re-read. Entry is already cashmere. Sweater (148 of 148 read): Cashmere sweater 1350 (an English Rib knit sweater at 1300 in one colour, fibre unstated) -> Cashmere and silk sweater 4000. HIGH IS A JUDGMENT: Cashmere ribbed sweater 4600 and Cashmere English rib 4400 are also candidates. Outerwear (95 of 95): Water-resistant safari jacket 4600 -> Shearling safari jacket 17900. Shoes (15 loafers): Calfskin penny loafers 1200 -> Calfskin and suede loafers 1600. FORMAT TRAP: the knitwear grid prints '$ 1.650,00' (European separators) while loafers print '$1,200.00'; a naive parser reads the first as 1.65."
Fedeli,SKIP,SKIP,SKIP,SKIP,SKIP,SKIP,SKIP,SKIP,SKIP,SKIP,420,1750,3002,4325,SKIP,SKIP,-,https://www.fedelicashmere.com/en-usd/search?q=,https://www.fedelicashmere.com/en-usd,USD,complete,https://www.fedelicashmere.com/en-usd/collections/mens-knitwear/products.json | https://www.fedelicashmere.com/en-usd/collections/man-all/products.json | https://www.fedelicashmere.com/en-usd/collections/mens-outerwear/products.json | https://www.fedelicashmere.com/en-usd/collections/private-sale-men/products.json | https://www.fedelicashmere.com/en-usd/products/iconic-slim-wool-crewneck_4ui07012ic | https://www.fedelicashmere.com/en-usd/products/plume-suede-bomber_tu000540 | https://www.fedelicashmere.com/en-usd/products/stop-cashmere-flanel-airstop-bomber_tu000627 | https://www.fedelicashmere.com/en-usd/search?q=jeans,"Shopify Markets store (USD active, rate 1.170348, root /en-usd/); USD prices are non-round Markets conversions (e.g. 1142, 3002); used /en-usd/ collection feeds and checked feed = product .js = displayed page: Argentina Superfine Wool $420.00 (page shows $420.00, tax included; for non-EU customers local charges may apply, so not landed), Argentina Cashmere Scotland Crewneck $1,750, Plume $4,325, Stop $3,002. No compare-at markdowns in men's knitwear. Sweater low = Argentina Superfine Wool in iconic colors (wool crewneck) $420 (cheapest cashmere crew: Argentina Slim Cashmere Crewneck in iconic colors $698); high = dearest regular crewneck = Argentina Cashmere Scotland Crewneck $1,750 (next Argentina Baby Cashmere Crewneck $1,142). Outerwear: nearly everything is cashmere-based, so entry fabric = cashmere flannel/technical and elevated = suede; cheapest style with a suede version is the bomber: low = Stop Cashmere Flanel and Airstop Bomber (reversible) $3,002; high = Plume Suede Down Puffer Bomber $4,325. Tighter same-model pair: Surreale Cashmere Flanel Double Bomber $3,132 vs its suede version Verbier Suede Cashmere Padded Bomber $3,471. Davos Cashmere Tecknet Knit Bomber $7,836 not counted as elevated (cashmere is the house base fibre; it is a knit bomber). Knitted Gordon/Tex jackets, blazers, overshirt and vests excluded. Search: jeans returned 69 results found (denim 79)."
The Elder Statesman,SKIP,SKIP,SKIP,SKIP,SKIP,SKIP,SKIP,SKIP,SKIP,SKIP,490,2490,1290,3990,NONE,NONE,Shoes,SKIP,https://elder-statesman.com,USD,complete,https://elder-statesman.com/products.json | https://elder-statesman.com/collections/all-menswear/products.json | https://elder-statesman.com/collections/mens-knitwear-crewnecks/products.json | https://elder-statesman.com/collections/mens-outerwear-jackets/products.json | https://elder-statesman.com/collections/all-archie-sale-copy/products.json | https://elder-statesman.com/products/fisherman-crew | https://elder-statesman.com/products/daily-crewneck,"range outerwear: no jacket style sold in both an entry fabric and suede/shearling/leather; men's jackets (excluding smoking-jacket cardigans and knit zip hoodies) run from Waffle Cord Bomber (cotton) $1,290 through cashmere Hunter Zip Jacket $2,490, Woven Decon Jacket (cashmere moto) $3,460, Suede Army Pullover $3,490 to Shearling Hoodie (brown leather shearling) $3,990. Shopify US store, USD rate 1.0; page checks Fisherman Crew 2,490 USD and Daily Crewneck 490 USD match feed. No compare-at markdowns among cited items; archive/sale collections excluded. Sweater (entry already cashmere-based): low = Daily Crewneck (cotton and cashmere) $490 (cheapest pure-cashmere crew: Simple Crew $1,050; Coast Oversized Crew $740 is a French terry sweatshirt, excluded); high = dearest regular crewneck = Fisherman Crew (heavyweight cashmere) $2,490. Shoes: full product feed (672 products) has no footwear of any kind, so NONE."
Hermès,SKIP,SKIP,SKIP,SKIP,SKIP,SKIP,SKIP,SKIP,SKIP,SKIP,1200,2825,3850,8800,1100,5150,-,SKIP,https://www.hermes.com/us/en,USD,complete,https://www.hermes.com/us/en/category/men/ready-wear/knitwear/ | https://www.hermes.com/us/en/category/men/ready-wear/jackets-and-blazers/ | https://www.hermes.com/us/en/category/men/ready-wear/coats-and-parkas/ | https://www.hermes.com/us/en/category/men/shoes/loafers-and-mules/ | https://www.hermes.com/us/en/product/maxi-mors-sellier-crewneck-sweater-H667250HA82/ | https://www.hermes.com/us/en/product/destin-loafer-H252833ZAD0/ | https://www.hermes.com/us/en/product/luc-loafer-H252902ZA01/,"US store, USD, ship-to United States; category pages fully loaded by scrolling (knitwear 67 of 67, jackets and blazers 31 of 31, coats 5 of 5, loafers and mules 83 of 83); compositions read from product pages; runway-show categories not used. Sweater low = Detail H crewneck sweater (100% wool) $1,200; high = Maillon Chaine d'Ancre crewneck sweater (100% cashmere) $2,825, tied with Grand Large crewneck (80% cashmere 20% silk) $2,825. Dearer crews exist in blends: Maxi Mors Sellier crewneck $3,125 is 70% wool/30% cashmere (use 3125 if a 30% cashmere blend counts as elevated); Eperon d'Or Soie Plissee sweater $4,450 is wool with pleated silk front. Outerwear: cheapest style with an elevated version = straight cut jacket: low = Straight cut jacket with leather detail (100% cotton) $3,850; high = Cashmere zipped straight cut jacket with leather details $8,800. Alternative pair: Rib-trim jacket (paper/viscose) $5,200 vs Empreinte rib-trim jacket (100% calfskin) $16,300. C.D.S. varsity jackets (cotton, $2,125-2,225) have no elevated version; overshirts, cardigan, vest excluded. Shoes: low = Luc loafer (calfskin) $1,100; high = Destin loafer in calfskin and matte alligator $5,150 (Ignacio crocodile driving loafer $4,975); excluding exotic skins the high is Icone loafer $1,925. Mules excluded."
Loro Piana,SKIP,SKIP,SKIP,SKIP,SKIP,SKIP,SKIP,SKIP,SKIP,SKIP,1125,5250,2770,29000,950,2150,-,SKIP,https://us.loropiana.com/en,USD,complete,https://us.loropiana.com/en/c/man/knitwear | https://us.loropiana.com/en/gifting-idea/man/ready-to-wear/walkery-crewneck-FAM0528_60NP.html | https://us.loropiana.com/en/man/vicuna/iconic-crewneck-FAO4339_E09Y.html | https://us.loropiana.com/en/man/vicuna/knitwear/coste-crewneck-FAQ4336_E09Y.html | https://us.loropiana.com/en/man/coats-and-outerwear | https://us.loropiana.com/en/shoes/man/loafers,"US store, USD; category pages fully expanded via View other products (knitwear 329 of 329 tiles incl. colourways, coats and outerwear 148 of 148, loafers 76 of 76); sleeve/neck details read from product pages. Sweater low = Walkery Crewneck (cotton-silk, long sleeve per product photo) $1,125 - the $1,000 Walkery (FAM1818), Mayreau $1,155 and Savan $1,205 crewnecks are short-sleeved knits and T-Shirt Crewneck $1,250 is a knit tee, all excluded; cheapest cashmere crew Loro Crewneck $1,500. High = dearest regular crewneck = Iconic Crewneck in Vicuna $5,250; Coste Crewneck Vicuna $10,800 excluded because product details say Henley collar with horn button; without vicuna the high is The Gift of Kings Crewneck $4,400. Outerwear: cheapest jacket style with elevated versions = bomber: low = Bomber Jacket (linen) $2,770; high = Tyton Bomber Jacket (vicuna, cashmere) $29,000. Same-model alternative: Maremma Bomber Jacket cotton $4,580 / cashmere Storm System $6,150 / calfskin $9,275. Overshirts and vests (from $2,400) excluded. Shoes: loafers category, low = Venice Walk Loafer (suede) $950; high = Summer Walk The Gift of Kings Loafer $2,150 (next Summer Walk suede $1,900); George Walk espadrille and knitted Summer Walk excluded as non-loafers."
Rubinacci,SKIP,SKIP,SKIP,SKIP,SKIP,SKIP,SKIP,SKIP,SKIP,SKIP,648,648,1896,4740,660,696,-,https://www.marianorubinacci.com/en/search-results?searchterm=,https://www.marianorubinacci.com/en,USD,complete,https://www.marianorubinacci.com/en/collection/knitwear/ | https://www.marianorubinacci.com/en/collection/outerwear/ | https://www.marianorubinacci.com/en/collection/shoes/ | https://www.marianorubinacci.com/uk/collection/knitwear/ | https://www.marianorubinacci.com/en/search-results?searchterm=jeans,"Custom store; /en is the US site option and shows USD, but the delivery-country/currency flyout read IT/$ and I did not change it (no region submit); USD prices are exactly 1.2x the UK site GBP figures (knitted tee $432 vs GBP 360), so this looks like a fixed USD list but a US-delivery price could differ. Paginated listings read via listing_page (knitwear 99 tiles, outerwear 34, shoes 62; one tile per colour). Sweater: entry already cashmere; the only crewneck model is the cashmere crew-neck sweater at $648 in every colour (15 tiles), so low = high = 648 (dearest regular crewneck named: cashmere crew-neck sweater). Outerwear: cheapest style with an elevated version = overcoat: low = Single-breasted Raglan coat in blue linen blend $1,896; high = Blue cashmere coat / Double-breasted coat in blue cashmere $4,740 (single-breasted 100% cashmere coats are $3,120 if the pairing is limited to single-breasted). Suede bomber $3,600 has no fabric bomber twin; Blue wool and cashmere fur jacket $9,000 and vests excluded; one burgundy cashmere DB coat is flagged Limited Edition ($4,080, does not affect figures). Shoes: own-label Marphy loafers from $660 (suede/velvet) to $696 (leather, deer, kidskin, woven, tassel; Alaska/Luisiana suede loafers and leather loafers also $696); slippers and sailing shoes excluded. Search URL: searchterm=jeans returned 15 products (Manny Trousers in Japanese Selvedge Denim etc.)."
Kiton,SKIP,SKIP,SKIP,SKIP,SKIP,SKIP,SKIP,SKIP,SKIP,SKIP,1080,5170,960,15810,1260,2540,-,SKIP,https://us.kiton.com,USD,complete,https://us.kiton.com/collections/men-knitwear/products.json | https://us.kiton.com/collections/men-coat-jackets/products.json | https://us.kiton.com/collections/men-shoes/products.json | https://us.kiton.com/products/sweater-roundneck-cotton-umkxx31k315 | https://us.kiton.com/products/sweater-roundneck-cashmere-umk0519k325 | https://us.kiton.com/products/pahoa-blouson-linen-ugo001h0969011 | https://us.kiton.com/products/blouson-lambskin-uw2361av0814h04 | https://kiton.com/products.json,"kiton.com is the EUR/Italy Shopify store (products.json capped at exactly 1000); its hreflang en-us points to the separate US store us.kiton.com (USD, rate 1.0, country US), which was used; product pages checked: Icon Cotton Sweater $1,080, cable cashmere crew $5,170, linen blouson $960, lambskin bomber $15,810 all match feed. Men's collections include items tagged with past seasons (SS22-FW2425) that are still live; counted as current range; no compare-at markdowns. Sweater low = Icon Cotton Sweater (crew neck, pure cotton) $1,080 (short-sleeve crews and knit tees excluded; cheapest pure-cashmere crew: Crew Neck Sweater in Pure Cashmere $2,310); high = dearest regular crewneck = Pine Green Cable-Knit Cashmere Crewneck Sweater $5,170 (next Cashmere Jumper with Jacquard Pattern $3,750). Outerwear: cheapest style with elevated versions = zip blouson/bomber: low = Pure Linen Jacket with Zip (store handle pahoa-blouson) $960; high = Lambskin Ivory Bomber Jacket (handle blouson-lambskin) $15,810; cashmere versions Bomber in Pure Black Cashmere $10,710, Ivory Pure Cashmere Blouson $14,640. If the linen zip jacket is judged not a bomber, use the cotton openwork Long-Sleeved Zipped Bomber Jacket $2,710 as low. Gilets, overshirts, shirt jackets excluded. Shoes: own-label loafers low = Leather Loafer $1,260; high = Brown/Havana Suede Calfskin Loafer with Crocodile Inserts $2,540 (all-calf/suede high Black Suede Loafers $2,530); espadrilles and slip-on sneakers excluded."
Cesare Attolini,SKIP,SKIP,SKIP,SKIP,SKIP,SKIP,SKIP,SKIP,SKIP,SKIP,NC,NC,NC,NC,NC,NC,NC,SKIP,https://www.cesareattolini.com,NC,partial,https://www.cesareattolini.com/e-boutique | https://www.cesareattolini.com/collection-shop | https://www.cesareattolini.com/collection-fw-26-27 | https://www.cesareattolini.com/products.json,"Not reachable: the brand's e-boutique page reads E-boutique under maintenance. WE WILL BE BACK SOON (checked 2026-09-18); /collection-shop redirects to the homepage; the collection pages (collection-fw-26-27) are lookbook pages with no prices; Shopify endpoints (/products.json, /collections.json, /collections/all, /search) all return 404. No prices shown anywhere on the site, so all garment cells left NC. Retry later or use a stockist-independent source only if the rules allow."
Zilli,SKIP,SKIP,SKIP,SKIP,SKIP,SKIP,SKIP,SKIP,SKIP,SKIP,750,1320,1470,8500,870,4320,-,https://en.zilli.com/search.php?search_query=,https://en.zilli.com,EUR,complete,https://en.zilli.com/knitwear | https://en.zilli.com/outerwear-and-blousons | https://en.zilli.com/loafers | https://en.zilli.com/search.php?search_query=jeans,"BigCommerce store; header shows region USA / EN but all prices are in EUR (no US-dollar storefront; hreflang only en, fr, as), so figures are EUR as displayed. Paginated listings read via ?page=N: knitwear 82 unique of 91 stated (shortfall 9, likely colour duplicates across pages), outerwear 48, loafers 20; no Was/Now markdowns seen. Sweater: only two crew/round-neck sweaters: low = Aqua Abstract round neck sweater (cotton, lambskin details) EUR 750; high = Sage green and blue rounded collar sweater, Staggered square jacquard (cashmere and silk) EUR 1,320. Outerwear: cheapest style with elevated versions = bomber: low = Pale caramel ZILLI Letters bomber jacket (linen) EUR 1,470; high = Deep military and blue reversible ROBS bomber jacket (quilted silk and lambskin) EUR 8,500 (Smoke grey check quilted bomber in cashmere EUR 5,400). Overshirt EUR 750 and sleeveless coats excluded. Shoes (loafers category, own label): low = Dark navy hand stitched moccasins (calfsuede) EUR 870; high = Loafers in black crocodile EUR 4,320; excluding exotics the high is EUR 1,800 (Laser Z / Metal Z moccasins with caiman detail - caiman trim); moccasin mules and slip-on sneakers excluded. Search: jeans returned product results (raw blue slim fit jeans) on the search page."
Stefano Ricci,SKIP,SKIP,SKIP,SKIP,SKIP,SKIP,SKIP,SKIP,SKIP,SKIP,1200,3900,2450,53700,1000,17550,-,SKIP,https://www.stefanoricci.com/en-us,USD,complete,https://www.stefanoricci.com/en-us/menswear/knitwear/?start=0&sz=400 | https://www.stefanoricci.com/en-us/menswear/outerwear/?start=0&sz=400 | https://www.stefanoricci.com/en-us/shoes/loafers/?start=0&sz=400 | https://www.stefanoricci.com/en-us/casual-loafers/UV64_G2293-TSVTS.html,"US store, prices shown as $ with a space (e.g. $ 1,350); sz=400 loaded full counts (knitwear 243 of 243, outerwear 106 of 106, loafers 66 of 66); no second (sale) prices on any tile; live check Casual loafers $1,000 matches. Sweater low = $1,200 (Cashmere and silk knit crewneck sweater; also Virgin wool and cashmere blend and Wool and silk blend crewnecks at $1,200; knit crewneck t-shirts excluded); high = Cashmere knit crewneck sweater $3,900 (next Cashmere knit crewneck $3,550). Outerwear: cheapest style with elevated versions = blouson: low = Cotton and linen blend blouson $2,450; high = Mink and lambskin leather blouson $53,700 (the store's dearest outerwear piece). Without fur the high is Nubuck calfskin and crocodile leather blouson $40,800; without fur or exotics, Cashmere and shearling blouson $12,300. Gilets, overshirts excluded. Shoes: loafers category low = Casual loafers $1,000; high = Himalayan crocodile leather loafers $17,550; excluding exotic skins the high is Suede loafers $2,100. One Suede slip-on shoe $1,250 in the loafers category does not affect figures."
