brand,store_name,banner_stated,format,status,street,city,state,zip,phone,venue,source_url,format_basis,flag,correction,captured_on,source_file
120% Lino,Aventura Mall,,own-door,open,19501 Biscayne Boulevard #2035,Aventura,FL,33180,,Aventura Mall,https://www.120percento.com/en/stores,master store_type=standard (pre-recapture),,,2026-08-23,locations_2026-08-29.csv
120% Lino,The St. Regis Bal Harbour,,own-door,open,9703 Collins Avenue,Bal Harbour,FL,33154,,The St. Regis Bal Harbour,https://www.120percento.com/en/stores,master store_type=standard (pre-recapture),,,2026-08-23,locations_2026-08-29.csv
120% Lino,Shops at Merrick Park,,own-door,open,"342 San Lorenzo Ave, #1100",Coral Gables,FL,33146,,Shops at Merrick Park,https://www.120percento.com/en/stores,master store_type=standard (pre-recapture),,,2026-08-23,locations_2026-08-29.csv
120% Lino,The Ritz-Carlton Key Biscayne,,own-door,open,455 Grand Bay Drive,Key Biscayne,FL,33149,,The Ritz-Carlton Key Biscayne,https://www.120percento.com/en/stores,master store_type=standard (pre-recapture),,,2026-08-23,locations_2026-08-29.csv
120% Lino,Brickell City Centre,,own-door,open,701 S. Miami Ave #128A,Miami,FL,33130,,Brickell City Centre,https://www.120percento.com/en/stores,master store_type=standard (pre-recapture),,,2026-08-23,locations_2026-08-29.csv
120% Lino,Waterside Shops,,own-door,open,5555 Tamiami Trail N. #G12,Naples,FL,34108,,Waterside Shops,https://www.120percento.com/en/stores,master store_type=standard (pre-recapture),,,2026-08-23,locations_2026-08-29.csv
120% Lino,,,own-door,open,339 Worth Avenue #216,Palm Beach,FL,33480,,,https://www.120percento.com/en/stores,master store_type=standard (pre-recapture),,,2026-08-23,locations_2026-08-29.csv
120% Lino,The Shops at Wailea,,own-door,open,3750 Wailea Alanui Dr Suite #A15,Wailea,HI,96753,,The Shops at Wailea,https://www.120percento.com/en/stores,master store_type=standard (pre-recapture),,,2026-08-23,locations_2026-08-29.csv
120% Lino,,,own-door,open,28 Centre Street,Nantucket,MA,02554,,,https://www.120percento.com/en/stores,master store_type=standard (pre-recapture),,,2026-08-23,locations_2026-08-29.csv
120% Lino,The Mall of San Juan,,own-door,open,"Suite 224B, The Mall of San Juan",San Juan,PR,00924,,The Mall of San Juan,https://www.120percento.com/en/stores,master store_type=standard (pre-recapture),,,2026-08-23,locations_2026-08-29.csv
120% Lino,,,own-door,open,216 King Street,Charleston,SC,29401,,,https://www.120percento.com/en/stores,master store_type=standard (pre-recapture),,,2026-08-23,locations_2026-08-29.csv
A Bathing Ape,SAN FRANCISCO,,own-door,open,216 Stockton St,San Francisco,CA,94108,,,,,,,2026-09-05,bape_classified_2026-09-05.csv
A Bathing Ape,LOS ANGELES,,own-door,open,8810 Melrose Avenue,West Hollywood,CA,90069,,,,,,,2026-09-05,bape_classified_2026-09-05.csv
A Bathing Ape,MIAMI,,own-door,open,4018 NE 2nd Ave,Miami,FL,33137,,,,,,,2026-09-05,bape_classified_2026-09-05.csv
A Bathing Ape,CHICAGO,,own-door,open,113 E Oak St,Chicago,IL,60611,,,,,,,2026-09-05,bape_classified_2026-09-05.csv
A Bathing Ape,NEW JERSEY,,own-door,open,1 American Dream Way #E225,East Rutherford,NJ,07073,,American Dream,,,,,2026-09-05,bape_classified_2026-09-05.csv
A Bathing Ape,LAS VEGAS,,own-door,open,,Las Vegas,NV,89109,,Wynn Plaza Shops,,,,"No street number published — venue ""Wynn Plaza Shops, 2nd Level"" only; street left blank rather than derived.",2026-09-05,bape_classified_2026-09-05.csv
A Bathing Ape,NEW YORK CITY SOHO,,own-door,open,163 Mercer St,New York,NY,10012,,,,,,,2026-09-05,bape_classified_2026-09-05.csv
A Bathing Ape,NEW YORK CITY MADISON,,own-door,open,650 Madison Ave,New York,NY,10022,,,,,,,2026-09-05,bape_classified_2026-09-05.csv
Acne Studios,South Coast Plaza,,own-door,open,"3333 Bristol St, Suite 2014",Costa Mesa,CA,92626,,South Coast Plaza,https://www.acnestudios.com/us/en/stores/south-coast-plaza,master store_type=standard (pre-recapture),,,2026-08-23,locations_2026-08-29.csv
Acne Studios,,,own-door,open,8920 Melrose Avenue,Los Angeles,CA,90069,,,https://www.acnestudios.com/us/en/stores/west-hollywood,master store_type=standard (pre-recapture),,,2026-08-23,locations_2026-08-29.csv
Acne Studios,,,own-door,open,18-24 Geary Street,San Francisco,CA,94108,,,https://www.acnestudios.com/us/en/stores/geary-street,master store_type=standard (pre-recapture),,,2026-08-23,locations_2026-08-29.csv
Acne Studios,Miami Design District,,own-door,open,85 NE 41st St,Miami,FL,33137,,Miami Design District,https://www.acnestudios.com/us/en/stores/miami-design-district,master store_type=standard (pre-recapture),,,2026-08-23,locations_2026-08-29.csv
Acne Studios,The Shops at Crystals,,own-door,open,"The Crystals - 3720 Las Vegas Blvd South, Suite 227",Las Vegas,NV,89158,,The Shops at Crystals,https://www.acnestudios.com/us/en/stores/crystals,master store_type=standard (pre-recapture),,,2026-08-23,locations_2026-08-29.csv
Acne Studios,,,own-door,open,33 Greene Street,New York,NY,10013,,,https://www.acnestudios.com/us/en/stores/greene-street,master store_type=standard (pre-recapture),,,2026-08-23,locations_2026-08-29.csv
Acne Studios,,,own-door,open,82 Gansevoort,New York,NY,10014,,,https://www.acnestudios.com/us/en/stores/meatpacking,master store_type=standard (pre-recapture),,,2026-08-23,locations_2026-08-29.csv
AG,Scottsdale Fashion Square,,own-door,open,7014 E Camelback Rd. Unit# 1296,Scottsdale,AZ,85251,,Scottsdale Fashion Square,https://www.agjeans.com/pages/stores,master store_type=standard (pre-recapture),,,2026-08-23,locations_2026-08-29.csv
AG,Fashion Island,,own-door,open,401 Newport Center Dr. Space #573,Newport Beach,CA,92660,,Fashion Island,https://www.agjeans.com/pages/stores,master store_type=standard (pre-recapture),,,2026-08-23,locations_2026-08-29.csv
AG,,,own-door,open,1009 Madison Ave,New York,NY,10075,,,https://www.agjeans.com/pages/stores,master store_type=standard (pre-recapture),,,2026-08-23,locations_2026-08-29.csv
AG,,,own-door,open,113 Greene St. - A,New York,NY,10012,,,https://www.agjeans.com/pages/stores,master store_type=standard (pre-recapture),,,2026-08-23,locations_2026-08-29.csv
AG,The Shops at Hudson Yards,,own-door,open,20 Hudson Yards RU #223A,New York,NY,10001,,The Shops at Hudson Yards,https://www.agjeans.com/pages/stores,master store_type=standard (pre-recapture),,,2026-08-23,locations_2026-08-29.csv
AG,,,own-door,open,305 Columbus Ave.,New York,NY,10023,,,https://www.agjeans.com/pages/stores,master store_type=standard (pre-recapture),,,2026-08-23,locations_2026-08-29.csv
AG,The Galleria,,own-door,open,5115 Westheimer Rd. Suite C2575,Houston,TX,77056,,The Galleria,https://www.agjeans.com/pages/stores,master store_type=standard (pre-recapture),,,2026-08-23,locations_2026-08-29.csv
Aimé Leon Dore,,,own-door,open,8746 Melrose Ave.,Los Angeles,CA,90069,,,https://www.aimeleondore.com/pages/stores,master store_type=flagship (pre-recapture),,,2026-08-23,locations_2026-08-29.csv
Aimé Leon Dore,,,own-door,open,224 Mulberry St.,New York,NY,10012,,,https://www.aimeleondore.com/pages/stores,master store_type=flagship (pre-recapture),,,2026-08-23,locations_2026-08-29.csv
Alex Mill,,,own-door,open,39 Main Street,Edgartown,MA,02539,,,https://www.alexmill.com/pages/stores,master store_type=standard (pre-recapture),,,2026-08-23,locations_2026-08-29.csv
Alex Mill,,,own-door,open,1182 Madison Avenue,New York,NY,10028,,,https://www.alexmill.com/pages/stores,master store_type=standard (pre-recapture),,,2026-08-23,locations_2026-08-29.csv
Alex Mill,,,own-door,open,77 Mercer Street,New York,NY,10012,,,https://www.alexmill.com/pages/stores,master store_type=standard (pre-recapture),,,2026-08-23,locations_2026-08-29.csv
Ami Paris,,,own-door,open,8583 Melrose Ave,West Hollywood,CA,90069,,,https://www.amiparis.com/us/stores,master store_type=standard (pre-recapture),,,2026-08-23,locations_2026-08-29.csv
Ami Paris,Aventura Mall,,own-door,open,19565 Biscayne Boulevard,Aventura,FL,33180,,Aventura Mall,https://www.amiparis.com/us/stores,master store_type=standard (pre-recapture),,,2026-08-23,locations_2026-08-29.csv
Ami Paris,Miami Design District,,own-door,open,99 Northeast 39th Street,Miami,FL,33137,,Miami Design District,https://www.amiparis.com/us/stores,master store_type=standard (pre-recapture),,,2026-08-23,locations_2026-08-29.csv
Ami Paris,,,own-door,open,77 Greene St,New York,NY,10012,,,https://www.amiparis.com/us/stores,master store_type=standard (pre-recapture),,,2026-08-23,locations_2026-08-29.csv
Amiri,Scottsdale Fashion Square,,own-door,open,7014 E Camelback Rd Space 1101,Scottsdale,AZ,85251,,Scottsdale Fashion Square,https://www.amiri.com/pages/stores,master store_type=standard (pre-recapture),,,2026-08-23,locations_2026-08-29.csv
Amiri,,,own-door,open,461 North Rodeo Drive,Beverly Hills,CA,90210,,,https://www.amiri.com/pages/stores,master store_type=standard (pre-recapture),,,2026-08-23,locations_2026-08-29.csv
Amiri,South Coast Plaza,,own-door,open,"3333 Bristol Street, Suite 2018",Costa Mesa,CA,92626,,South Coast Plaza,https://www.amiri.com/pages/stores,master store_type=standard (pre-recapture),,,2026-08-23,locations_2026-08-29.csv
Amiri,Beverly Center,,own-door,open,8500 Beverly Blvd Suite #747,Los Angeles,CA,90048,,Beverly Center,https://www.amiri.com/pages/stores,master store_type=standard (pre-recapture),,,2026-08-23,locations_2026-08-29.csv
Amiri,Fashion Valley,,own-door,open,7007 Friars Rd Suite 1015,San Diego,CA,92108,,Fashion Valley,https://www.amiri.com/pages/stores,master store_type=standard (pre-recapture),,,2026-08-23,locations_2026-08-29.csv
Amiri,Westfield Valley Fair,,own-door,open,2855 Stevens Creek Blvd Space A357,Santa Clara,CA,95050,,Westfield Valley Fair,https://www.amiri.com/pages/stores,master store_type=standard (pre-recapture),,,2026-08-23,locations_2026-08-29.csv
Amiri,Aventura Mall,,own-door,open,"19501 Biscayne Blvd, Space #007 – Lower Level",Aventura,FL,33180,,Aventura Mall,https://www.amiri.com/pages/stores,master store_type=standard (pre-recapture),,,2026-08-23,locations_2026-08-29.csv
Amiri,Miami Design District,,own-door,open,106 NE 39th Street,Miami,FL,33137,,Miami Design District,https://www.amiri.com/pages/stores,master store_type=standard (pre-recapture),,,2026-08-23,locations_2026-08-29.csv
Amiri,Phipps Plaza,,own-door,open,3500 Peachtree Rd NE,Atlanta,GA,30326,,Phipps Plaza,https://www.amiri.com/pages/stores,master store_type=standard (pre-recapture),,,2026-08-23,locations_2026-08-29.csv
Amiri,,,own-door,open,46 E Walton Street,Chicago,IL,60611,,,https://www.amiri.com/pages/stores,master store_type=standard (pre-recapture),,,2026-08-23,locations_2026-08-29.csv
Amiri,The Mall at Short Hills,,own-door,open,1200 Morris Turnpike Space #B-24,Short Hills,NJ,07078,,The Mall at Short Hills,https://www.amiri.com/pages/stores,master store_type=standard (pre-recapture),,,2026-08-23,locations_2026-08-29.csv
Amiri,Wynn Las Vegas,,own-door,open,"3121 South Las Vegas Boulevard, Wynn",Las Vegas,NV,89109,,Wynn Las Vegas,https://www.amiri.com/pages/stores,master store_type=standard (pre-recapture),,,2026-08-23,locations_2026-08-29.csv
Amiri,The Forum Shops at Caesars,,own-door,open,"3500 Las Vegas Blvd S, #D01A",Las Vegas,NV,89109,,The Forum Shops at Caesars,https://www.amiri.com/pages/stores,master store_type=standard (pre-recapture),,,2026-08-23,locations_2026-08-29.csv
Amiri,,,own-door,open,71–73 Greene Street,New York,NY,10012,,,https://www.amiri.com/pages/stores,master store_type=standard (pre-recapture),,,2026-08-23,locations_2026-08-29.csv
Amiri,King of Prussia Mall,,own-door,open,"350 Mall Blvd, Suite 3032",King of Prussia,PA,19406,,King of Prussia Mall,https://www.amiri.com/pages/stores,master store_type=standard (pre-recapture),,,2026-08-23,locations_2026-08-29.csv
Amiri,The Mall at Green Hills,,own-door,open,2126 Abbott Martin Rd Space 262,Nashville,TN,37215,,The Mall at Green Hills,https://www.amiri.com/pages/stores,master store_type=standard (pre-recapture),,,2026-08-23,locations_2026-08-29.csv
Amiri,The Galleria,,own-door,open,5015 Westheimer Rd. #A3401,Houston,TX,77056,,The Galleria,https://www.amiri.com/pages/stores,master store_type=standard (pre-recapture),,,2026-08-23,locations_2026-08-29.csv
Amiri,The Shops at La Cantera,,own-door,open,15900 La Cantera Pkwy Suite 11100,San Antonio,TX,78256,,The Shops at La Cantera,https://www.amiri.com/pages/stores,master store_type=standard (pre-recapture),,,2026-08-23,locations_2026-08-29.csv
A.P.C.,South Coast Plaza,,own-door,open,"3333 Bristol St, Suite 2801",Costa Mesa,CA,92626,,South Coast Plaza,https://www.apc-us.com/pages/stores,master store_type=standard (pre-recapture),,,2026-08-23,locations_2026-08-29.csv
A.P.C.,,,own-door,open,3517 W Sunset Blvd,Los Angeles,CA,90026,,,https://www.apc-us.com/pages/stores,master store_type=standard (pre-recapture),,,2026-08-23,locations_2026-08-29.csv
A.P.C.,,,own-door,open,8420 Melrose Pl,Los Angeles,CA,90069,,,https://www.apc-us.com/pages/stores,master store_type=standard (pre-recapture),,,2026-08-23,locations_2026-08-29.csv
A.P.C.,,,own-door,open,411 Hayes St,San Francisco,CA,94102,,,https://www.apc-us.com/pages/stores,master store_type=standard (pre-recapture),,,2026-08-23,locations_2026-08-29.csv
A.P.C.,,,own-door,open,"94 N 3rd St, Retail unit C",Brooklyn,NY,11249,,,https://www.apc-us.com/pages/stores,master store_type=standard (pre-recapture),,,2026-08-23,locations_2026-08-29.csv
A.P.C.,,,own-door,open,131 Mercer Street,New York,NY,10012,,,https://www.apc-us.com/pages/stores,master store_type=standard (pre-recapture),,,2026-08-23,locations_2026-08-29.csv
A.P.C.,,,own-door,open,267 West 4th Street,New York,NY,10014,,,https://www.apc-us.com/pages/stores,master store_type=standard (pre-recapture),,,2026-08-23,locations_2026-08-29.csv
Arc'teryx,,,own-door,open,1354 Burlingame Avenue,Burlingame,CA,94010,,,https://stores.arcteryx.com,master store_type=standard (pre-recapture),,,2026-08-23,locations_2026-08-29.csv
Arc'teryx,,,own-door,open,11715 San Vicente Boulevard,Los Angeles,CA,90049,,,https://stores.arcteryx.com,master store_type=standard (pre-recapture),,,2026-08-23,locations_2026-08-29.csv
Arc'teryx,,,own-door,open,159 South La Brea Avenue,Los Angeles,CA,90036,,,https://stores.arcteryx.com,master store_type=standard (pre-recapture),,,2026-08-23,locations_2026-08-29.csv
Arc'teryx,,,own-door,open,1079 Newport Center Drive,Newport Beach,CA,92660,,,https://stores.arcteryx.com,master store_type=standard (pre-recapture),,,2026-08-23,locations_2026-08-29.csv
Arc'teryx,,,own-door,open,"180 El Camino Real, Building C, Suite 9",Palo Alto,CA,94304,,,https://stores.arcteryx.com,master store_type=standard (pre-recapture),,,2026-08-23,locations_2026-08-29.csv
Arc'teryx,,,own-door,open,107 West Colorado Boulevard,Pasadena,CA,91105,,,https://stores.arcteryx.com,master store_type=standard (pre-recapture),,,2026-08-23,locations_2026-08-29.csv
Arc'teryx,,,own-door,open,534 East Cooper Avenue,Aspen,CO,81611,,,https://stores.arcteryx.com,master store_type=standard (pre-recapture),,,2026-08-23,locations_2026-08-29.csv
Arc'teryx,,,own-door,open,"1600 Pearl Street, Suite 100",Boulder,CO,80302,,,https://stores.arcteryx.com,master store_type=standard (pre-recapture),,,2026-08-23,locations_2026-08-29.csv
Arc'teryx,,,own-door,open,2601 Walnut Street,Denver,CO,80205,,,https://stores.arcteryx.com,master store_type=standard (pre-recapture),,,2026-08-23,locations_2026-08-29.csv
Arc'teryx,Cherry Creek Shopping Center,,own-door,open,"Unit #276, 3000 East 1st Avenue",Denver,CO,80206,,Cherry Creek Shopping Center,https://stores.arcteryx.com,master store_type=standard (pre-recapture),,,2026-08-23,locations_2026-08-29.csv
Arc'teryx,,,own-door,open,1099 H Street NW,Washington,DC,20001,,,https://stores.arcteryx.com,master store_type=standard (pre-recapture),,,2026-08-23,locations_2026-08-29.csv
Arc'teryx,,,own-door,open,3218 M Street NW,Washington,DC,20007,,,https://stores.arcteryx.com,master store_type=standard (pre-recapture),,,2026-08-23,locations_2026-08-29.csv
Arc'teryx,,,own-door,open,1007 North Rush Street,Chicago,IL,60611,,,https://stores.arcteryx.com,master store_type=standard (pre-recapture),,,2026-08-23,locations_2026-08-29.csv
Arc'teryx,,,own-door,open,3441 North Southport Avenue,Chicago,IL,60657,,,https://stores.arcteryx.com,master store_type=standard (pre-recapture),,,2026-08-23,locations_2026-08-29.csv
Arc'teryx,,,own-door,open,2228 Oakbrook Center,Oak Brook,IL,60523,,,https://stores.arcteryx.com,master store_type=standard (pre-recapture),,,2026-08-23,locations_2026-08-29.csv
Arc'teryx,Old Orchard,,own-door,open,"Unit N28, 4999 Old Orchard Center",Skokie,IL,60077,,Old Orchard,https://stores.arcteryx.com,master store_type=standard (pre-recapture),,,2026-08-23,locations_2026-08-29.csv
Arc'teryx,,,own-door,open,352 Newbury Street,Boston,MA,02115,,,https://stores.arcteryx.com,master store_type=standard (pre-recapture),,,2026-08-23,locations_2026-08-29.csv
Arc'teryx,,,own-door,open,"27 Boylston Street, Suite 230",Chestnut Hill,MA,02467,,,https://stores.arcteryx.com,master store_type=standard (pre-recapture),,,2026-08-23,locations_2026-08-29.csv
Arc'teryx,,,own-door,open,110 Market Street,Lynnfield,MA,01940,,,https://stores.arcteryx.com,master store_type=standard (pre-recapture),,,2026-08-23,locations_2026-08-29.csv
Arc'teryx,,,own-door,open,"7101 Democracy Boulevard, Space #1066",Bethesda,MD,20817,,,https://stores.arcteryx.com,master store_type=standard (pre-recapture),,,2026-08-23,locations_2026-08-29.csv
Arc'teryx,,,own-door,open,145 West Market Street,Bloomington,MN,55425,,,https://stores.arcteryx.com,master store_type=standard (pre-recapture),,,2026-08-23,locations_2026-08-29.csv
Arc'teryx,Westfield Garden State Plaza,,own-door,open,"Space D1B, 1 Garden State Plaza",Paramus,NJ,07652,,Westfield Garden State Plaza,https://stores.arcteryx.com,master store_type=standard (pre-recapture),,,2026-08-23,locations_2026-08-29.csv
Arc'teryx,The Mall at Short Hills,,own-door,open,"C101, 1200 Morris Turnpike",Short Hills,NJ,07078,,The Mall at Short Hills,https://stores.arcteryx.com,master store_type=standard (pre-recapture),,,2026-08-23,locations_2026-08-29.csv
Arc'teryx,,,own-door,open,"1950 Northern Boulevard, Unit B-1A",Manhasset,NY,11030,,,https://stores.arcteryx.com,master store_type=standard (pre-recapture),,,2026-08-23,locations_2026-08-29.csv
Arc'teryx,,,own-door,open,149 5th Avenue,New York,NY,10010,,,https://stores.arcteryx.com,master store_type=standard (pre-recapture),,,2026-08-23,locations_2026-08-29.csv
Arc'teryx,,,own-door,open,158 Columbus Avenue,New York,NY,10023,,,https://stores.arcteryx.com,master store_type=standard (pre-recapture),,,2026-08-23,locations_2026-08-29.csv
Arc'teryx,,,own-door,open,"250 Vesey Street, Unit 115",New York,NY,10281,,,https://stores.arcteryx.com,master store_type=standard (pre-recapture),,,2026-08-23,locations_2026-08-29.csv
Arc'teryx,,,own-door,open,580 Broadway,New York,NY,10012,,,https://stores.arcteryx.com,master store_type=flagship (pre-recapture),,,2026-08-23,locations_2026-08-29.csv
Arc'teryx,,,own-door,open,"600 5th Avenue, Space B",New York,NY,10020,,,https://stores.arcteryx.com,master store_type=standard (pre-recapture),,,2026-08-23,locations_2026-08-29.csv
Arc'teryx,,,own-door,open,605 Northwest 23rd Avenue,Portland,OR,97210,,,https://stores.arcteryx.com,master store_type=standard (pre-recapture),,,2026-08-23,locations_2026-08-29.csv
Arc'teryx,,,own-door,open,"9321 Southwest Washington Square Road, Unit T05",Portland,OR,97223,,,https://stores.arcteryx.com,master store_type=standard (pre-recapture),,,2026-08-23,locations_2026-08-29.csv
Arc'teryx,,,own-door,open,570 Main Street,Park City,UT,84060,,,https://stores.arcteryx.com,master store_type=standard (pre-recapture),,,2026-08-23,locations_2026-08-29.csv
Arc'teryx,,,own-door,open,207-50 South Main Street,Salt Lake City,UT,84101,,,https://stores.arcteryx.com,master store_type=standard (pre-recapture),,,2026-08-23,locations_2026-08-29.csv
Arc'teryx,,,own-door,open,"1961 Chain Bridge Road, Space #K4AU",Tysons,VA,22182,,,https://stores.arcteryx.com,master store_type=standard (pre-recapture),,,2026-08-23,locations_2026-08-29.csv
Arc'teryx,,,own-door,open,401 Pike Street,Seattle,WA,98101,,,https://stores.arcteryx.com,master store_type=standard (pre-recapture),,,2026-08-23,locations_2026-08-29.csv
Balenciaga,,,own-door,open,"7014 E Camelback Rd, Space 1060",Scottsdale,AZ,85251,,,https://www.balenciaga.com/en-us/stores,master store_type=standard (pre-recapture),,,2026-08-23,locations_2026-08-29.csv
Balenciaga,,,own-door,open,338 N Rodeo Dr,Beverly Hills,CA,90210,,,https://www.balenciaga.com/en-us/stores,master store_type=standard (pre-recapture),,,2026-08-23,locations_2026-08-29.csv
Balenciaga,,,own-door,open,"6600 Topanga Canyon Blvd, Space 19",Canoga Park,CA,91303,,,https://www.balenciaga.com/en-us/stores,master store_type=standard (pre-recapture),,,2026-08-23,locations_2026-08-29.csv
Balenciaga,,,own-door,open,"3333 Bristol St, Suite 1200",Costa Mesa,CA,92626,,,https://www.balenciaga.com/en-us/stores,master store_type=standard (pre-recapture),,,2026-08-23,locations_2026-08-29.csv
Balenciaga,,,own-door,open,"8500 Beverly Blvd, Space #769",Los Angeles,CA,90048,,,https://www.balenciaga.com/en-us/stores,master store_type=standard (pre-recapture),,,2026-08-23,locations_2026-08-29.csv
Balenciaga,,,own-door,open,"8500 Beverly Blvd, Space #770",Los Angeles,CA,90048,,,https://www.balenciaga.com/en-us/stores,master store_type=standard (pre-recapture),,,2026-08-23,locations_2026-08-29.csv
Balenciaga,,,own-door,open,"2855 Stevens Creek Blvd, Suite 1235",Santa Clara,CA,95050,,,https://www.balenciaga.com/en-us/stores,master store_type=standard (pre-recapture),,,2026-08-23,locations_2026-08-29.csv
Balenciaga,,,own-door,open,"151 NE 41st St, Space #125",Miami,FL,33137,,,https://www.balenciaga.com/en-us/stores,master store_type=standard (pre-recapture),,,2026-08-23,locations_2026-08-29.csv
Balenciaga,,,own-door,open,"9700 Collins Avenue, Unit No. 152",Miami,FL,33154,,,https://www.balenciaga.com/en-us/stores,master store_type=standard (pre-recapture),,,2026-08-23,locations_2026-08-29.csv
Balenciaga,,,own-door,open,4200 Conroy Road,Orlando,FL,32839,,,https://www.balenciaga.com/en-us/stores,master store_type=standard (pre-recapture),,,2026-08-23,locations_2026-08-29.csv
Balenciaga,,,own-door,open,"3500 Peachtree Rd NE, Space 1011B",Atlanta,GA,30326,,,https://www.balenciaga.com/en-us/stores,master store_type=standard (pre-recapture),,,2026-08-23,locations_2026-08-29.csv
Balenciaga,,,own-door,open,1450 Ala Moana Blvd #2067,Honolulu,HI,96814,,,https://www.balenciaga.com/en-us/stores,master store_type=standard (pre-recapture),,,2026-08-23,locations_2026-08-29.csv
Balenciaga,,,own-door,open,"2330 Kalakaua Ave, Space #100",Honolulu,HI,96815,,,https://www.balenciaga.com/en-us/stores,master store_type=standard (pre-recapture),,,2026-08-23,locations_2026-08-29.csv
Balenciaga,,,own-door,open,15 East Oak St,Chicago,IL,60611,,,https://www.balenciaga.com/en-us/stores,master store_type=standard (pre-recapture),,,2026-08-23,locations_2026-08-29.csv
Balenciaga,,,own-door,open,100 Huntington Ave,Boston,MA,02116,,,https://www.balenciaga.com/en-us/stores,master store_type=standard (pre-recapture),,,2026-08-23,locations_2026-08-29.csv
Balenciaga,,,own-door,open,"2801 W Big Beaver Road, Space E149",Troy,MI,48084,,,https://www.balenciaga.com/en-us/stores,master store_type=standard (pre-recapture),,,2026-08-23,locations_2026-08-29.csv
Balenciaga,,,own-door,open,4400 Sharon Road,Charlotte,NC,28211,,,https://www.balenciaga.com/en-us/stores,master store_type=standard (pre-recapture),,,2026-08-23,locations_2026-08-29.csv
Balenciaga,,,own-door,open,1 American Dream Way Space E147,East Rutherford,NJ,07073,,,https://www.balenciaga.com/en-us/stores,master store_type=standard (pre-recapture),,,2026-08-23,locations_2026-08-29.csv
Balenciaga,,,own-door,open,The Mall at Short Hills 1200 Morris Turnpike Space B-228,Short Hills,NJ,07078,,,https://www.balenciaga.com/en-us/stores,master store_type=standard (pre-recapture),,,2026-08-23,locations_2026-08-29.csv
Balenciaga,,,own-door,open,"Forum Shops at Caesars, 3500 S Las Vegas Blvd Suite C01A",Las Vegas,NV,89109,,,https://www.balenciaga.com/en-us/stores,master store_type=standard (pre-recapture),,,2026-08-23,locations_2026-08-29.csv
Balenciaga,,,own-door,open,"Wynn Encore Esplanade, 3131 S Las Vegas Blvd Space #18",Las Vegas,NV,89109,,,https://www.balenciaga.com/en-us/stores,master store_type=standard (pre-recapture),,,2026-08-23,locations_2026-08-29.csv
Balenciaga,,,own-door,open,110 Greene Street,New York,NY,10012,,,https://www.balenciaga.com/en-us/stores,master store_type=standard (pre-recapture),,,2026-08-23,locations_2026-08-29.csv
Balenciaga,,,own-door,open,620 Madison Avenue,New York,NY,10022,,,https://www.balenciaga.com/en-us/stores,master store_type=standard (pre-recapture),,,2026-08-23,locations_2026-08-29.csv
Balenciaga,,,own-door,open,"160 N Gulph Road, Space 2156D",King of Prussia,PA,19406,,,https://www.balenciaga.com/en-us/stores,master store_type=standard (pre-recapture),,,2026-08-23,locations_2026-08-29.csv
Balenciaga,,,own-door,open,11501 Century Oaks Terrace,Austin,TX,78758,,,https://www.balenciaga.com/en-us/stores,master store_type=standard (pre-recapture),,,2026-08-23,locations_2026-08-29.csv
Balenciaga,,,own-door,open,"8687 N Central Expy, Space #317",Dallas,TX,75225,,,https://www.balenciaga.com/en-us/stores,master store_type=standard (pre-recapture),,,2026-08-23,locations_2026-08-29.csv
Balenciaga,,,own-door,open,"The Galleria, 5015 Westheimer Rd, Space A2262",Houston,TX,77056,,,https://www.balenciaga.com/en-us/stores,master store_type=standard (pre-recapture),,,2026-08-23,locations_2026-08-29.csv
Balenciaga,,,own-door,open,"2001 International Dr, Space 2014",McLean,VA,22102,,,https://www.balenciaga.com/en-us/stores,master store_type=standard (pre-recapture),,,2026-08-23,locations_2026-08-29.csv
Banana Republic,PINNACLE HILLS PROM,,own-door,open,2203 S. Promenade Blvd Suite #2190,Rogers,AR,72758,(479) 631-2703,,https://bananarepublic.gap.com/stores/ar/rogers/banana-republic-8481.html,brand-stated: locator store-type tag (non-Factory),,,2026-09-05,banana_republic_classified_2026-09-05.csv
Banana Republic,SHOPS @ TOWN COUNTRY,,own-door,open,2103 East Camelback Road Suite A-18-a,Phoenix,AZ,85016,(602) 840-6461,,https://bananarepublic.gap.com/stores/az/phoenix/banana-republic-4005.html,brand-stated: locator store-type tag (non-Factory),,,2026-09-05,banana_republic_classified_2026-09-05.csv
Banana Republic,Scottsdale Fash SQ,,own-door,open,7014 East Camelback Road Ste 2280,Scottsdale,AZ,85251,(480) 295-3420,,https://bananarepublic.gap.com/stores/az/scottsdale/banana-republic-6756.html,brand-stated: locator store-type tag (non-Factory),,,2026-09-05,banana_republic_classified_2026-09-05.csv
Banana Republic,Park Mall,,own-door,open,5870 East Broadway Blvd Space 224,Tucson,AZ,85711,(520) 790-0072,,https://bananarepublic.gap.com/stores/az/tucson/banana-republic-8547.html,brand-stated: locator store-type tag (non-Factory),,,2026-09-05,banana_republic_classified_2026-09-05.csv
Banana Republic,Shops At Chino Hills,,own-door,open,13855 City Center Drive,Chino Hills,CA,91709,(909) 627-7049,,https://bananarepublic.gap.com/stores/ca/chino-hills/banana-republic-8316.html,brand-stated: locator store-type tag (non-Factory),,,2026-09-05,banana_republic_classified_2026-09-05.csv
Banana Republic,VILLAGE CORTE MADERA,,own-door,open,1516 Redwood Highway #c033,Corte Madera,CA,94925,(415) 413-5123,,https://bananarepublic.gap.com/stores/ca/corte-madera/banana-republic-8128.html,brand-stated: locator store-type tag (non-Factory),,,2026-09-05,banana_republic_classified_2026-09-05.csv
Banana Republic,Fig Garden Village,,own-door,open,742 West Shaw Avenue,Fresno,CA,93704,(559) 226-3906,,https://bananarepublic.gap.com/stores/ca/fresno/banana-republic-7652.html,brand-stated: locator store-type tag (non-Factory),,,2026-09-05,banana_republic_classified_2026-09-05.csv
Banana Republic,Glendale Galleria-CA,,own-door,open,1118 Glendale Galleria Ste 1069,Glendale,CA,91210,(818) 543-1455,,https://bananarepublic.gap.com/stores/ca/glendale/banana-republic-8144.html,brand-stated: locator store-type tag (non-Factory),,,2026-09-05,banana_republic_classified_2026-09-05.csv
Banana Republic,Century City,,own-door,open,"10250 Santa Monica Blvd Spaces H57, H67",Los Angeles,CA,90067,(310) 286-2754,,https://bananarepublic.gap.com/stores/ca/los-angeles/banana-republic-8469.html,brand-stated: locator store-type tag (non-Factory),,,2026-09-05,banana_republic_classified_2026-09-05.csv
Banana Republic,Grove At Farmers Mkt,,own-door,open,189 The Grove Drive Space J10,Los Angeles,CA,90036,(323) 692-5020,,https://bananarepublic.gap.com/stores/ca/los-angeles/banana-republic-8536.html,brand-stated: locator store-type tag (non-Factory),,,2026-09-05,banana_republic_classified_2026-09-05.csv
Banana Republic,BEVERLY CENTER,,own-door,open,8500 Beverly Blvd Ste 765,Los Angeles,CA,90048,(310) 623-1170,,https://bananarepublic.gap.com/stores/ca/los-angeles/banana-republic-8044.html,brand-stated: locator store-type tag (non-Factory),,,2026-09-05,banana_republic_classified_2026-09-05.csv
Banana Republic,Del Monte S/C,,own-door,open,1410 Del Monte Center Store 1270,Monterey,CA,93940,(831) 641-9631,,https://bananarepublic.gap.com/stores/ca/monterey/banana-republic-8310.html,brand-stated: locator store-type tag (non-Factory),,,2026-09-05,banana_republic_classified_2026-09-05.csv
Banana Republic,Crystal Cove,,own-door,open,7912 East Coast Hwy,Newport Coast,CA,92657,(949) 494-4626,,https://bananarepublic.gap.com/stores/ca/newport-coast/banana-republic-7680.html,brand-stated: locator store-type tag (non-Factory),,,2026-09-05,banana_republic_classified_2026-09-05.csv
Banana Republic,Stanford,,own-door,open,172 Stanford Shopping Ctr 172,Palo Alto,CA,94304,(650) 322-0200,,https://bananarepublic.gap.com/stores/ca/palo-alto/banana-republic-8025.html,brand-stated: locator store-type tag (non-Factory),,,2026-09-05,banana_republic_classified_2026-09-05.csv
Banana Republic,Arden Fair,,own-door,open,1689 Arden Way Ste 1130,Sacramento,CA,95815,(916) 938-2857,,https://bananarepublic.gap.com/stores/ca/sacramento/banana-republic-8249.html,brand-stated: locator store-type tag (non-Factory),,,2026-09-05,banana_republic_classified_2026-09-05.csv
Banana Republic,FASHION VALLEY,,own-door,open,7007 Friars Rd Ste 860,San Diego,CA,92108,(619) 436-4470,,https://bananarepublic.gap.com/stores/ca/san-diego/banana-republic-8213.html,brand-stated: locator store-type tag (non-Factory),,,2026-09-05,banana_republic_classified_2026-09-05.csv
Banana Republic,Geary St,,own-door,open,152 Geary Street,San Francisco,CA,94108,(628) 333-2510,,https://bananarepublic.gap.com/stores/ca/san-francisco/banana-republic-3804.html,brand-stated: locator store-type tag (non-Factory),,,2026-09-05,banana_republic_classified_2026-09-05.csv
Banana Republic,BR at 2 Folsom,,own-door,open,2 Folsom Street,San Francisco,CA,94105,(415) 966-2610,,https://bananarepublic.gap.com/stores/ca/san-francisco/banana-republic-1869.html,brand-stated: locator store-type tag (non-Factory),,,2026-09-05,banana_republic_classified_2026-09-05.csv
Banana Republic,COURT STREET,,own-door,open,990 Higuera St,San Luis Obispo,CA,93401,(805) 541-2318,,https://bananarepublic.gap.com/stores/ca/san-luis-obispo/banana-republic-6745.html,brand-stated: locator store-type tag (non-Factory),,,2026-09-05,banana_republic_classified_2026-09-05.csv
Banana Republic,Hillsdale,,own-door,open,60 31st Ave 125,San Mateo,CA,94403,(650) 345-9300,,https://bananarepublic.gap.com/stores/ca/san-mateo/banana-republic-8028.html,brand-stated: locator store-type tag (non-Factory),,,2026-09-05,banana_republic_classified_2026-09-05.csv
Banana Republic,BALBOA BUILDING,,own-door,open,735 State St,Santa Barbara,CA,93101,(805) 564-7084,,https://bananarepublic.gap.com/stores/ca/santa-barbara/banana-republic-7685.html,brand-stated: locator store-type tag (non-Factory),,,2026-09-05,banana_republic_classified_2026-09-05.csv
Banana Republic,Valley Fair - CA,,own-door,open,2855 Stevens Creek Blvd Suite 1141,Santa Clara,CA,95050,(408) 260-4760,,https://bananarepublic.gap.com/stores/ca/santa-clara/banana-republic-8024.html,brand-stated: locator store-type tag (non-Factory),,,2026-09-05,banana_republic_classified_2026-09-05.csv
Banana Republic,Sherman Oaks Fash Sq,,own-door,open,14006 Riverside Dr Ste 208,Sherman Oaks,CA,91423,(818) 905-9157,,https://bananarepublic.gap.com/stores/ca/sherman-oaks/banana-republic-8233.html,brand-stated: locator store-type tag (non-Factory),,,2026-09-05,banana_republic_classified_2026-09-05.csv
Banana Republic,Del Amo,,own-door,open,3525 W Carson St Ste 452,Torrance,CA,90503,(310) 370-7281,,https://bananarepublic.gap.com/stores/ca/torrance/banana-republic-6936.html,brand-stated: locator store-type tag (non-Factory),,,2026-09-05,banana_republic_classified_2026-09-05.csv
Banana Republic,CHERRY CREEK SC,,own-door,open,3000 E 1st Ave Ste 2215,Denver,CO,80206,(720) 617-6085,,https://bananarepublic.gap.com/stores/co/denver/banana-republic-9001.html,brand-stated: locator store-type tag (non-Factory),,,2026-09-05,banana_republic_classified_2026-09-05.csv
Banana Republic,ASPEN GROVE,,own-door,open,7301 S Santa Fe Drive Unit 430,Littleton,CO,80120,(303) 738-9307,,https://bananarepublic.gap.com/stores/co/littleton/banana-republic-3047.html,brand-stated: locator store-type tag (non-Factory),,,2026-09-05,banana_republic_classified_2026-09-05.csv
Banana Republic,Danbury Fair,,own-door,open,7 Backus Ave Suite G-110,Danbury,CT,06810,(203) 798-2905,,https://bananarepublic.gap.com/stores/ct/danbury/banana-republic-8014.html,brand-stated: locator store-type tag (non-Factory),,,2026-09-05,banana_republic_classified_2026-09-05.csv
Banana Republic,Westfarms,,own-door,open,554 Westfarms Mall Space B219,Farmington,CT,06032,(860) 561-4360,,https://bananarepublic.gap.com/stores/ct/farmington/banana-republic-8013.html,brand-stated: locator store-type tag (non-Factory),,,2026-09-05,banana_republic_classified_2026-09-05.csv
Banana Republic,MILFORD MARKETPLACE,,own-door,open,1650 Boston Post Road,Milford,CT,06460,(203) 878-7630,,https://bananarepublic.gap.com/stores/ct/milford/banana-republic-8070.html,brand-stated: locator store-type tag (non-Factory),,,2026-09-05,banana_republic_classified_2026-09-05.csv
Banana Republic,Aventura,,own-door,open,19501 Biscayne Blvd,Aventura,FL,33180,(305) 933-4722,,https://bananarepublic.gap.com/stores/fl/aventura/banana-republic-8254.html,brand-stated: locator store-type tag (non-Factory),,,2026-09-05,banana_republic_classified_2026-09-05.csv
Banana Republic,Shops @ Merrick Park,,own-door,open,350 San Lorenzo Ave,Coral Gables,FL,33146,(305) 448-9263,,https://bananarepublic.gap.com/stores/fl/coral-gables/banana-republic-6764.html,brand-stated: locator store-type tag (non-Factory),,,2026-09-05,banana_republic_classified_2026-09-05.csv
Banana Republic,GALL @ FT LAUDERDALE,,own-door,open,2584 East Sunrise Blvd Space J18,Ft Lauderdale,FL,33304,(954) 564-5880,,https://bananarepublic.gap.com/stores/fl/ft-lauderdale/banana-republic-8094.html,brand-stated: locator store-type tag (non-Factory),,,2026-09-05,banana_republic_classified_2026-09-05.csv
Banana Republic,ST JOHN'S T/C,,own-door,open,4711 River City Drive Suite 131,Jacksonville,FL,32246,(904) 996-2494,,https://bananarepublic.gap.com/stores/fl/jacksonville/banana-republic-3167.html,brand-stated: locator store-type tag (non-Factory),,,2026-09-05,banana_republic_classified_2026-09-05.csv
Banana Republic,Dadeland,,own-door,open,7535 N Kendall Drive Ste 1670a,Miami,FL,33156,(305) 661-8335,,https://bananarepublic.gap.com/stores/fl/miami/banana-republic-8427.html,brand-stated: locator store-type tag (non-Factory),,,2026-09-05,banana_republic_classified_2026-09-05.csv
Banana Republic,MALL@ MILLENIA,,own-door,open,4200 Conroy Road F147,Orlando,FL,32839,(407) 226-8640,,https://bananarepublic.gap.com/stores/fl/orlando/banana-republic-3145.html,brand-stated: locator store-type tag (non-Factory),,,2026-09-05,banana_republic_classified_2026-09-05.csv
Banana Republic,Gardens (The),,own-door,open,3101 Pga Blvd Space Q217,Palm Beach Gardens,FL,33410,(561) 624-4495,,https://bananarepublic.gap.com/stores/fl/palm-beach-gardens/banana-republic-8193.html,brand-stated: locator store-type tag (non-Factory),,,2026-09-05,banana_republic_classified_2026-09-05.csv
Banana Republic,Shops @ Pembroke Gar,,own-door,open,14561 Sw 5th Street,Pembroke Pines,FL,33027,(954) 447-1105,,https://bananarepublic.gap.com/stores/fl/pembroke-pines/banana-republic-8243.html,brand-stated: locator store-type tag (non-Factory),,,2026-09-05,banana_republic_classified_2026-09-05.csv
Banana Republic,AVALON,,own-door,open,6110 Avalon Blvd,Alpharetta,GA,30009,(678) 389-4208,,https://bananarepublic.gap.com/stores/ga/alpharetta/banana-republic-5103.html,brand-stated: locator store-type tag (non-Factory),,,2026-09-05,banana_republic_classified_2026-09-05.csv
Banana Republic,Lenox Square,,own-door,open,3393 Peachtree Rd Ne Space 3001,Atlanta,GA,30326,(404) 231-4905,,https://bananarepublic.gap.com/stores/ga/atlanta/banana-republic-8078.html,brand-stated: locator store-type tag (non-Factory),,,2026-09-05,banana_republic_classified_2026-09-05.csv
Banana Republic,AVENUE AT EAST COBB,,own-door,open,4475 Roswell Road Suite 920,Marietta,GA,30062,(678) 560-0597,,https://bananarepublic.gap.com/stores/ga/marietta/banana-republic-8461.html,brand-stated: locator store-type tag (non-Factory),,,2026-09-05,banana_republic_classified_2026-09-05.csv
Banana Republic,Forum On Peachtree,,own-door,open,5145 Peachtree Parkway Base #450,Norcross,GA,30092,(770) 416-0493,,https://bananarepublic.gap.com/stores/ga/norcross/banana-republic-8005.html,brand-stated: locator store-type tag (non-Factory),,,2026-09-05,banana_republic_classified_2026-09-05.csv
Banana Republic,TELFAIR BUILDING,,own-door,open,121 W Broughton St,Savannah,GA,31401,(912) 447-8473,,https://bananarepublic.gap.com/stores/ga/savannah/banana-republic-7654.html,brand-stated: locator store-type tag (non-Factory),,,2026-09-05,banana_republic_classified_2026-09-05.csv
Banana Republic,INT'L MARKET PLACE,,own-door,open,2330 Kalakaua Avenue Space No. 266,Honolulu,HI,96815,(808) 892-2830,,https://bananarepublic.gap.com/stores/hi/honolulu/banana-republic-2174.html,brand-stated: locator store-type tag (non-Factory),,,2026-09-05,banana_republic_classified_2026-09-05.csv
Banana Republic,SHOPS AT WAILEA,,own-door,open,"3750 Wailea Alanui Drive Building 4, Space A-47",Wailea,HI,96753,(808) 646-6699,,https://bananarepublic.gap.com/stores/hi/wailea/banana-republic-8480.html,brand-stated: locator store-type tag (non-Factory),,,2026-09-05,banana_republic_classified_2026-09-05.csv
Banana Republic,Boise T/Sq,,own-door,open,350 N Milwaukee Street Ste 1139,Boise,ID,83704,(208) 321-0995,,https://bananarepublic.gap.com/stores/id/boise/banana-republic-8486.html,brand-stated: locator store-type tag (non-Factory),,,2026-09-05,banana_republic_classified_2026-09-05.csv
Banana Republic,Deer Park,,own-door,open,20530 N Rand Rd Ste 210,Deer Park,IL,60010,(847) 726-4303,,https://bananarepublic.gap.com/stores/il/deer-park/banana-republic-8568.html,brand-stated: locator store-type tag (non-Factory),,,2026-09-05,banana_republic_classified_2026-09-05.csv
Banana Republic,GENEVA COMMONS,,own-door,open,226 Commons Drive 2050,Geneva,IL,60134,(630) 232-4281,,https://bananarepublic.gap.com/stores/il/geneva/banana-republic-3139.html,brand-stated: locator store-type tag (non-Factory),,,2026-09-05,banana_republic_classified_2026-09-05.csv
Banana Republic,Oakbrook Center,,own-door,open,49 Oakbrook Center,Oak Brook,IL,60523,(331) 227-6690,,https://bananarepublic.gap.com/stores/il/oak-brook/banana-republic-8176.html,brand-stated: locator store-type tag (non-Factory),,,2026-09-05,banana_republic_classified_2026-09-05.csv
Banana Republic,Old Orchard S/C,,own-door,open,4999 Old Orchard #l14 Space F088,Skokie,IL,60077,(847) 675-0455,,https://bananarepublic.gap.com/stores/il/skokie/banana-republic-8173.html,brand-stated: locator store-type tag (non-Factory),,,2026-09-05,banana_republic_classified_2026-09-05.csv
Banana Republic,FASHION MALL@KEYSTNE,,own-door,open,8701 Keystone At The Crossing Space 47-50,Indianapolis,IN,46240,(317) 844-4634,,https://bananarepublic.gap.com/stores/in/indianapolis/banana-republic-8177.html,brand-stated: locator store-type tag (non-Factory),,,2026-09-05,banana_republic_classified_2026-09-05.csv
Banana Republic,TOWN CENTER PLAZA,,own-door,open,4852 W 119th Street,Leawood,KS,66209,(913) 338-5767,,https://bananarepublic.gap.com/stores/ks/leawood/banana-republic-8297.html,brand-stated: locator store-type tag (non-Factory),,,2026-09-05,banana_republic_classified_2026-09-05.csv
Banana Republic,PADDOCK SHOPS,,own-door,open,4226 Summit Plaza Dr Suite B6,Louisville,KY,40241,(502) 327-7169,,https://bananarepublic.gap.com/stores/ky/louisville/banana-republic-7690.html,brand-stated: locator store-type tag (non-Factory),,,2026-09-05,banana_republic_classified_2026-09-05.csv
Banana Republic,T/C @ CEDAR LODGE,,own-door,open,2373 Towne Center Blvd,Baton Rouge,LA,70806,(225) 216-2143,,https://bananarepublic.gap.com/stores/la/baton-rouge/banana-republic-8529.html,brand-stated: locator store-type tag (non-Factory),,,2026-09-05,banana_republic_classified_2026-09-05.csv
Banana Republic,CANAL PLACE,,own-door,open,333 Canal Street Ste 102,New Orleans,LA,70130,(504) 581-2478,,https://bananarepublic.gap.com/stores/la/new-orleans/banana-republic-8473.html,brand-stated: locator store-type tag (non-Factory),,,2026-09-05,banana_republic_classified_2026-09-05.csv
Banana Republic,Copley Place,,own-door,open,100 Huntington Avenue Space F1,Boston,MA,02116,(617) 424-7817,,https://bananarepublic.gap.com/stores/ma/boston/banana-republic-8138.html,brand-stated: locator store-type tag (non-Factory),,,2026-09-05,banana_republic_classified_2026-09-05.csv
Banana Republic,BURLINGTON MALL - MA,,own-door,open,75 Middlesex Turpike Suite 2052,Burlington,MA,01803,(781) 229-0332,,https://bananarepublic.gap.com/stores/ma/burlington/banana-republic-8108.html,brand-stated: locator store-type tag (non-Factory),,,2026-09-05,banana_republic_classified_2026-09-05.csv
Banana Republic,Legacy Place,,own-door,open,532 Legacy Place,Dedham,MA,02026,(781) 326-4117,,https://bananarepublic.gap.com/stores/ma/dedham/banana-republic-8330.html,brand-stated: locator store-type tag (non-Factory),,,2026-09-05,banana_republic_classified_2026-09-05.csv
Banana Republic,Natick Mall,,own-door,open,1245 Worcester Street Ste1082,Natick,MA,01760,(508) 653-2333,,https://bananarepublic.gap.com/stores/ma/natick/banana-republic-8104.html,brand-stated: locator store-type tag (non-Factory),,,2026-09-05,banana_republic_classified_2026-09-05.csv
Banana Republic,WISCONSIN/CHEVY CHAS,,own-door,open,5430 Wisconsin Ave Space #2230,Chevy Chase,MD,20815,(301) 907-7740,,https://bananarepublic.gap.com/stores/md/chevy-chase/banana-republic-8196.html,brand-stated: locator store-type tag (non-Factory),,,2026-09-05,banana_republic_classified_2026-09-05.csv
Banana Republic,COLUMBIA MALL - MD,,own-door,open,10300 Little Patuxent Pkwy Ste 2030,Columbia,MD,21044,(443) 319-1705,,https://bananarepublic.gap.com/stores/md/columbia/banana-republic-8563.html,brand-stated: locator store-type tag (non-Factory),,,2026-09-05,banana_republic_classified_2026-09-05.csv
Banana Republic,MAINE MALL,,own-door,open,364 Maine Mall Road,South Portland,ME,04106,(207) 775-0720,,https://bananarepublic.gap.com/stores/me/south-portland/banana-republic-3189.html,brand-stated: locator store-type tag (non-Factory),,,2026-09-05,banana_republic_classified_2026-09-05.csv
Banana Republic,Twelve Oaks,,own-door,open,27964 Novi Road Space #e219,Novi,MI,48377,(248) 344-4060,,https://bananarepublic.gap.com/stores/mi/novi/banana-republic-8033.html,brand-stated: locator store-type tag (non-Factory),,,2026-09-05,banana_republic_classified_2026-09-05.csv
Banana Republic,VILLAGE ROCHESTER,,own-door,open,244 N Adams Road D244,Rochester Hills,MI,48309,(248) 375-5745,,https://bananarepublic.gap.com/stores/mi/rochester-hills/banana-republic-3049.html,brand-stated: locator store-type tag (non-Factory),,,2026-09-05,banana_republic_classified_2026-09-05.csv
Banana Republic,Mall of America,,own-door,open,114 South Avenue,Bloomington,MN,55425,(952) 697-9907,,https://bananarepublic.gap.com/stores/mn/bloomington/banana-republic-5019.html,brand-stated: locator store-type tag (non-Factory),,,2026-09-05,banana_republic_classified_2026-09-05.csv
Banana Republic,SOUTHDALE CENTER,,own-door,open,1060 Southdale Ctr,Edina,MN,55435,(952) 922-5070,,https://bananarepublic.gap.com/stores/mn/edina/banana-republic-8159.html,brand-stated: locator store-type tag (non-Factory),,,2026-09-05,banana_republic_classified_2026-09-05.csv
Banana Republic,Cntry Club Plaza-MO,,own-door,open,450 W. 47th Street,Kansas City,MO,64112,(816) 753-1157,,https://bananarepublic.gap.com/stores/mo/kansas-city/banana-republic-8154.html,brand-stated: locator store-type tag (non-Factory),,,2026-09-05,banana_republic_classified_2026-09-05.csv
Banana Republic,St Louis Galleria,,own-door,open,1456 Saint Louis Galleria,Richmond Heights,MO,63117,(314) 721-0075,,https://bananarepublic.gap.com/stores/mo/richmond-heights/banana-republic-8178.html,brand-stated: locator store-type tag (non-Factory),,,2026-09-05,banana_republic_classified_2026-09-05.csv
Banana Republic,WEST COUNTY CENTER,,own-door,open,32 West County Center Spc 1090,St Louis,MO,63131,(314) 965-1970,,https://bananarepublic.gap.com/stores/mo/st-louis/banana-republic-6773.html,brand-stated: locator store-type tag (non-Factory),,,2026-09-05,banana_republic_classified_2026-09-05.csv
Banana Republic,Blakeney Park,,own-door,open,9812 Rea Road Suite D,Charlotte,NC,28277,(704) 544-0656,,https://bananarepublic.gap.com/stores/nc/charlotte/banana-republic-8488.html,brand-stated: locator store-type tag (non-Factory),,,2026-09-05,banana_republic_classified_2026-09-05.csv
Banana Republic,Streets @ Southpoint,,own-door,open,6910 Fayetteville Road Ste 1340,Durham,NC,27713,(919) 361-4224,,https://bananarepublic.gap.com/stores/nc/durham/banana-republic-7696.html,brand-stated: locator store-type tag (non-Factory),,,2026-09-05,banana_republic_classified_2026-09-05.csv
Banana Republic,CRABTREE VALLEY,,own-door,open,4325 Glenwood Ave Ste 240,Raleigh,NC,27612,(919) 571-7379,,https://bananarepublic.gap.com/stores/nc/raleigh/banana-republic-8146.html,brand-stated: locator store-type tag (non-Factory),,,2026-09-05,banana_republic_classified_2026-09-05.csv
Banana Republic,MAYFAIRE TOWN CENTER,,own-door,open,6841 Main Street,Wilmington,NC,28405,(910) 256-3091,,https://bananarepublic.gap.com/stores/nc/wilmington/banana-republic-8092.html,brand-stated: locator store-type tag (non-Factory),,,2026-09-05,banana_republic_classified_2026-09-05.csv
Banana Republic,VILLAGE POINTE,,own-door,open,17151 Davenport St Ste M115,Omaha,NE,68118,(402) 289-2926,,https://bananarepublic.gap.com/stores/ne/omaha/banana-republic-3187.html,brand-stated: locator store-type tag (non-Factory),,,2026-09-05,banana_republic_classified_2026-09-05.csv
Banana Republic,CHERRY HILL MALL,,own-door,open,2000 Route 38 Ste 1265,Cherry Hill,NJ,08002,(856) 662-8862,,https://bananarepublic.gap.com/stores/nj/cherry-hill/banana-republic-8117.html,brand-stated: locator store-type tag (non-Factory),,,2026-09-05,banana_republic_classified_2026-09-05.csv
Banana Republic,Streets of Chester,,own-door,open,270 Us-206,Chester,NJ,07930,(908) 879-1989,,https://bananarepublic.gap.com/stores/nj/chester/banana-republic-8007.html,brand-stated: locator store-type tag (non-Factory),,,2026-09-05,banana_republic_classified_2026-09-05.csv
Banana Republic,Shoppes @ Union Hill,,own-door,open,3056 State Route 10 Ste Q,Denville,NJ,07834,(973) 328-3558,,https://bananarepublic.gap.com/stores/nj/denville/banana-republic-3136.html,brand-stated: locator store-type tag (non-Factory),,,2026-09-05,banana_republic_classified_2026-09-05.csv
Banana Republic,Citypl@The Promenade,,own-door,open,225 River Rd Space A-4,Edgewater,NJ,07020,(201) 941-0877,,https://bananarepublic.gap.com/stores/nj/edgewater/banana-republic-8567.html,brand-stated: locator store-type tag (non-Factory),,,2026-09-05,banana_republic_classified_2026-09-05.csv
Banana Republic,MENLO PARK MALL,,own-door,open,519 Menlo Park 519,Edison,NJ,08837,(732) 549-8376,,https://bananarepublic.gap.com/stores/nj/edison/banana-republic-3036.html,brand-stated: locator store-type tag (non-Factory),,,2026-09-05,banana_republic_classified_2026-09-05.csv
Banana Republic,Garden State Plaza,,own-door,open,1 Garden State Plaza Space L1-2,Paramus,NJ,07652,(201) 291-0955,,https://bananarepublic.gap.com/stores/nj/paramus/banana-republic-8235.html,brand-stated: locator store-type tag (non-Factory),,,2026-09-05,banana_republic_classified_2026-09-05.csv
Banana Republic,MARKETFAIR,,own-door,open,3535 Us Highway 1 Ste 124,Princeton,NJ,08540,(609) 716-4618,,https://bananarepublic.gap.com/stores/nj/princeton/banana-republic-6768.html,brand-stated: locator store-type tag (non-Factory),,,2026-09-05,banana_republic_classified_2026-09-05.csv
Banana Republic,Brook 35 Plaza,,own-door,open,2150 Highway 35 Spaces E14-16,Sea Girt,NJ,08750,(732) 974-7720,,https://bananarepublic.gap.com/stores/nj/sea-girt/banana-republic-8554.html,brand-stated: locator store-type tag (non-Factory),,,2026-09-05,banana_republic_classified_2026-09-05.csv
Banana Republic,Grove (The),,own-door,open,559 Nj- 35,Shrewsbury,NJ,07702,(732) 530-1277,,https://bananarepublic.gap.com/stores/nj/shrewsbury/banana-republic-8167.html,brand-stated: locator store-type tag (non-Factory),,,2026-09-05,banana_republic_classified_2026-09-05.csv
Banana Republic,WILLOWBROOK - NJ,,own-door,open,1605 Willowbrook Mall Ste 1605,Wayne,NJ,07470,(973) 812-0394,,https://bananarepublic.gap.com/stores/nj/wayne/banana-republic-8137.html,brand-stated: locator store-type tag (non-Factory),,,2026-09-05,banana_republic_classified_2026-09-05.csv
Banana Republic,Central Av-Westfield,,own-door,open,137 Central Ave,Westfield,NJ,07090,(908) 301-1553,,https://bananarepublic.gap.com/stores/nj/westfield/banana-republic-8512.html,brand-stated: locator store-type tag (non-Factory),,,2026-09-05,banana_republic_classified_2026-09-05.csv
Banana Republic,TICE'S CORNER,,own-door,open,407 Chestnut Ridge Rd Ste 7,Woodcliff Lake,NJ,07677,(201) 476-1630,,https://bananarepublic.gap.com/stores/nj/woodcliff-lake/banana-republic-8474.html,brand-stated: locator store-type tag (non-Factory),,,2026-09-05,banana_republic_classified_2026-09-05.csv
Banana Republic,ABQ UPTOWN,,own-door,open,2240 Q Street Ne Suite 10a,Albuquerque,NM,87110,(505) 881-5074,,https://bananarepublic.gap.com/stores/nm/albuquerque/banana-republic-6932.html,brand-stated: locator store-type tag (non-Factory),,,2026-09-05,banana_republic_classified_2026-09-05.csv
Banana Republic,DOWNTOWN SUMMERLIN,,own-door,open,1875 Festival Plaza Drive Ste #120,Las Vegas,NV,89135,(702) 399-5462,,https://bananarepublic.gap.com/stores/nv/las-vegas/banana-republic-6937.html,brand-stated: locator store-type tag (non-Factory),,,2026-09-05,banana_republic_classified_2026-09-05.csv
Banana Republic,VENETIAN (THE),,own-door,open,3377 Las Vegas Blvd S Ste 2090,Las Vegas,NV,89109,(702) 733-1566,,https://bananarepublic.gap.com/stores/nv/las-vegas/banana-republic-8525.html,brand-stated: locator store-type tag (non-Factory),,,2026-09-05,banana_republic_classified_2026-09-05.csv
Banana Republic,Crossgates Mall,,own-door,open,1 Crossgates Mall Rd Space A-211,Albany,NY,12203,(518) 452-5973,,https://bananarepublic.gap.com/stores/ny/albany/banana-republic-8110.html,brand-stated: locator store-type tag (non-Factory),,,2026-09-05,banana_republic_classified_2026-09-05.csv
Banana Republic,ROOSEVELT FIELD,,own-door,open,630 Old Country Rd Ste 2047,Garden City,NY,11530,(516) 873-0452,,https://bananarepublic.gap.com/stores/ny/garden-city/banana-republic-8201.html,brand-stated: locator store-type tag (non-Factory),,,2026-09-05,banana_republic_classified_2026-09-05.csv
Banana Republic,World Trade Center,,own-door,open,101 Liberty St #1420,New York,NY,10006,(212) 233-1240,,https://bananarepublic.gap.com/stores/ny/new-york/banana-republic-6933.html,brand-stated: locator store-type tag (non-Factory),,,2026-09-05,banana_republic_classified_2026-09-05.csv
Banana Republic,FLATIRON,,own-door,open,105 5th Ave,New York,NY,10003,(212) 524-9050,,https://bananarepublic.gap.com/stores/ny/new-york/banana-republic-6374.html,brand-stated: locator store-type tag (non-Factory),,,2026-09-05,banana_republic_classified_2026-09-05.csv
Banana Republic,GRAND CENTRAL TERM,,own-door,open,107 E. 42nd Street,New York,NY,10017,(212) 490-3127,,https://bananarepublic.gap.com/stores/ny/new-york/banana-republic-8279.html,brand-stated: locator store-type tag (non-Factory),,,2026-09-05,banana_republic_classified_2026-09-05.csv
Banana Republic,Broadway @ Prince-NY,,own-door,open,552 556 Broadway,New York,NY,10012,(212) 925-0308,,https://bananarepublic.gap.com/stores/ny/new-york/banana-republic-8247.html,brand-stated: locator store-type tag (non-Factory),,,2026-09-05,banana_republic_classified_2026-09-05.csv
Banana Republic,Rockefeller Center,,own-door,open,626 5th Ave,New York,NY,10111,(212) 974-2350,,https://bananarepublic.gap.com/stores/ny/new-york/banana-republic-8470.html,brand-stated: locator store-type tag (non-Factory),,,2026-09-05,banana_republic_classified_2026-09-05.csv
Banana Republic,Vernon Hills,,own-door,open,700 Whiteplains Road Ste 729,Scarsdale,NY,10583,(914) 472-6607,,https://bananarepublic.gap.com/stores/ny/scarsdale/banana-republic-8115.html,brand-stated: locator store-type tag (non-Factory),,,2026-09-05,banana_republic_classified_2026-09-05.csv
Banana Republic,Eastview Mall,,own-door,open,135 Eastview Mall,Victor,NY,14564,(585) 223-9250,,https://bananarepublic.gap.com/stores/ny/victor/banana-republic-3152.html,brand-stated: locator store-type tag (non-Factory),,,2026-09-05,banana_republic_classified_2026-09-05.csv
Banana Republic,Rookwood Commons,,own-door,open,2667 Edmondson Road Space A11,Cincinnati,OH,45209,(513) 513-6665,,https://bananarepublic.gap.com/stores/oh/cincinnati/banana-republic-8537.html,brand-stated: locator store-type tag (non-Factory),,,2026-09-05,banana_republic_classified_2026-09-05.csv
Banana Republic,CROCKER PARK,,own-door,open,200 Market Street,Westlake,OH,44145,(440) 808-9235,,https://bananarepublic.gap.com/stores/oh/westlake/banana-republic-3043.html,brand-stated: locator store-type tag (non-Factory),,,2026-09-05,banana_republic_classified_2026-09-05.csv
Banana Republic,Utica Square,,own-door,open,1866 Utica Square,Tulsa,OK,74114,(918) 742-2068,,https://bananarepublic.gap.com/stores/ok/tulsa/banana-republic-8050.html,brand-stated: locator store-type tag (non-Factory),,,2026-09-05,banana_republic_classified_2026-09-05.csv
Banana Republic,Old Mill District,,own-door,open,545 Sw Powerhouse Dr 901,Bend,OR,97702,(541) 385-8734,,https://bananarepublic.gap.com/stores/or/bend/banana-republic-8532.html,brand-stated: locator store-type tag (non-Factory),,,2026-09-05,banana_republic_classified_2026-09-05.csv
Banana Republic,Streets Tanasbourne,,own-door,open,2070 Ne Allie Avenue #420,Hillsboro,OR,97124,(503) 629-3228,,https://bananarepublic.gap.com/stores/or/hillsboro/banana-republic-7692.html,brand-stated: locator store-type tag (non-Factory),,,2026-09-05,banana_republic_classified_2026-09-05.csv
Banana Republic,Shops@Saucon Valley,,own-door,open,2960 Center Valley Parkway Suite 722,Center Valley,PA,18034,(610) 791-7505,,https://bananarepublic.gap.com/stores/pa/center-valley/banana-republic-3179.html,brand-stated: locator store-type tag (non-Factory),,,2026-09-05,banana_republic_classified_2026-09-05.csv
Banana Republic,Ct @ King Of Prussia,,own-door,open,438 Mall Blvd,King Of Prussia,PA,19406,(610) 768-9007,,https://bananarepublic.gap.com/stores/pa/king-of-prussia/banana-republic-8181.html,brand-stated: locator store-type tag (non-Factory),,,2026-09-05,banana_republic_classified_2026-09-05.csv
Banana Republic,VALLEY SQUARE,,own-door,open,"1541 Main Street Building 3, Suite 301",Warrington,PA,18976,(215) 491-5943,,https://bananarepublic.gap.com/stores/pa/warrington/banana-republic-3194.html,brand-stated: locator store-type tag (non-Factory),,,2026-09-05,banana_republic_classified_2026-09-05.csv
Banana Republic,MALL OF SAN JUAN,,own-door,open,1000 Mall Of San Juan Blvd Ste 164,San Juan,PR,00924,(787) 758-6861,,https://bananarepublic.gap.com/stores/pr/san-juan/banana-republic-6935.html,brand-stated: locator store-type tag (non-Factory),,,2026-09-05,banana_republic_classified_2026-09-05.csv
Banana Republic,Plaza Las Americas,,own-door,open,525 Ave F D Roosevelt,San Juan,PR,00918,(787) 296-7100,,https://bananarepublic.gap.com/stores/pr/san-juan/banana-republic-8133.html,brand-stated: locator store-type tag (non-Factory),,,2026-09-05,banana_republic_classified_2026-09-05.csv
Banana Republic,Garden City Center,,own-door,open,72 Hillside Road,Cranston,RI,02920,(401) 942-0192,,https://bananarepublic.gap.com/stores/ri/cranston/banana-republic-1605.html,brand-stated: locator store-type tag (non-Factory),,,2026-09-05,banana_republic_classified_2026-09-05.csv
Banana Republic,Haywood,,own-door,open,700 Haywood Rd Space No. 1044,Greenville,SC,29607,(864) 458-7547,,https://bananarepublic.gap.com/stores/sc/greenville/banana-republic-8283.html,brand-stated: locator store-type tag (non-Factory),,,2026-09-05,banana_republic_classified_2026-09-05.csv
Banana Republic,BARTON CREEK,,own-door,open,2901 S Capital Of Texas Hwy Space B4,Austin,TX,78746,(512) 328-4484,,https://bananarepublic.gap.com/stores/tx/austin/banana-republic-8251.html,brand-stated: locator store-type tag (non-Factory),,,2026-09-05,banana_republic_classified_2026-09-05.csv
Banana Republic,HILL COUNTRY GALLERI,,own-door,open,12821 Hill Country Blvd Suite C2-120,Bee Cave,TX,78738,(512) 263-2386,,https://bananarepublic.gap.com/stores/tx/bee-cave/banana-republic-8993.html,brand-stated: locator store-type tag (non-Factory),,,2026-09-05,banana_republic_classified_2026-09-05.csv
Banana Republic,Dallas Galleria,,own-door,open,13350 Dallas Parkway Suite 2010,Dallas,TX,75240,(972) 776-4760,,https://bananarepublic.gap.com/stores/tx/dallas/banana-republic-8052.html,brand-stated: locator store-type tag (non-Factory),,,2026-09-05,banana_republic_classified_2026-09-05.csv
Banana Republic,NorthPark Center,,own-door,open,8687 North Central Expressway,Dallas,TX,75225,(214) 739-8577,,https://bananarepublic.gap.com/stores/tx/dallas/banana-republic-8151.html,brand-stated: locator store-type tag (non-Factory),,,2026-09-05,banana_republic_classified_2026-09-05.csv
Banana Republic,HIGHLAND VILLAGE MAR,,own-door,open,4141 Waller Creek Ste 150,Highland Village,TX,75077,(972) 317-1809,,https://bananarepublic.gap.com/stores/tx/highland-village/banana-republic-8318.html,brand-stated: locator store-type tag (non-Factory),,,2026-09-05,banana_republic_classified_2026-09-05.csv
Banana Republic,Rice Village,,own-door,open,2400 University Blvd Ste 110,Houston,TX,77005,(713) 523-4730,,https://bananarepublic.gap.com/stores/tx/houston/banana-republic-8140.html,brand-stated: locator store-type tag (non-Factory),,,2026-09-05,banana_republic_classified_2026-09-05.csv
Banana Republic,Memorial City Mall,,own-door,open,303 Memorial City Way Ste 750,Houston,TX,77024,(713) 932-0003,,https://bananarepublic.gap.com/stores/tx/houston/banana-republic-3750.html,brand-stated: locator store-type tag (non-Factory),,,2026-09-05,banana_republic_classified_2026-09-05.csv
Banana Republic,La Plaza,,own-door,open,2200 South 10th Street Ste M10,Mcallen,TX,78503,(956) 992-9634,,https://bananarepublic.gap.com/stores/tx/mcallen/banana-republic-7671.html,brand-stated: locator store-type tag (non-Factory),,,2026-09-05,banana_republic_classified_2026-09-05.csv
Banana Republic,LA CANTERA,,own-door,open,15900 La Cantera Parkway Space #2205,San Antonio,TX,78256,(210) 877-5260,,https://bananarepublic.gap.com/stores/tx/san-antonio/banana-republic-3160.html,brand-stated: locator store-type tag (non-Factory),,,2026-09-05,banana_republic_classified_2026-09-05.csv
Banana Republic,Quarry Crossing,,own-door,open,7322 Jones Maltsberger Road Ste 164,San Antonio,TX,78209,(210) 930-5083,,https://bananarepublic.gap.com/stores/tx/san-antonio/banana-republic-8597.html,brand-stated: locator store-type tag (non-Factory),,,2026-09-05,banana_republic_classified_2026-09-05.csv
Banana Republic,First Colony,,own-door,open,16535 Southwest Fwy Ste 720,Sugar Land,TX,77479,(281) 313-2222,,https://bananarepublic.gap.com/stores/tx/sugar-land/banana-republic-7656.html,brand-stated: locator store-type tag (non-Factory),,,2026-09-05,banana_republic_classified_2026-09-05.csv
Banana Republic,Woodlands Mall - TX,,own-door,open,1201 Lake Woodlands Dr. 3000,Woodlands,TX,77380,(281) 419-4968,,https://bananarepublic.gap.com/stores/tx/woodlands/banana-republic-8579.html,brand-stated: locator store-type tag (non-Factory),,,2026-09-05,banana_republic_classified_2026-09-05.csv
Banana Republic,City Creek - BR,,own-door,open,50 South Main Street Suite 263,Salt Lake City,UT,84101,(801) 363-1942,,https://bananarepublic.gap.com/stores/ut/salt-lake-city/banana-republic-4865.html,brand-stated: locator store-type tag (non-Factory),,,2026-09-05,banana_republic_classified_2026-09-05.csv
Banana Republic,FASHION CTR/PENTAGON,,own-door,open,1100 South Hayes Street Space F9 A,Arlington,VA,22202,(703) 418-2884,,https://bananarepublic.gap.com/stores/va/arlington/banana-republic-8183.html,brand-stated: locator store-type tag (non-Factory),,,2026-09-05,banana_republic_classified_2026-09-05.csv
Banana Republic,Short Pump T/C,,own-door,open,11800 West Broad St Space 1220,Richmond,VA,23233,(804) 360-0407,,https://bananarepublic.gap.com/stores/va/richmond/banana-republic-6754.html,brand-stated: locator store-type tag (non-Factory),,,2026-09-05,banana_republic_classified_2026-09-05.csv
Banana Republic,Tysons Corner Center,,own-door,open,7937 Tysons Corner Center,Tysons,VA,22102,(703) 893-0540,,https://bananarepublic.gap.com/stores/va/tysons/banana-republic-8083.html,brand-stated: locator store-type tag (non-Factory),,,2026-09-05,banana_republic_classified_2026-09-05.csv
Banana Republic,Brook's Drugs Bldg,,own-door,open,56 Church Street,Burlington,VT,05401,(802) 865-1230,,https://bananarepublic.gap.com/stores/vt/burlington/banana-republic-8106.html,brand-stated: locator store-type tag (non-Factory),,,2026-09-05,banana_republic_classified_2026-09-05.csv
Banana Republic,University Village,,own-door,open,4613 26th Ave Ne,Seattle,WA,98105,(206) 525-5560,,https://bananarepublic.gap.com/stores/wa/seattle/banana-republic-8291.html,brand-stated: locator store-type tag (non-Factory),,,2026-09-05,banana_republic_classified_2026-09-05.csv
Banana Republic,FOX RIVER,,own-door,open,4301 W Wisconsin Avenue,Appleton,WI,54913,(920) 380-1186,,https://bananarepublic.gap.com/stores/wi/appleton/banana-republic-7686.html,brand-stated: locator store-type tag (non-Factory),,,2026-09-05,banana_republic_classified_2026-09-05.csv
Banana Republic,Mayfair - WI,,own-door,open,2500 North Mayfair Road Space #020,Wauwatosa,WI,53226,(414) 476-2911,,https://bananarepublic.gap.com/stores/wi/wauwatosa/banana-republic-8443.html,brand-stated: locator store-type tag (non-Factory),,,2026-09-05,banana_republic_classified_2026-09-05.csv
Barbour,Barbour Georgetown,,own-door,open,3221 M Street NW,Washington,DC,20007,,,,,,,2026-09-04,barbour_classified_2026-09-04.csv
Barbour,Barbour Princeton,,own-door,open,67 Palmer Square West,Princeton,NJ,08542,(609) 454-3010,,,,,,2026-09-04,barbour_classified_2026-09-04.csv
Barbour,Barbour Madison Avenue,,own-door,open,1047 Madison Avenue,New York,NY,10021,,,,,,,2026-09-04,barbour_classified_2026-09-04.csv
Berluti,,,own-door,open,9533 Brighton Way,Beverly Hills,CA,90210,,,https://store.berluti.com/us,master store_type=standard (pre-recapture),,,2026-08-23,locations_2026-08-29.csv
Berluti,South Coast Plaza,,own-door,open,"3333 Bristol Street, Level 2",Costa Mesa,CA,92626,,South Coast Plaza,https://store.berluti.com/us,master store_type=standard (pre-recapture),,,2026-08-23,locations_2026-08-29.csv
Berluti,Miami Design District,,own-door,open,"140 NE 39th Street, Suite PC110",Miami,FL,33137,,Miami Design District,https://store.berluti.com/us,master store_type=standard (pre-recapture),,,2026-08-23,locations_2026-08-29.csv
Berluti,,,own-door,open,45 E 57th,New York,NY,10022,,,https://store.berluti.com/us,master store_type=standard (pre-recapture),,,2026-08-23,locations_2026-08-29.csv
Billy Reid,"Birmingham, AL",,own-door,open,2807 2nd Ave S,Birmingham,AL,35233,205-588-4533,,https://www.billyreid.com/pages/location/birmingham-al,brand-stated: Outlet state-group + name; RETAIL/CUSTOM view types,,,2026-09-05,billy_reid_classified_2026-09-05.csv
Billy Reid,"Florence, AL",,own-door,open,114 N. Court Street,Florence,AL,35630,256.767.4692,,https://www.billyreid.com/pages/location/florence-al,brand-stated: Outlet state-group + name; RETAIL/CUSTOM view types,,Phone published in dotted format ('256.767.4692') unlike every other door. Left verbatim.,2026-09-05,billy_reid_classified_2026-09-05.csv
Billy Reid,"Los Angeles, CA",,own-door,open,190 N Canon Drive Suite 208,Beverly Hills,CA,90210,646-878-9325,,https://www.billyreid.com/pages/location/los-angeles-ca,brand-stated: Outlet state-group + name; RETAIL/CUSTOM view types,Brand states: custom showroom with limited ready-to-wear stock.,"FORMAT STATED IN THE BRAND'S OWN WORDS, and city corrected. The hours field carries a footnote: 'This location is a custom showroom with limited ready to wear stock.' That is the clearest format statement anywhere in the set, and it is left verbatim in hours_today rather than moved, since the locator has no label field. Separately, the locator's own city field says 'Los Angeles' but the address block reads 190 N Canon Drive, Beverly Hills, CA 90210 — city taken from the address block per the brief, not from the label. Its phone, 646-878-9325, is a New York number shared with the New York custom showroom.",2026-09-05,billy_reid_classified_2026-09-05.csv
Billy Reid,"San Francisco, CA",,own-door,open,501 Jackson St.,San Francisco,CA,94111,415-634-9883,,https://www.billyreid.com/pages/location/san-francisco-ca,brand-stated: Outlet state-group + name; RETAIL/CUSTOM view types,,,2026-09-05,billy_reid_classified_2026-09-05.csv
Billy Reid,"Washington, D.C.",,own-door,open,2304 14th St NW,Washington,DC,20009,202-743-7609,,https://www.billyreid.com/pages/location/washington-dc,brand-stated: Outlet state-group + name; RETAIL/CUSTOM view types,,"state DERIVED as DC: the locator publishes no stateAbbr for this door and files it under a group called 'Washington D.C.'; the address block reads 'Washington, D.C. 20009'.",2026-09-05,billy_reid_classified_2026-09-05.csv
Billy Reid,"Atlanta, GA",,own-door,open,3029 Bolling Way NE,Atlanta,GA,30305,470-881-8532,,https://www.billyreid.com/pages/location/atlanta-ga,brand-stated: Outlet state-group + name; RETAIL/CUSTOM view types,,,2026-09-05,billy_reid_classified_2026-09-05.csv
Billy Reid,"Chicago, IL",,own-door,open,845 W. Randolph Street,Chicago,IL,60607,312-614-1503,,https://www.billyreid.com/pages/location/chicago-il-retail,brand-stated: Outlet state-group + name; RETAIL/CUSTOM view types,,"hours_today verbatim, including the source's 'Su (12pm-6pm)' typo for Sunday.",2026-09-05,billy_reid_classified_2026-09-05.csv
Billy Reid,"New Orleans, LA",,own-door,open,3927 Magazine Street,New Orleans,LA,70115,504-208-1200,,https://www.billyreid.com/pages/location/new-orleans-la,brand-stated: Outlet state-group + name; RETAIL/CUSTOM view types,,,2026-09-05,billy_reid_classified_2026-09-05.csv
Billy Reid,"Edina, MN",,own-door,open,3923 Market Street,Edina,MN,55424,763-330-1983,,https://www.billyreid.com/pages/location/edina-mn,brand-stated: Outlet state-group + name; RETAIL/CUSTOM view types,,,2026-09-05,billy_reid_classified_2026-09-05.csv
Billy Reid,"New York, NY",,own-door,open,276 5th Ave Suite 200,New York,NY,10001,646-878-9325,,https://www.billyreid.com/pages/location/new-york-ny-custom,brand-stated: Outlet state-group + name; RETAIL/CUSTOM view types,,"Second New York door and a custom showroom: same store_name as the Charles Street shop ('New York, NY') but a different address, different services and no retail-typed offering. Phone 646-878-9325 is shared with the Los Angeles custom showroom. Distinct door, not a duplicate.",2026-09-05,billy_reid_classified_2026-09-05.csv
Billy Reid,"New York, NY",,own-door,open,94 Charles Street,New York,NY,10014,646-461-6427,,https://www.billyreid.com/pages/location/new-york-ny,brand-stated: Outlet state-group + name; RETAIL/CUSTOM view types,,"Shares its store_name ('New York, NY') with the 5th Ave custom showroom row. Different address and different services; both are real doors.",2026-09-05,billy_reid_classified_2026-09-05.csv
Billy Reid,"Charleston, SC",,own-door,open,150 King Street,Charleston,SC,29401,843-577-3004,,https://www.billyreid.com/pages/location/charleston-sc,brand-stated: Outlet state-group + name; RETAIL/CUSTOM view types,,,2026-09-05,billy_reid_classified_2026-09-05.csv
Billy Reid,"Nashville, TN",,own-door,open,1200 Villa Place Suite 403,Nashville,TN,37212,615-292-2111,,https://www.billyreid.com/pages/location/nashville-tn,brand-stated: Outlet state-group + name; RETAIL/CUSTOM view types,,,2026-09-05,billy_reid_classified_2026-09-05.csv
Billy Reid,"Austin, TX",,own-door,open,1202 S. Congress Ave,Austin,TX,78704,512-354-1884,,https://www.billyreid.com/pages/location/austin-tx-retail,brand-stated: Outlet state-group + name; RETAIL/CUSTOM view types,,state DERIVED as TX: the locator publishes no stateAbbr for this door; taken from its address block.,2026-09-05,billy_reid_classified_2026-09-05.csv
Billy Reid,"Dallas, TX",,own-door,open,1902 N Henderson Ave.,Dallas,TX,75206,972-752-8278,,https://www.billyreid.com/pages/location/dallas-tx,brand-stated: Outlet state-group + name; RETAIL/CUSTOM view types,,,2026-09-05,billy_reid_classified_2026-09-05.csv
Bode,,,own-door,open,7007 Melrose Avenue,Los Angeles,CA,90038,,,https://bode.com/pages/bode-los-angeles,master store_type=standard (pre-recapture),,,2026-08-23,locations_2026-08-29.csv
Bode,,,own-door,open,58 Hester Street,New York,NY,10002,,,https://bode.com/pages/bode-mens,master store_type=standard (pre-recapture),,,2026-08-23,locations_2026-08-29.csv
Boggi Milano,Brickell City Center Shopping Mall,,own-door,open,"701 S. Miami Ave., suite 242B",Miami,FL,33130,305 413 5649,,https://www.boggi.com/en_US/storedetails?id=1341,brand-stated label: Boggi Street,,,2026-09-06,boggi_milano_classified_2026-09-06.csv
Boggi Milano,10 Columbus Circle,,own-door,open,10 Columbus Circle,New York,NY,10019,+1 646 893 1694,,https://www.boggi.com/en_US/storedetails?id=1323,brand-stated label: Boggi Street,,"The brand uses the street address itself as the store name. store_name is recorded verbatim as published, and street repeats it because that is what the brand publishes in both fields.",2026-09-06,boggi_milano_classified_2026-09-06.csv
Boggi Milano,115 Mercer Street,,own-door,open,115 Mercer Street,New York,NY,10012,+1 646 893 1690,,https://www.boggi.com/en_US/storedetails?id=1321,brand-stated label: Boggi Street,,"The brand uses the street address itself as the store name. store_name is recorded verbatim as published, and street repeats it because that is what the brand publishes in both fields.",2026-09-06,boggi_milano_classified_2026-09-06.csv
Boggi Milano,527 Madison Avenue,,own-door,open,527 Madison Avenue,New York,NY,10022,(+1) 646-893-1691,,https://www.boggi.com/en_US/storedetails?id=1322,brand-stated label: Boggi Street,,"The brand uses the street address itself as the store name. store_name is recorded verbatim as published, and street repeats it because that is what the brand publishes in both fields.",2026-09-06,boggi_milano_classified_2026-09-06.csv
Boglioli,,,own-door,open,10 Bond Street,New York,NY,10012,,,,master store_type=standard (pre-recapture),,,2026-08-23,locations_2026-08-29.csv
Bonobos,Scottsdale - Scottsdale Quarter,,own-door,open,"15257 N Scottsdale Rd, Suite F1-130",Scottsdale,AZ,85254,(480) 273-3687,,,,,,2026-09-04,bonobos_classified_2026-09-04.csv
Bonobos,Corte Madera - The Village,,own-door,open,"1630 Redwood Hwy, Suite D015",Corte Madera,CA,94925,(415) 945-9505,,,,,,2026-09-04,bonobos_classified_2026-09-04.csv
Bonobos,Los Angeles - Century City Mall,,own-door,open,"10250 Santa Monica Blvd, Space #1820",Los Angeles,CA,90067,(310) 595-5767,,,,,,2026-09-04,bonobos_classified_2026-09-04.csv
Bonobos,Sacramento - The Ice Blocks,,own-door,open,"1710 R St, Suite 140",Sacramento,CA,95811,(916) 441-1593,,,,,,2026-09-04,bonobos_classified_2026-09-04.csv
Bonobos,San Francisco - Cow Hollow,,own-door,open,1964 Union St.,San Francisco,CA,94123,(415) 265-9350,,,,,,2026-09-04,bonobos_classified_2026-09-04.csv
Bonobos,San Francisco - Union Square,,own-door,open,"55 Grant Avenue, Floor 2",San Francisco,CA,94108,(415) 283-4859,,,,,,2026-09-04,bonobos_classified_2026-09-04.csv
Bonobos,San Jose - Santana Row,,own-door,open,"334 Santana Row, Suite 1030",San Jose,CA,95128,(408) 701-7969,,,,,,2026-09-04,bonobos_classified_2026-09-04.csv
Bonobos,Walnut Creek - Broadway Plaza,,own-door,open,"142 Broadway Lane, Suite 1122",Walnut Creek,CA,94596,(925) 951-1301,,,,,,2026-09-04,bonobos_classified_2026-09-04.csv
Bonobos,Boulder - Twenty Ninth Street,,own-door,open,"1810 29th St, Space #1027 (1st floor)",Boulder,CO,80301,(720) 739-3805,,,,,,2026-09-04,bonobos_classified_2026-09-04.csv
Bonobos,Denver - Cherry Creek North,,own-door,open,105 Fillmore St,Denver,CO,80206,(720) 415-7103,,,,,,2026-09-04,bonobos_classified_2026-09-04.csv
Bonobos,Greenwich - Greenwich Ave,,own-door,open,53 Greenwich Ave,Greenwich,CT,06830,(203) 903-7458,,,,,,2026-09-04,bonobos_classified_2026-09-04.csv
Bonobos,D.C. - The Shay,,own-door,open,"1924 8th Street NW, Suite 123",Washington,DC,20001,(202) 868-1210,,,,,,2026-09-04,bonobos_classified_2026-09-04.csv
Bonobos,Georgetown - Cady's Alley,,own-door,open,3320 Cady's Alley,Washington,DC,20007,(202) 333-7949,,,,,,2026-09-04,bonobos_classified_2026-09-04.csv
Bonobos,Tampa - Hyde Park Village,,own-door,open,1612 West Snow Avenue,Tampa,FL,33606,(813) 251-2021,,,,,,2026-09-04,bonobos_classified_2026-09-04.csv
Bonobos,Alpharetta - Avalon Mall,,own-door,open,5115 Avalon Blvd,Alpharetta,GA,30009,(678) 699-9613,,,,,,2026-09-04,bonobos_classified_2026-09-04.csv
Bonobos,Buckhead - Buckhead Village District,,own-door,open,3021 Bolling Way NE,Atlanta,GA,30305,(678) 215-1617,,,,,,2026-09-04,bonobos_classified_2026-09-04.csv
Bonobos,Chicago - Southport,,own-door,open,3434 N. Southport,Chicago,IL,60657,(773) 558-3118,,,,,,2026-09-04,bonobos_classified_2026-09-04.csv
Bonobos,Chicago - Lincoln Park,,own-door,open,845 W. Armitage Avenue,Chicago,IL,60614,(773) 697-4910,,,,,,2026-09-04,bonobos_classified_2026-09-04.csv
Bonobos,Chicago - 900 Shops,,own-door,open,900 North Michigan Ave,Chicago,IL,60611,(312) 833-9149,,,,,,2026-09-04,bonobos_classified_2026-09-04.csv
Bonobos,Chicago - Woodfield Mall,,own-door,open,117 Woodfield Mall,Schaumburg,IL,60173,(224) 345-4470,,,,,,2026-09-04,bonobos_classified_2026-09-04.csv
Bonobos,Indianapolis - The Fashion Mall at Keystone Crossing,,own-door,open,"8702 Keystone Crossing, #153B",Indianapolis,IN,46240,(317) 975-2984,,,,,,2026-09-04,bonobos_classified_2026-09-04.csv
Bonobos,Boston - Seaport,,own-door,open,54 Seaport Boulevard,Boston,MA,02210,(617) 507-9835,,,,,,2026-09-04,bonobos_classified_2026-09-04.csv
Bonobos,Boston Prudential Center,,own-door,open,"800 Boylston Street, 2nd level",Boston,MA,02199,(617) 405-0856,,,,,,2026-09-04,bonobos_classified_2026-09-04.csv
Bonobos,Hingham - Derby Street,,own-door,open,"94 Derby St, Suite 209",Hingham,MA,02043,(781) 749-4010,,,,,,2026-09-04,bonobos_classified_2026-09-04.csv
Bonobos,Baltimore - Harbor East,,own-door,open,"840 Aliceanna St, Space #655C",Baltimore,MD,21202,(443) 682-8965,,,,,,2026-09-04,bonobos_classified_2026-09-04.csv
Bonobos,Bethesda - Bethesda Row,,own-door,open,4836 Bethesda Avenue,Bethesda,MD,20814,(301) 986-7949,,,,,,2026-09-04,bonobos_classified_2026-09-04.csv
Bonobos,Detroit - Woodward Ave,,own-door,open,1417 Woodward Ave,Detroit,MI,48226,(313) 938-0130,,,,,,2026-09-04,bonobos_classified_2026-09-04.csv
Bonobos,Minneapolis - North Loop,,own-door,open,"125 Washington Ave. North, Suite 125A",Minneapolis,MN,55401,(612) 258-1150,,,,,,2026-09-04,bonobos_classified_2026-09-04.csv
Bonobos,St. Louis - Maryland Plaza,,own-door,open,52 Maryland Plaza,St. Louis,MO,63108,(314) 365-2366,,,,,,2026-09-04,bonobos_classified_2026-09-04.csv
Bonobos,Charlotte - Atherton Mill,,own-door,open,"2120 South Blvd, Suite 2",Charlotte,NC,28203,(980) 219-8122,,,,,,2026-09-04,bonobos_classified_2026-09-04.csv
Bonobos,Raleigh - North Hills,,own-door,open,"4321 Lassiter at North Hills Ave, #115",Raleigh,NC,27609,(984) 200-6009,,,,,,2026-09-04,bonobos_classified_2026-09-04.csv
Bonobos,Brooklyn - Cobble Hill,,own-door,open,173 Court Street,Brooklyn,NY,11201,(718) 928-8299,,,,,,2026-09-04,bonobos_classified_2026-09-04.csv
Bonobos,New York City - Brookfield Place,,own-door,open,"250 Vesey Street, Suite 213",New York,NY,10281,(646) 734-1108,,,,,,2026-09-04,bonobos_classified_2026-09-04.csv
Bonobos,New York City - Soho,,own-door,open,35 Crosby St,New York,NY,10013,(212) 343-4235,,,,,,2026-09-04,bonobos_classified_2026-09-04.csv
Bonobos,New York City - Madison Ave,,own-door,open,"488 Madison Ave, Suite 99",New York,NY,10022,(646) 939-7834,,,,,,2026-09-04,bonobos_classified_2026-09-04.csv
Bonobos,White Plains - The Westchester,,own-door,open,125 Westchester Avenue,White Plains,NY,10601,(914) 306-8064,,,,,,2026-09-04,bonobos_classified_2026-09-04.csv
Bonobos,Portland - West End,,own-door,open,415 SW 13th Ave,Portland,OR,97205,(503) 577-9305,,,,,,2026-09-04,bonobos_classified_2026-09-04.csv
Bonobos,Philadelphia - King of Prussia Mall,,own-door,open,"350 Mall Blvd., Suite 3036",King of Prussia,PA,19406,(610) 715-7311,,,,,,2026-09-04,bonobos_classified_2026-09-04.csv
Bonobos,Nashville - The Hill,,own-door,open,4017 Hillsboro Pike,Nashville,TN,37215,(615) 517-2282,,,,,,2026-09-04,bonobos_classified_2026-09-04.csv
Bonobos,Austin - The Domain Northside,,own-door,open,"11700 Domain Blvd, Suite 110",Austin,TX,78758,(512) 595-4502,,,,,,2026-09-04,bonobos_classified_2026-09-04.csv
Bonobos,Austin - 2nd Street,,own-door,open,436 W 2nd Street,Austin,TX,78701,(512) 243-6206,,,,,,2026-09-04,bonobos_classified_2026-09-04.csv
Bonobos,Dallas - Knox Henderson,,own-door,open,1901 N. Henderson Avenue,Dallas,TX,75206,(469) 334-0661,,,,,,2026-09-04,bonobos_classified_2026-09-04.csv
Bonobos,Houston - Highland Village,,own-door,open,4086 Westheimer Road,Houston,TX,77027,(713) 338-1547,,,,,,2026-09-04,bonobos_classified_2026-09-04.csv
Bonobos,Plano - Legacy West,,own-door,open,"7701 Windrose Ave, Suite F-160",Plano,TX,75024,(469) 990-4625,,,,,,2026-09-04,bonobos_classified_2026-09-04.csv
Bonobos,Arlington - Pentagon City,,own-door,open,1100 S. Hayes St.,Arlington,VA,22202,(571) 483-0922,,,,,,2026-09-04,bonobos_classified_2026-09-04.csv
Bonobos,McLean - Tysons Galleria,,own-door,open,"2001 International Drive, Space #1412",McLean,VA,22102,(703) 344-1073,,,,,,2026-09-04,bonobos_classified_2026-09-04.csv
Bonobos,Seattle - University Village,,own-door,open,2628 NE University Village Street,Seattle,WA,98105,(206) 316-0588,,,,,,2026-09-04,bonobos_classified_2026-09-04.csv
Bottega Veneta,,,own-door,open,7014 East Camelback Road,Scottsdale,AZ,85251,,,https://www.bottegaveneta.com/en-us/store-locator,master store_type=standard (pre-recapture),,,2026-08-23,locations_2026-08-29.csv
Bottega Veneta,,,own-door,open,320 North Rodeo Drive,Beverly Hills,CA,90210,,,https://www.bottegaveneta.com/en-us/store-locator,master store_type=standard (pre-recapture),,,2026-08-23,locations_2026-08-29.csv
Bottega Veneta,,,own-door,open,Ocean Ave & Mission Street,Carmel-By-The-Sea,CA,93923,,,https://www.bottegaveneta.com/en-us/store-locator,master store_type=standard (pre-recapture),,,2026-08-23,locations_2026-08-29.csv
Bottega Veneta,,,own-door,open,3333 Bristol Street Suite 2207,Costa Mesa,CA,92626,,,https://www.bottegaveneta.com/en-us/store-locator,master store_type=standard (pre-recapture),,,2026-08-23,locations_2026-08-29.csv
Bottega Veneta,,,own-door,open,6600 Topanga Canyon Boulevard,Los Angeles,CA,91303,,,https://www.bottegaveneta.com/en-us/store-locator,master store_type=standard (pre-recapture),,,2026-08-23,locations_2026-08-29.csv
Bottega Veneta,,,own-door,open,8445 Melrose Place,Los Angeles,CA,90069,,,https://www.bottegaveneta.com/en-us/store-locator,master store_type=standard (pre-recapture),,,2026-08-23,locations_2026-08-29.csv
Bottega Veneta,,,own-door,open,889 Americana Way,Los Angeles,CA,91210,,,https://www.bottegaveneta.com/en-us/store-locator,master store_type=standard (pre-recapture),,,2026-08-23,locations_2026-08-29.csv
Bottega Veneta,,,own-door,open,73-585 El Paseo,Palm Desert,CA,92260,,,https://www.bottegaveneta.com/en-us/store-locator,master store_type=standard (pre-recapture),,,2026-08-23,locations_2026-08-29.csv
Bottega Veneta,,,own-door,open,"7007 Friars Road, Space 329A",San Diego,CA,92108,,,https://www.bottegaveneta.com/en-us/store-locator,master store_type=standard (pre-recapture),,,2026-08-23,locations_2026-08-29.csv
Bottega Veneta,,,own-door,open,124 Geary Street,San Francisco,CA,94108,,,https://www.bottegaveneta.com/en-us/store-locator,master store_type=standard (pre-recapture),,,2026-08-23,locations_2026-08-29.csv
Bottega Veneta,,,own-door,open,1759 South Jameson Lane,Santa Barbara,CA,93108,,,https://www.bottegaveneta.com/en-us/store-locator,master store_type=standard (pre-recapture),,,2026-08-23,locations_2026-08-29.csv
Bottega Veneta,,,own-door,open,428 East Hyman Avenue,Aspen,CO,81611,,,https://www.bottegaveneta.com/en-us/store-locator,master store_type=standard (pre-recapture),,,2026-08-23,locations_2026-08-29.csv
Bottega Veneta,,,own-door,open,"135 Northeast 41st Street, Space 113",Miami,FL,33137,,,https://www.bottegaveneta.com/en-us/store-locator,master store_type=standard (pre-recapture),,,2026-08-23,locations_2026-08-29.csv
Bottega Veneta,,,own-door,open,9700 Collins Avenue,Miami,FL,33154,,,https://www.bottegaveneta.com/en-us/store-locator,master store_type=standard (pre-recapture),,,2026-08-23,locations_2026-08-29.csv
Bottega Veneta,,,own-door,open,"70 Royal Poinciana Way, P20",Palm Beach,FL,33480,,,https://www.bottegaveneta.com/en-us/store-locator,master store_type=standard (pre-recapture),,,2026-08-23,locations_2026-08-29.csv
Bottega Veneta,,,own-door,open,3500 Peachtree Road Northeast,Atlanta,GA,30326,,,https://www.bottegaveneta.com/en-us/store-locator,master store_type=standard (pre-recapture),,,2026-08-23,locations_2026-08-29.csv
Bottega Veneta,,,own-door,open,1450 Ala Moana Boulevard,Honolulu,HI,96814,,,https://www.bottegaveneta.com/en-us/store-locator,master store_type=standard (pre-recapture),,,2026-08-23,locations_2026-08-29.csv
Bottega Veneta,,,own-door,open,2122 Kalakaua Avenue,Honolulu,HI,96815,,,https://www.bottegaveneta.com/en-us/store-locator,master store_type=standard (pre-recapture),,,2026-08-23,locations_2026-08-29.csv
Bottega Veneta,,,own-door,open,3750 Wailea Alanui Drive,Wailea,HI,96753,,,https://www.bottegaveneta.com/en-us/store-locator,master store_type=standard (pre-recapture),,,2026-08-23,locations_2026-08-29.csv
Bottega Veneta,,,own-door,open,41 East Oak Street,Chicago,IL,60611,,,https://www.bottegaveneta.com/en-us/store-locator,master store_type=standard (pre-recapture),,,2026-08-23,locations_2026-08-29.csv
Bottega Veneta,,,own-door,open,310 Boylston Street,Boston,MA,02116,,,https://www.bottegaveneta.com/en-us/store-locator,master store_type=standard (pre-recapture),,,2026-08-23,locations_2026-08-29.csv
Bottega Veneta,,,own-door,open,1200 Morris Turnpike,Short Hills,NJ,07078,,,https://www.bottegaveneta.com/en-us/store-locator,master store_type=standard (pre-recapture),,,2026-08-23,locations_2026-08-29.csv
Bottega Veneta,,,own-door,open,2779 South Las Vegas Boulevard,Las Vegas,NV,89109,,,https://www.bottegaveneta.com/en-us/store-locator,master store_type=standard (pre-recapture),,,2026-08-23,locations_2026-08-29.csv
Bottega Veneta,,,own-door,open,3131 South Las Vegas Boulevard,Las Vegas,NV,89109,,,https://www.bottegaveneta.com/en-us/store-locator,master store_type=standard (pre-recapture),,,2026-08-23,locations_2026-08-29.csv
Bottega Veneta,,,own-door,open,3600 South Las Vegas Boulevard,Las Vegas,NV,89109,,,https://www.bottegaveneta.com/en-us/store-locator,master store_type=standard (pre-recapture),,,2026-08-23,locations_2026-08-29.csv
Bottega Veneta,,,own-door,open,3720 South Las Vegas Boulevard,Las Vegas,NV,89158,,,https://www.bottegaveneta.com/en-us/store-locator,master store_type=standard (pre-recapture),,,2026-08-23,locations_2026-08-29.csv
Bottega Veneta,,,own-door,open,2112/2114 Northern Boulevard,Manhasset,NY,11030,,,https://www.bottegaveneta.com/en-us/store-locator,master store_type=standard (pre-recapture),,,2026-08-23,locations_2026-08-29.csv
Bottega Veneta,,,own-door,open,101 Greene Street,New York City,NY,10012,,,https://www.bottegaveneta.com/en-us/store-locator,master store_type=standard (pre-recapture),,,2026-08-23,locations_2026-08-29.csv
Bottega Veneta,,,own-door,open,58 Gansevoort Street,New York City,NY,10014,,,https://www.bottegaveneta.com/en-us/store-locator,master store_type=standard (pre-recapture),,,2026-08-23,locations_2026-08-29.csv
Bottega Veneta,,,own-door,open,740 Madison Avenue,New York City,NY,10065,,,https://www.bottegaveneta.com/en-us/store-locator,master store_type=standard (pre-recapture),,,2026-08-23,locations_2026-08-29.csv
Bottega Veneta,,,own-door,open,"740 Madison Avenue, 5th Floor",New York City,NY,10065,,,https://www.bottegaveneta.com/en-us/store-locator,master store_type=standard (pre-recapture),,,2026-08-23,locations_2026-08-29.csv
Bottega Veneta,,,own-door,open,350 Mall Boulevard,King of Prussia,PA,19406,,,https://www.bottegaveneta.com/en-us/store-locator,master store_type=standard (pre-recapture),,,2026-08-23,locations_2026-08-29.csv
Bottega Veneta,,,own-door,open,8687 North Central Expressway,Dallas,TX,75225,,,https://www.bottegaveneta.com/en-us/store-locator,master store_type=standard (pre-recapture),,,2026-08-23,locations_2026-08-29.csv
Bottega Veneta,,,own-door,open,5015 Westheimer Road,Houston,TX,77056,,,https://www.bottegaveneta.com/en-us/store-locator,master store_type=standard (pre-recapture),,,2026-08-23,locations_2026-08-29.csv
Bottega Veneta,,,own-door,open,2001 International Drive,McLean,VA,22102,,,https://www.bottegaveneta.com/en-us/store-locator,master store_type=standard (pre-recapture),,,2026-08-23,locations_2026-08-29.csv
Bottega Veneta,,,own-door,open,11111 Northeast 8th Street,Seattle,WA,98004,,,https://www.bottegaveneta.com/en-us/store-locator,master store_type=standard (pre-recapture),,,2026-08-23,locations_2026-08-29.csv
Brioni,,,own-door,open,447 North Rodeo Drive,Beverly Hills,CA,90210,,,https://www.brioni.com/en_US/store-locator,master store_type=standard (pre-recapture),,,2026-08-23,locations_2026-08-29.csv
Brioni,CityCenterDC,,own-door,open,929 H Street NW Suite 609,Washington,DC,20001,,CityCenterDC,https://www.brioni.com/en_US/store-locator,master store_type=standard (pre-recapture),,,2026-08-23,locations_2026-08-29.csv
Brioni,Bal Harbour Shops,,own-door,open,9700 Collins Avenue Suite 153,Bal Harbour,FL,33154,,Bal Harbour Shops,https://www.brioni.com/en_US/store-locator,master store_type=standard (pre-recapture),,,2026-08-23,locations_2026-08-29.csv
Brioni,Wynn Las Vegas,,own-door,open,"3131 Las Vegas Boulevard South, Suite 202B, Plaza Shops Second Level",Las Vegas,NV,89109,,Wynn Las Vegas,https://www.brioni.com/en_US/store-locator,master store_type=standard (pre-recapture),,,2026-08-23,locations_2026-08-29.csv
Brioni,,,own-door,open,688 Madison Avenue,New York,NY,10065,,,https://www.brioni.com/en_US/store-locator,master store_type=standard (pre-recapture),,,2026-08-23,locations_2026-08-29.csv
Brioni,Highland Park Village,,own-door,open,"30 Highland Park Village, Suite 200",Dallas,TX,75205,,Highland Park Village,https://www.brioni.com/en_US/store-locator,master store_type=standard (pre-recapture),,,2026-08-23,locations_2026-08-29.csv
Brioni,River Oaks District,,own-door,open,"4444 Westheimer Rd, Suite #C115",Houston,TX,77027,,River Oaks District,https://www.brioni.com/en_US/store-locator,master store_type=standard (pre-recapture),,,2026-08-23,locations_2026-08-29.csv
Brooks Brothers,Beverly Center,,own-door,open,"8500 Beverly Ctr, Suite 681",Los Angeles,CA,90048,(424) 512-6653,,https://stores.brooksbrothers.com/ca/los-angeles/8500-beverly-ctr-suite-681,venue inferred as full-price — locator publishes no store-type field,,,2026-09-05,brooks_brothers_classified_2026-09-05.csv
Brooks Brothers,Stanford Shopping Center,,own-door,open,180 El Camino Real,Palo Alto,CA,94304,(650) 462-0936,,https://stores.brooksbrothers.com/ca/palo-alto/180-el-camino-real,venue inferred as full-price — locator publishes no store-type field,,,2026-09-05,brooks_brothers_classified_2026-09-05.csv
Brooks Brothers,Union Square,,own-door,open,170 O'Farrell Street,San Francisco,CA,94102,(415) 397-3333,,https://stores.brooksbrothers.com/ca/san-francisco/170-o-farrell-street,venue inferred as full-price — locator publishes no store-type field,,,2026-09-05,brooks_brothers_classified_2026-09-05.csv
Brooks Brothers,Danbury Fair Mall,,own-door,open,7 Backus Avenue Suite B109,Danbury,CT,06810,(203) 794-1142,,https://stores.brooksbrothers.com/ct/danbury/7-backus-avenue,venue inferred as full-price — locator publishes no store-type field,,,2026-09-05,brooks_brothers_classified_2026-09-05.csv
Brooks Brothers,Westfarms Mall,,own-door,open,445 Westfarms Mall Space B109,Farmington,CT,06032,(860) 521-6624,,https://stores.brooksbrothers.com/ct/farmington/445-westfarms-mall,venue inferred as full-price — locator publishes no store-type field,,,2026-09-05,brooks_brothers_classified_2026-09-05.csv
Brooks Brothers,Westport,,own-door,open,136 Main Street,Westport,CT,06880,(203) 226-7678,,https://stores.brooksbrothers.com/ct/westport/136-main-street,venue inferred as full-price — locator publishes no store-type field,,,2026-09-05,brooks_brothers_classified_2026-09-05.csv
Brooks Brothers,Connecticut Avenue,,own-door,open,1120 Connecticut Avenue Northwest Suite 103,Washington,DC,20036,(202) 659-4650,,https://stores.brooksbrothers.com/dc/washington/1120-connecticut-avenue-northwest,venue inferred as full-price — locator publishes no store-type field,,,2026-09-05,brooks_brothers_classified_2026-09-05.csv
Brooks Brothers,Aventura Mall,,own-door,open,19501 Biscayne Boulevard 773,Aventura,FL,33180,(305) 466-4375,,https://stores.brooksbrothers.com/fl/aventura/19501-biscayne-boulevard,venue inferred as full-price — locator publishes no store-type field,,,2026-09-05,brooks_brothers_classified_2026-09-05.csv
Brooks Brothers,Coconut Point,,own-door,open,23161 Fashion Drive 109,Estero,FL,33928,(239) 948-2177,,https://stores.brooksbrothers.com/fl/estero/23161-fashion-drive,venue inferred as full-price — locator publishes no store-type field,,,2026-09-05,brooks_brothers_classified_2026-09-05.csv
Brooks Brothers,The Falls,,own-door,open,8888 Southwest 136th St. Suite 360,Miami,FL,33176,(305) 259-7870,,https://stores.brooksbrothers.com/fl/miami/8888-southwest-136th-st,venue inferred as full-price — locator publishes no store-type field,,,2026-09-05,brooks_brothers_classified_2026-09-05.csv
Brooks Brothers,The Gardens,,own-door,open,3101 PGA Boulevard Q243,Palm Beach Gardens,FL,33410,(561) 775-0383,,https://stores.brooksbrothers.com/fl/palm-beach-gardens/3101-pga-boulevard,venue inferred as full-price — locator publishes no store-type field,,,2026-09-05,brooks_brothers_classified_2026-09-05.csv
Brooks Brothers,Lenox Square,,own-door,open,3393 Peachtree Road NE Space 4015C,Atlanta,GA,30326,(404) 237-7000,,https://stores.brooksbrothers.com/ga/atlanta/3393-peachtree-road-ne,venue inferred as full-price — locator publishes no store-type field,,,2026-09-05,brooks_brothers_classified_2026-09-05.csv
Brooks Brothers,Perimeter Mall,,own-door,open,4400 Ashford Dunwoody Road Space #1570,Atlanta,GA,30346,(770) 394-9051,,https://stores.brooksbrothers.com/ga/atlanta/4400-ashford-dunwoody-road,venue inferred as full-price — locator publishes no store-type field,,,2026-09-05,brooks_brothers_classified_2026-09-05.csv
Brooks Brothers,900 North Michigan Shops,,own-door,open,900 North Michigan Avenue L2-6,Chicago,IL,60611,(312) 361-1525,,https://stores.brooksbrothers.com/il/chicago/900-north-michigan-avenue,venue inferred as full-price — locator publishes no store-type field,,,2026-09-05,brooks_brothers_classified_2026-09-05.csv
Brooks Brothers,Westfield Old Orchard,,own-door,open,4999 Old Orchard Center Suite B40,Skokie,IL,60077,(847) 679-9090,,https://stores.brooksbrothers.com/il/skokie/4999-old-orchard-center,venue inferred as full-price — locator publishes no store-type field,,,2026-09-05,brooks_brothers_classified_2026-09-05.csv
Brooks Brothers,Fashion Mall At Keystone,,own-door,open,8702 Keystone Crossing Suite 161,Indianapolis,IN,46240,(317) 846-1660,,https://stores.brooksbrothers.com/in/indianapolis/8702-keystone-crossing,venue inferred as full-price — locator publishes no store-type field,,,2026-09-05,brooks_brothers_classified_2026-09-05.csv
Brooks Brothers,Town Center Plaza,,own-door,open,5220 W.119th Street Suite 2095,Leawood,KS,66209,(913) 338-1789,,https://stores.brooksbrothers.com/ks/leawood/5220-w-119th-street,venue inferred as full-price — locator publishes no store-type field,,,2026-09-05,brooks_brothers_classified_2026-09-05.csv
Brooks Brothers,Oxmoor Center,,own-door,open,7900 Shelbyville Rd Space C2,Louisville,KY,40222,(502) 632-5895,,https://stores.brooksbrothers.com/ky/louisville/7900-shelbyville-rd-space-c2,venue inferred as full-price — locator publishes no store-type field,,,2026-09-05,brooks_brothers_classified_2026-09-05.csv
Brooks Brothers,Canal Place,,own-door,open,333 Canal Street Space 1.21A,New Orleans,LA,70130,(504) 522-4200,,https://stores.brooksbrothers.com/la/new-orleans/333-canal-street,venue inferred as full-price — locator publishes no store-type field,,,2026-09-05,brooks_brothers_classified_2026-09-05.csv
Brooks Brothers,Newbury Street,,own-door,open,109 Newbury Street Ste 104,Boston,MA,02116,(617) 250-8989,,https://stores.brooksbrothers.com/ma/boston/109-newbury-street,venue inferred as full-price — locator publishes no store-type field,,,2026-09-05,brooks_brothers_classified_2026-09-05.csv
Brooks Brothers,Shops At Chestnut Hill,,own-door,open,199 Boylston St Suite N105C,Chestnut Hill,MA,02467,(617) 964-3600,,https://stores.brooksbrothers.com/ma/chestnut-hill/199-boylston-st-suite-n105c,venue inferred as full-price — locator publishes no store-type field,,,2026-09-05,brooks_brothers_classified_2026-09-05.csv
Brooks Brothers,Natick Mall,,own-door,open,1245 Worcester St Space 2072,Natick,MA,01760,(508) 650-6920,,https://stores.brooksbrothers.com/ma/natick/1245-worcester-st-ste-2072,venue inferred as full-price — locator publishes no store-type field,,,2026-09-05,brooks_brothers_classified_2026-09-05.csv
Brooks Brothers,Northshore Mall,,own-door,open,210 Andover St. Space X-117,Peabody,MA,01960,(978) 538-0090,,https://stores.brooksbrothers.com/ma/peabody/210-andover-st,venue inferred as full-price — locator publishes no store-type field,,,2026-09-05,brooks_brothers_classified_2026-09-05.csv
Brooks Brothers,Collection Chevy Chase,,own-door,open,5481 Wisconsin Avenue 105-107,Chevy Chase,MD,20815,(301) 654-8202,,https://stores.brooksbrothers.com/md/chevy-chase/5481-wisconsin-avenue,venue inferred as full-price — locator publishes no store-type field,,,2026-09-05,brooks_brothers_classified_2026-09-05.csv
Brooks Brothers,Renaissance At Colony Park,,own-door,open,1000 Highland Colony Pkwy Suite 9008,Ridgeland,MS,39157,(601) 607-7200,,https://stores.brooksbrothers.com/ms/ridgeland/1000-highland-colony-pkwy,venue inferred as full-price — locator publishes no store-type field,,,2026-09-05,brooks_brothers_classified_2026-09-05.csv
Brooks Brothers,Shops At Friendly Center,,own-door,open,3334 W.Friendly Avenue Suite 110,Greensboro,NC,27410,(336) 294-0256,,https://stores.brooksbrothers.com/nc/greensboro/3334-w-friendly-avenue,venue inferred as full-price — locator publishes no store-type field,,,2026-09-05,brooks_brothers_classified_2026-09-05.csv
Brooks Brothers,Crabtree Valley Mall,,own-door,open,4325 Glenwood Avenue Suite 2026,Raleigh,NC,27612,(919) 783-9050,,https://stores.brooksbrothers.com/nc/raleigh/4325-glenwood-avenue,venue inferred as full-price — locator publishes no store-type field,,,2026-09-05,brooks_brothers_classified_2026-09-05.csv
Brooks Brothers,Cherry Hill Mall,,own-door,open,2000 NJ-38 1055,Cherry Hill,NJ,08002,(856) 320-9017,,https://stores.brooksbrothers.com/nj/cherry-hill/2000-nj-38,venue inferred as full-price — locator publishes no store-type field,,,2026-09-05,brooks_brothers_classified_2026-09-05.csv
Brooks Brothers,Shops At Riverside,,own-door,open,390 Hackensack Avenue Space 123A,Hackensack,NJ,07601,(201) 343-4318,,https://stores.brooksbrothers.com/nj/hackensack/390-hackensack-avenue,venue inferred as full-price — locator publishes no store-type field,,,2026-09-05,brooks_brothers_classified_2026-09-05.csv
Brooks Brothers,Garden State Plaza,,own-door,open,500 Garden State Plaza Parkway Space 123A,Paramus,NJ,07652,(201) 843-9100,,https://stores.brooksbrothers.com/nj/paramus/500-garden-state-plaza-parkway,venue inferred as full-price — locator publishes no store-type field,,,2026-09-05,brooks_brothers_classified_2026-09-05.csv
Brooks Brothers,Red Bank,,own-door,open,32-34 Broad Street Space 401,Red Bank,NJ,07701,(732) 415-0095,,https://stores.brooksbrothers.com/nj/red-bank/32-34-broad-street,venue inferred as full-price — locator publishes no store-type field,,,2026-09-05,brooks_brothers_classified_2026-09-05.csv
Brooks Brothers,Mall At Short Hills,,own-door,open,1200 Morris Turnpike Suite B145,Short Hills,NJ,07078,(973) 467-5400,,https://stores.brooksbrothers.com/nj/short-hills/1200-morris-turnpike,venue inferred as full-price — locator publishes no store-type field,,,2026-09-05,brooks_brothers_classified_2026-09-05.csv
Brooks Brothers,Roosevelt Field,,own-door,open,630 Old Country Rd 2040,Garden City,NY,11530,(516) 543-6317,,https://stores.brooksbrothers.com/ny/garden-city/630-old-country-rd,venue inferred as full-price — locator publishes no store-type field,,,2026-09-05,brooks_brothers_classified_2026-09-05.csv
Brooks Brothers,Walt Whitman Shops,,own-door,open,160 Walt Whitman Road Suite 1101,Huntington Station,NY,11746,(631) 549-7089,,https://stores.brooksbrothers.com/ny/huntington-station/160-walt-whitman-road,venue inferred as full-price — locator publishes no store-type field,,,2026-09-05,brooks_brothers_classified_2026-09-05.csv
Brooks Brothers,Americana Manhasset,,own-door,open,2030 Northern Boulevard 2040,Manhasset,NY,11030,(516) 203-8939,,https://stores.brooksbrothers.com/ny/manhasset/2030-northern-boulevard,venue inferred as full-price — locator publishes no store-type field,,,2026-09-05,brooks_brothers_classified_2026-09-05.csv
Brooks Brothers,1180 Madison Avenue,,own-door,open,1180 Madison Avenue,New York,NY,10028,(212) 289-5027,,https://stores.brooksbrothers.com/ny/new-york/1180-madison-avenue,venue inferred as full-price — locator publishes no store-type field,,,2026-09-05,brooks_brothers_classified_2026-09-05.csv
Brooks Brothers,Rockefeller Center,,own-door,open,1270 Ave Of The Americas,New York,NY,10020,(212) 247-9374,,https://stores.brooksbrothers.com/ny/new-york/1270-ave-of-the-americas,venue inferred as full-price — locator publishes no store-type field,,,2026-09-05,brooks_brothers_classified_2026-09-05.csv
Brooks Brothers,Herald Square,,own-door,open,151 West 34th Street,New York,NY,10001,(212) 695-4400,,https://stores.brooksbrothers.com/ny/new-york/151-west-34th-street,venue inferred as full-price — locator publishes no store-type field,,,2026-09-05,brooks_brothers_classified_2026-09-05.csv
Brooks Brothers,195 Broadway,,own-door,open,195 Broadway,New York,NY,10007,(646) 213-7660,,https://stores.brooksbrothers.com/ny/new-york/195-broadway,venue inferred as full-price — locator publishes no store-type field,,,2026-09-05,brooks_brothers_classified_2026-09-05.csv
Brooks Brothers,Destiny USA,,own-door,open,3 Destiny USA Dr Space L-107,Syracuse,NY,13204,(315) 476-7216,,https://stores.brooksbrothers.com/ny/syracuse/3-destiny-usa-dr-space-l-107,SG confirmed 2026-09-06: full-price store,,,2026-09-05,brooks_brothers_classified_2026-09-05.csv
Brooks Brothers,Eastview Mall,,own-door,open,530 Eastview Mall,Victor,NY,14564,(585) 270-6400,,https://stores.brooksbrothers.com/ny/victor/530-eastview-mall,venue inferred as full-price — locator publishes no store-type field,,,2026-09-05,brooks_brothers_classified_2026-09-05.csv
Brooks Brothers,The Westchester,,own-door,open,125 Westchester Avenue Suite 1120A,White Plains,NY,10601,(914) 644-8616,,https://stores.brooksbrothers.com/ny/white-plains/125-westchester-avenue,venue inferred as full-price — locator publishes no store-type field,,,2026-09-05,brooks_brothers_classified_2026-09-05.csv
Brooks Brothers,Eton Chagrin Blvd.,,own-door,open,28855 Chagrin Blvd. Space 380,Woodmere,OH,44122,(216) 292-8760,,https://stores.brooksbrothers.com/oh/woodmere/28855-chagrin-blvd,venue inferred as full-price — locator publishes no store-type field,,,2026-09-05,brooks_brothers_classified_2026-09-05.csv
Brooks Brothers,Promenade Shops At Saucon Valley,,own-door,open,2985 Center Valley Parkway Suite 212,Center Valley,PA,18034,(610) 797-4571,,https://stores.brooksbrothers.com/pa/center-valley/2985-center-valley-parkway,venue inferred as full-price — locator publishes no store-type field,,,2026-09-05,brooks_brothers_classified_2026-09-05.csv
Brooks Brothers,Court At King Of Prussia,,own-door,open,690 West Dekalb Pike Suite 2038,King Of Prussia,PA,19406,(610) 337-9888,,https://stores.brooksbrothers.com/pa/king-of-prussia/690-west-dekalb-pike,venue inferred as full-price — locator publishes no store-type field,,,2026-09-05,brooks_brothers_classified_2026-09-05.csv
Brooks Brothers,Smithfield Street,,own-door,open,600 Smithfield Street Suite 913,Pittsburgh,PA,15222,(412) 471-2300,,https://stores.brooksbrothers.com/pa/pittsburgh/600-smithfield-street,venue inferred as full-price — locator publishes no store-type field,,,2026-09-05,brooks_brothers_classified_2026-09-05.csv
Brooks Brothers,Providence Place,,own-door,open,56 Providence Place Sp 3090,Providence,RI,02903,(401) 270-4100,,https://stores.brooksbrothers.com/ri/providence/56-providence-place,venue inferred as full-price — locator publishes no store-type field,,,2026-09-05,brooks_brothers_classified_2026-09-05.csv
Brooks Brothers,Victoria Center,,own-door,open,205 King Street,Charleston,SC,29401,(843) 723-9405,,https://stores.brooksbrothers.com/sc/charleston/205-king-street,venue inferred as full-price — locator publishes no store-type field,,,2026-09-05,brooks_brothers_classified_2026-09-05.csv
Brooks Brothers,The Galleria,,own-door,open,5085 Westheimer Rd Space B8010,Houston,TX,77056,(713) 627-2057,,https://stores.brooksbrothers.com/tx/houston/5085-westheimer-rd,venue inferred as full-price — locator publishes no store-type field,,,2026-09-05,brooks_brothers_classified_2026-09-05.csv
Brooks Brothers,Shops At Willow Bend,,own-door,open,6121 West Park Blvd. Suite A108,Plano,TX,75093,(972) 202-4616,,https://stores.brooksbrothers.com/tx/plano/6121-west-park-blvd,venue inferred as full-price — locator publishes no store-type field,,,2026-09-05,brooks_brothers_classified_2026-09-05.csv
Brooks Brothers,Shops At Stonefield,,own-door,open,2055 Bond Street Ste 110,Charlottesville,VA,22901,(434) 244-2922,,https://stores.brooksbrothers.com/va/charlottesville/2055-bond-street,venue inferred as full-price — locator publishes no store-type field,,,2026-09-05,brooks_brothers_classified_2026-09-05.csv
Brooks Brothers,Tysons Corner Center,,own-door,open,1961 Chain Bridge Road G16L,McLean,VA,22102,(703) 556-6566,,https://stores.brooksbrothers.com/va/mclean/1961-chain-bridge-road,venue inferred as full-price — locator publishes no store-type field,,,2026-09-05,brooks_brothers_classified_2026-09-05.csv
Brooks Brothers,Fashion Park At Stony Point,,own-door,open,9200 Stony Point Parkway Suite 135,Richmond,VA,23235,(804) 272-8424,,https://stores.brooksbrothers.com/va/richmond/9200-stony-point-parkway,venue inferred as full-price — locator publishes no store-type field,,,2026-09-05,brooks_brothers_classified_2026-09-05.csv
Brooks Brothers,Town Center Of Virginia Beach,,own-door,open,4554 Bank Street 879,Virginia Beach,VA,23462,(757) 497-4769,,https://stores.brooksbrothers.com/va/virginia-beach/4554-bank-street,venue inferred as full-price — locator publishes no store-type field,,,2026-09-05,brooks_brothers_classified_2026-09-05.csv
Brunello Cucinelli,SCOTTSDALE,,own-door,open,7014 E. Camelback Road Space 1103,,AZ,85251,+1 480-870-6201,,https://shop.brunellocucinelli.com/en-us/boutique/scottsdale-362.html,brand-stated: no host in name = boutique,City omitted by brand on all US rows — see correction,"City is not published by the brand anywhere for this door. The locator address line prints street, state and ZIP with no city. The store page's schema.org addressLocality field carries the BOUTIQUE NAME, not the city ('Scottsdale'), so it cannot be used as a city. Left blank rather than derived; no city was inferred from ZIP or coordinates.",2026-09-06,brunello_cucinelli_classified_2026-09-06.csv
Brunello Cucinelli,PACIFIC PALISADES,,own-door,open,1020 Swarthmore Avenue,,CA,90272,+1 424 268 3710,,https://shop.brunellocucinelli.com/en-us/boutique/pacific-palisades-347.html,brand-stated: no host in name = boutique,City omitted by brand on all US rows — see correction,"City is not published by the brand anywhere for this door. The locator address line prints street, state and ZIP with no city. The store page's schema.org addressLocality field carries the BOUTIQUE NAME, not the city ('Pacific Palisades'), so it cannot be used as a city. Left blank rather than derived; no city was inferred from ZIP or coordinates.",2026-09-06,brunello_cucinelli_classified_2026-09-06.csv
Brunello Cucinelli,SAN FRANCISCO,,own-door,open,114 Grant Avenue,,CA,94108,+1 415 982 1200,,https://shop.brunellocucinelli.com/en-us/boutique/san-francisco-322.html,brand-stated: no host in name = boutique,City omitted by brand on all US rows — see correction,"City is not published by the brand anywhere for this door. The locator address line prints street, state and ZIP with no city. The store page's schema.org addressLocality field carries the BOUTIQUE NAME, not the city ('San Francisco'), so it cannot be used as a city. Left blank rather than derived; no city was inferred from ZIP or coordinates.",2026-09-06,brunello_cucinelli_classified_2026-09-06.csv
Brunello Cucinelli,MONTECITO,,own-door,open,1759 S Jameson Ln,,CA,93108,805 456 5201,,https://shop.brunellocucinelli.com/en-us/boutique/montecito-356.html,brand-stated: no host in name = boutique,City omitted by brand on all US rows — see correction,"City is not published by the brand anywhere for this door. The locator address line prints street, state and ZIP with no city. The store page's schema.org addressLocality field carries the BOUTIQUE NAME, not the city ('Montecito'), so it cannot be used as a city. Left blank rather than derived; no city was inferred from ZIP or coordinates. Store page publishes a truncated telephone ('805' - the schema.org field is cut to the first number group). Phone taken from the locator entry, which publishes it in full.",2026-09-06,brunello_cucinelli_classified_2026-09-06.csv
Brunello Cucinelli,BEVERLY HILLS NEW CONCEPT,,own-door,open,220 N Rodeo Drive,,CA,90210,424-394-0255,,https://shop.brunellocucinelli.com/en-us/boutique/beverly-hills-new-concept-376.html,brand-stated: no host in name = boutique,City omitted by brand on all US rows — see correction,"City is not published by the brand anywhere for this door. The locator address line prints street, state and ZIP with no city. The store page's schema.org addressLocality field carries the BOUTIQUE NAME, not the city ('Beverly Hills New Concept'), so it cannot be used as a city. Left blank rather than derived; no city was inferred from ZIP or coordinates. Store page publishes a truncated telephone ('424' - the schema.org field is cut to the first number group). Phone taken from the locator entry, which publishes it in full. Published hours open at 00:00 on 'Sun 00:00-17:00' - a placeholder, not a trading time. Recorded verbatim, not cleaned.",2026-09-06,brunello_cucinelli_classified_2026-09-06.csv
Brunello Cucinelli,SOUTH COAST PLAZA,,own-door,open,3333 Bristol Street,,CA,92626,+1 714 957 6930,,https://shop.brunellocucinelli.com/en-us/boutique/south-coast-plaza-311.html,brand-stated: no host in name = boutique,City omitted by brand on all US rows — see correction,"City is not published by the brand anywhere for this door. The locator address line prints street, state and ZIP with no city. The store page's schema.org addressLocality field carries the BOUTIQUE NAME, not the city ('South Coast Plaza'), so it cannot be used as a city. Left blank rather than derived; no city was inferred from ZIP or coordinates.",2026-09-06,brunello_cucinelli_classified_2026-09-06.csv
Brunello Cucinelli,PALO ALTO,,own-door,open,359A Stanford Shopping Center,,CA,94304,650 613 6100,,https://shop.brunellocucinelli.com/en-us/boutique/palo-alto-361.html,brand-stated: no host in name = boutique,City omitted by brand on all US rows — see correction,"City is not published by the brand anywhere for this door. The locator address line prints street, state and ZIP with no city. The store page's schema.org addressLocality field carries the BOUTIQUE NAME, not the city ('Palo Alto'), so it cannot be used as a city. Left blank rather than derived; no city was inferred from ZIP or coordinates. Store page publishes a truncated telephone ('650' - the schema.org field is cut to the first number group). Phone taken from the locator entry, which publishes it in full.",2026-09-06,brunello_cucinelli_classified_2026-09-06.csv
Brunello Cucinelli,BEVERLY HILLS,,own-door,open,428 North Rodeo Drive,,CA,90210,+1 310 724 8118,,https://shop.brunellocucinelli.com/en-us/boutique/beverly-hills-305.html,brand-stated: no host in name = boutique,City omitted by brand on all US rows — see correction,"City is not published by the brand anywhere for this door. The locator address line prints street, state and ZIP with no city. The store page's schema.org addressLocality field carries the BOUTIQUE NAME, not the city ('Beverly Hills'), so it cannot be used as a city. Left blank rather than derived; no city was inferred from ZIP or coordinates. Published hours open at 00:00 on 'Sun 00:00-17:00' - a placeholder, not a trading time. Recorded verbatim, not cleaned.",2026-09-06,brunello_cucinelli_classified_2026-09-06.csv
Brunello Cucinelli,SAN DIEGO,,own-door,open,"4305 La Jolla Village Dr., Space #2500",,CA,92122,858-617-0010,,https://shop.brunellocucinelli.com/en-us/boutique/san-diego-375.html,brand-stated: no host in name = boutique,City omitted by brand on all US rows — see correction,"City is not published by the brand anywhere for this door. The locator address line prints street, state and ZIP with no city. The store page's schema.org addressLocality field carries the BOUTIQUE NAME, not the city ('San Diego'), so it cannot be used as a city. Left blank rather than derived; no city was inferred from ZIP or coordinates. Store page publishes a truncated telephone ('858' - the schema.org field is cut to the first number group). Phone taken from the locator entry, which publishes it in full.",2026-09-06,brunello_cucinelli_classified_2026-09-06.csv
Brunello Cucinelli,CARMEL,,own-door,open,"Carmel Plaza, Ocean Ave & Junipero St, Suite 204, Carmel-By-The-Sea",Carmel-By-The-Sea,CA,93921,831-607-8500,,https://shop.brunellocucinelli.com/en-us/boutique/carmel-372.html,brand-stated: no host in name = boutique,,"City is not published by the brand anywhere for this door. The locator address line prints street, state and ZIP with no city. The store page's schema.org addressLocality field carries the BOUTIQUE NAME, not the city ('Carmel'), so it cannot be used as a city. Left blank rather than derived; no city was inferred from ZIP or coordinates. Store page publishes a truncated telephone ('831' - the schema.org field is cut to the first number group). Phone taken from the locator entry, which publishes it in full. This is the one door whose locator address line includes a city ('Carmel-By-The-Sea'), printed inside the street string. Kept in street verbatim and also placed in city, because the brand published it.",2026-09-06,brunello_cucinelli_classified_2026-09-06.csv
Brunello Cucinelli,VAIL,,own-door,open,141 East Meadow Drive Unit 101,,CO,81657,970-306-7155,,https://shop.brunellocucinelli.com/en-us/boutique/vail-366.html,brand-stated: no host in name = boutique,City omitted by brand on all US rows — see correction,"City is not published by the brand anywhere for this door. The locator address line prints street, state and ZIP with no city. The store page's schema.org addressLocality field carries the BOUTIQUE NAME, not the city ('Vail'), so it cannot be used as a city. Left blank rather than derived; no city was inferred from ZIP or coordinates. Locator prints the state as the full name 'Colorado'; recorded as CO. Verbatim token kept in state_token_stated. Store page publishes a truncated telephone ('970' - the schema.org field is cut to the first number group). Phone taken from the locator entry, which publishes it in full.",2026-09-06,brunello_cucinelli_classified_2026-09-06.csv
Brunello Cucinelli,ASPEN,,own-door,open,508 East Cooper Avenue,,CO,81611,+1 970 544 0600,,https://shop.brunellocucinelli.com/en-us/boutique/aspen-318.html,brand-stated: no host in name = boutique,City omitted by brand on all US rows — see correction,"City is not published by the brand anywhere for this door. The locator address line prints street, state and ZIP with no city. The store page's schema.org addressLocality field carries the BOUTIQUE NAME, not the city ('Aspen'), so it cannot be used as a city. Left blank rather than derived; no city was inferred from ZIP or coordinates.",2026-09-06,brunello_cucinelli_classified_2026-09-06.csv
Brunello Cucinelli,WASHINGTON,,own-door,open,985 I Street NW,,DC,20001,202 919 5755,,https://shop.brunellocucinelli.com/en-us/boutique/washington-345.html,brand-stated: no host in name = boutique,City omitted by brand on all US rows — see correction,"City is not published by the brand anywhere for this door. The locator address line prints street, state and ZIP with no city. The store page's schema.org addressLocality field carries the BOUTIQUE NAME, not the city ('Washington'), so it cannot be used as a city. Left blank rather than derived; no city was inferred from ZIP or coordinates. Store page publishes a truncated telephone ('202' - the schema.org field is cut to the first number group). Phone taken from the locator entry, which publishes it in full.",2026-09-06,brunello_cucinelli_classified_2026-09-06.csv
Brunello Cucinelli,MIAMI DESIGN DISTRICT,,own-door,open,139 NE 39th Street,,FL,33137,+1 305-446-4030,,https://shop.brunellocucinelli.com/en-us/boutique/miami-design-district-368.html,brand-stated: no host in name = boutique,City omitted by brand on all US rows — see correction,"City is not published by the brand anywhere for this door. The locator address line prints street, state and ZIP with no city. The store page's schema.org addressLocality field carries the BOUTIQUE NAME, not the city ('Miami Design District'), so it cannot be used as a city. Left blank rather than derived; no city was inferred from ZIP or coordinates.",2026-09-06,brunello_cucinelli_classified_2026-09-06.csv
Brunello Cucinelli,PALM BEACH,,own-door,open,216 - 218 Worth Avenue,,FL,33480,+1 561 671 5977,,https://shop.brunellocucinelli.com/en-us/boutique/palm-beach-328.html,brand-stated: no host in name = boutique,City omitted by brand on all US rows — see correction,"City is not published by the brand anywhere for this door. The locator address line prints street, state and ZIP with no city. The store page's schema.org addressLocality field carries the BOUTIQUE NAME, not the city ('Palm Beach'), so it cannot be used as a city. Left blank rather than derived; no city was inferred from ZIP or coordinates.",2026-09-06,brunello_cucinelli_classified_2026-09-06.csv
Brunello Cucinelli,NAPLES,,own-door,open,"5375 Tamiami Trail N, Space E-7",,FL,34108,239-467-3300,,https://shop.brunellocucinelli.com/en-us/boutique/naples-374.html,brand-stated: no host in name = boutique,City omitted by brand on all US rows — see correction,"City is not published by the brand anywhere for this door. The locator address line prints street, state and ZIP with no city. The store page's schema.org addressLocality field carries the BOUTIQUE NAME, not the city ('Naples'), so it cannot be used as a city. Left blank rather than derived; no city was inferred from ZIP or coordinates. Store page publishes a truncated telephone ('239' - the schema.org field is cut to the first number group). Phone taken from the locator entry, which publishes it in full.",2026-09-06,brunello_cucinelli_classified_2026-09-06.csv
Brunello Cucinelli,BOCA RATON,,own-door,open,"6000 West Glades Road, Unit 1139-A",,FL,33431,561-705-8500,,https://shop.brunellocucinelli.com/en-us/boutique/boca-raton-373.html,brand-stated: no host in name = boutique,City omitted by brand on all US rows — see correction,"City is not published by the brand anywhere for this door. The locator address line prints street, state and ZIP with no city. The store page's schema.org addressLocality field carries the BOUTIQUE NAME, not the city ('Boca Raton'), so it cannot be used as a city. Left blank rather than derived; no city was inferred from ZIP or coordinates. Store page publishes a truncated telephone ('561' - the schema.org field is cut to the first number group). Phone taken from the locator entry, which publishes it in full. Published hours open at 00:00 on 'Sun 00:00-18:00' - a placeholder, not a trading time. Recorded verbatim, not cleaned.",2026-09-06,brunello_cucinelli_classified_2026-09-06.csv
Brunello Cucinelli,MIAMI,,own-door,open,9700 Collins Ave,,FL,33154,+1 305 864 4833,,https://shop.brunellocucinelli.com/en-us/boutique/miami-308.html,brand-stated: no host in name = boutique,City omitted by brand on all US rows — see correction,"City is not published by the brand anywhere for this door. The locator address line prints street, state and ZIP with no city. The store page's schema.org addressLocality field carries the BOUTIQUE NAME, not the city ('Miami'), so it cannot be used as a city. Left blank rather than derived; no city was inferred from ZIP or coordinates.",2026-09-06,brunello_cucinelli_classified_2026-09-06.csv
Brunello Cucinelli,ATLANTA,,own-door,open,3500 Peachtree Road NE Ste. 1002D,,GA,30326,+1 404 467 4080,,https://shop.brunellocucinelli.com/en-us/boutique/atlanta-321.html,brand-stated: no host in name = boutique,City omitted by brand on all US rows — see correction,"City is not published by the brand anywhere for this door. The locator address line prints street, state and ZIP with no city. The store page's schema.org addressLocality field carries the BOUTIQUE NAME, not the city ('Atlanta'), so it cannot be used as a city. Left blank rather than derived; no city was inferred from ZIP or coordinates.",2026-09-06,brunello_cucinelli_classified_2026-09-06.csv
Brunello Cucinelli,ALA MOANA,,own-door,open,1450 Ala Moana Boulevard,,HI,96814,+1 808 949 3680,,https://shop.brunellocucinelli.com/en-us/boutique/ala-moana-323.html,brand-stated: no host in name = boutique,City omitted by brand on all US rows — see correction,"City is not published by the brand anywhere for this door. The locator address line prints street, state and ZIP with no city. The store page's schema.org addressLocality field carries the BOUTIQUE NAME, not the city ('Ala Moana'), so it cannot be used as a city. Left blank rather than derived; no city was inferred from ZIP or coordinates.",2026-09-06,brunello_cucinelli_classified_2026-09-06.csv
Brunello Cucinelli,CHICAGO,,own-door,open,937 North Rush Street,,IL,60611,+1 312 266 6000,,https://shop.brunellocucinelli.com/en-us/boutique/chicago-317.html,brand-stated: no host in name = boutique,City omitted by brand on all US rows — see correction,"City is not published by the brand anywhere for this door. The locator address line prints street, state and ZIP with no city. The store page's schema.org addressLocality field carries the BOUTIQUE NAME, not the city ('Chicago'), so it cannot be used as a city. Left blank rather than derived; no city was inferred from ZIP or coordinates.",2026-09-06,brunello_cucinelli_classified_2026-09-06.csv
Brunello Cucinelli,BOSTON,,own-door,open,11 Newbury Street,,MA,02116,617 314 9496,,https://shop.brunellocucinelli.com/en-us/boutique/boston-352.html,brand-stated: no host in name = boutique,City omitted by brand on all US rows — see correction,"City is not published by the brand anywhere for this door. The locator address line prints street, state and ZIP with no city. The store page's schema.org addressLocality field carries the BOUTIQUE NAME, not the city ('Boston'), so it cannot be used as a city. Left blank rather than derived; no city was inferred from ZIP or coordinates. Store page publishes a truncated telephone ('617' - the schema.org field is cut to the first number group). Phone taken from the locator entry, which publishes it in full.",2026-09-06,brunello_cucinelli_classified_2026-09-06.csv
Brunello Cucinelli,SHORT HILLS,,own-door,open,1200 Morris Turnpike,,NJ,07078,+1 862 206 1022,,https://shop.brunellocucinelli.com/en-us/boutique/short-hills-342.html,brand-stated: no host in name = boutique,City omitted by brand on all US rows — see correction,"City is not published by the brand anywhere for this door. The locator address line prints street, state and ZIP with no city. The store page's schema.org addressLocality field carries the BOUTIQUE NAME, not the city ('Short Hills'), so it cannot be used as a city. Left blank rather than derived; no city was inferred from ZIP or coordinates.",2026-09-06,brunello_cucinelli_classified_2026-09-06.csv
Brunello Cucinelli,LAS VEGAS WYNN,,own-door,open,3121 South Las Vegas Blvd,,NV,89109,+1 702 830 4240,,https://shop.brunellocucinelli.com/en-us/boutique/las-vegas-341.html,brand-stated: no host in name = boutique,City omitted by brand on all US rows — see correction,"City is not published by the brand anywhere for this door. The locator address line prints street, state and ZIP with no city. The store page's schema.org addressLocality field carries the BOUTIQUE NAME, not the city ('Las Vegas Wynn'), so it cannot be used as a city. Left blank rather than derived; no city was inferred from ZIP or coordinates.",2026-09-06,brunello_cucinelli_classified_2026-09-06.csv
Brunello Cucinelli,LAS VEGAS CITY CENTER,,own-door,open,"3720 South Las Vegas Blvd, Suite 142B",,NV,89158,+1 702 527 7766,,https://shop.brunellocucinelli.com/en-us/boutique/las-vegas-357.html,brand-stated: no host in name = boutique,City omitted by brand on all US rows — see correction,"City is not published by the brand anywhere for this door. The locator address line prints street, state and ZIP with no city. The store page's schema.org addressLocality field carries the BOUTIQUE NAME, not the city ('Las Vegas City Center'), so it cannot be used as a city. Left blank rather than derived; no city was inferred from ZIP or coordinates. Published hours span is impossible: 'Sun 23:00-21:00'. Recorded verbatim, not cleaned.",2026-09-06,brunello_cucinelli_classified_2026-09-06.csv
Brunello Cucinelli,NEW YORK SOHO,,own-door,open,136 Greene Street,,NY,10012,+1 212 334 1010,,https://shop.brunellocucinelli.com/en-us/boutique/new-york-324.html,brand-stated: no host in name = boutique,City omitted by brand on all US rows — see correction,"City is not published by the brand anywhere for this door. The locator address line prints street, state and ZIP with no city. The store page's schema.org addressLocality field carries the BOUTIQUE NAME, not the city ('New York Soho'), so it cannot be used as a city. Left blank rather than derived; no city was inferred from ZIP or coordinates.",2026-09-06,brunello_cucinelli_classified_2026-09-06.csv
Brunello Cucinelli,MANHASSET,,own-door,open,2080 Northern Boulevard,,NY,11024,+1 516 627 3566,,https://shop.brunellocucinelli.com/en-us/boutique/manhasset-355.html,brand-stated: no host in name = boutique,City omitted by brand on all US rows — see correction,"City is not published by the brand anywhere for this door. The locator address line prints street, state and ZIP with no city. The store page's schema.org addressLocality field carries the BOUTIQUE NAME, not the city ('Manhasset'), so it cannot be used as a city. Left blank rather than derived; no city was inferred from ZIP or coordinates.",2026-09-06,brunello_cucinelli_classified_2026-09-06.csv
Brunello Cucinelli,EAST HAMPTON NEWTOWN LANE,,own-door,open,39-41 Newtown Lane,,NY,11937,+1 631 324 3400,,https://shop.brunellocucinelli.com/en-us/boutique/east-hampton-302.html,brand-stated: no host in name = boutique,City omitted by brand on all US rows — see correction,"City is not published by the brand anywhere for this door. The locator address line prints street, state and ZIP with no city. The store page's schema.org addressLocality field carries the BOUTIQUE NAME, not the city ('East Hampton'), so it cannot be used as a city. Left blank rather than derived; no city was inferred from ZIP or coordinates.",2026-09-06,brunello_cucinelli_classified_2026-09-06.csv
Brunello Cucinelli,NEW YORK GANSEVOORT,,own-door,open,50 Gansevoort Street,,NY,10014,332.223.7553,,https://shop.brunellocucinelli.com/en-us/boutique/new-york-350.html,brand-stated: no host in name = boutique,City omitted by brand on all US rows — see correction,"City is not published by the brand anywhere for this door. The locator address line prints street, state and ZIP with no city. The store page's schema.org addressLocality field carries the BOUTIQUE NAME, not the city ('New York Gansevoort'), so it cannot be used as a city. Left blank rather than derived; no city was inferred from ZIP or coordinates. Store page publishes a truncated telephone ('332' - the schema.org field is cut to the first number group). Phone taken from the locator entry, which publishes it in full.",2026-09-06,brunello_cucinelli_classified_2026-09-06.csv
Brunello Cucinelli,NEW YORK MADISON,,own-door,open,683-689 Madison Avenue,,NY,10065,+1 212 813 0900,,https://shop.brunellocucinelli.com/en-us/boutique/new-york-307.html,brand-stated: no host in name = boutique,City omitted by brand on all US rows — see correction,"City is not published by the brand anywhere for this door. The locator address line prints street, state and ZIP with no city. The store page's schema.org addressLocality field carries the BOUTIQUE NAME, not the city ('New York Madison'), so it cannot be used as a city. Left blank rather than derived; no city was inferred from ZIP or coordinates.",2026-09-06,brunello_cucinelli_classified_2026-09-06.csv
Brunello Cucinelli,NASHVILLE,,own-door,open,505 Houston St,,TN,37203,615-732-8700,,https://shop.brunellocucinelli.com/en-us/boutique/nashville-351.html,brand-stated: no host in name = boutique,City omitted by brand on all US rows — see correction,"City is not published by the brand anywhere for this door. The locator address line prints street, state and ZIP with no city. The store page's schema.org addressLocality field carries the BOUTIQUE NAME, not the city ('Nashville'), so it cannot be used as a city. Left blank rather than derived; no city was inferred from ZIP or coordinates. Store page publishes a truncated telephone ('615' - the schema.org field is cut to the first number group). Phone taken from the locator entry, which publishes it in full. Published hours open at 00:00 on 'Sun 00:00-18:00' - a placeholder, not a trading time. Recorded verbatim, not cleaned.",2026-09-06,brunello_cucinelli_classified_2026-09-06.csv
Brunello Cucinelli,SAN MARCOS,,own-door,open,3939 I-35 Space 955A,,TX,78666,737-937-7300,,https://shop.brunellocucinelli.com/en-us/boutique/san-marcos-313.html,brand-stated: no host in name = boutique,City omitted by brand on all US rows — see correction,"City is not published by the brand anywhere for this door. The locator address line prints street, state and ZIP with no city. The store page's schema.org addressLocality field carries the BOUTIQUE NAME, not the city ('San Marcos'), so it cannot be used as a city. Left blank rather than derived; no city was inferred from ZIP or coordinates. Store page publishes a truncated telephone ('737' - the schema.org field is cut to the first number group). Phone taken from the locator entry, which publishes it in full.",2026-09-06,brunello_cucinelli_classified_2026-09-06.csv
Brunello Cucinelli,HOUSTON,,own-door,open,"4444 Westheimer Road, Suite A168",,TX,77027,+1 713 622 1090,,https://shop.brunellocucinelli.com/en-us/boutique/houston-326.html,brand-stated: no host in name = boutique,City omitted by brand on all US rows — see correction,"City is not published by the brand anywhere for this door. The locator address line prints street, state and ZIP with no city. The store page's schema.org addressLocality field carries the BOUTIQUE NAME, not the city ('Houston'), so it cannot be used as a city. Left blank rather than derived; no city was inferred from ZIP or coordinates.",2026-09-06,brunello_cucinelli_classified_2026-09-06.csv
Brunello Cucinelli,DALLAS,,own-door,open,46 Highland Park Village,,TX,75205,+1 214 520 9500,,https://shop.brunellocucinelli.com/en-us/boutique/dallas-320.html,brand-stated: no host in name = boutique,City omitted by brand on all US rows — see correction,"City is not published by the brand anywhere for this door. The locator address line prints street, state and ZIP with no city. The store page's schema.org addressLocality field carries the BOUTIQUE NAME, not the city ('Dallas'), so it cannot be used as a city. Left blank rather than derived; no city was inferred from ZIP or coordinates.",2026-09-06,brunello_cucinelli_classified_2026-09-06.csv
Buck Mason,Scottsdale Fashion Square,,own-door,open,"7014 E Camelback Rd, Space #1024",Scottsdale,AZ,85251,,Scottsdale Fashion Square,https://www.buckmason.com/pages/our-stores,master store_type=standard (pre-recapture),,,2026-08-23,locations_2026-08-29.csv
Buck Mason,,,own-door,open,1825 Fourth St,Berkeley,CA,94710,,,https://www.buckmason.com/pages/our-stores,master store_type=standard (pre-recapture),,,2026-08-23,locations_2026-08-29.csv
Buck Mason,Westfield Century City,,own-door,open,"10250 Santa Monica Blvd, Suite 1760",Los Angeles,CA,90067,,Westfield Century City,https://www.buckmason.com/pages/our-stores,master store_type=standard (pre-recapture),,,2026-08-23,locations_2026-08-29.csv
Buck Mason,,,own-door,open,107 N Larchmont Blvd,Los Angeles,CA,90004,,,https://www.buckmason.com/pages/our-stores,master store_type=standard (pre-recapture),,,2026-08-23,locations_2026-08-29.csv
Buck Mason,,,own-door,open,3532 Sunset Blvd,Los Angeles,CA,90026,,,https://www.buckmason.com/pages/our-stores,master store_type=standard (pre-recapture),,,2026-08-23,locations_2026-08-29.csv
Buck Mason,Fashion Island,,own-door,open,1135 Newport Center Drive,Newport Beach,CA,92660,,Fashion Island,https://www.buckmason.com/pages/our-stores,master store_type=standard (pre-recapture),,,2026-08-23,locations_2026-08-29.csv
Buck Mason,Palisades Village,,own-door,open,"15205 Palisades Village Lane, Ste 4104B",Pacific Palisades,CA,90272,,Palisades Village,https://www.buckmason.com/pages/our-stores,master store_type=standard (pre-recapture),,,2026-08-23,locations_2026-08-29.csv
Buck Mason,,,own-door,open,568 Hayes St,San Francisco,CA,94102,,,https://www.buckmason.com/pages/our-stores,master store_type=standard (pre-recapture),,,2026-08-23,locations_2026-08-29.csv
Buck Mason,,,own-door,open,12192 1/2 Ventura Blvd,Studio City,CA,91604,,,https://www.buckmason.com/pages/our-stores,master store_type=standard (pre-recapture),,,2026-08-23,locations_2026-08-29.csv
Buck Mason,,,own-door,open,1617 Abbot Kinney,Venice,CA,90291,,,https://www.buckmason.com/pages/our-stores,master store_type=standard (pre-recapture),,,2026-08-23,locations_2026-08-29.csv
Buck Mason,,,own-door,open,1629 Abbot Kinney Blvd,Venice,CA,90291,,,https://www.buckmason.com/pages/our-stores,master store_type=standard (pre-recapture),,,2026-08-23,locations_2026-08-29.csv
Buck Mason,Cherry Creek Shopping Center,,own-door,open,"3000 E First Avenue, Space #174",Denver,CO,80206,,Cherry Creek Shopping Center,https://www.buckmason.com/pages/our-stores,master store_type=standard (pre-recapture),,,2026-08-23,locations_2026-08-29.csv
Buck Mason,,,own-door,open,351 Greenwich Ave,Greenwich,CT,06830,,,https://www.buckmason.com/pages/our-stores,master store_type=standard (pre-recapture),,,2026-08-23,locations_2026-08-29.csv
Buck Mason,,,own-door,open,3128 M Street NW,Washington,DC,20007,,,https://www.buckmason.com/pages/our-stores,master store_type=standard (pre-recapture),,,2026-08-23,locations_2026-08-29.csv
Buck Mason,,,own-door,open,3405 Main Highway,Miami,FL,33133,,,https://www.buckmason.com/pages/our-stores,master store_type=standard (pre-recapture),,,2026-08-23,locations_2026-08-29.csv
Buck Mason,Ponce City Market,,own-door,open,"675 Ponce De Leon Ave NE, Suite W114",Atlanta,GA,30308,,Ponce City Market,https://www.buckmason.com/pages/our-stores,master store_type=standard (pre-recapture),,,2026-08-23,locations_2026-08-29.csv
Buck Mason,,,own-door,open,3438 N. Southport Ave,Chicago,IL,60657,,,https://www.buckmason.com/pages/our-stores,master store_type=standard (pre-recapture),,,2026-08-23,locations_2026-08-29.csv
Buck Mason,,,own-door,open,854 W Armitage Ave,Chicago,IL,60614,,,https://www.buckmason.com/pages/our-stores,master store_type=standard (pre-recapture),,,2026-08-23,locations_2026-08-29.csv
Buck Mason,Oakbrook Center,,own-door,open,"405 Oakbrook Center, #405",Oak Brook,IL,60523,,Oakbrook Center,https://www.buckmason.com/pages/our-stores,master store_type=standard (pre-recapture),,,2026-08-23,locations_2026-08-29.csv
Buck Mason,,,own-door,open,229 Newbury Street,Boston,MA,02116,,,https://www.buckmason.com/pages/our-stores,master store_type=standard (pre-recapture),,,2026-08-23,locations_2026-08-29.csv
Buck Mason,The Prudential Center,,own-door,open,"800 Boylston St., Suite 111",Boston,MA,02199,,The Prudential Center,https://www.buckmason.com/pages/our-stores,master store_type=standard (pre-recapture),,,2026-08-23,locations_2026-08-29.csv
Buck Mason,Somerset Collection,,own-door,open,"2800 W. Big Beaver Rd., Suite # R-242",Troy,MI,48084,,Somerset Collection,https://www.buckmason.com/pages/our-stores,master store_type=standard (pre-recapture),,,2026-08-23,locations_2026-08-29.csv
Buck Mason,,,own-door,open,128 N 6th St,Brooklyn,NY,11249,,,https://www.buckmason.com/pages/our-stores,master store_type=standard (pre-recapture),,,2026-08-23,locations_2026-08-29.csv
Buck Mason,,,own-door,open,140 5th Avenue,New York,NY,10011,,,https://www.buckmason.com/pages/our-stores,master store_type=standard (pre-recapture),,,2026-08-23,locations_2026-08-29.csv
Buck Mason,,,own-door,open,170 5th Ave,New York,NY,10010,,,https://www.buckmason.com/pages/our-stores,master store_type=standard (pre-recapture),,,2026-08-23,locations_2026-08-29.csv
Buck Mason,,,own-door,open,230 Elizabeth St,New York,NY,10012,,,https://www.buckmason.com/pages/our-stores,master store_type=standard (pre-recapture),,,2026-08-23,locations_2026-08-29.csv
Buck Mason,,,own-door,open,235 Elizabeth St,New York,NY,10012,,,https://www.buckmason.com/pages/our-stores,master store_type=standard (pre-recapture),,,2026-08-23,locations_2026-08-29.csv
Buck Mason,,,own-door,open,329 Bleecker St,New York,NY,10014,,,https://www.buckmason.com/pages/our-stores,master store_type=standard (pre-recapture),,,2026-08-23,locations_2026-08-29.csv
Buck Mason,,,own-door,open,378 Bleecker Street,New York,NY,10014,,,https://www.buckmason.com/pages/our-stores,master store_type=standard (pre-recapture),,,2026-08-23,locations_2026-08-29.csv
Buck Mason,,,own-door,open,486 Broadway,New York,NY,10013,,,https://www.buckmason.com/pages/our-stores,master store_type=standard (pre-recapture),,,2026-08-23,locations_2026-08-29.csv
Buck Mason,Easton Town Center,,own-door,open,"4074 The Strand W, #610",Columbus,OH,43219,,Easton Town Center,https://www.buckmason.com/pages/our-stores,master store_type=standard (pre-recapture),,,2026-08-23,locations_2026-08-29.csv
Buck Mason,,,own-door,open,426 Beaver Street,Sewickley,PA,15143,,,https://www.buckmason.com/pages/our-stores,master store_type=standard (pre-recapture),,,2026-08-23,locations_2026-08-29.csv
Buck Mason,,,own-door,open,263 King Street,Charleston,SC,29401,,,https://www.buckmason.com/pages/our-stores,master store_type=standard (pre-recapture),,,2026-08-23,locations_2026-08-29.csv
Buck Mason,,,own-door,open,1119 Halcyon Avenue,Nashville,TN,37204,,,https://www.buckmason.com/pages/our-stores,master store_type=standard (pre-recapture),,,2026-08-23,locations_2026-08-29.csv
Buck Mason,Fifth + Broadway,,own-door,open,"5024 Broadway Pl., Suite C105",Nashville,TN,37203,,Fifth + Broadway,https://www.buckmason.com/pages/our-stores,master store_type=standard (pre-recapture),,,2026-08-23,locations_2026-08-29.csv
Buck Mason,,,own-door,open,"1011 S Congress Ave, Building 2, Suite 130",Austin,TX,78704,,,https://www.buckmason.com/pages/our-stores,master store_type=standard (pre-recapture),,,2026-08-23,locations_2026-08-29.csv
Buck Mason,,,own-door,open,"1011 S. Congress Ave, Building 1, Suite 180",Austin,TX,78704,,,https://www.buckmason.com/pages/our-stores,master store_type=standard (pre-recapture),,,2026-08-23,locations_2026-08-29.csv
Buck Mason,NorthPark Center,,own-door,open,"8687 N Central Expy, Space E3-778",Dallas,TX,75225,,NorthPark Center,https://www.buckmason.com/pages/our-stores,master store_type=standard (pre-recapture),,,2026-08-23,locations_2026-08-29.csv
Buck Mason,Montrose Collective,,own-door,open,906 Westheimer Rd,Houston,TX,77006,,Montrose Collective,https://www.buckmason.com/pages/our-stores,master store_type=standard (pre-recapture),,,2026-08-23,locations_2026-08-29.csv
Buck Mason,Tysons Corner Center,,own-door,open,8013 Tysons Corner Center,McLean,VA,22102,,Tysons Corner Center,https://www.buckmason.com/pages/our-stores,master store_type=standard (pre-recapture),,,2026-08-23,locations_2026-08-29.csv
Buck Mason,University Village,,own-door,open,2633 NE 46th St,Seattle,WA,98105,,University Village,https://www.buckmason.com/pages/our-stores,master store_type=standard (pre-recapture),,,2026-08-23,locations_2026-08-29.csv
Buck Mason,,,own-door,open,313 E Pine Street,Seattle,WA,98122,,,https://www.buckmason.com/pages/our-stores,master store_type=standard (pre-recapture),,,2026-08-23,locations_2026-08-29.csv
Burberry,Scottsdale Fashion Square,,own-door,open,Suite 1292 7014 East Camelback Road,Scottsdale,AZ,85251,,,https://stores.burberry.com/en/us/az/scottsdale/7014-east-camelback-road,brand-stated: unlabelled = own store,,,2026-09-06,burberry_classified_2026-09-06.csv
Burberry,Rodeo Drive Beverly Hills,,own-door,open,301 Rodeo Drive,Beverly Hills,CA,90210,,,https://stores.burberry.com/en/us/ca/beverly-hills/301-rodeo-drive,brand-stated: unlabelled = own store,,The brand publishes a dated special-hours entry for 2026-09-07 alongside the weekly pattern. Both are kept verbatim.,2026-09-06,burberry_classified_2026-09-06.csv
Burberry,South Coast Plaza Costa Mesa,,own-door,open,3333 Bristol Street,Costa Mesa,CA,92626,,,https://stores.burberry.com/en/us/ca/costa-mesa/3333-bristol-street,brand-stated: unlabelled = own store,,,2026-09-06,burberry_classified_2026-09-06.csv
Burberry,Westfield Topanga Canoga Park,,own-door,open,6600 Topanga Canyon Boulevard,Los Angeles,CA,91303,,,https://stores.burberry.com/en/us/ca/los-angeles/6600-topanga-canyon-boulevard,brand-stated: unlabelled = own store,,,2026-09-06,burberry_classified_2026-09-06.csv
Burberry,Beverly Center Los Angeles,,own-door,open,8500 Beverly Boulevard,Los Angeles,CA,90048,,,https://stores.burberry.com/en/us/ca/los-angeles/8500-beverly-boulevard,brand-stated: unlabelled = own store,,,2026-09-06,burberry_classified_2026-09-06.csv
Burberry,Fashion Valley San Diego,,own-door,open,Suite 1000 7007 Friars Road,San Diego,CA,92108,,,https://stores.burberry.com/en/us/ca/san-diego/7007-friars-road,brand-stated: unlabelled = own store,,,2026-09-06,burberry_classified_2026-09-06.csv
Burberry,Geary Street San Francisco,,own-door,open,Geary Street San Francisco,San Francisco,CA,94108,,,https://stores.burberry.com/en/us/california/san-francisco/geary-street-san-francisco,brand-stated: unlabelled = own store,,"No street number published. The brand publishes the shopping-centre name in place of a street address for this door ('Geary Street San Francisco'). Recorded as published; nothing was looked up. Dedupe for this row falls back to state + ZIP + centre name. The brand publishes the state as the full word 'CALIFORNIA' for this door alone, and files it under a /california/ URL path where every other California door sits under /ca/. Recorded as published. Read as CA. The brand publishes a dated special-hours entry for 2026-09-07 alongside the weekly pattern. Both are kept verbatim.",2026-09-06,burberry_classified_2026-09-06.csv
Burberry,Westfield Valley Fair,,own-door,open,"1st Floor, A-365 2855 Stevens Creek Boulevard",Santa Clara,CA,95050,,,https://stores.burberry.com/en/us/ca/santa-clara/2855-stevens-creek-boulevard,brand-stated: unlabelled = own store,,,2026-09-06,burberry_classified_2026-09-06.csv
Burberry,Cherry Creek Denver Temp,,own-door,temporary,3000 East 1st Avenue,Denver,CO,80206,,,https://stores.burberry.com/en/us/co/denver/3000-east-1st-avenue,brand-stated: Temp in name,Temporary location,"The brand's own store name ends 'Temp', which it uses for a temporary location. Recorded verbatim; the brand states nothing further about it and nothing was inferred. The brand publishes a dated special-hours entry for 2026-09-07 alongside the weekly pattern. Both are kept verbatim.",2026-09-06,burberry_classified_2026-09-06.csv
Burberry,City Center Washington DC,,own-door,open,Suite #305 970 I Street Northwest,Washington,DC,20001,,,https://stores.burberry.com/en/us/dc/washington/970-i-street-northwest,brand-stated: unlabelled = own store,,,2026-09-06,burberry_classified_2026-09-06.csv
Burberry,Aventura Mall,,own-door,open,Suite 237 19555 Biscayne Boulevard,Aventura,FL,33180,,,https://stores.burberry.com/en/us/fl/aventura/19555-biscayne-boulevard,brand-stated: unlabelled = own store,,,2026-09-06,burberry_classified_2026-09-06.csv
Burberry,Design District Miami,,own-door,open,#10 112 Northeast 39th Street,Miami,FL,33137,,,https://stores.burberry.com/en/us/fl/miami/112-northeast-39th-street,brand-stated: unlabelled = own store,,,2026-09-06,burberry_classified_2026-09-06.csv
Burberry,The Mall at Millenia Orlando,,own-door,open,4200 Conroy Road,Orlando,FL,32839,,,https://stores.burberry.com/en/us/fl/orlando/4200-conroy-road,brand-stated: unlabelled = own store,,The brand publishes a dated special-hours entry for 2026-09-07 alongside the weekly pattern. Both are kept verbatim.,2026-09-06,burberry_classified_2026-09-06.csv
Burberry,International Plaza Tampa,,own-door,open,2223 North Westshore Boulevard,Tampa,FL,33607,,,https://stores.burberry.com/en/us/fl/tampa/2223-north-westshore-boulevard,brand-stated: unlabelled = own store,,,2026-09-06,burberry_classified_2026-09-06.csv
Burberry,Lenox Square Atlanta,,own-door,open,3393 Peachtree Road,Atlanta,GA,30326,,,https://stores.burberry.com/en/us/ga/atlanta/3393-peachtree-road,brand-stated: unlabelled = own store,,The brand publishes a dated special-hours entry for 2026-09-07 alongside the weekly pattern. Both are kept verbatim.,2026-09-06,burberry_classified_2026-09-06.csv
Burberry,Ala Moana Center Honolulu,,own-door,open,1450 Ala Moana Boulevard,Honolulu,HI,96814,,,https://stores.burberry.com/en/us/hi/honolulu/1450-ala-moana-boulevard,brand-stated: unlabelled = own store,,The brand publishes a dated special-hours entry for 2026-09-07 alongside the weekly pattern. Both are kept verbatim.,2026-09-06,burberry_classified_2026-09-06.csv
Burberry,International Market Place,,own-door,open,Suite 186 2330 Kala Kaua Avenue,Honolulu,HI,96815,,,https://stores.burberry.com/en/us/hi/honolulu/2330-kala-kaua-avenue,brand-stated: unlabelled = own store,,,2026-09-06,burberry_classified_2026-09-06.csv
Burberry,Oakbrook Center,,own-door,open,208 Oakbrook Center,Chicago,IL,60523,,,https://stores.burberry.com/en/us/il/chicago/208-oakbrook-center,brand-stated: unlabelled = own store,,The brand publishes a dated special-hours entry for 2026-09-07 alongside the weekly pattern. Both are kept verbatim.,2026-09-06,burberry_classified_2026-09-06.csv
Burberry,Michigan Avenue Chicago,,own-door,open,633 N Michigan Avenue,Chicago,IL,60611,,,https://stores.burberry.com/en/us/il/chicago/633-n-michigan-avenue,brand-stated: unlabelled = own store,,The brand publishes a dated special-hours entry for 2026-09-07 alongside the weekly pattern. Both are kept verbatim.,2026-09-06,burberry_classified_2026-09-06.csv
Burberry,Copley Place Boston,,own-door,open,100 Huntington Avenue,Boston,MA,02116,,,https://stores.burberry.com/en/us/ma/boston/100-huntington-avenue,brand-stated: unlabelled = own store,,,2026-09-06,burberry_classified_2026-09-06.csv
Burberry,Somerset Troy,,own-door,open,2801 West Big Beaver Road,Troy,MI,48084,,,https://stores.burberry.com/en/us/mi/troy/2801-west-big-beaver-road,brand-stated: unlabelled = own store,,The brand publishes a dated special-hours entry for 2026-09-07 alongside the weekly pattern. Both are kept verbatim.,2026-09-06,burberry_classified_2026-09-06.csv
Burberry,Southdale Center,,own-door,open,Southdale Center Southdale Center,Edina,MN,55435,,,https://stores.burberry.com/en/us/mn/edina/southdale-center,brand-stated: unlabelled = own store,,No street number published. The brand publishes the shopping-centre name in place of a street address for this door ('Southdale Center Southdale Center'). Recorded as published; nothing was looked up. Dedupe for this row falls back to state + ZIP + centre name. Published street repeats itself ('Southdale Center Southdale Center'). Recorded verbatim. No services list published for this door. Every door with a services list is a full-price or outlet store; the doors without one are the outlets and the concessions.,2026-09-06,burberry_classified_2026-09-06.csv
Burberry,SouthPark Mall Charlotte,,own-door,open,4400 Sharon Road,Charlotte,NC,28211,,,https://stores.burberry.com/en/us/nc/charlotte/4400-sharon-road,brand-stated: unlabelled = own store,,The brand publishes a dated special-hours entry for 2026-09-07 alongside the weekly pattern. Both are kept verbatim.,2026-09-06,burberry_classified_2026-09-06.csv
Burberry,Westfield Garden State Plaza,,own-door,open,1 Garden State Plaza Boulevard,Paramus,NJ,07652,,,https://stores.burberry.com/en/us/nj/paramus/1-garden-state-plaza-boulevard,brand-stated: unlabelled = own store,,Published as closed on Sundays. Recorded as published.,2026-09-06,burberry_classified_2026-09-06.csv
Burberry,The Mall at Short Hills,,own-door,open,Suite # C205 1200 Morris Turnpike,Short Hills,NJ,07078,,,https://stores.burberry.com/en/us/nj/short-hills/1200-morris-turnpike,brand-stated: unlabelled = own store,,The brand publishes a dated special-hours entry for 2026-09-07 alongside the weekly pattern. Both are kept verbatim.,2026-09-06,burberry_classified_2026-09-06.csv
Burberry,The Shoppes at the Palazzo,,own-door,open,3327 South Las Vegas Boulevard,Las Vegas,NV,89109,,,https://stores.burberry.com/en/us/nv/las-vegas/3327-south-las-vegas-boulevard,brand-stated: unlabelled = own store,,,2026-09-06,burberry_classified_2026-09-06.csv
Burberry,The Shops at Crystals Las Vegas,,own-door,open,Room 141 3720 South Las Vegas Boulevard,Las Vegas,NV,89158,,,https://stores.burberry.com/en/us/nv/las-vegas/3720-south-las-vegas-boulevard,brand-stated: unlabelled = own store,,,2026-09-06,burberry_classified_2026-09-06.csv
Burberry,The Forum Shops at Caesars,,own-door,open,The Forum Shops at Caesars Palace 3500 South Las Vegas Boulevard,Las Vegas,NV,89109,,,https://stores.burberry.com/en/us/nv/las-vegas/3500-south-las-vegas-boulevard,brand-stated: unlabelled = own store,,The brand publishes a dated special-hours entry for 2026-09-07 alongside the weekly pattern. Both are kept verbatim.,2026-09-06,burberry_classified_2026-09-06.csv
Burberry,Roosevelt Field Garden City,,own-door,open,Suite 2064C 630 Old Country Road,Garden City,NY,11530,,,https://stores.burberry.com/en/us/ny/garden-city/630-old-country-road,brand-stated: unlabelled = own store,,,2026-09-06,burberry_classified_2026-09-06.csv
Burberry,Americana Manhasset,,own-door,open,2110a Northern Boulevard,Manhasset,NY,11030,,,https://stores.burberry.com/en/us/ny/manhasset/2110a-northern-boulevard,brand-stated: unlabelled = own store,,,2026-09-06,burberry_classified_2026-09-06.csv
Burberry,Spring Street New York,,own-door,open,131 Spring Street,New York,NY,10012,,,https://stores.burberry.com/en/us/ny/new-york/131-spring-street,brand-stated: unlabelled = own store,,,2026-09-06,burberry_classified_2026-09-06.csv
Burberry,57th Street New York,,own-door,open,9 E 57th St,New York,NY,10022,,,https://stores.burberry.com/en/us/ny/new-york/9-e-57th-st,brand-stated: unlabelled = own store,,,2026-09-06,burberry_classified_2026-09-06.csv
Burberry,NY Terminal 1,,own-door,open,JFK Terminal One Hudson News Jfk Terminal One,New York,NY,11430,,,https://stores.burberry.com/en/us/ny/new-york/jfk-terminal-one,brand-stated: unlabelled = own store,"store_type token ""NY"" — verify","No street number published. The brand publishes the shopping-centre name in place of a street address for this door ('JFK Terminal One Hudson News Jfk Terminal One'). Recorded as published; nothing was looked up. Dedupe for this row falls back to state + ZIP + centre name. Airport door at JFK Terminal 1. The street the brand publishes reads 'JFK Terminal One Hudson News Jfk Terminal One' - it names Hudson News as the operator and repeats the terminal. The brand publishes CLOSED for all seven days and no services. Listed on the locator, so it is recorded as a listed door, but it is not trading on today's published hours. This is the row Location Thread IV should look at first. No services list published for this door. Every door with a services list is a full-price or outlet store; the doors without one are the outlets and the concessions.",2026-09-06,burberry_classified_2026-09-06.csv
Burberry,The Westchester White Plains,,own-door,open,Suite 1340 125 Westchester Avenue,White Plains,NY,10601,,,https://stores.burberry.com/en/us/ny/white-plains/125-westchester-avenue,brand-stated: unlabelled = own store,,The brand publishes a dated special-hours entry for 2026-09-07 alongside the weekly pattern. Both are kept verbatim.,2026-09-06,burberry_classified_2026-09-06.csv
Burberry,The Plaza at King of Prussia,,own-door,open,160 North Gulph Road,King Of Prussia,PA,19406,,,https://stores.burberry.com/en/us/pa/king-of-prussia/160-north-gulph-road,brand-stated: unlabelled = own store,,,2026-09-06,burberry_classified_2026-09-06.csv
Burberry,Ross Park Mall Pittsburgh,,own-door,open,1000 Ross Park Mall Drive,Pittsburgh,PA,15237,,,https://stores.burberry.com/en/us/pa/pittsburgh/1000-ross-park-mall-drive,brand-stated: unlabelled = own store,,,2026-09-06,burberry_classified_2026-09-06.csv
Burberry,The Mall at Green Hills,,own-door,open,2126 Abbott Martin Road,Nashville,TN,37215,,,https://stores.burberry.com/en/us/tn/nashville/2126-abbott-martin-road,brand-stated: unlabelled = own store,,,2026-09-06,burberry_classified_2026-09-06.csv
Burberry,The Domain Austin,,own-door,open,"The Domain, Suite K-109 11501 Century Oaks Terrace",Austin,TX,78758,,,https://stores.burberry.com/en/us/tx/austin/11501-century-oaks-terrace,brand-stated: unlabelled = own store,,,2026-09-06,burberry_classified_2026-09-06.csv
Burberry,NorthPark Center Dallas,,own-door,open,"Suite 220, NorthPark Center 8687 North Central Expressway",Dallas,TX,75225,,,https://stores.burberry.com/en/us/tx/dallas/8687-north-central-expressway,brand-stated: unlabelled = own store,,The brand publishes a dated special-hours entry for 2026-09-07 alongside the weekly pattern. Both are kept verbatim.,2026-09-06,burberry_classified_2026-09-06.csv
Burberry,The Shops at Clearfork,,own-door,open,5187 Monahans Avenue,Fort Worth,TX,76109,,,https://stores.burberry.com/en/us/tx/fort-worth/5187-monahans-avenue,brand-stated: unlabelled = own store,,,2026-09-06,burberry_classified_2026-09-06.csv
Burberry,The Galleria Houston,,own-door,open,"Suite 2460, The Galleria 5015 Westheimer Road",Houston,TX,77056,,,https://stores.burberry.com/en/us/tx/houston/5015-westheimer-road,brand-stated: unlabelled = own store,,The brand publishes a dated special-hours entry for 2026-09-07 alongside the weekly pattern. Both are kept verbatim.,2026-09-06,burberry_classified_2026-09-06.csv
Burberry,Tysons Galleria McLean,,own-door,open,1723 International Drive,Tysons,VA,22102,,,https://stores.burberry.com/en/us/va/tysons/1723-international-drive,brand-stated: unlabelled = own store,,The brand publishes a dated special-hours entry for 2026-09-07 alongside the weekly pattern. Both are kept verbatim.,2026-09-06,burberry_classified_2026-09-06.csv
Burberry,Bellevue Square,,own-door,open,108 Bellevue Way Northeast,Bellevue,WA,98004,,,https://stores.burberry.com/en/us/wa/bellevue/108-bellevue-way-northeast,brand-stated: unlabelled = own store,,,2026-09-06,burberry_classified_2026-09-06.csv
Canada Goose,Anchorage 5th Avenue Mall,,own-door,open,320 W 5th Ave,Anchorage,AK,99501,907-341-3303,,https://www.canadagoose.com/us/en/stores/anchorage-store.html,"brand-stated: ""Canada Goose store locations"" list only; retailer map excluded",,street from the store page. The locator's address block prints '320 W 5th Abe'; the store page prints '320 W 5th Ave'. Store page taken.,2026-09-05,canada_goose_classified_2026-09-05.csv
Canada Goose,California South Coast Plaza,,own-door,open,"3333 Bristol St, Level 1, Suite 1001",Costa Mesa,CA,92626,949-503-9022,,https://www.canadagoose.com/us/en/stores/south-coast-plaza-california-store.html,"brand-stated: ""Canada Goose store locations"" list only; retailer map excluded",,"street from the store page, which publishes the unit ('Level 1, Suite 1001'); the locator's address block stops at '3333 Bristol St'.",2026-09-05,canada_goose_classified_2026-09-05.csv
Canada Goose,Beverly Center Los Angeles Beverly Center,,own-door,open,8500 Beverly Blvd,Los Angeles,CA,90048,424-600-8869,,https://www.canadagoose.com/us/en/stores/BeverlyCenter.html,"brand-stated: ""Canada Goose store locations"" list only; retailer map excluded",,store_name is verbatim as the locator publishes it — its heading repeats the venue ('Beverly Center' + 'Los Angeles Beverly Center'). Not tidied.,2026-09-05,canada_goose_classified_2026-09-05.csv
Canada Goose,Denver Cherry Creek Shopping Center,,own-door,open,"3000 E 1st Ave, Unit 2238",Denver,CO,80206,303-376-3741,,https://www.canadagoose.com/us/en/stores/cherry-creek-store.html,"brand-stated: ""Canada Goose store locations"" list only; retailer map excluded",,phone from the store page (303-376-3741). The locator publishes no phone for this door. Not inferred — taken from the brand's own store page.,2026-09-05,canada_goose_classified_2026-09-05.csv
Canada Goose,Atlanta Phipps Plaza,,own-door,open,3500 Peachtree Road NE,Atlanta,GA,30326,470-408-2290,,https://www.canadagoose.com/us/en/stores/Phipps_Plaza.html,"brand-stated: ""Canada Goose store locations"" list only; retailer map excluded",,"phone from the store page. The locator prints 407-408-2290; the store page prints 470-408-2290. 407 is an Orlando FL area code and 470 is metro Atlanta, so the locator's looks like a transposition — but both are the brand's own, and this is not independently verified. Store page taken.",2026-09-05,canada_goose_classified_2026-09-05.csv
Canada Goose,Hawaii Ala Moana Center,,own-door,open,1450 Ala Moana Blvd,Honolulu,HI,96814,808-909-3788,,https://www.canadagoose.com/us/en/stores/hawaii-store.html,"brand-stated: ""Canada Goose store locations"" list only; retailer map excluded",,,2026-09-05,canada_goose_classified_2026-09-05.csv
Canada Goose,Chicago Michigan Avenue,,own-door,open,800 North Michigan Avenue,Chicago,IL,60611,312-767-0544,,https://www.canadagoose.com/us/en/stores/chicago-store.html,"brand-stated: ""Canada Goose store locations"" list only; retailer map excluded",,"hours verbatim: the page publishes 'Sunday: 11:00 pm - 5:00 pm', an impossible range. Not corrected.",2026-09-05,canada_goose_classified_2026-09-05.csv
Canada Goose,Oakbrook Center,,own-door,open,100 Oakbrook Center Space 218,Oak Brook,IL,60523,(331) 319-1889,,https://www.canadagoose.com/us/en/stores/oakbrook-store.html,"brand-stated: ""Canada Goose store locations"" list only; retailer map excluded",,"Both sources are malformed for this door. The locator's city field reads 'Oak Brook, IL,' followed by a separate state field 'IL'; the store page's street field reads '100 Oakbrook Center Space 218, Oak Brook,'. The duplicated city was removed from each; street and city are otherwise as published. Also the only door of the 18 publishing no Book Appointment link.",2026-09-05,canada_goose_classified_2026-09-05.csv
Canada Goose,Boston Prudential Center,,own-door,open,800 Boylston St,Boston,MA,02199,617-982-0292,,https://www.canadagoose.com/us/en/stores/boston-store.html,"brand-stated: ""Canada Goose store locations"" list only; retailer map excluded",,,2026-09-05,canada_goose_classified_2026-09-05.csv
Canada Goose,Troy Somerset Collection,,own-door,open,"2801 W Big Beaver Rd, Suite J-230",Troy,MI,48084,313-484-4684,,https://www.canadagoose.com/us/en/stores/somerset-store.html,"brand-stated: ""Canada Goose store locations"" list only; retailer map excluded",,"Locator publishes 2800 Big Beaver Road, Level 2 South — Somerset Collection mall address; store-page value adopted per SG 2026-09-06.",2026-09-05,canada_goose_classified_2026-09-05.csv
Canada Goose,Minneapolis Mall of America,,own-door,open,162 West Market,Bloomington,MN,55425,952-491-6935,,https://www.canadagoose.com/us/en/stores/minneapolis-store.html,"brand-stated: ""Canada Goose store locations"" list only; retailer map excluded",,"hours verbatim: the page publishes no ordinary Sunday line, only 'Easter Sunday: closed'. Not corrected.",2026-09-05,canada_goose_classified_2026-09-05.csv
Canada Goose,New Jersey American Dream,,own-door,open,1 American Dream Way,East Rutherford,NJ,07073,551-307-7099,,https://www.canadagoose.com/us/en/stores/American_Dream.html,"brand-stated: ""Canada Goose store locations"" list only; retailer map excluded",,hours verbatim: the page publishes no Sunday line at all. Not corrected.,2026-09-05,canada_goose_classified_2026-09-05.csv
Canada Goose,Short Hills The Mall at Short Hills,,own-door,open,1200 Morris Turnpike,Short Hills,NJ,07078,973-232-0820,,https://www.canadagoose.com/us/en/stores/new-jersey-store.html,"brand-stated: ""Canada Goose store locations"" list only; retailer map excluded",,,2026-09-05,canada_goose_classified_2026-09-05.csv
Canada Goose,Crystals The Shops at Crystals,,own-door,open,3720 S Las Vegas Blvd,Las Vegas,NV,89158,725-240-6969,,https://www.canadagoose.com/us/en/stores/Crystals-Store.html,"brand-stated: ""Canada Goose store locations"" list only; retailer map excluded",,hours verbatim: the page publishes 'Sunday: 11:00 pm - 9:00 pm'. Not corrected.,2026-09-05,canada_goose_classified_2026-09-05.csv
Canada Goose,New York City SOHO,,own-door,open,101 Wooster Street,New York,NY,10012,845-709-8342,,https://www.canadagoose.com/us/en/stores/new-york-store.html,"brand-stated: ""Canada Goose store locations"" list only; retailer map excluded",,,2026-09-05,canada_goose_classified_2026-09-05.csv
Canada Goose,Fifth Avenue New York,,own-door,open,689 5th Ave,New York,NY,10022,646-640-1964,,https://www.canadagoose.com/us/en/stores/fifth-ave-newyork-store.html,"brand-stated: ""Canada Goose store locations"" list only; retailer map excluded",,,2026-09-05,canada_goose_classified_2026-09-05.csv
Canada Goose,Philadelphia King of Prussia,,own-door,open,160 N Gulph Road,King of Prussia,PA,19406,610-871-8755,,https://www.canadagoose.com/us/en/stores/King_of_Prussia.html,"brand-stated: ""Canada Goose store locations"" list only; retailer map excluded",,"street from the store page. The locator prints '160 N Guelph Road'; the store page prints '160 N Gulph Road'. Store page taken. Its phone is published as '610- 871-8755' with a stray space; whitespace normalised, digits unchanged.",2026-09-05,canada_goose_classified_2026-09-05.csv
Canada Goose,Washington Bellevue Square,,own-door,open,111 Bellevue Square,Bellevue,WA,98004,425-800-6229,,https://www.canadagoose.com/us/en/stores/bellevue-square-store.html,"brand-stated: ""Canada Goose store locations"" list only; retailer map excluded",,Locator publishes 149 Bellevue Square (mall address); store-page value 111 adopted per SG 2026-09-06.,2026-09-05,canada_goose_classified_2026-09-05.csv
Canali,CANALI BOUTIQUE - Beverly Hills,,own-door,open,261 N Rodeo Dr,Beverly Hills,CA,90212,1 310 270 4200,,https://us.canali.com/store/canali-boutique-beverly-hills-ca-90212/4,brand-stated: Canali Boutique,,The record's complement field repeats the city ('Beverly Hills') and was not appended to street.,2026-09-05,canali_classified_2026-09-05.csv
Canali,CANALI BOUTIQUE - Las Vegas,,own-door,open,3500 Las Vegas Blvd,Las Vegas,NV,89109,+1 702-380-0882,,https://us.canali.com/store/canali-boutique-las-vegas-nevada-89109/5,brand-stated: Canali Boutique,,"state DERIVED: the source publishes it as 'Nevada'. Canali's state field is inconsistent across the 10 US records (full names, all-caps, and 2-letter codes all appear), so every one was normalised to the 2-letter code. No state was inferred from anything but the published value. VENUE, not reclassified: the record's complement field names 'The Forum Shops At Caesars'. Noted per the brief; the locator applies no format label, so store_type_stated stays blank.",2026-09-05,canali_classified_2026-09-05.csv
Canali,CANALI BOUTIQUE - Belmont Park Village,,own-door,open,"2501 Hempstead Turnpike, Unit G7, Belmont Park Village, North Entrance",Elmont,NY,11003,+1 363 207 9079,,https://us.canali.com/store/canali-boutique-belmont-park-village-ny-11003/24603d10-9aa4-42c2-a34f-b61b925fbe80,brand-stated: Canali Boutique,"Named Boutique, sits in Belmont Park Village (Value Retail outlet village) — venue noted, kept own-door on the label.","VENUE, not reclassified: this door sits in Belmont Park Village, an outlet village, but carries the BOUTIQUE name and no Outlet label. Venue noted, classification left downstream. The unit detail ('Unit G7, Belmont Park Village, North Entrance') came from the record's complement field and was appended to street.",2026-09-05,canali_classified_2026-09-05.csv
Canali,CANALI BOUTIQUE - New York,,own-door,open,600 Madison Ave,New York,NY,10022,1 212 752 3131,,https://us.canali.com/store/canali-boutique-new-york-new-york-10022/3,brand-stated: Canali Boutique,,"state DERIVED: the source publishes it as 'New York'. Canali's state field is inconsistent across the 10 US records (full names, all-caps, and 2-letter codes all appear), so every one was normalised to the 2-letter code. No state was inferred from anything but the published value. ",2026-09-05,canali_classified_2026-09-05.csv
Carhartt,The Summit,,own-door,open,240 Summit Blvd Unit 104,Birmingham,AL,35243,,The Summit,https://stores.carhartt.com/al/birmingham/240-summit-blvd.html,master store_type=standard (pre-recapture),,,2026-08-24,locations_2026-08-29.csv
Carhartt,Pinnacle Hills Promenade,,own-door,open,2203 South Promenade Boulevard Suite 9120,Rogers,AR,72758,,Pinnacle Hills Promenade,https://stores.carhartt.com/ar/rogers/2203-south-promenade-boulevard.html,master store_type=standard (pre-recapture),,,2026-08-24,locations_2026-08-29.csv
Carhartt,Aspen Place,,own-door,open,319 Regent #205,Flagstaff,AZ,86001,,Aspen Place,https://stores.carhartt.com/az/flagstaff/319-regent.html,master store_type=standard (pre-recapture),,,2026-08-24,locations_2026-08-29.csv
Carhartt,,,own-door,open,15 South McClintock Drive,Tempe,AZ,85288,,,https://stores.carhartt.com/az/tempe/15-south-mcclintock-drive.html,master store_type=standard (pre-recapture),,,2026-08-24,locations_2026-08-29.csv
Carhartt,,,own-door,open,1755 29th Street,Boulder,CO,,,,https://stores.carhartt.com/co/boulder/1755-29th-street.html,master store_type=standard (pre-recapture),,,2026-08-24,locations_2026-08-29.csv
Carhartt,,,own-door,open,74 Evergreen Way,South Windsor,CT,06074,,,https://stores.carhartt.com/ct/south-windsor/74-evergreen-way.html,master store_type=standard (pre-recapture),,ZIP set to 06074 (operator-confirmed 2026-08-29),2026-08-24,locations_2026-08-29.csv
Carhartt,,,own-door,open,300 Christiana Mall,Newark,DE,,,,https://stores.carhartt.com/de/newark/300-christiana-mall.html,master store_type=standard (pre-recapture),,,2026-08-24,locations_2026-08-29.csv
Carhartt,,,own-door,open,800 Georgia 400 South,Dawsonville,GA,,,,https://stores.carhartt.com/ga/dawsonville/800-georgia-400-south.html,master store_type=standard (pre-recapture),,,2026-08-24,locations_2026-08-29.csv
Carhartt,,,own-door,open,3424 E Longwing Ln,Meridian,ID,,,,https://stores.carhartt.com/id/meridian/3424-e-longwing-ln.html,master store_type=standard (pre-recapture),,,2026-08-24,locations_2026-08-29.csv
Carhartt,,,own-door,open,1518 N Milwaukee,Chicago,IL,60622,,,https://stores.carhartt.com/il/chicago/1518-n-milwaukee.html,master store_type=standard (pre-recapture),,,2026-08-24,locations_2026-08-29.csv
Carhartt,,,own-door,open,7055 W Grand Ave,Gurnee,IL,,,,https://stores.carhartt.com/il/gurnee/7055-w-grand-ave.html,master store_type=standard (pre-recapture),,,2026-08-24,locations_2026-08-29.csv
Carhartt,,,own-door,open,4220 West Jefferson Boulevard,Fort Wayne,IN,,,,https://stores.carhartt.com/in/fort-wayne/4220-west-jefferson-boulevard.html,master store_type=standard (pre-recapture),,,2026-08-24,locations_2026-08-29.csv
Carhartt,,,own-door,open,1251 US 31 N,Greenwood,IN,,,,https://stores.carhartt.com/in/greenwood/1251-us-31-n-p130.html,master store_type=standard (pre-recapture),,,2026-08-24,locations_2026-08-29.csv
Carhartt,,,own-door,open,1900 North Rock Road,Wichita,KS,,,,https://stores.carhartt.com/ks/wichita/1900-north-rock-road.html,master store_type=standard (pre-recapture),,,2026-08-24,locations_2026-08-29.csv
Carhartt,,,own-door,open,120 Summit At Fritz Farm,Lexington,KY,,,,https://stores.carhartt.com/ky/lexington/120-summit-at-fritz-farm.html,master store_type=standard (pre-recapture),,,2026-08-24,locations_2026-08-29.csv
Carhartt,,,own-door,open,4270 Summit Plaza Drive,Louisville,KY,,,,https://stores.carhartt.com/ky/louisville/4270-summit-plaza-drive.html,master store_type=standard (pre-recapture),,,2026-08-24,locations_2026-08-29.csv
Carhartt,,,own-door,open,1170 Massachusetts Avenue,Boston,MA,02125,,,https://stores.carhartt.com/ma/boston/1170-massachusetts-avenue.html,master store_type=standard (pre-recapture),,ZIP set to 02125 (operator-confirmed 2026-08-29),2026-08-24,locations_2026-08-29.csv
Carhartt,,,own-door,open,552 Legacy Place,Dedham,MA,02026,,,https://stores.carhartt.com/ma/dedham/552-legacy-place.html,master store_type=standard (pre-recapture),,ZIP set to 02026 (operator-confirmed 2026-08-29),2026-08-24,locations_2026-08-29.csv
Carhartt,,,own-door,open,120 Market Street,Lynnfield,MA,01940,,,https://stores.carhartt.com/ma/lynnfield/120-market-street.html,master store_type=standard (pre-recapture),,ZIP set to 01940 (operator-confirmed 2026-08-29),2026-08-24,locations_2026-08-29.csv
Carhartt,,,own-door,open,142 Waterfront Street,Oxon Hill,MD,,,,https://stores.carhartt.com/md/oxon-hill/142-waterfront-street.html,master store_type=standard (pre-recapture),,,2026-08-24,locations_2026-08-29.csv
Carhartt,,,own-door,open,364 Maine Mall Road,South Portland,ME,04106,,,https://stores.carhartt.com/me/south-portland/364-maine-mall-road.html,master store_type=standard (pre-recapture),,ZIP set to 04106 (operator-confirmed 2026-08-29),2026-08-24,locations_2026-08-29.csv
Carhartt,,,own-door,open,441 West Canfield Suite 6,Detroit,MI,48201,,,https://stores.carhartt.com/mi/detroit/441-west-canfield.html,master store_type=standard (pre-recapture),,,2026-08-24,locations_2026-08-29.csv
Carhartt,Flagship,,own-door,open,5800 Cass Avenue,Detroit,MI,48202,,Flagship,https://stores.carhartt.com/mi/detroit/5800-cass-avenue-4211510.html,master store_type=flagship (pre-recapture),,,2026-08-24,locations_2026-08-29.csv
Carhartt,,,own-door,open,3529 28th Street SE,Grand Rapids,MI,,,,https://stores.carhartt.com/mi/grand-rapids/3529-28th-street-se.html,master store_type=standard (pre-recapture),,,2026-08-24,locations_2026-08-29.csv
Carhartt,,,own-door,open,2917 Preyde Boulevard,Lansing,MI,,,,https://stores.carhartt.com/mi/lansing/2917-preyde-boulevard.html,master store_type=standard (pre-recapture),,,2026-08-24,locations_2026-08-29.csv
Carhartt,,,own-door,open,162 North Garden,Bloomington,MN,,,,https://stores.carhartt.com/mn/bloomington/162-north-garden.html,master store_type=standard (pre-recapture),,,2026-08-24,locations_2026-08-29.csv
Carhartt,,,own-door,open,12680 Riverdale Blvd,Coon Rapids,MN,,,,https://stores.carhartt.com/mn/coon-rapids/12680-riverdale-blvd.html,master store_type=standard (pre-recapture),,,2026-08-24,locations_2026-08-29.csv
Carhartt,,,own-door,open,1744 Northwest Chipman Road,Lee's Summit,MO,,,,https://stores.carhartt.com/mo/lee-s-summit/1744-northwest-chipman-road.html,master store_type=standard (pre-recapture),,,2026-08-24,locations_2026-08-29.csv
Carhartt,,,own-door,open,3334 W Friendly Ave,Greensboro,NC,,,,https://stores.carhartt.com/nc/greensboro/3334-w-friendly-ave.html,master store_type=standard (pre-recapture),,,2026-08-24,locations_2026-08-29.csv
Carhartt,,,own-door,open,7640 Towne Center Pkwy,Papillion,NE,,,,https://stores.carhartt.com/ne/papillion/7640-towne-center-pkwy.html,master store_type=standard (pre-recapture),,,2026-08-24,locations_2026-08-29.csv
Carhartt,,,own-door,open,14 Via Toscana,Salem,NH,03079,,,https://stores.carhartt.com/nh/salem/14-via-toscana.html,master store_type=standard (pre-recapture),,ZIP set to 03079 (operator-confirmed 2026-08-29),2026-08-24,locations_2026-08-29.csv
Carhartt,,,own-door,open,2020 W Route 70,Cherry Hill,NJ,,,,https://stores.carhartt.com/nj/cherry-hill/2020-w-route-70.html,master store_type=standard (pre-recapture),,,2026-08-24,locations_2026-08-29.csv
Carhartt,,,own-door,open,2201 Q Street Northeast,Albuquerque,NM,,,,https://stores.carhartt.com/nm/albuquerque/2201-q-street-northeast.html,master store_type=standard (pre-recapture),,,2026-08-24,locations_2026-08-29.csv
Carhartt,,,own-door,open,13985 S Virginia St,Reno,NV,,,,https://stores.carhartt.com/nv/reno/13985-s-virginia-st.html,master store_type=standard (pre-recapture),,,2026-08-24,locations_2026-08-29.csv
Carhartt,,,own-door,open,1 Crossgates Mall Road,Albany,NY,,,,https://stores.carhartt.com/ny/albany/1-crossgates-mall-road.html,master store_type=standard (pre-recapture),,,2026-08-24,locations_2026-08-29.csv
Carhartt,,,own-door,open,1701 Niagara Falls Blvd,Amherst,NY,,,,https://stores.carhartt.com/ny/amherst/1701-niagara-falls-blvd.html,master store_type=standard (pre-recapture),,,2026-08-24,locations_2026-08-29.csv
Carhartt,,,own-door,open,160 Walt Whitman Road Space #1160,Huntington Station,NY,11746,,,https://stores.carhartt.com/ny/huntington-station/160-walt-whitman-road.html,master store_type=standard (pre-recapture),,,2026-08-24,locations_2026-08-29.csv
Carhartt,,,own-door,open,936 Broadway 1st Floor,New York,NY,10010,,,https://stores.carhartt.com/ny/new-york/936-broadway.html,master store_type=standard (pre-recapture),,,2026-08-24,locations_2026-08-29.csv
Carhartt,,,own-door,open,1 Destiny USA Drive,Syracuse,NY,,,,https://stores.carhartt.com/ny/syracuse/1-destiny-usa-drive.html,master store_type=standard (pre-recapture),,,2026-08-24,locations_2026-08-29.csv
Carhartt,,,own-door,open,2685 Edmondson Rd,Cincinnati,OH,,,,https://stores.carhartt.com/oh/cincinnati/2685-edmondson-rd.html,master store_type=standard (pre-recapture),,,2026-08-24,locations_2026-08-29.csv
Carhartt,,,own-door,open,4174 Worth Avenue,Columbus,OH,,,,https://stores.carhartt.com/oh/columbus/4174-worth-avenue.html,master store_type=standard (pre-recapture),,,2026-08-24,locations_2026-08-29.csv
Carhartt,,,own-door,open,3265 West Market Street,Fairlawn,OH,,,,https://stores.carhartt.com/oh/fairlawn/3265-west-market-street.html,master store_type=standard (pre-recapture),,,2026-08-24,locations_2026-08-29.csv
Carhartt,,,own-door,open,30045 Detroit Road,Westlake,OH,,,,https://stores.carhartt.com/oh/westlake/30045-detroit-road.html,master store_type=standard (pre-recapture),,,2026-08-24,locations_2026-08-29.csv
Carhartt,,,own-door,open,20512 Robal Lane,Bend,OR,,,,https://stores.carhartt.com/or/bend/20512-robal-lane.html,master store_type=standard (pre-recapture),,,2026-08-24,locations_2026-08-29.csv
Carhartt,,,own-door,open,6385 Ulali Dr NE,Keizer,OR,,,,https://stores.carhartt.com/or/keizer/6385-ulali-dr-ne.html,master store_type=standard (pre-recapture),,,2026-08-24,locations_2026-08-29.csv
Carhartt,,,own-door,open,101 Rossanley Drive,Medford,OR,,,,https://stores.carhartt.com/or/medford/101-rossanley-drive.html,master store_type=standard (pre-recapture),,,2026-08-24,locations_2026-08-29.csv
Carhartt,,,own-door,open,10243 NE Cascades Parkway,Portland,OR,,,,https://stores.carhartt.com/or/portland/10243-ne-cascades-parkway.html,master store_type=standard (pre-recapture),,,2026-08-24,locations_2026-08-29.csv
Carhartt,,,own-door,open,355 Park City Center,Lancaster,PA,,,,https://stores.carhartt.com/pa/lancaster/355-park-city-center.html,master store_type=standard (pre-recapture),,,2026-08-24,locations_2026-08-29.csv
Carhartt,,,own-door,open,1000 Ross Park Mall Drive,Pittsburgh,PA,,,,https://stores.carhartt.com/pa/pittsburgh/1000-ross-park-mall-drive.html,master store_type=standard (pre-recapture),,,2026-08-24,locations_2026-08-29.csv
Carhartt,,,own-door,open,4001 West 41st Street,Sioux Falls,SD,,,,https://stores.carhartt.com/sd/sioux-falls/4001-west-41st-street.html,master store_type=standard (pre-recapture),,,2026-08-24,locations_2026-08-29.csv
Carhartt,,,own-door,open,2115 Gunbarrel Road,Chattanooga,TN,,,,https://stores.carhartt.com/tn/chattanooga/2115-gunbarrel-road.html,master store_type=standard (pre-recapture),,,2026-08-24,locations_2026-08-29.csv
Carhartt,,,own-door,open,11379 Parkside Dr,Knoxville,TN,,,,https://stores.carhartt.com/tn/knoxville/11379-parkside-dr.html,master store_type=standard (pre-recapture),,,2026-08-24,locations_2026-08-29.csv
Carhartt,,,own-door,open,5847 Poplar Avenue,Memphis,TN,,,,https://stores.carhartt.com/tn/memphis/5847-poplar-avenue.html,master store_type=standard (pre-recapture),,,2026-08-24,locations_2026-08-29.csv
Carhartt,,,own-door,open,2634 Medical Center Parkway,Murfreesboro,TN,,,,https://stores.carhartt.com/tn/murfreesboro/2634-medical-center-parkway.html,master store_type=standard (pre-recapture),,,2026-08-24,locations_2026-08-29.csv
Carhartt,,,own-door,open,5019 Broadway Place,Nashville,TN,,,,https://stores.carhartt.com/tn/nashville/5019-broadway-place.html,master store_type=standard (pre-recapture),,,2026-08-24,locations_2026-08-29.csv
Carhartt,,,own-door,open,2655 Teaster Lane,Pigeon Forge,TN,,,,https://stores.carhartt.com/tn/pigeon-forge/2655-teaster-lane.html,master store_type=standard (pre-recapture),,,2026-08-24,locations_2026-08-29.csv
Carhartt,,,own-door,open,2217 North Tarrant Parkway,Fort Worth,TX,,,,https://stores.carhartt.com/tx/fort-worth/2217-north-tarrant-parkway.html,master store_type=standard (pre-recapture),,,2026-08-24,locations_2026-08-29.csv
Carhartt,,,own-door,open,1081 Gates Parkway,Prosper,TX,,,,https://stores.carhartt.com/tx/prosper/1081-gates-parkway.html,master store_type=standard (pre-recapture),,,2026-08-24,locations_2026-08-29.csv
Carhartt,,,own-door,open,7322 Jones Maltsberger Road,San Antonio,TX,,,,https://stores.carhartt.com/tx/san-antonio/7322-jones-maltsberger-road.html,master store_type=standard (pre-recapture),,,2026-08-24,locations_2026-08-29.csv
Carhartt,,,own-door,open,8916 S Broadway Avenue,Tyler,TX,,,,https://stores.carhartt.com/tx/tyler/8916-s--broadway-avenue.html,master store_type=standard (pre-recapture),,,2026-08-24,locations_2026-08-29.csv
Carhartt,,,own-door,open,825 W East Promontory,Farmington,UT,,,,https://stores.carhartt.com/ut/farmington/825-w-east-promontory.html,master store_type=standard (pre-recapture),,,2026-08-24,locations_2026-08-29.csv
Carhartt,,,own-door,open,116 E Winchester Street,Murray,UT,,,,https://stores.carhartt.com/ut/murray/116-e-winchester-street.html,master store_type=standard (pre-recapture),,,2026-08-24,locations_2026-08-29.csv
Carhartt,,,own-door,open,15200 Potomac Town Place,Woodbridge,VA,,,,https://stores.carhartt.com/va/woodbridge/15200-potomac-town-place.html,master store_type=standard (pre-recapture),,,2026-08-24,locations_2026-08-29.csv
Carhartt,,,own-door,open,721 North Landing Way,Renton,WA,,,,https://stores.carhartt.com/wa/renton/721-north-landing-way.html,master store_type=standard (pre-recapture),,,2026-08-24,locations_2026-08-29.csv
Carhartt,,,own-door,open,530 W Main Avenue,Spokane,WA,,,,https://stores.carhartt.com/wa/spokane/530-w-main-avenue.html,master store_type=standard (pre-recapture),,,2026-08-24,locations_2026-08-29.csv
Carhartt,,,own-door,open,10600 Quil Ceda Boulevard,Tulalip,WA,,,,https://stores.carhartt.com/wa/tulalip/10600-quil-ceda-boulevard.html,master store_type=standard (pre-recapture),,,2026-08-24,locations_2026-08-29.csv
Carhartt,,,own-door,open,5707 North Centerpark Way,Glendale,WI,,,,https://stores.carhartt.com/wi/glendale/5707-north-centerpark-way.html,master store_type=standard (pre-recapture),,,2026-08-24,locations_2026-08-29.csv
Carhartt,,,own-door,open,11500 W Burleigh St,Wauwatosa,WI,,,,https://stores.carhartt.com/wi/wauwatosa/11500-w-burleigh-st.html,master store_type=standard (pre-recapture),,,2026-08-24,locations_2026-08-29.csv
Casablanca,,,own-door,open,469 North Canon Drive,Beverly Hills,CA,90210,,,https://casablancaparis.com/pages/stores,master store_type=standard (pre-recapture),,,2026-08-24,locations_2026-08-29.csv
Celine,CELINE Scottsdale,,own-door,open,"7014 East Camelback Road, Suite #1212",Scottsdale,AZ,85251,+1 480 745 2277,,,,,,2026-09-04,celine_classified_2026-09-04.csv
Celine,CELINE Beverly Hills Rodeo Drive (Men & Women),,own-door,open,309 North Rodeo Drive,Beverly Hills,CA,90210,+1 310 888 0120,,,,,,2026-09-04,celine_classified_2026-09-04.csv
Celine,CELINE Topanga (Men & Women),,own-door,open,"6600 Topanga Canyon Blvd, Space 2260",Canoga Park,CA,91303,+1 747 298 6771,,,,,,2026-09-04,celine_classified_2026-09-04.csv
Celine,CELINE Costa Mesa South Coast Plaza (Men & Women),,own-door,open,"3333 Bristol St, Suite 2240",Costa Mesa,CA,92626,+1 714 957 1255,,,,,,2026-09-04,celine_classified_2026-09-04.csv
Celine,CELINE San Diego Fashion Valley (Men & Women),,own-door,open,"7007 Friars Rd, Space 375",San Diego,CA,92108,+1 858 289 0681,,,,,,2026-09-04,celine_classified_2026-09-04.csv
Celine,CELINE Santa Clara Valley Fair (Men & Women),,own-door,open,"2855 Stevens Creek Blvd, Suite 1203",Santa Clara,CA,95050,+1 408 478 9105,,,,,,2026-09-04,celine_classified_2026-09-04.csv
Celine,CELINE Miami Design District (Men & Women),,own-door,open,154 NE 41st,Miami,FL,33137,+1 305 866 1888,,,,,,2026-09-04,celine_classified_2026-09-04.csv
Celine,CELINE Atlanta,,own-door,open,"3500 Peachtree Road NE, Suite 1020",Atlanta,GA,30326,+1 470 660 3066,,,,,,2026-09-04,celine_classified_2026-09-04.csv
Celine,CELINE Honolulu Ala Moana (Men & Women),,own-door,open,"1450 Ala Moana Boulevard, Suite 2061",Honolulu,HI,96814,+1 808 943 9980,,,,,,2026-09-04,celine_classified_2026-09-04.csv
Celine,CELINE Chicago (Men & Women),,own-door,open,939 N Rush St,Chicago,IL,60611,+1 312 248 9177,,,,,,2026-09-04,celine_classified_2026-09-04.csv
Celine,CELINE Boston Copley Place,,own-door,open,"100 Huntington Ave, Suite 014A",Boston,MA,02116,+1 617 936 7880,,,,,,2026-09-04,celine_classified_2026-09-04.csv
Celine,CELINE Las Vegas Wynn (Men & Women),,own-door,open,"3131 Las Vegas Boulevard South, Suite 104",Las Vegas,NV,89109,+1 702 836 9316,,,,,,2026-09-04,celine_classified_2026-09-04.csv
Celine,CELINE Las Vegas Crystals (Men & Women),,own-door,open,"3720 S Las Vegas Boulevard, Suite 144",Las Vegas,NV,89158,+1 702 500 0818,,,,,,2026-09-04,celine_classified_2026-09-04.csv
Celine,CELINE New York Madison (Men & Women),,own-door,open,650 Madison Ave,New York,NY,10022,+1 212 535 3703,,,,,,2026-09-04,celine_classified_2026-09-04.csv
Celine,CELINE New York Soho (Men & Women),,own-door,open,67 Wooster St,New York,NY,10012,+1 212 226 8001,,,,,,2026-09-04,celine_classified_2026-09-04.csv
Celine,CELINE Dallas Highland Park (Men & Women),,own-door,open,10 Highland Park Village,Dallas,TX,75205,+1 214 443 0104,,,,,,2026-09-04,celine_classified_2026-09-04.csv
Celine,CELINE Houston Galleria,,own-door,open,"5015 Westheimer Road, Suite 2252",Houston,TX,77056,+1 713 850 1285,,,,,,2026-09-04,celine_classified_2026-09-04.csv
Celine,CELINE McLean Tysons Galleria,,own-door,open,"2001 International Dr, Mall #2430M",McLean,VA,22102,+1 703 761 2200,,,,,,2026-09-04,celine_classified_2026-09-04.csv
Cesare Attolini,Bal Harbour Shops,,own-door,open,"9700 Collins Ave, Store 150",Bal Harbour,FL,33154,,Bal Harbour Shops,https://www.cesareattolini.com/pages/flagship,master store_type=flagship (pre-recapture),,,2026-08-24,locations_2026-08-29.csv
Cesare Attolini,,,own-door,open,798 Madison Avenue,New York,NY,10065,,,https://www.cesareattolini.com/pages/flagship,master store_type=flagship (pre-recapture),,,2026-08-24,locations_2026-08-29.csv
Charles Tyrwhitt,Connecticut Avenue,,own-door,open,1000 Connecticut Ave NW,Washington,DC,20036,202 594 3529,,https://www.charlestyrwhitt.com/us/stores,,,,2026-09-05,charles_tyrwhitt_classified_2026-09-05.csv
Charles Tyrwhitt,"LaSalle Street, Chicago",,own-door,open,208 S LaSalle St,Chicago,IL,60604,312 585 0700,,https://www.charlestyrwhitt.com/us/stores,,,,2026-09-05,charles_tyrwhitt_classified_2026-09-05.csv
Charles Tyrwhitt,"Michigan Avenue, Chicago",,own-door,open,625 N Michigan Ave,Chicago,IL,60611,312 219 6326,,https://www.charlestyrwhitt.com/us/stores,,,,2026-09-05,charles_tyrwhitt_classified_2026-09-05.csv
Charles Tyrwhitt,Garden State Plaza,,own-door,open,1 Garden State Plaza,Paramus,NJ,07652,201 345 7531,,https://www.charlestyrwhitt.com/us/stores,,,,2026-09-05,charles_tyrwhitt_classified_2026-09-05.csv
Charles Tyrwhitt,Belmont Park Village,,own-door,open,2501 Hempstead Tpke,Elmont,NY,11003,631 776 5716,,https://www.charlestyrwhitt.com/us/stores,,,,2026-09-05,charles_tyrwhitt_classified_2026-09-05.csv
Charles Tyrwhitt,Roosevelt Field,,own-door,open,630 Old Country Rd,Garden City,NY,11530,516 874 7657,,https://www.charlestyrwhitt.com/us/stores,,,,2026-09-05,charles_tyrwhitt_classified_2026-09-05.csv
Charles Tyrwhitt,Avenue of the Americas,,own-door,open,1177 Ave of the Americas,New York,NY,10036,212 901 1050,,https://www.charlestyrwhitt.com/us/stores,,,,2026-09-05,charles_tyrwhitt_classified_2026-09-05.csv
Charles Tyrwhitt,World Trade Center,,own-door,open,"185 Greenwich St, Ste LL2365",New York,NY,10007,646 619 3006,,https://www.charlestyrwhitt.com/us/stores,,,,2026-09-05,charles_tyrwhitt_classified_2026-09-05.csv
Charles Tyrwhitt,Madison Avenue,,own-door,open,477 Madison Ave,New York,NY,10022,212 286 8988,,https://www.charlestyrwhitt.com/us/stores,,,,2026-09-05,charles_tyrwhitt_classified_2026-09-05.csv
Charles Tyrwhitt,7th Avenue,,own-door,open,745 Seventh Ave,New York,NY,10019,212 764 4697,,https://www.charlestyrwhitt.com/us/stores,,,,2026-09-05,charles_tyrwhitt_classified_2026-09-05.csv
Charles Tyrwhitt,Grand Central Terminal,,own-door,open,89 E 42nd St,New York,NY,10017,347 341 7333,,https://www.charlestyrwhitt.com/us/stores,,,,2026-09-05,charles_tyrwhitt_classified_2026-09-05.csv
Charles Tyrwhitt,King of Prussia,,own-door,open,160 N Gulph Rd,King of Prussia,PA,19406,484 685 3072,,https://www.charlestyrwhitt.com/us/stores,,,,2026-09-05,charles_tyrwhitt_classified_2026-09-05.csv
Charles Tyrwhitt,Tysons Corner Center,,own-door,open,"1961 Chain Bridge Rd, Level 2",Tysons Corner,VA,22102,703 940 3396,,https://www.charlestyrwhitt.com/us/stores,,,,2026-09-05,charles_tyrwhitt_classified_2026-09-05.csv
Citizens of Humanity,,,own-door,open,520 E. Hyman Ave Unit 1B,Aspen,CO,81611,,,https://citizensofhumanity.com/pages/store-locator,master store_type=standard (pre-recapture),,,2026-08-24,locations_2026-08-29.csv
Comme des Garçons,,,own-door,open,520 W 22nd Street,New York,NY,10011,,,https://www.comme-des-garcons.com/,master store_type=flagship (pre-recapture),,,2026-08-24,locations_2026-08-29.csv
Cremieux,Bal Harbour Shops,,own-door,open,"9700 Collins Ave, Level 3",Bal Harbour,FL,33154,,Bal Harbour Shops,https://us.cremieux.fr/pages/find-a-store,master store_type=standard (pre-recapture),,,2026-08-24,locations_2026-08-29.csv
Cremieux,Royal Poinciana Plaza,,own-door,open,340 Royal Poinciana Way,Palm Beach,FL,33480,,Royal Poinciana Plaza,https://us.cremieux.fr/pages/find-a-store,master store_type=standard (pre-recapture),,,2026-08-24,locations_2026-08-29.csv
Cremieux,,,own-door,open,"445 Park Avenue, 8th Floor",New York,NY,10022,,,https://us.cremieux.fr/pages/find-a-store,master store_type=standard (pre-recapture),,,2026-08-24,locations_2026-08-29.csv
Cremieux,,,own-door,open,650 Madison Avenue,New York,NY,10022,,,https://us.cremieux.fr/pages/find-a-store,master store_type=standard (pre-recapture),,,2026-08-24,locations_2026-08-29.csv
Dolce&Gabbana,Scottsdale Fashion Square,,own-door,open,7014 E Camelback Road Ste 1093,Scottsdale,AZ,85251,+1 480 660 5755,,,,,,2026-09-04,dg_classified_2026-09-04.csv
Dolce&Gabbana,Beverly Hills 248 North Rodeo Drive,,own-door,open,248 North Rodeo Drive,Beverly Hills,CA,90210,+1 310 887 0700,,,,,,2026-09-04,dg_classified_2026-09-04.csv
Dolce&Gabbana,Canoga Park Westfield Topanga,,own-door,open,6600 Topanga Canyon Boulevard,Canoga Park,CA,91303,+1 818 743 9944,,,,,,2026-09-04,dg_classified_2026-09-04.csv
Dolce&Gabbana,Costa Mesa South Coast Plaza,,own-door,open,3333 Bristol Street,Costa Mesa,CA,92626,+1 714 668 9142,,,,,,2026-09-04,dg_classified_2026-09-04.csv
Dolce&Gabbana,Beverly Hills Beverly Center,,own-door,open,8500 Beverly Boulevard,Los Angeles,CA,90048,+1 310 360 7282,,,,,,2026-09-04,dg_classified_2026-09-04.csv
Dolce&Gabbana,San Diego Fashion Valley,,own-door,open,7007 Friars Road,San Diego,CA,92108,+1 619 419 0011,,,,,,2026-09-04,dg_classified_2026-09-04.csv
Dolce&Gabbana,San Francisco 100 Grand Avenue,,own-door,open,100 Grant Avenue,San Francisco,CA,94108,+1 415 430 0067,,,,,,2026-09-04,dg_classified_2026-09-04.csv
Dolce&Gabbana,Santa Clara Westfield Valley Fair,,own-door,open,2855 Stevens Creek Boulevard,Santa Clara,CA,95050,+1 669 800 0499,,,,,,2026-09-04,dg_classified_2026-09-04.csv
Dolce&Gabbana,Aventura Mall,,own-door,open,19501 Biscayne Boulevard,Aventura,FL,33180,,,,,,,2026-09-04,dg_classified_2026-09-04.csv
Dolce&Gabbana,Bal Harbour Bal Harbour Shops,,own-door,open,9700 Collins Avenue,Bal Harbour,FL,33154,+1 305 866 0503,,,,,,2026-09-04,dg_classified_2026-09-04.csv
Dolce&Gabbana,Boca Raton Town Center,,own-door,open,Town Center - Unit 1061A,Boca Raton,FL,33431,+1 561 873 2266,,,,,,2026-09-04,dg_classified_2026-09-04.csv
Dolce&Gabbana,Miami Design District,,own-door,open,Miami Design District,Miami,FL,33137,+1 305 573 9734,,,,,,2026-09-04,dg_classified_2026-09-04.csv
Dolce&Gabbana,Atlanta Phipps Plaza,,own-door,open,3500 Peachtree Road NE,Atlanta,GA,30326,+1 404 816 1635,,,,,,2026-09-04,dg_classified_2026-09-04.csv
Dolce&Gabbana,Honolulu Ala Moana Shopping Center,,own-door,open,1450 Ala Moana Boulevard,Honolulu,HI,96814,+1 808 955 7037,,,,,,2026-09-04,dg_classified_2026-09-04.csv
Dolce&Gabbana,Chicago 68 E Oak Street,,own-door,open,68 E Oak Street,Chicago,IL,60611,+1 312 255 0630,,,,,,2026-09-04,dg_classified_2026-09-04.csv
Dolce&Gabbana,Charlotte SouthPark,,own-door,open,4400 Sharon Road,Charlotte,NC,28211,+1 704 946 6090,,,,,,2026-09-04,dg_classified_2026-09-04.csv
Dolce&Gabbana,East Rutherford American Dream,,own-door,open,East Rutherford,East Rutherford,NJ,07073,+1 551 217 7705,,,,,,2026-09-04,dg_classified_2026-09-04.csv
Dolce&Gabbana,Short Hills The Mall at Short Hills,,own-door,open,1200 Morris Turnpike,Short Hills,NJ,07078,+1 973 912 8090,,,,,,2026-09-04,dg_classified_2026-09-04.csv
Dolce&Gabbana,Las Vegas The Forum Shops at Caesars,,own-door,open,3500 Las Vegas Blvd,Las Vegas,NV,89109,+1 725 550 5959,,,,,,2026-09-04,dg_classified_2026-09-04.csv
Dolce&Gabbana,Las Vegas Bellagio,,own-door,open,3600 S Las Vegas Blvd,Las Vegas,NV,89109,+1 702 382 2050,,,,,,2026-09-04,dg_classified_2026-09-04.csv
Dolce&Gabbana,Las Vegas Crystals City Center,,own-door,open,3720 South Las Vegas Boulevard,Las Vegas,NV,89158,+1 702 431 6615,,,,,,2026-09-04,dg_classified_2026-09-04.csv
Dolce&Gabbana,New York 695 Madison Avenue,,own-door,open,695 Madison Avenue,New York,NY,10065,+1 917 525 5200,,,,,,2026-09-04,dg_classified_2026-09-04.csv
Dolce&Gabbana,New York 717 Fifth Avenue,,own-door,open,717 Fifth Avenue,New York,NY,10022,+1 212 897 9653,,,,,,2026-09-04,dg_classified_2026-09-04.csv
Dolce&Gabbana,Pennsylvania King of Prussia,,own-door,open,160 N Gulph Road,King of Prussia,PA,19406,+1 610 477 3037,,,,,,2026-09-04,dg_classified_2026-09-04.csv
Dolce&Gabbana,Nashville The Mall at Green Hills,,own-door,open,2126 Abbott Martin Road,Nashville,TN,37215,+1 615 922 6999,,,,,,2026-09-04,dg_classified_2026-09-04.csv
Dolce&Gabbana,Dallas NorthPark Center,,own-door,open,8687 North Central Expressway,Dallas,TX,75225,+1 214 363 4102,,,,,,2026-09-04,dg_classified_2026-09-04.csv
Dolce&Gabbana,Houston River Oaks District,,own-door,open,4444 Westheimer Road,Houston,TX,77027,+1 713 621 6600,,,,,,2026-09-04,dg_classified_2026-09-04.csv
Dolce&Gabbana,Houston Galleria,,own-door,open,5015 Westheimer Road,Houston,TX,77056,+1 713 234 0070,,,,,,2026-09-04,dg_classified_2026-09-04.csv
Dolce&Gabbana,McLean Tysons Galleria,,own-door,open,2001 International Drive,McLean,VA,22102,+1 703 940 9075,,,,,,2026-09-04,dg_classified_2026-09-04.csv
Drake's,NEW YORK,,own-door,open,327 Canal Street,New York,NY,10013,+ (917) 261-5005,,https://us.drakes.com/pages/our-stores,"brand-stated: Our Stores page, full global estate (3 shops)","No per-store page exists; URL is the Our Stores page. Phone published as ""+ (917) 261-5005"", left verbatim.",,2026-09-05,drakes_classified_2026-09-05.csv
Dries Van Noten,,,own-door,open,451 N. La Cienega Blvd,Los Angeles,CA,90048,,,https://www.driesvannoten.com/en-us/pages/store-locator,master store_type=flagship (pre-recapture),,,2026-08-24,locations_2026-08-29.csv
Dries Van Noten,,,own-door,open,168 Mercer Street,New York,NY,10012,,,https://www.driesvannoten.com/en-us/pages/store-locator,master store_type=flagship (pre-recapture),,,2026-08-24,locations_2026-08-29.csv
Eleventy,,,own-door,open,9546 Brighton Way,Beverly Hills,CA,90210,,,https://www.eleventy.it/en/stores,master store_type=standard (pre-recapture),,,2026-08-24,locations_2026-08-29.csv
Eleventy,South Coast Plaza,,own-door,open,3333 Bristol St #2001,Costa Mesa,CA,92626,,South Coast Plaza,https://www.eleventy.it/en/stores,master store_type=standard (pre-recapture),,,2026-08-24,locations_2026-08-29.csv
Eleventy,,,own-door,open,283 Greenwich Ave,Greenwich,CT,06830,,,https://www.eleventy.it/en/stores,master store_type=standard (pre-recapture),,,2026-08-24,locations_2026-08-29.csv
Eleventy,Bal Harbour Shops,,own-door,open,9700 Collins Ave Suite 207,Bal Harbour,FL,33154,,Bal Harbour Shops,https://www.eleventy.it/en/stores,master store_type=standard (pre-recapture),,,2026-08-24,locations_2026-08-29.csv
Eleventy,,,own-door,open,440 S County Rd,Palm Beach,FL,33480,,,https://www.eleventy.it/en/stores,master store_type=standard (pre-recapture),,,2026-08-24,locations_2026-08-29.csv
Eleventy,The Wynn Plaza Shops,,own-door,open,3121 Las Vegas Blvd S,Las Vegas,NV,89109,,The Wynn Plaza Shops,https://www.eleventy.it/en/stores,master store_type=standard (pre-recapture),,,2026-08-24,locations_2026-08-29.csv
Eleventy,,,own-door,open,769 Madison Ave,New York,NY,10065,,,https://www.eleventy.it/en/stores,master store_type=standard (pre-recapture),,,2026-08-24,locations_2026-08-29.csv
Eleventy,,,own-door,open,66 Jobs Lane,Southampton,NY,11968,,,https://www.eleventy.it/en/stores,master store_type=standard (pre-recapture),,,2026-08-24,locations_2026-08-29.csv
Eton,Eton Brand Store New York,,own-door,open,330 Madison Avenue,New York,NY,,+19 4702599936,,https://www.etonshirts.com/us/en/page/brand-stores-usa,"brand-stated: page section ""Outlet Stores"" vs unlabelled brand stores","No ZIP published (only US door without one); phone ""+19 4702599936"" malformed with an Atlanta area code. Left verbatim.",,2026-09-05,eton_classified_2026-09-05.csv
Eton,Eton Brand Store Madison Ave,,own-door,open,833 Madison Avenue,New York,NY,10021,+1 3479470293,,https://www.etonshirts.com/us/en/page/brand-stores-usa,"brand-stated: page section ""Outlet Stores"" vs unlabelled brand stores",Address 833 Madison but contact email 625madison@ — one may be stale; human check.,,2026-09-05,eton_classified_2026-09-05.csv
Etro,Beverly Hills,,own-door,open,9501 Wilshire Blvd,Beverly Hills,CA,,+1 310 248 2855,,https://www.etro.com/us-en/stores,brand-stated: locator types Boutique / Outlet only,ZIPs not supplied in paste — fill from locator before merge; Woodbury row has no street number (Derby Lane only).,,2026-09-06,etro_classified_2026-09-06.csv
Etro,Miami / Bal Harbour,,own-door,open,9700 Collins Ave,Bal Harbour,FL,,+1 305 868 5971,,https://www.etro.com/us-en/stores,brand-stated: locator types Boutique / Outlet only,ZIPs not supplied in paste — fill from locator before merge; Woodbury row has no street number (Derby Lane only).,,2026-09-06,etro_classified_2026-09-06.csv
Etro,Atlanta – Phipps Plaza,,own-door,open,"3500 Peachtree Rd NE, Ste 1035A",Atlanta,GA,,+1 404 467 2447,,https://www.etro.com/us-en/stores,brand-stated: locator types Boutique / Outlet only,ZIPs not supplied in paste — fill from locator before merge; Woodbury row has no street number (Derby Lane only).,,2026-09-06,etro_classified_2026-09-06.csv
Etro,New York – Madison,,own-door,open,720 Madison Ave,New York,NY,,+1 212 317 9096,,https://www.etro.com/us-en/stores,brand-stated: locator types Boutique / Outlet only,ZIPs not supplied in paste — fill from locator before merge; Woodbury row has no street number (Derby Lane only).,,2026-09-06,etro_classified_2026-09-06.csv
Etro,New York – SoHo,,own-door,open,89 Greene St,New York,NY,,+1 646 329 6929,,https://www.etro.com/us-en/stores,brand-stated: locator types Boutique / Outlet only,ZIPs not supplied in paste — fill from locator before merge; Woodbury row has no street number (Derby Lane only).,,2026-09-06,etro_classified_2026-09-06.csv
Etro,Dallas – NorthPark,,own-door,open,8687 N Central Expy,Dallas,TX,,+1 214 520 8000,,https://www.etro.com/us-en/stores,brand-stated: locator types Boutique / Outlet only,ZIPs not supplied in paste — fill from locator before merge; Woodbury row has no street number (Derby Lane only).,,2026-09-06,etro_classified_2026-09-06.csv
Etro,Houston – Galleria,,own-door,open,"5085 Westheimer Rd, Ste B2888",Houston,TX,,+1 713 832 2777,,https://www.etro.com/us-en/stores,brand-stated: locator types Boutique / Outlet only,ZIPs not supplied in paste — fill from locator before merge; Woodbury row has no street number (Derby Lane only).,,2026-09-06,etro_classified_2026-09-06.csv
Everlane,,,own-door,open,1101 Abbot Kinney Blvd,Los Angeles,CA,90291,,,https://www.everlane.com/stores,master store_type=standard (pre-recapture),,,2026-08-23,locations_2026-08-29.csv
Everlane,Stanford Shopping Center,,own-door,open,660 Stanford Shopping Center,Palo Alto,CA,94304,,Stanford Shopping Center,https://www.everlane.com/stores,master store_type=standard (pre-recapture),,,2026-08-23,locations_2026-08-29.csv
Everlane,,,own-door,open,461 Valencia Street,San Francisco,CA,94103,,,https://www.everlane.com/stores,master store_type=standard (pre-recapture),,,2026-08-23,locations_2026-08-29.csv
Everlane,,,own-door,open,3259 M St NW,Washington,DC,20007,,,https://www.everlane.com/stores,master store_type=standard (pre-recapture),,,2026-08-23,locations_2026-08-29.csv
Everlane,,,own-door,open,125 Seaport Blvd,Boston,MA,02210,,,https://www.everlane.com/stores,master store_type=standard (pre-recapture),,,2026-08-23,locations_2026-08-29.csv
Everlane,,,own-door,open,104 N 6th St,Brooklyn,NY,11249,,,https://www.everlane.com/stores,master store_type=standard (pre-recapture),,,2026-08-23,locations_2026-08-29.csv
Everlane,,,own-door,open,28 Prince St.,New York,NY,10012,,,https://www.everlane.com/stores,master store_type=standard (pre-recapture),,,2026-08-23,locations_2026-08-29.csv
Everlane,King of Prussia Mall,,own-door,open,160 N Gulph Rd,King of Prussia,PA,19406,,King of Prussia Mall,https://www.everlane.com/stores,master store_type=standard (pre-recapture),,,2026-08-23,locations_2026-08-29.csv
Everlane,,,own-door,open,"1011 S Congress Ave. Bldg 1, Suite 140",Austin,TX,78704,,,https://www.everlane.com/stores,master store_type=standard (pre-recapture),,,2026-08-23,locations_2026-08-29.csv
Everlane,Tysons Corner Center,,own-door,open,1961 Chain Bridge Rd.,McLean,VA,22102,,Tysons Corner Center,https://www.everlane.com/stores,master store_type=standard (pre-recapture),,,2026-08-23,locations_2026-08-29.csv
Everlane,University Village,,own-door,open,2618 NE University Village St,Seattle,WA,98105,,University Village,https://www.everlane.com/stores,master store_type=standard (pre-recapture),,,2026-08-23,locations_2026-08-29.csv
Faherty,,,own-door,open,115 W Central Ave,Bentonville,AR,72712,,,https://stores.fahertybrand.com/ar/bentonville/btv69/,master store_type=standard (pre-recapture),,,2026-08-20,locations_2026-08-29.csv
Faherty,Scottsdale Quarter,,own-door,open,15147 N Scottsdale Rd Ste H-170,Scottsdale,AZ,85254,,Scottsdale Quarter,https://stores.fahertybrand.com/az/scottsdale/sdl32/,master store_type=standard (pre-recapture),,,2026-08-20,locations_2026-08-29.csv
Faherty,,,own-door,open,SE Corner Ocean Avenue & San Carlos St,Carmel,CA,93923,,,https://fahertybrand.com/pages/store-locator,master store_type=standard (pre-recapture),,,2026-08-20,locations_2026-08-29.csv
Faherty,The Village at Corte Madera,,own-door,open,1629 Redwood Highway,Corte Madera,CA,94925,,The Village at Corte Madera,https://fahertybrand.com/pages/store-locator,master store_type=standard (pre-recapture),,,2026-08-20,locations_2026-08-29.csv
Faherty,,,own-door,open,326 Healdsburg Ave,Healdsburg,CA,95448,,,https://fahertybrand.com/pages/store-locator,master store_type=standard (pre-recapture),,,2026-08-20,locations_2026-08-29.csv
Faherty,,,own-door,open,7824 Girard Ave,La Jolla,CA,92037,,,https://fahertybrand.com/pages/store-locator,master store_type=standard (pre-recapture),,,2026-08-20,locations_2026-08-29.csv
Faherty,,,own-door,open,255 Forest Avenue,Laguna Beach,CA,92651,,,https://fahertybrand.com/pages/store-locator,master store_type=standard (pre-recapture),,,2026-08-20,locations_2026-08-29.csv
Faherty,,,own-door,open,219 N. Larchmont Blvd,Los Angeles,CA,90004,,,https://stores.fahertybrand.com/ca/los-angeles/lmv64/,master store_type=standard (pre-recapture),,,2026-08-20,locations_2026-08-29.csv
Faherty,Malibu Country Mart,,own-door,open,"3835 Cross Creek Road, #5a",Malibu,CA,90265,,Malibu Country Mart,https://fahertybrand.com/pages/store-locator,master store_type=standard (pre-recapture),,,2026-08-20,locations_2026-08-29.csv
Faherty,Manhattan Village,,own-door,open,3160 Sepulveda Boulevard Space S-120,Manhattan Beach,CA,90266,,Manhattan Village,https://fahertybrand.com/pages/store-locator,master store_type=standard (pre-recapture),,,2026-08-20,locations_2026-08-29.csv
Faherty,Fashion Island,,own-door,open,1065 Newport Center Drive,Newport Beach,CA,92660,,Fashion Island,https://stores.fahertybrand.com/ca/newport-beach/fi21/,master store_type=standard (pre-recapture),,,2026-08-20,locations_2026-08-29.csv
Faherty,Lido Marina Village,,own-door,open,"3416 Via Oporto, Space 101",Newport Beach,CA,92663,,Lido Marina Village,https://stores.fahertybrand.com/ca/newport-beach/npb3/,master store_type=standard (pre-recapture),,,2026-08-20,locations_2026-08-29.csv
Faherty,,,own-door,open,146-148 N Palm Canyon Drive,Palm Springs,CA,92262,,,https://fahertybrand.com/pages/store-locator,master store_type=standard (pre-recapture),,,2026-08-20,locations_2026-08-29.csv
Faherty,Stanford Shopping Center,,own-door,open,"855 El Camino Real, Suite 36",Palo Alto,CA,94301,,Stanford Shopping Center,https://fahertybrand.com/pages/store-locator,master store_type=standard (pre-recapture),,,2026-08-20,locations_2026-08-29.csv
Faherty,One Paseo,,own-door,open,"3725 Paseo Place, Space 1000 & 1020",San Diego,CA,92130,,One Paseo,https://stores.fahertybrand.com/ca/san-diego/op9/,master store_type=standard (pre-recapture),,,2026-08-20,locations_2026-08-29.csv
Faherty,Westfield UTC,,own-door,open,"4305 La Jolla Village Dr, Suite 2436",San Diego,CA,92122,,Westfield UTC,https://stores.fahertybrand.com/ca/san-diego/utc76/,master store_type=standard (pre-recapture),,,2026-08-20,locations_2026-08-29.csv
Faherty,,,own-door,open,2110 Chestnut St.,San Francisco,CA,94123,,,https://stores.fahertybrand.com/ca/san-francisco/cs50/,master store_type=standard (pre-recapture),,,2026-08-20,locations_2026-08-29.csv
Faherty,,,own-door,open,542 Hayes Street,San Francisco,CA,94102,,,https://stores.fahertybrand.com/ca/san-francisco/sf12/,master store_type=standard (pre-recapture),,,2026-08-20,locations_2026-08-29.csv
Faherty,,,own-door,open,"1155 Coast Village Road, Ste. A",Santa Barbara,CA,93108,,,https://fahertybrand.com/pages/store-locator,master store_type=standard (pre-recapture),,,2026-08-20,locations_2026-08-29.csv
Faherty,,,own-door,open,1338 Abbot Kinney Blvd,Venice,CA,90291,,,https://fahertybrand.com/pages/store-locator,master store_type=standard (pre-recapture),,,2026-08-20,locations_2026-08-29.csv
Faherty,Twenty Ninth Street,,own-door,open,"1850 29th St, Suite #1016",Boulder,CO,80301,,Twenty Ninth Street,https://stores.fahertybrand.com/co/boulder/bld84/,master store_type=standard (pre-recapture),,,2026-08-20,locations_2026-08-29.csv
Faherty,,,own-door,open,2700 Walnut St,Denver,CO,80205,,,https://stores.fahertybrand.com/co/denver/rin66/,master store_type=standard (pre-recapture),,,2026-08-20,locations_2026-08-29.csv
Faherty,Park Meadows,,own-door,open,"8401 Park Meadows Center Dr., #2555",Lone Tree,CO,80124,,Park Meadows,https://stores.fahertybrand.com/co/lone-tree-/pmw99/,master store_type=standard (pre-recapture),,,2026-08-20,locations_2026-08-29.csv
Faherty,,,own-door,open,902 Lincoln Ave,Steamboat Springs,CO,80487,,,https://stores.fahertybrand.com/co/steamboat-springs/ss36/,master store_type=standard (pre-recapture),,,2026-08-20,locations_2026-08-29.csv
Faherty,,,own-door,open,"122 E. Meadow Drive, Space D4",Vail,CO,81657,,,https://stores.fahertybrand.com/co/vail/val92/,master store_type=standard (pre-recapture),,,2026-08-20,locations_2026-08-29.csv
Faherty,,,own-door,open,120 Greenwich Ave,Greenwich,CT,06830,,,https://stores.fahertybrand.com/ct/greenwich/grw27/,master store_type=standard (pre-recapture),,,2026-08-20,locations_2026-08-29.csv
Faherty,,,own-door,open,8-10 W. Main St,Mystic,CT,06355,,,https://stores.fahertybrand.com/ct/mystic/mct97/,master store_type=standard (pre-recapture),,,2026-08-20,locations_2026-08-29.csv
Faherty,,,own-door,open,26 Main St,Westport,CT,06880,,,https://stores.fahertybrand.com/ct/westport/wpt79/,master store_type=standard (pre-recapture),,,2026-08-20,locations_2026-08-29.csv
Faherty,,,own-door,open,1701 14th St NW,Washington,DC,20009,,,https://stores.fahertybrand.com/dc/washington-dc/wdc74/,master store_type=standard (pre-recapture),,,2026-08-20,locations_2026-08-29.csv
Faherty,,,own-door,open,3263 M St. NW,Washington,DC,20007,,,https://stores.fahertybrand.com/dc/washington/gt23/,master store_type=standard (pre-recapture),,,2026-08-20,locations_2026-08-29.csv
Faherty,,,own-door,open,325 E Atlantic Ave,Delray Beach,FL,33483,,,https://stores.fahertybrand.com/fl/delray-beach/drb82/,master store_type=standard (pre-recapture),,,2026-08-20,locations_2026-08-29.csv
Faherty,St. Johns Town Center,,own-door,open,4812 River City Dr Ste 121,Jacksonville,FL,32246,,St. Johns Town Center,https://stores.fahertybrand.com/fl/jacksonville/,master store_type=standard (pre-recapture),,,2026-08-20,locations_2026-08-29.csv
Faherty,Grand Boulevard at Sandestin,,own-door,open,"495 Grand Blvd, J-103",Miramar Beach,FL,32550,,Grand Boulevard at Sandestin,https://stores.fahertybrand.com/fl/miramar-beach/grb67/,master store_type=standard (pre-recapture),,,2026-08-20,locations_2026-08-29.csv
Faherty,The Gardens Mall,,own-door,open,"3101 PGA Boulevard, P-221",Palm Beach Gardens,FL,33410,,The Gardens Mall,https://stores.fahertybrand.com/fl/palm-beach-gardens/pbg93/,master store_type=standard (pre-recapture),,,2026-08-20,locations_2026-08-29.csv
Faherty,Rosemary Beach,,own-door,open,"16 S. Barrett Square, Unit 3C",Panama City Beach,FL,32461,,Rosemary Beach,https://stores.fahertybrand.com/fl/panama-city-beach/rb18/,master store_type=standard (pre-recapture),,,2026-08-20,locations_2026-08-29.csv
Faherty,,,own-door,open,6170 Jimmy Buffett Mem Hwy Unit G,Vero Beach,FL,32963,,,https://stores.fahertybrand.com/fl/vero-beach/,master store_type=standard (pre-recapture),,,2026-08-20,locations_2026-08-29.csv
Faherty,Avalon,,own-door,open,7125 Avalon Blvd,Alpharetta,GA,30009,,Avalon,https://stores.fahertybrand.com/ga/alpharetta/apr83/,master store_type=standard (pre-recapture),,,2026-08-20,locations_2026-08-29.csv
Faherty,Around Lenox,,own-door,open,3400 Around Lenox Rd NE #214,Atlanta,GA,30326,,Around Lenox,https://stores.fahertybrand.com/ga/atlanta/atl41/,master store_type=standard (pre-recapture),,,2026-08-20,locations_2026-08-29.csv
Faherty,,,own-door,open,109 W. Broughton St,Savannah,GA,31401,,,https://stores.fahertybrand.com/ga/savannah/sav60/,master store_type=standard (pre-recapture),,,2026-08-20,locations_2026-08-29.csv
Faherty,The Shops at Wailea,,own-door,open,3750 Wailea Alanui Dr,Wailea,HI,96753,,The Shops at Wailea,https://stores.fahertybrand.com/hi/wailea/,master store_type=standard (pre-recapture),,,2026-08-20,locations_2026-08-29.csv
Faherty,,,own-door,open,460 N Main St,Ketchum,ID,83340,,,https://stores.fahertybrand.com/id/ketchum/,master store_type=standard (pre-recapture),,,2026-08-20,locations_2026-08-29.csv
Faherty,,,own-door,open,819 W. Armitage Ave,Chicago,IL,60614,,,https://stores.fahertybrand.com/il/chicago/chi47/,master store_type=standard (pre-recapture),,,2026-08-20,locations_2026-08-29.csv
Faherty,,,own-door,open,684 N Bank Ln,Lake Forest,IL,60045,,,https://stores.fahertybrand.com/il/lake-forest/lkf61/,master store_type=standard (pre-recapture),,,2026-08-20,locations_2026-08-29.csv
Faherty,,,own-door,open,112 W Jefferson Ave,Naperville,IL,60540,,,https://stores.fahertybrand.com/il/naperville/nv34/,master store_type=standard (pre-recapture),,,2026-08-20,locations_2026-08-29.csv
Faherty,Oakbrook Center,,own-door,open,34 Oakbrook Center,Oak Brook,IL,60523,,Oakbrook Center,https://stores.fahertybrand.com/il/oak-brook/oak95/,master store_type=standard (pre-recapture),,,2026-08-20,locations_2026-08-29.csv
Faherty,,,own-door,open,117 Newbury St,Boston,MA,02116,,,https://stores.fahertybrand.com/ma/boston/bos5/,master store_type=standard (pre-recapture),,,2026-08-20,locations_2026-08-29.csv
Faherty,,,own-door,open,"70 Pier 4 Blvd., #350",Boston,MA,02210,,,https://stores.fahertybrand.com/ma/boston/ssq51/,master store_type=standard (pre-recapture),,,2026-08-20,locations_2026-08-29.csv
Faherty,,,own-door,open,470 Main St,Chatham,MA,02633,,,https://stores.fahertybrand.com/ma/chatham/cma96/,master store_type=standard (pre-recapture),,,2026-08-20,locations_2026-08-29.csv
Faherty,,,own-door,open,17 N Water St,Edgartown,MA,02539,,,https://stores.fahertybrand.com/ma/edgartown/,master store_type=standard (pre-recapture),,,2026-08-20,locations_2026-08-29.csv
Faherty,Derby Street Shops,,own-door,open,94 Derby St #247,Hingham,MA,02043,,Derby Street Shops,https://stores.fahertybrand.com/ma/hingham/hgm80/,master store_type=standard (pre-recapture),,,2026-08-20,locations_2026-08-29.csv
Faherty,MarketStreet Lynnfield,,own-door,open,1315 Market St,Lynnfield,MA,01940,,MarketStreet Lynnfield,https://stores.fahertybrand.com/ma/lynnfield/,master store_type=standard (pre-recapture),,,2026-08-20,locations_2026-08-29.csv
Faherty,,,own-door,open,0 Candle St,Nantucket,MA,02554,,,https://stores.fahertybrand.com/ma/nantucket/ack1/,master store_type=standard (pre-recapture),,,2026-08-20,locations_2026-08-29.csv
Faherty,,,own-door,open,50 Central St. #1-013,Wellesley,MA,02482,,,https://stores.fahertybrand.com/ma/wellesley/wel48/,master store_type=standard (pre-recapture),,,2026-08-20,locations_2026-08-29.csv
Faherty,Bethesda Row,,own-door,open,4848 Bethesda Ave,Bethesda,MD,20814,,Bethesda Row,https://stores.fahertybrand.com/md/bethesda/br45/,master store_type=standard (pre-recapture),,,2026-08-20,locations_2026-08-29.csv
Faherty,,,own-door,open,128 S Old Woodward Ave,Birmingham,MI,48009,,,https://stores.fahertybrand.com/mi/birmingham/bir40/,master store_type=standard (pre-recapture),,,2026-08-20,locations_2026-08-29.csv
Faherty,,,own-door,open,3922 W 50th St,Edina,MN,55424,,,https://stores.fahertybrand.com/mn/edina/edi44/,master store_type=standard (pre-recapture),,,2026-08-20,locations_2026-08-29.csv
Faherty,Big Sky Town Center,,own-door,open,"76 Town Center, Unit A4",Big Sky,MT,59716,,Big Sky Town Center,https://stores.fahertybrand.com/mt/big-sky/bs20/,master store_type=standard (pre-recapture),,,2026-08-20,locations_2026-08-29.csv
Faherty,Fenton,,own-door,open,"1 Fenton Main St, Ste 150",Cary,NC,27511,,Fenton,https://stores.fahertybrand.com/nc/cary/fnt55/,master store_type=standard (pre-recapture),,,2026-08-20,locations_2026-08-29.csv
Faherty,Palmer Square,,own-door,open,7 & 11 Palmer Square West,Princeton,NJ,08542,,Palmer Square,https://stores.fahertybrand.com/nj/princeton/,master store_type=standard (pre-recapture),,,2026-08-20,locations_2026-08-29.csv
Faherty,The Mall at Short Hills,,own-door,open,1200 Morris Park Turnpike Space A-121,Short Hills,NJ,07078,,The Mall at Short Hills,https://stores.fahertybrand.com/nj/short-hills/,master store_type=standard (pre-recapture),,,2026-08-20,locations_2026-08-29.csv
Faherty,The Grove at Shrewsbury,,own-door,open,567 Broad Street,Shrewsbury,NJ,07702,,The Grove at Shrewsbury,https://stores.fahertybrand.com/nj/shrewsbury/,master store_type=standard (pre-recapture),,,2026-08-20,locations_2026-08-29.csv
Faherty,,,own-door,open,1200 3rd Ave,Spring Lake,NJ,07762,,,https://stores.fahertybrand.com/nj/spring-lake/,master store_type=standard (pre-recapture),,,2026-08-20,locations_2026-08-29.csv
Faherty,,,own-door,open,127 Central Ave,Westfield,NJ,07090,,,https://stores.fahertybrand.com/nj/westfield/,master store_type=standard (pre-recapture),,,2026-08-20,locations_2026-08-29.csv
Faherty,,,own-door,open,167 Main St,Amagansett,NY,11930,,,https://stores.fahertybrand.com/ny/amagansett/ama17/,master store_type=standard (pre-recapture),,,2026-08-20,locations_2026-08-29.csv
Faherty,,,own-door,open,252 Wythe Avenue,Brooklyn,NY,11249,,,https://stores.fahertybrand.com/ny/brooklyn/wil37/,master store_type=standard (pre-recapture),,,2026-08-20,locations_2026-08-29.csv
Faherty,,,own-door,open,1175 Madison Ave.,New York,NY,10028,,,https://stores.fahertybrand.com/ny/new-york/mad46/,master store_type=standard (pre-recapture),,,2026-08-20,locations_2026-08-29.csv
Faherty,,,own-door,open,133 Prince Street,New York,NY,10012,,,https://stores.fahertybrand.com/ny/new-york/prn7/,master store_type=flagship (pre-recapture),,,2026-08-20,locations_2026-08-29.csv
Faherty,The Shops at Hudson Yards,,own-door,open,20 Hudson Yards Ru-204,New York,NY,10001,,The Shops at Hudson Yards,https://stores.fahertybrand.com/ny/new-york/hy13/,master store_type=standard (pre-recapture),,,2026-08-20,locations_2026-08-29.csv
Faherty,,,own-door,open,245 Columbus Avenue,New York,NY,10023,,,https://stores.fahertybrand.com/ny/new-york/col29/,master store_type=standard (pre-recapture),,,2026-08-20,locations_2026-08-29.csv
Faherty,,,own-door,open,351 Bleecker St,New York,NY,10014,,,https://stores.fahertybrand.com/ny/new-york/ble4/,master store_type=standard (pre-recapture),,,2026-08-20,locations_2026-08-29.csv
Faherty,,,own-door,open,46 Prince St,New York,NY,10012,,,https://stores.fahertybrand.com/ny/new-york/nol35/,master store_type=standard (pre-recapture),,,2026-08-20,locations_2026-08-29.csv
Faherty,,,own-door,open,56 Main Street,Sag Harbor,NY,11963,,,https://stores.fahertybrand.com/ny/sag-harbor/sag6/,master store_type=standard (pre-recapture),,,2026-08-20,locations_2026-08-29.csv
Faherty,,,own-door,open,50 Main St.,Southampton,NY,11968,,,https://stores.fahertybrand.com/ny/southampton/shp57/,master store_type=standard (pre-recapture),,,2026-08-20,locations_2026-08-29.csv
Faherty,Easton Town Center,,own-door,open,4215 The Strand,Columbus,OH,43219,,Easton Town Center,https://stores.fahertybrand.com/oh/columbus/etc88/,master store_type=standard (pre-recapture),,,2026-08-20,locations_2026-08-29.csv
Faherty,,,own-door,open,940 NW 23rd Ave,Portland,OR,97210,,,https://stores.fahertybrand.com/or/portland/ptl56/,master store_type=standard (pre-recapture),,,2026-08-20,locations_2026-08-29.csv
Faherty,Suburban Square,,own-door,open,60 Coulter Ave.,Ardmore,PA,19003,,Suburban Square,https://stores.fahertybrand.com/pa/ardmore/,master store_type=standard (pre-recapture),,,2026-08-20,locations_2026-08-29.csv
Faherty,King of Prussia Mall,,own-door,open,"160 N. Gulph Rd, Space #2098D",King of Prussia,PA,19406,,King of Prussia Mall,https://stores.fahertybrand.com/pa/king-of-prussia/,master store_type=standard (pre-recapture),,,2026-08-20,locations_2026-08-29.csv
Faherty,,,own-door,open,1600 Walnut St.,Philadelphia,PA,19123,,,https://stores.fahertybrand.com/pa/philadelphia/,master store_type=standard (pre-recapture),,,2026-08-20,locations_2026-08-29.csv
Faherty,,,own-door,open,130 Thames St,Newport,RI,02840,,,https://stores.fahertybrand.com/ri/newport/npt75/,master store_type=standard (pre-recapture),,,2026-08-20,locations_2026-08-29.csv
Faherty,,,own-door,open,249 King St,Charleston,SC,29401,,,https://stores.fahertybrand.com/sc/charleston/,master store_type=standard (pre-recapture),,,2026-08-20,locations_2026-08-29.csv
Faherty,Freshfields Village,,own-door,open,"465 Freshfields Drive, #H100",Kiawah Island,SC,29455,,Freshfields Village,https://stores.fahertybrand.com/sc/kiawah-island/ki28/,master store_type=standard (pre-recapture),,,2026-08-20,locations_2026-08-29.csv
Faherty,The Arcade,,own-door,open,1 The Arcade,Nashville,TN,37219,,The Arcade,https://stores.fahertybrand.com/tn/nashville/arc90/,master store_type=standard (pre-recapture),,,2026-08-20,locations_2026-08-29.csv
Faherty,,,own-door,open,2315 12th Ave S,Nashville,TN,37204,,,https://stores.fahertybrand.com/tn/nashville/nv26/,master store_type=standard (pre-recapture),,,2026-08-20,locations_2026-08-29.csv
Faherty,The Domain,,own-door,open,"11700 Domain Blvd, Suite 100",Austin,TX,78758,,The Domain,https://stores.fahertybrand.com/tx/austin/aus25/,master store_type=standard (pre-recapture),,,2026-08-20,locations_2026-08-29.csv
Faherty,NorthPark Center,,own-door,open,8687 N Central Expy #754,Dallas,TX,75225,,NorthPark Center,https://stores.fahertybrand.com/tx/dallas/dal30/,master store_type=standard (pre-recapture),,,2026-08-20,locations_2026-08-29.csv
Faherty,University Park Village,,own-door,open,1604 S University Dr #503B,Fort Worth,TX,76107,,University Park Village,https://stores.fahertybrand.com/tx/forth-worth/fwh81/,master store_type=standard (pre-recapture),,,2026-08-20,locations_2026-08-29.csv
Faherty,Southlake Town Square,,own-door,open,301 Grand Ave W,Southlake,TX,76092,,Southlake Town Square,https://stores.fahertybrand.com/tx/southlake/stl65/,master store_type=standard (pre-recapture),,,2026-08-20,locations_2026-08-29.csv
Faherty,Mosaic District,,own-door,open,"2905 District Ave, Suite 125",Fairfax,VA,22031,,Mosaic District,https://stores.fahertybrand.com/va/fairfax/mod58/,master store_type=standard (pre-recapture),,,2026-08-20,locations_2026-08-29.csv
Faherty,,,own-door,open,"324 20th Street, #130",Virginia Beach,VA,23451,,,https://stores.fahertybrand.com/va/virginia-beach/vab89/,master store_type=standard (pre-recapture),,,2026-08-20,locations_2026-08-29.csv
Faherty,University Village,,own-door,open,2625 NE Village Ln,Seattle,WA,98105,,University Village,https://stores.fahertybrand.com/wa/seattle/sea24/,master store_type=standard (pre-recapture),,,2026-08-20,locations_2026-08-29.csv
Faherty,Hilldale Shopping Center,,own-door,open,708 N Midvale Blvd Ste N-140,Madison,WI,53705,,Hilldale Shopping Center,https://stores.fahertybrand.com/wi/madison/hld62/,master store_type=standard (pre-recapture),,,2026-08-20,locations_2026-08-29.csv
Fendi,,,own-door,open,201 N Rodeo Drive,Beverly Hills,CA,90210,,,https://www.fendi.com/us-en/store-locator,master store_type=standard (pre-recapture),,,2026-08-24,locations_2026-08-29.csv
Fendi,South Coast Plaza,,own-door,open,3333 Bristol Street #1631,Costa Mesa,CA,92626,,South Coast Plaza,https://www.fendi.com/us-en/store-locator,master store_type=standard (pre-recapture),,,2026-08-24,locations_2026-08-29.csv
Fendi,Westfield Valley Fair,,own-door,open,2855 Stevens Creek Blvd Suite #1399,Santa Clara,CA,95050,,Westfield Valley Fair,https://www.fendi.com/us-en/store-locator,master store_type=standard (pre-recapture),,,2026-08-24,locations_2026-08-29.csv
Fendi,Aventura Mall,,own-door,open,19501 Biscayne Blvd Unit #317,Aventura,FL,33180,,Aventura Mall,https://www.fendi.com/us-en/store-locator,master store_type=standard (pre-recapture),,,2026-08-24,locations_2026-08-29.csv
Fendi,Bal Harbour Shops,,own-door,open,9700 Collins Avenue Store No. 117,Bal Harbour,FL,33154,,Bal Harbour Shops,https://www.fendi.com/us-en/store-locator,master store_type=standard (pre-recapture),,,2026-08-24,locations_2026-08-29.csv
Fendi,Miami Design District,,own-door,open,150 NE 40th Street,Miami,FL,33137,,Miami Design District,https://www.fendi.com/us-en/store-locator,master store_type=standard (pre-recapture),,,2026-08-24,locations_2026-08-29.csv
Fendi,Phipps Plaza,,own-door,open,3500 Peachtree Rd NE #1105B,Atlanta,GA,30326,,Phipps Plaza,https://www.fendi.com/us-en/store-locator,master store_type=standard (pre-recapture),,,2026-08-24,locations_2026-08-29.csv
Fendi,Royal Hawaiian Center,,own-door,open,2301 Kalakaua Avenue,Honolulu,HI,96815,,Royal Hawaiian Center,https://www.fendi.com/us-en/store-locator,master store_type=standard (pre-recapture),,,2026-08-24,locations_2026-08-29.csv
Fendi,Copley Place,,own-door,open,100 Huntington Avenue,Boston,MA,02116,,Copley Place,https://www.fendi.com/us-en/store-locator,master store_type=standard (pre-recapture),,,2026-08-24,locations_2026-08-29.csv
Fendi,The Mall at Short Hills,,own-door,open,1200 Morris Turnpike,Short Hills,NJ,07078,,The Mall at Short Hills,https://www.fendi.com/us-en/store-locator,master store_type=standard (pre-recapture),,,2026-08-24,locations_2026-08-29.csv
Fendi,Wynn Las Vegas,,own-door,open,3131 Las Vegas Blvd Suite #1,Las Vegas,NV,89109,,Wynn Las Vegas,https://www.fendi.com/us-en/store-locator,master store_type=standard (pre-recapture),,,2026-08-24,locations_2026-08-29.csv
Fendi,The Forum Shops at Caesars,,own-door,open,3500 Las Vegas Blvd. Suite A-13A,Las Vegas,NV,89109,,The Forum Shops at Caesars,https://www.fendi.com/us-en/store-locator,master store_type=standard (pre-recapture),,,2026-08-24,locations_2026-08-29.csv
Fendi,The Shops at Crystals,,own-door,open,3720 S Las Vegas Blvd STE #202,Las Vegas,NV,89158,,The Shops at Crystals,https://www.fendi.com/us-en/store-locator,master store_type=standard (pre-recapture),,,2026-08-24,locations_2026-08-29.csv
Fendi,Americana Manhasset,,own-door,open,2110 B Northern Boulevard,Manhasset,NY,11030,,Americana Manhasset,https://www.fendi.com/us-en/store-locator,master store_type=standard (pre-recapture),,,2026-08-24,locations_2026-08-29.csv
Fendi,Hudson Yards,,own-door,open,500 W 33rd St #RU129,New York,NY,10001,,Hudson Yards,https://www.fendi.com/us-en/store-locator,master store_type=standard (pre-recapture),,,2026-08-24,locations_2026-08-29.csv
Fendi,,,own-door,open,595 Madison Avenue,New York,NY,10022,,,https://www.fendi.com/us-en/store-locator,master store_type=standard (pre-recapture),,,2026-08-24,locations_2026-08-29.csv
Fendi,,,own-door,open,99 Greene Street,New York,NY,10012,,,https://www.fendi.com/us-en/store-locator,master store_type=standard (pre-recapture),,,2026-08-24,locations_2026-08-29.csv
Fendi,The Plaza at King of Prussia,,own-door,open,350 Mall Blvd. Suite 3017,King of Prussia,PA,19406,,The Plaza at King of Prussia,https://www.fendi.com/us-en/store-locator,master store_type=standard (pre-recapture),,,2026-08-24,locations_2026-08-29.csv
Fendi,Highland Park Village,,own-door,open,16 Highland Park Village Building B,Dallas,TX,75205,,Highland Park Village,https://www.fendi.com/us-en/store-locator,master store_type=standard (pre-recapture),,,2026-08-24,locations_2026-08-29.csv
Fendi,The Galleria,,own-door,open,5015 Westheimer #2115,Houston,TX,77056,,The Galleria,https://www.fendi.com/us-en/store-locator,master store_type=standard (pre-recapture),,,2026-08-24,locations_2026-08-29.csv
Ferragamo,Scottsdale Fashion Square,,own-door,open,"7014 E Camelback, Suite 1129",Scottsdale,AZ,85251,,Scottsdale Fashion Square,https://www.ferragamo.com/en-us/store-locator,master store_type=standard (pre-recapture),,,2026-08-24,locations_2026-08-29.csv
Ferragamo,,,own-door,open,357 North Rodeo Drive,Beverly Hills,CA,90210,,,https://www.ferragamo.com/en-us/store-locator,master store_type=standard (pre-recapture),,,2026-08-24,locations_2026-08-29.csv
Ferragamo,Westfield Topanga,,own-door,open,6600 Topanga Canyon Blvd Space 46,Canoga Park,CA,91303,,Westfield Topanga,https://www.ferragamo.com/en-us/store-locator,master store_type=standard (pre-recapture),,,2026-08-24,locations_2026-08-29.csv
Ferragamo,South Coast Plaza,,own-door,open,3333 Bristol Street Suite #2515,Costa Mesa,CA,92626,,South Coast Plaza,https://www.ferragamo.com/en-us/store-locator,master store_type=standard (pre-recapture),,,2026-08-24,locations_2026-08-29.csv
Ferragamo,Beverly Center,,own-door,open,8500 Beverly Blvd Suite 761,Los Angeles,CA,90048,,Beverly Center,https://www.ferragamo.com/en-us/store-locator,master store_type=standard (pre-recapture),,,2026-08-24,locations_2026-08-29.csv
Ferragamo,Fashion Valley,,own-door,open,7007 Friars Rd Suite 1010,San Diego,CA,92108,,Fashion Valley,https://www.ferragamo.com/en-us/store-locator,master store_type=standard (pre-recapture),,,2026-08-24,locations_2026-08-29.csv
Ferragamo,,,own-door,open,236 Post Street,San Francisco,CA,94108,,,https://www.ferragamo.com/en-us/store-locator,master store_type=standard (pre-recapture),,,2026-08-24,locations_2026-08-29.csv
Ferragamo,Westfield Valley Fair,,own-door,open,2855 Stevens Creek Blvd Suite 1373,Santa Clara,CA,95050,,Westfield Valley Fair,https://www.ferragamo.com/en-us/store-locator,master store_type=standard (pre-recapture),,,2026-08-24,locations_2026-08-29.csv
Ferragamo,,,own-door,open,1001 H ST NW Suite 206,Washington,DC,20001,,,https://www.ferragamo.com/en-us/store-locator,master store_type=standard (pre-recapture),,,2026-08-24,locations_2026-08-29.csv
Ferragamo,Aventura Mall,,own-door,open,19575 Biscayne Blvd,Aventura,FL,33180,,Aventura Mall,https://www.ferragamo.com/en-us/store-locator,master store_type=standard (pre-recapture),,,2026-08-24,locations_2026-08-29.csv
Ferragamo,Bal Harbour Shops,,own-door,open,9700 Collins Avenue,Bal Harbour,FL,33154,,Bal Harbour Shops,https://www.ferragamo.com/en-us/store-locator,master store_type=standard (pre-recapture),,,2026-08-24,locations_2026-08-29.csv
Ferragamo,,,own-door,open,115 North East 39th Street,Miami,FL,33137,,,https://www.ferragamo.com/en-us/store-locator,master store_type=standard (pre-recapture),,,2026-08-24,locations_2026-08-29.csv
Ferragamo,Dadeland Mall,,own-door,open,7535 N Kendall Dr,Miami,FL,33156,,Dadeland Mall,https://www.ferragamo.com/en-us/store-locator,master store_type=standard (pre-recapture),,,2026-08-24,locations_2026-08-29.csv
Ferragamo,Waterside Shops,,own-door,open,5495-19 Tamiami Trail N.,Naples,FL,34108,,Waterside Shops,https://www.ferragamo.com/en-us/store-locator,master store_type=standard (pre-recapture),,,2026-08-24,locations_2026-08-29.csv
Ferragamo,Mall at Millenia,,own-door,open,4200 Conroy Rd,Orlando,FL,32839,,Mall at Millenia,https://www.ferragamo.com/en-us/store-locator,master store_type=standard (pre-recapture),,,2026-08-24,locations_2026-08-29.csv
Ferragamo,,,own-door,open,200 Worth Avenue,Palm Beach,FL,33480,,,https://www.ferragamo.com/en-us/store-locator,master store_type=standard (pre-recapture),,,2026-08-24,locations_2026-08-29.csv
Ferragamo,The Gardens Mall,,own-door,open,3101 PGA Blvd Space Q-217,Palm Beach Gardens,FL,33410,,The Gardens Mall,https://www.ferragamo.com/en-us/store-locator,master store_type=standard (pre-recapture),,,2026-08-24,locations_2026-08-29.csv
Ferragamo,Lenox Square,,own-door,open,3393 Peachtree Rd,Atlanta,GA,30326,,Lenox Square,https://www.ferragamo.com/en-us/store-locator,master store_type=standard (pre-recapture),,,2026-08-24,locations_2026-08-29.csv
Ferragamo,Royal Hawaiian Center,,own-door,open,"2201 Kalakaua Ave, #C-103B",Honolulu,HI,96815,,Royal Hawaiian Center,https://www.ferragamo.com/en-us/store-locator,master store_type=standard (pre-recapture),,,2026-08-24,locations_2026-08-29.csv
Ferragamo,,,own-door,open,645 North Michigan Avenue,Chicago,IL,60611,,,https://www.ferragamo.com/en-us/store-locator,master store_type=standard (pre-recapture),,,2026-08-24,locations_2026-08-29.csv
Ferragamo,Copley Place,,own-door,open,100 Huntington Avenue Suite A012A,Boston,MA,02116,,Copley Place,https://www.ferragamo.com/en-us/store-locator,master store_type=standard (pre-recapture),,,2026-08-24,locations_2026-08-29.csv
Ferragamo,Somerset Collection,,own-door,open,2801 West Big Beaver Rd. Space E-140,Troy,MI,48084,,Somerset Collection,https://www.ferragamo.com/en-us/store-locator,master store_type=standard (pre-recapture),,,2026-08-24,locations_2026-08-29.csv
Ferragamo,The Shops at Riverside,,own-door,open,390 Hackensack Avenue Suite180B,Hackensack,NJ,07601,,The Shops at Riverside,https://www.ferragamo.com/en-us/store-locator,master store_type=standard (pre-recapture),,,2026-08-24,locations_2026-08-29.csv
Ferragamo,Garden State Plaza,,own-door,open,1 Garden State Suite 1119,Paramus,NJ,07652,,Garden State Plaza,https://www.ferragamo.com/en-us/store-locator,master store_type=standard (pre-recapture),,,2026-08-24,locations_2026-08-29.csv
Ferragamo,The Mall at Short Hills,,own-door,open,1200 Morris Turnpike Suite D243,Short Hills,NJ,07078,,The Mall at Short Hills,https://www.ferragamo.com/en-us/store-locator,master store_type=standard (pre-recapture),,,2026-08-24,locations_2026-08-29.csv
Ferragamo,Wynn Las Vegas,,own-door,open,3131 Las Vegas Blvd South Suite 100,Las Vegas,NV,89109,,Wynn Las Vegas,https://www.ferragamo.com/en-us/store-locator,master store_type=standard (pre-recapture),,,2026-08-24,locations_2026-08-29.csv
Ferragamo,The Shoppes at the Palazzo,,own-door,open,3327 Las Vegas Blvd South Suite 2750,Las Vegas,NV,89109,,The Shoppes at the Palazzo,https://www.ferragamo.com/en-us/store-locator,master store_type=standard (pre-recapture),,,2026-08-24,locations_2026-08-29.csv
Ferragamo,Forum Shops at Caesars,,own-door,open,3500 Las Vegas Blvd South Suite 812,Las Vegas,NV,89109,,Forum Shops at Caesars,https://www.ferragamo.com/en-us/store-locator,master store_type=standard (pre-recapture),,,2026-08-24,locations_2026-08-29.csv
Ferragamo,Americana Manhasset,,own-door,open,2106 Northern Blvd,Manhasset,NY,11030,,Americana Manhasset,https://www.ferragamo.com/en-us/store-locator,master store_type=standard (pre-recapture),,,2026-08-24,locations_2026-08-29.csv
Ferragamo,,,own-door,open,63 Greene Street,New York,NY,10012,,,https://www.ferragamo.com/en-us/store-locator,master store_type=standard (pre-recapture),,,2026-08-24,locations_2026-08-29.csv
Ferragamo,,,own-door,open,663 Fifth Avenue,New York,NY,10022,,,https://www.ferragamo.com/en-us/store-locator,master store_type=standard (pre-recapture),,,2026-08-24,locations_2026-08-29.csv
Ferragamo,The Westchester,,own-door,open,125 Westchester Avenue Space 1080A,White Plains,NY,10601,,The Westchester,https://www.ferragamo.com/en-us/store-locator,master store_type=standard (pre-recapture),,,2026-08-24,locations_2026-08-29.csv
Ferragamo,King of Prussia,,own-door,open,350 Mall Blvd. Suite #3020,King of Prussia,PA,19406,,King of Prussia,https://www.ferragamo.com/en-us/store-locator,master store_type=standard (pre-recapture),,,2026-08-24,locations_2026-08-29.csv
Ferragamo,NorthPark Center,,own-door,open,8687 North Central Expressway Suite #323,Dallas,TX,75225,,NorthPark Center,https://www.ferragamo.com/en-us/store-locator,master store_type=standard (pre-recapture),,,2026-08-24,locations_2026-08-29.csv
Ferragamo,The Galleria,,own-door,open,"5015 Westheimer RD, Suite 2180",Houston,TX,77056,,The Galleria,https://www.ferragamo.com/en-us/store-locator,master store_type=standard (pre-recapture),,,2026-08-24,locations_2026-08-29.csv
Ferragamo,Tysons Galleria,,own-door,open,2001 International Dr Suite 2514,McLean,VA,22102,,Tysons Galleria,https://www.ferragamo.com/en-us/store-locator,master store_type=standard (pre-recapture),,,2026-08-24,locations_2026-08-29.csv
Filson,,,own-door,open,"3210 W Sunset Blvd, Unit 1",Los Angeles,CA,90026,,,https://www.filson.com/pages/store-locator,master store_type=standard (pre-recapture),,,2026-08-23,locations_2026-08-29.csv
Filson,,,own-door,open,722 Montgomery Street,San Francisco,CA,94111,,,https://www.filson.com/pages/store-locator,master store_type=standard (pre-recapture),,,2026-08-23,locations_2026-08-29.csv
Filson,,,own-door,open,1631 14th St NW,Washington,DC,20009,,,https://www.filson.com/pages/store-locator,master store_type=standard (pre-recapture),,,2026-08-23,locations_2026-08-29.csv
Filson,,,own-door,open,167 N Sangamon St,Chicago,IL,60607,,,https://www.filson.com/pages/store-locator,master store_type=standard (pre-recapture),,,2026-08-23,locations_2026-08-29.csv
Filson,,,own-door,open,41 West Jefferson Ave,Naperville,IL,60540,,,https://www.filson.com/pages/store-locator,master store_type=standard (pre-recapture),,,2026-08-23,locations_2026-08-29.csv
Filson,Seaport,,own-door,open,52 Seaport Blvd,Boston,MA,02210,,Seaport,https://www.filson.com/pages/store-locator,master store_type=standard (pre-recapture),,,2026-08-23,locations_2026-08-29.csv
Filson,,,own-door,open,"441 W Canfield St, Suite 1",Detroit,MI,48201,,,https://www.filson.com/pages/store-locator,master store_type=standard (pre-recapture),,,2026-08-23,locations_2026-08-29.csv
Filson,Galleria Edina,,own-door,open,"3510 Galleria, Suite 3195",Edina,MN,55435,,Galleria Edina,https://www.filson.com/pages/store-locator,master store_type=standard (pre-recapture),,,2026-08-23,locations_2026-08-29.csv
Filson,,,own-door,open,876 Broadway,New York,NY,10003,,,https://www.filson.com/pages/store-locator,master store_type=standard (pre-recapture),,,2026-08-23,locations_2026-08-29.csv
Filson,,,own-door,open,526 NW 13th Ave,Portland,OR,97209,,,https://www.filson.com/pages/store-locator,master store_type=standard (pre-recapture),,,2026-08-23,locations_2026-08-29.csv
Filson,,,own-door,open,1741 1st Ave S,Seattle,WA,98134,,,https://www.filson.com/pages/store-locator,master store_type=standard (pre-recapture),,,2026-08-23,locations_2026-08-29.csv
Filson,,,own-door,open,5101 Ballard Ave NW,Seattle,WA,98107,,,https://www.filson.com/pages/store-locator,master store_type=standard (pre-recapture),,,2026-08-23,locations_2026-08-29.csv
Frame,,,own-door,open,Scottsdale Fashion Square,Scottsdale,AZ,85251,,,https://frame-store.com/pages/stores,master store_type=standard (pre-recapture),,,2026-08-24,locations_2026-08-29.csv
Frame,,,own-door,open,8467 Melrose Place,Los Angeles,CA,90069,,,https://frame-store.com/pages/stores,master store_type=standard (pre-recapture),,,2026-08-24,locations_2026-08-29.csv
Frame,,,own-door,open,23465 Civic Center Way,Malibu,CA,90265,,,https://frame-store.com/pages/stores,master store_type=standard (pre-recapture),,,2026-08-24,locations_2026-08-29.csv
Frame,Stanford Shopping Center,,own-door,open,660 Stanford Shopping Center,Palo Alto,CA,94304,,Stanford Shopping Center,https://frame-store.com/pages/stores,master store_type=standard (pre-recapture),,,2026-08-24,locations_2026-08-29.csv
Frame,,,own-door,open,2142 Fillmore St,San Francisco,CA,94115,,,https://frame-store.com/pages/stores,master store_type=standard (pre-recapture),,,2026-08-24,locations_2026-08-29.csv
Frame,,,own-door,open,535 E Hyman Ave,Aspen,CO,81611,,,https://frame-store.com/pages/stores,master store_type=standard (pre-recapture),,,2026-08-24,locations_2026-08-29.csv
Frame,,,own-door,open,250 Greenwich Ave,Greenwich,CT,06830,,,https://frame-store.com/pages/stores,master store_type=standard (pre-recapture),,,2026-08-24,locations_2026-08-29.csv
Frame,,,own-door,open,3105 M Street NW,Washington,DC,20007,,,https://frame-store.com/pages/stores,master store_type=standard (pre-recapture),,,2026-08-24,locations_2026-08-29.csv
Frame,,,own-door,open,340 Royal Poinciana Way,Palm Beach,FL,33480,,,https://frame-store.com/pages/stores,master store_type=standard (pre-recapture),,,2026-08-24,locations_2026-08-29.csv
Frame,,,own-door,open,156 Newbury Street,Boston,MA,02116,,,https://frame-store.com/pages/stores,master store_type=standard (pre-recapture),,,2026-08-24,locations_2026-08-29.csv
Frame,,,own-door,open,51 Mercer St,New York,NY,10013,,,https://frame-store.com/pages/stores,master store_type=standard (pre-recapture),,,2026-08-24,locations_2026-08-29.csv
Frame,,,own-door,open,64 Gansevoort,New York,NY,10014,,,https://frame-store.com/pages/stores,master store_type=standard (pre-recapture),,,2026-08-24,locations_2026-08-29.csv
Frame,,,own-door,open,900 Madison Ave,New York,NY,10021,,,https://frame-store.com/pages/stores,master store_type=standard (pre-recapture),,,2026-08-24,locations_2026-08-29.csv
Frame,,,own-door,open,1011 S Congress Avenue,Austin,TX,78704,,,https://frame-store.com/pages/stores,master store_type=standard (pre-recapture),,,2026-08-24,locations_2026-08-29.csv
Frame,Highland Park Village,,own-door,open,6 Highland Park Village,Dallas,TX,75205,,Highland Park Village,https://frame-store.com/pages/stores,master store_type=standard (pre-recapture),,,2026-08-24,locations_2026-08-29.csv
Frame,River Oaks District,,own-door,open,4444 Westheimer Road,Houston,TX,77027,,River Oaks District,https://frame-store.com/pages/stores,master store_type=standard (pre-recapture),,,2026-08-24,locations_2026-08-29.csv
Giorgio Armani,,,own-door,open,436 N Rodeo Drive,Beverly Hills,CA,90210,,,https://www.armani.com/en-us/experience/stores/giorgio-armani/united-states,master store_type=standard (pre-recapture),,,2026-08-24,locations_2026-08-29.csv
Giorgio Armani,South Coast Plaza,,own-door,open,"3333 Bristol Street, Suite 2883",Costa Mesa,CA,92626,,South Coast Plaza,https://www.armani.com/en-us/experience/stores/giorgio-armani/united-states,master store_type=standard (pre-recapture),,,2026-08-24,locations_2026-08-29.csv
Giorgio Armani,,,own-door,open,166 Grant Avenue,San Francisco,CA,94108,,,https://www.armani.com/en-us/experience/stores/giorgio-armani/united-states,master store_type=standard (pre-recapture),,,2026-08-24,locations_2026-08-29.csv
Giorgio Armani,City Center DC,,own-door,open,975 I Street NW,Washington,DC,20001,,City Center DC,https://www.armani.com/en-us/experience/stores/giorgio-armani/united-states,master store_type=standard (pre-recapture),,,2026-08-24,locations_2026-08-29.csv
Giorgio Armani,Miami Design District,,own-door,open,174 NE 39th Street,Miami,FL,33137,,Miami Design District,https://www.armani.com/en-us/experience/stores/giorgio-armani/united-states,master store_type=standard (pre-recapture),,,2026-08-24,locations_2026-08-29.csv
Giorgio Armani,Ala Moana Center,,own-door,open,"1450 Ala Moana Blvd., Suite 2206",Honolulu,HI,96814,,Ala Moana Center,https://www.armani.com/en-us/experience/stores/giorgio-armani/united-states,master store_type=standard (pre-recapture),,,2026-08-24,locations_2026-08-29.csv
Giorgio Armani,,,own-door,open,25 B East Oak Street,Chicago,IL,60611,,,https://www.armani.com/en-us/experience/stores/giorgio-armani/united-states,master store_type=standard (pre-recapture),,,2026-08-24,locations_2026-08-29.csv
Giorgio Armani,,,own-door,open,22 Newbury Street,Boston,MA,02116,,,https://www.armani.com/en-us/experience/stores/giorgio-armani/united-states,master store_type=standard (pre-recapture),,,2026-08-24,locations_2026-08-29.csv
Giorgio Armani,Forum Shops at Caesars,,own-door,open,"3500 Las Vegas Boulevard South, Unit H05c",Las Vegas,NV,89109,,Forum Shops at Caesars,https://www.armani.com/en-us/experience/stores/giorgio-armani/united-states,master store_type=standard (pre-recapture),,,2026-08-24,locations_2026-08-29.csv
Giorgio Armani,The Shops at Crystals,,own-door,open,3720 South Las Vegas Blvd Suite #106,Las Vegas,NV,89158,,The Shops at Crystals,https://www.armani.com/en-us/experience/stores/giorgio-armani/united-states,master store_type=standard (pre-recapture),,,2026-08-24,locations_2026-08-29.csv
Giorgio Armani,,,own-door,open,760 Madison Avenue,New York,NY,10065,,,https://www.armani.com/en-us/experience/stores/giorgio-armani/united-states,master store_type=standard (pre-recapture),,,2026-08-24,locations_2026-08-29.csv
Giorgio Armani,The Galleria,,own-door,open,"5015 Westheimer Road, Suite A2432",Houston,TX,77056,,The Galleria,https://www.armani.com/en-us/experience/stores/giorgio-armani/united-states,master store_type=standard (pre-recapture),,,2026-08-24,locations_2026-08-29.csv
Givenchy,,,own-door,open,332 N. Rodeo Drive,Beverly Hills,CA,90210,,,https://www.givenchy.com/us/en-US/storelocator,master store_type=standard (pre-recapture),,,2026-08-24,locations_2026-08-29.csv
Givenchy,South Coast Plaza,,own-door,open,3333 Bristol Street - Suite 2261,Costa Mesa,CA,92626,,South Coast Plaza,https://www.givenchy.com/us/en-US/storelocator,master store_type=standard (pre-recapture),,,2026-08-24,locations_2026-08-29.csv
Givenchy,Aventura Mall,,own-door,open,19501 Biscayne Boulevard - Suite 277,Aventura,FL,33180,,Aventura Mall,https://www.givenchy.com/us/en-US/storelocator,master store_type=standard (pre-recapture),,,2026-08-24,locations_2026-08-29.csv
Givenchy,Miami Design District,,own-door,open,102 N.E. 39th Street - Unit 104,Miami,FL,33137,,Miami Design District,https://www.givenchy.com/us/en-US/storelocator,master store_type=standard (pre-recapture),,,2026-08-24,locations_2026-08-29.csv
Givenchy,Phipps Plaza,,own-door,open,3500 Peachtree Rd NE Suite#1050C,Atlanta,GA,30326,,Phipps Plaza,https://www.givenchy.com/us/en-US/storelocator,master store_type=standard (pre-recapture),,,2026-08-24,locations_2026-08-29.csv
Givenchy,Wynn Las Vegas,,own-door,open,3131 Las Vegas Boulevard South Space 105,Las Vegas,NV,89109,,Wynn Las Vegas,https://www.givenchy.com/us/en-US/storelocator,master store_type=standard (pre-recapture),,,2026-08-24,locations_2026-08-29.csv
Givenchy,,,own-door,open,94 Greene Street,New York,NY,10012,,,https://www.givenchy.com/us/en-US/storelocator,master store_type=standard (pre-recapture),,,2026-08-24,locations_2026-08-29.csv
Givenchy,NorthPark Center,,own-door,open,8687 North Central Expy Suite 621,Dallas,TX,75225,,NorthPark Center,https://www.givenchy.com/us/en-US/storelocator,master store_type=standard (pre-recapture),,,2026-08-24,locations_2026-08-29.csv
Golden Goose,Phoenix Scottsdale,,own-door,open,7014 E. Camelback Road - Space 1130,Scottsdale,AZ,85251,+16235261032,,https://www.goldengoose.com/us/en/stores/scottsdale/97,,,,2026-09-06,golden_goose_classified_2026-09-06.csv
Golden Goose,Los Angeles Rodeo Drive,,own-door,open,238 N Rodeo Dr,Beverly Hills,CA,90210,+1+1 310 734 7240,,https://www.goldengoose.com/us/en/stores/beverly-hills/134,,Phone formatting error on site; Duplicate listing: Rodeo Drive appears twice (IDs 134 & 198),,2026-09-06,golden_goose_classified_2026-09-06.csv
Golden Goose,Topanga,,own-door,open,"Suite 1082E 6600 Topanga Canyon Blvd, Canoga Park",Canoga Park,CA,91303,+1818 912 6725,,https://www.goldengoose.com/us/en/stores/topanga/119,,,,2026-09-06,golden_goose_classified_2026-09-06.csv
Golden Goose,Los Angeles Scp,,own-door,open,3333 Bristol Street - Suite 2024,Costa Mesa,CA,92626,+16572125453,,https://www.goldengoose.com/us/en/stores/los-angeles/26,,Duplicate listing: South Coast Plaza appears twice (IDs 109 & 26),,2026-09-06,golden_goose_classified_2026-09-06.csv
Golden Goose,Glendale,,own-door,open,710 Americana Way Space E-2,Glendale,CA,91210,+1818-396-5060,,https://www.goldengoose.com/us/en/stores/glendale/239,,,,2026-09-06,golden_goose_classified_2026-09-06.csv
Golden Goose,Los Angeles Melrose,,own-door,open,8417 Melrose Place - Unit C,Los Angeles,CA,90069,+19292021327,,https://www.goldengoose.com/us/en/stores/los-angeles/25,,,,2026-09-06,golden_goose_classified_2026-09-06.csv
Golden Goose,Los Angeles Beverly Center,,own-door,open,Suite #765 8500 Beverly Boulevard,Los Angeles,CA,90048,+14243634882,,https://www.goldengoose.com/us/en/stores/los-angeles/202,,,,2026-09-06,golden_goose_classified_2026-09-06.csv
Golden Goose,Pacific Palisades,,own-door,open,"Unit 102, 1028 N Swarthmore Avenue",Pacific Palisades,CA,90272,+14245186877,,https://www.goldengoose.com/us/en/stores/pacific-palisades/292,,,,2026-09-06,golden_goose_classified_2026-09-06.csv
Golden Goose,San Diego,,own-door,open,7007 FRIARS ROAD,San Diego,CA,92108,+1619 354 1817,,https://www.goldengoose.com/us/en/stores/san-diego/301,,,,2026-09-06,golden_goose_classified_2026-09-06.csv
Golden Goose,San Francisco,,own-door,open,30 Geary Street,San Francisco,CA,94108,+14157570333,,https://www.goldengoose.com/us/en/stores/san-francisco/27,,,,2026-09-06,golden_goose_classified_2026-09-06.csv
Golden Goose,Santa Clara,,own-door,open,2855 Stevens Creek Blvd - Suite 1694,Santa Clara,CA,95050,+1083525501,,https://www.goldengoose.com/us/en/stores/santa-clara/99,,,,2026-09-06,golden_goose_classified_2026-09-06.csv
Golden Goose,Aspen,,own-door,open,"419 East Hyman Avenue, Unit 2, Aspen, CO",Aspen,CO,81611,+1929-626-2012,,https://www.goldengoose.com/us/en/stores/aspen/226,,,,2026-09-06,golden_goose_classified_2026-09-06.csv
Golden Goose,Denver,,own-door,open,Cherry Creek Mall 3000 East First Avenue Spc 263,Denver,CO,80206,+1720-909-6423,,https://www.goldengoose.com/us/en/stores/denver/165,,,,2026-09-06,golden_goose_classified_2026-09-06.csv
Golden Goose,Miami Bal Harbour,,own-door,open,9700 Collins Ave Suite # 229,Bal Harbour,FL,33154,+17865028985,,https://www.goldengoose.com/us/en/stores/miami/28,,,,2026-09-06,golden_goose_classified_2026-09-06.csv
Golden Goose,Boca Raton Town Center,,own-door,open,6000 Glades Rd,Boca Raton,FL,33431,+1561 314 7981,,https://www.goldengoose.com/us/en/stores/boca-raton/118,,,,2026-09-06,golden_goose_classified_2026-09-06.csv
Golden Goose,Miami Design District,,own-door,open,4052 NE 1st Ave,Miami,FL,33137,+1786 536 7441,,https://www.goldengoose.com/us/en/stores/miami/260,,,,2026-09-06,golden_goose_classified_2026-09-06.csv
Golden Goose,Miami Dadeland,,own-door,open,7535 Dadeland Mall - Space 2391,Miami,FL,33156,+1786-779-3678,,https://www.goldengoose.com/us/en/stores/miami/30,,,,2026-09-06,golden_goose_classified_2026-09-06.csv
Golden Goose,Tampa,,own-door,open,2223 North Westshore Blvd Suite 234,Tampa,FL,33607,+1813-559-0487,,https://www.goldengoose.com/us/en/stores/tampa/176,,,,2026-09-06,golden_goose_classified_2026-09-06.csv
Golden Goose,Atlanta Lenox Square,,own-door,open,"ROOM 3029D, LENOX SQUARE 3393",Atlanta,GA,30326,+1(404) 343-1266,,https://www.goldengoose.com/us/en/stores/atlanta/91,,,,2026-09-06,golden_goose_classified_2026-09-06.csv
Golden Goose,Hawaii Ala Moana,,own-door,open,"1450 ALA MOANA BLVD., SPACE 2052",Honolulu,HI,96814,+18089316060,,https://www.goldengoose.com/us/en/stores/honolulu/29,,,,2026-09-06,golden_goose_classified_2026-09-06.csv
Golden Goose,Chicago,,own-door,open,40 E Oak Street,Chicago,IL,60611,+13126430533,,https://www.goldengoose.com/us/en/stores/chicago/88,,,,2026-09-06,golden_goose_classified_2026-09-06.csv
Golden Goose,Chicago Oakbrook Center,,own-door,open,"296 Oakbrook Center Oak Brook, IL",Oak Brook,IL,60523,+1331 282 2340,,https://www.goldengoose.com/us/en/stores/chicago/370,,,,2026-09-06,golden_goose_classified_2026-09-06.csv
Golden Goose,New Orleans,,own-door,open,Space 1.11 - 333 Canal Street,New Orleans,LA,70130,+1504 571 5954,,https://www.goldengoose.com/us/en/stores/new-orleans/223,,,,2026-09-06,golden_goose_classified_2026-09-06.csv
Golden Goose,Boston,,own-door,open,100 Huntington Avenue,Boston,MA,02116,+1857-758-2545,,https://www.goldengoose.com/us/en/stores/boston/76,,,,2026-09-06,golden_goose_classified_2026-09-06.csv
Golden Goose,Detroit Troy,,own-door,open,2801 Big Beaver Road Space D108,Troy,MI,48084,+1313-530-3112,,https://www.goldengoose.com/us/en/stores/detroit/168,,,,2026-09-06,golden_goose_classified_2026-09-06.csv
Golden Goose,Saint Louis,,own-door,open,75 Plaza Frontenac - Suite 61,Frontenac (St. Louis),MO,63131,+1314 866 2397,,https://www.goldengoose.com/us/en/stores/st-louis/271,,,,2026-09-06,golden_goose_classified_2026-09-06.csv
Golden Goose,Charlotte,,own-door,open,4400 Sharon Road Space L24,Charlotte,NC,28211,+1980 259 0128,,https://www.goldengoose.com/us/en/stores/charlotte/169,,,,2026-09-06,golden_goose_classified_2026-09-06.csv
Golden Goose,New Jersey Short Hills,,own-door,open,1200 Morris Turnpike,Short Hills,NJ,07078,+1(973) 314-9274,,https://www.goldengoose.com/us/en/stores/short-hills/80,,,,2026-09-06,golden_goose_classified_2026-09-06.csv
Golden Goose,Las Vegas Wynn,,own-door,open,"3131 S Las Vegas Blvd, The Plaza - Suite 5",Las Vegas,NV,89109,+1917 733 7540,,https://www.goldengoose.com/us/en/stores/las-vegas/66,,,,2026-09-06,golden_goose_classified_2026-09-06.csv
Golden Goose,Las Vegas Crystal,,own-door,open,Suite 207 3720 Las Vegas Boulevard,Las Vegas,NV,89158,+1725-204-9029,,https://www.goldengoose.com/us/en/stores/las-vegas/150,,,,2026-09-06,golden_goose_classified_2026-09-06.csv
Golden Goose,New York Hampton,,own-door,open,33 Newtown Lane,East Hampton,NY,11937,+16316045945,,https://www.goldengoose.com/us/en/stores/east-hampton/41,,,,2026-09-06,golden_goose_classified_2026-09-06.csv
Golden Goose,New York Soho,,own-door,open,468 Broome Street,New York,NY,10013,+1646 6894432,,https://www.goldengoose.com/us/en/stores/new-york/23,,,,2026-09-06,golden_goose_classified_2026-09-06.csv
Golden Goose,New York Meatpacking,,own-door,open,812 Washington Street,New York,NY,10014,+1646-370-4645,,https://www.goldengoose.com/us/en/stores/new-york/395,,,,2026-09-06,golden_goose_classified_2026-09-06.csv
Golden Goose,Columbus,,own-door,open,"Easton Town Center Space #225, 4159 The Strand",Columbus,OH,43219,+1614-269-7069,,https://www.goldengoose.com/us/en/stores/columbus/383,,,,2026-09-06,golden_goose_classified_2026-09-06.csv
Golden Goose,Portland,,own-door,open,"Space 2010 700 SW Fifth Avenue Portland, OR",Portland,OR,97204,,,https://www.goldengoose.com/us/en/stores/portland/191,,No phone listed,,2026-09-06,golden_goose_classified_2026-09-06.csv
Golden Goose,Philadelphia King Of Prussia,,own-door,open,"King of Prussia Plaza, Space C256, 160 Gulph Road",King of Prussia,PA,19406,+14843704750,,https://www.goldengoose.com/us/en/stores/philadelphia/123,,,,2026-09-06,golden_goose_classified_2026-09-06.csv
Golden Goose,Charleston,,own-door,open,254 King Street,Charleston,SC,29401,+18542020704,,https://www.goldengoose.com/us/en/stores/charleston/231,,,,2026-09-06,golden_goose_classified_2026-09-06.csv
Golden Goose,Nashville Taubman,,own-door,open,2126 Abbott Martin Rd,Nashville,TN,37215,+1629 666 6494,,https://www.goldengoose.com/us/en/stores/nashville/83,,,,2026-09-06,golden_goose_classified_2026-09-06.csv
Golden Goose,Austin Domain,,own-door,open,11600 Century Oaks Terrace The Domain #124 Austin,Austin,TX,78758,+1512-519-9916,,https://www.goldengoose.com/us/en/stores/austin/145,,,,2026-09-06,golden_goose_classified_2026-09-06.csv
Golden Goose,Dallas Northpark Center,,own-door,open,8687 North Central Expressway,Dallas,TX,75225,+1214 434 1349,,https://www.goldengoose.com/us/en/stores/dallas/84,,,,2026-09-06,golden_goose_classified_2026-09-06.csv
Golden Goose,Houston Galleria,,own-door,open,5085 Westheimer Rd - Suite A2323,Houston,TX,77056,+13467182951,,https://www.goldengoose.com/us/en/stores/houston/98,,,,2026-09-06,golden_goose_classified_2026-09-06.csv
Golden Goose,Dallas Legacy West,,own-door,open,Legacy West - 7801 Windrose Avenue,Plano,TX,75024,+1972 292 9420,,https://www.goldengoose.com/us/en/stores/dallas/218,,,,2026-09-06,golden_goose_classified_2026-09-06.csv
Golden Goose,San Antonio,,own-door,open,"Space 3420, 15900 La Cantera Parkway, TX",San Antonio,TX,78256,+1726 245 9756,,https://www.goldengoose.com/us/en/stores/san-antonio/146,,,,2026-09-06,golden_goose_classified_2026-09-06.csv
Golden Goose,The Woodlands,,own-door,open,Space #685 9595 Six Pines Drive Spring,Spring (The Woodlands),TX,77380,+1832-823-0087,,https://www.goldengoose.com/us/en/stores/the-woodlands/390,,,,2026-09-06,golden_goose_classified_2026-09-06.csv
Golden Goose,Washington,,own-door,open,"Tysons Galleria, 2001 International Drive, McLean",McLean,VA,22102,+15715704959,,https://www.goldengoose.com/us/en/stores/washington/114,,,,2026-09-06,golden_goose_classified_2026-09-06.csv
Gucci,,,own-door,open,"7014 East Camelback Road Fashion Square, Space 1049",Scottsdale,AZ,85251,,,https://www.gucci.com/us/en/store/7014-east-camelback-road,master store_type=standard (pre-recapture),,,2026-08-23,locations_2026-08-29.csv
Gucci,,,own-door,open,347 N Rodeo Drive,Beverly Hills,CA,90210,,,https://www.gucci.com/us/en/store/osteria-bottura-beverly-hills,master store_type=standard (pre-recapture),,,2026-08-23,locations_2026-08-29.csv
Gucci,,,own-door,open,347 North Rodeo Drive,Beverly Hills,CA,90210,,,https://www.gucci.com/us/en/store/347-north-rodeo-drive,master store_type=flagship (pre-recapture),,,2026-08-23,locations_2026-08-29.csv
Gucci,,,own-door,open,"3333 Bristol Street South Coast Plaza, Suite 2218",Costa Mesa,CA,92626,,,https://www.gucci.com/us/en/store/3333-south-bristol-street,master store_type=flagship (pre-recapture),,,2026-08-23,locations_2026-08-29.csv
Gucci,,,own-door,open,702 Americana Way Space E-01,Glendale,CA,91210,,,https://www.gucci.com/us/en/store/americana-way-suite-e-01,master store_type=standard (pre-recapture),,,2026-08-23,locations_2026-08-29.csv
Gucci,,,own-door,open,189 The Grove Drive G-10,Los Angeles,CA,90036,,,https://www.gucci.com/us/en/store/grove-drive,master store_type=standard (pre-recapture),,,2026-08-23,locations_2026-08-29.csv
Gucci,,,own-door,open,"380 Los Angeles International Airport, Tom Bradley International Terminal, World Way",Los Angeles,CA,90045,,,https://www.gucci.com/us/en/store/la-airport,master store_type=standard (pre-recapture),,,2026-08-23,locations_2026-08-29.csv
Gucci,,,own-door,open,6600 Topanga Canyon Boulevard Suite 15,Los Angeles,CA,91303,,,https://www.gucci.com/us/en/store/6600-topanga-canyon-blvd,master store_type=standard (pre-recapture),,,2026-08-23,locations_2026-08-29.csv
Gucci,,,own-door,open,"8500 Beverly Boulevard Beverly Center, Suite 743",Los Angeles,CA,90048,,,https://www.gucci.com/us/en/store/8500-beverly-boulevard,master store_type=standard (pre-recapture),,,2026-08-23,locations_2026-08-29.csv
Gucci,,,own-door,open,"73-585 El Paseo The Shops on El Paseo, Suite 1112",Palm Desert,CA,92260,,,https://www.gucci.com/us/en/store/73061-el-paseo,master store_type=standard (pre-recapture),,,2026-08-23,locations_2026-08-29.csv
Gucci,,,own-door,open,1151 Galleria Boulevard Suite 1067,Roseville,CA,95678,,,https://www.gucci.com/us/en/store/1151-galleria-boulevard-1067,master store_type=standard (pre-recapture),,,2026-08-23,locations_2026-08-29.csv
Gucci,,,own-door,open,"7007 Friars Road Fashion Valley, Space 324A",San Diego,CA,92108,,,https://www.gucci.com/us/en/store/7007-friars-road,master store_type=standard (pre-recapture),,,2026-08-23,locations_2026-08-29.csv
Gucci,,,own-door,open,240 Stockton Street,San Francisco,CA,94108,,,https://www.gucci.com/us/en/store/240-stockton-street,master store_type=flagship (pre-recapture),,,2026-08-23,locations_2026-08-29.csv
Gucci,,,own-door,open,"2855 Stevens Creek Boulevard Westfield Valley Fair, Suite 1663",Santa Clara,CA,95050,,,https://www.gucci.com/us/en/store/gucci-valley-fair,master store_type=standard (pre-recapture),,,2026-08-23,locations_2026-08-29.csv
Gucci,,,own-door,open,204 South Galena Street,Aspen,CO,81611,,,https://www.gucci.com/us/en/store/204-south-galena-street,master store_type=standard (pre-recapture),,,2026-08-23,locations_2026-08-29.csv
Gucci,,,own-door,open,Suite 249 3000 East 1st Avenue,Denver,CO,80206,,,https://www.gucci.com/us/en/store/east-1st-ave,master store_type=standard (pre-recapture),,,2026-08-23,locations_2026-08-29.csv
Gucci,,,own-door,open,1000 I Street NW City Center DC,Washington,DC,20001,,,https://www.gucci.com/us/en/store/city-center-dc-washington,master store_type=standard (pre-recapture),,,2026-08-23,locations_2026-08-29.csv
Gucci,,,own-door,open,"19575 Biscayne Boulevard Aventura Mall, Space 3",Aventura,FL,33180,,,https://www.gucci.com/us/en/store/aventura-mall-miami,master store_type=standard (pre-recapture),,,2026-08-23,locations_2026-08-29.csv
Gucci,,,own-door,open,9700 Collins Avenue,Bal Harbour,FL,33154,,,https://www.gucci.com/us/en/store/saks-fifth-avenue-bal-harbour-beauty,master store_type=standard (pre-recapture),,,2026-08-23,locations_2026-08-29.csv
Gucci,,,own-door,open,"9700 Collins Avenue Bal Harbour Shops, Suite 172",Bal Harbour,FL,33154,,,https://www.gucci.com/us/en/store/9700-collins-avenue,master store_type=flagship (pre-recapture),,,2026-08-23,locations_2026-08-29.csv
Gucci,,,own-door,open,"6000 Glades Road The Town Center at Boca Raton, Suite 1146",Boca Raton,FL,33431,,,https://www.gucci.com/us/en/store/town-center-boca-raton,master store_type=standard (pre-recapture),,,2026-08-23,locations_2026-08-29.csv
Gucci,,,own-door,open,342 San Lorenzo Avenue Village of Merrick Park,Coral Gables,FL,33146,,,https://www.gucci.com/us/en/store/342-san-lorenzo-avenue,master store_type=standard (pre-recapture),,,2026-08-23,locations_2026-08-29.csv
Gucci,,,own-door,open,4813 River City Drive Suite 143,Jacksonville,FL,32246,,,https://www.gucci.com/us/en/store/st-john-town-center,master store_type=standard (pre-recapture),,,2026-08-23,locations_2026-08-29.csv
Gucci,,,own-door,open,139 NE 41st Street,Miami,FL,33137,,,https://www.gucci.com/us/en/store/desgn_district_miami,master store_type=standard (pre-recapture),,,2026-08-23,locations_2026-08-29.csv
Gucci,,,own-door,open,7535 North Kendall Drive Suite 2390A,Miami,FL,33156,,,https://www.gucci.com/us/en/store/kendall-dr,master store_type=standard (pre-recapture),,,2026-08-23,locations_2026-08-29.csv
Gucci,,,own-door,open,89 NE 41st Street,Miami,FL,33137,,,https://www.gucci.com/us/en/store/miami-design-district-men,master store_type=standard (pre-recapture),,,2026-08-23,locations_2026-08-29.csv
Gucci,,,own-door,open,"5435 Tamiami Trail North Waterside Shops, Suite 17",Naples,FL,34108,,,https://www.gucci.com/us/en/store/5435-tamiami-trail-north,master store_type=standard (pre-recapture),,,2026-08-23,locations_2026-08-29.csv
Gucci,,,own-door,open,"4200 Conroy Road The Mall at Millenia, Suite P281",Orlando,FL,32839,,,https://www.gucci.com/us/en/store/4200-conroy-road,master store_type=standard (pre-recapture),,,2026-08-23,locations_2026-08-29.csv
Gucci,,,own-door,open,225 Worth Avenue Suite C,Palm Beach,FL,33480,,,https://www.gucci.com/us/en/store/150-worth-avenue,master store_type=standard (pre-recapture),,,2026-08-23,locations_2026-08-29.csv
Gucci,,,own-door,open,"3101 PGA Boulevard The Gardens Mall, Space J217",Palm Beach,FL,33410,,,https://www.gucci.com/us/en/store/3101-pga-boulevard,master store_type=standard (pre-recapture),,,2026-08-23,locations_2026-08-29.csv
Gucci,,,own-door,open,"2223 North West Shore Boulevard International Plaza, Space 268",Tampa,FL,33607,,,https://www.gucci.com/us/en/store/2223-north-west-shore-boulevard,master store_type=standard (pre-recapture),,,2026-08-23,locations_2026-08-29.csv
Gucci,,,own-door,open,"3393 Peachtree Road NE Lenox Square Mall, Suite 3033B, 3F",Atlanta,GA,30326,,,https://www.gucci.com/us/en/store/peach-tree-road-3393,master store_type=standard (pre-recapture),,,2026-08-23,locations_2026-08-29.csv
Gucci,,,own-door,open,"3500 Peachtree Road, Northeast Suite D-3, 1F",Atlanta,GA,30326,,,https://www.gucci.com/us/en/store/3500-peachtree-road-northeast,master store_type=standard (pre-recapture),,,2026-08-23,locations_2026-08-29.csv
Gucci,,,own-door,open,"1450 Ala Moana Boulevard Ala Moana Center, Suite 2085",Honolulu,HI,96814,,,https://www.gucci.com/us/en/store/1450-ala-moana-boulevard,master store_type=flagship (pre-recapture),,,2026-08-23,locations_2026-08-29.csv
Gucci,,,own-door,open,2118 Kalakaua Avenue,Honolulu,HI,96815,,,https://www.gucci.com/us/en/store/2118-kalakaua-avenue,master store_type=flagship (pre-recapture),,,2026-08-23,locations_2026-08-29.csv
Gucci,,,own-door,open,3750 Wailea Alanui Drive Suite EW9,Wailea,HI,96753,,,https://www.gucci.com/us/en/store/3750-wailea-alanui-drive,master store_type=standard (pre-recapture),,,2026-08-23,locations_2026-08-29.csv
Gucci,,,own-door,open,900 North Michigan Avenue,Chicago,IL,60611,,,https://www.gucci.com/us/en/store/900-north-michigan-avenue,master store_type=flagship (pre-recapture),,,2026-08-23,locations_2026-08-29.csv
Gucci,,,own-door,open,295 Oakbrook Center,Oak Brook,IL,60523,,,https://www.gucci.com/us/en/store/gucci-oakbrook-chicago,master store_type=standard (pre-recapture),,,2026-08-23,locations_2026-08-29.csv
Gucci,,,own-door,open,8702 Keystone Crossing Space 07A,Indianapolis,IN,46240,,,https://www.gucci.com/us/en/store/8702-keystone-crossing,master store_type=standard (pre-recapture),,,2026-08-23,locations_2026-08-29.csv
Gucci,,,own-door,open,"100 Huntington Avenue Copley Place Boston, Space A019",Boston,MA,02116,,,https://www.gucci.com/us/en/store/100-huntington-avenue,master store_type=standard (pre-recapture),,,2026-08-23,locations_2026-08-29.csv
Gucci,,,own-door,open,1274 Library Street,Detroit,MI,48226,,,https://www.gucci.com/us/en/store/library-street,master store_type=standard (pre-recapture),,,2026-08-23,locations_2026-08-29.csv
Gucci,,,own-door,open,"2801 W Big Beaver Road Somerset Collection, Space E-144",Troy,MI,48084,,,https://www.gucci.com/us/en/store/2801-big-beaver-road,master store_type=standard (pre-recapture),,,2026-08-23,locations_2026-08-29.csv
Gucci,,,own-door,open,1701 S Lindbergh Boulevard Space 035,St. Louis,MO,63131,,,https://www.gucci.com/us/en/store/slindbergh-blvd-suite-35,master store_type=standard (pre-recapture),,,2026-08-23,locations_2026-08-29.csv
Gucci,,,own-door,open,"4400 Sharon Road Southpark Mall, Space M19",Charlotte,NC,28211,,,https://www.gucci.com/us/en/store/charlotte-south-park,master store_type=standard (pre-recapture),,,2026-08-23,locations_2026-08-29.csv
Gucci,,,own-door,open,"1 American Dream Way American Dream, E154",East Rutherford,NJ,07073,,,https://www.gucci.com/us/en/store/american-dream-01,master store_type=standard (pre-recapture),,,2026-08-23,locations_2026-08-29.csv
Gucci,,,own-door,open,1 Garden State Plaza Space 1120,Paramus,NJ,07652,,,https://www.gucci.com/us/en/store/1-garden-state-plaza,master store_type=standard (pre-recapture),,,2026-08-23,locations_2026-08-29.csv
Gucci,,,own-door,open,"1200 Morris Turnpike The Mall at Short Hills, Suite C224",Short Hills,NJ,07078,,,https://www.gucci.com/us/en/store/1200-morris-turnpike,master store_type=standard (pre-recapture),,,2026-08-23,locations_2026-08-29.csv
Gucci,,,own-door,open,"3131 Las Vegas Boulevard South Wynn Esplanade, Space D2",Las Vegas,NV,89109,,,https://www.gucci.com/us/en/store/3131-las-vegas-blvd-south,master store_type=standard (pre-recapture),,,2026-08-23,locations_2026-08-29.csv
Gucci,,,own-door,open,"3500 Las Vegas Boulevard South The Forum Shops at Caesars, Suite G09A",Las Vegas,NV,89109,,,https://www.gucci.com/us/en/store/3500-las-vegas-boulevard-south,master store_type=flagship (pre-recapture),,,2026-08-23,locations_2026-08-29.csv
Gucci,,,own-door,open,3600 Las Vegas Boulevard South Space 1113,Las Vegas,NV,89109,,,https://www.gucci.com/us/en/store/3600-las-vegas-boulevard-south,master store_type=standard (pre-recapture),,,2026-08-23,locations_2026-08-29.csv
Gucci,,,own-door,open,"3720 South Las Vegas Blvd The Shops at Crystals, Suite 125B",Las Vegas,NV,89158,,,https://www.gucci.com/us/en/store/3720-south-las-vegas-boulevard,master store_type=flagship (pre-recapture),,,2026-08-23,locations_2026-08-29.csv
Gucci,,,own-door,open,2124 Northern Boulevard Americana,Manhasset,NY,11030,,,https://www.gucci.com/us/en/store/2124-northern-boulevard,master store_type=standard (pre-recapture),,,2026-08-23,locations_2026-08-29.csv
Gucci,,,own-door,open,400 W 14th Street,New York,NY,10014,,,https://www.gucci.com/us/en/store/new-york-400-w-St,master store_type=standard (pre-recapture),,,2026-08-23,locations_2026-08-29.csv
Gucci,,,own-door,open,63 Wooster Street,New York,NY,10012,,,https://www.gucci.com/us/en/store/23715-wooster,master store_type=flagship (pre-recapture),,,2026-08-23,locations_2026-08-29.csv
Gucci,,,own-door,open,725 Fifth Avenue,New York,NY,10022,,,https://www.gucci.com/us/en/store/725-fifth-avenue,master store_type=flagship (pre-recapture),,,2026-08-23,locations_2026-08-29.csv
Gucci,,,own-door,open,"125 Westchester Avenue The Westchester, Space 1220A-2",White Plains,NY,10601,,,https://www.gucci.com/us/en/store/125-westchester-avenue,master store_type=standard (pre-recapture),,,2026-08-23,locations_2026-08-29.csv
Gucci,,,own-door,open,7875 Montgomery Road Unit 64,Cincinnati,OH,45236,,,https://www.gucci.com/us/en/store/montgomery-road-Suite-64,master store_type=standard (pre-recapture),,,2026-08-23,locations_2026-08-29.csv
Gucci,,,own-door,open,4120 The Strand East Space 328,Columbus,OH,43219,,,https://www.gucci.com/us/en/store/4120-the-stand,master store_type=standard (pre-recapture),,,2026-08-23,locations_2026-08-29.csv
Gucci,,,own-door,open,"700 Southwest Fifth Avenue Pioneer Place, Space 1032",Portland,OR,97204,,,https://www.gucci.com/us/en/store/gucci-portland-pioneer-place,master store_type=standard (pre-recapture),,,2026-08-23,locations_2026-08-29.csv
Gucci,,,own-door,open,"350 Mall Boulevard King of Prussia Mall, Space 3002",King of Prussia,PA,19406,,,https://www.gucci.com/us/en/store/160-north-gulph-road,master store_type=standard (pre-recapture),,,2026-08-23,locations_2026-08-29.csv
Gucci,,,own-door,open,1000 Ross Park Mall Drive Space C02F,Pittsburgh,PA,15237,,,https://www.gucci.com/us/en/store/ross-park-mall-drive,master store_type=standard (pre-recapture),,,2026-08-23,locations_2026-08-29.csv
Gucci,,,own-door,open,242 King Street,Charleston,SC,29401,,,https://www.gucci.com/us/en/store/242-king-street,master store_type=standard (pre-recapture),,,2026-08-23,locations_2026-08-29.csv
Gucci,,,own-door,open,"2126 Abbott Martin Road The Mall at Green Hills, Suite 265",Nashville,TN,37215,,,https://www.gucci.com/us/en/store/gucci-nashville,master store_type=standard (pre-recapture),,,2026-08-23,locations_2026-08-29.csv
Gucci,,,own-door,open,"11601 Century Oaks Terrace The Domain Mall, Suite 105",Austin,TX,78758,,,https://www.gucci.com/us/en/store/gucci-austin-domain,master store_type=standard (pre-recapture),,,2026-08-23,locations_2026-08-29.csv
Gucci,,,own-door,open,"13350 Dallas Parkway Galleria, Suite 1355",Dallas,TX,75240,,,https://www.gucci.com/us/en/store/the-galleria-13350-dallas-pkwy-suite-1355,master store_type=standard (pre-recapture),,,2026-08-23,locations_2026-08-29.csv
Gucci,,,own-door,open,"8687 North Central Expressway NorthPark Center, Suite 526",Dallas,TX,75225,,,https://www.gucci.com/us/en/store/8687-north-central-expressway,master store_type=standard (pre-recapture),,,2026-08-23,locations_2026-08-29.csv
Gucci,,,own-door,open,5174 Monahans Avenue Space E120B,Fort Worth,TX,76109,,,https://www.gucci.com/us/en/store/Monahans-Ave-5174,master store_type=standard (pre-recapture),,,2026-08-23,locations_2026-08-29.csv
Gucci,,,own-door,open,"5015 Westheimer Road The Galleria, Suite A2422",Houston,TX,77056,,,https://www.gucci.com/us/en/store/5085-westheimer-road,master store_type=flagship (pre-recapture),,,2026-08-23,locations_2026-08-29.csv
Gucci,,,own-door,open,"7801 Windrose Avenue Legacy West, Suite H120",Plano,TX,75024,,,https://www.gucci.com/us/en/store/legacy-west,master store_type=standard (pre-recapture),,,2026-08-23,locations_2026-08-29.csv
Gucci,,,own-door,open,15900 La Cantera Parkway Space 4467,San Antonio,TX,78256,,,https://www.gucci.com/us/en/store/la-cantera-pkwy-space-1467,master store_type=standard (pre-recapture),,,2026-08-23,locations_2026-08-29.csv
Gucci,,,own-door,open,9595 Six Pines Drive Suite 607,The Woodlands,TX,77380,,,https://www.gucci.com/us/en/store/six-pines-drive,master store_type=standard (pre-recapture),,,2026-08-23,locations_2026-08-29.csv
Gucci,,,own-door,open,"1785M International Drive Tysons Galleria, Space 2224",McLean,VA,22102,,,https://www.gucci.com/us/en/store/1785-international-drive,master store_type=standard (pre-recapture),,,2026-08-23,locations_2026-08-29.csv
Gucci,,,own-door,open,700 110th Avenue Northeast Suite 170,Bellevue,WA,98004,,,https://www.gucci.com/us/en/store/11111-ne-8th-street,master store_type=standard (pre-recapture),,,2026-08-23,locations_2026-08-29.csv
Hermès,Scottsdale Fashion Square,,own-door,open,"7014 East Camelback Road, #1228",Scottsdale,AZ,85251,,Scottsdale Fashion Square,https://www.hermes.com/us/en/find-store/,master store_type=standard (pre-recapture),,,2026-08-24,locations_2026-08-29.csv
Hermès,,,own-door,open,434 North Rodeo Drive,Beverly Hills,CA,90210,,,https://www.hermes.com/us/en/find-store/,master store_type=standard (pre-recapture),,,2026-08-24,locations_2026-08-29.csv
Hermès,South Coast Plaza,,own-door,open,"3333 Bristol Street, Suite 1509",Costa Mesa,CA,92626,,South Coast Plaza,https://www.hermes.com/us/en/find-store/,master store_type=standard (pre-recapture),,,2026-08-24,locations_2026-08-29.csv
Hermès,Westfield Topanga,,own-door,open,"6600 California 27, Suite 2270",Los Angeles,CA,91303,,Westfield Topanga,https://www.hermes.com/us/en/find-store/,master store_type=standard (pre-recapture),,,2026-08-24,locations_2026-08-29.csv
Hermès,Stanford Shopping Center,,own-door,open,"660 Stanford Shopping Center, Suite 317B",Palo Alto,CA,94304,,Stanford Shopping Center,https://www.hermes.com/us/en/find-store/,master store_type=standard (pre-recapture),,,2026-08-24,locations_2026-08-29.csv
Hermès,University Towne Center,,own-door,open,"4487 La Jolla Village Drive, Suite 2535",San Diego,CA,92122,,University Towne Center,https://www.hermes.com/us/en/find-store/,master store_type=standard (pre-recapture),,,2026-08-24,locations_2026-08-29.csv
Hermès,,,own-door,open,125 Grant Avenue,San Francisco,CA,94108,,,https://www.hermes.com/us/en/find-store/,master store_type=standard (pre-recapture),,,2026-08-24,locations_2026-08-29.csv
Hermès,,,own-door,open,521 East Hyman Avenue,Aspen,CO,81611,,,https://www.hermes.com/us/en/find-store/,master store_type=standard (pre-recapture),,,2026-08-24,locations_2026-08-29.csv
Hermès,Cherry Creek Shopping Center,,own-door,open,3000 East 1st Avenue,Denver,CO,80206,,Cherry Creek Shopping Center,https://www.hermes.com/us/en/find-store/,master store_type=standard (pre-recapture),,,2026-08-24,locations_2026-08-29.csv
Hermès,,,own-door,open,289 Greenwich Avenue,Greenwich,CT,06830,,,https://www.hermes.com/us/en/find-store/,master store_type=standard (pre-recapture),,,2026-08-24,locations_2026-08-29.csv
Hermès,CityCenterDC,,own-door,open,1054 Palmer Alley Northwest,Washington,DC,20001,,CityCenterDC,https://www.hermes.com/us/en/find-store/,master store_type=standard (pre-recapture),,,2026-08-24,locations_2026-08-29.csv
Hermès,Aventura Mall,,own-door,open,"19501 Biscayne Boulevard, Suite 55",Aventura,FL,33180,,Aventura Mall,https://www.hermes.com/us/en/find-store/,master store_type=standard (pre-recapture),,,2026-08-24,locations_2026-08-29.csv
Hermès,Miami Design District,,own-door,open,163 Northeast 39th Street,Miami,FL,33137,,Miami Design District,https://www.hermes.com/us/en/find-store/,master store_type=standard (pre-recapture),,,2026-08-24,locations_2026-08-29.csv
Hermès,,,own-door,open,5355-1 Tamiami Trail North,Naples,FL,34108,,,https://www.hermes.com/us/en/find-store/,master store_type=standard (pre-recapture),,,2026-08-24,locations_2026-08-29.csv
Hermès,The Mall at Millenia,,own-door,open,4200 Conroy Road,Orlando,FL,32839,,The Mall at Millenia,https://www.hermes.com/us/en/find-store/,master store_type=standard (pre-recapture),,,2026-08-24,locations_2026-08-29.csv
Hermès,Royal Poinciana Plaza,,own-door,open,"340 Royal Poinciana Way, Suite 301",Palm Beach,FL,33480,,Royal Poinciana Plaza,https://www.hermes.com/us/en/find-store/,master store_type=standard (pre-recapture),,,2026-08-24,locations_2026-08-29.csv
Hermès,Phipps Plaza,,own-door,open,"3500 Peachtree Road Northeast, Suite 1041C",Atlanta,GA,30326,,Phipps Plaza,https://www.hermes.com/us/en/find-store/,master store_type=standard (pre-recapture),,,2026-08-24,locations_2026-08-29.csv
Hermès,,,own-door,open,25 East Oak Street,Chicago,IL,60611,,,https://www.hermes.com/us/en/find-store/,master store_type=standard (pre-recapture),,,2026-08-24,locations_2026-08-29.csv
Hermès,Plaza del Lago,,own-door,open,"1515 Sheridan Road, Unit 9 of Building B",Wilmette,IL,60091,,Plaza del Lago,https://www.hermes.com/us/en/find-store/,master store_type=standard (pre-recapture),,,2026-08-24,locations_2026-08-29.csv
Hermès,,,own-door,open,320 Boylston Street,Boston,MA,02116,,,https://www.hermes.com/us/en/find-store/,master store_type=standard (pre-recapture),,,2026-08-24,locations_2026-08-29.csv
Hermès,Somerset Collection,,own-door,open,"2801 West Big Beaver Road, Suite C-133",Troy,MI,48084,,Somerset Collection,https://www.hermes.com/us/en/find-store/,master store_type=standard (pre-recapture),,,2026-08-24,locations_2026-08-29.csv
Hermès,American Dream,,own-door,open,"1 American Dream Way, Suite F115",East Rutherford,NJ,07073,,American Dream,https://www.hermes.com/us/en/find-store/,master store_type=standard (pre-recapture),,,2026-08-24,locations_2026-08-29.csv
Hermès,,,own-door,open,17 Palmer Square West,Princeton,NJ,08542,,,https://www.hermes.com/us/en/find-store/,master store_type=standard (pre-recapture),,,2026-08-24,locations_2026-08-29.csv
Hermès,The Mall at Short Hills,,own-door,open,"1200 Morris Turnpike, Space A-201",Short Hills,NJ,07078,,The Mall at Short Hills,https://www.hermes.com/us/en/find-store/,master store_type=standard (pre-recapture),,,2026-08-24,locations_2026-08-29.csv
Hermès,Wynn Plaza,,own-door,open,3131 Las Vegas Boulevard South,Las Vegas,NV,89109,,Wynn Plaza,https://www.hermes.com/us/en/find-store/,master store_type=standard (pre-recapture),,,2026-08-24,locations_2026-08-29.csv
Hermès,Bellagio,,own-door,open,3600 South Las Vegas Boulevard,Las Vegas,NV,89109,,Bellagio,https://www.hermes.com/us/en/find-store/,master store_type=standard (pre-recapture),,,2026-08-24,locations_2026-08-29.csv
Hermès,The Shops at Crystals,,own-door,open,"3720 South Las Vegas Boulevard, Suite 260",Las Vegas,NV,89158,,The Shops at Crystals,https://www.hermes.com/us/en/find-store/,master store_type=standard (pre-recapture),,,2026-08-24,locations_2026-08-29.csv
Hermès,Roosevelt Field,,own-door,open,"630 Old Country Road, Suite 1020A",Garden City,NY,11530,,Roosevelt Field,https://www.hermes.com/us/en/find-store/,master store_type=standard (pre-recapture),,,2026-08-24,locations_2026-08-29.csv
Hermès,,,own-door,open,46 Gansevoort Street,New York,NY,10014,,,https://www.hermes.com/us/en/find-store/,master store_type=standard (pre-recapture),,,2026-08-24,locations_2026-08-29.csv
Hermès,,,own-door,open,706 Madison Avenue,New York,NY,10065,,,https://www.hermes.com/us/en/find-store/,master store_type=standard (pre-recapture),,,2026-08-24,locations_2026-08-29.csv
Hermès,The Plaza at King of Prussia,,own-door,open,350 Mall Boulevard,King of Prussia,PA,19406,,The Plaza at King of Prussia,https://www.hermes.com/us/en/find-store/,master store_type=standard (pre-recapture),,,2026-08-24,locations_2026-08-29.csv
Hermès,May Hosiery Mills Building,,own-door,open,510 Houston Street,Nashville,TN,37203,,May Hosiery Mills Building,https://www.hermes.com/us/en/find-store/,master store_type=standard (pre-recapture),,,2026-08-24,locations_2026-08-29.csv
Hermès,,,own-door,open,"1221 South Congress Avenue, Suite 140",Austin,TX,78704,,,https://www.hermes.com/us/en/find-store/,master store_type=standard (pre-recapture),,,2026-08-24,locations_2026-08-29.csv
Hermès,Highland Park Village,,own-door,open,21 Highland Park Village,Dallas,TX,75205,,Highland Park Village,https://www.hermes.com/us/en/find-store/,master store_type=standard (pre-recapture),,,2026-08-24,locations_2026-08-29.csv
Hermès,River Oaks District,,own-door,open,"4444 Westheimer Road, Suite A-160",Houston,TX,77027,,River Oaks District,https://www.hermes.com/us/en/find-store/,master store_type=standard (pre-recapture),,,2026-08-24,locations_2026-08-29.csv
Hermès,,,own-door,open,"11111 Northeast 8th Street, Suite 115",Bellevue,WA,98004,,,https://www.hermes.com/us/en/find-store/,master store_type=standard (pre-recapture),,,2026-08-24,locations_2026-08-29.csv
Herno,,,own-door,open,616 Madison Ave,New York,NY,10022,,,https://www.herno.com/en/stores,master store_type=standard (pre-recapture),,,2026-08-24,locations_2026-08-29.csv
Herno,,,own-door,open,95 Greene Street,New York,NY,10012,,,https://www.herno.com/en/stores,master store_type=standard (pre-recapture),,,2026-08-24,locations_2026-08-29.csv
Indochino,Glendale,,own-door,open,The Americana at Brand / 712 Americana Way,Glendale,CA,,(747) 240-5480,,https://www.indochino.com/showroom/glendale,brand-stated: standalone showroom,,"Brand publishes no ZIP for any door (brand-wide). Dedupe fallback used: state + city + street number. Published hours line disagrees with the brand's own structured hours on 3 day(s) (Fri: line says 10:00 AM-10:00 PM, structured says 10:00 AM-9:00 PM; Sat: line says 10:00 AM-10:00 PM, structured says 10:00 AM-9:00 PM; Sun: line says 11:00 AM-8:00 PM, structured says 11:00 AM-7:00 PM). Both recorded verbatim; neither corrected.",2026-09-06,indochino_classified_2026-09-06.csv
Indochino,Century City,,own-door,open,10250 Santa Monica Blvd.,Los Angeles,CA,,(310) 550-4535,,https://www.indochino.com/showroom/centurycity,brand-stated: standalone showroom,,"Brand publishes no ZIP for any door (brand-wide). Dedupe fallback used: state + city + street number. Published hours line disagrees with the brand's own structured hours on 2 day(s) (Fri: line says 10:00 AM-10:00 PM, structured says 10:00 AM-9:00 PM; Sat: line says 10:00 AM-10:00 PM, structured says 10:00 AM-9:00 PM). Both recorded verbatim; neither corrected.",2026-09-06,indochino_classified_2026-09-06.csv
Indochino,Newport,,own-door,open,Fashion Island / 915 Newport Center Dr.,Newport Beach,CA,,(949) 432-9813,,https://www.indochino.com/showroom/newport,brand-stated: standalone showroom,,"Brand publishes no ZIP for any door (brand-wide). Dedupe fallback used: state + city + street number. Published hours line disagrees with the brand's own structured hours on 1 day(s) (Sun: line says 11:00 AM-6:00 PM, structured says 10:00 AM-7:00 PM). Both recorded verbatim; neither corrected.",2026-09-06,indochino_classified_2026-09-06.csv
Indochino,Roseville,,own-door,open,Westfield Galleria at Roseville / 1151 Galleria Blvd.,Roseville,CA,,(916) 755-3680,,https://www.indochino.com/showroom/sacramento,brand-stated: standalone showroom,,Brand publishes no ZIP for any door (brand-wide). Dedupe fallback used: state + city + street number.,2026-09-06,indochino_classified_2026-09-06.csv
Indochino,San Diego,,own-door,open,Westfield UTC / 4545 La Jolla Village Dr.,San Diego,CA,,(858) 283-4156,,https://www.indochino.com/showroom/sandiego,brand-stated: standalone showroom,,Brand publishes no ZIP for any door (brand-wide). Dedupe fallback used: state + city + street number.,2026-09-06,indochino_classified_2026-09-06.csv
Indochino,San Francisco,,own-door,open,61 Post St.,San Francisco,CA,,(415) 872-9125,,https://www.indochino.com/showroom/sanfrancisco,brand-stated: standalone showroom,,"Brand publishes no ZIP for any door (brand-wide). Dedupe fallback used: state + city + street number. Published hours line disagrees with the brand's own structured hours on 6 day(s) (Mon: line says 10:00 AM-6:00 PM, structured says 9:00 AM-6:00 PM; Tue: line says 10:00 AM-6:00 PM, structured says 9:00 AM-6:00 PM; Wed: line says 10:00 AM-6:00 PM, structured says 9:00 AM-6:00 PM). Both recorded verbatim; neither corrected.",2026-09-06,indochino_classified_2026-09-06.csv
Indochino,San Jose,,own-door,open,Westfield Valley Fair / 2855 Stevens Creek Blvd.,Santa Clara,CA,,(408) 516-1648,,https://www.indochino.com/showroom/sanjose,brand-stated: standalone showroom,,"Brand publishes no ZIP for any door (brand-wide). Dedupe fallback used: state + city + street number. Published hours line disagrees with the brand's own structured hours on 1 day(s) (Sun: line says 10:00 AM-9:00 PM, structured says 10:00 AM-8:00 PM). Both recorded verbatim; neither corrected.",2026-09-06,indochino_classified_2026-09-06.csv
Indochino,Denver,,own-door,open,Cherry Creek North / 158 N Fillmore St.,Denver,CO,,(720) 710-1256,,https://www.indochino.com/showroom/denver,brand-stated: standalone showroom,,Brand publishes no ZIP for any door (brand-wide). Dedupe fallback used: state + city + street number.,2026-09-06,indochino_classified_2026-09-06.csv
Indochino,Westfarms,,own-door,coming soon,600 Westfarms Mall,Farmington,CT,,(860) 855-0301,,https://www.indochino.com/showroom/Westfarms,brand-stated: standalone showroom,,"Brand publishes no ZIP for any door (brand-wide). Dedupe fallback used: state + city + street number. Brand prints 'Coming Soon' on the locator card and the structured hours carry status 'Coming Soon'. Listed but not trading. Two distinct doors share this address (600 Westfarms Mall, Farmington CT): a standalone showroom marked Coming Soon and a Nordstrom-hosted showroom. The dedupe key collides; they are kept apart because the brand publishes them as separate doors with separate phone numbers, separate URLs and different location types.",2026-09-06,indochino_classified_2026-09-06.csv
Indochino,D.C.,,own-door,open,3030 M Street N.W.,Washington,DC,,(202) 552-5150,,https://www.indochino.com/showroom/washington,brand-stated: standalone showroom,,"Brand publishes no ZIP for any door (brand-wide). Dedupe fallback used: state + city + street number. Typo in published hours line ('6 pn'). Recorded verbatim, not cleaned.",2026-09-06,indochino_classified_2026-09-06.csv
Indochino,Brickell,,own-door,open,Brickell City Centre / 701 S Miami Ave,Miami,FL,,(786) 755-0150,,https://www.indochino.com/showroom/brickell,brand-stated: standalone showroom,,Brand publishes no ZIP for any door (brand-wide). Dedupe fallback used: state + city + street number.,2026-09-06,indochino_classified_2026-09-06.csv
Indochino,Atlanta,,own-door,open,Shops Around Lenox / 3400 Around Lenox Dr.,Atlanta,GA,,(470) 481-2289,,https://www.indochino.com/showroom/atlanta,brand-stated: standalone showroom,,Brand publishes no ZIP for any door (brand-wide). Dedupe fallback used: state + city + street number.,2026-09-06,indochino_classified_2026-09-06.csv
Indochino,Chicago,,own-door,open,9 W Walton St.,Chicago,IL,,(773) 694-5089,,https://www.indochino.com/showroom/chicago,brand-stated: standalone showroom,,Brand publishes no ZIP for any door (brand-wide). Dedupe fallback used: state + city + street number.,2026-09-06,indochino_classified_2026-09-06.csv
Indochino,Oakbrook,,own-door,open,150 Oakbrook Center,Oak Brook,IL,,(630) 568-6211,,https://www.indochino.com/showroom/chicagooakbrookcenter,brand-stated: standalone showroom,,"Brand publishes no ZIP for any door (brand-wide). Dedupe fallback used: state + city + street number. Published hours line disagrees with the brand's own structured hours on 2 day(s) (Fri: line says 10:00 AM-9:00 PM, structured says 10:00 AM-8:00 PM; Sat: line says 10:00 AM-9:00 PM, structured says 10:00 AM-8:00 PM). Both recorded verbatim; neither corrected.",2026-09-06,indochino_classified_2026-09-06.csv
Indochino,New Orleans,,own-door,open,3944 Magazine St.,New Orleans,LA,,(504) 584-8982,,https://www.indochino.com/showroom/neworleans,brand-stated: standalone showroom,,Brand publishes no ZIP for any door (brand-wide). Dedupe fallback used: state + city + street number.,2026-09-06,indochino_classified_2026-09-06.csv
Indochino,Seaport,,own-door,open,79 Seaport Blvd.,Boston,MA,,(857) 410-1001,,https://www.indochino.com/showroom/bostonseaport,brand-stated: standalone showroom,,Brand publishes no ZIP for any door (brand-wide). Dedupe fallback used: state + city + street number.,2026-09-06,indochino_classified_2026-09-06.csv
Indochino,Boston,,own-door,open,85 Newbury St.,Boston,MA,,(857) 277-0585,,https://www.indochino.com/showroom/boston,brand-stated: standalone showroom,,Brand publishes no ZIP for any door (brand-wide). Dedupe fallback used: state + city + street number. Published hours line contradicts itself: Tue stated as both '10:00 AM-6:00 PM' and 'closed'; Wed stated as both '10:00 AM-6:00 PM' and 'closed'. Recorded verbatim.,2026-09-06,indochino_classified_2026-09-06.csv
Indochino,Dedham,,own-door,open,716 Legacy Pl.,Dedham,MA,,(781) 747-9872,,https://www.indochino.com/showroom/legacyplace,brand-stated: standalone showroom,,Brand publishes no ZIP for any door (brand-wide). Dedupe fallback used: state + city + street number.,2026-09-06,indochino_classified_2026-09-06.csv
Indochino,Lynnfield,,own-door,open,410 Market Street,Lynnfield,MA,,(978) 865-2334,,https://www.indochino.com/showroom/Lynnfield,brand-stated: standalone showroom,,Brand publishes no ZIP for any door (brand-wide). Dedupe fallback used: state + city + street number.,2026-09-06,indochino_classified_2026-09-06.csv
Indochino,Somerset Collection,,own-door,open,2800 W Big Beaver Rd,Troy,MI,,(947) 232-7727,,https://www.indochino.com/showroom/somerset-collection,brand-stated: standalone showroom,,Brand publishes no ZIP for any door (brand-wide). Dedupe fallback used: state + city + street number.,2026-09-06,indochino_classified_2026-09-06.csv
Indochino,Mall of America,,own-door,open,Mall of America / 60 E Broadway,Minneapolis,MN,,(952) 814-0244,,https://www.indochino.com/showroom/minneapolis-mall-of-america,brand-stated: standalone showroom,,Brand publishes no ZIP for any door (brand-wide). Dedupe fallback used: state + city + street number.,2026-09-06,indochino_classified_2026-09-06.csv
Indochino,Kansas City,,own-door,open,Country Club Plaza / 444 Nichols Rd.,Kansas City,MO,,(816) 631-3641,,https://www.indochino.com/showroom/kansascity,brand-stated: standalone showroom,,Brand publishes no ZIP for any door (brand-wide). Dedupe fallback used: state + city + street number.,2026-09-06,indochino_classified_2026-09-06.csv
Indochino,St. Louis,,own-door,open,1701 S Lindbergh Blvd.,St. Louis,MO,,(314) 227-9088,,https://www.indochino.com/showroom/plazafrontenac,brand-stated: standalone showroom,,Brand publishes no ZIP for any door (brand-wide). Dedupe fallback used: state + city + street number.,2026-09-06,indochino_classified_2026-09-06.csv
Indochino,Charlotte,,own-door,open,3920 Sharon Road,Charlotte,NC,,(980) 301-0553,,https://www.indochino.com/showroom/charlotte-,brand-stated: standalone showroom,,"Brand publishes no ZIP for any door (brand-wide). Dedupe fallback used: state + city + street number. Published hours line disagrees with the brand's own structured hours on 1 day(s) (Sun: line says 11:00 AM-5:00 PM, structured says 10:00 AM-5:00 PM). Both recorded verbatim; neither corrected.",2026-09-06,indochino_classified_2026-09-06.csv
Indochino,Garden State Plaza,,own-door,open,Garden State Plaza / One Garden State Plaza Blvd.,Paramus,NJ,,(551) 237-7613,,https://www.indochino.com/showroom/garden-state-plaza,brand-stated: standalone showroom,,Brand publishes no ZIP for any door (brand-wide). Dedupe fallback used: state + city + street number.,2026-09-06,indochino_classified_2026-09-06.csv
Indochino,Short Hills,,own-door,open,The Mall at Short Hills / 1200 Morris Turnpike,Short Hills,NJ,,(973) 315-9685,,https://www.indochino.com/showroom/shorthills-,brand-stated: standalone showroom,,Brand publishes no ZIP for any door (brand-wide). Dedupe fallback used: state + city + street number.,2026-09-06,indochino_classified_2026-09-06.csv
Indochino,Las Vegas,,own-door,open,Fashion Show Mall / 3200 S Las Vegas Blvd.,Las Vegas,NV,,(725) 500-0533,,https://www.indochino.com/showroom/lasvegas,brand-stated: standalone showroom,,Brand publishes no ZIP for any door (brand-wide). Dedupe fallback used: state + city + street number.,2026-09-06,indochino_classified_2026-09-06.csv
Indochino,Buffalo,,own-door,open,1 Walden Galleria.,Buffalo,NY,,(716) 682-5865,,https://www.indochino.com/showroom/buffalo,brand-stated: standalone showroom,,"Brand publishes no ZIP for any door (brand-wide). Dedupe fallback used: state + city + street number. Published hours line disagrees with the brand's own structured hours on 7 day(s) (Mon: line says 10:00 AM-6:00 PM, structured says 10:00 AM-8:00 PM; Tue: line says 10:00 AM-6:00 PM, structured says 10:00 AM-8:00 PM; Wed: line says 10:00 AM-6:00 PM, structured says 10:00 AM-8:00 PM). Both recorded verbatim; neither corrected.",2026-09-06,indochino_classified_2026-09-06.csv
Indochino,SoHo,,own-door,open,424 Broome St.,New York,NY,,(212) 925-2631,,https://www.indochino.com/showroom/newyork,brand-stated: standalone showroom,,Brand publishes no ZIP for any door (brand-wide). Dedupe fallback used: state + city + street number.,2026-09-06,indochino_classified_2026-09-06.csv
Indochino,New York,,own-door,open,488 Madison Ave.,New York,NY,,(646) 915-0560,,https://www.indochino.com/showroom/madison,brand-stated: standalone showroom,,Brand publishes no ZIP for any door (brand-wide). Dedupe fallback used: state + city + street number.,2026-09-06,indochino_classified_2026-09-06.csv
Indochino,Cleveland,,own-door,open,Pinecrest / 300 Park Ave.,Orange Village,OH,,(216) 285-3068,,https://www.indochino.com/showroom/cleveland,brand-stated: standalone showroom,,"Brand publishes no ZIP for any door (brand-wide). Dedupe fallback used: state + city + street number. Published hours line disagrees with the brand's own structured hours on 2 day(s) (Fri: line says 10:00 AM-9:00 PM, structured says 10:00 AM-8:00 PM; Sat: line says 10:00 AM-9:00 PM, structured says 10:00 AM-8:00 PM). Both recorded verbatim; neither corrected.",2026-09-06,indochino_classified_2026-09-06.csv
Indochino,Columbus,,own-door,open,Easton Town Center / 3953 Easton Square Pl.,West Columbus,OH,,(380) 222-6171,,https://www.indochino.com/showroom/columbus,brand-stated: standalone showroom,,Brand publishes no ZIP for any door (brand-wide). Dedupe fallback used: state + city + street number.,2026-09-06,indochino_classified_2026-09-06.csv
Indochino,Portland,,own-door,open,902 SW Yamhill St.,Portland,OR,,(971) 339-7379,,https://www.indochino.com/showroom/portland,brand-stated: standalone showroom,,Brand publishes no ZIP for any door (brand-wide). Dedupe fallback used: state + city + street number.,2026-09-06,indochino_classified_2026-09-06.csv
Indochino,Washington Square,,own-door,open,Washington Square / 9585 SW Washington Square Rd.,Tigard,OR,,(971) 297-1500,,https://www.indochino.com/showroom/portlandwashingtonsquare,brand-stated: standalone showroom,,Brand publishes no ZIP for any door (brand-wide). Dedupe fallback used: state + city + street number.,2026-09-06,indochino_classified_2026-09-06.csv
Indochino,King of Prussia,,own-door,open,King of Prussia / 160 N Gulph Rd.,King of Prussia,PA,,(610) 233-0370,,https://www.indochino.com/showroom/philadelphia-king-of-prussia,brand-stated: standalone showroom,,Brand publishes no ZIP for any door (brand-wide). Dedupe fallback used: state + city + street number.,2026-09-06,indochino_classified_2026-09-06.csv
Indochino,Philadelphia,,own-door,open,1519 Walnut Street,Philadelphia,PA,,(215) 665-1002,,https://www.indochino.com/showroom/philadelphia-,brand-stated: standalone showroom,,Brand publishes no ZIP for any door (brand-wide). Dedupe fallback used: state + city + street number.,2026-09-06,indochino_classified_2026-09-06.csv
Indochino,Charleston,,own-door,open,206 King Street.,Charleston,SC,,(854) 260-2328,,https://www.indochino.com/showroom/charleston,brand-stated: standalone showroom,,Brand publishes no ZIP for any door (brand-wide). Dedupe fallback used: state + city + street number.,2026-09-06,indochino_classified_2026-09-06.csv
Indochino,Nashville,,own-door,open,515 Merritt Ave,Nashville,TN,,(615) 981-8126,,https://www.indochino.com/showroom/nashville-,brand-stated: standalone showroom,,Brand publishes no ZIP for any door (brand-wide). Dedupe fallback used: state + city + street number.,2026-09-06,indochino_classified_2026-09-06.csv
Indochino,Austin,,own-door,open,411 W 2nd Street,Austin,TX,,(737) 241-9313,,https://www.indochino.com/showroom/austin2,brand-stated: standalone showroom,,Brand publishes no ZIP for any door (brand-wide). Dedupe fallback used: state + city + street number.,2026-09-06,indochino_classified_2026-09-06.csv
Indochino,West Village,,own-door,open,3699 McKinney Ave.,Dallas,TX,,(682) 800-1281,,https://www.indochino.com/showroom/westvillage,brand-stated: standalone showroom,,Brand publishes no ZIP for any door (brand-wide). Dedupe fallback used: state + city + street number.,2026-09-06,indochino_classified_2026-09-06.csv
Indochino,Fort Worth,,own-door,open,1701 River Run,Fort Worth,TX,,(682) 786-5397,,https://www.indochino.com/showroom/fortworth,brand-stated: standalone showroom,,Brand publishes no ZIP for any door (brand-wide). Dedupe fallback used: state + city + street number.,2026-09-06,indochino_classified_2026-09-06.csv
Indochino,Houston,,own-door,open,The Galleria / 5085 Westheimer Rd.,Houston,TX,,(346) 360-1755,,https://www.indochino.com/showroom/houston,brand-stated: standalone showroom,,Brand publishes no ZIP for any door (brand-wide). Dedupe fallback used: state + city + street number.,2026-09-06,indochino_classified_2026-09-06.csv
Indochino,Murray,,own-door,open,6191 S State St,Murray,UT,,(385) 513-2196,,https://www.indochino.com/showroom/murray,brand-stated: standalone showroom,,Brand publishes no ZIP for any door (brand-wide). Dedupe fallback used: state + city + street number.,2026-09-06,indochino_classified_2026-09-06.csv
Indochino,Tysons,,own-door,open,Tysons Galleria / 2001 International Dr.,McLean,VA,,(703) 866-8995,,https://www.indochino.com/showroom/washington-dc,brand-stated: standalone showroom,,Brand publishes no ZIP for any door (brand-wide). Dedupe fallback used: state + city + street number.,2026-09-06,indochino_classified_2026-09-06.csv
Indochino,Bellevue,,own-door,open,Bellevue Square / 1045 Bellevue Square,Bellevue,WA,,(425) 365-4018,,https://www.indochino.com/showroom/bellevuesquare,brand-stated: standalone showroom,,Brand publishes no ZIP for any door (brand-wide). Dedupe fallback used: state + city + street number.,2026-09-06,indochino_classified_2026-09-06.csv
Indochino,Seattle,,own-door,open,1801 5th Ave.,Seattle,WA,,(206) 623-8310,,https://www.indochino.com/showroom/seattle,brand-stated: standalone showroom,,Brand publishes no ZIP for any door (brand-wide). Dedupe fallback used: state + city + street number.,2026-09-06,indochino_classified_2026-09-06.csv
Indochino,Hilldale,,own-door,open,702 N Midvale Blvd.,Madison,WI,,(608) 218-3911,,https://www.indochino.com/showroom/hilldaleshoppingcenter,brand-stated: standalone showroom,,Brand publishes no ZIP for any door (brand-wide). Dedupe fallback used: state + city + street number.,2026-09-06,indochino_classified_2026-09-06.csv
Industry of All Nations,,,own-door,open,61675 Twentynine Palms Hwy,Joshua Tree,CA,92252,,,https://industryofallnations.com/pages/stores,master store_type=standard (pre-recapture),,,2026-08-24,locations_2026-08-29.csv
Industry of All Nations,,,own-door,open,528 Hayes St,San Francisco,CA,94102,,,https://industryofallnations.com/pages/stores,master store_type=standard (pre-recapture),,,2026-08-24,locations_2026-08-29.csv
Industry of All Nations,,,own-door,open,1121 Abbot Kinney Blvd,Venice,CA,90291,,,https://industryofallnations.com/pages/stores,master store_type=standard (pre-recapture),,,2026-08-24,locations_2026-08-29.csv
Industry of All Nations,,,own-door,open,100 North 3rd St,Brooklyn,NY,11249,,,https://industryofallnations.com/pages/stores,master store_type=standard (pre-recapture),,,2026-08-24,locations_2026-08-29.csv
Industry of All Nations,,,own-door,open,232 Elizabeth St,New York,NY,10012,,,https://industryofallnations.com/pages/stores,master store_type=standard (pre-recapture),,,2026-08-24,locations_2026-08-29.csv
Isabel Marant,Melrose Place,,own-door,open,8454 Melrose Place,Los Angeles,CA,90069,,Melrose Place,https://www.isabelmarant.com/us/stores,master store_type=standard (pre-recapture),,,2026-08-24,locations_2026-08-29.csv
Isabel Marant,Palisades Village,,own-door,open,1056 North Swarthmore Avenue,Pacific Palisades,CA,90272,,Palisades Village,https://www.isabelmarant.com/us/stores,master store_type=standard (pre-recapture),,,2026-08-24,locations_2026-08-29.csv
Isabel Marant,,,own-door,open,455 Jackson Street,San Francisco,CA,94111,,,https://www.isabelmarant.com/us/stores,master store_type=standard (pre-recapture),,,2026-08-24,locations_2026-08-29.csv
Isabel Marant,Bal Harbour Shops,,own-door,open,"9700 Collins Avenue, 248",Bal Harbour,FL,33154,,Bal Harbour Shops,https://www.isabelmarant.com/us/stores,master store_type=standard (pre-recapture),,,2026-08-24,locations_2026-08-29.csv
Isabel Marant,Miami Design District,,own-door,open,"175 N.E. 40th Street, Garden Lounge Building",Miami,FL,33137,,Miami Design District,https://www.isabelmarant.com/us/stores,master store_type=standard (pre-recapture),,,2026-08-24,locations_2026-08-29.csv
Isabel Marant,,,own-door,open,469 Broome Street,New York,NY,10013,,,https://www.isabelmarant.com/us/stores,master store_type=standard (pre-recapture),,,2026-08-24,locations_2026-08-29.csv
Isabel Marant,,,own-door,open,677 Madison Avenue,New York,NY,10065,,,https://www.isabelmarant.com/us/stores,master store_type=standard (pre-recapture),,,2026-08-24,locations_2026-08-29.csv
Isabel Marant,NorthPark Center,,own-door,open,"8687 North Central Expressway, Suite C1-521",Dallas,TX,75225,,NorthPark Center,https://www.isabelmarant.com/us/stores,master store_type=standard (pre-recapture),,,2026-08-24,locations_2026-08-29.csv
Isaia,,,own-door,open,9527 Brighton Way,Beverly Hills,CA,90210,,,https://www.isaia.us/pages/store-locator,master store_type=standard (pre-recapture),,,2026-08-24,locations_2026-08-29.csv
Isaia,,,own-door,open,140 Maiden Ln,San Francisco,CA,94108,,,https://www.isaia.us/pages/store-locator,master store_type=standard (pre-recapture),,,2026-08-24,locations_2026-08-29.csv
Isaia,Bal Harbour Shops,,own-door,open,9700 Collins Ave #104,Bal Harbour,FL,33154,,Bal Harbour Shops,https://www.isaia.us/pages/store-locator,master store_type=standard (pre-recapture),,,2026-08-24,locations_2026-08-29.csv
Isaia,,,own-door,open,305 Worth Ave,Palm Beach,FL,33480,,,https://www.isaia.us/pages/store-locator,master store_type=standard (pre-recapture),,,2026-08-24,locations_2026-08-29.csv
Isaia,,,own-door,open,110 E Oak St,Chicago,IL,60611,,,https://www.isaia.us/pages/store-locator,master store_type=standard (pre-recapture),,,2026-08-24,locations_2026-08-29.csv
Isaia,Wynn Plaza Shops,,own-door,open,"3121 Las Vegas Blvd S, Suite E4",Las Vegas,NV,89109,,Wynn Plaza Shops,https://www.isaia.us/pages/store-locator,master store_type=standard (pre-recapture),,,2026-08-24,locations_2026-08-29.csv
Isaia,,,own-door,open,819 Madison Ave,New York,NY,10021,,,https://www.isaia.us/pages/store-locator,master store_type=standard (pre-recapture),,,2026-08-24,locations_2026-08-29.csv
Jacquemus,,,own-door,open,1759 S Jameson Ln,Montecito,CA,93108,,,https://www.jacquemus.com/stores,master store_type=standard (pre-recapture),,,2026-08-24,locations_2026-08-29.csv
Jacquemus,,,own-door,open,8804 Melrose Ave,West Hollywood,CA,90069,,,https://www.jacquemus.com/stores,master store_type=standard (pre-recapture),,,2026-08-24,locations_2026-08-29.csv
Jacquemus,,,own-door,open,143 Spring Street,New York,NY,10012,,,https://www.jacquemus.com/stores,master store_type=standard (pre-recapture),,,2026-08-24,locations_2026-08-29.csv
James Perse,Scottsdale Fashion Square,,own-door,open,"7014 E Camelback Road, Space 1128",Scottsdale,AZ,85251,,Scottsdale Fashion Square,https://www.jamesperse.com/pages/store-locator,master store_type=standard (pre-recapture),,,2026-08-24,locations_2026-08-29.csv
James Perse,,,own-door,open,357 North Canon Drive,Beverly Hills,CA,90210,,,https://www.jamesperse.com/pages/store-locator,master store_type=standard (pre-recapture),,,2026-08-24,locations_2026-08-29.csv
James Perse,,,own-door,open,2007 Larkspur Landing Circle,Larkspur,CA,94939,,,https://www.jamesperse.com/pages/store-locator,master store_type=standard (pre-recapture),,,2026-08-24,locations_2026-08-29.csv
James Perse,,,own-door,open,143 N Robertson Boulevard,Los Angeles,CA,90048,,,https://www.jamesperse.com/pages/store-locator,master store_type=standard (pre-recapture),,,2026-08-24,locations_2026-08-29.csv
James Perse,Malibu Lumber Yard,,own-door,open,"3939 Cross Creek Road, Suite E-100",Malibu,CA,90265,,Malibu Lumber Yard,https://www.jamesperse.com/pages/store-locator,master store_type=standard (pre-recapture),,,2026-08-24,locations_2026-08-29.csv
James Perse,,,own-door,open,1803 Westcliff Drive,Newport Beach,CA,92660,,,https://www.jamesperse.com/pages/store-locator,master store_type=standard (pre-recapture),,,2026-08-24,locations_2026-08-29.csv
James Perse,Westfield UTC,,own-door,open,"4305 La Jolla Village Drive, Suite #2478",San Diego,CA,92122,,Westfield UTC,https://www.jamesperse.com/pages/store-locator,master store_type=standard (pre-recapture),,,2026-08-24,locations_2026-08-29.csv
James Perse,,,own-door,open,1221 Coast Village Road,Santa Barbara,CA,93108,,,https://www.jamesperse.com/pages/store-locator,master store_type=standard (pre-recapture),,,2026-08-24,locations_2026-08-29.csv
James Perse,Brentwood Country Mart,,own-door,open,"225 26th Street, Suite 7",Santa Monica,CA,90402,,Brentwood Country Mart,https://www.jamesperse.com/pages/store-locator,master store_type=standard (pre-recapture),,,2026-08-24,locations_2026-08-29.csv
James Perse,,,own-door,open,"12109 Ventura Place, Unit A",Studio City,CA,91604,,,https://www.jamesperse.com/pages/store-locator,master store_type=standard (pre-recapture),,,2026-08-24,locations_2026-08-29.csv
James Perse,,,own-door,open,8914 Melrose Avenue,West Hollywood,CA,90069,,,https://www.jamesperse.com/pages/store-locator,master store_type=standard (pre-recapture),,,2026-08-24,locations_2026-08-29.csv
James Perse,,,own-door,open,312 S. Hunter Street,Aspen,CO,81611,,,https://www.jamesperse.com/pages/store-locator,master store_type=standard (pre-recapture),,,2026-08-24,locations_2026-08-29.csv
James Perse,,,own-door,open,1 Lafayette Court,Greenwich,CT,06830,,,https://www.jamesperse.com/pages/store-locator,master store_type=standard (pre-recapture),,,2026-08-24,locations_2026-08-29.csv
James Perse,Bal Harbour Shops,,own-door,open,"9700 Collins Avenue, Suite 212",Bal Harbour,FL,33154,,Bal Harbour Shops,https://www.jamesperse.com/pages/store-locator,master store_type=standard (pre-recapture),,,2026-08-24,locations_2026-08-29.csv
James Perse,Miami Design District,,own-door,open,3915 NE 1st Ave,Miami,FL,33137,,Miami Design District,https://www.jamesperse.com/pages/store-locator,master store_type=standard (pre-recapture),,,2026-08-24,locations_2026-08-29.csv
James Perse,Royal Poinciana Plaza,,own-door,open,"340 Royal Poinciana Way, Suite M327",Palm Beach,FL,33480,,Royal Poinciana Plaza,https://www.jamesperse.com/pages/store-locator,master store_type=standard (pre-recapture),,,2026-08-24,locations_2026-08-29.csv
James Perse,Plaza del Lago,,own-door,open,"1515 Sheridan Road, Unit 23",Wilmette,IL,60091,,Plaza del Lago,https://www.jamesperse.com/pages/store-locator,master store_type=standard (pre-recapture),,,2026-08-24,locations_2026-08-29.csv
James Perse,Wynn Las Vegas,,own-door,open,"3131 South Las Vegas Blvd, Suite #212",Las Vegas,NV,89109,,Wynn Las Vegas,https://www.jamesperse.com/pages/store-locator,master store_type=standard (pre-recapture),,,2026-08-24,locations_2026-08-29.csv
James Perse,,,own-door,open,56 Newtown Lane,East Hampton,NY,11937,,,https://www.jamesperse.com/pages/store-locator,master store_type=standard (pre-recapture),,,2026-08-24,locations_2026-08-29.csv
James Perse,,,own-door,open,1146 Madison Avenue,New York,NY,10028,,,https://www.jamesperse.com/pages/store-locator,master store_type=standard (pre-recapture),,,2026-08-24,locations_2026-08-29.csv
James Perse,,,own-door,open,257 Church St,New York,NY,10013,,,https://www.jamesperse.com/pages/store-locator,master store_type=standard (pre-recapture),,,2026-08-24,locations_2026-08-29.csv
James Perse,,,own-door,open,368 Bleecker Street,New York,NY,10014,,,https://www.jamesperse.com/pages/store-locator,master store_type=standard (pre-recapture),,,2026-08-24,locations_2026-08-29.csv
James Perse,,,own-door,open,60 Mercer Street,New York,NY,10013,,,https://www.jamesperse.com/pages/store-locator,master store_type=standard (pre-recapture),,,2026-08-24,locations_2026-08-29.csv
James Perse,,,own-door,open,"4205 Buena Vista Street, Suite 190",Dallas,TX,75205,,,https://www.jamesperse.com/pages/store-locator,master store_type=standard (pre-recapture),,,2026-08-24,locations_2026-08-29.csv
Jil Sander,,,own-door,open,96 Greene Street,New York,NY,10012,,,https://www.jilsander.com/en-us/stores,master store_type=standard (pre-recapture),,,2026-08-24,locations_2026-08-29.csv
Jil Sander,,,own-door,open,"8687 N Central Expwy, Ste C1-518",Dallas,TX,75225,,,https://www.jilsander.com/en-us/stores,master store_type=standard (pre-recapture),,,2026-08-24,locations_2026-08-29.csv
J.McLaughlin,,,own-door,open,225 Summit Blvd Ste 98,Birmingham,AL,35243,,,https://www.jmclaughlin.com/pages/store-locator,master store_type=standard (pre-recapture),,,2026-08-24,locations_2026-08-29.csv
J.McLaughlin,,,own-door,open,5919 Kavanaugh Blvd,Little Rock,AR,72207,,,https://www.jmclaughlin.com/pages/store-locator,master store_type=standard (pre-recapture),,,2026-08-24,locations_2026-08-29.csv
J.McLaughlin,,,own-door,open,2502 E Camelback Rd Ste 134-A,Phoenix,AZ,85016,,,https://www.jmclaughlin.com/pages/store-locator,master store_type=standard (pre-recapture),,,2026-08-24,locations_2026-08-29.csv
J.McLaughlin,,,own-door,open,15220 North Scottsdale Rd Ste 160,Scottsdale,AZ,85254,,,https://www.jmclaughlin.com/pages/store-locator,master store_type=standard (pre-recapture),,,2026-08-24,locations_2026-08-29.csv
J.McLaughlin,,,own-door,open,7039 N. Oracle Rd,Tucson,AZ,85704,,,https://www.jmclaughlin.com/pages/store-locator,master store_type=standard (pre-recapture),,,2026-08-24,locations_2026-08-29.csv
J.McLaughlin,,,own-door,open,1770 Ocean Ave,Carmel-By-The-Sea,CA,93921,,,https://www.jmclaughlin.com/pages/store-locator,master store_type=standard (pre-recapture),,,2026-08-24,locations_2026-08-29.csv
J.McLaughlin,,,own-door,open,411 Hartz Ave,Danville,CA,94526,,,https://www.jmclaughlin.com/pages/store-locator,master store_type=standard (pre-recapture),,,2026-08-24,locations_2026-08-29.csv
J.McLaughlin,,,own-door,open,7880 Girard Ave,La Jolla,CA,92037,,,https://www.jmclaughlin.com/pages/store-locator,master store_type=standard (pre-recapture),,,2026-08-24,locations_2026-08-29.csv
J.McLaughlin,,,own-door,open,3547 Mt Diablo Blvd,Lafayette,CA,94549,,,https://www.jmclaughlin.com/pages/store-locator,master store_type=standard (pre-recapture),,,2026-08-24,locations_2026-08-29.csv
J.McLaughlin,,,own-door,open,17 1/2 N Santa Cruz Ave,Los Gatos,CA,95030,,,https://www.jmclaughlin.com/pages/store-locator,master store_type=standard (pre-recapture),,,2026-08-24,locations_2026-08-29.csv
J.McLaughlin,,,own-door,open,75 Throckmorton Ave,Mill Valley,CA,94941,,,https://www.jmclaughlin.com/pages/store-locator,master store_type=standard (pre-recapture),,,2026-08-24,locations_2026-08-29.csv
J.McLaughlin,,,own-door,open,1253 Coast Village Rd,Montecito,CA,93108,,,https://www.jmclaughlin.com/pages/store-locator,master store_type=standard (pre-recapture),,,2026-08-24,locations_2026-08-29.csv
J.McLaughlin,,,own-door,open,1300 1st Street Suite 317,Napa,CA,94559,,,https://www.jmclaughlin.com/pages/store-locator,master store_type=standard (pre-recapture),,,2026-08-24,locations_2026-08-29.csv
J.McLaughlin,,,own-door,open,972 Avocado Ave Ste 972,Newport Beach,CA,92660,,,https://www.jmclaughlin.com/pages/store-locator,master store_type=standard (pre-recapture),,,2026-08-24,locations_2026-08-29.csv
J.McLaughlin,,,own-door,open,73-375 El Paseo Ste L,Palm Desert,CA,92260,,,https://www.jmclaughlin.com/pages/store-locator,master store_type=standard (pre-recapture),,,2026-08-24,locations_2026-08-29.csv
J.McLaughlin,,,own-door,open,855 El Camino Real #35,Palo Alto,CA,94301,,,https://www.jmclaughlin.com/pages/store-locator,master store_type=standard (pre-recapture),,,2026-08-24,locations_2026-08-29.csv
J.McLaughlin,,,own-door,open,2533 Mission St,San Marino,CA,91108,,,https://www.jmclaughlin.com/pages/store-locator,master store_type=standard (pre-recapture),,,2026-08-24,locations_2026-08-29.csv
J.McLaughlin,,,own-door,open,1329 Montana Ave,Santa Monica,CA,90403,,,https://www.jmclaughlin.com/pages/store-locator,master store_type=standard (pre-recapture),,,2026-08-24,locations_2026-08-29.csv
J.McLaughlin,,,own-door,open,2701 E 3rd Ave,Denver,CO,80206,,,https://www.jmclaughlin.com/pages/store-locator,master store_type=standard (pre-recapture),,,2026-08-24,locations_2026-08-29.csv
J.McLaughlin,,,own-door,open,1020 Boston Post Rd,Darien,CT,06820,,,https://www.jmclaughlin.com/pages/store-locator,master store_type=standard (pre-recapture),,,2026-08-24,locations_2026-08-29.csv
J.McLaughlin,,,own-door,open,3 Main St,Essex,CT,06426,,,https://www.jmclaughlin.com/pages/store-locator,master store_type=standard (pre-recapture),,,2026-08-24,locations_2026-08-29.csv
J.McLaughlin,,,own-door,open,55 East Putnam Ave,Greenwich,CT,06830,,,https://www.jmclaughlin.com/pages/store-locator,master store_type=standard (pre-recapture),,,2026-08-24,locations_2026-08-29.csv
J.McLaughlin,,,own-door,open,5 West St,Litchfield,CT,06759,,,https://www.jmclaughlin.com/pages/store-locator,master store_type=standard (pre-recapture),,,2026-08-24,locations_2026-08-29.csv
J.McLaughlin,,,own-door,open,704 Boston Post Rd,Madison,CT,06443,,,https://www.jmclaughlin.com/pages/store-locator,master store_type=standard (pre-recapture),,,2026-08-24,locations_2026-08-29.csv
J.McLaughlin,,,own-door,open,116 Elm St,New Canaan,CT,06840,,,https://www.jmclaughlin.com/pages/store-locator,master store_type=standard (pre-recapture),,,2026-08-24,locations_2026-08-29.csv
J.McLaughlin,,,own-door,open,391 Main St,Ridgefield,CT,06877,,,https://www.jmclaughlin.com/pages/store-locator,master store_type=standard (pre-recapture),,,2026-08-24,locations_2026-08-29.csv
J.McLaughlin,,,own-door,open,342 Pequot Ave,Southport,CT,06890,,,https://www.jmclaughlin.com/pages/store-locator,master store_type=standard (pre-recapture),,,2026-08-24,locations_2026-08-29.csv
J.McLaughlin,,,own-door,open,981 Farmington Ave,West Hartford,CT,06107,,,https://www.jmclaughlin.com/pages/store-locator,master store_type=standard (pre-recapture),,,2026-08-24,locations_2026-08-29.csv
J.McLaughlin,,,own-door,open,382 Post Road East,Westport,CT,06880,,,https://www.jmclaughlin.com/pages/store-locator,master store_type=standard (pre-recapture),,,2026-08-24,locations_2026-08-29.csv
J.McLaughlin,,,own-door,open,3278 M St NW,Washington,DC,20007,,,https://www.jmclaughlin.com/pages/store-locator,master store_type=standard (pre-recapture),,,2026-08-24,locations_2026-08-29.csv
J.McLaughlin,,,own-door,open,4021 Kennett Pike,Greenville,DE,19807,,,https://www.jmclaughlin.com/pages/store-locator,master store_type=standard (pre-recapture),,,2026-08-24,locations_2026-08-29.csv
J.McLaughlin,,,own-door,open,400-490 Indian Rocks Road,Belleair Bluffs,FL,33770,,,https://www.jmclaughlin.com/pages/store-locator,master store_type=standard (pre-recapture),,,2026-08-24,locations_2026-08-29.csv
J.McLaughlin,,,own-door,open,360 Park Ave,Boca Grande,FL,33921,,,https://www.jmclaughlin.com/pages/store-locator,master store_type=standard (pre-recapture),,,2026-08-24,locations_2026-08-29.csv
J.McLaughlin,,,own-door,open,426 Plaza Real,Boca Raton,FL,33432,,,https://www.jmclaughlin.com/pages/store-locator,master store_type=standard (pre-recapture),,,2026-08-24,locations_2026-08-29.csv
J.McLaughlin,,,own-door,open,14830 Captiva Drive Unit 240,Captiva,FL,33924,,,https://www.jmclaughlin.com/pages/store-locator,master store_type=standard (pre-recapture),,,2026-08-24,locations_2026-08-29.csv
J.McLaughlin,,,own-door,open,519 E Atlantic Ave,Delray Beach,FL,33483,,,https://www.jmclaughlin.com/pages/store-locator,master store_type=standard (pre-recapture),,,2026-08-24,locations_2026-08-29.csv
J.McLaughlin,,,own-door,open,495 Grand Blvd,Destin,FL,32550,,,https://www.jmclaughlin.com/pages/store-locator,master store_type=standard (pre-recapture),,,2026-08-24,locations_2026-08-29.csv
J.McLaughlin,,,own-door,open,4800 1st Coast Hwy Space 420,Fernandina Beach,FL,32034,,,https://www.jmclaughlin.com/pages/store-locator,master store_type=standard (pre-recapture),,,2026-08-24,locations_2026-08-29.csv
J.McLaughlin,,,own-door,open,6921 Daniels Parkway Suite 165,Ft Myers,FL,33912,,,https://www.jmclaughlin.com/pages/store-locator,master store_type=standard (pre-recapture),,,2026-08-24,locations_2026-08-29.csv
J.McLaughlin,,,own-door,open,808 E Las Olas Blvd,Ft. Lauderdale,FL,33301,,,https://www.jmclaughlin.com/pages/store-locator,master store_type=standard (pre-recapture),,,2026-08-24,locations_2026-08-29.csv
J.McLaughlin,,,own-door,open,11770 SE Dixie Hwy,Hobe Sound,FL,33455,,,https://www.jmclaughlin.com/pages/store-locator,master store_type=standard (pre-recapture),,,2026-08-24,locations_2026-08-29.csv
J.McLaughlin,,,own-door,open,8165 Avalon Blvd,Alpharetta,GA,30009,,,https://www.jmclaughlin.com/pages/store-locator,master store_type=standard (pre-recapture),,,2026-08-24,locations_2026-08-29.csv
J.McLaughlin,,,own-door,open,4300 Paces Ferry Rd Suite 111,Atlanta,GA,30339,,,https://www.jmclaughlin.com/pages/store-locator,master store_type=standard (pre-recapture),,,2026-08-24,locations_2026-08-29.csv
J.McLaughlin,,,own-door,open,600 Sea Island Rd,St. Simons,GA,31522,,,https://www.jmclaughlin.com/pages/store-locator,master store_type=standard (pre-recapture),,,2026-08-24,locations_2026-08-29.csv
J.McLaughlin,,,own-door,open,103 N. Broad St,Thomasville,GA,31792,,,https://www.jmclaughlin.com/pages/store-locator,master store_type=standard (pre-recapture),,,2026-08-24,locations_2026-08-29.csv
J.McLaughlin,,,own-door,open,3750 Wailea Alanui Dr Space EW16,Kihei,HI,96753,,,https://www.jmclaughlin.com/pages/store-locator,master store_type=standard (pre-recapture),,,2026-08-24,locations_2026-08-29.csv
J.McLaughlin,,,own-door,open,520 Fourth St E Unit 102,Sun Valley,ID,83340,,,https://www.jmclaughlin.com/pages/store-locator,master store_type=standard (pre-recapture),,,2026-08-24,locations_2026-08-29.csv
J.McLaughlin,,,own-door,open,29 South Third St,Geneva,IL,60134,,,https://www.jmclaughlin.com/pages/store-locator,master store_type=standard (pre-recapture),,,2026-08-24,locations_2026-08-29.csv
J.McLaughlin,,,own-door,open,53 S Washington St,Hinsdale,IL,60521,,,https://www.jmclaughlin.com/pages/store-locator,master store_type=standard (pre-recapture),,,2026-08-24,locations_2026-08-29.csv
J.McLaughlin,,,own-door,open,261 Market Square,Lake Forest,IL,60045,,,https://www.jmclaughlin.com/pages/store-locator,master store_type=standard (pre-recapture),,,2026-08-24,locations_2026-08-29.csv
J.McLaughlin,,,own-door,open,216 S Main St,Naperville,IL,60540,,,https://www.jmclaughlin.com/pages/store-locator,master store_type=standard (pre-recapture),,,2026-08-24,locations_2026-08-29.csv
J.McLaughlin,,,own-door,open,567-A Lincoln Ave,Winnetka,IL,60093,,,https://www.jmclaughlin.com/pages/store-locator,master store_type=standard (pre-recapture),,,2026-08-24,locations_2026-08-29.csv
J.McLaughlin,,,own-door,open,5611 N Illinois St,Indianapolis,IN,46208,,,https://www.jmclaughlin.com/pages/store-locator,master store_type=standard (pre-recapture),,,2026-08-24,locations_2026-08-29.csv
J.McLaughlin,,,own-door,open,120 Summit at Fritz Farm Space #120,Lexington,KY,40517,,,https://www.jmclaughlin.com/pages/store-locator,master store_type=standard (pre-recapture),,,2026-08-24,locations_2026-08-29.csv
J.McLaughlin,,,own-door,open,3935 Chenoweth Square,Louisville,KY,40207,,,https://www.jmclaughlin.com/pages/store-locator,master store_type=standard (pre-recapture),,,2026-08-24,locations_2026-08-29.csv
J.McLaughlin,,,own-door,open,3954-3956 Magazine St,New Orleans,LA,70115,,,https://www.jmclaughlin.com/pages/store-locator,master store_type=standard (pre-recapture),,,2026-08-24,locations_2026-08-29.csv
J.McLaughlin,,,own-door,open,13 Main St,Andover,MA,01810,,,https://www.jmclaughlin.com/pages/store-locator,master store_type=standard (pre-recapture),,,2026-08-24,locations_2026-08-29.csv
J.McLaughlin,,,own-door,open,34 Charles St,Boston,MA,02114,,,https://www.jmclaughlin.com/pages/store-locator,master store_type=standard (pre-recapture),,,2026-08-24,locations_2026-08-29.csv
J.McLaughlin,,,own-door,open,632 Main St,Chatham,MA,02633,,,https://www.jmclaughlin.com/pages/store-locator,master store_type=standard (pre-recapture),,,2026-08-24,locations_2026-08-29.csv
J.McLaughlin,,,own-door,open,55 Boylston St,Chestnut Hill,MA,02467,,,https://www.jmclaughlin.com/pages/store-locator,master store_type=standard (pre-recapture),,,2026-08-24,locations_2026-08-29.csv
J.McLaughlin,,,own-door,open,14 Walden St,Concord,MA,01742,,,https://www.jmclaughlin.com/pages/store-locator,master store_type=standard (pre-recapture),,,2026-08-24,locations_2026-08-29.csv
J.McLaughlin,,,own-door,open,43 Main St,Edgartown,MA,02539,,,https://www.jmclaughlin.com/pages/store-locator,master store_type=standard (pre-recapture),,,2026-08-24,locations_2026-08-29.csv
J.McLaughlin,,,own-door,open,124-132 North St,Hingham,MA,02043,,,https://www.jmclaughlin.com/pages/store-locator,master store_type=standard (pre-recapture),,,2026-08-24,locations_2026-08-29.csv
J.McLaughlin,,,own-door,open,11 Central St,Manchester by the Sea,MA,01944,,,https://www.jmclaughlin.com/pages/store-locator,master store_type=standard (pre-recapture),,,2026-08-24,locations_2026-08-29.csv
J.McLaughlin,,,own-door,open,39 Market Street,Mashpee,MA,02649,,,https://www.jmclaughlin.com/pages/store-locator,master store_type=standard (pre-recapture),,,2026-08-24,locations_2026-08-29.csv
J.McLaughlin,,,own-door,open,1 Salem St,Nantucket,MA,02554,,,https://www.jmclaughlin.com/pages/store-locator,master store_type=standard (pre-recapture),,,2026-08-24,locations_2026-08-29.csv
J.McLaughlin,,,own-door,open,827 Main St,Osterville,MA,02655,,,https://www.jmclaughlin.com/pages/store-locator,master store_type=standard (pre-recapture),,,2026-08-24,locations_2026-08-29.csv
J.McLaughlin,,,own-door,open,12 Church St,Wellesley,MA,02482,,,https://www.jmclaughlin.com/pages/store-locator,master store_type=standard (pre-recapture),,,2026-08-24,locations_2026-08-29.csv
J.McLaughlin,,,own-door,open,181 Main St,Annapolis,MD,21401,,,https://www.jmclaughlin.com/pages/store-locator,master store_type=standard (pre-recapture),,,2026-08-24,locations_2026-08-29.csv
J.McLaughlin,,,own-door,open,4851 Bethesda Ave,Bethesda,MD,20814,,,https://www.jmclaughlin.com/pages/store-locator,master store_type=standard (pre-recapture),,,2026-08-24,locations_2026-08-29.csv
J.McLaughlin,,,own-door,open,7623 Bellona Ave,Ruxton,MD,21204,,,https://www.jmclaughlin.com/pages/store-locator,master store_type=standard (pre-recapture),,,2026-08-24,locations_2026-08-29.csv
J.McLaughlin,,,own-door,open,201 S Talbot Street,St. Michaels,MD,21663,,,https://www.jmclaughlin.com/pages/store-locator,master store_type=standard (pre-recapture),,,2026-08-24,locations_2026-08-29.csv
J.McLaughlin,,,own-door,open,2178 Post Rd,Wells,ME,04090,,,https://www.jmclaughlin.com/pages/store-locator,master store_type=standard (pre-recapture),,,2026-08-24,locations_2026-08-29.csv
J.McLaughlin,,,own-door,open,17121 Kercheval Ave,Grosse Pointe,MI,48230,,,https://www.jmclaughlin.com/pages/store-locator,master store_type=standard (pre-recapture),,,2026-08-24,locations_2026-08-29.csv
J.McLaughlin,,,own-door,open,245 E Main St,Harbor Springs,MI,49740,,,https://www.jmclaughlin.com/pages/store-locator,master store_type=standard (pre-recapture),,,2026-08-24,locations_2026-08-29.csv
J.McLaughlin,,,own-door,open,2801 W Big Beaver Rd Ste J-220,Troy,MI,48084,,,https://www.jmclaughlin.com/pages/store-locator,master store_type=standard (pre-recapture),,,2026-08-24,locations_2026-08-29.csv
J.McLaughlin,,,own-door,open,3360 Galleria,Edina,MN,55435,,,https://www.jmclaughlin.com/pages/store-locator,master store_type=standard (pre-recapture),,,2026-08-24,locations_2026-08-29.csv
J.McLaughlin,,,own-door,open,743 E Lake St,Wayzata,MN,55391,,,https://www.jmclaughlin.com/pages/store-locator,master store_type=standard (pre-recapture),,,2026-08-24,locations_2026-08-29.csv
J.McLaughlin,,,own-door,open,1590 Clarkson Road,Chesterfield,MO,63017,,,https://www.jmclaughlin.com/pages/store-locator,master store_type=standard (pre-recapture),,,2026-08-24,locations_2026-08-29.csv
J.McLaughlin,,,own-door,open,4703 Broadway,Kansas City,MO,64112,,,https://www.jmclaughlin.com/pages/store-locator,master store_type=standard (pre-recapture),,,2026-08-24,locations_2026-08-29.csv
J.McLaughlin,,,own-door,open,1508 South Lindbergh Blvd,St. Louis,MO,63131,,,https://www.jmclaughlin.com/pages/store-locator,master store_type=standard (pre-recapture),,,2026-08-24,locations_2026-08-29.csv
J.McLaughlin,,,own-door,open,4500 I-55N Ste 182,Jackson,MS,39211,,,https://www.jmclaughlin.com/pages/store-locator,master store_type=standard (pre-recapture),,,2026-08-24,locations_2026-08-29.csv
J.McLaughlin,,,own-door,open,"95 US 64 West, Building 3",Cashiers,NC,28717,,,https://www.jmclaughlin.com/pages/store-locator,master store_type=standard (pre-recapture),,,2026-08-24,locations_2026-08-29.csv
J.McLaughlin,,,own-door,open,702 Meadowmont Village Cir,Chapel Hill,NC,27517,,,https://www.jmclaughlin.com/pages/store-locator,master store_type=standard (pre-recapture),,,2026-08-24,locations_2026-08-29.csv
J.McLaughlin,,,own-door,open,6815-D Phillips Place,Charlotte,NC,28210,,,https://www.jmclaughlin.com/pages/store-locator,master store_type=standard (pre-recapture),,,2026-08-24,locations_2026-08-29.csv
J.McLaughlin,,,own-door,open,624 Jetton St Suite 150,Davidson,NC,28036,,,https://www.jmclaughlin.com/pages/store-locator,master store_type=standard (pre-recapture),,,2026-08-24,locations_2026-08-29.csv
J.McLaughlin,,,own-door,open,301 State St,Greensboro,NC,27408,,,https://www.jmclaughlin.com/pages/store-locator,master store_type=standard (pre-recapture),,,2026-08-24,locations_2026-08-29.csv
J.McLaughlin,,,own-door,open,318 Main St,Highlands,NC,28741,,,https://www.jmclaughlin.com/pages/store-locator,master store_type=standard (pre-recapture),,,2026-08-24,locations_2026-08-29.csv
J.McLaughlin,,,own-door,open,4209-121 Lassiter Mill Rd,Raleigh,NC,27609,,,https://www.jmclaughlin.com/pages/store-locator,master store_type=standard (pre-recapture),,,2026-08-24,locations_2026-08-29.csv
J.McLaughlin,,,own-door,open,132 NW Broad St,Southern Pines,NC,28387,,,https://www.jmclaughlin.com/pages/store-locator,master store_type=standard (pre-recapture),,,2026-08-24,locations_2026-08-29.csv
J.McLaughlin,,,own-door,open,1900 Eastwood Rd,Wilmington,NC,28403,,,https://www.jmclaughlin.com/pages/store-locator,master store_type=standard (pre-recapture),,,2026-08-24,locations_2026-08-29.csv
J.McLaughlin,,,own-door,open,117 A Reynolda Village,Winston-Salem,NC,27106,,,https://www.jmclaughlin.com/pages/store-locator,master store_type=standard (pre-recapture),,,2026-08-24,locations_2026-08-29.csv
J.McLaughlin,,,own-door,open,2501 South 90th St Suite 110,Omaha,NE,68124,,,https://www.jmclaughlin.com/pages/store-locator,master store_type=standard (pre-recapture),,,2026-08-24,locations_2026-08-29.csv
J.McLaughlin,,,own-door,open,33 S Main St,Hanover,NH,03755,,,https://www.jmclaughlin.com/pages/store-locator,master store_type=standard (pre-recapture),,,2026-08-24,locations_2026-08-29.csv
J.McLaughlin,,,own-door,open,84 Bridge Ave,Bay Head,NJ,08742,,,https://www.jmclaughlin.com/pages/store-locator,master store_type=standard (pre-recapture),,,2026-08-24,locations_2026-08-29.csv
J.McLaughlin,,,own-door,open,21 Sheridan Ave,Ho-Ho-Kus,NJ,07423,,,https://www.jmclaughlin.com/pages/store-locator,master store_type=standard (pre-recapture),,,2026-08-24,locations_2026-08-29.csv
J.McLaughlin,,,own-door,open,1107 Mt Kemble Ave,Morristown,NJ,07960,,,https://www.jmclaughlin.com/pages/store-locator,master store_type=standard (pre-recapture),,,2026-08-24,locations_2026-08-29.csv
J.McLaughlin,,,own-door,open,17 Witherspoon St,Princeton,NJ,08542,,,https://www.jmclaughlin.com/pages/store-locator,master store_type=standard (pre-recapture),,,2026-08-24,locations_2026-08-29.csv
J.McLaughlin,,,own-door,open,15 West River Rd,Rumson,NJ,07760,,,https://www.jmclaughlin.com/pages/store-locator,master store_type=standard (pre-recapture),,,2026-08-24,locations_2026-08-29.csv
J.McLaughlin,,,own-door,open,1306 3rd Ave,Spring Lake,NJ,07762,,,https://www.jmclaughlin.com/pages/store-locator,master store_type=standard (pre-recapture),,,2026-08-24,locations_2026-08-29.csv
J.McLaughlin,,,own-door,open,10 Beechwood Rd,Summit,NJ,07901,,,https://www.jmclaughlin.com/pages/store-locator,master store_type=standard (pre-recapture),,,2026-08-24,locations_2026-08-29.csv
J.McLaughlin,,,own-door,open,219 Bellevue Ave 1st Floor,Upper Montclair,NJ,07043,,,https://www.jmclaughlin.com/pages/store-locator,master store_type=standard (pre-recapture),,,2026-08-24,locations_2026-08-29.csv
J.McLaughlin,,,own-door,open,44 Elm St,Westfield,NJ,07090,,,https://www.jmclaughlin.com/pages/store-locator,master store_type=standard (pre-recapture),,,2026-08-24,locations_2026-08-29.csv
J.McLaughlin,,,own-door,open,629 Old Post Rd,Bedford,NY,10506,,,https://www.jmclaughlin.com/pages/store-locator,master store_type=standard (pre-recapture),,,2026-08-24,locations_2026-08-29.csv
J.McLaughlin,,,own-door,open,2442 Montauk Highway,Bridgehampton,NY,11932,,,https://www.jmclaughlin.com/pages/store-locator,master store_type=standard (pre-recapture),,,2026-08-24,locations_2026-08-29.csv
J.McLaughlin,,,own-door,open,75 Pondfield Rd,Bronxville,NY,10708,,,https://www.jmclaughlin.com/pages/store-locator,master store_type=standard (pre-recapture),,,2026-08-24,locations_2026-08-29.csv
J.McLaughlin,,,own-door,open,179 Seventh St,Garden City,NY,11530,,,https://www.jmclaughlin.com/pages/store-locator,master store_type=standard (pre-recapture),,,2026-08-24,locations_2026-08-29.csv
J.McLaughlin,,,own-door,open,251 Main St,Huntington,NY,11743,,,https://www.jmclaughlin.com/pages/store-locator,master store_type=standard (pre-recapture),,,2026-08-24,locations_2026-08-29.csv
J.McLaughlin,,,own-door,open,1935 Palmer Ave,Larchmont,NY,10538,,,https://www.jmclaughlin.com/pages/store-locator,master store_type=standard (pre-recapture),,,2026-08-24,locations_2026-08-29.csv
J.McLaughlin,,,own-door,open,594 New Loudon Rd,Latham,NY,12110,,,https://www.jmclaughlin.com/pages/store-locator,master store_type=standard (pre-recapture),,,2026-08-24,locations_2026-08-29.csv
J.McLaughlin,,,own-door,open,15 Forest Ave,Locust Valley,NY,11560,,,https://www.jmclaughlin.com/pages/store-locator,master store_type=standard (pre-recapture),,,2026-08-24,locations_2026-08-29.csv
J.McLaughlin,,,own-door,open,3282 Franklin Ave,Millbrook,NY,12545,,,https://www.jmclaughlin.com/pages/store-locator,master store_type=standard (pre-recapture),,,2026-08-24,locations_2026-08-29.csv
J.McLaughlin,,,own-door,open,1004 Lexington Ave,New York,NY,10021,,,https://www.jmclaughlin.com/pages/store-locator,master store_type=standard (pre-recapture),,,2026-08-24,locations_2026-08-29.csv
J.McLaughlin,,,own-door,open,6423 Montgomery St. Suite 4,Rhinebeck,NY,12572,,,https://www.jmclaughlin.com/pages/store-locator,master store_type=standard (pre-recapture),,,2026-08-24,locations_2026-08-29.csv
J.McLaughlin,,,own-door,open,2922 Monroe Ave,Rochester,NY,14618,,,https://www.jmclaughlin.com/pages/store-locator,master store_type=standard (pre-recapture),,,2026-08-24,locations_2026-08-29.csv
J.McLaughlin,,,own-door,open,54 E Genesee Street,Skaneateles,NY,13152,,,https://www.jmclaughlin.com/pages/store-locator,master store_type=standard (pre-recapture),,,2026-08-24,locations_2026-08-29.csv
J.McLaughlin,,,own-door,open,2 Jobs Lane,Southampton,NY,11968,,,https://www.jmclaughlin.com/pages/store-locator,master store_type=standard (pre-recapture),,,2026-08-24,locations_2026-08-29.csv
J.McLaughlin,,,own-door,open,54100 Main Road,Southold,NY,11971,,,https://www.jmclaughlin.com/pages/store-locator,master store_type=standard (pre-recapture),,,2026-08-24,locations_2026-08-29.csv
J.McLaughlin,,,own-door,open,2714 Erie Ave,Cincinnati,OH,45208,,,https://www.jmclaughlin.com/pages/store-locator,master store_type=standard (pre-recapture),,,2026-08-24,locations_2026-08-29.csv
J.McLaughlin,,,own-door,open,30650 Pinetree Road,Pepper Pike,OH,44124,,,https://www.jmclaughlin.com/pages/store-locator,master store_type=standard (pre-recapture),,,2026-08-24,locations_2026-08-29.csv
J.McLaughlin,,,own-door,open,19041 Old Detroit Rd,Rocky River,OH,44116,,,https://www.jmclaughlin.com/pages/store-locator,master store_type=standard (pre-recapture),,,2026-08-24,locations_2026-08-29.csv
J.McLaughlin,,,own-door,open,1750 West Lane Ave Ste 105,Upper Arlington,OH,43221,,,https://www.jmclaughlin.com/pages/store-locator,master store_type=standard (pre-recapture),,,2026-08-24,locations_2026-08-29.csv
J.McLaughlin,,,own-door,open,6482 Avondale Dr,Nichols Hills,OK,73116,,,https://www.jmclaughlin.com/pages/store-locator,master store_type=standard (pre-recapture),,,2026-08-24,locations_2026-08-29.csv
J.McLaughlin,,,own-door,open,379 Lancaster Ave,Haverford,PA,19041,,,https://www.jmclaughlin.com/pages/store-locator,master store_type=standard (pre-recapture),,,2026-08-24,locations_2026-08-29.csv
J.McLaughlin,,,own-door,open,1500 Washington Rd Space 1202,Mt. Lebanon,PA,15228,,,https://www.jmclaughlin.com/pages/store-locator,master store_type=standard (pre-recapture),,,2026-08-24,locations_2026-08-29.csv
J.McLaughlin,,,own-door,open,200 S State St,Newtown,PA,18940,,,https://www.jmclaughlin.com/pages/store-locator,master store_type=standard (pre-recapture),,,2026-08-24,locations_2026-08-29.csv
J.McLaughlin,,,own-door,open,8401 Germantown Ave,Philadelphia,PA,19118,,,https://www.jmclaughlin.com/pages/store-locator,master store_type=standard (pre-recapture),,,2026-08-24,locations_2026-08-29.csv
J.McLaughlin,,,own-door,open,449 Beaver St,Sewickley,PA,15143,,,https://www.jmclaughlin.com/pages/store-locator,master store_type=standard (pre-recapture),,,2026-08-24,locations_2026-08-29.csv
J.McLaughlin,,,own-door,open,503 W Lancaster Ave #6-A,Wayne,PA,19087,,,https://www.jmclaughlin.com/pages/store-locator,master store_type=standard (pre-recapture),,,2026-08-24,locations_2026-08-29.csv
J.McLaughlin,,,own-door,open,66 Hillside Road,Cranston,RI,02920,,,https://www.jmclaughlin.com/pages/store-locator,master store_type=standard (pre-recapture),,,2026-08-24,locations_2026-08-29.csv
J.McLaughlin,,,own-door,open,180 Bellevue Ave,Newport,RI,02840,,,https://www.jmclaughlin.com/pages/store-locator,master store_type=standard (pre-recapture),,,2026-08-24,locations_2026-08-29.csv
J.McLaughlin,,,own-door,open,497 Angell St,Providence,RI,02906,,,https://www.jmclaughlin.com/pages/store-locator,master store_type=standard (pre-recapture),,,2026-08-24,locations_2026-08-29.csv
J.McLaughlin,,,own-door,open,124 Bay St,Watch Hill,RI,02891,,,https://www.jmclaughlin.com/pages/store-locator,master store_type=standard (pre-recapture),,,2026-08-24,locations_2026-08-29.csv
J.McLaughlin,,,own-door,open,5 Promenade St,Bluffton,SC,29910,,,https://www.jmclaughlin.com/pages/store-locator,master store_type=standard (pre-recapture),,,2026-08-24,locations_2026-08-29.csv
J.McLaughlin,,,own-door,open,212 King St,Charleston,SC,29401,,,https://www.jmclaughlin.com/pages/store-locator,master store_type=standard (pre-recapture),,,2026-08-24,locations_2026-08-29.csv
J.McLaughlin,,,own-door,open,2710 Devine St,Columbia,SC,29205,,,https://www.jmclaughlin.com/pages/store-locator,master store_type=standard (pre-recapture),,,2026-08-24,locations_2026-08-29.csv
J.McLaughlin,,,own-door,open,207 N Main St,Greenville,SC,29601,,,https://www.jmclaughlin.com/pages/store-locator,master store_type=standard (pre-recapture),,,2026-08-24,locations_2026-08-29.csv
J.McLaughlin,,,own-door,open,1405 Main St,Hilton Head Island,SC,29926,,,https://www.jmclaughlin.com/pages/store-locator,master store_type=standard (pre-recapture),,,2026-08-24,locations_2026-08-29.csv
J.McLaughlin,,,own-door,open,560 Freshfields Dr,Johns Island,SC,29455,,,https://www.jmclaughlin.com/pages/store-locator,master store_type=standard (pre-recapture),,,2026-08-24,locations_2026-08-29.csv
J.McLaughlin,,,own-door,open,280 W Coleman Blvd Suite N,Mount Pleasant,SC,29464,,,https://www.jmclaughlin.com/pages/store-locator,master store_type=standard (pre-recapture),,,2026-08-24,locations_2026-08-29.csv
J.McLaughlin,,,own-door,open,10225 Ocean Hwy Suite 205,Pawleys Island,SC,29585,,,https://www.jmclaughlin.com/pages/store-locator,master store_type=standard (pre-recapture),,,2026-08-24,locations_2026-08-29.csv
J.McLaughlin,,,own-door,open,434 S Grove Park Rd,Memphis,TN,38117,,,https://www.jmclaughlin.com/pages/store-locator,master store_type=standard (pre-recapture),,,2026-08-24,locations_2026-08-29.csv
J.McLaughlin,,,own-door,open,4027 Hillsboro Pike #701,Nashville,TN,37215,,,https://www.jmclaughlin.com/pages/store-locator,master store_type=standard (pre-recapture),,,2026-08-24,locations_2026-08-29.csv
J.McLaughlin,,,own-door,open,4001 N. Lamar Blvd Ste. 580,Austin,TX,78756,,,https://www.jmclaughlin.com/pages/store-locator,master store_type=standard (pre-recapture),,,2026-08-24,locations_2026-08-29.csv
J.McLaughlin,,,own-door,open,4040 Villanova Dr,Dallas,TX,75225,,,https://www.jmclaughlin.com/pages/store-locator,master store_type=standard (pre-recapture),,,2026-08-24,locations_2026-08-29.csv
J.McLaughlin,,,own-door,open,1612 S University Dr,Ft Worth,TX,76107,,,https://www.jmclaughlin.com/pages/store-locator,master store_type=standard (pre-recapture),,,2026-08-24,locations_2026-08-29.csv
J.McLaughlin,,,own-door,open,1963 W Gray St,Houston,TX,77019,,,https://www.jmclaughlin.com/pages/store-locator,master store_type=standard (pre-recapture),,,2026-08-24,locations_2026-08-29.csv
J.McLaughlin,,,own-door,open,"600 W Sam Houston North Pkwy Bldg 4A, Ste 490",Houston,TX,77024,,,https://www.jmclaughlin.com/pages/store-locator,master store_type=standard (pre-recapture),,,2026-08-24,locations_2026-08-29.csv
J.McLaughlin,,,own-door,open,5930 Broadway St,San Antonio,TX,78209,,,https://www.jmclaughlin.com/pages/store-locator,master store_type=standard (pre-recapture),,,2026-08-24,locations_2026-08-29.csv
J.McLaughlin,,,own-door,open,1439 Main St,Southlake,TX,76092,,,https://www.jmclaughlin.com/pages/store-locator,master store_type=standard (pre-recapture),,,2026-08-24,locations_2026-08-29.csv
J.McLaughlin,,,own-door,open,9595 Six Pines Dr Ste 865,The Woodlands,TX,77380,,,https://www.jmclaughlin.com/pages/store-locator,master store_type=standard (pre-recapture),,,2026-08-24,locations_2026-08-29.csv
J.McLaughlin,,,own-door,open,1125 King St,Alexandria,VA,22314,,,https://www.jmclaughlin.com/pages/store-locator,master store_type=standard (pre-recapture),,,2026-08-24,locations_2026-08-29.csv
J.McLaughlin,,,own-door,open,2120 Barracks Rd,Charlottesville,VA,22903,,,https://www.jmclaughlin.com/pages/store-locator,master store_type=standard (pre-recapture),,,2026-08-24,locations_2026-08-29.csv
J.McLaughlin,,,own-door,open,4232 Monument Wall Way Suite N - 102A,Fairfax,VA,22030,,,https://www.jmclaughlin.com/pages/store-locator,master store_type=standard (pre-recapture),,,2026-08-24,locations_2026-08-29.csv
J.McLaughlin,,,own-door,open,6236 Old Dominion Dr,McLean,VA,22101,,,https://www.jmclaughlin.com/pages/store-locator,master store_type=standard (pre-recapture),,,2026-08-24,locations_2026-08-29.csv
J.McLaughlin,,,own-door,open,112 W Washington St Unit 103,Middleburg,VA,20117,,,https://www.jmclaughlin.com/pages/store-locator,master store_type=standard (pre-recapture),,,2026-08-24,locations_2026-08-29.csv
J.McLaughlin,,,own-door,open,11932 Market St,Reston,VA,20190,,,https://www.jmclaughlin.com/pages/store-locator,master store_type=standard (pre-recapture),,,2026-08-24,locations_2026-08-29.csv
J.McLaughlin,,,own-door,open,407 Libbie Ave,Richmond,VA,23226,,,https://www.jmclaughlin.com/pages/store-locator,master store_type=standard (pre-recapture),,,2026-08-24,locations_2026-08-29.csv
J.McLaughlin,,,own-door,open,12110 W Broad Street Suite A,Short Pump,VA,23233,,,https://www.jmclaughlin.com/pages/store-locator,master store_type=standard (pre-recapture),,,2026-08-24,locations_2026-08-29.csv
J.McLaughlin,,,own-door,open,1860 Laskin Road Suite 113,Virginia Beach,VA,23454,,,https://www.jmclaughlin.com/pages/store-locator,master store_type=standard (pre-recapture),,,2026-08-24,locations_2026-08-29.csv
J.McLaughlin,,,own-door,open,"448 W Duke of Gloucester St Block 15, Building 36A",Williamsburg,VA,23185,,,https://www.jmclaughlin.com/pages/store-locator,master store_type=standard (pre-recapture),,,2026-08-24,locations_2026-08-29.csv
J.McLaughlin,,,own-door,open,129 Park Ln,Kirkland,WA,98033,,,https://www.jmclaughlin.com/pages/store-locator,master store_type=standard (pre-recapture),,,2026-08-24,locations_2026-08-29.csv
J.McLaughlin,,,own-door,open,704 N. Midvale Blvd,Madison,WI,53705,,,https://www.jmclaughlin.com/pages/store-locator,master store_type=standard (pre-recapture),,,2026-08-24,locations_2026-08-29.csv
J.McLaughlin,,,own-door,open,509 E Silver Spring Drive,Whitefish Bay,WI,53217,,,https://www.jmclaughlin.com/pages/store-locator,master store_type=standard (pre-recapture),,,2026-08-24,locations_2026-08-29.csv
Johnnie-O,,,own-door,open,Lane Park 2711 Lane Park Rd Suite D12,Mountain Brook,AL,35223,,,https://www.johnnie-o.com/pages/our-stores,master store_type=standard (pre-recapture),,,2026-08-23,locations_2026-08-29.csv
Johnnie-O,,,own-door,open,Kierland Commons 15051 N Kierland Blvd Suite 100F1B,Scottsdale,AZ,85254,,,https://www.johnnie-o.com/pages/our-stores,master store_type=standard (pre-recapture),,,2026-08-23,locations_2026-08-29.csv
Johnnie-O,,,own-door,open,Fashion Island 1041 Newport Center Dr,Newport Beach,CA,92660,,,https://www.johnnie-o.com/pages/our-stores,master store_type=standard (pre-recapture),,,2026-08-23,locations_2026-08-29.csv
Johnnie-O,,,own-door,open,Cherry Creek North 2606 E 3rd Ave,Denver,CO,80206,,,https://www.johnnie-o.com/pages/our-stores,master store_type=standard (pre-recapture),,,2026-08-23,locations_2026-08-29.csv
Johnnie-O,,,own-door,open,Main Street 49 Main St,Westport,CT,06880,,,https://www.johnnie-o.com/pages/our-stores,master store_type=standard (pre-recapture),,,2026-08-23,locations_2026-08-29.csv
Johnnie-O,,,own-door,open,Grand Boulevard 600 Grand Blvd Suite 104,Miramar Beach,FL,32550,,,https://www.johnnie-o.com/pages/our-stores,master store_type=standard (pre-recapture),,,2026-08-23,locations_2026-08-29.csv
Johnnie-O,,,own-door,open,Watersound Town Center 19 Plaza Wy Suite 103,Watersound,FL,32461,,,https://www.johnnie-o.com/pages/our-stores,master store_type=standard (pre-recapture),,,2026-08-23,locations_2026-08-29.csv
Johnnie-O,,,own-door,open,City Place 700 S Rosemary Ave Suite 132,West Palm Beach,FL,33401,,,https://www.johnnie-o.com/pages/our-stores,master store_type=standard (pre-recapture),,,2026-08-23,locations_2026-08-29.csv
Johnnie-O,,,own-door,open,Avalon 4170 Avalon Blvd,Alpharetta,GA,30009,,,https://www.johnnie-o.com/pages/our-stores,master store_type=standard (pre-recapture),,,2026-08-23,locations_2026-08-29.csv
Johnnie-O,,,own-door,open,Plaza Del Lago 1515 Sheridan Rd Suite 36A,Wilmette,IL,60091,,,https://www.johnnie-o.com/pages/our-stores,master store_type=standard (pre-recapture),,,2026-08-23,locations_2026-08-29.csv
Johnnie-O,,,own-door,open,Derby St. Shops 92 Derby St Suite 109,Hingham,MA,02043,,,https://www.johnnie-o.com/pages/our-stores,master store_type=standard (pre-recapture),,,2026-08-23,locations_2026-08-29.csv
Johnnie-O,,,own-door,open,Bethesda Row 7243 Woodmont Avenue Suite 10A,Bethesda,MD,20814,,,https://www.johnnie-o.com/pages/our-stores,master store_type=standard (pre-recapture),,,2026-08-23,locations_2026-08-29.csv
Johnnie-O,,,own-door,open,The Village at Southpark 4310 Sharon Road The Village at Southpark,Charlotte,NC,28211,,,https://www.johnnie-o.com/pages/our-stores,master store_type=standard (pre-recapture),,,2026-08-23,locations_2026-08-29.csv
Johnnie-O,,,own-door,open,North Hills 4151 Main at North Hills St Suite 120,Raleigh,NC,27609,,,https://www.johnnie-o.com/pages/our-stores,master store_type=standard (pre-recapture),,,2026-08-23,locations_2026-08-29.csv
Johnnie-O,,,own-door,open,Charleston Place Hotel (Relocating soon to 295 King St) 132 Market St,Charleston,SC,29401,,,https://www.johnnie-o.com/pages/our-stores,master store_type=standard (pre-recapture),,,2026-08-23,locations_2026-08-29.csv
Johnnie-O,,,own-door,open,The Factory 230 Franklin Rd Unit 11,Franklin,TN,37064,,,https://www.johnnie-o.com/pages/our-stores,master store_type=standard (pre-recapture),,,2026-08-23,locations_2026-08-29.csv
Johnnie-O,,,own-door,open,12 South 2212 12th Ave S Suite 112,Nashville,TN,37204,,,https://www.johnnie-o.com/pages/our-stores,master store_type=standard (pre-recapture),,,2026-08-23,locations_2026-08-29.csv
Johnnie-O,,,own-door,open,Preston Royal 6025 Royal Ln Suite 106,Dallas,TX,75230,,,https://www.johnnie-o.com/pages/our-stores,master store_type=standard (pre-recapture),,,2026-08-23,locations_2026-08-29.csv
Johnnie-O,,,own-door,open,West Bend 1621 River Run Suite 116,Fort Worth,TX,76107,,,https://www.johnnie-o.com/pages/our-stores,master store_type=standard (pre-recapture),,,2026-08-23,locations_2026-08-29.csv
Johnnie-O,,,own-door,open,Highland Village 2701 Drexel Dr,Houston,TX,77027,,,https://www.johnnie-o.com/pages/our-stores,master store_type=standard (pre-recapture),,,2026-08-23,locations_2026-08-29.csv
Johnnie-O,,,own-door,open,Southlake Town Square 1264 Main Street,Southlake,TX,76092,,,https://www.johnnie-o.com/pages/our-stores,master store_type=standard (pre-recapture),,,2026-08-23,locations_2026-08-29.csv
Johnnie-O,,,own-door,open,Tysons Corner 1961 Chain Bridge Rd Unit E1AU,Tysons,VA,22102,,,https://www.johnnie-o.com/pages/our-stores,master store_type=standard (pre-recapture),,,2026-08-23,locations_2026-08-29.csv
Johnnie-O,,,own-door,open,Atlantic Park 324 20th St Suite 132,Virginia Beach,VA,23451,,,https://www.johnnie-o.com/pages/our-stores,master store_type=standard (pre-recapture),,,2026-08-23,locations_2026-08-29.csv
John Varvatos,South Coast Plaza,,own-door,open,3333 Bristol Street,Costa Mesa,CA,92626,,South Coast Plaza,https://www.johnvarvatos.com/stores/united-states,master store_type=standard (pre-recapture),,,2026-08-23,locations_2026-08-29.csv
John Varvatos,Westfield Century City,,own-door,open,10250 Santa Monica Blvd,Los Angeles,CA,90067,,Westfield Century City,https://www.johnvarvatos.com/stores/united-states,master store_type=standard (pre-recapture),,,2026-08-23,locations_2026-08-29.csv
John Varvatos,Malibu Country Mart,,own-door,open,3825 Cross Creek Rd,Malibu,CA,90265,,Malibu Country Mart,https://www.johnvarvatos.com/stores/united-states,master store_type=standard (pre-recapture),,,2026-08-23,locations_2026-08-29.csv
John Varvatos,Fashion Valley,,own-door,open,7007 Friars Rd,San Diego,CA,92108,,Fashion Valley,https://www.johnvarvatos.com/stores/united-states,master store_type=standard (pre-recapture),,,2026-08-23,locations_2026-08-29.csv
John Varvatos,,,own-door,open,58 Geary Street,San Francisco,CA,94108,,,https://www.johnvarvatos.com/stores/united-states,master store_type=standard (pre-recapture),,,2026-08-23,locations_2026-08-29.csv
John Varvatos,,,own-door,open,8742 Melrose Avenue,West Hollywood,CA,90069,,,https://www.johnvarvatos.com/stores/united-states,master store_type=standard (pre-recapture),,,2026-08-23,locations_2026-08-29.csv
John Varvatos,Brickell City Centre,,own-door,open,701 South Miami Ave,Miami,FL,33131,,Brickell City Centre,https://www.johnvarvatos.com/stores/united-states,master store_type=standard (pre-recapture),,,2026-08-23,locations_2026-08-29.csv
John Varvatos,Copley Place,,own-door,open,100 Huntington Ave,Boston,MA,02116,,Copley Place,https://www.johnvarvatos.com/stores/united-states,master store_type=standard (pre-recapture),,,2026-08-23,locations_2026-08-29.csv
John Varvatos,The Forum Shops at Caesars,,own-door,open,3500 Las Vegas Blvd South,Las Vegas,NV,89109,,The Forum Shops at Caesars,https://www.johnvarvatos.com/stores/united-states,master store_type=standard (pre-recapture),,,2026-08-23,locations_2026-08-29.csv
John Varvatos,,,own-door,open,315 Bowery,New York,NY,10003,,,https://www.johnvarvatos.com/stores/united-states,master store_type=flagship (pre-recapture),,,2026-08-23,locations_2026-08-29.csv
John Varvatos,,,own-door,open,73 Wooster St,New York,NY,10012,,,https://www.johnvarvatos.com/stores/united-states,master store_type=standard (pre-recapture),,,2026-08-23,locations_2026-08-29.csv
John Varvatos,NorthPark Center,,own-door,open,8687 N Central Expy,Dallas,TX,75225,,NorthPark Center,https://www.johnvarvatos.com/stores/united-states,master store_type=standard (pre-recapture),,,2026-08-23,locations_2026-08-29.csv
John Varvatos,The Galleria,,own-door,open,5085 Westheimer Rd,Houston,TX,77056,,The Galleria,https://www.johnvarvatos.com/stores/united-states,master store_type=standard (pre-recapture),,,2026-08-23,locations_2026-08-29.csv
J.Press,,,own-door,open,262 Elm Street,New Haven,CT,06511,,,https://jpress.com/pages/j-press-stores,master store_type=standard (pre-recapture),,,2026-08-24,locations_2026-08-29.csv
J.Press,,,own-door,open,1801 L Street NW,Washington,DC,20036,,,https://jpress.com/pages/j-press-stores,master store_type=standard (pre-recapture),,,2026-08-24,locations_2026-08-29.csv
J.Press,,,own-door,open,51 East 44th Street,New York,NY,10017,,,https://jpress.com/pages/j-press-stores,master store_type=standard (pre-recapture),,,2026-08-24,locations_2026-08-29.csv
Kith,Kith Beverly Hills,,own-door,open,262 N. Rodeo Drive,Beverly Hills,CA,90210,424-389-4141,,https://kith.com/pages/kith-beverly-hills,brand-stated: name carries sub-banner; no type field,,"hours_today verbatim, including a stale holiday line the page still carries months after the date.",2026-09-05,kith_classified_2026-09-05.csv
Kith,Kith Malibu,,own-door,open,"23465 Civic Center Way, Suite #110",Malibu,CA,90265,424-235-1398,,https://kith.com/pages/kith-malibu,brand-stated: name carries sub-banner; no type field,,,2026-09-05,kith_classified_2026-09-05.csv
Kith,Kith West Hollywood,,own-door,open,8500 Sunset Blvd,West Hollywood,CA,90069,424-512-2800,,https://kith.com/pages/kith-west-hollywood,brand-stated: name carries sub-banner; no type field,,"Shares street number and phone with the 'New Balance at Kith' row, which is the Lower Level of this building. hours_today verbatim, including a stale holiday line the page still carries months after the date.",2026-09-05,kith_classified_2026-09-05.csv
Kith,Kith Miami Design District,,own-door,open,69 NE 41st Street,Miami,FL,33137,786-605-1330,,https://kith.com/pages/kith-miami-design-district,brand-stated: name carries sub-banner; no type field,,"services_stated carries two co-located tenants, including Sadelle's at Kith - a restaurant, not a retail door. Not counted as a location.",2026-09-05,kith_classified_2026-09-05.csv
Kith,Kith Miami Beach,,own-door,open,1931 Collins Ave,Miami Beach,FL,33139,786-605-1800,,https://kith.com/pages/kith-miami-beach,brand-stated: name carries sub-banner; no type field,,"SOURCE INCONSISTENCY: Kith's own treats-locations page lists 'Kith Treats Miami Beach' at this exact address, but this store page publishes no 'Also at' block, so services_stated is blank rather than assumed. Flagged, not filled in. hours_today verbatim, including a stale holiday line the page still carries months after the date.",2026-09-05,kith_classified_2026-09-05.csv
Kith,Kith Hawaii,,own-door,open,2301 Kalakaua Ave,Honolulu,HI,96815,808-867-3120,,https://kith.com/pages/kith-hawaii,brand-stated: name carries sub-banner; no type field,,"hours_today verbatim, including a stale holiday line the page still carries months after the date.",2026-09-05,kith_classified_2026-09-05.csv
Kith,Kith Chicago,,own-door,open,54 E Walton St,Chicago,IL,60611,646-648-6285,,https://kith.com/pages/kith-chicago,brand-stated: name carries sub-banner; no type field,,"Phone 646-648-6285 is a Manhattan area code, shared with Kith Manhattan and Kith Dallas. Published as-is, not corrected.",2026-09-05,kith_classified_2026-09-05.csv
Kith,Kith Women in the Hamptons with Vivrelle,,own-door,seasonal,2397 Montauk Highway,Bridgehampton,NY,11932,,,https://kith.com/pages/location-kith-women-in-the-hamptons-with-vivrelle,brand-stated: name carries sub-banner; no type field,Seasonal — open Jul 1 to Labor Day.,"SEASONAL and a partnership door. The published hours read 'Closed Tuesdays in May and June / Open 7 days a week July 1 - Labor Day' — a summer-season door, and Labor Day 2026 falls two days after this capture. It is also the only door with no phone published. Kith applies no Temporary or Seasonal label, so store_type_stated stays blank; the seasonality is in the hours, verbatim.",2026-09-05,kith_classified_2026-09-05.csv
Kith,Kith Brooklyn,,own-door,open,233 Flatbush Ave,Brooklyn,NY,11217,347-889-6114,,https://kith.com/pages/kith-brooklyn,brand-stated: name carries sub-banner; no type field,,"hours_today verbatim, including a stale holiday line the page still carries months after the date.",2026-09-05,kith_classified_2026-09-05.csv
Kith,Kith Williamsburg,,own-door,open,25 Kent Ave Suite 102,Brooklyn,NY,11249,347-699-1045,,https://kith.com/pages/kith-williamsburg,brand-stated: name carries sub-banner; no type field,,,2026-09-05,kith_classified_2026-09-05.csv
Kith,Kith Kids Dumbo,,own-door,open,55 Water Street Space 1F/1M,Brooklyn,NY,11201,(347) 788-3108,,https://kith.com/pages/kith-kids-dumbo,brand-stated: name carries sub-banner; no type field,,,2026-09-05,kith_classified_2026-09-05.csv
Kith,Kith Manhattan,,own-door,open,337 Lafayette Street,New York,NY,10012,646-648-6285,,https://kith.com/pages/kith-manhattan,brand-stated: name carries sub-banner; no type field,,"Phone 646-648-6285 is shared with Kith Chicago and Kith Dallas Temporary Store. hours_today verbatim, including a stale holiday line the page still carries months after the date.",2026-09-05,kith_classified_2026-09-05.csv
Kith,Kith Kids Manhattan,,own-door,open,62 Bleecker St,New York,NY,10012,646-889-2900,,https://kith.com/pages/kith-kids-manhattan,brand-stated: name carries sub-banner; no type field,,"Phone 646-889-2900 is shared with Kith at Hirshleifers. hours_today verbatim, including a stale holiday line the page still carries months after the date.",2026-09-05,kith_classified_2026-09-05.csv
Kith,Kith Women,,own-door,open,644 Broadway,New York,NY,10012,646-386-0613,,https://kith.com/pages/kith-women,brand-stated: name carries sub-banner; no type field,,"hours_today verbatim, including a stale holiday line the page still carries months after the date.",2026-09-05,kith_classified_2026-09-05.csv
Kith,Kith Dallas Temporary Store,,own-door,temporary,4600 McKinney Ave,Dallas,TX,75205,646-648-6285,,https://kith.com/pages/kith-dallas-temporary-store,brand-stated: name carries sub-banner; no type field,,"store_name carries 'Temporary Store' — Kith's own naming, and the only explicit temporary-format wording in the set. Left in store_name rather than moved to store_type_stated, since the locator publishes no label field. Its published hours also contradict themselves: 'Friday - Sunday: 11 AM - 8 PM' and then 'Sunday: 11 AM - 7 PM'. Left verbatim. Phone 646-648-6285 is a Manhattan number shared with Kith Chicago and Kith Manhattan.",2026-09-05,kith_classified_2026-09-05.csv
Kiton,,,own-door,open,207 Grant Ave,San Francisco,CA,94108,,,https://www.kiton.com/us/store-locator,master store_type=standard (pre-recapture),,,2026-08-24,locations_2026-08-29.csv
Kiton,,,own-door,open,535 East Hyman Avenue,Aspen,CO,81611,,,https://www.kiton.com/us/store-locator,master store_type=standard (pre-recapture),,,2026-08-24,locations_2026-08-29.csv
Kiton,Bal Harbour Shops,,own-door,open,9700 Collins Ave Suite 110,Bal Harbour,FL,33154,,Bal Harbour Shops,https://www.kiton.com/us/store-locator,master store_type=standard (pre-recapture),,,2026-08-24,locations_2026-08-29.csv
Kiton,Brickell City Centre,,own-door,open,701 S Miami Ave #127,Miami,FL,33130,,Brickell City Centre,https://www.kiton.com/us/store-locator,master store_type=standard (pre-recapture),,,2026-08-24,locations_2026-08-29.csv
Kiton,Royal Poinciana Plaza,,own-door,open,340 Royal Poinciana Way Suite M307,Palm Beach,FL,33480,,Royal Poinciana Plaza,https://www.kiton.com/us/store-locator,master store_type=standard (pre-recapture),,,2026-08-24,locations_2026-08-29.csv
Kiton,Wynn Plaza Shops,,own-door,open,3131 S Las Vegas Blvd #110b,Las Vegas,NV,89109,,Wynn Plaza Shops,https://www.kiton.com/us/store-locator,master store_type=standard (pre-recapture),,,2026-08-24,locations_2026-08-29.csv
Kiton,Americana Manhasset,,own-door,open,2100A Northern Blvd,Manhasset,NY,11030,,Americana Manhasset,https://www.kiton.com/us/store-locator,master store_type=standard (pre-recapture),,,2026-08-24,locations_2026-08-29.csv
Kiton,,,own-door,open,4 E 54th St,New York,NY,10022,,,https://www.kiton.com/us/store-locator,master store_type=standard (pre-recapture),,,2026-08-24,locations_2026-08-29.csv
Kiton,,,own-door,open,692 Madison Ave,New York,NY,10065,,,https://www.kiton.com/us/store-locator,master store_type=standard (pre-recapture),,,2026-08-24,locations_2026-08-29.csv
Kiton,River Oaks District,,own-door,open,4444 Westheimer Rd D105,Houston,TX,77027,,River Oaks District,https://www.kiton.com/us/store-locator,master store_type=standard (pre-recapture),,,2026-08-24,locations_2026-08-29.csv
Ksubi,,,own-door,open,132 South La Brea Avenue,Los Angeles,CA,90036,,,https://ksubi.com/pages/stores,master store_type=standard (pre-recapture),,,2026-08-24,locations_2026-08-29.csv
Ksubi,Miami Design District,,own-door,open,74 NE 40th Street,Miami,FL,33137,,Miami Design District,https://ksubi.com/pages/stores,master store_type=standard (pre-recapture),,,2026-08-24,locations_2026-08-29.csv
Ksubi,,,own-door,open,58 E Walton St,Chicago,IL,60611,,,https://ksubi.com/pages/stores,master store_type=standard (pre-recapture),,,2026-08-24,locations_2026-08-29.csv
Ksubi,,,own-door,open,26 Greene St,New York,NY,10013,,,https://ksubi.com/pages/stores,master store_type=standard (pre-recapture),,,2026-08-24,locations_2026-08-29.csv
Lacoste,Lacoste Scottsdale,,own-door,open,7014-1108 East Camelback Rd.,Scottsdale,AZ,85251,(480) 990-0849,,https://www.lacoste.com/us/stores/united-states/scottsdale/scottsdale-3888,brand-stated per-door label: Boutique,,,2026-09-06,lacoste_classified_2026-09-06.csv
Lacoste,Lacoste Glendale Boutique,,own-door,open,2212 Glendale Galleria Unit S005,Glendale,CA,91210,(747) 286-5153,,https://www.lacoste.com/us/stores/united-states/glendale/glendale-5673,brand-stated per-door label: Boutique,,,2026-09-06,lacoste_classified_2026-09-06.csv
Lacoste,Lacoste Century City,,own-door,open,10250 Santa Monica Blvd Suite 1530,Los Angeles,CA,90067,(310) 785-3842,,https://www.lacoste.com/us/stores/united-states/los-angeles/los-angeles-4770,brand-stated per-door label: Boutique,,,2026-09-06,lacoste_classified_2026-09-06.csv
Lacoste,Lacoste San Jose,,own-door,open,2855 Stevens Creek Blvd. Suite 1059,Santa Clara,CA,95050,(408) 248-2200,,https://www.lacoste.com/us/stores/united-states/santa-clara/santa-clara-3885,brand-stated per-door label: Boutique,,,2026-09-06,lacoste_classified_2026-09-06.csv
Lacoste,Lacoste South Coast Plaza,,own-door,open,"3333 Bristol Street, Suite 1830",costa mesa,CA,92626,(714) 641-1730,,https://www.lacoste.com/us/stores/united-states/costa-mesa/costa-mesa-3891,brand-stated per-door label: Boutique,,"DEDUPE KEY COLLIDES with Macy's South Coast Plaza at the same state, ZIP and street number. Kept as separate rows because the brand publishes them as separate doors with their own names, labels and store pages; they separate on suite where the brand publishes one.",2026-09-06,lacoste_classified_2026-09-06.csv
Lacoste,Lacoste Aventura III,,own-door,open,19565 Biscayne Blvd Suite 1968,Aventura,FL,33180,(305) 933-1051,,https://www.lacoste.com/us/stores/united-states/aventura/aventura-5492,brand-stated per-door label: Boutique,,,2026-09-06,lacoste_classified_2026-09-06.csv
Lacoste,Lacoste Boca Raton,,own-door,open,6000 Glades Road Suite 1017A,Boca Raton,FL,33431,(561) 392-5660,,https://www.lacoste.com/us/stores/united-states/boca-raton/boca-raton-3814,brand-stated per-door label: Boutique,,,2026-09-06,lacoste_classified_2026-09-06.csv
Lacoste,Lacoste Brickell Boutique,,own-door,open,601 S Miami Drive Unit 173 North Block,Miami,FL,33131,(305) 939-0284,,https://www.lacoste.com/us/stores/united-states/miami/miami-5674,brand-stated per-door label: Boutique,,,2026-09-06,lacoste_classified_2026-09-06.csv
Lacoste,Lacoste Dadeland Boutique,,own-door,open,7535 N Kendall Dr Unit 1680,Miami,FL,33156,,,https://www.lacoste.com/us/stores/united-states/miami/miami-5672,brand-stated per-door label: Boutique,,No telephone published for this door.,2026-09-06,lacoste_classified_2026-09-06.csv
Lacoste,Lacoste Disney Springs,,own-door,open,1530 EAST BUENA VISTA DRIVE,Orlando,FL,32830,(407) 560-0396,,https://www.lacoste.com/us/stores/united-states/orlando/orlando-4382,brand-stated per-door label: Boutique,,,2026-09-06,lacoste_classified_2026-09-06.csv
Lacoste,Lacoste Atlanta,,own-door,open,3393 PEACHTREE RD NE SUITE 3102,Atlanta,GA,30326,(404) 842-9353,,https://www.lacoste.com/us/stores/united-states/atlanta/atlanta-3804,brand-stated per-door label: Boutique,,"DEDUPE KEY COLLIDES with Macy's Lenox Square at the same state, ZIP and street number. Kept as separate rows because the brand publishes them as separate doors with their own names, labels and store pages; they separate on suite where the brand publishes one.",2026-09-06,lacoste_classified_2026-09-06.csv
Lacoste,Lacoste Ala Moana,,own-door,open,1450 Ala Moana Blvd Suite 3209,Honolulu,HI,96814,(808) 941-3001,,https://www.lacoste.com/us/stores/united-states/honolulu/honolulu-3802,brand-stated per-door label: Boutique,,,2026-09-06,lacoste_classified_2026-09-06.csv
Lacoste,Lacoste Chicago,,own-door,open,835 N. Michigan Ave. Suite 317A,Chicago,IL,60611,(312) 951-1300,,https://www.lacoste.com/us/stores/united-states/chicago/chicago-3821,brand-stated per-door label: Boutique,,,2026-09-06,lacoste_classified_2026-09-06.csv
Lacoste,Lacoste Woodfield,,own-door,open,K315 Woodfield Shopping Center,Schaumburg,IL,60173,(847) 605-0250,,https://www.lacoste.com/us/stores/united-states/schaumburg/schaumburg-3900,brand-stated per-door label: Boutique,,,2026-09-06,lacoste_classified_2026-09-06.csv
Lacoste,Lacoste St. Louis Galleria,,own-door,open,1080 St Louis Galleria St,Saint Louis,MO,63117,(314) 721-7600,,https://www.lacoste.com/us/stores/united-states/saint-louis/saint-louis-3892,brand-stated per-door label: Boutique,,,2026-09-06,lacoste_classified_2026-09-06.csv
Lacoste,Lacoste Charlotte,,own-door,open,"4400 SHARON ROAD, SUITE M26A",Charlotte,NC,28211,(704) 362-4370,,https://www.lacoste.com/us/stores/united-states/charlotte/charlotte-3819,brand-stated per-door label: Boutique,,,2026-09-06,lacoste_classified_2026-09-06.csv
Lacoste,Lacoste Cherry Hill Boutique,,own-door,open,2000 NJ-38 Unit 1030,Cherry Hill,NJ,08002,(856) 317-8564,,https://www.lacoste.com/us/stores/united-states/cherry-hill/cherry-hill-5671,brand-stated per-door label: Boutique,,,2026-09-06,lacoste_classified_2026-09-06.csv
Lacoste,Lacoste Paramus,,own-door,open,One Garden State Plaza Suite #M3A,Paramus,NJ,07652,(201) 556-9385,,https://www.lacoste.com/us/stores/united-states/paramus/paramus-3869,brand-stated per-door label: Boutique,,,2026-09-06,lacoste_classified_2026-09-06.csv
Lacoste,Lacoste Las Vegas Fashion Show Mall,,own-door,open,3200 Las Vegas Blvd South Unit 2320 Unit 2320,Las Vegas,NV,89109,(725) 525-3467,,https://www.lacoste.com/us/stores/united-states/las-vegas/las-vegas-3831,brand-stated per-door label: Boutique,,"DEDUPE KEY COLLIDES with Macy's Las Vegas Fashion Show at the same state, ZIP and street number. Kept as separate rows because the brand publishes them as separate doors with their own names, labels and store pages; they separate on suite where the brand publishes one.",2026-09-06,lacoste_classified_2026-09-06.csv
Lacoste,Lacoste Las Vegas,,own-door,open,3500 Las Vegas Blvd. South #N7,Las Vegas,NV,89109,(702) 791-7616,,https://www.lacoste.com/us/stores/united-states/las-vegas/las-vegas-3843,brand-stated per-door label: Boutique,,,2026-09-06,lacoste_classified_2026-09-06.csv
Lacoste,Lacoste Roosevelt Field,,own-door,open,630 OLD COUNTRY ROAD Suite 2066E,Garden City,NY,11530,(516) 747-7964,,https://www.lacoste.com/us/stores/united-states/garden-city/garden-city-4150,brand-stated per-door label: Boutique,,"DEDUPE KEY COLLIDES with Macy's Roosevelt at the same state, ZIP and street number. Kept as separate rows because the brand publishes them as separate doors with their own names, labels and store pages; they separate on suite where the brand publishes one.",2026-09-06,lacoste_classified_2026-09-06.csv
Lacoste,Lacoste Broadway,,own-door,open,541 Broadway,NEW YORK,NY,10012,(212) 219-9203,,https://www.lacoste.com/us/stores/united-states/new-york/new-york-3816,brand-stated per-door label: Boutique,,,2026-09-06,lacoste_classified_2026-09-06.csv
Lacoste,Lacoste Fifth Avenue,,own-door,open,575 Fifth Ave,NEW YORK,NY,10017,(646) 398-2053,,https://www.lacoste.com/us/stores/united-states/new-york/new-york-5740,brand-stated per-door label: Flagship,,,2026-09-06,lacoste_classified_2026-09-06.csv
Lacoste,Lacoste King of Prussia Boutique,,own-door,open,160 N Gulph Road suite 1162b-2,King of Prussia,PA,19406,(267) 220-9369,,https://www.lacoste.com/us/stores/united-states/king-of-prussia/king-of-prussia-5872,brand-stated per-door label: Boutique,,,2026-09-06,lacoste_classified_2026-09-06.csv
Lacoste,Lacoste,,own-door,open,525 F.D. Roosevelt Ave. Space 036 (First Level),San Juan,PR,00918,+17 877770770,,https://www.lacoste.com/us/stores/puerto-rico/san-juan/san-juan-4073,brand-stated per-door label: Boutique,,"LOCATOR AND STORE PAGE DISAGREE ON THE LABEL. The city listing prints the label in the plural ('Boutiques'); the door's own store page prints 'Boutique', as every other own door does. The store page value is used and the listing value is recorded here. Published telephone runs the country code and area code together ('+17 877770770'), so it reads as a 3-digit country code. Recorded exactly as published, not reformatted. Puerto Rico. The brand files PR as a separate country in its store directory, not under the United States. Captured here because PR is US territory and the master is a US own-door master; flagged so the difference in the brand's own filing is visible.",2026-09-06,lacoste_classified_2026-09-06.csv
Lacoste,Lacoste Dallas,,own-door,open,8687 North Central Expressway,Dallas,TX,75225,(214) 368-8121,,https://www.lacoste.com/us/stores/united-states/dallas/dallas-3826,brand-stated per-door label: Boutique,,"DEDUPE KEY COLLIDES with Macy's Northpark Center at the same state, ZIP and street number. Kept as separate rows because the brand publishes them as separate doors with their own names, labels and store pages; they separate on suite where the brand publishes one.",2026-09-06,lacoste_classified_2026-09-06.csv
Lacoste,Lacoste Houston,,own-door,open,"5115 Westheimer Rd, Suite 2525",Houston,TX,77056,(346) 214-0308,,https://www.lacoste.com/us/stores/united-states/houston/houston-3839,brand-stated per-door label: Boutique,,,2026-09-06,lacoste_classified_2026-09-06.csv
Lacoste,Lacoste La Plaza Boutique,,own-door,open,2210 S 10th Street Suite E04,McAllen,TX,78503,(956) 331-8090,,https://www.lacoste.com/us/stores/united-states/mcallen/mcallen-5874,brand-stated per-door label: Boutique,,,2026-09-06,lacoste_classified_2026-09-06.csv
Lacoste,Lacoste Pentagon City Boutique,,own-door,open,1100 S Hayes Street Suite D028,Arlington,VA,22202,,,https://www.lacoste.com/us/stores/united-states/arlington/arlington-5873,brand-stated per-door label: Boutique,,No telephone published for this door.,2026-09-06,lacoste_classified_2026-09-06.csv
Levi's,Westfield Century City,,own-door,open,10250 Santa Monica Blvd,Los Angeles,CA,90067,,Westfield Century City,https://locations.levi.com/en-us/ca/losangeles/denim_los-angeles_ca_129.html,master store_type=standard (pre-recapture),,,2026-08-20,locations_2026-08-29.csv
Levi's,Stanford Shopping Center,,own-door,open,"180 El Camino Real Bldg AA, Space 1060",Palo Alto,CA,94304,,Stanford Shopping Center,https://locations.levi.com/en-us/ca/paloalto/,master store_type=standard (pre-recapture),,,2026-08-20,locations_2026-08-29.csv
Levi's,Levi's Plaza,,own-door,open,1155 Battery Street,San Francisco,CA,94111,,Levi's Plaza,https://locations.levi.com/en-us/ca/sanfrancisco/denim_san-francisco_ca_197.html,master store_type=flagship (pre-recapture),,,2026-08-20,locations_2026-08-29.csv
Levi's,,,own-door,open,815 Market St.,San Francisco,CA,94103,,,https://locations.levi.com/en-us/ca/sanfrancisco/denim_san-francisco_ca_186.html,master store_type=standard (pre-recapture),,,2026-08-20,locations_2026-08-29.csv
Levi's,,,own-door,open,3000 E 1st Ave,Denver,CO,80206,,,https://locations.levi.com/en-us/,master store_type=standard (pre-recapture),,,2026-08-24,locations_2026-08-29.csv
Levi's,,,own-door,open,4400 Ashford Dunwoody Rd Suite 1440,Atlanta,GA,30346,,,https://locations.levi.com/en-us/,master store_type=standard (pre-recapture),,,2026-08-24,locations_2026-08-29.csv
Levi's,,,own-door,open,650 North Avenue NE Suite S106-B,Atlanta,GA,30308,,,https://locations.levi.com/en-us/,master store_type=standard (pre-recapture),,,2026-08-24,locations_2026-08-29.csv
Levi's,,,own-door,open,4400 Sharon Rd Suite E09A,Charlotte,NC,28211,,,https://locations.levi.com/en-us/,master store_type=standard (pre-recapture),,,2026-08-24,locations_2026-08-29.csv
Levi's,,,own-door,open,3500 S Las Vegas Blvd,Las Vegas,NV,89109,,,https://locations.levi.com/en-us/,master store_type=standard (pre-recapture),,,2026-08-24,locations_2026-08-29.csv
Levi's,,,own-door,open,1535 Broadway,New York,NY,10036,,,https://locations.levi.com/en-us/ny/newyork/denim_new-york_ny_190.html,master store_type=standard (pre-recapture),,,2026-08-20,locations_2026-08-29.csv
Levi's,,,own-door,open,45 West 34th Street,New York,NY,10001,,,https://locations.levi.com/en-us/,master store_type=standard (pre-recapture),,,2026-08-24,locations_2026-08-29.csv
Levi's,,,own-door,open,2307 NW Westover Road,Portland,OR,,,,https://locations.levi.com/en-us/,master store_type=standard (pre-recapture),,,2026-08-24,locations_2026-08-29.csv
Levi's,,,own-door,open,1000 Ross Park Mall Dr J03B,Pittsburgh,PA,15237,,,https://locations.levi.com/en-us/,master store_type=standard (pre-recapture),,,2026-08-24,locations_2026-08-29.csv
Levi's,,,own-door,open,5048 Broadway Place,Nashville,TN,37203,,,https://locations.levi.com/en-us/,master store_type=standard (pre-recapture),,,2026-08-24,locations_2026-08-29.csv
Loewe,,,own-door,open,327 N Rodeo Drive,Beverly Hills,CA,90210,,,https://www.loewe.com/usa/en/storeslist,master store_type=standard (pre-recapture),,,2026-08-24,locations_2026-08-29.csv
Loewe,South Coast Plaza,,own-door,open,3333 Bristol St Suite 1423,Costa Mesa,CA,92626,,South Coast Plaza,https://www.loewe.com/usa/en/storeslist,master store_type=standard (pre-recapture),,,2026-08-24,locations_2026-08-29.csv
Loewe,Westfield Valley Fair,,own-door,open,2855 Stevens Creek Boulevard Suite 1207,Santa Clara,CA,95050,,Westfield Valley Fair,https://www.loewe.com/usa/en/storeslist,master store_type=standard (pre-recapture),,,2026-08-24,locations_2026-08-29.csv
Loewe,Bal Harbour Shops,,own-door,open,9700 Collins Ave #255,Bal Harbour,FL,33154,,Bal Harbour Shops,https://www.loewe.com/usa/en/storeslist,master store_type=standard (pre-recapture),,,2026-08-24,locations_2026-08-29.csv
Loewe,Miami Design District,,own-door,open,110 NE 39th St Unit 102 and 202,Miami,FL,33137,,Miami Design District,https://www.loewe.com/usa/en/storeslist,master store_type=standard (pre-recapture),,,2026-08-24,locations_2026-08-29.csv
Loewe,Royal Poinciana Plaza,,own-door,open,340 Royal Poinciana Way Suite P80,Palm Beach,FL,33480,,Royal Poinciana Plaza,https://www.loewe.com/usa/en/storeslist,master store_type=standard (pre-recapture),,,2026-08-24,locations_2026-08-29.csv
Loewe,Phipps Plaza,,own-door,open,3500 Peachtree Rd NE #1050D,Atlanta,GA,30326,,Phipps Plaza,https://www.loewe.com/usa/en/storeslist,master store_type=standard (pre-recapture),,,2026-08-24,locations_2026-08-29.csv
Loewe,,,own-door,open,51 E Oak St,Chicago,IL,60611,,,https://www.loewe.com/usa/en/storeslist,master store_type=standard (pre-recapture),,,2026-08-24,locations_2026-08-29.csv
Loewe,Copley Place,,own-door,open,100 Huntington Ave A001D,Boston,MA,02116,,Copley Place,https://www.loewe.com/usa/en/storeslist,master store_type=standard (pre-recapture),,,2026-08-24,locations_2026-08-29.csv
Loewe,The Mall at Short Hills,,own-door,open,1200 Morris Turnpike Space B-246,Short Hills,NJ,07078,,The Mall at Short Hills,https://www.loewe.com/usa/en/storeslist,master store_type=standard (pre-recapture),,,2026-08-24,locations_2026-08-29.csv
Loewe,Wynn Las Vegas,,own-door,open,3131 Las Vegas Blvd South Suite 1016,Las Vegas,NV,89109,,Wynn Las Vegas,https://www.loewe.com/usa/en/storeslist,master store_type=standard (pre-recapture),,,2026-08-24,locations_2026-08-29.csv
Loewe,,,own-door,open,20 Main Street,East Hampton,NY,11937,,,https://www.loewe.com/usa/en/storeslist,master store_type=standard (pre-recapture),,,2026-08-24,locations_2026-08-29.csv
Loewe,,,own-door,open,79 Greene St,New York,NY,10012,,,https://www.loewe.com/usa/en/storeslist,master store_type=standard (pre-recapture),,,2026-08-24,locations_2026-08-29.csv
Loewe,Highland Park Village,,own-door,open,43B Highland Park Village,Dallas,TX,75205,,Highland Park Village,https://www.loewe.com/usa/en/storeslist,master store_type=standard (pre-recapture),,,2026-08-24,locations_2026-08-29.csv
Loewe,River Oaks District,,own-door,open,4444 Westheimer Rd Suite B140,Houston,TX,77027,,River Oaks District,https://www.loewe.com/usa/en/storeslist,master store_type=standard (pre-recapture),,,2026-08-24,locations_2026-08-29.csv
Loro Piana,Scottsdale Fashion Square,,own-door,open,7014 E Camelback Road Unit 1216,Scottsdale,AZ,85251,,Scottsdale Fashion Square,https://us.loropiana.com/en/storelocator,master store_type=standard (pre-recapture),,,2026-08-23,locations_2026-08-29.csv
Loro Piana,,,own-door,open,337 North Rodeo Drive,Beverly Hills,CA,90210,,,https://us.loropiana.com/en/storelocator,master store_type=standard (pre-recapture),,,2026-08-23,locations_2026-08-29.csv
Loro Piana,South Coast Plaza,,own-door,open,3333 Bristol Street,Costa Mesa,CA,92626,,South Coast Plaza,https://us.loropiana.com/en/storelocator,master store_type=standard (pre-recapture),,,2026-08-23,locations_2026-08-29.csv
Loro Piana,Rosewood Miramar Beach,,own-door,open,1759 S. Jameson Lane,Montecito,CA,93108,,Rosewood Miramar Beach,https://us.loropiana.com/en/storelocator,master store_type=standard (pre-recapture),,,2026-08-23,locations_2026-08-29.csv
Loro Piana,Stanford Shopping Center,,own-door,open,"180 El Camino Real, Building M",Palo Alto,CA,94304,,Stanford Shopping Center,https://us.loropiana.com/en/storelocator,master store_type=standard (pre-recapture),,,2026-08-23,locations_2026-08-29.csv
Loro Piana,Westfield UTC,,own-door,open,4489 La Jolla Village Dr. Ste 2540,San Diego,CA,92122,,Westfield UTC,https://us.loropiana.com/en/storelocator,master store_type=standard (pre-recapture),,,2026-08-23,locations_2026-08-29.csv
Loro Piana,,,own-door,open,233 Geary Street,San Francisco,CA,94102,,,https://us.loropiana.com/en/storelocator,master store_type=standard (pre-recapture),,,2026-08-23,locations_2026-08-29.csv
Loro Piana,,,own-door,open,316 South Galena Street,Aspen,CO,81611,,,https://us.loropiana.com/en/storelocator,master store_type=standard (pre-recapture),,,2026-08-23,locations_2026-08-29.csv
Loro Piana,,,own-door,open,288 Bridge St,Vail,CO,81657,,,https://us.loropiana.com/en/storelocator,master store_type=standard (pre-recapture),,,2026-08-23,locations_2026-08-29.csv
Loro Piana,CityCenterDC,,own-door,open,949 H Street NW,Washington,DC,20001,,CityCenterDC,https://us.loropiana.com/en/storelocator,master store_type=standard (pre-recapture),,,2026-08-23,locations_2026-08-29.csv
Loro Piana,Bal Harbour Shops,,own-door,open,"9700 Collins Ave, Suite 148",Bal Harbour,FL,33154,,Bal Harbour Shops,https://us.loropiana.com/en/storelocator,master store_type=standard (pre-recapture),,,2026-08-23,locations_2026-08-29.csv
Loro Piana,Miami Design District,,own-door,open,151 NE 39th Street,Miami,FL,33137,,Miami Design District,https://us.loropiana.com/en/storelocator,master store_type=standard (pre-recapture),,,2026-08-23,locations_2026-08-29.csv
Loro Piana,,,own-door,open,247 Worth Avenue,Palm Beach,FL,33480,,,https://us.loropiana.com/en/storelocator,master store_type=standard (pre-recapture),,,2026-08-23,locations_2026-08-29.csv
Loro Piana,,,own-door,open,39 East Oak Street,Chicago,IL,60611,,,https://us.loropiana.com/en/storelocator,master store_type=standard (pre-recapture),,,2026-08-23,locations_2026-08-29.csv
Loro Piana,,,own-door,open,43 Newbury Street,Boston,MA,02116,,,https://us.loropiana.com/en/storelocator,master store_type=standard (pre-recapture),,,2026-08-23,locations_2026-08-29.csv
Loro Piana,The Shops at Crystals,,own-door,open,3720 S Las Vegas Blvd #223A,Las Vegas,NV,89158,,The Shops at Crystals,https://us.loropiana.com/en/storelocator,master store_type=standard (pre-recapture),,,2026-08-23,locations_2026-08-29.csv
Loro Piana,,,own-door,open,45 Main Street,East Hampton,NY,11937,,,https://us.loropiana.com/en/storelocator,master store_type=standard (pre-recapture),,,2026-08-23,locations_2026-08-29.csv
Loro Piana,Americana Manhasset,,own-door,open,2018 Northern Boulevard,Manhasset,NY,11030,,Americana Manhasset,https://us.loropiana.com/en/storelocator,master store_type=standard (pre-recapture),,,2026-08-23,locations_2026-08-29.csv
Loro Piana,,,own-door,open,3 Ninth Avenue,New York,NY,10014,,,https://us.loropiana.com/en/storelocator,master store_type=standard (pre-recapture),,,2026-08-23,locations_2026-08-29.csv
Loro Piana,,,own-door,open,748 Madison Avenue,New York,NY,10065,,,https://us.loropiana.com/en/storelocator,master store_type=standard (pre-recapture),,,2026-08-23,locations_2026-08-29.csv
Loro Piana,Highland Park Village,,own-door,open,42 Highland Park Village,Dallas,TX,75205,,Highland Park Village,https://us.loropiana.com/en/storelocator,master store_type=standard (pre-recapture),,,2026-08-23,locations_2026-08-29.csv
Loro Piana,River Oaks District,,own-door,open,"4444 Westheimer Road Building F, Suite F100",Houston,TX,77027,,River Oaks District,https://us.loropiana.com/en/storelocator,master store_type=standard (pre-recapture),,,2026-08-23,locations_2026-08-29.csv
Luca Faloni,Brickell City Centre,,own-door,open,701 S Miami Ave Suite 145b,Miami,FL,33130,,Brickell City Centre,https://lucafaloni.com/pages/stores,master store_type=standard (pre-recapture),,,2026-08-24,locations_2026-08-29.csv
Luca Faloni,,,own-door,open,386 West Broadway,New York,NY,10012,,,https://lucafaloni.com/pages/stores,master store_type=standard (pre-recapture),,,2026-08-24,locations_2026-08-29.csv
Luca Faloni,,,own-door,open,406 West 14th Street,New York,NY,10014,,,https://lucafaloni.com/pages/stores,master store_type=standard (pre-recapture),,,2026-08-24,locations_2026-08-29.csv
Lululemon,,,own-door,open,"9546 SW Washington Square Rd, Suite H16",Portland, OR,97223,,,https://shop.lululemon.com/stores/us/portland/washington-square-store,master store_type=standard (pre-recapture),,,2026-08-23,locations_2026-08-29.csv
Lululemon,,,own-door,open,"320 W 5th Ave, D30A",Anchorage,AK,99501,,,https://shop.lululemon.com/stores/us/anchorage/5th-avenue-mall,master store_type=standard (pre-recapture),,,2026-08-23,locations_2026-08-29.csv
Lululemon,,,own-door,open,"800 E Dimond Blvd, Ste 110",Anchorage,AK,99515,,,https://shop.lululemon.com/stores/us/anchorage/dimond-center,master store_type=standard (pre-recapture),,,2026-08-23,locations_2026-08-29.csv
Lululemon,,,own-door,open,"243 Summit Boulevard, Unit #OP4",Birmingham,AL,35243,,,https://shop.lululemon.com/stores/us/birmingham/birmingham,master store_type=standard (pre-recapture),,,2026-08-23,locations_2026-08-29.csv
Lululemon,,,own-door,open,"365 The Bridge Street, Building 330, Suite 110",Huntsville,AL,35806,,,https://shop.lululemon.com/stores/us/huntsville/merchants-walk,master store_type=standard (pre-recapture),,,2026-08-23,locations_2026-08-29.csv
Lululemon,,,own-door,open,9 Du Rhu Drive,Mobile,AL,36608,,,https://shop.lululemon.com/stores/us/mobile/legacy-village-at-spring-hill,master store_type=standard (pre-recapture),,,2026-08-23,locations_2026-08-29.csv
Lululemon,,,own-door,open,"200 West Center Street, Suite 2",Fayetteville,AR,72701,,,https://shop.lululemon.com/stores/us/fayetteville/fayetteville-local,master store_type=standard (pre-recapture),,,2026-08-23,locations_2026-08-29.csv
Lululemon,,,own-door,open,"17819 Chenal Pkwy, Unit C117",Little Rock,AR,72223,,,https://shop.lululemon.com/stores/us/little-rock/promenadeatchenal,master store_type=standard (pre-recapture),,,2026-08-23,locations_2026-08-29.csv
Lululemon,,,own-door,open,8154-2203 S Promenade Blvd,Rogers,AR,72758,,,https://shop.lululemon.com/stores/us/rogers/pinnacle-hills,master store_type=standard (pre-recapture),,,2026-08-23,locations_2026-08-29.csv
Lululemon,,,own-door,open,"3111 West Chandler Boulevard, Unit 1016",Chandler,AZ,85226,,,https://shop.lululemon.com/stores/us/chandler/chandler,master store_type=standard (pre-recapture),,,2026-08-23,locations_2026-08-29.csv
Lululemon,,,own-door,open,"320 S Regent St, Suite 304",Flagstaff,AZ,86001,,,https://shop.lululemon.com/stores/us/flagstaff/aspen-place-flagstaff-local,master store_type=standard (pre-recapture),,,2026-08-23,locations_2026-08-29.csv
Lululemon,,,own-door,open,"2156 E. Williams Field Rd, Suite 109",Gilbert,AZ,85295,,,https://shop.lululemon.com/stores/us/gilbert/santan-village,master store_type=standard (pre-recapture),,,2026-08-23,locations_2026-08-29.csv
Lululemon,,,own-door,open,"7700 W Arrowhead Towne Center, Space 1097",Glendale,AZ,85308,,,https://shop.lululemon.com/stores/us/glendale/arrowhead-towne-center,master store_type=standard (pre-recapture),,,2026-08-23,locations_2026-08-29.csv
Lululemon,,,own-door,open,"12780 N Tatum Blvd, 100",Phoenix,AZ,85032,,,https://shop.lululemon.com/stores/us/phoenix/pv-mall,master store_type=standard (pre-recapture),,,2026-08-23,locations_2026-08-29.csv
Lululemon,,,own-door,open,"2502 E. Camelback Road, Suite 131",Phoenix,AZ,85016,,,https://shop.lululemon.com/stores/us/phoenix/biltmore,master store_type=standard (pre-recapture),,,2026-08-23,locations_2026-08-29.csv
Lululemon,,,own-door,open,"15257 North Scottsdale Road, F-115",Scottsdale,AZ,85254,,,https://shop.lululemon.com/stores/us/scottsdale/scottsdale,master store_type=standard (pre-recapture),,,2026-08-23,locations_2026-08-29.csv
Lululemon,,,own-door,open,"7014 East Camelback Rd, Unit B144",Scottsdale,AZ,85251,,,https://shop.lululemon.com/stores/us/scottsdale/scottsdalefs,master store_type=standard (pre-recapture),,,2026-08-23,locations_2026-08-29.csv
Lululemon,,,own-door,open,"2905 E Skyline Dr, Tucson, Arizona, 85718, Space 251",Tucson,AZ,85718,,,https://shop.lululemon.com/stores/us/tucson/laencantada,master store_type=standard (pre-recapture),,,2026-08-23,locations_2026-08-29.csv
Lululemon,,,own-door,open,"1545 Disneyland Dr, Retail Space 2",Anaheim,CA,92802,,,https://shop.lululemon.com/stores/us/anaheim/downtown-disney-anaheim,master store_type=standard (pre-recapture),,,2026-08-23,locations_2026-08-29.csv
Lululemon,,,own-door,open,"400 South Baldwin Avenue, Suite D12",Arcadia,CA,91007,,,https://shop.lululemon.com/stores/us/arcadia/santa-anita,master store_type=standard (pre-recapture),,,2026-08-23,locations_2026-08-29.csv
Lululemon,,,own-door,open,"10810 Stockdale Hwy., Bakersfield, CA 93311, Suite 100",Bakersfield,CA,93311,,,https://shop.lululemon.com/stores/us/bakersfield/bakersfield-store,master store_type=standard (pre-recapture),,,2026-08-23,locations_2026-08-29.csv
Lululemon,,,own-door,open,"1901 Fourth Street, Suite 102",Berkeley,CA,94710,,,https://shop.lululemon.com/stores/us/berkeley/college-ave,master store_type=standard (pre-recapture),,,2026-08-23,locations_2026-08-29.csv
Lululemon,,,own-door,open,334 North Beverly Drive,Beverly Hills,CA,90210,,,https://shop.lululemon.com/stores/us/beverly-hills/northbeverly,master store_type=standard (pre-recapture),,,2026-08-23,locations_2026-08-29.csv
Lululemon,,,own-door,open,"1065 Brea Mall Street, Suite 1300",Brea,CA,92821,,,https://shop.lululemon.com/stores/us/brea/brea-mall,master store_type=standard (pre-recapture),,,2026-08-23,locations_2026-08-29.csv
Lululemon,,,own-door,open,1304 Burlingame Ave,Burlingame,CA,94010,,,https://shop.lululemon.com/stores/us/burlingame/burlingame,master store_type=standard (pre-recapture),,,2026-08-23,locations_2026-08-29.csv
Lululemon,,,own-door,open,"4719 Commons Way, Suite R",Calabasas,CA,91302,,,https://shop.lululemon.com/stores/us/calabasas/thecommons,master store_type=standard (pre-recapture),,,2026-08-23,locations_2026-08-29.csv
Lululemon,,,own-door,open,"1915 Calle Barcelona, 134",Carlsbad,CA,92009,,,https://shop.lululemon.com/stores/us/carlsbad/carlsbadforum,master store_type=standard (pre-recapture),,,2026-08-23,locations_2026-08-29.csv
Lululemon,,,own-door,open,"314 Los Cerritos Center, C03",Cerritos,CA,90703,,,https://shop.lululemon.com/stores/us/cerritos/los-cerritos-center,master store_type=standard (pre-recapture),,,2026-08-23,locations_2026-08-29.csv
Lululemon,,,own-door,open,"2015 Birch Rd, Suite 904",Chula Vista,CA,91915,,,https://shop.lululemon.com/stores/us/chula-vista/otay-ranch,master store_type=standard (pre-recapture),,,2026-08-23,locations_2026-08-29.csv
Lululemon,,,own-door,open,1620 Redwood Highway,Corte Madera,CA,94925,,,https://shop.lululemon.com/stores/us/corte-madera/village,master store_type=standard (pre-recapture),,,2026-08-23,locations_2026-08-29.csv
Lululemon,,,own-door,open,"3333 Bear St, Suite #102",Costa Mesa,CA,92626,,,https://shop.lululemon.com/stores/us/costa-mesa/costamesa,master store_type=standard (pre-recapture),,,2026-08-23,locations_2026-08-29.csv
Lululemon,,,own-door,open,"712 W Shaw, Space 43A",Fresno,CA,93704,,,https://shop.lululemon.com/stores/us/fresno/fig-garden-village-store,master store_type=standard (pre-recapture),,,2026-08-23,locations_2026-08-29.csv
Lululemon,,,own-door,open,529 Americana Way,Glendale,CA,91210,,,https://shop.lululemon.com/stores/us/glendale/glendale,master store_type=standard (pre-recapture),,,2026-08-23,locations_2026-08-29.csv
Lululemon,,,own-door,open,"21010 Pacific Coast Hwy, D110",Huntington Beach,CA,92648,,,https://shop.lululemon.com/stores/us/huntington-beach/pacific-city,master store_type=standard (pre-recapture),,,2026-08-23,locations_2026-08-29.csv
Lululemon,,,own-door,open,877 Spectrum Dr,Irvine,CA,92618,,,https://shop.lululemon.com/stores/us/irvine/irvine,master store_type=standard (pre-recapture),,,2026-08-23,locations_2026-08-29.csv
Lululemon,,,own-door,open,6460 East Pacific Coast Highway - Unit 115,Long Beach,CA,90803,,,https://shop.lululemon.com/stores/us/long-beach/long-beach-2nd-pch,master store_type=standard (pre-recapture),,,2026-08-23,locations_2026-08-29.csv
Lululemon,,,own-door,open,"10250 Santa Monica Blvd, Unit 1960",Los Angeles,CA,90067,,,https://shop.lululemon.com/stores/us/los-angeles/century-city,master store_type=standard (pre-recapture),,,2026-08-23,locations_2026-08-29.csv
Lululemon,,,own-door,open,12199 Ventura Blvd,Los Angeles,CA,91604,,,https://shop.lululemon.com/stores/us/los-angeles/studiocity,master store_type=standard (pre-recapture),,,2026-08-23,locations_2026-08-29.csv
Lululemon,,,own-door,open,"6600 CA-27, Unit #2070B",Los Angeles,CA,91303,,,https://shop.lululemon.com/stores/us/canoga-park/westfield-topanga,master store_type=standard (pre-recapture),,,2026-08-23,locations_2026-08-29.csv
Lululemon,,,own-door,open,8532 Melrose Ave,Los Angeles,CA,90069,,,https://shop.lululemon.com/stores/us/los-angeles/melrose,master store_type=standard (pre-recapture),,,2026-08-23,locations_2026-08-29.csv
Lululemon,,,own-door,open,Space F2 - 189 The Grove Drive,Los Angeles,CA,90036,,,https://shop.lululemon.com/stores/us/los-angeles/the-grove,master store_type=standard (pre-recapture),,,2026-08-23,locations_2026-08-29.csv
Lululemon,,,own-door,open,32 N Santa Cruz Ave,Los Gatos,CA,95030,,,https://shop.lululemon.com/stores/us/los-gatos/los-gatos-store,master store_type=standard (pre-recapture),,,2026-08-23,locations_2026-08-29.csv
Lululemon,,,own-door,open,3880 Cross Creek Rd,Malibu,CA,90265,,,https://shop.lululemon.com/stores/us/malibu/country-mart,master store_type=standard (pre-recapture),,,2026-08-23,locations_2026-08-29.csv
Lululemon,,,own-door,open,"The Shops At Mission Viejo, Unit 907B",Mission Viejo,CA,92691,,,https://shop.lululemon.com/stores/us/mission-viejo/shopsatmissionviejo,master store_type=standard (pre-recapture),,,2026-08-23,locations_2026-08-29.csv
Lululemon,,,own-door,open,440 Del Monte Center Monterey,Monterey,CA,93940,,,https://shop.lululemon.com/stores/us/monterey/del-monte-center,master store_type=standard (pre-recapture),,,2026-08-23,locations_2026-08-29.csv
Lululemon,,,own-door,open,1220 First Street,Napa,CA,94559,,,https://shop.lululemon.com/stores/us/napa/first-street-napa,master store_type=standard (pre-recapture),,,2026-08-23,locations_2026-08-29.csv
Lululemon,,,own-door,open,203 NEWPORT CENTER DRIVE,Newport Beach,CA,92660,,,https://shop.lululemon.com/stores/us/newport-beach/fashionisland,master store_type=standard (pre-recapture),,,2026-08-23,locations_2026-08-29.csv
Lululemon,,,own-door,open,"73-425 El Paseo, Palm Desert CA 92260, 104",Palm Desert,CA,92260,,,https://shop.lululemon.com/stores/us/palm-desert/el-paseo-palm-desert,master store_type=standard (pre-recapture),,,2026-08-23,locations_2026-08-29.csv
Lululemon,,,own-door,open,"660 Stanford Shopping Center, 186A",Palo Alto,CA,94304,,,https://shop.lululemon.com/stores/us/palo-alto/stanford-shopping-center,master store_type=standard (pre-recapture),,,2026-08-23,locations_2026-08-29.csv
Lululemon,,,own-door,open,"132 W. Colorado Blvd., Pasadena, CA 91105",Pasadena,CA,91105,,,https://shop.lululemon.com/stores/us/pasadena/pasadena,master store_type=standard (pre-recapture),,,2026-08-23,locations_2026-08-29.csv
Lululemon,,,own-door,open,"2401 Stoneridge Mall Road, Unit E224",Pleasanton,CA,94588,,,https://shop.lululemon.com/stores/us/pleasanton/stoneridgemall,master store_type=standard (pre-recapture),,,2026-08-23,locations_2026-08-29.csv
Lululemon,,,own-door,open,"12434 South Main Street, Space #1350",Rancho Cucamonga,CA,91739,,,https://shop.lululemon.com/stores/us/rancho-cucamonga/victoria-gardens,master store_type=standard (pre-recapture),,,2026-08-23,locations_2026-08-29.csv
Lululemon,,,own-door,open,"1151 Galleria Blvd, Space #123",Roseville,CA,95678,,,https://shop.lululemon.com/stores/us/roseville/roseville,master store_type=standard (pre-recapture),,,2026-08-23,locations_2026-08-29.csv
Lululemon,,,own-door,open,"1689 Arden Way, Unit 1274",Sacramento,CA,95815,,,https://shop.lululemon.com/stores/us/sacramento/ardenfair,master store_type=standard (pre-recapture),,,2026-08-23,locations_2026-08-29.csv
Lululemon,,,own-door,open,"3715 Caminito Court, Unit 0620",San Diego,CA,92130,,,https://shop.lululemon.com/stores/us/san-diego/one-paseo,master store_type=standard (pre-recapture),,,2026-08-23,locations_2026-08-29.csv
Lululemon,,,own-door,open,"4545 La Jolla Village Drive, Unit #F1",San Diego,CA,92122,,,https://shop.lululemon.com/stores/us/san-diego/westfieldutc,master store_type=standard (pre-recapture),,,2026-08-23,locations_2026-08-29.csv
Lululemon,,,own-door,open,"7007 Friars Road, Space 612",San Diego,CA,92108,,,https://shop.lululemon.com/stores/us/san-diego/fashionvalley,master store_type=standard (pre-recapture),,,2026-08-23,locations_2026-08-29.csv
Lululemon,,,own-door,open,7835 Girard Street,San Diego,CA,92037,,,https://shop.lululemon.com/stores/us/san-diego/lajolla,master store_type=standard (pre-recapture),,,2026-08-23,locations_2026-08-29.csv
Lululemon,,,own-door,open,1981 Union Street,San Francisco,CA,94123,,,https://shop.lululemon.com/stores/us/san-francisco/cowhollow,master store_type=standard (pre-recapture),,,2026-08-23,locations_2026-08-29.csv
Lululemon,,,own-door,open,2040 Fillmore Street,San Francisco,CA,94115,,,https://shop.lululemon.com/stores/us/san-francisco/fillmore-street---san-francisco,master store_type=standard (pre-recapture),,,2026-08-23,locations_2026-08-29.csv
Lululemon,,,own-door,open,"2855 Stevens Creek Boulevard, Suite 1135",San Jose,CA,95050,,,https://shop.lululemon.com/stores/us/san-jose/westfield-valley-fair,master store_type=standard (pre-recapture),,,2026-08-23,locations_2026-08-29.csv
Lululemon,,,own-door,open,"334 Santana Row, Unit 1035",San Jose,CA,95128,,,https://shop.lululemon.com/stores/us/san-jose/santanarow,master store_type=standard (pre-recapture),,,2026-08-23,locations_2026-08-29.csv
Lululemon,,,own-door,open,"980 HIGUERA ST, Suite B101",San Luis Obispo,CA,93401,,,https://shop.lululemon.com/stores/us/san-luis-obispo/higuera-street,master store_type=standard (pre-recapture),,,2026-08-23,locations_2026-08-29.csv
Lululemon,,,own-door,open,17 Hillsdale Mall,San Mateo,CA,94403,,,https://shop.lululemon.com/stores/us/san-mateo/lululemon-hillsdale-mall,master store_type=standard (pre-recapture),,,2026-08-23,locations_2026-08-29.csv
Lululemon,,,own-door,open,740 State Street,Santa Barbara,CA,93101,,,https://shop.lululemon.com/stores/us/santa-barbara/santabarbara,master store_type=standard (pre-recapture),,,2026-08-23,locations_2026-08-29.csv
Lululemon,,,own-door,open,1457 Third Street Promenade,Santa Monica,CA,90401,,,https://shop.lululemon.com/stores/us/santa-monica/santamonicablvd,master store_type=standard (pre-recapture),,,2026-08-23,locations_2026-08-29.csv
Lululemon,,,own-door,open,"2307 Magowan Drive Santa Rosa, CA 95405",Santa Rosa,CA,95405,,,https://shop.lululemon.com/stores/us/santa-rosa/montgomery-village,master store_type=standard (pre-recapture),,,2026-08-23,locations_2026-08-29.csv
Lululemon,,,own-door,open,"40764 Winchester Road, Suite 560",Temecula,CA,92591,,,https://shop.lululemon.com/stores/us/temecula/promendateattemecula,master store_type=standard (pre-recapture),,,2026-08-23,locations_2026-08-29.csv
Lululemon,,,own-door,open,"100 Promenade Way, Suite F",Thousand Oaks,CA,91362,,,https://shop.lululemon.com/stores/us/thousand-oaks/promenadeatwestlake,master store_type=standard (pre-recapture),,,2026-08-23,locations_2026-08-29.csv
Lululemon,,,own-door,open,"3525 Carson Street, Unit 411",Torrance,CA,90503,,,https://shop.lululemon.com/stores/us/torrance/del-amo-fashion-center,master store_type=standard (pre-recapture),,,2026-08-23,locations_2026-08-29.csv
Lululemon,,,own-door,open,"24201 Valencia Boulevard, Unit #3440",Valencia,CA,91355,,,https://shop.lululemon.com/stores/us/valencia/valencia,master store_type=standard (pre-recapture),,,2026-08-23,locations_2026-08-29.csv
Lululemon,,,own-door,open,1130 Abbot Kinney Blvd,Venice,CA,90291,,,https://shop.lululemon.com/stores/us/venice/abbot-kinney,master store_type=standard (pre-recapture),,,2026-08-23,locations_2026-08-29.csv
Lululemon,,,own-door,open,1210 Broadway Plaza Street,Walnut Creek,CA,94596,,,https://shop.lululemon.com/stores/us/walnut-creek/broadwayplaza,master store_type=standard (pre-recapture),,,2026-08-23,locations_2026-08-29.csv
Lululemon,,,own-door,open,"830 N. Sepulveda Blvd, D-110B",El Segundo,CA ,90245,,,https://shop.lululemon.com/stores/us/el-segundo/thepoint,master store_type=standard (pre-recapture),,,2026-08-23,locations_2026-08-29.csv
Lululemon,,,own-door,open,Space D 204 S. Galena Street,Aspen,CO,81611,,,https://shop.lululemon.com/stores/us/aspen/aspen,master store_type=standard (pre-recapture),,,2026-08-23,locations_2026-08-29.csv
Lululemon,,,own-door,open,"1755 29th Street, Unit #1088",Boulder,CO,80301,,,https://shop.lululemon.com/stores/us/boulder/boulder,master store_type=standard (pre-recapture),,,2026-08-23,locations_2026-08-29.csv
Lululemon,,,own-door,open,"505 South Main Street, Suite A2",Breckenridge,CO,80424,,,https://shop.lululemon.com/stores/us/breckenridge/main-street-station-breckenridge,master store_type=standard (pre-recapture),,,2026-08-23,locations_2026-08-29.csv
Lululemon,,,own-door,open,"One W Flatiron Crossing Dr, #1180",Broomfield,CO,80021,,,https://shop.lululemon.com/stores/us/broomfield/flatiron-crossing,master store_type=standard (pre-recapture),,,2026-08-23,locations_2026-08-29.csv
Lululemon,,,own-door,open,"1845 Briargate Parkway, Suite 439",Colorado Springs,CO,80920,,,https://shop.lululemon.com/stores/us/colorado-springs/shops-at-briargate-store,master store_type=standard (pre-recapture),,,2026-08-23,locations_2026-08-29.csv
Lululemon,,,own-door,open,"3000 East First Ave, Unit 191",Denver,CO,80206,,,https://shop.lululemon.com/stores/us/denver/cherrycreek,master store_type=standard (pre-recapture),,,2026-08-23,locations_2026-08-29.csv
Lululemon,,,own-door,open,"3260 South College Avenue, Suite 110",Fort Collins,CO,80525,,,https://shop.lululemon.com/stores/us/fort-collins/shops-at-foothills-mall,master store_type=standard (pre-recapture),,,2026-08-23,locations_2026-08-29.csv
Lululemon,,,own-door,open,"7301 S Santa Fe Drive, Unit 445",Littleton,CO,80120,,,https://shop.lululemon.com/stores/us/littleton/aspen-grove,master store_type=standard (pre-recapture),,,2026-08-23,locations_2026-08-29.csv
Lululemon,,,own-door,open,"8505 Park Meadows Center Dr., Suite 2",Lone Tree,CO,80124,,,https://shop.lululemon.com/stores/us/lone-tree/parkmeadows,master store_type=standard (pre-recapture),,,2026-08-23,locations_2026-08-29.csv
Lululemon,,,own-door,open,"730 Lincoln Avenue, Suite 320",Steamboat Springs,CO,80487,,,https://shop.lululemon.com/stores/us/steamboat-springs/steamboat-springs,master store_type=standard (pre-recapture),,,2026-08-23,locations_2026-08-29.csv
Lululemon,,,own-door,open,"193 East Gore Creek Plaza, Unit A",Vail,CO,81657,,,https://shop.lululemon.com/stores/us/vail/vail,master store_type=standard (pre-recapture),,,2026-08-23,locations_2026-08-29.csv
Lululemon,,,own-door,open,"14584 Orchard Parkway, Suite #350",Westminster,CO,80023,,,https://shop.lululemon.com/stores/us/westminster/orchard-town-center,master store_type=standard (pre-recapture),,,2026-08-23,locations_2026-08-29.csv
Lululemon,,,own-door,open,"7 Backus Avenue, D-201",Danbury,CT,06810,,,https://shop.lululemon.com/stores/us/danbury/danburyfairmall,master store_type=standard (pre-recapture),,,2026-08-23,locations_2026-08-29.csv
Lululemon,,,own-door,open,"223 Westfarms Mall, Suite D227",Farmington,CT,06032,,,https://shop.lululemon.com/stores/us/west-hartford/farmington,master store_type=standard (pre-recapture),,,2026-08-23,locations_2026-08-29.csv
Lululemon,,,own-door,open,151 Greenwich Ave,Greenwich,CT,06830,,,https://shop.lululemon.com/stores/us/greenwich/greenwich,master store_type=standard (pre-recapture),,,2026-08-23,locations_2026-08-29.csv
Lululemon,,,own-door,open,13 Broadway,New Haven,CT,06511,,,https://shop.lululemon.com/stores/us/new-haven/new-haven,master store_type=standard (pre-recapture),,,2026-08-23,locations_2026-08-29.csv
Lululemon,,,own-door,open,69 Main Street,Westport,CT,06880,,,https://shop.lululemon.com/stores/us/westport/westport,master store_type=standard (pre-recapture),,,2026-08-23,locations_2026-08-29.csv
Lululemon,,,own-door,open,1090 F Street Northwest,Washington,DC,20004,,,https://shop.lululemon.com/stores/us/washington/f-street,master store_type=standard (pre-recapture),,,2026-08-23,locations_2026-08-29.csv
Lululemon,,,own-door,open,3265 M St NW,Washington,DC,20007,,,https://shop.lululemon.com/stores/us/washington/georgetownstore,master store_type=standard (pre-recapture),,,2026-08-23,locations_2026-08-29.csv
Lululemon,,,own-door,open,"132 Christiana Mall, Unit 1374",Newark,DE,19702,,,https://shop.lululemon.com/stores/us/newark/christiana-mall,master store_type=standard (pre-recapture),,,2026-08-23,locations_2026-08-29.csv
Lululemon,,,own-door,open,"19565 Biscayne Blvd, Unit 910",Aventura,FL,33180,,,https://shop.lululemon.com/stores/us/aventura/aventuramall,master store_type=standard (pre-recapture),,,2026-08-23,locations_2026-08-29.csv
Lululemon,,,own-door,open,"6000 Glades Road, 1148C",Boca Raton,FL,33431,,,https://shop.lululemon.com/stores/us/boca-raton/bocaraton,master store_type=standard (pre-recapture),,,2026-08-23,locations_2026-08-29.csv
Lululemon,,,own-door,open,"342 San Lorenzo, Unit 1050",Coral Gables,FL,33146,,,https://shop.lululemon.com/stores/us/coral-gables/merrick-park,master store_type=standard (pre-recapture),,,2026-08-23,locations_2026-08-29.csv
Lululemon,,,own-door,open,1016 East Las Olas,Fort Lauderdale,FL,33301,,,https://shop.lululemon.com/stores/us/fort-lauderdale/las-olas-blvd-ft-lauderdale,master store_type=standard (pre-recapture),,,2026-08-23,locations_2026-08-29.csv
Lululemon,,,own-door,open,"2378 N Federal Hwy, Fort Lauderdale, FL33305, Unit 180",Fort Lauderdale,FL,33305,,,https://shop.lululemon.com/stores/us/fort-lauderdale/river-market,master store_type=standard (pre-recapture),,,2026-08-23,locations_2026-08-29.csv
Lululemon,,,own-door,open,"3596 SW 32nd Ct, Suite 20",Gainesville,FL,32608,,,https://shop.lululemon.com/stores/us/gainesville/butler-town-center,master store_type=standard (pre-recapture),,,2026-08-23,locations_2026-08-29.csv
Lululemon,,,own-door,open,4791 River City Drive Suite143,Jacksonville,FL,32246,,,https://shop.lululemon.com/stores/us/jacksonville/stjohnscenter,master store_type=standard (pre-recapture),,,2026-08-23,locations_2026-08-29.csv
Lululemon,,,own-door,open,1520 E Buena Vista Drive,Lake Buena Vista,FL,32830,,,https://shop.lululemon.com/stores/us/lake-buena-vista/disney-springs,master store_type=standard (pre-recapture),,,2026-08-23,locations_2026-08-29.csv
Lululemon,,,own-door,open,"652 NE 2nd Ave, Suite 152",Miami,FL,33132,,,https://shop.lululemon.com/stores/us/miami/miami-worldcenter,master store_type=standard (pre-recapture),,,2026-08-23,locations_2026-08-29.csv
Lululemon,,,own-door,open,"701 South Miami Avenue, Unit 256",Miami,FL,33130,,,https://shop.lululemon.com/stores/us/miami/brickell-city-center,master store_type=standard (pre-recapture),,,2026-08-23,locations_2026-08-29.csv
Lululemon,,,own-door,open,"7535 North Kendall Drive, Space 2140",Miami,FL,33156,,,https://shop.lululemon.com/stores/us/miami/dadeland-mall,master store_type=standard (pre-recapture),,,2026-08-23,locations_2026-08-29.csv
Lululemon,,,own-door,open,"800 Lincoln Road, Suite 810",Miami Beach,FL,33139,,,https://shop.lululemon.com/stores/us/miami/lincolnroad,master store_type=standard (pre-recapture),,,2026-08-23,locations_2026-08-29.csv
Lululemon,,,own-door,open,"500 Grand Boulevard, Suite K-107A",Miramar Beach,FL,32550,,,https://shop.lululemon.com/stores/us/miramar-beach/grand-boulevard,master store_type=standard (pre-recapture),,,2026-08-23,locations_2026-08-29.csv
Lululemon,,,own-door,open,"5555 Tamiami Trail North, Unit G-10",Naples,FL,34108,,,https://shop.lululemon.com/stores/us/naples/naples,master store_type=standard (pre-recapture),,,2026-08-23,locations_2026-08-29.csv
Lululemon,,,own-door,open,"4200 Conroy Road, E135",Orlando,FL,32839,,,https://shop.lululemon.com/stores/us/orlando/mallatmillenia,master store_type=standard (pre-recapture),,,2026-08-23,locations_2026-08-29.csv
Lululemon,,,own-door,open,"695 N Alafaya Trail, Space S01A",Orlando,FL,32828,,,https://shop.lululemon.com/stores/us/orlando/waterford-lakes-town-center,master store_type=standard (pre-recapture),,,2026-08-23,locations_2026-08-29.csv
Lululemon,,,own-door,open,"3101 PGA Blvd, M-207",Palm Beach Gardens,FL,33410,,,https://shop.lululemon.com/stores/us/palm-beach-gardens/thegardens,master store_type=standard (pre-recapture),,,2026-08-23,locations_2026-08-29.csv
Lululemon,,,own-door,open,14564 SW 5th Street,Pembroke Pines,FL,33027,,,https://shop.lululemon.com/stores/us/pembroke-pines/shops-at-pembroke-gardens,master store_type=standard (pre-recapture),,,2026-08-23,locations_2026-08-29.csv
Lululemon,,,own-door,open,80 E Co Hwy 30A,Santa Rosa Beach,FL,32459,,,https://shop.lululemon.com/stores/us/santa-rosa-beach/grayton-beach,master store_type=standard (pre-recapture),,,2026-08-23,locations_2026-08-29.csv
Lululemon,,,own-door,open,"140 University Town Center Drive, Unit 275",Sarasota,FL,34243,,,https://shop.lululemon.com/stores/us/sarasota/universitytowncenter,master store_type=standard (pre-recapture),,,2026-08-23,locations_2026-08-29.csv
Lululemon,,,own-door,open,"1817 Thomasville Road, Ste 530",Tallahassee,FL,32303,,,https://shop.lululemon.com/stores/us/tallahassee/miracle-plaza,master store_type=standard (pre-recapture),,,2026-08-23,locations_2026-08-29.csv
Lululemon,,,own-door,open,"2223 North West Shore Blvd, Unit 251",Tampa,FL,33607,,,https://shop.lululemon.com/stores/us/tampa/international-plaza,master store_type=standard (pre-recapture),,,2026-08-23,locations_2026-08-29.csv
Lululemon,,,own-door,open,727 South Dakota Avenue,Tampa,FL,33606,,,https://shop.lululemon.com/stores/us/tampa/hydeparkvillage,master store_type=standard (pre-recapture),,,2026-08-23,locations_2026-08-29.csv
Lululemon,,,own-door,open,"2271 Town Center Blvd, unit 107",Viera,FL,32940,,,https://shop.lululemon.com/stores/us/viera/the-avenue-viera,master store_type=standard (pre-recapture),,,2026-08-23,locations_2026-08-29.csv
Lululemon,,,own-door,open,"28249 Paseo Drive, Unit 150",Wesley Chapel,FL,33543,,,https://shop.lululemon.com/stores/us/wesley-chapel/the-shops-at-wiregrass,master store_type=standard (pre-recapture),,,2026-08-23,locations_2026-08-29.csv
Lululemon,,,own-door,open,"701 South Rosemary Avenue, #141",West Palm Beach,FL,33401,,,https://shop.lululemon.com/stores/us/west-palm-beach/cityplace,master store_type=standard (pre-recapture),,,2026-08-23,locations_2026-08-29.csv
Lululemon,,,own-door,open,200 N. Park Ave,Winter Park,FL,32789,,,https://shop.lululemon.com/stores/us/winter-park/winter-park,master store_type=standard (pre-recapture),,,2026-08-23,locations_2026-08-29.csv
Lululemon,,,own-door,open,5185 Avalon Boulevard,Alpharetta,GA,30009,,,https://shop.lululemon.com/stores/us/alpharetta/avalon,master store_type=standard (pre-recapture),,,2026-08-23,locations_2026-08-29.csv
Lululemon,,,own-door,open,"196 Alps Rd, Suite 39",Athens,GA,30606,,,https://shop.lululemon.com/stores/us/athens/beechwood-shopping-center,master store_type=standard (pre-recapture),,,2026-08-23,locations_2026-08-29.csv
Lululemon,,,own-door,open,"1168 Howell Mill Rd, Unit A, B, C",Atlanta,GA,30318,,,https://shop.lululemon.com/stores/us/atlanta/howellmill,master store_type=standard (pre-recapture),,,2026-08-23,locations_2026-08-29.csv
Lululemon,,,own-door,open,"3400 Around Lenox Road, 102A/B",Atlanta,GA,30326,,,https://shop.lululemon.com/stores/us/atlanta/lenox,master store_type=standard (pre-recapture),,,2026-08-23,locations_2026-08-29.csv
Lululemon,,,own-door,open,"4300 Paces Ferry Rd. SE, Suite 160",Atlanta,GA,30339,,,https://shop.lululemon.com/stores/us/atlanta/vinings-jubilee,master store_type=standard (pre-recapture),,,2026-08-23,locations_2026-08-29.csv
Lululemon,,,own-door,open,"4400 Ashford Dunwoody Rd, Suite 2565",Atlanta,GA,30346,,,https://shop.lululemon.com/stores/us/atlanta/atlanta,master store_type=standard (pre-recapture),,,2026-08-23,locations_2026-08-29.csv
Lululemon,,,own-door,open,"675 Ponce de Leon Ave, NE, S102A",Atlanta,GA,30308,,,https://shop.lululemon.com/stores/us/atlanta/ponce-city,master store_type=standard (pre-recapture),,,2026-08-23,locations_2026-08-29.csv
Lululemon,,,own-door,open,"4475 Roswell Rd, Suite A-300",Marietta,GA,30062,,,https://shop.lululemon.com/stores/us/marietta/the-avenue-east-cobb,master store_type=standard (pre-recapture),,,2026-08-23,locations_2026-08-29.csv
Lululemon,,,own-door,open,"215 City Circle, Suite 420",Peachtree City,GA,30269,,,https://shop.lululemon.com/stores/us/peachtree-city/the-avenue-at-peachtree-city,master store_type=standard (pre-recapture),,,2026-08-23,locations_2026-08-29.csv
Lululemon,,,own-door,open,"5155 Peachtree Pkwy, Space 405",Peachtree Corners,GA,30092,,,https://shop.lululemon.com/stores/us/peachtree-corners/forum-on-peachtree-parkway,master store_type=standard (pre-recapture),,,2026-08-23,locations_2026-08-29.csv
Lululemon,,,own-door,open,113-115 W Broughton Street,Savannah,GA,31401,,,https://shop.lululemon.com/stores/us/savannah/broughton-st,master store_type=standard (pre-recapture),,,2026-08-23,locations_2026-08-29.csv
Lululemon,,,own-door,open,"1450 Ala Moana Blvd, Unit 2715",Honolulu,HI,96814,,,https://shop.lululemon.com/stores/us/honolulu/alamoanacenter,master store_type=standard (pre-recapture),,,2026-08-23,locations_2026-08-29.csv
Lululemon,,,own-door,open,"2270 Kalakaua Avenua, Suite 104",Honolulu,HI,96815,,,https://shop.lululemon.com/stores/us/honolulu/kalakaua-avenue,master store_type=standard (pre-recapture),,,2026-08-23,locations_2026-08-29.csv
Lululemon,,,own-door,open,"2829 Ala Kalanikaumaka Street, A101",Koloa,HI,96756,,,https://shop.lululemon.com/stores/us/koloa/the-shops-at-kukui-ula,master store_type=standard (pre-recapture),,,2026-08-23,locations_2026-08-29.csv
Lululemon,,,own-door,open,"2435 Kaanapali Parkway, Space I-26",Lahaina,HI,96761,,,https://shop.lululemon.com/stores/us/lahaina/whalers-village,master store_type=standard (pre-recapture),,,2026-08-23,locations_2026-08-29.csv
Lululemon,,,own-door,open,EW-18 - 3750 Wailea Alanui Dr,Wailea,HI,96753,,,https://shop.lululemon.com/stores/us/wailea/shops-at-wailea,master store_type=standard (pre-recapture),,,2026-08-23,locations_2026-08-29.csv
Lululemon,,,own-door,open,"920 east second avenue, suite 135",Coralville,IA,52241,,,https://shop.lululemon.com/stores/us/coralville/Iowa-River-Landing-Local,master store_type=standard (pre-recapture),,,2026-08-23,locations_2026-08-29.csv
Lululemon,,,own-door,open,"101 Jordan Creek Parkway, Unit 11145",West Des Moines,IA,50266,,,https://shop.lululemon.com/stores/us/west-des-moines/jordan-creek-town-center,master store_type=standard (pre-recapture),,,2026-08-23,locations_2026-08-29.csv
Lululemon,,,own-door,open,"350 North Milwaukee, Space 1025",Boise,ID,83704,,,https://shop.lululemon.com/stores/us/boise/boise-town-square,master store_type=standard (pre-recapture),,,2026-08-23,locations_2026-08-29.csv
Lululemon,,,own-door,open,191 North Main Street,Ketchum,ID,83340,,,https://shop.lululemon.com/stores/us/ketchum/the-local-sun-valley,master store_type=standard (pre-recapture),,,2026-08-23,locations_2026-08-29.csv
Lululemon,,,own-door,open,"3597 East Monarch Sky Lane, #100",Meridian,ID,83642,,,https://shop.lululemon.com/stores/us/meridian/meridianvillage,master store_type=standard (pre-recapture),,,2026-08-23,locations_2026-08-29.csv
Lululemon,,,own-door,open,3556 N. Southport Ave,Chicago,IL,60657,,,https://shop.lululemon.com/stores/us/chicago/southport,master store_type=standard (pre-recapture),,,2026-08-23,locations_2026-08-29.csv
Lululemon,,,own-door,open,"900 North Michigan Ave, Suite L3-03",Chicago,IL,60611,,,https://shop.lululemon.com/stores/us/chicago/michiganavenue,master store_type=standard (pre-recapture),,,2026-08-23,locations_2026-08-29.csv
Lululemon,,,own-door,open,930 North Rush Street,Chicago,IL,60611,,,https://shop.lululemon.com/stores/us/chicago/rushwalton,master store_type=standard (pre-recapture),,,2026-08-23,locations_2026-08-29.csv
Lululemon,,,own-door,open,932 W Randolph St,Chicago,IL,60607,,,https://shop.lululemon.com/stores/us/chicago/fulton-market,master store_type=standard (pre-recapture),,,2026-08-23,locations_2026-08-29.csv
Lululemon,,,own-door,open,944 West North Avenue,Chicago,IL,60642,,,https://shop.lululemon.com/stores/us/chicago/lincoln-park,master store_type=flagship (pre-recapture),,,2026-08-23,locations_2026-08-29.csv
Lululemon,,,own-door,open,"20530 North Rand Road, Unit 236",Deer Park,IL,60010,,,https://shop.lululemon.com/stores/us/deer-park/deerpark,master store_type=standard (pre-recapture),,,2026-08-23,locations_2026-08-29.csv
Lululemon,,,own-door,open,680 Western Ave,Lake Forest,IL,60045,,,https://shop.lululemon.com/stores/us/lake-forest/market-square,master store_type=standard (pre-recapture),,,2026-08-23,locations_2026-08-29.csv
Lululemon,,,own-door,open,"50 South Main Street, Suite 130",Naperville,IL,60540,,,https://shop.lululemon.com/stores/us/naperville/naperville,master store_type=standard (pre-recapture),,,2026-08-23,locations_2026-08-29.csv
Lululemon,,,own-door,open,82 Oakbrook Center,Oak Brook,IL,60523,,,https://shop.lululemon.com/stores/us/oak-brook/oak-brookcenter,master store_type=standard (pre-recapture),,,2026-08-23,locations_2026-08-29.csv
Lululemon,,,own-door,open,"5 Woodfield Mall, L304",Schaumburg,IL,60173,,,https://shop.lululemon.com/stores/us/schaumburg/woodfieldmall,master store_type=standard (pre-recapture),,,2026-08-23,locations_2026-08-29.csv
Lululemon,,,own-door,open,"4999 Old Orchard Center, Unit A8",Skokie,IL,60077,,,https://shop.lululemon.com/stores/us/skokie/skokie,master store_type=standard (pre-recapture),,,2026-08-23,locations_2026-08-29.csv
Lululemon,,,own-door,open,"14405 Clay Terrace Boulevard, Unit 103",Carmel,IN,46032,,,https://shop.lululemon.com/stores/us/carmel/clay-terrace,master store_type=standard (pre-recapture),,,2026-08-23,locations_2026-08-29.csv
Lululemon,,,own-door,open,"8702 Keystone Crossing, Unit 21A",Indianapolis,IN,46240,,,https://shop.lululemon.com/stores/us/indianapolis/keystone,master store_type=standard (pre-recapture),,,2026-08-23,locations_2026-08-29.csv
Lululemon,,,own-door,open,"6501 N Grape Rd., 354A",Mishawaka,IN,46545,,,https://shop.lululemon.com/stores/us/mishawaka/university-park-mall,master store_type=standard (pre-recapture),,,2026-08-23,locations_2026-08-29.csv
Lululemon,,,own-door,open,"4555 W 119th St., A110A",Leawood,KS,66209,,,https://shop.lululemon.com/stores/us/leawood/leawood,master store_type=standard (pre-recapture),,,2026-08-23,locations_2026-08-29.csv
Lululemon,,,own-door,open,"2000 North Rock Road, Suite 108",Wichita,KS,67206,,,https://shop.lululemon.com/stores/us/wichita/bradley-fair-shopping-center,master store_type=standard (pre-recapture),,,2026-08-23,locations_2026-08-29.csv
Lululemon,,,own-door,open,"122 Marion Street, Suite 130",Lexington,KY,40517,,,https://shop.lululemon.com/stores/us/lexington/summit-at-fritz-farm,master store_type=standard (pre-recapture),,,2026-08-23,locations_2026-08-29.csv
Lululemon,,,own-door,open,"7900 Shelbyville Rd, Unit C01",Louisville,KY,40222,,,https://shop.lululemon.com/stores/us/louisville/oxmoor-center,master store_type=standard (pre-recapture),,,2026-08-23,locations_2026-08-29.csv
Lululemon,,,own-door,open,"3535 Perkins Road, Building 400",Baton Rouge,LA,70808,,,https://shop.lululemon.com/stores/us/baton-rouge/acadian-village,master store_type=standard (pre-recapture),,,2026-08-23,locations_2026-08-29.csv
Lululemon,,,own-door,open,"4419 Ambassador Caffery Parkway, Space #3",Lafayette,LA,70508,,,https://shop.lululemon.com/stores/us/lafayette/river-marketplace,master store_type=standard (pre-recapture),,,2026-08-23,locations_2026-08-29.csv
Lululemon,,,own-door,open,"3301 Veterans Memorial Blvd, 54A",Metairie,LA,70002,,,https://shop.lululemon.com/stores/us/metairie/lakeside-shopping-center,master store_type=standard (pre-recapture),,,2026-08-23,locations_2026-08-29.csv
Lululemon,,,own-door,open,"333 Canal Street, Unit 100",New Orleans,LA,70130,,,https://shop.lululemon.com/stores/us/new-orleans/canalplace,master store_type=standard (pre-recapture),,,2026-08-23,locations_2026-08-29.csv
Lululemon,,,own-door,open,"1384 East 70th Street, Suite 500",Shreveport,LA,71105,,,https://shop.lululemon.com/stores/us/shreveport/fern-market-place,master store_type=standard (pre-recapture),,,2026-08-23,locations_2026-08-29.csv
Lululemon,,,own-door,open,"208 Newbury Street, Unit 206",Boston,MA,02116,,,https://shop.lululemon.com/stores/us/boston/newbury,master store_type=flagship (pre-recapture),,,2026-08-23,locations_2026-08-29.csv
Lululemon,,,own-door,open,"395 Congress Street, Suite A",Boston,MA,02210,,,https://shop.lululemon.com/stores/us/boston/seaport,master store_type=standard (pre-recapture),,,2026-08-23,locations_2026-08-29.csv
Lululemon,,,own-door,open,"800 Boylston Street, Boston, MA 02199, #049",Boston,MA,02199,,,https://shop.lululemon.com/stores/us/boston/prudential,master store_type=standard (pre-recapture),,,2026-08-23,locations_2026-08-29.csv
Lululemon,,,own-door,open,"75 Middlesex Turnpike, Suite 1047B",Burlington,MA,01803,,,https://shop.lululemon.com/stores/us/burlington/burlingtonmall,master store_type=standard (pre-recapture),,,2026-08-23,locations_2026-08-29.csv
Lululemon,,,own-door,open,55 Boylston Street,Chestnut Hill,MA,02467,,,https://shop.lululemon.com/stores/us/chestnut-hill/chestnut-hill,master store_type=standard (pre-recapture),,,2026-08-23,locations_2026-08-29.csv
Lululemon,,,own-door,open,"680 Legacy Place, Unit 242",Dedham,MA,02026,,,https://shop.lululemon.com/stores/us/dedham/legacyplace,master store_type=standard (pre-recapture),,,2026-08-23,locations_2026-08-29.csv
Lululemon,,,own-door,open,66 Main Street,Edgartown,MA,02539,,,https://shop.lululemon.com/stores/us/edgartown/marthas-vineyard,master store_type=standard (pre-recapture),,,2026-08-23,locations_2026-08-29.csv
Lululemon,,,own-door,open,"94 Derby St, Unit #229",Hingham,MA,02043,,,https://shop.lululemon.com/stores/us/hingham/derbystreet,master store_type=standard (pre-recapture),,,2026-08-23,locations_2026-08-29.csv
Lululemon,,,own-door,open,630 Market Street,Lynnfield,MA,01940,,,https://shop.lululemon.com/stores/us/lynnfield/marketstreet,master store_type=standard (pre-recapture),,,2026-08-23,locations_2026-08-29.csv
Lululemon,,,own-door,open,"21 Steeple Street, Space # 11B.102",Mashpee,MA,02649,,,https://shop.lululemon.com/stores/us/mashpee/mashpee-commons,master store_type=standard (pre-recapture),,,2026-08-23,locations_2026-08-29.csv
Lululemon,,,own-door,open,"70 Worcester-Providence turnpike, Suite 511",Millbury,MA,01527,,,https://shop.lululemon.com/stores/us/millbury/shops-at-blackstone-valley,master store_type=standard (pre-recapture),,,2026-08-23,locations_2026-08-29.csv
Lululemon,,,own-door,open,"1245 Worcester Street, Unit 4054 and 4055",Natick,MA,01760,,,https://shop.lululemon.com/stores/us/natick/natick,master store_type=standard (pre-recapture),,,2026-08-23,locations_2026-08-29.csv
Lululemon,,,own-door,open,"50D Central Street, D",Wellesley,MA,02482,,,https://shop.lululemon.com/stores/us/wellesley/central-street-wellesley,master store_type=standard (pre-recapture),,,2026-08-23,locations_2026-08-29.csv
Lululemon,,,own-door,open,"2002 Annapolis Mall Rd, Unit 1454",Annapolis,MD,21401,,,https://shop.lululemon.com/stores/us/annapolis/annapolis,master store_type=standard (pre-recapture),,,2026-08-23,locations_2026-08-29.csv
Lululemon,,,own-door,open,"1001-B Fleet St, Suite C",Baltimore,MD,21202,,,https://shop.lululemon.com/stores/us/baltimore/harboreast,master store_type=standard (pre-recapture),,,2026-08-23,locations_2026-08-29.csv
Lululemon,,,own-door,open,"4838 Bethesda Ave, Unit 16",Bethesda,MD,20814,,,https://shop.lululemon.com/stores/us/bethesda/bethesda,master store_type=standard (pre-recapture),,,2026-08-23,locations_2026-08-29.csv
Lululemon,,,own-door,open,"7101 Democracy Boulevard, Unit #1058",Bethesda,MD,20817,,,https://shop.lululemon.com/stores/us/bethesda/westfield-montgomery,master store_type=standard (pre-recapture),,,2026-08-23,locations_2026-08-29.csv
Lululemon,,,own-door,open,"10300 Little Patuxent Parkway, Unit 2750",Columbia,MD,21044,,,https://shop.lululemon.com/stores/us/columbia/columbia,master store_type=standard (pre-recapture),,,2026-08-23,locations_2026-08-29.csv
Lululemon,,,own-door,open,138 Crown Park Avenue,Gaithersburg,MD,20878,,,https://shop.lululemon.com/stores/us/gaithersburg/gaithersburg-store,master store_type=standard (pre-recapture),,,2026-08-23,locations_2026-08-29.csv
Lululemon,,,own-door,open,"825 Dulaney Valley Road, Unit 4133",Towson,MD,21204,,,https://shop.lululemon.com/stores/us/towson/towsoncenter,master store_type=standard (pre-recapture),,,2026-08-23,locations_2026-08-29.csv
Lululemon,,,own-door,open,"364 Maine Mall Road, E115",South Portland,ME,04106,,,https://shop.lululemon.com/stores/us/south-portland/maine-mall,master store_type=standard (pre-recapture),,,2026-08-23,locations_2026-08-29.csv
Lululemon,,,own-door,open,3070 Washtenaw Avenue,Ann Arbor,MI,48104,,,https://shop.lululemon.com/stores/us/ann-arbor/annarbormi,master store_type=standard (pre-recapture),,,2026-08-23,locations_2026-08-29.csv
Lululemon,,,own-door,open,101 S Old Woodward Ave,Birmingham,MI,48009,,,https://shop.lululemon.com/stores/us/birmingham/birminghammi,master store_type=standard (pre-recapture),,,2026-08-23,locations_2026-08-29.csv
Lululemon,,,own-door,open,"17420 Hall Road, Unit 182",Clinton Township,MI,48038,,,https://shop.lululemon.com/stores/us/clinton-township/partridge-creek,master store_type=standard (pre-recapture),,,2026-08-23,locations_2026-08-29.csv
Lululemon,,,own-door,open,1459 Woodward Avenue,Detroit,MI,48226,,,https://shop.lululemon.com/stores/us/detroit/downtown-detroit,master store_type=standard (pre-recapture),,,2026-08-23,locations_2026-08-29.csv
Lululemon,,,own-door,open,3032 Centre Boulevard,East Lansing,MI,48912,,,https://shop.lululemon.com/stores/us/lansing/eastwood-towne-center,master store_type=standard (pre-recapture),,,2026-08-23,locations_2026-08-29.csv
Lululemon,,,own-door,open,"1830 Breton, Suite 1880",Grand Rapids,MI,49506,,,https://shop.lululemon.com/stores/us/bretonvillage/bretonvillage,master store_type=standard (pre-recapture),,,2026-08-23,locations_2026-08-29.csv
Lululemon,,,own-door,open,"27708 Novi Rd, C281",Novi,MI,48377,,,https://shop.lululemon.com/stores/us/novi/twelveoaksmall,master store_type=standard (pre-recapture),,,2026-08-23,locations_2026-08-29.csv
Lululemon,,,own-door,open,"252 N Adams Rd, E252",Rochester Hills,MI,48309,,,https://shop.lululemon.com/stores/us/rochester/rochester-store,master store_type=standard (pre-recapture),,,2026-08-23,locations_2026-08-29.csv
Lululemon,,,own-door,open,218 E Front St.,Traverse City,MI,49684,,,https://shop.lululemon.com/stores/us/traverse-city/traverse-city,master store_type=standard (pre-recapture),,,2026-08-23,locations_2026-08-29.csv
Lululemon,,,own-door,open,"2801 West Big Beaver Road, Unit G233",Troy,MI,48084,,,https://shop.lululemon.com/stores/us/troy/somersetcollec,master store_type=standard (pre-recapture),,,2026-08-23,locations_2026-08-29.csv
Lululemon,,,own-door,open,116 West Market,Bloomington,MN,55425,,,https://shop.lululemon.com/stores/us/bloomington/mall-of-america,master store_type=flagship (pre-recapture),,,2026-08-23,locations_2026-08-29.csv
Lululemon,,,own-door,open,"10 Southdale Center, Room 2585B",Edina,MN,55435,,,https://shop.lululemon.com/stores/us/edina/southdale-center,master store_type=standard (pre-recapture),,,2026-08-23,locations_2026-08-29.csv
Lululemon,,,own-door,open,3914 W 50th Street,Edina,MN,55424,,,https://shop.lululemon.com/stores/us/edina/50th-and-france-edina,master store_type=standard (pre-recapture),,,2026-08-23,locations_2026-08-29.csv
Lululemon,,,own-door,open,12229 Elm Creek Blvd.,Maple Grove,MN,55369,,,https://shop.lululemon.com/stores/us/maple-grove/shoppes-at-arbor-lakes,master store_type=standard (pre-recapture),,,2026-08-23,locations_2026-08-29.csv
Lululemon,,,own-door,open,134 3rd Ave North,Minneapolis,MN,55401,,,https://shop.lululemon.com/stores/us/minneapolis/north-loop,master store_type=standard (pre-recapture),,,2026-08-23,locations_2026-08-29.csv
Lululemon,,,own-door,open,"12673 Wayzata Blvd, Space 2369",Minnetonka,MN,55305,,,https://shop.lululemon.com/stores/us/minneapolis/ridgedale,master store_type=standard (pre-recapture),,,2026-08-23,locations_2026-08-29.csv
Lululemon,,,own-door,open,"1201 12th Street SW, Hwy. 14, Unit # 314",Rochester,MN,55902,,,https://shop.lululemon.com/stores/us/rochester/apache-mall,master store_type=standard (pre-recapture),,,2026-08-23,locations_2026-08-29.csv
Lululemon,,,own-door,open,"1595 Minnesota 36, #200",Roseville,MN,55113,,,https://shop.lululemon.com/stores/us/roseville/rosedale-center,master store_type=standard (pre-recapture),,,2026-08-23,locations_2026-08-29.csv
Lululemon,,,own-door,open,"9020 Hudson Road, Suite 403A",Woodbury,MN,55125,,,https://shop.lululemon.com/stores/us/woodbury/woodbury-lakes,master store_type=standard (pre-recapture),,,2026-08-23,locations_2026-08-29.csv
Lululemon,,,own-door,open,"211 N Stadium Blvd., Suite 6",Columbia,MO,65203,,,https://shop.lululemon.com/stores/us/columbia/shoppes-at-stadium,master store_type=standard (pre-recapture),,,2026-08-23,locations_2026-08-29.csv
Lululemon,,,own-door,open,"146 West County Center, #2190",Des Peres,MO,63131,,,https://shop.lululemon.com/stores/us/des-peres/west-county-store,master store_type=standard (pre-recapture),,,2026-08-23,locations_2026-08-29.csv
Lululemon,,,own-door,open,"1701 South Lindbergh Boulevard, Unit 247",Frontenac,MO,63131,,,https://shop.lululemon.com/stores/us/frontenac/plazafrontenac,master store_type=standard (pre-recapture),,,2026-08-23,locations_2026-08-29.csv
Lululemon,,,own-door,open,401 Nichols Road,Kansas City,MO,64112,,,https://shop.lululemon.com/stores/us/kansas-city/kansascitymo,master store_type=standard (pre-recapture),,,2026-08-23,locations_2026-08-29.csv
Lululemon,,,own-door,open,"910 NW Blue Pkwy, Suite G",Lee's Summit,MO,64086,,,https://shop.lululemon.com/stores/us/lees-summit/summit-fair,master store_type=standard (pre-recapture),,,2026-08-23,locations_2026-08-29.csv
Lululemon,,,own-door,open,"2825 South Glenstone Avenue, Unit 101",Springfield,MO,65804,,,https://shop.lululemon.com/stores/us/springfield/battlefield-mall,master store_type=standard (pre-recapture),,,2026-08-23,locations_2026-08-29.csv
Lululemon,,,own-door,open,Unit 26 Maryland Plaza,St. Louis,MO,63108,,,https://shop.lululemon.com/stores/us/st-louis/marylandplaza,master store_type=standard (pre-recapture),,,2026-08-23,locations_2026-08-29.csv
Lululemon,,,own-door,open,"4500 I-55 North, Suite #120",Jackson,MS,39211,,,https://shop.lululemon.com/stores/us/jackson/highlandvillageinjackson,master store_type=standard (pre-recapture),,,2026-08-23,locations_2026-08-29.csv
Lululemon,,,own-door,open,"1000 Highland Colony Parkway, Suite 4002",Ridgeland,MS,39157,,,https://shop.lululemon.com/stores/us/ridgeland/renaissance-at-colony-park,master store_type=standard (pre-recapture),,,2026-08-23,locations_2026-08-29.csv
Lululemon,,,own-door,open,"2831 W Main St, Building D, Unit 1",Bozeman,MT,59718,,,https://shop.lululemon.com/stores/us/bozeman/bozeman,master store_type=standard (pre-recapture),,,2026-08-23,locations_2026-08-29.csv
Lululemon,,,own-door,open,"Unit# D-13A, 2901 Brooke St.",Missoula,MT,59801,,,https://shop.lululemon.com/stores/us/missoula/southgate-mall-missoula,master store_type=standard (pre-recapture),,,2026-08-23,locations_2026-08-29.csv
Lululemon,,,own-door,open,"2040 South Boulevard, Suite 3",Charlotte,NC,28203,,,https://shop.lululemon.com/stores/us/charlotte/atherton-mill,master store_type=standard (pre-recapture),,,2026-08-23,locations_2026-08-29.csv
Lululemon,,,own-door,open,"4400 Sharon Rd, Space# M24A",Charlotte,NC,28211,,,https://shop.lululemon.com/stores/us/charlotte/southpark,master store_type=standard (pre-recapture),,,2026-08-23,locations_2026-08-29.csv
Lululemon,,,own-door,open,9816 Rea Road,Charlotte,NC,28277,,,https://shop.lululemon.com/stores/us/charlotte/blakeney-shopping-center,master store_type=standard (pre-recapture),,,2026-08-23,locations_2026-08-29.csv
Lululemon,,,own-door,open,"8030 Renaissance Parkway, Suite 835",Durham,NC,27713,,,https://shop.lululemon.com/stores/us/durham/southpoint,master store_type=standard (pre-recapture),,,2026-08-23,locations_2026-08-29.csv
Lululemon,,,own-door,open,"3326 W Friendly Ave, Suite 101",Greensboro,NC,27410,,,https://shop.lululemon.com/stores/us/greensboro/friendly-center,master store_type=standard (pre-recapture),,,2026-08-23,locations_2026-08-29.csv
Lululemon,,,own-door,open,"16805 Birkdale Commons Pkwy, Unit 4",Huntersville,NC,28078,,,https://shop.lululemon.com/stores/us/huntersville/birkdale,master store_type=standard (pre-recapture),,,2026-08-23,locations_2026-08-29.csv
Lululemon,,,own-door,open,"4114 Center At North Hills Street, suite TU101",Raleigh,NC,27609,,,https://shop.lululemon.com/stores/us/raleigh/northhills,master store_type=standard (pre-recapture),,,2026-08-23,locations_2026-08-29.csv
Lululemon,,,own-door,open,"4325 Glenwood Ave, Suite 2015",Raleigh,NC,27612,,,https://shop.lululemon.com/stores/us/raleigh/crabtree-valley-mall,master store_type=standard (pre-recapture),,,2026-08-23,locations_2026-08-29.csv
Lululemon,,,own-door,open,"6886 Main St, Unit B100",Wilmington,NC,28405,,,https://shop.lululemon.com/stores/us/wilmington/mayfaire-town-center,master store_type=standard (pre-recapture),,,2026-08-23,locations_2026-08-29.csv
Lululemon,,,own-door,open,"312 S Stratford Rd, Suite 312",Winston-Salem,NC,27103,,,https://shop.lululemon.com/stores/us/winston-salem/thruway-local,master store_type=standard (pre-recapture),,,2026-08-23,locations_2026-08-29.csv
Lululemon,,,own-door,open,"3902 13th Ave S, Unit 507",Fargo,ND,58103,,,https://shop.lululemon.com/stores/us/fargo/west-acres-mall,master store_type=standard (pre-recapture),,,2026-08-23,locations_2026-08-29.csv
Lululemon,,,own-door,open,"2940 Pine Lake Rd, Suite J",Lincoln,NE,68516,,,https://shop.lululemon.com/stores/us/lincoln/southpointe-pavilions,master store_type=standard (pre-recapture),,,2026-08-23,locations_2026-08-29.csv
Lululemon,,,own-door,open,"120 Regency Pkwy, 156",Omaha,NE,68114,,,https://shop.lululemon.com/stores/us/omaha/regency,master store_type=standard (pre-recapture),,,2026-08-23,locations_2026-08-29.csv
Lululemon,,,own-door,open,"17250 Davenport, St, Ste C102",Omaha,NE,68118,,,https://shop.lululemon.com/stores/us/omaha/villagepoint,master store_type=standard (pre-recapture),,,2026-08-23,locations_2026-08-29.csv
Lululemon,,,own-door,open,"99 Rockingham Park Blvd, E127C",Salem,NH,03079,,,https://shop.lululemon.com/stores/us/salem/rockingham-mall,master store_type=standard (pre-recapture),,,2026-08-23,locations_2026-08-29.csv
Lululemon,,,own-door,open,2013 Dune Dr,Avalon,NJ,08202,,,https://shop.lululemon.com/stores/us/new-jersey/avalon-local,master store_type=standard (pre-recapture),,,2026-08-23,locations_2026-08-29.csv
Lululemon,,,own-door,open,"400 Commons Way, Space #2405",Bridgewater,NJ,08807,,,https://shop.lululemon.com/stores/us/bridgewater/bridgewater,master store_type=standard (pre-recapture),,,2026-08-23,locations_2026-08-29.csv
Lululemon,,,own-door,open,"2000 Route 38, Unit 1143",Cherry Hill,NJ,08002,,,https://shop.lululemon.com/stores/us/new-jersey/cherry-hill,master store_type=standard (pre-recapture),,,2026-08-23,locations_2026-08-29.csv
Lululemon,,,own-door,open,61 VerValen Street,Closter,NJ,07624,,,https://shop.lululemon.com/stores/us/new-jersey/closter-plaza,master store_type=standard (pre-recapture),,,2026-08-23,locations_2026-08-29.csv
Lululemon,,,own-door,open,"3056 NJ-10, Suite 018",Denville,NJ,07834,,,https://shop.lululemon.com/stores/us/denville/the-shoppes-at-union-hill,master store_type=standard (pre-recapture),,,2026-08-23,locations_2026-08-29.csv
Lululemon,,,own-door,open,"1 American Dream Way, C231",East Rutherford,NJ,07073,,,https://shop.lululemon.com/stores/us/east-rutherford/american-dream,master store_type=standard (pre-recapture),,,2026-08-23,locations_2026-08-29.csv
Lululemon,,,own-door,open,500 Route 73 South,Evesham Township,NJ,08053,,,https://shop.lululemon.com/stores/us/evesham-township/sagemore,master store_type=standard (pre-recapture),,,2026-08-23,locations_2026-08-29.csv
Lululemon,,,own-door,open,"3710 Route 9, Space #G106",Freehold,NJ,07728,,,https://shop.lululemon.com/stores/us/new-jersey/freehold-raceway-mall,master store_type=standard (pre-recapture),,,2026-08-23,locations_2026-08-29.csv
Lululemon,,,own-door,open,313 Washington Street,Hoboken,NJ,07030,,,https://shop.lululemon.com/stores/us/new-jersey/hoboken,master store_type=standard (pre-recapture),,,2026-08-23,locations_2026-08-29.csv
Lululemon,,,own-door,open,"46 Farm View, Building C",Montvale,NJ,07645,,,https://shop.lululemon.com/stores/us/montvale/depiero-farms,master store_type=standard (pre-recapture),,,2026-08-23,locations_2026-08-29.csv
Lululemon,,,own-door,open,"100 Garden State Plaza, Unit D10",Paramus,NJ,07652,,,https://shop.lululemon.com/stores/us/paramus/gardenstate,master store_type=standard (pre-recapture),,,2026-08-23,locations_2026-08-29.csv
Lululemon,,,own-door,open,36 Nassau Street,Princeton,NJ,08542,,,https://shop.lululemon.com/stores/us/princeton/princeton,master store_type=standard (pre-recapture),,,2026-08-23,locations_2026-08-29.csv
Lululemon,,,own-door,open,"1200 Morris Turnpike, B161",Short Hills,NJ,07078,,,https://shop.lululemon.com/stores/us/new-jersey/short-hills-mall,master store_type=standard (pre-recapture),,,2026-08-23,locations_2026-08-29.csv
Lululemon,,,own-door,open,"The Grove at Shrewsbury, Route-35, 525",Shrewsbury,NJ,07702,,,https://shop.lululemon.com/stores/us/shrewsbury/shrewsbury,master store_type=standard (pre-recapture),,,2026-08-23,locations_2026-08-29.csv
Lululemon,,,own-door,open,402 Springfield Avenue,Summit,NJ,07901,,,https://shop.lululemon.com/stores/us/summit/springfield,master store_type=standard (pre-recapture),,,2026-08-23,locations_2026-08-29.csv
Lululemon,,,own-door,open,"1400 Willowbrook Mall, Space 1580",Wayne,NJ,07470,,,https://shop.lululemon.com/stores/us/wayne/willowbrook-wayne,master store_type=standard (pre-recapture),,,2026-08-23,locations_2026-08-29.csv
Lululemon,,,own-door,open,"2261 Q Street NE, Albuquerque NM 87110, Space 02E",Albuquerque,NM,87110,,,https://shop.lululemon.com/stores/us/albuquerque/abquptown,master store_type=standard (pre-recapture),,,2026-08-23,locations_2026-08-29.csv
Lululemon,,,own-door,open,"2240 Village Walk Drive, #120",Henderson,NV,89052,,,https://shop.lululemon.com/stores/us/henderson/district-at-green-valley,master store_type=standard (pre-recapture),,,2026-08-23,locations_2026-08-29.csv
Lululemon,,,own-door,open,"1870 Festival Plaza Dr, H100",Las Vegas,NV,89135,,,https://shop.lululemon.com/stores/us/las-vegas/downtownsummerlin,master store_type=standard (pre-recapture),,,2026-08-23,locations_2026-08-29.csv
Lululemon,,,own-door,open,"3200 Las Vegas Blvd. S, Unit 1770",Las Vegas,NV,89109,,,https://shop.lululemon.com/stores/us/las-vegas/fashionshowmall,master store_type=standard (pre-recapture),,,2026-08-23,locations_2026-08-29.csv
Lululemon,,,own-door,open,"3500 Las Vegas Blvd S, Suite F14C",Las Vegas,NV,89109,,,https://shop.lululemon.com/stores/us/las-vegas/forum-shops-at-caesars,master store_type=standard (pre-recapture),,,2026-08-23,locations_2026-08-29.csv
Lululemon,,,own-door,open,"3747 Las Vegas BLVD, Suite 113",Las Vegas,NV,89109,,,https://shop.lululemon.com/stores/us/las-vegas/blvd-las-vegas,master store_type=standard (pre-recapture),,,2026-08-23,locations_2026-08-29.csv
Lululemon,,,own-door,open,"13935 South Virginia Street, Suite 304",Reno,NV,89511,,,https://shop.lululemon.com/stores/us/reno/summit-sierra,master store_type=standard (pre-recapture),,,2026-08-23,locations_2026-08-29.csv
Lululemon,,,own-door,open,"1 Crossgates Mall Road, Suite B203",Albany,NY,12203,,,https://shop.lululemon.com/stores/us/albany/crossgates-mall,master store_type=standard (pre-recapture),,,2026-08-23,locations_2026-08-29.csv
Lululemon,,,own-door,open,"445 Albee Square West, G-108/G-110",Brooklyn,NY,11201,,,https://shop.lululemon.com/stores/us/brooklyn/city-point,master store_type=standard (pre-recapture),,,2026-08-23,locations_2026-08-29.csv
Lululemon,,,own-door,open,97 N 6th Street,Brooklyn,NY,11249,,,https://shop.lululemon.com/stores/us/brooklyn/Williamsburg,master store_type=standard (pre-recapture),,,2026-08-23,locations_2026-08-29.csv
Lululemon,,,own-door,open,"1 Walden Galleria DR, Suite J106",Buffalo,NY,14225,,,https://shop.lululemon.com/stores/us/buffalo/waldengalleria,master store_type=standard (pre-recapture),,,2026-08-23,locations_2026-08-29.csv
Lululemon,,,own-door,open,35 Main Street,East Hampton,NY,11937,,,https://shop.lululemon.com/stores/us/east-hampton/easthampton,master store_type=standard (pre-recapture),,,2026-08-23,locations_2026-08-29.csv
Lululemon,,,own-door,open,"630 Old Country Road, 1122A & 1122S",Garden City,NY,11530,,,https://shop.lululemon.com/stores/us/garden-city/roosevelt,master store_type=standard (pre-recapture),,,2026-08-23,locations_2026-08-29.csv
Lululemon,,,own-door,open,"160 Walt Whitman Road, Space 1050B",Huntington Station,NY,11746,,,https://shop.lululemon.com/stores/us/huntington-station/waltwhitman,master store_type=standard (pre-recapture),,,2026-08-23,locations_2026-08-29.csv
Lululemon,,,own-door,open,"1950 Northern Blvd, Unit 0040",Manhasset,NY,11030,,,https://shop.lululemon.com/stores/us/manhasset/manhasset,master store_type=standard (pre-recapture),,,2026-08-23,locations_2026-08-29.csv
Lululemon,,,own-door,open,"10 Columbus Circle, Unit 113",New York,NY,10023,,,https://shop.lululemon.com/stores/us/new-york/Columbus-Circle,master store_type=standard (pre-recapture),,,2026-08-23,locations_2026-08-29.csv
Lululemon,,,own-door,open,1127 3rd Avenue,New York,NY,10065,,,https://shop.lululemon.com/stores/us/new-york/66thstreet,master store_type=standard (pre-recapture),,,2026-08-23,locations_2026-08-29.csv
Lululemon,,,own-door,open,114 Fifth Avenue,New York,NY,10011,,,https://shop.lululemon.com/stores/us/new-york/Flatiron,master store_type=standard (pre-recapture),,,2026-08-23,locations_2026-08-29.csv
Lululemon,,,own-door,open,1529 3rd Avenue,New York,NY,10028,,,https://shop.lululemon.com/stores/us/new-york/86thand3rd,master store_type=standard (pre-recapture),,,2026-08-23,locations_2026-08-29.csv
Lululemon,,,own-door,open,216 Columbus Avenue,New York,NY,10023,,,https://shop.lululemon.com/stores/us/new-york/70th---columbus--nyc,master store_type=standard (pre-recapture),,,2026-08-23,locations_2026-08-29.csv
Lululemon,,,own-door,open,250 Vesey Street,New York,NY,10281,,,https://shop.lululemon.com/stores/us/new-york/brookfield-place,master store_type=standard (pre-recapture),,,2026-08-23,locations_2026-08-29.csv
Lululemon,,,own-door,open,"408 W 14th Street, Front A",New York,NY,10014,,,https://shop.lululemon.com/stores/us/new-york/meatpacking,master store_type=standard (pre-recapture),,,2026-08-23,locations_2026-08-29.csv
Lululemon,,,own-door,open,"500 West 33rd Street, RU 313A",New York,NY,10001,,,https://shop.lululemon.com/stores/us/new-york/the-shops-at-hudson-yards,master store_type=standard (pre-recapture),,,2026-08-23,locations_2026-08-29.csv
Lululemon,,,own-door,open,524 Broadway,New York,NY,10012,,,https://shop.lululemon.com/stores/us/new-york/soho-broadway,master store_type=standard (pre-recapture),,,2026-08-23,locations_2026-08-29.csv
Lululemon,,,own-door,open,592 5th Avenue,New York,NY,10036,,,https://shop.lululemon.com/stores/us/new-york/nyc-5th-ave,master store_type=standard (pre-recapture),,,2026-08-23,locations_2026-08-29.csv
Lululemon,,,own-door,open,2924 Monroe Avenue,Rochester,NY,14618,,,https://shop.lululemon.com/stores/us/rochester/cloverviewplaza,master store_type=standard (pre-recapture),,,2026-08-23,locations_2026-08-29.csv
Lululemon,,,own-door,open,696 White Plains Road,Scarsdale,NY,10583,,,https://shop.lululemon.com/stores/us/eastchester/vernon-hills-shopping-center,master store_type=standard (pre-recapture),,,2026-08-23,locations_2026-08-29.csv
Lululemon,,,own-door,open,"1 Destiny USA Dr, Space F-220",Syracuse,NY,13290,,,https://shop.lululemon.com/stores/us/destiny/destiny,master store_type=standard (pre-recapture),,,2026-08-23,locations_2026-08-29.csv
Lululemon,,,own-door,open,"263 Eastview Mall, 225",Victor,NY,14564,,,https://shop.lululemon.com/stores/us/victor/eastview-mall,master store_type=standard (pre-recapture),,,2026-08-23,locations_2026-08-29.csv
Lululemon,,,own-door,open,"125 Westchester Ave, Suite 1290A",White Plains,NY,10601,,,https://shop.lululemon.com/stores/us/white-plains/westchestermall,master store_type=standard (pre-recapture),,,2026-08-23,locations_2026-08-29.csv
Lululemon,,,own-door,open,"3500 Michigan Terrace, R-1 & R-2",Cincinnati,OH,45208,,,https://shop.lululemon.com/stores/us/cincinnati/hydeparksquare,master store_type=standard (pre-recapture),,,2026-08-23,locations_2026-08-29.csv
Lululemon,,,own-door,open,"7875 Montgomery Rd, Unit R029",Cincinnati,OH,45236,,,https://shop.lululemon.com/stores/us/cincinnati/kenwood,master store_type=standard (pre-recapture),,,2026-08-23,locations_2026-08-29.csv
Lululemon,,,own-door,open,"1500 Polaris Parkway, Space 1182",Columbus,OH,43240,,,https://shop.lululemon.com/stores/us/columbus/columbus,master store_type=standard (pre-recapture),,,2026-08-23,locations_2026-08-29.csv
Lululemon,,,own-door,open,"4070 The Strand, Unit 510",Columbus,OH,43219,,,https://shop.lululemon.com/stores/us/columbus/eastontownctr,master store_type=standard (pre-recapture),,,2026-08-23,locations_2026-08-29.csv
Lululemon,,,own-door,open,"3130 Levis Commons Blvd Space, 840",Perrysburg,OH,43551,,,https://shop.lululemon.com/stores/us/perrysburg/levis-commons,master store_type=standard (pre-recapture),,,2026-08-23,locations_2026-08-29.csv
Lululemon,,,own-door,open,201 Market Street,Westlake,OH,44145,,,https://shop.lululemon.com/stores/us/westlake/crocker-park,master store_type=standard (pre-recapture),,,2026-08-23,locations_2026-08-29.csv
Lululemon,,,own-door,open,28859 Chagrin Blvd,Woodmere,OH,44122,,,https://shop.lululemon.com/stores/us/woodmere/woodmere,master store_type=standard (pre-recapture),,,2026-08-23,locations_2026-08-29.csv
Lululemon,,,own-door,open,"68 Plum St., Beavercreek, Ohio 45440, E-110",beavercreek,OH,45440,,,https://shop.lululemon.com/stores/us/beavercreek/greene-town-center,master store_type=standard (pre-recapture),,,2026-08-23,locations_2026-08-29.csv
Lululemon,,,own-door,open,"5854 N Classen Blvd, Suite P-11",Oklahoma City,OK,73118,,,https://shop.lululemon.com/stores/us/oklahoma-city/classencurve,master store_type=standard (pre-recapture),,,2026-08-23,locations_2026-08-29.csv
Lululemon,,,own-door,open,3506 S. Peoria Ave,Tulsa,OK,74105,,,https://shop.lululemon.com/stores/us/tulsa/centre1,master store_type=standard (pre-recapture),,,2026-08-23,locations_2026-08-29.csv
Lululemon,,,own-door,open,"655 SW Powerhouse Drive, 1201",Bend,OR,97702,,,https://shop.lululemon.com/stores/us/bend/the-bend-local,master store_type=standard (pre-recapture),,,2026-08-23,locations_2026-08-29.csv
Lululemon,,,own-door,open,Suite F 323 Oakway Road,Eugene,OR,97401,,,https://shop.lululemon.com/stores/us/eugene/oakway-center,master store_type=standard (pre-recapture),,,2026-08-23,locations_2026-08-29.csv
Lululemon,,,own-door,open,"12000 Southeast 82nd Avenue, Unit J112",Happy Valley,OR,97086,,,https://shop.lululemon.com/stores/us/happy-valley/clackamas-town-center,master store_type=standard (pre-recapture),,,2026-08-23,locations_2026-08-29.csv
Lululemon,,,own-door,open,1231 NW Couch Street,Portland,OR,97209,,,https://shop.lululemon.com/stores/us/portland/pearldistrict,master store_type=standard (pre-recapture),,,2026-08-23,locations_2026-08-29.csv
Lululemon,,,own-door,open,"49 St. Georges Place, Unit 11",Ardmore,PA,19003,,,https://shop.lululemon.com/stores/us/ardmore/suburban-square,master store_type=standard (pre-recapture),,,2026-08-23,locations_2026-08-29.csv
Lululemon,,,own-door,open,"1104 Market Street, Unit #E-09",Dresher,PA,19025,,,https://shop.lululemon.com/stores/us/dresher/promenade-at-upper-dublin,master store_type=standard (pre-recapture),,,2026-08-23,locations_2026-08-29.csv
Lululemon,,,own-door,open,"969 Baltimore Pike, Unit 2",Glen Mills,PA,19342,,,https://shop.lululemon.com/stores/us/glen-mills/shoppesatbrintonlake,master store_type=standard (pre-recapture),,,2026-08-23,locations_2026-08-29.csv
Lululemon,,,own-door,open,"160 North Gulph Road, Suite 2212B",King of Prussia,PA,19406,,,https://shop.lululemon.com/stores/us/king-of-prussia/kingofprussia,master store_type=standard (pre-recapture),,,2026-08-23,locations_2026-08-29.csv
Lululemon,,,own-door,open,"2942 South Eagle Road, Space 37",Newtown,PA,18940,,,https://shop.lululemon.com/stores/us/newtown/village-at-newtown,master store_type=standard (pre-recapture),,,2026-08-23,locations_2026-08-29.csv
Lululemon,,,own-door,open,1718/1720 Walnut St,Philadelphia,PA,19102,,,https://shop.lululemon.com/stores/us/philadelphia/walnutstreet,master store_type=standard (pre-recapture),,,2026-08-23,locations_2026-08-29.csv
Lululemon,,,own-door,open,"1000 Ross Park Mall Drive, N01K",Pittsburgh,PA,15237,,,https://shop.lululemon.com/stores/us/pittsburgh/rossparkmall,master store_type=standard (pre-recapture),,,2026-08-23,locations_2026-08-29.csv
Lululemon,,,own-door,open,"301 South Hills Village, suite 1400",Pittsburgh,PA,15241,,,https://shop.lululemon.com/stores/us/pittsburg/south-hills-village,master store_type=standard (pre-recapture),,,2026-08-23,locations_2026-08-29.csv
Lululemon,,,own-door,open,5520 Walnut St,Pittsburgh,PA,15232,,,https://shop.lululemon.com/stores/us/pittsburgh/shadyside,master store_type=standard (pre-recapture),,,2026-08-23,locations_2026-08-29.csv
Lululemon,,,own-door,open,"907 Lehigh Valley Mall, Unit 1306",Whitehall,PA,18052,,,https://shop.lululemon.com/stores/us/whitehall/lehigh-valley-mall,master store_type=standard (pre-recapture),,,2026-08-23,locations_2026-08-29.csv
Lululemon,,,own-door,open,"65 Hillside Road, Suite 8070",Cranston,RI,02920,,,https://shop.lululemon.com/stores/us/cranston/gardencity,master store_type=standard (pre-recapture),,,2026-08-23,locations_2026-08-29.csv
Lululemon,,,own-door,open,"45 Long Wharf, Space A",Newport,RI,02840,,,https://shop.lululemon.com/stores/us/newport/the-shops-at-long-wharf,master store_type=standard (pre-recapture),,,2026-08-23,locations_2026-08-29.csv
Lululemon,,,own-door,open,195-201 Wayland Avenue,Providence,RI,02906,,,https://shop.lululemon.com/stores/us/providence/wayland-square,master store_type=standard (pre-recapture),,,2026-08-23,locations_2026-08-29.csv
Lululemon,,,own-door,open,279 King St,Charleston,SC,29401,,,https://shop.lululemon.com/stores/us/charleston/kingstreet,master store_type=standard (pre-recapture),,,2026-08-23,locations_2026-08-29.csv
Lululemon,,,own-door,open,"4840 Forest Drive, #5",Columbia,SC,29206,,,https://shop.lululemon.com/stores/us/columbia/trenholm-plaza-store,master store_type=standard (pre-recapture),,,2026-08-23,locations_2026-08-29.csv
Lululemon,,,own-door,open,"600 South Main Street, Suite 100",Greenville,SC,29601,,,https://shop.lululemon.com/stores/us/greenville/greenville0,master store_type=standard (pre-recapture),,,2026-08-23,locations_2026-08-29.csv
Lululemon,,,own-door,open,"30 Shelter Cove Lane, Unit 140",Hilton Head Island,SC,29928,,,https://shop.lululemon.com/stores/us/hilton-head-island/shelter-cove-town-center,master store_type=standard (pre-recapture),,,2026-08-23,locations_2026-08-29.csv
Lululemon,,,own-door,open,"654 Freshfields Drive, Suite 200",Kiawah Island,SC,29455,,,https://shop.lululemon.com/stores/us/kiawah-island/freshfields-village-kiawah-island,master store_type=standard (pre-recapture),,,2026-08-23,locations_2026-08-29.csv
Lululemon,,,own-door,open,1232 Belk Dr,Mt Pleasant,SC,29464,,,https://shop.lululemon.com/stores/us/mt-pleasant/mt-pleasant-town-centre,master store_type=standard (pre-recapture),,,2026-08-23,locations_2026-08-29.csv
Lululemon,,,own-door,open,0126B 5000 W. Empire Mall,Sioux Falls,SD,57106,,,https://shop.lululemon.com/stores/us/sioux-falls/empire-mall,master store_type=standard (pre-recapture),,,2026-08-23,locations_2026-08-29.csv
Lululemon,,,own-door,open,"211 Franklin Road, Suite 155",Brentwood,TN,37027,,,https://shop.lululemon.com/stores/us/brentwood/hill-center-brentwood,master store_type=standard (pre-recapture),,,2026-08-23,locations_2026-08-29.csv
Lululemon,,,own-door,open,"1110 Market Street, Unit 117B",Chattanooga,TN,37402,,,https://shop.lululemon.com/stores/us/chattanooga/warehouse-row,master store_type=standard (pre-recapture),,,2026-08-23,locations_2026-08-29.csv
Lululemon,,,own-door,open,"1556 West McEwen Drive, 132",Franklin,TN,37067,,,https://shop.lululemon.com/stores/us/franklin/southside,master store_type=standard (pre-recapture),,,2026-08-23,locations_2026-08-29.csv
Lululemon,,,own-door,open,"7509 Poplar Ave, Suite 106",Germantown,TN,38138,,,https://shop.lululemon.com/stores/us/memphis/Saddlecreek,master store_type=standard (pre-recapture),,,2026-08-23,locations_2026-08-29.csv
Lululemon,,,own-door,open,5500 Kingston Pike,Knoxville,TN,37919,,,https://shop.lululemon.com/stores/us/knoxville/kingston-pike,master store_type=standard (pre-recapture),,,2026-08-23,locations_2026-08-29.csv
Lululemon,,,own-door,open,"7600 Kingston Pike, Suite 1196",Knoxville,TN,37919,,,https://shop.lululemon.com/stores/us/knoxville/west-town-mall,master store_type=standard (pre-recapture),,,2026-08-23,locations_2026-08-29.csv
Lululemon,,,own-door,open,"2126 Abbott Martin Road, Suite 242",Nashville,TN,37215,,,https://shop.lululemon.com/stores/us/nashville/mall-at-green-hills,master store_type=standard (pre-recapture),,,2026-08-23,locations_2026-08-29.csv
Lululemon,,,own-door,open,2212 12th Ave. South,Nashville,TN,37204,,,https://shop.lululemon.com/stores/us/nashville/ashwood-12-south,master store_type=standard (pre-recapture),,,2026-08-23,locations_2026-08-29.csv
Lululemon,,,own-door,open,339 11th Avenue South,Nashville,TN,37203,,,https://shop.lululemon.com/stores/us/nashville/the-gulch,master store_type=standard (pre-recapture),,,2026-08-23,locations_2026-08-29.csv
Lululemon,,,own-door,open,"4027 Hillsboro Pike, Unit 705",Nashville,TN,37215,,,https://shop.lululemon.com/stores/us/nashville/nashville,master store_type=standard (pre-recapture),,,2026-08-23,locations_2026-08-29.csv
Lululemon,,,own-door,open,"877 Watters Creek Blvd, Shop M800 Watters Creek Village",Alllen,TX,75013,,,https://shop.lululemon.com/stores/us/alllen/watters-creek,master store_type=standard (pre-recapture),,,2026-08-23,locations_2026-08-29.csv
Lululemon,,,own-door,open,"4000 Arlington Highlands Blvd, Unit 149",Arlington,TX,76018,,,https://shop.lululemon.com/stores/us/arlington/arlington-highlands,master store_type=standard (pre-recapture),,,2026-08-23,locations_2026-08-29.csv
Lululemon,,,own-door,open,1009 South Congress Avenue,Austin,TX,78704,,,https://shop.lululemon.com/stores/us/austin/music-lane,master store_type=standard (pre-recapture),,,2026-08-23,locations_2026-08-29.csv
Lululemon,,,own-door,open,1016 West 6th Street,Austin,TX,78703,,,https://shop.lululemon.com/stores/us/austin/6thandlamar,master store_type=standard (pre-recapture),,,2026-08-23,locations_2026-08-29.csv
Lululemon,,,own-door,open,"11600 Century Oaks Terrace, Suite 116",Austin,TX,78758,,,https://shop.lululemon.com/stores/us/austin/domainstore,master store_type=standard (pre-recapture),,,2026-08-23,locations_2026-08-29.csv
Lululemon,,,own-door,open,"2901 S Capital of Texas Highway, Unit A10B",Austin,TX,78746,,,https://shop.lululemon.com/stores/us/austin/bartoncreeksquare,master store_type=standard (pre-recapture),,,2026-08-23,locations_2026-08-29.csv
Lululemon,,,own-door,open,"12700 Hill Country blvd, T 120",Bee Cave,TX,78738,,,https://shop.lululemon.com/stores/us/bee-cave/hill-country-galleria,master store_type=standard (pre-recapture),,,2026-08-23,locations_2026-08-29.csv
Lululemon,,,own-door,open,"1177 University Dr., Suite 600",College Station,TX,77840,,,https://shop.lululemon.com/stores/us/college-station/century-square,master store_type=standard (pre-recapture),,,2026-08-23,locations_2026-08-29.csv
Lululemon,,,own-door,open,"13350 N. Dallas Parkway, Suite 1495",Dallas,TX,75240,,,https://shop.lululemon.com/stores/us/dallas/dallasgalleria,master store_type=standard (pre-recapture),,,2026-08-23,locations_2026-08-29.csv
Lululemon,,,own-door,open,3201 Knox St,Dallas,TX,75205,,,https://shop.lululemon.com/stores/us/dallas/knoxstreet,master store_type=standard (pre-recapture),,,2026-08-23,locations_2026-08-29.csv
Lululemon,,,own-door,open,"8687 N Central Expy, Space C2-624",Dallas,TX,75225,,,https://shop.lululemon.com/stores/us/dallas/northpark,master store_type=standard (pre-recapture),,,2026-08-23,locations_2026-08-29.csv
Lululemon,,,own-door,open,"6801 North Mesa, Suites A-1",El Paso,TX,79912,,,https://shop.lululemon.com/stores/us/el-paso/el-paso-local,master store_type=standard (pre-recapture),,,2026-08-23,locations_2026-08-29.csv
Lululemon,,,own-door,open,"1604 South University Drive, Unit 504",Fort Worth,TX,76107,,,https://shop.lululemon.com/stores/us/fort-worth/fortworth,master store_type=standard (pre-recapture),,,2026-08-23,locations_2026-08-29.csv
Lululemon,,,own-door,open,Suite A110 - 700 Baybrook Mall,Friendswood,TX,77546,,,https://shop.lululemon.com/stores/us/friendswood/baybrook,master store_type=standard (pre-recapture),,,2026-08-23,locations_2026-08-29.csv
Lululemon,,,own-door,open,"2601 Preston Road, Space #1079",Frisco,TX,75034,,,https://shop.lululemon.com/stores/us/frisco/stonebriar-,master store_type=standard (pre-recapture),,,2026-08-23,locations_2026-08-29.csv
Lululemon,,,own-door,open,2560 University Blvd,Houston,TX,77005,,,https://shop.lululemon.com/stores/us/houston/rice-village,master store_type=standard (pre-recapture),,,2026-08-23,locations_2026-08-29.csv
Lululemon,,,own-door,open,"4007 Westheimer Rd., Suite 100",Houston,TX,77027,,,https://shop.lululemon.com/stores/us/houston/highland-village,master store_type=flagship (pre-recapture),,,2026-08-23,locations_2026-08-29.csv
Lululemon,,,own-door,open,"5015 Westheimer (Galleria I), Suite A-3473",Houston,TX,77056,,,https://shop.lululemon.com/stores/us/houston/houston,master store_type=standard (pre-recapture),,,2026-08-23,locations_2026-08-29.csv
Lululemon,,,own-door,open,"600 N Shepherd Dr suite, Suite 400",Houston,TX,77007,,,https://shop.lululemon.com/stores/us/houston/m-k-t-houston-temp,master store_type=standard (pre-recapture),,,2026-08-23,locations_2026-08-29.csv
Lululemon,,,own-door,open,"800 Town and Country Boulevard, 100",Houston,TX,77024,,,https://shop.lululemon.com/stores/us/houston/houstoncity,master store_type=standard (pre-recapture),,,2026-08-23,locations_2026-08-29.csv
Lululemon,,,own-door,open,"23501 Cinco Ranch Blvd, Unit #B120",Katy,TX,77494,,,https://shop.lululemon.com/stores/us/katy/lacenterra-at-cinco-ranch,master store_type=standard (pre-recapture),,,2026-08-23,locations_2026-08-29.csv
Lululemon,,,own-door,open,"8201 Quaker Avenue, Unit #130",Lubbock,TX,79424,,,https://shop.lululemon.com/stores/us/lubbock/kingsgate-center-south,master store_type=standard (pre-recapture),,,2026-08-23,locations_2026-08-29.csv
Lululemon,,,own-door,open,"2200 S 10th St., McAllen, TX 78503, Unit A03B",McAllen,TX,78503,,,https://shop.lululemon.com/stores/us/mcallen/la-plaza-mall,master store_type=standard (pre-recapture),,,2026-08-23,locations_2026-08-29.csv
Lululemon,,,own-door,open,"7600 Windrose Ave, Block G Suite 120",Plano,TX,75024,,,https://shop.lululemon.com/stores/us/plano/plano,master store_type=standard (pre-recapture),,,2026-08-23,locations_2026-08-29.csv
Lululemon,,,own-door,open,"15900 La Cantera Parkway, Suite #5515",San Antonio,TX,78256,,,https://shop.lululemon.com/stores/us/san-antonio/shopsatlacantera,master store_type=standard (pre-recapture),,,2026-08-23,locations_2026-08-29.csv
Lululemon,,,own-door,open,"255 East Basse Road, Suite 410",San Antonio,TX,78209,,,https://shop.lululemon.com/stores/us/san-antonio/quarrymarket,master store_type=standard (pre-recapture),,,2026-08-23,locations_2026-08-29.csv
Lululemon,,,own-door,open,"9595 Six Pines Drive, Suite 570",Shenandoah,TX,77380,,,https://shop.lululemon.com/stores/us/shenandoah/woodlands,master store_type=standard (pre-recapture),,,2026-08-23,locations_2026-08-29.csv
Lululemon,,,own-door,open,233 Grand Avenue,Southlake,TX,76092,,,https://shop.lululemon.com/stores/us/southlake/southlaketownsquare,master store_type=standard (pre-recapture),,,2026-08-23,locations_2026-08-29.csv
Lululemon,,,own-door,open,"16535 Southwest Freeway, Suite 1002",Sugar Land,TX,77479,,,https://shop.lululemon.com/stores/us/sugar-land/first-colony-mall,master store_type=standard (pre-recapture),,,2026-08-23,locations_2026-08-29.csv
Lululemon,,,own-door,open,"135 N. West Promontory, F-125",Farmington,UT,84025,,,https://shop.lululemon.com/stores/us/farmington/station-park,master store_type=standard (pre-recapture),,,2026-08-23,locations_2026-08-29.csv
Lululemon,,,own-door,open,"575 E University Parkway, Unit #B34",Orem,UT,84097,,,https://shop.lululemon.com/stores/us/orem/university-place,master store_type=standard (pre-recapture),,,2026-08-23,locations_2026-08-29.csv
Lululemon,,,own-door,open,"333 Main St, Suite G",Park City,UT,84060,,,https://shop.lululemon.com/stores/us/park-city/mainst,master store_type=standard (pre-recapture),,,2026-08-23,locations_2026-08-29.csv
Lululemon,,,own-door,open,"13303 S Teal Ridge Way, Suite M-100",Riverton,UT,84096,,,https://shop.lululemon.com/stores/us/riverton/mountain-view-village,master store_type=standard (pre-recapture),,,2026-08-23,locations_2026-08-29.csv
Lululemon,,,own-door,open,"50 Main Street, Suite 270",Salt Lake City,UT,84101,,,https://shop.lululemon.com/stores/us/salt-lake-city/trolleysquare,master store_type=standard (pre-recapture),,,2026-08-23,locations_2026-08-29.csv
Lululemon,,,own-door,open,"446 N. 1680 E. Street, Suite #1300",St. George,UT,84790,,,https://shop.lululemon.com/stores/us/st--george/red-cliffs-mall-,master store_type=standard (pre-recapture),,,2026-08-23,locations_2026-08-29.csv
Lululemon,,,own-door,open,700 King St,Alexandria,VA,22314,,,https://shop.lululemon.com/stores/us/alexandria/oldtown,master store_type=standard (pre-recapture),,,2026-08-23,locations_2026-08-29.csv
Lululemon,,,own-door,open,"2847 Clarendon Boulevard, Suite 150",Arlington,VA,22201,,,https://shop.lululemon.com/stores/us/arlington/clarendon,master store_type=standard (pre-recapture),,,2026-08-23,locations_2026-08-29.csv
Lululemon,,,own-door,open,20334 Exchange Street,Ashburn,VA,20147,,,https://shop.lululemon.com/stores/us/ashburn/one-loudoun,master store_type=standard (pre-recapture),,,2026-08-23,locations_2026-08-29.csv
Lululemon,,,own-door,open,"2050 Bond Street, Suite 120",Charlottesville,VA,22901,,,https://shop.lululemon.com/stores/us/charlottesville/shops-at-stonefield,master store_type=standard (pre-recapture),,,2026-08-23,locations_2026-08-29.csv
Lululemon,,,own-door,open,"2920 District Ave, Suite 105",Fairfax,VA,22031,,,https://shop.lululemon.com/stores/us/fairfax/mosaic,master store_type=standard (pre-recapture),,,2026-08-23,locations_2026-08-29.csv
Lululemon,,,own-door,open,11957 Market St.,Reston,VA,20190,,,https://shop.lululemon.com/stores/us/reston/reston-town-center,master store_type=standard (pre-recapture),,,2026-08-23,locations_2026-08-29.csv
Lululemon,,,own-door,open,"11800 W Broad Street, 2140",Richmond,VA,23233,,,https://shop.lululemon.com/stores/us/henrico/shortpumpstore,master store_type=standard (pre-recapture),,,2026-08-23,locations_2026-08-29.csv
Lululemon,,,own-door,open,"Tysons Corner center 1961 Chain Bridge Rd, Space J17U",Tysons Corner,VA,22102,,,https://shop.lululemon.com/stores/us/tysons-corner/tysonscorner,master store_type=standard (pre-recapture),,,2026-08-23,locations_2026-08-29.csv
Lululemon,,,own-door,open,201 Town Center Drive,Virginia Beach,VA,23462,,,https://shop.lululemon.com/stores/us/virginia-beach/towncenterofvirginiabeach,master store_type=standard (pre-recapture),,,2026-08-23,locations_2026-08-29.csv
Lululemon,,,own-door,open,345 West Duke of Gloucester St,Williamsburg,VA,23185,,,https://shop.lululemon.com/stores/us/williamsburg/colonial-williamsburg-local,master store_type=standard (pre-recapture),,,2026-08-23,locations_2026-08-29.csv
Lululemon,,,own-door,open,31 Church Street,Burlington,VT,05401,,,https://shop.lululemon.com/stores/us/burlington/burlingtonvt,master store_type=standard (pre-recapture),,,2026-08-23,locations_2026-08-29.csv
Lululemon,,,own-door,open,224 Bellevue Square,Bellevue,WA,98004,,,https://shop.lululemon.com/stores/us/bellevue/bellevuesquare,master store_type=standard (pre-recapture),,,2026-08-23,locations_2026-08-29.csv
Lululemon,,,own-door,open,"11900 NE Village Plaza, Suite 188",Kirkland,WA,98034,,,https://shop.lululemon.com/stores/us/kirkland/village-at-totem-lake,master store_type=standard (pre-recapture),,,2026-08-23,locations_2026-08-29.csv
Lululemon,,,own-door,open,"3000 184th Street SW, #934",Lynnwood,WA,98037,,,https://shop.lululemon.com/stores/us/lynnwood/alderwood,master store_type=standard (pre-recapture),,,2026-08-23,locations_2026-08-29.csv
Lululemon,,,own-door,open,2656 Northeast University Village Street,Seattle,WA,98105,,,https://shop.lululemon.com/stores/us/seattle/university-village,master store_type=flagship (pre-recapture),,,2026-08-23,locations_2026-08-29.csv
Lululemon,,,own-door,open,"4502 S Steele St, 923B",Tacoma,WA,98409,,,https://shop.lululemon.com/stores/us/tacoma/tacoma-mall,master store_type=standard (pre-recapture),,,2026-08-23,locations_2026-08-29.csv
Lululemon,,,own-door,open,"231 SOUTHCENTER MALL, UNIT #644",Tukwila,WA,98188,,,https://shop.lululemon.com/stores/us/tukwila/westfieldsouthcentermall,master store_type=standard (pre-recapture),,,2026-08-23,locations_2026-08-29.csv
Lululemon,,,own-door,open,"722 W Main Ave., #115",Spokane,WA ,99201,,,https://shop.lululemon.com/stores/us/spokane/river-park-square,master store_type=standard (pre-recapture),,,2026-08-23,locations_2026-08-29.csv
Lululemon,,,own-door,open,335 High Street,Brookfield,WI,53045,,,https://shop.lululemon.com/stores/us/brookfield/the-corners-of-brookfield,master store_type=standard (pre-recapture),,,2026-08-23,locations_2026-08-29.csv
Lululemon,,,own-door,open,"4301 West Wisconsin Ave, Unit 152",Grand Chute,WI,54913,,,https://shop.lululemon.com/stores/us/grand-chute/fox-river-mall,master store_type=standard (pre-recapture),,,2026-08-23,locations_2026-08-29.csv
Lululemon,,,own-door,open,578 N. Midvale Blvd.,Madison,WI,53705,,,https://shop.lululemon.com/stores/us/madison/hilldale,master store_type=standard (pre-recapture),,,2026-08-23,locations_2026-08-29.csv
Lululemon,,,own-door,open,322 N Water St,Milwaukee,WI,53202,,,https://shop.lululemon.com/stores/us/milwaukee/thirdward,master store_type=standard (pre-recapture),,,2026-08-23,locations_2026-08-29.csv
Lululemon,,,own-door,open,"2500 North Mayfair Road, Unit 208",Wauwatosa,WI,53226,,,https://shop.lululemon.com/stores/us/wauwatosa/mayfair,master store_type=standard (pre-recapture),,,2026-08-23,locations_2026-08-29.csv
Mack Weldon,The Shops at Hudson Yards,,own-door,open,"20 Hudson Yards, 2nd Floor",New York,NY,10001,,The Shops at Hudson Yards,https://mackweldon.com/pages/our-stores,master store_type=standard (pre-recapture),,,2026-08-24,locations_2026-08-29.csv
Madhappy,Madhappy at South Coast Plaza,,own-door,open,3333 Bristol Street,Costa Mesa,CA,,,,https://www.madhappy.com/pages/stores/south-coast-plaza,"brand-stated: ""Now Closed"" label where present; ""Seasonal Shop"" in name",No ZIP or per-store phone published by brand — dedupe on state+city+street number.,,2026-09-05,madhappy_classified_2026-09-05.csv
Madhappy,Madhappy Malibu,,own-door,open,"23465 Civic Center Way, Suite 860",Malibu,CA,,,,https://www.madhappy.com/pages/stores/madhappy-malibu,"brand-stated: ""Now Closed"" label where present; ""Seasonal Shop"" in name","No ZIP or per-store phone published by brand — dedupe on state+city+street number. Malibu: same building as Kith Malibu, different suite.",,2026-09-05,madhappy_classified_2026-09-05.csv
Madhappy,Madhappy West Hollywood,,own-door,open,8906 Melrose Avenue,West Hollywood,CA,,,,https://www.madhappy.com/pages/stores/madhappy-west-hollywood,"brand-stated: ""Now Closed"" label where present; ""Seasonal Shop"" in name",No ZIP or per-store phone published by brand — dedupe on state+city+street number.,,2026-09-05,madhappy_classified_2026-09-05.csv
Madhappy,Madhappy Aspen,,own-door,open,517 East Hopkins Avenue,Aspen,CO,,,,https://www.madhappy.com/pages/stores/madhappy-aspen,"brand-stated: ""Now Closed"" label where present; ""Seasonal Shop"" in name",No ZIP or per-store phone published by brand — dedupe on state+city+street number.,,2026-09-05,madhappy_classified_2026-09-05.csv
Madhappy,Madhappy East Hampton,,own-door,open,62 Park Place,East Hampton,NY,,,,https://www.madhappy.com/pages/stores/madhappy-east-hampton,"brand-stated: ""Now Closed"" label where present; ""Seasonal Shop"" in name",No ZIP or per-store phone published by brand — dedupe on state+city+street number.,,2026-09-05,madhappy_classified_2026-09-05.csv
Madhappy,Madhappy New York,,own-door,open,207 Mulberry Street,New York,NY,,,,https://www.madhappy.com/pages/stores/madhappy-new-york,"brand-stated: ""Now Closed"" label where present; ""Seasonal Shop"" in name",No ZIP or per-store phone published by brand — dedupe on state+city+street number.,,2026-09-05,madhappy_classified_2026-09-05.csv
Maison Margiela,South Coast Plaza,,own-door,open,3333 Bristol Street Suite 1615,Costa Mesa,CA,92626,,South Coast Plaza,https://www.maisonmargiela.com/en-us/stores,master store_type=standard (pre-recapture),,,2026-08-24,locations_2026-08-29.csv
Maison Margiela,,,own-door,open,8451 Melrose Place,Los Angeles,CA,90069,,,https://www.maisonmargiela.com/en-us/stores,master store_type=standard (pre-recapture),,,2026-08-24,locations_2026-08-29.csv
Maison Margiela,,,own-door,open,134 Maiden Lane,San Francisco,CA,94108,,,https://www.maisonmargiela.com/en-us/stores,master store_type=standard (pre-recapture),,,2026-08-24,locations_2026-08-29.csv
Maison Margiela,The Forum Shops at Caesars,,own-door,open,3500 Las Vegas Blvd. South G05,Las Vegas,NV,89109,,The Forum Shops at Caesars,https://www.maisonmargiela.com/en-us/stores,master store_type=standard (pre-recapture),,,2026-08-24,locations_2026-08-29.csv
Maison Margiela,,,own-door,open,1 Crosby Street,New York,NY,10013,,,https://www.maisonmargiela.com/en-us/stores,master store_type=standard (pre-recapture),,,2026-08-24,locations_2026-08-29.csv
Maison Margiela,NorthPark Center,,own-door,open,8687 N Central Expressway Suite B2 #215,Dallas,TX,75225,,NorthPark Center,https://www.maisonmargiela.com/en-us/stores,master store_type=standard (pre-recapture),,,2026-08-24,locations_2026-08-29.csv
Marine Layer,Kierland Commons,,own-door,open,15257 N Scottsdale Rd F1-125,Scottsdale,AZ,85254,,Kierland Commons,https://www.marinelayer.com/pages/stores,master store_type=standard (pre-recapture),,,2026-08-20,locations_2026-08-29.csv
Marine Layer,,,own-door,open,"1901 Fourth St, Ste 106",Berkeley,CA,94710,,,https://www.marinelayer.com/pages/stores,master store_type=standard (pre-recapture),,,2026-08-20,locations_2026-08-29.csv
Marine Layer,The Village at Corte Madera,,own-door,open,201 Corte Madera Town Center,Corte Madera,CA,94925,,The Village at Corte Madera,https://www.marinelayer.com/pages/stores,master store_type=standard (pre-recapture),,,2026-08-20,locations_2026-08-29.csv
Marine Layer,Westfield Century City,,own-door,open,10250 Santa Monica Blvd Store 1900,Los Angeles,CA,90067,,Westfield Century City,https://www.marinelayer.com/pages/stores,master store_type=standard (pre-recapture),,,2026-08-20,locations_2026-08-29.csv
Marine Layer,Malibu Country Mart,,own-door,open,"3854 Cross Creek Rd, Ste C",Malibu,CA,90265,,Malibu Country Mart,https://www.marinelayer.com/pages/stores,master store_type=standard (pre-recapture),,,2026-08-20,locations_2026-08-29.csv
Marine Layer,,,own-door,open,"300 Manhattan Beach Blvd, Suite B",Manhattan Beach,CA,90266,,,https://www.marinelayer.com/pages/stores,master store_type=standard (pre-recapture),,,2026-08-20,locations_2026-08-29.csv
Marine Layer,Fashion Island,,own-door,open,907 Newport Center Dr,Newport Beach,CA,92660,,Fashion Island,https://www.marinelayer.com/pages/stores,master store_type=standard (pre-recapture),,,2026-08-20,locations_2026-08-29.csv
Marine Layer,Stanford Shopping Center,,own-door,open,"855 El Camino Real, Ste 18",Palo Alto,CA,94301,,Stanford Shopping Center,https://www.marinelayer.com/pages/stores,master store_type=standard (pre-recapture),,,2026-08-20,locations_2026-08-29.csv
Marine Layer,Galleria at Roseville,,own-door,open,"1151 Galleria Blvd, Ste 1203",Roseville,CA,95678,,Galleria at Roseville,https://www.marinelayer.com/pages/stores,master store_type=standard (pre-recapture),,,2026-08-20,locations_2026-08-29.csv
Marine Layer,Westfield UTC,,own-door,open,4525 La Jolla Village Dr D21,San Diego,CA,92122,,Westfield UTC,https://www.marinelayer.com/pages/stores,master store_type=standard (pre-recapture),,,2026-08-20,locations_2026-08-29.csv
Marine Layer,Fashion Valley,,own-door,open,7007 Friars Rd Unit 932,San Diego,CA,92108,,Fashion Valley,https://www.marinelayer.com/pages/stores,master store_type=standard (pre-recapture),,,2026-08-20,locations_2026-08-29.csv
Marine Layer,,,own-door,open,2106 Chestnut St,San Francisco,CA,94123,,,https://www.marinelayer.com/pages/stores,master store_type=standard (pre-recapture),,,2026-08-20,locations_2026-08-29.csv
Marine Layer,,,own-door,open,498 Hayes St,San Francisco,CA,94102,,,https://www.marinelayer.com/pages/stores,master store_type=standard (pre-recapture),,,2026-08-20,locations_2026-08-29.csv
Marine Layer,Santana Row,,own-door,open,356 Santana Row Suite 1003,San Jose,CA,95128,,Santana Row,https://www.marinelayer.com/pages/stores,master store_type=standard (pre-recapture),,,2026-08-20,locations_2026-08-29.csv
Marine Layer,Sportsmen's Lodge,,own-door,open,4220 Coldwater Canyon Ave #132,Studio City,CA,91604,,Sportsmen's Lodge,https://www.marinelayer.com/pages/stores,master store_type=standard (pre-recapture),,,2026-08-20,locations_2026-08-29.csv
Marine Layer,,,own-door,open,1144 Abbot Kinney Blvd,Venice,CA,90291,,,https://www.marinelayer.com/pages/stores,master store_type=standard (pre-recapture),,,2026-08-20,locations_2026-08-29.csv
Marine Layer,Broadway Plaza,,own-door,open,1255 Broadway Plaza Suite C18,Walnut Creek,CA,94596,,Broadway Plaza,https://www.marinelayer.com/pages/stores,master store_type=standard (pre-recapture),,,2026-08-20,locations_2026-08-29.csv
Marine Layer,Pearl Street Mall,,own-door,open,"1102 Pearl St, Suite 101",Boulder,CO,80302,,Pearl Street Mall,https://www.marinelayer.com/pages/stores,master store_type=standard (pre-recapture),,,2026-08-20,locations_2026-08-29.csv
Marine Layer,,,own-door,open,2700 Larimer St,Denver,CO,80205,,,https://www.marinelayer.com/pages/stores,master store_type=standard (pre-recapture),,,2026-08-20,locations_2026-08-29.csv
Marine Layer,Cherry Creek Shopping Center,,own-door,open,"3000 E 1st Ave, Suite 164",Denver,CO,80206,,Cherry Creek Shopping Center,https://www.marinelayer.com/pages/stores,master store_type=standard (pre-recapture),,,2026-08-20,locations_2026-08-29.csv
Marine Layer,,,own-door,open,51 Main St,Westport,CT,06880,,,https://www.marinelayer.com/pages/stores,master store_type=standard (pre-recapture),,,2026-08-20,locations_2026-08-29.csv
Marine Layer,,,own-door,open,1627 14th St NW,Washington,DC,20009,,,https://www.marinelayer.com/pages/stores,master store_type=standard (pre-recapture),,,2026-08-20,locations_2026-08-29.csv
Marine Layer,,,own-door,open,3213 M Street NW,Washington,DC,20007,,,https://www.marinelayer.com/pages/stores,master store_type=standard (pre-recapture),,,2026-08-20,locations_2026-08-29.csv
Marine Layer,Ponce City Market,,own-door,open,"675 Ponce De Leon Ave NE, Unit C199",Atlanta,GA,30308,,Ponce City Market,https://www.marinelayer.com/pages/stores,master store_type=standard (pre-recapture),,,2026-08-20,locations_2026-08-29.csv
Marine Layer,,,own-door,open,1646 N Damen Ave,Chicago,IL,60647,,,https://www.marinelayer.com/pages/stores,master store_type=standard (pre-recapture),,,2026-08-20,locations_2026-08-29.csv
Marine Layer,,,own-door,open,825 W Armitage Ave,Chicago,IL,60614,,,https://www.marinelayer.com/pages/stores,master store_type=standard (pre-recapture),,,2026-08-20,locations_2026-08-29.csv
Marine Layer,Old Orchard,,own-door,open,"4999 Old Orchard Shopping Center, Suite A10",Skokie,IL,60077,,Old Orchard,https://www.marinelayer.com/pages/stores,master store_type=standard (pre-recapture),,,2026-08-20,locations_2026-08-29.csv
Marine Layer,Fashion Mall at Keystone,,own-door,open,"8702 Keystone Crossing, Unit 72A",Indianapolis,IN,46240,,Fashion Mall at Keystone,https://www.marinelayer.com/pages/stores,master store_type=standard (pre-recapture),,,2026-08-20,locations_2026-08-29.csv
Marine Layer,,,own-door,open,3939 Magazine St,New Orleans,LA,70115,,,https://www.marinelayer.com/pages/stores,master store_type=standard (pre-recapture),,,2026-08-20,locations_2026-08-29.csv
Marine Layer,The Prudential Center,,own-door,open,"800 Boylston Street, Suite 137",Boston,MA,02199,,The Prudential Center,https://www.marinelayer.com/pages/stores,master store_type=standard (pre-recapture),,,2026-08-20,locations_2026-08-29.csv
Marine Layer,,,own-door,open,29 Brattle St,Cambridge,MA,02138,,,https://www.marinelayer.com/pages/stores,master store_type=standard (pre-recapture),,,2026-08-20,locations_2026-08-29.csv
Marine Layer,The Street Chestnut Hill,,own-door,open,"27 Boylston Street, Suite 275",Chestnut Hill,MA,02467,,The Street Chestnut Hill,https://www.marinelayer.com/pages/stores,master store_type=standard (pre-recapture),,,2026-08-20,locations_2026-08-29.csv
Marine Layer,Legacy Place,,own-door,open,630 Legacy Place,Dedham,MA,02026,,Legacy Place,https://www.marinelayer.com/pages/stores,master store_type=standard (pre-recapture),,,2026-08-20,locations_2026-08-29.csv
Marine Layer,MarketStreet Lynnfield,,own-door,open,405 Market Street,Lynnfield,MA,01940,,MarketStreet Lynnfield,https://www.marinelayer.com/pages/stores,master store_type=standard (pre-recapture),,,2026-08-20,locations_2026-08-29.csv
Marine Layer,Bethesda Row,,own-door,open,4803 Bethesda Ave,Bethesda,MD,20814,,Bethesda Row,https://www.marinelayer.com/pages/stores,master store_type=standard (pre-recapture),,,2026-08-20,locations_2026-08-29.csv
Marine Layer,Mall of America,,own-door,open,156 West Market,Bloomington,MN,55425,,Mall of America,https://www.marinelayer.com/pages/stores,master store_type=standard (pre-recapture),,,2026-08-20,locations_2026-08-29.csv
Marine Layer,Atherton Mill,,own-door,open,"1930 Camden Rd, Ste 237",Charlotte,NC,28203,,Atherton Mill,https://www.marinelayer.com/pages/stores,master store_type=standard (pre-recapture),,,2026-08-20,locations_2026-08-29.csv
Marine Layer,The Mall at Short Hills,,own-door,open,1200 Morris Tpke Space #B-173,Short Hills,NJ,07078,,The Mall at Short Hills,https://www.marinelayer.com/pages/stores,master store_type=standard (pre-recapture),,,2026-08-20,locations_2026-08-29.csv
Marine Layer,,,own-door,open,195 Court St,Brooklyn,NY,11201,,,https://www.marinelayer.com/pages/stores,master store_type=standard (pre-recapture),,,2026-08-20,locations_2026-08-29.csv
Marine Layer,,,own-door,open,20 Prince St,New York,NY,10012,,,https://www.marinelayer.com/pages/stores,master store_type=standard (pre-recapture),,,2026-08-20,locations_2026-08-29.csv
Marine Layer,Brookfield Place,,own-door,open,"250 Vesey St, Suite 214",New York,NY,10281,,Brookfield Place,https://www.marinelayer.com/pages/stores,master store_type=standard (pre-recapture),,,2026-08-20,locations_2026-08-29.csv
Marine Layer,,,own-door,open,367 Bleecker St,New York,NY,10014,,,https://www.marinelayer.com/pages/stores,master store_type=standard (pre-recapture),,,2026-08-20,locations_2026-08-29.csv
Marine Layer,,,own-door,open,420 Columbus Ave,New York,NY,10023,,,https://www.marinelayer.com/pages/stores,master store_type=standard (pre-recapture),,,2026-08-20,locations_2026-08-29.csv
Marine Layer,Easton Town Center,,own-door,open,"4069 The Strand E, Spc 614",Columbus,OH,43219,,Easton Town Center,https://www.marinelayer.com/pages/stores,master store_type=standard (pre-recapture),,,2026-08-20,locations_2026-08-29.csv
Marine Layer,,,own-door,open,828 NW 23rd Ave,Portland,OR,97210,,,https://www.marinelayer.com/pages/stores,master store_type=standard (pre-recapture),,,2026-08-20,locations_2026-08-29.csv
Marine Layer,Bridgeport Village,,own-door,open,7373 SW Bridgeport Road C106,Tigard,OR,97224,,Bridgeport Village,https://www.marinelayer.com/pages/stores,master store_type=standard (pre-recapture),,,2026-08-20,locations_2026-08-29.csv
Marine Layer,,,own-door,open,1604 Walnut St,Philadelphia,PA,19103,,,https://www.marinelayer.com/pages/stores,master store_type=standard (pre-recapture),,,2026-08-20,locations_2026-08-29.csv
Marine Layer,,,own-door,open,292 King St,Charleston,SC,29401,,,https://www.marinelayer.com/pages/stores,master store_type=standard (pre-recapture),,,2026-08-20,locations_2026-08-29.csv
Marine Layer,The Mall at Green Hills,,own-door,open,2126 Abbott Martin Rd Space 141A,Nashville,TN,37215,,The Mall at Green Hills,https://www.marinelayer.com/pages/stores,master store_type=standard (pre-recapture),,,2026-08-20,locations_2026-08-29.csv
Marine Layer,,,own-door,open,2705 12th Ave S,Nashville,TN,37204,,,https://www.marinelayer.com/pages/stores,master store_type=standard (pre-recapture),,,2026-08-20,locations_2026-08-29.csv
Marine Layer,,,own-door,open,"1333 South Congress Ave, Ste 130",Austin,TX,78701,,,https://www.marinelayer.com/pages/stores,master store_type=standard (pre-recapture),,,2026-08-20,locations_2026-08-29.csv
Marine Layer,NorthPark Center,,own-door,open,8687 North Central Expy Space E3-790,Dallas,TX,75225,,NorthPark Center,https://www.marinelayer.com/pages/stores,master store_type=standard (pre-recapture),,,2026-08-20,locations_2026-08-29.csv
Marine Layer,,,own-door,open,645 Heights Blvd Suite 2B,Houston,TX,77007,,,https://www.marinelayer.com/pages/stores,master store_type=standard (pre-recapture),,,2026-08-20,locations_2026-08-29.csv
Marine Layer,Mosaic District,,own-door,open,2920 District Ave #140,Fairfax,VA,22031,,Mosaic District,https://www.marinelayer.com/pages/stores,master store_type=standard (pre-recapture),,,2026-08-20,locations_2026-08-29.csv
Marine Layer,Bellevue Square,,own-door,open,"128 Bellevue Square, Suite 170",Bellevue,WA,98004,,Bellevue Square,https://www.marinelayer.com/pages/stores,master store_type=standard (pre-recapture),,,2026-08-20,locations_2026-08-29.csv
Marine Layer,University Village,,own-door,open,2624 NE Village Ln,Seattle,WA,98105,,University Village,https://www.marinelayer.com/pages/stores,master store_type=standard (pre-recapture),,,2026-08-20,locations_2026-08-29.csv
Marine Layer,,,own-door,open,319 East Pine St,Seattle,WA,98122,,,https://www.marinelayer.com/pages/stores,master store_type=standard (pre-recapture),,,2026-08-20,locations_2026-08-29.csv
Massimo Dutti,Aventura Mall,,own-door,open,19501 Biscayne Blvd,Aventura,FL,33180,,Aventura Mall,https://wwd.com/fashion-news/fashion-scoops/massimo-dutti-u-s-market-store-aventura-fla-inditex-1236718323/,master store_type=standard (pre-recapture),,,2026-08-24,locations_2026-08-29.csv
McQueen,,,own-door,open,457 North Rodeo Drive,Beverly Hills,CA,90210,,,https://www.alexandermcqueen.com/en-us/stores,master store_type=standard (pre-recapture),,,2026-08-24,locations_2026-08-29.csv
McQueen,South Coast Plaza,,own-door,open,"3333 Bristol St, Suite 2516",Costa Mesa,CA,92626,,South Coast Plaza,https://www.alexandermcqueen.com/en-us/stores,master store_type=standard (pre-recapture),,,2026-08-24,locations_2026-08-29.csv
McQueen,Miami Design District,,own-door,open,146 NE 41st Street,Miami,FL,33137,,Miami Design District,https://www.alexandermcqueen.com/en-us/stores,master store_type=standard (pre-recapture),,,2026-08-24,locations_2026-08-29.csv
McQueen,Phipps Plaza,,own-door,open,"3500 Peachtree Rd NE, Suite 1055D",Atlanta,GA,30326,,Phipps Plaza,https://www.alexandermcqueen.com/en-us/stores,master store_type=standard (pre-recapture),,,2026-08-24,locations_2026-08-29.csv
McQueen,Copley Place,,own-door,open,"100 Huntington Ave, Suite D024C",Boston,MA,02116,,Copley Place,https://www.alexandermcqueen.com/en-us/stores,master store_type=standard (pre-recapture),,,2026-08-24,locations_2026-08-29.csv
McQueen,Wynn Las Vegas,,own-door,open,3131 Las Vegas Boulevard South,Las Vegas,NV,89109,,Wynn Las Vegas,https://www.alexandermcqueen.com/en-us/stores,master store_type=standard (pre-recapture),,,2026-08-24,locations_2026-08-29.csv
McQueen,The Shops at Crystals,,own-door,open,"3720 South Las Vegas Boulevard, 140A",Las Vegas,NV,89158,,The Shops at Crystals,https://www.alexandermcqueen.com/en-us/stores,master store_type=standard (pre-recapture),,,2026-08-24,locations_2026-08-29.csv
McQueen,,,own-door,open,600 Madison Avenue,New York,NY,10022,,,https://www.alexandermcqueen.com/en-us/stores,master store_type=standard (pre-recapture),,,2026-08-24,locations_2026-08-29.csv
Missoni,Aventura Mall,,own-door,open,19501 Biscayne Blvd,Aventura,FL,33180,,Aventura Mall,https://www.missoni.com/us/store-locator,master store_type=standard (pre-recapture),,,2026-08-24,locations_2026-08-29.csv
Missoni,Miami Design District,,own-door,open,"112 NE 41st Street, Suite 106",Miami,FL,33137,,Miami Design District,https://www.missoni.com/us/store-locator,master store_type=standard (pre-recapture),,,2026-08-24,locations_2026-08-29.csv
Missoni,,,own-door,open,2777 South Las Vegas Blvd,Las Vegas,NV,89109,,,https://www.missoni.com/us/store-locator,master store_type=standard (pre-recapture),,,2026-08-24,locations_2026-08-29.csv
Missoni,,,own-door,open,787 Madison Avenue,New York,NY,10065,,,https://www.missoni.com/us/store-locator,master store_type=standard (pre-recapture),,,2026-08-24,locations_2026-08-29.csv
Moncler,,,own-door,open,340 North Rodeo Drive,Beverly Hills,CA,90210,,,https://www.moncler.com/en-us/store-locator,master store_type=standard (pre-recapture),,,2026-08-24,locations_2026-08-29.csv
Moncler,,,own-door,open,3333 Bristol Street Suite 2648,Costa Mesa,CA,92626,,,https://www.moncler.com/en-us/store-locator,master store_type=standard (pre-recapture),,,2026-08-24,locations_2026-08-29.csv
Moncler,,,own-door,open,212 Stockton Street,San Francisco,CA,94108,,,https://www.moncler.com/en-us/store-locator,master store_type=standard (pre-recapture),,,2026-08-24,locations_2026-08-29.csv
Moncler,,,own-door,open,432 E Hyman Avenue,Aspen,CO,81611,,,https://www.moncler.com/en-us/store-locator,master store_type=standard (pre-recapture),,,2026-08-24,locations_2026-08-29.csv
Moncler,,,own-door,open,501 E Hyman Ave,Aspen,CO,81611,,,https://www.moncler.com/en-us/store-locator,master store_type=standard (pre-recapture),,,2026-08-24,locations_2026-08-29.csv
Moncler,,,own-door,open,141 E. Meadow Dr. 112,Vail,CO,81657,,,https://www.moncler.com/en-us/store-locator,master store_type=standard (pre-recapture),,,2026-08-24,locations_2026-08-29.csv
Moncler,,,own-door,open,913 Palmer Alley NW,Washington,DC,20001,,,https://www.moncler.com/en-us/store-locator,master store_type=standard (pre-recapture),,,2026-08-24,locations_2026-08-29.csv
Moncler,,,own-door,open,19501 Biscayne Blvd K-1971,Aventura,FL,33180,,,https://www.moncler.com/en-us/store-locator,master store_type=standard (pre-recapture),,,2026-08-24,locations_2026-08-29.csv
Moncler,,,own-door,open,9700 Collins Ave Suite 116,Bal Harbour,FL,33154,,,https://www.moncler.com/en-us/store-locator,master store_type=standard (pre-recapture),,,2026-08-24,locations_2026-08-29.csv
Moncler,,,own-door,open,6000 Glades Rd Suite 1063,Boca Raton,FL,33431,,,https://www.moncler.com/en-us/store-locator,master store_type=standard (pre-recapture),,,2026-08-24,locations_2026-08-29.csv
Moncler,,,own-door,open,132 NE 39th Street,Miami,FL,33137,,,https://www.moncler.com/en-us/store-locator,master store_type=standard (pre-recapture),,,2026-08-24,locations_2026-08-29.csv
Moncler,,,own-door,open,3393 Peachtree Rd NE Suite #3036B,Atlanta,GA,30326,,,https://www.moncler.com/en-us/store-locator,master store_type=standard (pre-recapture),,,2026-08-24,locations_2026-08-29.csv
Moncler,,,own-door,open,1450 Ala Moana Boulevard Suite 2049,Honolulu,HI,96814,,,https://www.moncler.com/en-us/store-locator,master store_type=standard (pre-recapture),,,2026-08-24,locations_2026-08-29.csv
Moncler,,,own-door,open,2301 Kalakaua Avenue C103,Honolulu,HI,96815,,,https://www.moncler.com/en-us/store-locator,master store_type=standard (pre-recapture),,,2026-08-24,locations_2026-08-29.csv
Moncler,,,own-door,open,59 East Oak Street,Chicago,IL,60611,,,https://www.moncler.com/en-us/store-locator,master store_type=standard (pre-recapture),,,2026-08-24,locations_2026-08-29.csv
Moncler,,,own-door,open,206 Oakbrook Center Suite 206,Oak Brook,IL,60523,,,https://www.moncler.com/en-us/store-locator,master store_type=standard (pre-recapture),,,2026-08-24,locations_2026-08-29.csv
Moncler,,,own-door,open,100 Huntington Avenue Suite B006,Boston,MA,02116,,,https://www.moncler.com/en-us/store-locator,master store_type=standard (pre-recapture),,,2026-08-24,locations_2026-08-29.csv
Moncler,,,own-door,open,2801 West Big Beaver Road Suite C109 R6,Troy,MI,48084,,,https://www.moncler.com/en-us/store-locator,master store_type=standard (pre-recapture),,,2026-08-24,locations_2026-08-29.csv
Moncler,,,own-door,open,10 Southdale CTR Suite 2700A,Edina,MN,55435,,,https://www.moncler.com/en-us/store-locator,master store_type=standard (pre-recapture),,,2026-08-24,locations_2026-08-29.csv
Moncler,,,own-door,open,3121 Las Vegas Boulevard South Suite 1/A,Las Vegas,NV,89109,,,https://www.moncler.com/en-us/store-locator,master store_type=standard (pre-recapture),,,2026-08-24,locations_2026-08-29.csv
Moncler,,,own-door,open,3500 Las Vegas Boulevard South Suite C02,Las Vegas,NV,89109,,,https://www.moncler.com/en-us/store-locator,master store_type=standard (pre-recapture),,,2026-08-24,locations_2026-08-29.csv
Moncler,,,own-door,open,3720 Las Vegas Blvd S Suite 156,Las Vegas,NV,89158,,,https://www.moncler.com/en-us/store-locator,master store_type=standard (pre-recapture),,,2026-08-24,locations_2026-08-29.csv
Moncler,,,own-door,open,650 Madison Avenue,New York,NY,10022,,,https://www.moncler.com/en-us/store-locator,master store_type=standard (pre-recapture),,,2026-08-24,locations_2026-08-29.csv
Moncler,,,own-door,open,99 Prince Street,New York,NY,10012,,,https://www.moncler.com/en-us/store-locator,master store_type=standard (pre-recapture),,,2026-08-24,locations_2026-08-29.csv
Moncler,,,own-door,open,160 N Gulph Road Space 209,King of Prussia,PA,19406,,,https://www.moncler.com/en-us/store-locator,master store_type=standard (pre-recapture),,,2026-08-24,locations_2026-08-29.csv
Moncler,,,own-door,open,11601 Century Oaks Terrace Suite 125,Austin,TX,78758,,,https://www.moncler.com/en-us/store-locator,master store_type=standard (pre-recapture),,,2026-08-24,locations_2026-08-29.csv
Moncler,,,own-door,open,11 Highland Park Village,Highland Park,TX,75205,,,https://www.moncler.com/en-us/store-locator,master store_type=standard (pre-recapture),,,2026-08-24,locations_2026-08-29.csv
Moncler,,,own-door,open,5015 Westheimer RD Suite A2435,Houston,TX,77056,,,https://www.moncler.com/en-us/store-locator,master store_type=standard (pre-recapture),,,2026-08-24,locations_2026-08-29.csv
Moncler,,,own-door,open,700 110th Ave NE Suite 175,Bellevue,WA,98004,,,https://www.moncler.com/en-us/store-locator,master store_type=standard (pre-recapture),,,2026-08-24,locations_2026-08-29.csv
NN07,,,own-door,open,276 Lafayette St,New York,NY,10012,,,https://www.nn07.com/en/us/stores,master store_type=flagship (pre-recapture),,,2026-08-24,locations_2026-08-29.csv
Officine Générale,,,own-door,open,"927 N Sycamore Ave, Suite C1",Los Angeles,CA,90038,,,https://www.officinegenerale.com/en/stores,master store_type=standard (pre-recapture),,,2026-08-24,locations_2026-08-29.csv
Officine Générale,Palisades Village,,own-door,open,15213 Palisades Village Lane,Pacific Palisades,CA,90272,,Palisades Village,https://www.officinegenerale.com/en/stores,master store_type=standard (pre-recapture),,,2026-08-24,locations_2026-08-29.csv
Officine Générale,,,own-door,open,220 Lafayette Street,New York,NY,10012,,,https://www.officinegenerale.com/en/stores,master store_type=standard (pre-recapture),,,2026-08-24,locations_2026-08-29.csv
Outerknown,The Forum Carlsbad,,own-door,open,"1923 Calle Barcelona, Suite 141",Carlsbad,CA,92009,,The Forum Carlsbad,https://www.outerknown.com/pages/our-stores,master store_type=standard (pre-recapture),,,2026-08-24,locations_2026-08-29.csv
Outerknown,The Point,,own-door,open,"830 S. Pacific Coast Highway, Suite D106",El Segundo,CA,90245,,The Point,https://www.outerknown.com/pages/our-stores,master store_type=standard (pre-recapture),,,2026-08-24,locations_2026-08-29.csv
Outerknown,Marin Country Mart,,own-door,open,"1009 Larkspur Landing Circle, Suite 5A",Larkspur,CA,94939,,Marin Country Mart,https://www.outerknown.com/pages/our-stores,master store_type=standard (pre-recapture),,,2026-08-24,locations_2026-08-29.csv
Outerknown,Malibu Country Mart,,own-door,open,"3835 Cross Creek Road, Suite #9",Malibu,CA,90265,,Malibu Country Mart,https://www.outerknown.com/pages/our-stores,master store_type=standard (pre-recapture),,,2026-08-24,locations_2026-08-29.csv
Outerknown,Stanford Shopping Center,,own-door,open,"180 El Camino Real, Space 11",Palo Alto,CA,94304,,Stanford Shopping Center,https://www.outerknown.com/pages/our-stores,master store_type=standard (pre-recapture),,,2026-08-24,locations_2026-08-29.csv
PAIGE,Scottsdale Quarter,,own-door,open,15125 N. Scottsdale Rd. Suite L1-150,Scottsdale,AZ,85254,,Scottsdale Quarter,https://paige.com/stores,master store_type=standard (pre-recapture),,,2026-08-23,locations_2026-08-29.csv
PAIGE,The Grove,,own-door,open,189 The Grove Drive Suite Q-60,Los Angeles,CA,90036,,The Grove,https://paige.com/stores,master store_type=standard (pre-recapture),,,2026-08-23,locations_2026-08-29.csv
PAIGE,Malibu Country Mart,,own-door,open,3835 Cross Creek Road Suite A,Malibu,CA,90265,,Malibu Country Mart,https://paige.com/stores,master store_type=standard (pre-recapture),,,2026-08-23,locations_2026-08-29.csv
PAIGE,Metlox Plaza,,own-door,open,451 Manhattan Beach Blvd Space 114,Manhattan Beach,CA,90266,,Metlox Plaza,https://paige.com/stores,master store_type=standard (pre-recapture),,,2026-08-23,locations_2026-08-29.csv
PAIGE,Fashion Island,,own-door,open,567 Newport Center Dr.,Newport Beach,CA,92660,,Fashion Island,https://paige.com/stores,master store_type=standard (pre-recapture),,,2026-08-23,locations_2026-08-29.csv
PAIGE,Palisades Village,,own-door,open,1051 N. Swarthmore Ave Space 1-104,Pacific Palisades,CA,90272,,Palisades Village,https://paige.com/stores,master store_type=standard (pre-recapture),,,2026-08-23,locations_2026-08-29.csv
PAIGE,Westfield UTC,,own-door,open,4307 La Jolla Village Drive,San Diego,CA,92122,,Westfield UTC,https://paige.com/stores,master store_type=standard (pre-recapture),,,2026-08-23,locations_2026-08-29.csv
PAIGE,,,own-door,open,2237 Fillmore Street,San Francisco,CA,94115,,,https://paige.com/stores,master store_type=standard (pre-recapture),,,2026-08-23,locations_2026-08-29.csv
PAIGE,Santana Row,,own-door,open,333 Santana Row Suite 1035,San Jose,CA,95128,,Santana Row,https://paige.com/stores,master store_type=standard (pre-recapture),,,2026-08-23,locations_2026-08-29.csv
PAIGE,Hyde Park Village,,own-door,open,1517 W. Swann Ave,Tampa,FL,33606,,Hyde Park Village,https://paige.com/stores,master store_type=standard (pre-recapture),,,2026-08-23,locations_2026-08-29.csv
PAIGE,,,own-door,open,411 Bleecker St,New York,NY,10014,,,https://paige.com/stores,master store_type=standard (pre-recapture),,,2026-08-23,locations_2026-08-29.csv
PAIGE,,,own-door,open,460 Broome Street,New York,NY,10013,,,https://paige.com/stores,master store_type=standard (pre-recapture),,,2026-08-23,locations_2026-08-29.csv
PAIGE,,,own-door,open,869 Washington St,New York,NY,10014,,,https://paige.com/stores,master store_type=standard (pre-recapture),,,2026-08-23,locations_2026-08-29.csv
PAIGE,,,own-door,open,958 Madison Avenue,New York,NY,10021,,,https://paige.com/stores,master store_type=standard (pre-recapture),,,2026-08-23,locations_2026-08-29.csv
PAIGE,,,own-door,open,369 King Street,Charleston,SC,29401,,,https://paige.com/stores,master store_type=standard (pre-recapture),,,2026-08-23,locations_2026-08-29.csv
PAIGE,,,own-door,open,2803 12th Ave South Suite #107,Nashville,TN,37204,,,https://paige.com/stores,master store_type=standard (pre-recapture),,,2026-08-23,locations_2026-08-29.csv
PAIGE,Domain Northside,,own-door,open,11700 Domain Blvd Suite 138,Austin,TX,78758,,Domain Northside,https://paige.com/stores,master store_type=standard (pre-recapture),,,2026-08-23,locations_2026-08-29.csv
PAIGE,,,own-door,open,1712 South Congress Ave,Austin,TX,78704,,,https://paige.com/stores,master store_type=standard (pre-recapture),,,2026-08-23,locations_2026-08-29.csv
PAIGE,Montrose Collective,,own-door,open,888 Westheimer Road Suite 159,Houston,TX,77006,,Montrose Collective,https://paige.com/stores,master store_type=standard (pre-recapture),,,2026-08-23,locations_2026-08-29.csv
PAIGE,Legacy West,,own-door,open,7701 Windrose Avenue F180,Plano,TX,75024,,Legacy West,https://paige.com/stores,master store_type=standard (pre-recapture),,,2026-08-23,locations_2026-08-29.csv
Patagonia,,,own-door,open,2185 San Elijo Ave.,Cardiff-by-the-Sea,CA,92007,,,https://www.patagonia.com/stores/,master store_type=standard (pre-recapture),,,2026-08-23,locations_2026-08-29.csv
Patagonia,,,own-door,open,525 Alma St.,Palo Alto,CA,94301,,,https://www.patagonia.com/stores/,master store_type=standard (pre-recapture),,,2026-08-23,locations_2026-08-29.csv
Patagonia,,,own-door,open,47 N Fair Oaks Ave.,Pasadena,CA,91103,,,https://www.patagonia.com/stores/,master store_type=standard (pre-recapture),,,2026-08-23,locations_2026-08-29.csv
Patagonia,,,own-door,open,770 North Point,San Francisco,CA,94109,,,https://www.patagonia.com/stores/,master store_type=standard (pre-recapture),,,2026-08-23,locations_2026-08-29.csv
Patagonia,,,own-door,open,1345 3rd St,Santa Monica,CA,90401,,,https://www.patagonia.com/stores/,master store_type=standard (pre-recapture),,,2026-08-23,locations_2026-08-29.csv
Patagonia,,,own-door,open,235 W Santa Clara St,Ventura,CA,93001,,,https://www.patagonia.com/stores/,master store_type=standard (pre-recapture),,,2026-08-23,locations_2026-08-29.csv
Patagonia,,,own-door,open,1630 Pearl St.,Boulder,CO,80302,,,https://www.patagonia.com/stores/,master store_type=standard (pre-recapture),,,2026-08-23,locations_2026-08-29.csv
Patagonia,,,own-door,open,2600 Walnut St,Denver,CO,80205,,,https://www.patagonia.com/stores/,master store_type=standard (pre-recapture),,,2026-08-23,locations_2026-08-29.csv
Patagonia,,,own-door,open,200 W Colorado Ave,Telluride,CO,81435,,,https://www.patagonia.com/stores/,master store_type=standard (pre-recapture),,,2026-08-23,locations_2026-08-29.csv
Patagonia,,,own-door,open,124 Krog St NE,Atlanta,GA,30307,,,https://www.patagonia.com/stores/,master store_type=standard (pre-recapture),,,2026-08-23,locations_2026-08-29.csv
Patagonia,,,own-door,open,34 E. Andrews Dr.,Atlanta,GA,30305,,,https://www.patagonia.com/stores/,master store_type=standard (pre-recapture),,,2026-08-23,locations_2026-08-29.csv
Patagonia,,,own-door,open,66-250 Kamehameha Hwy,Haleiwa,HI,96712,,,https://www.patagonia.com/stores/,master store_type=standard (pre-recapture),,,2026-08-23,locations_2026-08-29.csv
Patagonia,,,own-door,open,66-252 Kamehameha Hwy,Haleiwa,HI,96712,,,https://www.patagonia.com/stores/,master store_type=standard (pre-recapture),,,2026-08-23,locations_2026-08-29.csv
Patagonia,,,own-door,open,535 Ward Ave.,Honolulu,HI,96814,,,https://www.patagonia.com/stores/,master store_type=standard (pre-recapture),,,2026-08-23,locations_2026-08-29.csv
Patagonia,,,own-door,open,1115 West Fulton Market,Chicago,IL,60607,,,https://www.patagonia.com/stores/,master store_type=standard (pre-recapture),,,2026-08-23,locations_2026-08-29.csv
Patagonia,,,own-door,open,48 E. Walton St.,Chicago,IL,60611,,,https://www.patagonia.com/stores/,master store_type=standard (pre-recapture),,,2026-08-23,locations_2026-08-29.csv
Patagonia,,,own-door,open,346 Newbury St.,Boston,MA,02115,,,https://www.patagonia.com/stores/,master store_type=standard (pre-recapture),,,2026-08-23,locations_2026-08-29.csv
Patagonia,,,own-door,open,39 Brattle St.,Cambridge,MA,02138,,,https://www.patagonia.com/stores/,master store_type=standard (pre-recapture),,,2026-08-23,locations_2026-08-29.csv
Patagonia,,,own-door,open,1648 Grand Ave.,St. Paul,MN,55105,,,https://www.patagonia.com/stores/,master store_type=standard (pre-recapture),,,2026-08-23,locations_2026-08-29.csv
Patagonia,,,own-door,open,101 W. Worthington Avenue Suite 180,Charlotte,NC,28203,,,https://www.patagonia.com/stores/,master store_type=standard (pre-recapture),,,2026-08-23,locations_2026-08-29.csv
Patagonia,,,own-door,open,70 N 6th St,Brooklyn,NY,11249,,,https://www.patagonia.com/stores/,master store_type=standard (pre-recapture),,,2026-08-23,locations_2026-08-29.csv
Patagonia,,,own-door,open,426 Columbus Ave.,New York,NY,10024,,,https://www.patagonia.com/stores/,master store_type=standard (pre-recapture),,,2026-08-23,locations_2026-08-29.csv
Patagonia,,,own-door,open,61-63 Crosby St,New York,NY,10012,,,https://www.patagonia.com/stores/,master store_type=standard (pre-recapture),,,2026-08-23,locations_2026-08-29.csv
Patagonia,,,own-door,open,1106 West Burnside Ave.,Portland,OR,97209,,,https://www.patagonia.com/stores/,master store_type=standard (pre-recapture),,,2026-08-23,locations_2026-08-29.csv
Patagonia,,,own-door,open,61 Anderson Ave,Ardmore,PA,19003,,,https://www.patagonia.com/stores/,master store_type=standard (pre-recapture),,,2026-08-23,locations_2026-08-29.csv
Patagonia,,,own-door,open,5509 Walnut St.,Pittsburgh,PA,15232,,,https://www.patagonia.com/stores/,master store_type=standard (pre-recapture),,,2026-08-23,locations_2026-08-29.csv
Patagonia,,,own-door,open,601 Overton St.,Nashville,TN,37203,,,https://www.patagonia.com/stores/,master store_type=standard (pre-recapture),,,2026-08-23,locations_2026-08-29.csv
Patagonia,,,own-door,open,316 Congress Avenue,Austin,TX,78701,,,https://www.patagonia.com/stores/,master store_type=standard (pre-recapture),,,2026-08-23,locations_2026-08-29.csv
Patagonia,,,own-door,open,815 ½ King St,Alexandria,VA,22314,,,https://www.patagonia.com/stores/,master store_type=standard (pre-recapture),,,2026-08-23,locations_2026-08-29.csv
Patagonia,,,own-door,open,2100 First Ave.,Seattle,WA,98121,,,https://www.patagonia.com/stores/,master store_type=standard (pre-recapture),,,2026-08-23,locations_2026-08-29.csv
Patrick James,,,own-door,open,7538 Soquel Drive,Aptos,CA,95003,,,https://patrickjames.com/pages/store-locations,master store_type=standard (pre-recapture),,,2026-08-24,locations_2026-08-29.csv
Patrick James,,,own-door,open,3744 The Barnyard,Carmel,CA,93923,,,https://patrickjames.com/pages/store-locations,master store_type=standard (pre-recapture),,,2026-08-24,locations_2026-08-29.csv
Patrick James,,,own-door,open,"200 Railroad Avenue, Suite E",Danville,CA,94526,,,https://patrickjames.com/pages/store-locations,master store_type=standard (pre-recapture),,,2026-08-24,locations_2026-08-29.csv
Patrick James,,,own-door,open,"2650 Via De La Valle, Suite C240",Del Mar,CA,92014,,,https://patrickjames.com/pages/store-locations,master store_type=standard (pre-recapture),,,2026-08-24,locations_2026-08-29.csv
Patrick James,,,own-door,open,"350 Palladio Parkway, Suite 1909",Folsom,CA,95630,,,https://patrickjames.com/pages/store-locations,master store_type=standard (pre-recapture),,,2026-08-24,locations_2026-08-29.csv
Patrick James,,,own-door,open,780 W Shaw Ave,Fresno,CA,93704,,,https://patrickjames.com/pages/store-locations,master store_type=standard (pre-recapture),,,2026-08-24,locations_2026-08-29.csv
Patrick James,,,own-door,open,103 Plaza St.,Healdsburg,CA,95448,,,https://patrickjames.com/pages/store-locations,master store_type=standard (pre-recapture),,,2026-08-24,locations_2026-08-29.csv
Patrick James,,,own-door,open,"641 Higuera St, Suite 100",San Luis Obispo,CA,93401,,,https://patrickjames.com/pages/store-locations,master store_type=standard (pre-recapture),,,2026-08-24,locations_2026-08-29.csv
Patrick James,,,own-door,open,2340 Sonoma Ave.,Santa Rosa,CA,95405,,,https://patrickjames.com/pages/store-locations,master store_type=standard (pre-recapture),,,2026-08-24,locations_2026-08-29.csv
Paul Smith,,,own-door,open,8221 Melrose Avenue,Los Angeles,CA,90046,,,https://www.paulsmith.com/us/stores,master store_type=standard (pre-recapture),,,2026-08-24,locations_2026-08-29.csv
Paul Smith,,,own-door,open,463 Jackson St,San Francisco,CA,94111,,,https://www.paulsmith.com/us/stores,master store_type=standard (pre-recapture),,,2026-08-24,locations_2026-08-29.csv
Paul Smith,,,own-door,open,88 Wooster Street,New York,NY,10012,,,https://www.paulsmith.com/us/stores,master store_type=standard (pre-recapture),,,2026-08-24,locations_2026-08-29.csv
Paul Smith,,,own-door,open,929 Madison Avenue,New York,NY,10021,,,https://www.paulsmith.com/us/stores,master store_type=standard (pre-recapture),,,2026-08-24,locations_2026-08-29.csv
Peter Millar,The Summit,,own-door,open,"205 Summit Boulevard, Suite 400",Birmingham,AL,35243,,The Summit,https://stores.petermillar.com,master store_type=standard (pre-recapture),,,2026-08-23,locations_2026-08-29.csv
Peter Millar,Scottsdale Quarter,,own-door,open,"15125 N. Scottsdale Road, Suite 110",Scottsdale,AZ,85254,,Scottsdale Quarter,https://stores.petermillar.com,master store_type=standard (pre-recapture),,,2026-08-23,locations_2026-08-29.csv
Peter Millar,Fashion Island,,own-door,open,925 Newport Center Drive,Newport Beach,CA,92660,,Fashion Island,https://stores.petermillar.com,master store_type=standard (pre-recapture),,,2026-08-23,locations_2026-08-29.csv
Peter Millar,Westfield UTC,,own-door,open,"4305 La Jolla Village Dr, Suite 2470",San Diego,CA,92122,,Westfield UTC,https://stores.petermillar.com,master store_type=standard (pre-recapture),,,2026-08-23,locations_2026-08-29.csv
Peter Millar,The Broadmoor,,own-door,open,1 Lake Avenue,Colorado Springs,CO,80906,,The Broadmoor,https://stores.petermillar.com,master store_type=standard (pre-recapture),,,2026-08-23,locations_2026-08-29.csv
Peter Millar,Cherry Creek North,,own-door,open,"250 Columbine Street, Suite 120",Denver,CO,80206,,Cherry Creek North,https://stores.petermillar.com,master store_type=standard (pre-recapture),,,2026-08-23,locations_2026-08-29.csv
Peter Millar,Grand Boulevard at Sandestin,,own-door,open,"440 Grand Blvd, #102",Miramar Beach,FL,32550,,Grand Boulevard at Sandestin,https://stores.petermillar.com,master store_type=standard (pre-recapture),,,2026-08-23,locations_2026-08-29.csv
Peter Millar,,,own-door,open,256 Worth Avenue,Palm Beach,FL,33480,,,https://stores.petermillar.com,master store_type=standard (pre-recapture),,,2026-08-23,locations_2026-08-29.csv
Peter Millar,Hyde Park Village,,own-door,open,"1623 West Snow Avenue, Suite E2",Tampa,FL,33606,,Hyde Park Village,https://stores.petermillar.com,master store_type=standard (pre-recapture),,,2026-08-23,locations_2026-08-29.csv
Peter Millar,Avalon,,own-door,open,5180 Avalon Boulevard,Alpharetta,GA,30009,,Avalon,https://stores.petermillar.com,master store_type=standard (pre-recapture),,,2026-08-23,locations_2026-08-29.csv
Peter Millar,,,own-door,open,877 N Rush Street,Chicago,IL,60611,,,https://stores.petermillar.com,master store_type=standard (pre-recapture),,,2026-08-23,locations_2026-08-29.csv
Peter Millar,Plaza del Lago,,own-door,open,"1515 Sheridan Rd, #3",Wilmette,IL,60091,,Plaza del Lago,https://stores.petermillar.com,master store_type=standard (pre-recapture),,,2026-08-23,locations_2026-08-29.csv
Peter Millar,,,own-door,open,45 Northern Ave,Boston,MA,02210,,,https://stores.petermillar.com,master store_type=standard (pre-recapture),,,2026-08-23,locations_2026-08-29.csv
Peter Millar,Phillips Place,,own-door,open,"6815 Phillips Place Court, Suite F",Charlotte,NC,28210,,Phillips Place,https://stores.petermillar.com,master store_type=standard (pre-recapture),,,2026-08-23,locations_2026-08-29.csv
Peter Millar,North Hills,,own-door,open,"4361 Lassiter at North Hills, Suite C 100",Raleigh,NC,27609,,North Hills,https://stores.petermillar.com,master store_type=standard (pre-recapture),,,2026-08-23,locations_2026-08-29.csv
Peter Millar,,,own-door,open,645 Madison Avenue,New York,NY,10022,,,https://stores.petermillar.com,master store_type=standard (pre-recapture),,,2026-08-23,locations_2026-08-29.csv
Peter Millar,,,own-door,open,5 Main Street,Southampton,NY,11968,,,https://stores.petermillar.com,master store_type=standard (pre-recapture),,,2026-08-23,locations_2026-08-29.csv
Peter Millar,Easton Town Center,,own-door,open,4172 The Strand,Columbus,OH,43219,,Easton Town Center,https://stores.petermillar.com,master store_type=standard (pre-recapture),,,2026-08-23,locations_2026-08-29.csv
Peter Millar,,,own-door,open,201 Franklin Road,Brentwood,TN,37027,,,https://stores.petermillar.com,master store_type=standard (pre-recapture),,,2026-08-23,locations_2026-08-29.csv
Peter Millar,Domain Northside,,own-door,open,"11410 Century Oaks Terrace, Suite 114",Austin,TX,78758,,Domain Northside,https://stores.petermillar.com,master store_type=standard (pre-recapture),,,2026-08-23,locations_2026-08-29.csv
Peter Millar,Highland Park Village,,own-door,open,54 Highland Park Village,Dallas,TX,75205,,Highland Park Village,https://stores.petermillar.com,master store_type=standard (pre-recapture),,,2026-08-23,locations_2026-08-29.csv
Peter Millar,,,own-door,open,4029 Westheimer Rd,Houston,TX,77027,,,https://stores.petermillar.com,master store_type=standard (pre-recapture),,,2026-08-23,locations_2026-08-29.csv
Peter Millar,Legacy West,,own-door,open,"7701 Windrose Avenue, F150",Plano,TX,75024,,Legacy West,https://stores.petermillar.com,master store_type=standard (pre-recapture),,,2026-08-23,locations_2026-08-29.csv
Peter Millar,Tysons Galleria,,own-door,open,"2001 International Dr, B18",McLean,VA,22102,,Tysons Galleria,https://stores.petermillar.com,master store_type=standard (pre-recapture),,,2026-08-23,locations_2026-08-29.csv
Prada,,,own-door,open,"7014 East Camelback Road, Suite 1065",Scottsdale,AZ,85251,,,https://www.prada.com/us/en/store-locator.html,master store_type=standard (pre-recapture),,,2026-08-24,locations_2026-08-29.csv
Prada,,,own-door,open,343 North Rodeo Drive,Beverly Hills,CA,90210,,,https://www.prada.com/us/en/store-locator.html,master store_type=standard (pre-recapture),,,2026-08-24,locations_2026-08-29.csv
Prada,,,own-door,open,6600 Topanga Canyon Boulevard,Canoga Park,CA,91303,,,https://www.prada.com/us/en/store-locator.html,master store_type=standard (pre-recapture),,,2026-08-24,locations_2026-08-29.csv
Prada,,,own-door,open,"3333 Bristol Street, Suite 2623",Costa Mesa,CA,92626,,,https://www.prada.com/us/en/store-locator.html,master store_type=standard (pre-recapture),,,2026-08-24,locations_2026-08-29.csv
Prada,,,own-door,open,"8500 Beverly Blvd, Suite 739",Los Angeles,CA,90048,,,https://www.prada.com/us/en/store-locator.html,master store_type=standard (pre-recapture),,,2026-08-24,locations_2026-08-29.csv
Prada,,,own-door,open,"7007 Friars Road, Suite 343A",San Diego,CA,92108,,,https://www.prada.com/us/en/store-locator.html,master store_type=standard (pre-recapture),,,2026-08-24,locations_2026-08-29.csv
Prada,,,own-door,open,"2855 Stevens Creek Boulevard, Suite A241",Santa Clara,CA,95050,,,https://www.prada.com/us/en/store-locator.html,master store_type=standard (pre-recapture),,,2026-08-24,locations_2026-08-29.csv
Prada,,,own-door,open,312 South Galena Street,Aspen,CO,81611,,,https://www.prada.com/us/en/store-locator.html,master store_type=standard (pre-recapture),,,2026-08-24,locations_2026-08-29.csv
Prada,,,own-door,open,"19575 Biscayne Boulevard, space 559",Aventura,FL,33180,,,https://www.prada.com/us/en/store-locator.html,master store_type=standard (pre-recapture),,,2026-08-24,locations_2026-08-29.csv
Prada,,,own-door,open,"9700 Collins Avenue, Suite 180/182",Bal Harbour,FL,33154,,,https://www.prada.com/us/en/store-locator.html,master store_type=standard (pre-recapture),,,2026-08-24,locations_2026-08-29.csv
Prada,,,own-door,open,152 North East 41st Street,Miami,FL,33137,,,https://www.prada.com/us/en/store-locator.html,master store_type=standard (pre-recapture),,,2026-08-24,locations_2026-08-29.csv
Prada,,,own-door,open,"4200 Conroy Road, Suite P279",Orlando,FL,32839,,,https://www.prada.com/us/en/store-locator.html,master store_type=standard (pre-recapture),,,2026-08-24,locations_2026-08-29.csv
Prada,,,own-door,open,"3393 Peachtree Road NE, Lenox Square",Atlanta,GA,30326,,,https://www.prada.com/us/en/store-locator.html,master store_type=standard (pre-recapture),,,2026-08-24,locations_2026-08-29.csv
Prada,,,own-door,open,"1450 Ala Moana Boulevard, Suite 2075",Honolulu,HI,96814,,,https://www.prada.com/us/en/store-locator.html,master store_type=standard (pre-recapture),,,2026-08-24,locations_2026-08-29.csv
Prada,,,own-door,open,"1450 Ala Moana Boulevard, Suite 2086",Honolulu,HI,96814,,,https://www.prada.com/us/en/store-locator.html,master store_type=standard (pre-recapture),,,2026-08-24,locations_2026-08-29.csv
Prada,,,own-door,open,2174 Kalakaua Avenue,Honolulu,HI,96815,,,https://www.prada.com/us/en/store-locator.html,master store_type=standard (pre-recapture),,,2026-08-24,locations_2026-08-29.csv
Prada,,,own-door,open,"3750 Wailea Alanui Drive, Suite EW-24",Wailea,HI,96753,,,https://www.prada.com/us/en/store-locator.html,master store_type=standard (pre-recapture),,,2026-08-24,locations_2026-08-29.csv
Prada,,,own-door,open,30 East Oak Street,Chicago,IL,60611,,,https://www.prada.com/us/en/store-locator.html,master store_type=standard (pre-recapture),,,2026-08-24,locations_2026-08-29.csv
Prada,,,own-door,open,2800 West Big Beaver Road,Troy,MI,48084,,,https://www.prada.com/us/en/store-locator.html,master store_type=standard (pre-recapture),,,2026-08-24,locations_2026-08-29.csv
Prada,,,own-door,open,"1200 Morris Turnpike, Suite 214",Short Hills,NJ,07078,,,https://www.prada.com/us/en/store-locator.html,master store_type=standard (pre-recapture),,,2026-08-24,locations_2026-08-29.csv
Prada,,,own-door,open,"3131 Las Vegas Boulevard South, Suite 100",Las Vegas,NV,89109,,,https://www.prada.com/us/en/store-locator.html,master store_type=standard (pre-recapture),,,2026-08-24,locations_2026-08-29.csv
Prada,,,own-door,open,3500 South Las Vegas Boulevard,Las Vegas,NV,89109,,,https://www.prada.com/us/en/store-locator.html,master store_type=standard (pre-recapture),,,2026-08-24,locations_2026-08-29.csv
Prada,,,own-door,open,"3600 South Las Vegas Boulevard, #22",Las Vegas,NV,89109,,,https://www.prada.com/us/en/store-locator.html,master store_type=standard (pre-recapture),,,2026-08-24,locations_2026-08-29.csv
Prada,,,own-door,open,"3720 South Las Vegas Blvd, Suite 110",Las Vegas,NV,89158,,,https://www.prada.com/us/en/store-locator.html,master store_type=standard (pre-recapture),,,2026-08-24,locations_2026-08-29.csv
Prada,,,own-door,open,2 Newtown Lane,East Hampton,NY,11937,,,https://www.prada.com/us/en/store-locator.html,master store_type=standard (pre-recapture),,,2026-08-24,locations_2026-08-29.csv
Prada,,,own-door,open,2000 Northern Boulevard,Manhasset,NY,11030,,,https://www.prada.com/us/en/store-locator.html,master store_type=standard (pre-recapture),,,2026-08-24,locations_2026-08-29.csv
Prada,,,own-door,open,575 Broadway,New York,NY,10012,,,https://www.prada.com/us/en/store-locator.html,master store_type=standard (pre-recapture),,,2026-08-24,locations_2026-08-29.csv
Prada,,,own-door,open,724 Fifth Avenue,New York,NY,10019,,,https://www.prada.com/us/en/store-locator.html,master store_type=standard (pre-recapture),,,2026-08-24,locations_2026-08-29.csv
Prada,,,own-door,open,841 Madison Avenue,New York,NY,10021,,,https://www.prada.com/us/en/store-locator.html,master store_type=standard (pre-recapture),,,2026-08-24,locations_2026-08-29.csv
Prada,,,own-door,open,8687 North Central Expressway,Dallas,TX,75225,,,https://www.prada.com/us/en/store-locator.html,master store_type=standard (pre-recapture),,,2026-08-24,locations_2026-08-29.csv
Prada,,,own-door,open,"5085 Westheimer Road, suite B2580",Houston,TX,77056,,,https://www.prada.com/us/en/store-locator.html,master store_type=standard (pre-recapture),,,2026-08-24,locations_2026-08-29.csv
Prada,,,own-door,open,2001 International Drive,McLean,VA,22102,,,https://www.prada.com/us/en/store-locator.html,master store_type=standard (pre-recapture),,,2026-08-24,locations_2026-08-29.csv
Prada,,,own-door,open,11111 Northeast 8th Street,Bellevue,WA,98004,,,https://www.prada.com/us/en/store-locator.html,master store_type=standard (pre-recapture),,,2026-08-24,locations_2026-08-29.csv
Proper Cloth,,,own-door,open,1307 New York Ave,Washington,DC,20005,,,https://propercloth.com/showrooms,master store_type=standard (pre-recapture),,,2026-08-24,locations_2026-08-29.csv
Proper Cloth,,,own-door,open,15 E Oak St,Chicago,IL,60611,,,https://propercloth.com/showrooms,master store_type=standard (pre-recapture),,,2026-08-24,locations_2026-08-29.csv
Proper Cloth,,,own-door,open,495 Broadway,New York,NY,10012,,,https://propercloth.com/showrooms,master store_type=standard (pre-recapture),,,2026-08-24,locations_2026-08-29.csv
Proper Cloth,,,own-door,open,681 5th Ave,New York,NY,10022,,,https://propercloth.com/showrooms,master store_type=standard (pre-recapture),,,2026-08-24,locations_2026-08-29.csv
Purple Brand,New York Flagship,,own-door,open,50 Howard Street,New York,NY,10013,+1 917-599-0073,,https://purple-brand.com/pages/stores,brand-stated: /pages/stores (own doors) separate from /pages/stockists,"Card titled New York Flagship; map pin resolves to ""Purple Brand SOHO Store"" — same door.",,2026-09-05,purple_brand_classified_2026-09-05.csv
Purple Brand,Houston,,own-door,open,5085 Westheimer Road - Suite #B2516,Houston,TX,77056,+1 346-324-5924,The Galleria,https://purple-brand.com/pages/stores,brand-stated: /pages/stores (own doors) separate from /pages/stockists,,,2026-09-05,purple_brand_classified_2026-09-05.csv
Rag & Bone,,,own-door,open,15147 N. Scottsdale Rd.,Scottsdale,AZ,85254,,,https://www.rag-bone.com/stores,master store_type=standard (pre-recapture),,,2026-08-24,locations_2026-08-29.csv
Rag & Bone,,,own-door,open,567 Newport Center Drive,Newport Beach,CA,92660,,,https://www.rag-bone.com/stores,master store_type=standard (pre-recapture),,,2026-08-24,locations_2026-08-29.csv
Rag & Bone,,,own-door,open,29 W Colorado Blvd,Pasadena,CA,91105,,,https://www.rag-bone.com/stores,master store_type=standard (pre-recapture),,,2026-08-24,locations_2026-08-29.csv
Rag & Bone,,,own-door,open,2060 Fillmore St,San Francisco,CA,94115,,,https://www.rag-bone.com/stores,master store_type=standard (pre-recapture),,,2026-08-24,locations_2026-08-29.csv
Rag & Bone,,,own-door,open,"2855 Stevens Creek Blvd, Suite 1630",Santa Clara,CA,95050,,,https://www.rag-bone.com/stores,master store_type=standard (pre-recapture),,,2026-08-24,locations_2026-08-29.csv
Rag & Bone,,,own-door,open,1118 Abbot Kinney Blvd,Venice,CA,90291,,,https://www.rag-bone.com/stores,master store_type=standard (pre-recapture),,,2026-08-24,locations_2026-08-29.csv
Rag & Bone,,,own-door,open,8533 Melrose Ave,West Hollywood,CA,90069,,,https://www.rag-bone.com/stores,master store_type=standard (pre-recapture),,,2026-08-24,locations_2026-08-29.csv
Rag & Bone,,,own-door,open,433 E Hyman Ave,Aspen,CO,81611,,,https://www.rag-bone.com/stores,master store_type=standard (pre-recapture),,,2026-08-24,locations_2026-08-29.csv
Rag & Bone,,,own-door,open,3015 E 2nd Ave,Denver,CO,80206,,,https://www.rag-bone.com/stores,master store_type=standard (pre-recapture),,,2026-08-24,locations_2026-08-29.csv
Rag & Bone,,,own-door,open,244 Greenwich Ave,Greenwich,CT,06830,,,https://www.rag-bone.com/stores,master store_type=standard (pre-recapture),,,2026-08-24,locations_2026-08-29.csv
Rag & Bone,,,own-door,open,3061 M St NW,Washington,DC,20007,,,https://www.rag-bone.com/stores,master store_type=standard (pre-recapture),,,2026-08-24,locations_2026-08-29.csv
Rag & Bone,,,own-door,open,3067 M St NW,Washington,DC,20007,,,https://www.rag-bone.com/stores,master store_type=standard (pre-recapture),,,2026-08-24,locations_2026-08-29.csv
Rag & Bone,,,own-door,open,3814 NE 1st Ave,Miami,FL,33137,,,https://www.rag-bone.com/stores,master store_type=standard (pre-recapture),,,2026-08-24,locations_2026-08-29.csv
Rag & Bone,,,own-door,open,1622 W. Snow Ave.,Tampa,FL,33606,,,https://www.rag-bone.com/stores,master store_type=standard (pre-recapture),,,2026-08-24,locations_2026-08-29.csv
Rag & Bone,,,own-door,open,258 Buckhead Ave,Atlanta,GA,30305,,,https://www.rag-bone.com/stores,master store_type=standard (pre-recapture),,,2026-08-24,locations_2026-08-29.csv
Rag & Bone,,,own-door,open,25 E. Delaware Pl,Chicago,IL,60611,,,https://www.rag-bone.com/stores,master store_type=standard (pre-recapture),,,2026-08-24,locations_2026-08-29.csv
Rag & Bone,,,own-door,open,1515 Sheridan Rd,Wilmette,IL,60091,,,https://www.rag-bone.com/stores,master store_type=standard (pre-recapture),,,2026-08-24,locations_2026-08-29.csv
Rag & Bone,,,own-door,open,111 Newbury St,Boston,MA,02116,,,https://www.rag-bone.com/stores,master store_type=standard (pre-recapture),,,2026-08-24,locations_2026-08-29.csv
Rag & Bone,,,own-door,open,72 Pier 4 Blvd,Boston,MA,02210,,,https://www.rag-bone.com/stores,master store_type=standard (pre-recapture),,,2026-08-24,locations_2026-08-29.csv
Rag & Bone,,,own-door,open,106 S Old Woodward Ave,Birmingham,MI,48009,,,https://www.rag-bone.com/stores,master store_type=standard (pre-recapture),,,2026-08-24,locations_2026-08-29.csv
Rag & Bone,,,own-door,open,6822 Phillips Pl Ct,Charlotte,NC,28210,,,https://www.rag-bone.com/stores,master store_type=standard (pre-recapture),,,2026-08-24,locations_2026-08-29.csv
Rag & Bone,,,own-door,open,1 American Dream Way,East Rutherford,NJ,07073,,,https://www.rag-bone.com/stores,master store_type=standard (pre-recapture),,,2026-08-24,locations_2026-08-29.csv
Rag & Bone,,,own-door,open,160 Court St,Brooklyn,NY,11201,,,https://www.rag-bone.com/stores,master store_type=standard (pre-recapture),,,2026-08-24,locations_2026-08-29.csv
Rag & Bone,,,own-door,open,46 Newtown Ln,East Hampton,NY,11937,,,https://www.rag-bone.com/stores,master store_type=standard (pre-recapture),,,2026-08-24,locations_2026-08-29.csv
Rag & Bone,,,own-door,open,2108A Northern Blvd,Manhasset,NY,11030,,,https://www.rag-bone.com/stores,master store_type=standard (pre-recapture),,,2026-08-24,locations_2026-08-29.csv
Rag & Bone,,,own-door,open,11 E 68th St,New York,NY,10065,,,https://www.rag-bone.com/stores,master store_type=standard (pre-recapture),,,2026-08-24,locations_2026-08-29.csv
Rag & Bone,,,own-door,open,119 Mercer St,New York,NY,10012,,,https://www.rag-bone.com/stores,master store_type=standard (pre-recapture),,,2026-08-24,locations_2026-08-29.csv
Rag & Bone,,,own-door,open,228 W Broadway,New York,NY,10013,,,https://www.rag-bone.com/stores,master store_type=standard (pre-recapture),,,2026-08-24,locations_2026-08-29.csv
Rag & Bone,,,own-door,open,360 W 33rd Street,New York,NY,10001,,,https://www.rag-bone.com/stores,master store_type=standard (pre-recapture),,,2026-08-24,locations_2026-08-29.csv
Rag & Bone,,,own-door,open,425 W 13th St,New York,NY,10014,,,https://www.rag-bone.com/stores,master store_type=standard (pre-recapture),,,2026-08-24,locations_2026-08-29.csv
Rag & Bone,,,own-door,open,95 Main Street,Sag Harbor,NY,11963,,,https://www.rag-bone.com/stores,master store_type=standard (pre-recapture),,,2026-08-24,locations_2026-08-29.csv
Rag & Bone,,,own-door,open,1601 Walnut St,Philadelphia,PA,19102,,,https://www.rag-bone.com/stores,master store_type=standard (pre-recapture),,,2026-08-24,locations_2026-08-29.csv
Rag & Bone,,,own-door,open,363 King St.,Charleston,SC,29403,,,https://www.rag-bone.com/stores,master store_type=standard (pre-recapture),,,2026-08-24,locations_2026-08-29.csv
Rag & Bone,,,own-door,open,2803 12th Ave South,Nashville,TN,37204,,,https://www.rag-bone.com/stores,master store_type=standard (pre-recapture),,,2026-08-24,locations_2026-08-29.csv
Rag & Bone,,,own-door,open,1009 S Congress Ave,Austin,TX,78704,,,https://www.rag-bone.com/stores,master store_type=standard (pre-recapture),,,2026-08-24,locations_2026-08-29.csv
Rag & Bone,,,own-door,open,1011 S Congress Ave,Austin,TX,78704,,,https://www.rag-bone.com/stores,master store_type=standard (pre-recapture),,,2026-08-24,locations_2026-08-29.csv
Rag & Bone,,,own-door,open,3010 North Henderson Ave,Dallas,TX,75206,,,https://www.rag-bone.com/stores,master store_type=standard (pre-recapture),,,2026-08-24,locations_2026-08-29.csv
Rag & Bone,,,own-door,open,5115 Westheimer Rd,Houston,TX,77056,,,https://www.rag-bone.com/stores,master store_type=standard (pre-recapture),,,2026-08-24,locations_2026-08-29.csv
Rails,Scottsdale Quarter,,own-door,open,15257 N Scottsdale Rd,Scottsdale,AZ,85254,,Scottsdale Quarter,https://www.rails.com/pages/stores,master store_type=standard (pre-recapture),,,2026-08-24,locations_2026-08-29.csv
Rails,Manhattan Village,,own-door,open,"3200 N Sepulveda Blvd, S110",Manhattan Beach,CA,90266,,Manhattan Village,https://www.rails.com/pages/stores,master store_type=standard (pre-recapture),,,2026-08-24,locations_2026-08-29.csv
Rails,Fashion Island,,own-door,open,1083 Newport Center Dr,Newport Beach,CA,92660,,Fashion Island,https://www.rails.com/pages/stores,master store_type=standard (pre-recapture),,,2026-08-24,locations_2026-08-29.csv
Rails,Stanford Shopping Center,,own-door,open,180 El Camino Real,Palo Alto,CA,94304,,Stanford Shopping Center,https://www.rails.com/pages/stores,master store_type=standard (pre-recapture),,,2026-08-24,locations_2026-08-29.csv
Rails,,,own-door,open,541 Hayes St,San Francisco,CA,94102,,,https://www.rails.com/pages/stores,master store_type=standard (pre-recapture),,,2026-08-24,locations_2026-08-29.csv
Rails,,,own-door,open,3239 M St NW,Washington,DC,20007,,,https://www.rails.com/pages/stores,master store_type=standard (pre-recapture),,,2026-08-24,locations_2026-08-29.csv
Rails,Buckhead Village,,own-door,open,270 NE Buckhead Ave,Atlanta,GA,30305,,Buckhead Village,https://www.rails.com/pages/stores,master store_type=standard (pre-recapture),,,2026-08-24,locations_2026-08-29.csv
Rails,,,own-door,open,841 W Armitage Ave,Chicago,IL,60614,,,https://www.rails.com/pages/stores,master store_type=standard (pre-recapture),,,2026-08-24,locations_2026-08-29.csv
Rails,,,own-door,open,900 N Rush St,Chicago,IL,60611,,,https://www.rails.com/pages/stores,master store_type=standard (pre-recapture),,,2026-08-24,locations_2026-08-29.csv
Rails,,,own-door,open,140 Newbury St,Boston,MA,02116,,,https://www.rails.com/pages/stores,master store_type=standard (pre-recapture),,,2026-08-24,locations_2026-08-29.csv
Rails,Bethesda Row,,own-door,open,4852 Bethesda Ave,Bethesda,MD,20814,,Bethesda Row,https://www.rails.com/pages/stores,master store_type=standard (pre-recapture),,,2026-08-24,locations_2026-08-29.csv
Rails,,,own-door,open,15 Prince St,New York,NY,10012,,,https://www.rails.com/pages/stores,master store_type=mens_only (pre-recapture),,,2026-08-24,locations_2026-08-29.csv
Rails,,,own-door,open,54 Greene St,New York,NY,10013,,,https://www.rails.com/pages/stores,master store_type=standard (pre-recapture),,,2026-08-24,locations_2026-08-29.csv
Rails,Ashwood 12 South,,own-door,open,2212 12th Ave South,Nashville,TN,37204,,Ashwood 12 South,https://www.rails.com/pages/stores,master store_type=standard (pre-recapture),,,2026-08-24,locations_2026-08-29.csv
Rails,The Domain Northside,,own-door,open,11621 Rock Rose Ave,Austin,TX,78758,,The Domain Northside,https://www.rails.com/pages/stores,master store_type=standard (pre-recapture),,,2026-08-24,locations_2026-08-29.csv
Rails,Montrose Collective,,own-door,open,888 Westheimer Rd,Houston,TX,77006,,Montrose Collective,https://www.rails.com/pages/stores,master store_type=standard (pre-recapture),,,2026-08-24,locations_2026-08-29.csv
Ralph Lauren,Ralph Lauren,Ralph Lauren,own-door,open,2502 East Camelback Road,Phoenix,AZ,85016,602.952.0155,,https://www.ralphlauren.com/locations/US/Phoenix/818,"brand-stated: locator type label, verbatim",,,2026-09-05,ralph_lauren_classified_2026-09-05.csv
Ralph Lauren,Ralph Lauren,Ralph Lauren,own-door,open,444 North Rodeo Dr,Beverly Hills,CA,90210,310.281.7200,,https://www.ralphlauren.com/locations/US/Beverly%20Hills/831,"brand-stated: locator type label, verbatim",,,2026-09-05,ralph_lauren_classified_2026-09-05.csv
Ralph Lauren,Ralph Lauren,Ralph Lauren,own-door,open,3333 Bristol Street,Costa Mesa,CA,92626,714.556.7656,,https://www.ralphlauren.com/locations/US/Costa%20Mesa/873,"brand-stated: locator type label, verbatim",,,2026-09-05,ralph_lauren_classified_2026-09-05.csv
Ralph Lauren,Ralph Lauren,Ralph Lauren,own-door,open,7830 Girard Avenue,La Jolla,CA,92037,858.459.0554,,https://www.ralphlauren.com/locations/US/La%20Jolla/817,"brand-stated: locator type label, verbatim",,,2026-09-05,ralph_lauren_classified_2026-09-05.csv
Ralph Lauren,Ralph Lauren,Ralph Lauren,own-door,open,"10250 Santa Monica Blvd, Suite 1945",Los Angeles,CA,90067,310.857.2482,,https://www.ralphlauren.com/locations/US/Los%20Angeles/8053,"brand-stated: locator type label, verbatim",,,2026-09-05,ralph_lauren_classified_2026-09-05.csv
Ralph Lauren,Ralph Lauren,Ralph Lauren,own-door,open,"189 The Grove Drive, K20",Los Angeles,CA,90036,323.200.9692,,https://www.ralphlauren.com/locations/US/Los%20Angeles/8108,"brand-stated: locator type label, verbatim",,,2026-09-05,ralph_lauren_classified_2026-09-05.csv
Ralph Lauren,Polo Ralph Lauren,Polo Ralph Lauren,own-door,open,8500 Beverly Boulevard,Los Angeles,CA,90048,310.652.6074,,https://www.ralphlauren.com/locations/US/Los%20Angeles/8037,"brand-stated: locator type label, verbatim",,,2026-09-05,ralph_lauren_classified_2026-09-05.csv
Ralph Lauren,Ralph Lauren,Ralph Lauren,own-door,open,"401 Newport Center Drive, Suite 201A",Newport Beach,CA,92660,+19496294446,,https://www.ralphlauren.com/locations/US/Newport%20Beach/8081,"brand-stated: locator type label, verbatim",,,2026-09-05,ralph_lauren_classified_2026-09-05.csv
Ralph Lauren,Ralph Lauren,Ralph Lauren,own-door,open,73-080 El Paseo,Palm Desert,CA,92260,760.340.2023,,https://www.ralphlauren.com/locations/US/Palm%20Desert/835,"brand-stated: locator type label, verbatim",,,2026-09-05,ralph_lauren_classified_2026-09-05.csv
Ralph Lauren,Ralph Lauren,Ralph Lauren,own-door,open,383A Stanford Shopping Center,Palo Alto,CA,94304,+16503701114,,https://www.ralphlauren.com/locations/US/Palo%20Alto/8083,"brand-stated: locator type label, verbatim",,,2026-09-05,ralph_lauren_classified_2026-09-05.csv
Ralph Lauren,Polo Ralph Lauren,Polo Ralph Lauren,own-door,open,441 Jackson St,San Francisco,CA,94111,415.376.2177,,https://www.ralphlauren.com/locations/US/San%20Francisco/8070,"brand-stated: locator type label, verbatim",,,2026-09-05,ralph_lauren_classified_2026-09-05.csv
Ralph Lauren,Ralph Lauren,Ralph Lauren,own-door,open,501 East Cooper Avenue,Aspen,CO,81611,970.925.5147,,https://www.ralphlauren.com/locations/US/Aspen/874,"brand-stated: locator type label, verbatim",,,2026-09-05,ralph_lauren_classified_2026-09-05.csv
Ralph Lauren,Polo Ralph Lauren,Polo Ralph Lauren,own-door,open,51 Elm Street,New Canaan,CT,06840,203.972.3114,,https://www.ralphlauren.com/locations/US/New%20Canaan/852,"brand-stated: locator type label, verbatim",,,2026-09-05,ralph_lauren_classified_2026-09-05.csv
Ralph Lauren,Polo Ralph Lauren,Polo Ralph Lauren,own-door,open,1245 Wisconsin Avenue,Washington,DC,20007,202.965.0905,,https://www.ralphlauren.com/locations/US/Washington/813,"brand-stated: locator type label, verbatim",,,2026-09-05,ralph_lauren_classified_2026-09-05.csv
Ralph Lauren,Ralph Lauren,Ralph Lauren,own-door,open,"19501 Biscayne Boulevard, Suite 147",Aventura,FL,33180,305.690.0532,,https://www.ralphlauren.com/locations/US/Aventura/8054,"brand-stated: locator type label, verbatim",,,2026-09-05,ralph_lauren_classified_2026-09-05.csv
Ralph Lauren,Ralph Lauren,Ralph Lauren,own-door,open,"9700 Collins Avenue, Suite 238",Bal Harbour,FL,33154,305.602.8896,,https://www.ralphlauren.com/locations/US/Bal%20Harbour/8047,"brand-stated: locator type label, verbatim",,,2026-09-05,ralph_lauren_classified_2026-09-05.csv
Ralph Lauren,Ralph Lauren,Ralph Lauren,own-door,open,170 NE 40th Street,Miami,FL,33137,(786) 826-9199,,https://www.ralphlauren.com/locations/US/Miami/8073,"brand-stated: locator type label, verbatim",,,2026-09-05,ralph_lauren_classified_2026-09-05.csv
Ralph Lauren,Ralph Lauren,Ralph Lauren,own-door,open,"5485 Tamiami Trail, Suite # D - 1",Naples,FL,34108,239.597.1417,,https://www.ralphlauren.com/locations/US/Naples/8041,"brand-stated: locator type label, verbatim",,,2026-09-05,ralph_lauren_classified_2026-09-05.csv
Ralph Lauren,Ralph Lauren,Ralph Lauren,own-door,open,300 Worth Avenue,Palm Beach,FL,33480,561.651.3900,,https://www.ralphlauren.com/locations/US/Palm%20Beach/827,"brand-stated: locator type label, verbatim",,,2026-09-05,ralph_lauren_classified_2026-09-05.csv
Ralph Lauren,Ralph Lauren,Ralph Lauren,own-door,open,1609 W. Snow Avenue,Tampa,FL,33606,+18135021116,,https://www.ralphlauren.com/locations/US/Tampa/8103,"brand-stated: locator type label, verbatim",,,2026-09-05,ralph_lauren_classified_2026-09-05.csv
Ralph Lauren,Ralph Lauren,Ralph Lauren,own-door,open,"3393 Peachtree Rd. NE, Unit 3086",Atlanta,GA,30326,404.445.7670,,https://www.ralphlauren.com/locations/US/Atlanta/8056,"brand-stated: locator type label, verbatim",,,2026-09-05,ralph_lauren_classified_2026-09-05.csv
Ralph Lauren,Ralph Lauren,Ralph Lauren,own-door,open,750 N Michigan Avenue,Chicago,IL,60611,+13122801655,,https://www.ralphlauren.com/locations/US/Chicago/828,"brand-stated: locator type label, verbatim",,,2026-09-05,ralph_lauren_classified_2026-09-05.csv
Ralph Lauren,Ralph Lauren,Ralph Lauren,own-door,open,"630 Oakbrook Center, Suite 630",Oak Brook,IL,60523,630.478.0556,,https://www.ralphlauren.com/locations/US/Oak%20Brook/8052,"brand-stated: locator type label, verbatim",,,2026-09-05,ralph_lauren_classified_2026-09-05.csv
Ralph Lauren,Ralph Lauren,Ralph Lauren,own-door,open,"70 Pier 4 Blvd., Suite 240",Boston,MA,02110,+16174585585,,https://www.ralphlauren.com/locations/US/Boston/8107,"brand-stated: locator type label, verbatim",,,2026-09-05,ralph_lauren_classified_2026-09-05.csv
Ralph Lauren,Polo Ralph Lauren,Polo Ralph Lauren,own-door,open,"800 Boylston St, Suite 125-127",Boston,MA,02199,617.236.0491,,https://www.ralphlauren.com/locations/US/Boston/8065,"brand-stated: locator type label, verbatim",,,2026-09-05,ralph_lauren_classified_2026-09-05.csv
Ralph Lauren,Ralph Lauren,Ralph Lauren,own-door,open,93-95 Newbury Street,Boston,MA,02116,617.424.1124,,https://www.ralphlauren.com/locations/US/Boston/838,"brand-stated: locator type label, verbatim",,,2026-09-05,ralph_lauren_classified_2026-09-05.csv
Ralph Lauren,Polo Ralph Lauren,Polo Ralph Lauren,own-door,open,16 Main Street,Nantucket,MA,02554,508.228.9451,,https://www.ralphlauren.com/locations/US/Nantucket/859,"brand-stated: locator type label, verbatim",,,2026-09-05,ralph_lauren_classified_2026-09-05.csv
Ralph Lauren,Ralph Lauren,Ralph Lauren,own-door,open,"2801 West Big Beaver Road, C-117",Troy,MI,48084,248.509.8907,,https://www.ralphlauren.com/locations/US/Troy/8055,"brand-stated: locator type label, verbatim",,,2026-09-05,ralph_lauren_classified_2026-09-05.csv
Ralph Lauren,Polo Ralph Lauren,Polo Ralph Lauren,own-door,open,"10 Southdale Center, Suite #2658",Edina,MN,55435,952.697.7656,,https://www.ralphlauren.com/locations/US/Edina/8078,"brand-stated: locator type label, verbatim",,,2026-09-05,ralph_lauren_classified_2026-09-05.csv
Ralph Lauren,Ralph Lauren,Ralph Lauren,own-door,open,6822-A Phillips Place Court,Charlotte,NC,28210,704.887.9154,,https://www.ralphlauren.com/locations/US/Charlotte/8068,"brand-stated: locator type label, verbatim",,,2026-09-05,ralph_lauren_classified_2026-09-05.csv
Ralph Lauren,Polo Ralph Lauren,Polo Ralph Lauren,own-door,open,54 Nassau Street,Princeton,NJ,08542,609.497.6441,,https://www.ralphlauren.com/locations/US/Princeton/864,"brand-stated: locator type label, verbatim",,,2026-09-05,ralph_lauren_classified_2026-09-05.csv
Ralph Lauren,Ralph Lauren,Ralph Lauren,own-door,open,1200 Morris Turnpike,Short Hills,NJ,07078,973.467.4680,,https://www.ralphlauren.com/locations/US/Short%20Hills/812,"brand-stated: locator type label, verbatim",,,2026-09-05,ralph_lauren_classified_2026-09-05.csv
Ralph Lauren,Polo Ralph Lauren,Polo Ralph Lauren,own-door,open,3500 S Las Vegas Blvd,Las Vegas,NV,89109,702.734.0030,,https://www.ralphlauren.com/locations/US/Las%20Vegas/8024,"brand-stated: locator type label, verbatim",,,2026-09-05,ralph_lauren_classified_2026-09-05.csv
Ralph Lauren,Ralph Lauren,Ralph Lauren,own-door,open,31-33 Main Street,East Hampton,NY,11937,+16313241222,,https://www.ralphlauren.com/locations/US/East%20Hampton/819,"brand-stated: locator type label, verbatim",,,2026-09-05,ralph_lauren_classified_2026-09-05.csv
Ralph Lauren,Polo Ralph Lauren,Polo Ralph Lauren,own-door,open,32 Main Street,East Hampton,NY,11937,+16319070960,,https://www.ralphlauren.com/locations/US/East%20Hampton/8077,"brand-stated: locator type label, verbatim",,,2026-09-05,ralph_lauren_classified_2026-09-05.csv
Ralph Lauren,Ralph Lauren,Ralph Lauren,own-door,open,1970 Northern Boulevard,Manhasset,NY,11030,516.365.9595,,https://www.ralphlauren.com/locations/US/Manhasset/804,"brand-stated: locator type label, verbatim",,,2026-09-05,ralph_lauren_classified_2026-09-05.csv
Ralph Lauren,Polo Ralph Lauren,Polo Ralph Lauren,own-door,open,109 Prince Street,New York,NY,10012,212.625.1660,,https://www.ralphlauren.com/locations/US/New%20York/8035,"brand-stated: locator type label, verbatim",,,2026-09-05,ralph_lauren_classified_2026-09-05.csv
Ralph Lauren,Ralph Lauren Men's Flagship,Ralph Lauren Men's Flagship,own-door,open,867 Madison Avenue,New York,NY,10021,212.606.2100,,https://www.ralphlauren.com/locations/US/New%20York/820,"brand-stated: locator type label, verbatim",,,2026-09-05,ralph_lauren_classified_2026-09-05.csv
Ralph Lauren,Ralph Lauren,Ralph Lauren,own-door,open,41 Jobs Lane,Southampton,NY,11968,+16312876953,,https://www.ralphlauren.com/locations/US/Southampton/849,"brand-stated: locator type label, verbatim",,,2026-09-05,ralph_lauren_classified_2026-09-05.csv
Ralph Lauren,Ralph Lauren,Ralph Lauren,own-door,open,"160 North Gulph Road, Space 2163A",King of Prussia,PA,19406,+16107688863,,https://www.ralphlauren.com/locations/US/King%20of%20Prussia/867,"brand-stated: locator type label, verbatim",,,2026-09-05,ralph_lauren_classified_2026-09-05.csv
Ralph Lauren,Ralph Lauren,Ralph Lauren,own-door,open,4525 Cole Ave,Dallas,TX,75205,214.393.2293,,https://www.ralphlauren.com/locations/US/Dallas/8079,"brand-stated: locator type label, verbatim",,,2026-09-05,ralph_lauren_classified_2026-09-05.csv
Ralph Lauren,Ralph Lauren,Ralph Lauren,own-door,open,"Houston Galleria 5085 Westheimer Road, Space B2596",Houston,TX,77056,713.552.1254,,https://www.ralphlauren.com/locations/US/Houston/8072,"brand-stated: locator type label, verbatim",,,2026-09-05,ralph_lauren_classified_2026-09-05.csv
Ralph Lauren,Ralph Lauren,Ralph Lauren,own-door,open,"7700 Windrose Ave, Suite G175",Plano,TX,75024,+14693618283,,https://www.ralphlauren.com/locations/US/Plano/8032,"brand-stated: locator type label, verbatim",,,2026-09-05,ralph_lauren_classified_2026-09-05.csv
Ralph Lauren,Ralph Lauren,Ralph Lauren,own-door,open,"2001 International Drive, Suite 1833G",McLean,VA,22102,703.356.3017,,https://www.ralphlauren.com/locations/US/McLean/8059,"brand-stated: locator type label, verbatim",Womens/Home only per DEPARTMENTS — not a mens door.,,2026-09-05,ralph_lauren_classified_2026-09-05.csv
Redvanly,West Palm Beach,,own-door,open,475 S Olive Ave,West Palm Beach,FL,33401,(561) 888-6042,,,,,,2026-09-05,redvanly_classified_2026-09-05.csv
Redvanly,Highland Park,,own-door,open,"1850 2nd St, Suite 106",Highland Park,IL,60035,(847) 861-0060,,,,,,2026-09-05,redvanly_classified_2026-09-05.csv
Redvanly,Birmingham,,own-door,open,203 E Maple Road,Birmingham,MI,48009,(248) 792-0700,,,,,,2026-09-05,redvanly_classified_2026-09-05.csv
Redvanly,Harbor Springs,,own-door,open,263 E Main Street,Harbor Springs,MI,49740,(231) 221-2770,,,,,,2026-09-05,redvanly_classified_2026-09-05.csv
Redvanly,New York City,,own-door,open,371 Bleecker St,New York,NY,10014,(917) 997-1194,,,,,,2026-09-05,redvanly_classified_2026-09-05.csv
Rhoback,Barracks Road Shopping Center,,own-door,open,2124 Barracks Rd,Charlottesville,VA,22903,,Barracks Road Shopping Center,https://support.rhoback.com/en-US/store-locations-236420,master store_type=standard (pre-recapture),,,2026-08-24,locations_2026-08-29.csv
Rhone,,,own-door,open,"10250 Santa Monica Blvd, Suite 1920, Level 1",Los Angeles,CA,90067,,,https://www.rhone.com/locations/century-city,master store_type=standard (pre-recapture),,,2026-08-24,locations_2026-08-29.csv
Rhone,,,own-door,open,1117 Newport Center Dr,Newport Beach,CA,92660,,,https://www.rhone.com/locations/fashion-island,master store_type=standard (pre-recapture),,,2026-08-24,locations_2026-08-29.csv
Rhone,,,own-door,open,"158 Fillmore St, Suite 100",Denver,CO,80206,,,https://www.rhone.com/locations/cherry-creek-north,master store_type=standard (pre-recapture),,,2026-08-24,locations_2026-08-29.csv
Rhone,,,own-door,open,7 Main St,Westport,CT,06880,,,https://www.rhone.com/locations/westport,master store_type=standard (pre-recapture),,,2026-08-24,locations_2026-08-29.csv
Rhone,,,own-door,open,"358 San Lorenzo Ave, Suite 2030, Level 2",Coral Gables,FL,33146,,,https://www.rhone.com/locations/merrick-park,master store_type=standard (pre-recapture),,,2026-08-24,locations_2026-08-29.csv
Rhone,,,own-door,open,"4791 River City Dr, Suite 125",Jacksonville,FL,32246,,,https://www.rhone.com/locations/st-johns-town-center,master store_type=standard (pre-recapture),,,2026-08-24,locations_2026-08-29.csv
Rhone,,,own-door,open,"701 S Miami Ave, Suite 159-B, Level 1",Miami,FL,33130,,,https://www.rhone.com/locations/brickell-city-centre,master store_type=standard (pre-recapture),,,2026-08-24,locations_2026-08-29.csv
Rhone,,,own-door,open,"2223 N Westshore Blvd, Suite 159, Lower level",Tampa,FL,33607,,,https://www.rhone.com/locations/international-plaza,master store_type=standard (pre-recapture),,,2026-08-24,locations_2026-08-29.csv
Rhone,,,own-door,open,910 W Armitage Ave,Chicago,IL,60614,,,https://www.rhone.com/locations/lincoln-park,master store_type=standard (pre-recapture),,,2026-08-24,locations_2026-08-29.csv
Rhone,,,own-door,open,"410 Oakbrook Center, Space #410, Level 1",Oak Brook,IL,60523,,,https://www.rhone.com/locations/oakbrook-center,master store_type=standard (pre-recapture),,,2026-08-24,locations_2026-08-29.csv
Rhone,,,own-door,open,81 Pier 4 Blvd.,Boston,MA,02210,,,https://www.rhone.com/locations/boston-seaport,master store_type=standard (pre-recapture),,,2026-08-24,locations_2026-08-29.csv
Rhone,,,own-door,open,"94 Derby St, Suite 241",Hingham,MA,02043,,,https://www.rhone.com/locations/derby-street-shops,master store_type=standard (pre-recapture),,,2026-08-24,locations_2026-08-29.csv
Rhone,,,own-door,open,"1200 Morris Tpke, Suite D143, Lower level",Millburn,NJ,07078,,,https://www.rhone.com/locations/short-hills,master store_type=standard (pre-recapture),,,2026-08-24,locations_2026-08-29.csv
Rhone,,,own-door,open,19 Hulfish St,Princeton,NJ,08542,,,https://www.rhone.com/locations/palmer-square,master store_type=standard (pre-recapture),,,2026-08-24,locations_2026-08-29.csv
Rhone,,,own-door,open,133 5th Ave,New York,NY,10003,,,https://www.rhone.com/locations/flatiron,master store_type=standard (pre-recapture),,,2026-08-24,locations_2026-08-29.csv
Rhone,,,own-door,open,"500 W 33rd St, Suite 222B, Level 2",New York,NY,10001,,,https://www.rhone.com/locations/hudson-yards,master store_type=standard (pre-recapture),,,2026-08-24,locations_2026-08-29.csv
Rhone,,,own-door,open,"520 Madison Ave, Unit 110",New York,NY,10022,,,https://www.rhone.com/locations/madison-ave,master store_type=standard (pre-recapture),,,2026-08-24,locations_2026-08-29.csv
Rhone,,,own-door,open,"115 Coulter Ave, Suite 200",Ardmore,PA,19003,,,https://www.rhone.com/locations/suburban-square,master store_type=standard (pre-recapture),,,2026-08-24,locations_2026-08-29.csv
Rhone,,,own-door,open,"8687 N Central Expy, Suite 1026, Level 1",Dallas,TX,75225,,,https://www.rhone.com/locations/northpark-center,master store_type=standard (pre-recapture),,,2026-08-24,locations_2026-08-29.csv
Rhone,,,own-door,open,"9595 Six Pines Dr, Suite 1030",The Woodlands,TX,77380,,,https://www.rhone.com/locations/market-street,master store_type=standard (pre-recapture),,,2026-08-24,locations_2026-08-29.csv
Rhone,,,own-door,open,"1760G International Dr, Suite 1126, Level 1",McLean,VA,22102,,,https://www.rhone.com/locations/tysons-galleria,master store_type=standard (pre-recapture),,,2026-08-24,locations_2026-08-29.csv
Rick Owens,,,own-door,open,819 North La Brea Avenue,Los Angeles,CA,90038,,,https://www.rickowens.eu/en-us/pages/stores,master store_type=standard (pre-recapture),,,2026-08-24,locations_2026-08-29.csv
Rick Owens,Miami Design District,,own-door,open,131 NE 41st Street,Miami,FL,33137,,Miami Design District,https://www.rickowens.eu/en-us/pages/stores,master store_type=standard (pre-recapture),,,2026-08-24,locations_2026-08-29.csv
Rick Owens,Fontainebleau Las Vegas,,own-door,open,,Las Vegas,NV,,,Fontainebleau Las Vegas,https://www.rickowens.eu/en-us/pages/stores,master store_type=standard (pre-recapture),,,2026-08-24,locations_2026-08-29.csv
Rick Owens,,,own-door,open,30 Howard Street,New York,NY,10013,,,https://www.rickowens.eu/en-us/pages/stores,master store_type=standard (pre-recapture),,,2026-08-24,locations_2026-08-29.csv
Rodd & Gunn,,,own-door,open,"1129 Newport Center Drive, Fashion Island",Newport Beach,CA,92660,,,https://www.roddandgunn.com/us/stores/fashion-island_5010,master store_type=standard (pre-recapture),,,2026-08-23,locations_2026-08-29.csv
Rodd & Gunn,,,own-door,open,"660 Stanford Shopping Center, Shop # 126",Palo Alto,CA,94304,,,https://www.roddandgunn.com/us/stores/stanford_5090,master store_type=standard (pre-recapture),,,2026-08-23,locations_2026-08-29.csv
Rodd & Gunn,,,own-door,open,"4303 La Jolla Village Drive, Suite 2145",San Diego,CA,92122,,,https://www.roddandgunn.com/us/stores/westfield-utc_5050,master store_type=standard (pre-recapture),,,2026-08-23,locations_2026-08-29.csv
Rodd & Gunn,,,own-door,open,"2855 Stevens Creek Blvd,, Westfield Valley Fair, Suite # 1701",Santa Clara,CA,95050,,,https://www.roddandgunn.com/us/stores/valley-fair_5100,master store_type=standard (pre-recapture),,,2026-08-23,locations_2026-08-29.csv
Rodd & Gunn,,,own-door,open,354 Greenwich Ave,Greenwich,CT,06830,,,https://www.roddandgunn.com/us/stores/greenwich_5070,master store_type=standard (pre-recapture),,,2026-08-23,locations_2026-08-29.csv
Rodd & Gunn,,,own-door,open,"4999 Old Orchard Center, Number A14",Skokie,IL,60077,,,https://www.roddandgunn.com/us/stores/old-orchard_5130,master store_type=standard (pre-recapture),,,2026-08-23,locations_2026-08-29.csv
Rodd & Gunn,,,own-door,open,"8687 North Central Expressway, Suite 1468",Dallas,TX,75225,,,https://www.roddandgunn.com/us/stores/northpark-center_5060,master store_type=standard (pre-recapture),,,2026-08-23,locations_2026-08-29.csv
Rodd & Gunn,,,own-door,open,"2001 International Dr, Suite 1446",Mclean,VA,22102,,,https://www.roddandgunn.com/us/stores/tysons-galleria_5120,master store_type=standard (pre-recapture),,,2026-08-23,locations_2026-08-29.csv
Rodd & Gunn,,,own-door,open,575 Bellevue Square,Bellevue,WA,98004,,,https://www.roddandgunn.com/us/stores/bellevue_5080,master store_type=standard (pre-recapture),,,2026-08-23,locations_2026-08-29.csv
Rothy's,Scottsdale Fashion Square,,own-door,open,"7014 E Camelback Road, Suite #1448",Scottsdale,AZ,,,Scottsdale Fashion Square,https://rothys.com/pages/stores,master store_type=standard (pre-recapture),,,2026-08-20,locations_2026-08-29.csv
Rothy's,Westfield Topanga,,own-door,open,"6600 Topanga Canyon Boulevard, Suite #2076",Canoga Park,CA,91303,,Westfield Topanga,https://rothys.com/pages/stores/topanga,master store_type=standard (pre-recapture),,,2026-08-20,locations_2026-08-29.csv
Rothy's,,,own-door,open,248 N Larchmont Boulevard,Los Angeles,CA,90004,,,https://rothys.com/pages/stores/larchmont,master store_type=standard (pre-recapture),,,2026-08-20,locations_2026-08-29.csv
Rothy's,Fashion Island,,own-door,open,"1017 Newport Center Drive, Space #1017",Newport Beach,CA,92660,,Fashion Island,https://rothys.com/pages/stores/rothys-fashion-island,master store_type=standard (pre-recapture),,,2026-08-20,locations_2026-08-29.csv
Rothy's,,,own-door,open,69 W Colorado Boulevard,Pasadena,CA,91105,,,https://rothys.com/pages/stores/pasadena,master store_type=standard (pre-recapture),,,2026-08-20,locations_2026-08-29.csv
Rothy's,Galleria at Roseville,,own-door,open,"1173 Galleria Boulevard, Space #1195",Roseville,CA,95678,,Galleria at Roseville,https://rothys.com/pages/stores/galleria-at-roseville,master store_type=standard (pre-recapture),,,2026-08-20,locations_2026-08-29.csv
Rothy's,Westfield UTC,,own-door,open,4307 La Jolla Village Drive,San Diego,CA,92122,,Westfield UTC,https://rothys.com/pages/stores/university-town-center,master store_type=standard (pre-recapture),,,2026-08-20,locations_2026-08-29.csv
Rothy's,,,own-door,open,2448 Fillmore Street,San Francisco,CA,94115,,,https://rothys.com/pages/stores/fillmore,master store_type=standard (pre-recapture),,,2026-08-20,locations_2026-08-29.csv
Rothy's,Westfield Valley Fair,,own-door,open,"2855 Stevens Creek Boulevard, Suite #1638",Santa Clara,CA,95050,,Westfield Valley Fair,https://rothys.com/pages/stores/valley-fair,master store_type=standard (pre-recapture),,,2026-08-20,locations_2026-08-29.csv
Rothy's,Broadway Plaza,,own-door,open,54 Broadway Lane,Walnut Creek,CA,94596,,Broadway Plaza,https://rothys.com/pages/stores/broadway-plaza,master store_type=standard (pre-recapture),,,2026-08-20,locations_2026-08-29.csv
Rothy's,,,own-door,open,238 Greenwich Avenue,Greenwich,CT,06830,,,https://rothys.com/pages/stores,master store_type=standard (pre-recapture),,ZIP set to 06830 (operator-confirmed 2026-08-29),2026-08-20,locations_2026-08-29.csv
Rothy's,,,own-door,open,3068 M Street NW,Washington,DC,,,,https://rothys.com/pages/stores,master store_type=standard (pre-recapture),,,2026-08-20,locations_2026-08-29.csv
Rothy's,Disney Springs,,own-door,open,"1520 E Buena Vista Drive, Suite P",Lake Buena Vista,FL,,,Disney Springs,https://rothys.com/pages/stores,master store_type=standard (pre-recapture),,,2026-08-20,locations_2026-08-29.csv
Rothy's,CityPlace,,own-door,open,"700 South Rosemary Avenue, Suite #129",West Palm Beach,FL,,,CityPlace,https://rothys.com/pages/stores,master store_type=standard (pre-recapture),,,2026-08-20,locations_2026-08-29.csv
Rothy's,Westside Provisions District,,own-door,open,"1210 Howell Mill Road NW, Suite #104",Atlanta,GA,,,Westside Provisions District,https://rothys.com/pages/stores,master store_type=standard (pre-recapture),,,2026-08-20,locations_2026-08-29.csv
Rothy's,Buckhead Village District,,own-door,open,247 Buckhead Ave,Atlanta,GA,,,Buckhead Village District,https://rothys.com/pages/stores,master store_type=standard (pre-recapture),,,2026-08-20,locations_2026-08-29.csv
Rothy's,Ala Moana Center,,own-door,open,1450 Ala Moana Boulevard,Honolulu,HI,96814,,Ala Moana Center,https://rothys.com/pages/stores/ala-moana,master store_type=standard (pre-recapture),,,2026-08-20,locations_2026-08-29.csv
Rothy's,,,own-door,open,846 W Armitage Avenue,Chicago,IL,,,,https://rothys.com/pages/stores,master store_type=standard (pre-recapture),,,2026-08-20,locations_2026-08-29.csv
Rothy's,,,own-door,open,211 Newbury Street,Boston,MA,02116,,,https://rothys.com/pages/stores,master store_type=standard (pre-recapture),,ZIP set to 02116 (operator-confirmed 2026-08-29),2026-08-20,locations_2026-08-29.csv
Rothy's,Legacy Place,,own-door,open,636 Legacy Place,Dedham,MA,02026,,Legacy Place,https://rothys.com/pages/stores,master store_type=standard (pre-recapture),,ZIP set to 02026 (operator-confirmed 2026-08-29 after reconfirmation; initial supply of 02116 was a paste error from the Newbury Street row),2026-08-20,locations_2026-08-29.csv
Rothy's,Galleria Edina,,own-door,open,"3510 W 69th Street, Suite #3616",Edina,MN,,,Galleria Edina,https://rothys.com/pages/stores,master store_type=standard (pre-recapture),,,2026-08-20,locations_2026-08-29.csv
Rothy's,North Hills,,own-door,open,"4321 Lassiter at North Hills Avenue, Space #110",Raleigh,NC,,,North Hills,https://rothys.com/pages/stores,master store_type=standard (pre-recapture),,,2026-08-20,locations_2026-08-29.csv
Rothy's,Westfield Garden State Plaza,,own-door,open,"One Garden State Plaza, Space #2344",Paramus,NJ,,,Westfield Garden State Plaza,https://rothys.com/pages/stores,master store_type=standard (pre-recapture),,,2026-08-20,locations_2026-08-29.csv
Rothy's,The Mall at Short Hills,,own-door,open,"1200 Morris Turnpike, Suite D107",Short Hills,NJ,,,The Mall at Short Hills,https://rothys.com/pages/stores,master store_type=standard (pre-recapture),,,2026-08-20,locations_2026-08-29.csv
Rothy's,Fashion Show Mall,,own-door,open,"3200 S. Las Vegas Boulevard, Suite #2380",Las Vegas,NV,89109,,Fashion Show Mall,https://rothys.com/pages/stores/rothys-fashion-show,master store_type=standard (pre-recapture),,,2026-08-20,locations_2026-08-29.csv
Rothy's,,,own-door,open,"112 North 6th Street, Suite #112",Brooklyn,NY,,,,https://rothys.com/pages/stores,master store_type=standard (pre-recapture),,,2026-08-20,locations_2026-08-29.csv
Rothy's,,,own-door,open,134 5th Avenue,New York,NY,,,,https://rothys.com/pages/stores,master store_type=standard (pre-recapture),,,2026-08-20,locations_2026-08-29.csv
Rothy's,,,own-door,open,181 Columbus Avenue,New York,NY,,,,https://rothys.com/pages/stores,master store_type=standard (pre-recapture),,,2026-08-20,locations_2026-08-29.csv
Rothy's,,,own-door,open,24 Prince Street,New York,NY,,,,https://rothys.com/pages/stores,master store_type=standard (pre-recapture),,,2026-08-20,locations_2026-08-29.csv
Rothy's,Bridgeport Village,,own-door,open,7455 SW Bridgeport Road,Tigard,OR,97224,,Bridgeport Village,https://rothys.com/pages/stores/rothys-bridgeport-village,master store_type=standard (pre-recapture),,,2026-08-20,locations_2026-08-29.csv
Rothy's,King of Prussia Mall,,own-door,open,"160 N Gulph Road, Space #2076",King of Prussia,PA,,,King of Prussia Mall,https://rothys.com/pages/stores,master store_type=standard (pre-recapture),,,2026-08-20,locations_2026-08-29.csv
Rothy's,The Mall at Green Hills,,own-door,open,"2126 Abbott Martin Road, Suite #126",Nashville,TN,,,The Mall at Green Hills,https://rothys.com/pages/stores,master store_type=standard (pre-recapture),,,2026-08-20,locations_2026-08-29.csv
Rothy's,Domain Northside,,own-door,open,"11701 Domain Boulevard, Suite #130",Austin,TX,,,Domain Northside,https://rothys.com/pages/stores,master store_type=standard (pre-recapture),,,2026-08-20,locations_2026-08-29.csv
Rothy's,NorthPark Center,,own-door,open,"8687 N Central Expressway, Space #E3-774",Dallas,TX,,,NorthPark Center,https://rothys.com/pages/stores,master store_type=standard (pre-recapture),,,2026-08-20,locations_2026-08-29.csv
Rothy's,The Galleria,,own-door,open,"5115 Westheimer Road, #C2564",Houston,TX,,,The Galleria,https://rothys.com/pages/stores,master store_type=standard (pre-recapture),,,2026-08-20,locations_2026-08-29.csv
Rothy's,The Shops at La Cantera,,own-door,open,"15900 La Cantera Parkway, Space #1140",San Antonio,TX,,,The Shops at La Cantera,https://rothys.com/pages/stores,master store_type=standard (pre-recapture),,,2026-08-20,locations_2026-08-29.csv
Rothy's,Southlake Town Square,,own-door,open,307 Grand Ave. East,Southlake,TX,,,Southlake Town Square,https://rothys.com/pages/stores,master store_type=standard (pre-recapture),,,2026-08-20,locations_2026-08-29.csv
Rothy's,Tysons Corner Center,,own-door,open,"1961 Chain Bridge Road, Space #D2U",Tysons Corner,VA,,,Tysons Corner Center,https://rothys.com/pages/stores,master store_type=standard (pre-recapture),,,2026-08-20,locations_2026-08-29.csv
Rothy's,University Village,,own-door,open,2637 NE 46th Street,Seattle,WA,98105,,University Village,https://rothys.com/pages/stores/university-village,master store_type=standard (pre-recapture),,,2026-08-20,locations_2026-08-29.csv
Rowan,,,own-door,open,1055 S Coast Hwy 101,Encinitas,CA,92024,,,https://rowanstores.com/pages/stores,master store_type=standard (pre-recapture),,,2026-08-23,locations_2026-08-29.csv
Rowan,Manhattan Village,,own-door,open,"3360 N Sepulveda Blvd, Space N128",Manhattan Beach,CA,90266,,Manhattan Village,https://rowanstores.com/pages/stores,master store_type=standard (pre-recapture),,,2026-08-23,locations_2026-08-29.csv
Rowan,Lido Marina Village,,own-door,open,"3416 Via Lido, Ste C",Newport Beach,CA,92663,,Lido Marina Village,https://rowanstores.com/pages/stores,master store_type=standard (pre-recapture),,,2026-08-23,locations_2026-08-29.csv
Rowan,,,own-door,open,6033 Paseo Delicias,Rancho Santa Fe,CA,92067,,,https://rowanstores.com/pages/stores,master store_type=standard (pre-recapture),,,2026-08-23,locations_2026-08-29.csv
Rowan,River Street Marketplace,,own-door,open,"31896 Paseo Adelanto, Ste 104",San Juan Capistrano,CA,92675,,River Street Marketplace,https://rowanstores.com/pages/stores,master store_type=standard (pre-recapture),,,2026-08-23,locations_2026-08-29.csv
RRL,Double RL,Double RL,own-door,open,8150 Melrose Avenue,Los Angeles,CA,90046,323.944.0301,,https://www.ralphlauren.com/locations/US/Los%20Angeles/8039,"brand-stated: locator type label, verbatim",,,2026-09-05,ralph_lauren_classified_2026-09-05.csv
RRL,Double RL,Double RL,own-door,open,3835 Cross Creek Road,Malibu,CA,90265,310.317.9592,,https://www.ralphlauren.com/locations/US/Malibu/844,"brand-stated: locator type label, verbatim",,,2026-09-05,ralph_lauren_classified_2026-09-05.csv
RRL,Double RL,Double RL,own-door,open,"1170 Howell Mill Road, Suite P12A",Atlanta,GA,30318,404.666.7156,,https://www.ralphlauren.com/locations/US/Atlanta/8067,"brand-stated: locator type label, verbatim",,,2026-09-05,ralph_lauren_classified_2026-09-05.csv
RRL,Double RL,Double RL,own-door,open,85 N 3rd Street,Brooklyn,NY,11249,718.384.3619,,https://www.ralphlauren.com/locations/US/Brooklyn/855,"brand-stated: locator type label, verbatim",,,2026-09-05,ralph_lauren_classified_2026-09-05.csv
RRL,Double RL,Double RL,own-door,open,57 Main Street,East Hampton,NY,11937,+16319079201,,https://www.ralphlauren.com/locations/US/East%20Hampton/8022,"brand-stated: locator type label, verbatim",,,2026-09-05,ralph_lauren_classified_2026-09-05.csv
RRL,Double RL,Double RL,own-door,open,381 West Broadway,New York,NY,10012,212.625.3480,,https://www.ralphlauren.com/locations/US/New%20York/8021,"brand-stated: locator type label, verbatim",,,2026-09-05,ralph_lauren_classified_2026-09-05.csv
RRL,Double RL,Double RL,own-door,open,"1200 Villa Place, Suite 401",Nashville,TN,37212,+16153209846,,https://www.ralphlauren.com/locations/US/Nashville/8038,"brand-stated: locator type label, verbatim",,,2026-09-05,ralph_lauren_classified_2026-09-05.csv
Saint Laurent,Scottsdale Fashion Square,,own-door,open,"7014 East Camelback Road, Suite 1141",Scottsdale,AZ,85251,(480) 612-8810,,,,,,2026-09-05,saint_laurent_classified_2026-09-05.csv
Saint Laurent,Rodeo Drive,,own-door,open,326 N Rodeo Drive,Beverly Hills,CA,90210,(310) 271-5051,,,,,,2026-09-05,saint_laurent_classified_2026-09-05.csv
Saint Laurent,Saint Laurent Rive Droite Los Angeles,,own-door,open,469 N Rodeo Drive,Beverly Hills,CA,90210,(310) 271-4110,,,,,,2026-09-05,saint_laurent_classified_2026-09-05.csv
Saint Laurent,South Coast Plaza,,own-door,open,"South Coast Plaza, 3333 Bristol Street, Suite 2224",Costa Mesa,CA,92626,(714) 429-0101,,,,,,2026-09-05,saint_laurent_classified_2026-09-05.csv
Saint Laurent,Americana,,own-door,open,859 Americana Way,Glendale,CA,91210,(747) 218-5580,,,,,,2026-09-05,saint_laurent_classified_2026-09-05.csv
Saint Laurent,Westfield Topanga,,own-door,open,"Suite 2200, Westfield Topanga, 6600 Topanga Canyon Blvd",Los Angeles,CA,91303,(818) 737-8558,,,,,,2026-09-05,saint_laurent_classified_2026-09-05.csv
Saint Laurent,Roseville Westfield,,own-door,open,"1151 Galleria Blvd, Suite 1050",Roseville,CA,95678,(916) 839-5015,,,,,,2026-09-05,saint_laurent_classified_2026-09-05.csv
Saint Laurent,Fashion Valley Mall,,own-door,open,Fashion Valley Mall 7007 Friars Road,San Diego,CA,92108,(619) 881-6310,,,,,,2026-09-05,saint_laurent_classified_2026-09-05.csv
Saint Laurent,San Francisco - Grant Avenue,,own-door,open,90 Grant Avenue,San Francisco,CA,94108,(415) 765-0975,,,,,,2026-09-05,saint_laurent_classified_2026-09-05.csv
Saint Laurent,Westfield Valley Fair,,own-door,open,"Westfield Valley Fair, 2855 Stevens Creek Blvd, Suite 1243",San Jose,CA,95050,(408) 878-8545,,,,,,2026-09-05,saint_laurent_classified_2026-09-05.csv
Saint Laurent,Denver Cherry Creek Shopping Center,,own-door,open,"3000 East First Ave, Space #274",Denver,CO,80206,(720) 792-8686,,,,,,2026-09-05,saint_laurent_classified_2026-09-05.csv
Saint Laurent,Miami Design District,,own-door,open,149 Ne 40Th Street,Miami,FL,33137,(305) 704-4144,,,,,,2026-09-05,saint_laurent_classified_2026-09-05.csv
Saint Laurent,Aventura Mall,,own-door,open,19501 Biscayne Blvd,Miami,FL,33180,(305) 521-7676,,,,,,2026-09-05,saint_laurent_classified_2026-09-05.csv
Saint Laurent,Bal Harbour Shops,,own-door,open,"9700 Collins Avenue, Suite 144",Miami,FL,33154,(305) 868-4424,,,,,,2026-09-05,saint_laurent_classified_2026-09-05.csv
Saint Laurent,Mall at Millenia,,own-door,open,"Mall At Millenia, 4200 Conroy Road",Orlando,FL,32839,(407) 354-1460,,,,,,2026-09-05,saint_laurent_classified_2026-09-05.csv
Saint Laurent,The Royal Poinciana Plaza,,own-door,open,"340 Poinciana Way, Suite M300",Palm Beach,FL,33480,(561) 614-3900,,,,,,2026-09-05,saint_laurent_classified_2026-09-05.csv
Saint Laurent,Tampa International Plaza,,own-door,open,2223 N Westshore Blvd. Suite #227,Tampa,FL,33607,(813) 261-4757,,,,,,2026-09-05,saint_laurent_classified_2026-09-05.csv
Saint Laurent,Atlanta Phipps Plaza,,own-door,open,3500 Peachtree Rd Ne Space 1088B,Atlanta,GA,30326,(470) 633-3300,,,,,,2026-09-05,saint_laurent_classified_2026-09-05.csv
Saint Laurent,Ala Moana,,own-door,open,1450 Ala Moana Blvd Suite 2825,Honolulu,HI,96814,(808) 206-9495,,,,,,2026-09-05,saint_laurent_classified_2026-09-05.csv
Saint Laurent,Luxury Row,,own-door,open,2114 Kalakaua Avenue,Honolulu,HI,96815,(808) 404-9494,,,,,,2026-09-05,saint_laurent_classified_2026-09-05.csv
Saint Laurent,Royal Hawaiian,,own-door,open,2201 Kalakaua Ave. Space No. A102/103,Honolulu,HI,96815,(808) 206-7575,,,,,,2026-09-05,saint_laurent_classified_2026-09-05.csv
Saint Laurent,The Shops at Wailea,,own-door,open,"3750 Wailea Alanui Drive, Space Ew23",Maui,HI,96753,(808) 500-6898,,,,,,2026-09-05,saint_laurent_classified_2026-09-05.csv
Saint Laurent,Chicago,,own-door,open,"Waldorf Astoria, 11 East Walton Street",Chicago,IL,60611,(312) 202-0166,,,,,,2026-09-05,saint_laurent_classified_2026-09-05.csv
Saint Laurent,Oakbrook Center,,own-door,open,212 Oakbrook Center,Oak Brook,IL,60523,(630) 931-5757,,,,,,2026-09-05,saint_laurent_classified_2026-09-05.csv
Saint Laurent,Copley Place,,own-door,open,"100 Huntington Avenue, Space #B004A",Boston,MA,02116,(857) 378-2020,,,,,,2026-09-05,saint_laurent_classified_2026-09-05.csv
Saint Laurent,Troy Somerset Collection,,own-door,open,2801 W Big Beaver Road Suite C145,Troy,MI,48084,(947) 237-3088,,,,,,2026-09-05,saint_laurent_classified_2026-09-05.csv
Saint Laurent,Charlotte Southpark,,own-door,open,"4400 Sharon Road, Suite N14",Charlotte,NC,28211,(704) 264-1464,,,,,,2026-09-05,saint_laurent_classified_2026-09-05.csv
Saint Laurent,American Dream,,own-door,open,1 American Dream Way,East Rutherford,NJ,07073,(201) 559-5959,,,,,,2026-09-05,saint_laurent_classified_2026-09-05.csv
Saint Laurent,Mall at Short Hills,,own-door,open,"1200 Morris Turnpike, Suite 207",Short Hills,NJ,07078,(973) 921-9601,,,,,,2026-09-05,saint_laurent_classified_2026-09-05.csv
Saint Laurent,Las Vegas - Fontainebleau,,own-door,open,2777 South Las Vegas Blvd,Las Vegas,NV,89109,(725) 258-5665,,,,,,2026-09-05,saint_laurent_classified_2026-09-05.csv
Saint Laurent,Wynn,,own-door,open,3131 Las Vegas Blvd. South Suite #116,Las Vegas,NV,89109,(725) 201-6750,,,,,,2026-09-05,saint_laurent_classified_2026-09-05.csv
Saint Laurent,The Forum Shops at Caesars Palace,,own-door,open,"3500 Las Vegas Blvd South, Suite B17A",Las Vegas,NV,89109,(702) 750-3480,,,,,,2026-09-05,saint_laurent_classified_2026-09-05.csv
Saint Laurent,The Shops at Crystals,,own-door,open,"3720 Las Vegas Blvd South, Suite #221",Las Vegas,NV,89158,(702) 262-9984,,,,,,2026-09-05,saint_laurent_classified_2026-09-05.csv
Saint Laurent,3 East 57th Street,,own-door,open,3 East 57Th Street,New York,NY,10022,(212) 980-2970,,,,,,2026-09-05,saint_laurent_classified_2026-09-05.csv
Saint Laurent,Meatpacking,,own-door,open,72 Gansevoort Street,New York,NY,10014,(646) 368-8811,,,,,,2026-09-05,saint_laurent_classified_2026-09-05.csv
Saint Laurent,Greene Street,,own-door,open,80 Greene Street,New York,NY,10012,(212) 431-3240,,,,,,2026-09-05,saint_laurent_classified_2026-09-05.csv
Saint Laurent,Portland,,own-door,open,700 Sw Fifth Avenue,Portland,OR,97204,(503) 205-6230,,,,,,2026-09-05,saint_laurent_classified_2026-09-05.csv
Saint Laurent,The Plaza at King of Prussia,,own-door,open,"350 Mall Blvd, Suite 3024, King Of Prussia, Pa",Philadelphia,PA,19406,(610) 337-7601,,,,,,2026-09-05,saint_laurent_classified_2026-09-05.csv
Saint Laurent,San Juan,,own-door,open,"1000 Mall Of San Juan Blvd, Suite 278",San Juan,PR,00924,(787) 766-3462,,,,,,2026-09-05,saint_laurent_classified_2026-09-05.csv
Saint Laurent,The Mall at Green Hills,,own-door,open,2126 Abbott Martin Road,Nashville,TN,37215,(615) 641-1600,,,,,,2026-09-05,saint_laurent_classified_2026-09-05.csv
Saint Laurent,Austin the Domain,,own-door,open,"11601, Century Oaks Terrace Suite 103",Austin,TX,78758,(737) 279-6710,,,,,,2026-09-05,saint_laurent_classified_2026-09-05.csv
Saint Laurent,Dallas Northpark,,own-door,open,"Northpark Center, 8687 North Central Expressway, Suite #320",Dallas,TX,75225,(214) 780-0184,,,,,,2026-09-05,saint_laurent_classified_2026-09-05.csv
Saint Laurent,Fort Worth,,own-door,open,"The Shops At Clearfork, 5154 Monahans Avenue",Fort Worth,TX,76109,(682) 257-3737,,,,,,2026-09-05,saint_laurent_classified_2026-09-05.csv
Saint Laurent,Houston Galleria,,own-door,open,"Houston Galleria, 5015 Westheimer Road, Suite A2140A (Ground Level)",Houston,TX,77056,(713) 840-7006,,,,,,2026-09-05,saint_laurent_classified_2026-09-05.csv
Saint Laurent,The Woodlands Market Street,,own-door,open,9595 Six Pines Drive,The Woodlands,TX,77380,(346) 202-3808,,,,,,2026-09-05,saint_laurent_classified_2026-09-05.csv
Saint Laurent,McLean VA,,own-door,open,2001 International Drive Suite 2138,McLean,VA,22102,(703) 760-0701,,,,,,2026-09-05,saint_laurent_classified_2026-09-05.csv
Sandro,The Grove,,own-door,open,"189 The Grove Drive, Space K-70",Los Angeles,CA,90036,,The Grove,https://us.sandro-paris.com/en/boutique/la-the-grove,master store_type=standard (pre-recapture),,,2026-08-24,locations_2026-08-29.csv
Sandro,,,own-door,open,106 N 3rd Street,Brooklyn,NY,11249,,,https://us.sandro-paris.com/en/stores,master store_type=standard (pre-recapture),,,2026-08-24,locations_2026-08-29.csv
Sandro,,,own-door,open,117 Prince Street,New York,NY,10012,,,https://us.sandro-paris.com/en/stores,master store_type=standard (pre-recapture),,,2026-08-24,locations_2026-08-29.csv
Sandro,,,own-door,open,405 West 13th Street,New York,NY,10014,,,https://us.sandro-paris.com/en/stores,master store_type=standard (pre-recapture),,,2026-08-24,locations_2026-08-29.csv
Sid Mashburn,Brentwood Country Mart,,own-door,open,"225 26th St, Suite 34",Santa Monica,CA,90402,,Brentwood Country Mart,https://shopmashburn.com/blogs/sid-mashburn-locations,master store_type=standard (pre-recapture),,,2026-08-24,locations_2026-08-29.csv
Sid Mashburn,,,own-door,open,3206 N St NW,Washington,DC,20007,,,https://shopmashburn.com/blogs/sid-mashburn-locations,master store_type=standard (pre-recapture),,,2026-08-24,locations_2026-08-29.csv
Sid Mashburn,,,own-door,open,1198 Howell Mill Rd NW,Atlanta,GA,30318,,,https://shopmashburn.com/blogs/sid-mashburn-locations,master store_type=standard (pre-recapture),,,2026-08-24,locations_2026-08-29.csv
Sid Mashburn,,,own-door,open,6401 Carnegie Blvd,Charlotte,NC,28211,,,https://shopmashburn.com/blogs/sid-mashburn-locations,master store_type=standard (pre-recapture),,,2026-08-24,locations_2026-08-29.csv
Sid Mashburn,,,own-door,open,926 Madison Ave,New York,NY,10021,,,https://shopmashburn.com/blogs/sid-mashburn-locations,master store_type=standard (pre-recapture),,,2026-08-24,locations_2026-08-29.csv
Sid Mashburn,,,own-door,open,1316 Adams St,Nashville,TN,37208,,,https://shopmashburn.com/blogs/sid-mashburn-locations,master store_type=standard (pre-recapture),,,2026-08-24,locations_2026-08-29.csv
Sid Mashburn,,,own-door,open,4615 Cole Ave,Dallas,TX,75205,,,https://shopmashburn.com/blogs/sid-mashburn-locations,master store_type=standard (pre-recapture),,,2026-08-24,locations_2026-08-29.csv
Sid Mashburn,,,own-door,open,2515 River Oaks Blvd,Houston,TX,77019,,,https://shopmashburn.com/blogs/sid-mashburn-locations,master store_type=standard (pre-recapture),,,2026-08-24,locations_2026-08-29.csv
Southern Tide,,,own-door,open,412 Fairhope Ave Suite 101,Fairhope,Alabama,36532,,,https://southerntide.com/pages/store-locator,master store_type=standard (pre-recapture),,,2026-08-24,locations_2026-08-29.csv
Southern Tide,,,own-door,open,15323 N Scottsdale Road Suite 130,Scottsdale,Arizona,85254,,,https://southerntide.com/pages/store-locator,master store_type=standard (pre-recapture),,,2026-08-24,locations_2026-08-29.csv
Southern Tide,,,own-door,open,33 Elm Street Suite 1,Westport,Connecticut,06880,,,https://southerntide.com/pages/store-locator,master store_type=standard (pre-recapture),,,2026-08-24,locations_2026-08-29.csv
Southern Tide,,,own-door,open,4750 Amelia Island Parkway,Amelia Island,Florida,32034,,,https://southerntide.com/pages/store-locator,master store_type=standard (pre-recapture),,,2026-08-24,locations_2026-08-29.csv
Southern Tide,,,own-door,open,23150 Fashion Drive Suite 105,Estero,Florida,33928,,,https://southerntide.com/pages/store-locator,master store_type=standard (pre-recapture),,,2026-08-24,locations_2026-08-29.csv
Southern Tide,,,own-door,open,720 East Las Olas Boulevard,Fort Lauderdale,Florida,33301,,,https://southerntide.com/pages/store-locator,master store_type=standard (pre-recapture),,,2026-08-24,locations_2026-08-29.csv
Southern Tide,,,own-door,open,81610 Overseas Hwy,Islamorada,Florida,33036,,,https://southerntide.com/pages/store-locator,master store_type=standard (pre-recapture),,,2026-08-24,locations_2026-08-29.csv
Southern Tide,,,own-door,open,4742 River City Drive Suite 113,Jacksonville,Florida,32246,,,https://southerntide.com/pages/store-locator,master store_type=standard (pre-recapture),,,2026-08-24,locations_2026-08-29.csv
Southern Tide,,,own-door,open,500 Truman Avenue E-5,Key West,Florida,33040,,,https://southerntide.com/pages/store-locator,master store_type=standard (pre-recapture),,,2026-08-24,locations_2026-08-29.csv
Southern Tide,,,own-door,open,1089 N. Collier Blvd. Suite 417,Marco Island,Florida,34145,,,https://southerntide.com/pages/store-locator,master store_type=standard (pre-recapture),,,2026-08-24,locations_2026-08-29.csv
Southern Tide,,,own-door,open,2261 Town Center Avenue Suite 105,Melbourne,Florida,32940,,,https://southerntide.com/pages/store-locator,master store_type=standard (pre-recapture),,,2026-08-24,locations_2026-08-29.csv
Southern Tide,,,own-door,open,600 Grand Boulevard Suite 101,Miramar Beach,Florida,32550,,,https://southerntide.com/pages/store-locator,master store_type=standard (pre-recapture),,,2026-08-24,locations_2026-08-29.csv
Southern Tide,,,own-door,open,4350 Gulf Shore Blvd N Suite 502,Naples,Florida,34103,,,https://southerntide.com/pages/store-locator,master store_type=standard (pre-recapture),,,2026-08-24,locations_2026-08-29.csv
Southern Tide,,,own-door,open,9115 Strada Place Suite 5150,Naples,Florida,34108,,,https://southerntide.com/pages/store-locator,master store_type=standard (pre-recapture),,,2026-08-24,locations_2026-08-29.csv
Southern Tide,,,own-door,open,4771 E County Hwy 30A Unit C102,Santa Rosa Beach,Florida,32459,,,https://southerntide.com/pages/store-locator,master store_type=standard (pre-recapture),,,2026-08-24,locations_2026-08-29.csv
Southern Tide,,,own-door,open,140 University Town Center Drive Suite 126,Sarasota,Florida,34243,,,https://southerntide.com/pages/store-locator,master store_type=standard (pre-recapture),,,2026-08-24,locations_2026-08-29.csv
Southern Tide,,,own-door,open,5116 Ocean Blvd,Sarasota,Florida,34242,,,https://southerntide.com/pages/store-locator,master store_type=standard (pre-recapture),,,2026-08-24,locations_2026-08-29.csv
Southern Tide,,,own-door,open,921 Azalea Lane,Vero Beach,Florida,32963,,,https://southerntide.com/pages/store-locator,master store_type=standard (pre-recapture),,,2026-08-24,locations_2026-08-29.csv
Southern Tide,,,own-door,open,331 S Park Ave Suite 6,Winter Park,Florida,32789,,,https://southerntide.com/pages/store-locator,master store_type=standard (pre-recapture),,,2026-08-24,locations_2026-08-29.csv
Southern Tide,,,own-door,open,300 West River Street Suite 6D,Savannah,Georgia,31401,,,https://southerntide.com/pages/store-locator,master store_type=standard (pre-recapture),,,2026-08-24,locations_2026-08-29.csv
Southern Tide,,,own-door,open,600 Sea Island Dr Suite 10,St. Simons,Georgia,31522,,,https://southerntide.com/pages/store-locator,master store_type=standard (pre-recapture),,,2026-08-24,locations_2026-08-29.csv
Southern Tide,,,own-door,open,120 Water Street Suite 100,Naperville,Illinois,60540,,,https://southerntide.com/pages/store-locator,master store_type=standard (pre-recapture),,,2026-08-24,locations_2026-08-29.csv
Southern Tide,,,own-door,open,113 Marion Suite 150,Lexington,Kentucky,40517,,,https://southerntide.com/pages/store-locator,master store_type=standard (pre-recapture),,,2026-08-24,locations_2026-08-29.csv
Southern Tide,,,own-door,open,643 Main Street,Chatham,Massachusetts,02633,,,https://southerntide.com/pages/store-locator,master store_type=standard (pre-recapture),,,2026-08-24,locations_2026-08-29.csv
Southern Tide,,,own-door,open,13 Market Street,Mashpee,Massachusetts,02649,,,https://southerntide.com/pages/store-locator,master store_type=standard (pre-recapture),,,2026-08-24,locations_2026-08-29.csv
Southern Tide,,,own-door,open,34 Main Street,Nantucket,Massachusetts,02554,,,https://southerntide.com/pages/store-locator,master store_type=standard (pre-recapture),,,2026-08-24,locations_2026-08-29.csv
Southern Tide,,,own-door,open,1 Fenton Main Street Suite 125,Cary,North Carolina,27511,,,https://southerntide.com/pages/store-locator,master store_type=standard (pre-recapture),,,2026-08-24,locations_2026-08-29.csv
Southern Tide,,,own-door,open,121 US-64,Cashiers,North Carolina,28717,,,https://southerntide.com/pages/store-locator,master store_type=standard (pre-recapture),,,2026-08-24,locations_2026-08-29.csv
Southern Tide,,,own-door,open,"16925 Birkdale Commons Pkwy Building 1B, Unit 25",Huntersville,North Carolina,28078,,,https://southerntide.com/pages/store-locator,master store_type=standard (pre-recapture),,,2026-08-24,locations_2026-08-29.csv
Southern Tide,,,own-door,open,925 Town Center Drive Mayfaire Town Center,Wilmington,North Carolina,28405,,,https://southerntide.com/pages/store-locator,master store_type=standard (pre-recapture),,,2026-08-24,locations_2026-08-29.csv
Southern Tide,,,own-door,open,138 Swineburne Row,Newport,Rhode Island,02840,,,https://southerntide.com/pages/store-locator,master store_type=standard (pre-recapture),,,2026-08-24,locations_2026-08-29.csv
Southern Tide,,,own-door,open,2804 Devine Street,Columbia,South Carolina,29205,,,https://southerntide.com/pages/store-locator,master store_type=standard (pre-recapture),,,2026-08-24,locations_2026-08-29.csv
Southern Tide,,,own-door,open,320 Falls Street Suite F,Greenville,South Carolina,29601,,,https://southerntide.com/pages/store-locator,master store_type=standard (pre-recapture),,,2026-08-24,locations_2026-08-29.csv
Southern Tide,,,own-door,open,"17 Harbourside Lane Harbour Side 1, Unit A & B",Hilton Head,South Carolina,29928,,,https://southerntide.com/pages/store-locator,master store_type=standard (pre-recapture),,,2026-08-24,locations_2026-08-29.csv
Southern Tide,,,own-door,open,495 Freshfields Drive,Kiawah Island,South Carolina,29455,,,https://southerntide.com/pages/store-locator,master store_type=standard (pre-recapture),,,2026-08-24,locations_2026-08-29.csv
Southern Tide,,,own-door,open,1225 Belk Drive Suite H-2,Mount Pleasant,South Carolina,29464,,,https://southerntide.com/pages/store-locator,master store_type=standard (pre-recapture),,,2026-08-24,locations_2026-08-29.csv
Southern Tide,,,own-door,open,1612 S University Drive Suite 503A,Fort Worth,Texas,76107,,,https://southerntide.com/pages/store-locator,master store_type=standard (pre-recapture),,,2026-08-24,locations_2026-08-29.csv
Southern Tide,,,own-door,open,15900 LaCantera Parkway Suite 26100,San Antonio,Texas,78256,,,https://southerntide.com/pages/store-locator,master store_type=standard (pre-recapture),,,2026-08-24,locations_2026-08-29.csv
Southern Tide,,,own-door,open,409 Grand Ave East Suite 160,Southlake,Texas,76092,,,https://southerntide.com/pages/store-locator,master store_type=standard (pre-recapture),,,2026-08-24,locations_2026-08-29.csv
Southern Tide,,,own-door,open,20356 Exchange Street,Ashburn,Virginia,20147,,,https://southerntide.com/pages/store-locator,master store_type=standard (pre-recapture),,,2026-08-24,locations_2026-08-29.csv
Southern Tide,,,own-door,open,2905 District Ave Suite 145,Fairfax,Virginia,22031,,,https://southerntide.com/pages/store-locator,master store_type=standard (pre-recapture),,,2026-08-24,locations_2026-08-29.csv
State & Liberty,,,own-door,open,"15147 N Scottsdale Rd, Suite 108",Scottsdale,AZ,85254,,,https://stateandliberty.com/pages/store-locator,master store_type=standard (pre-recapture),,,2026-08-24,locations_2026-08-29.csv
State & Liberty,,,own-door,open,"830 Pacific Coast Hwy, Suite 111",El Segundo,CA,90245,,,https://stateandliberty.com/pages/store-locator,master store_type=standard (pre-recapture),,,2026-08-24,locations_2026-08-29.csv
State & Liberty,,,own-door,open,7857 Girard Avenue,La Jolla,CA,92037,,,https://stateandliberty.com/pages/store-locator,master store_type=standard (pre-recapture),,,2026-08-24,locations_2026-08-29.csv
State & Liberty,,,own-door,open,"10250 West Santa Monica Blvd, Space #1460",Los Angeles,CA,90067,,,https://stateandliberty.com/pages/store-locator,master store_type=standard (pre-recapture),,,2026-08-24,locations_2026-08-29.csv
State & Liberty,,,own-door,open,1005 Newport Center Drive,Newport Beach,CA,92660,,,https://stateandliberty.com/pages/store-locator,master store_type=standard (pre-recapture),,,2026-08-24,locations_2026-08-29.csv
State & Liberty,,,own-door,open,"1151 Galleria Blvd, Space #1200",Roseville,CA,95678,,,https://stateandliberty.com/pages/store-locator,master store_type=standard (pre-recapture),,,2026-08-24,locations_2026-08-29.csv
State & Liberty,,,own-door,open,"147 Broadway Lane, #1110",Walnut Creek,CA,94596,,,https://stateandliberty.com/pages/store-locator,master store_type=standard (pre-recapture),,,2026-08-24,locations_2026-08-29.csv
State & Liberty,,,own-door,open,1425 16th Street,Denver,CO,80202,,,https://stateandliberty.com/pages/store-locator,master store_type=standard (pre-recapture),,,2026-08-24,locations_2026-08-29.csv
State & Liberty,,,own-door,open,"2800 East 2nd Avenue, Suite 106",Denver,CO,80206,,,https://stateandliberty.com/pages/store-locator,master store_type=standard (pre-recapture),,,2026-08-24,locations_2026-08-29.csv
State & Liberty,,,own-door,open,367 Greenwich Avenue,Greenwich,CT,06830,,,https://stateandliberty.com/pages/store-locator,master store_type=standard (pre-recapture),,,2026-08-24,locations_2026-08-29.csv
State & Liberty,,,own-door,open,72 Main Street,Westport,CT,06880,,,https://stateandliberty.com/pages/store-locator,master store_type=standard (pre-recapture),,,2026-08-24,locations_2026-08-29.csv
State & Liberty,,,own-door,open,3101 M Street Northwest,Washington,DC,20007,,,https://stateandliberty.com/pages/store-locator,master store_type=standard (pre-recapture),,,2026-08-24,locations_2026-08-29.csv
State & Liberty,,,own-door,open,1010 East Las Olas Boulevard,Fort Lauderdale,FL,33301,,,https://stateandliberty.com/pages/store-locator,master store_type=standard (pre-recapture),,,2026-08-24,locations_2026-08-29.csv
State & Liberty,,,own-door,open,"701 South Miami Avenue, Suite 346 B",Miami,FL,33130,,,https://stateandliberty.com/pages/store-locator,master store_type=standard (pre-recapture),,,2026-08-24,locations_2026-08-29.csv
State & Liberty,,,own-door,open,"2223 N Westshore Blvd, #105",Tampa,FL,33607,,,https://stateandliberty.com/pages/store-locator,master store_type=standard (pre-recapture),,,2026-08-24,locations_2026-08-29.csv
State & Liberty,,,own-door,open,840 West Armitage Avenue,Chicago,IL,60614,,,https://stateandliberty.com/pages/store-locator,master store_type=standard (pre-recapture),,,2026-08-24,locations_2026-08-29.csv
State & Liberty,,,own-door,open,8702 Keystone Crossing #164,Indianapolis,IN,46240,,,https://stateandliberty.com/pages/store-locator,master store_type=standard (pre-recapture),,,2026-08-24,locations_2026-08-29.csv
State & Liberty,,,own-door,open,"122 Marion, Suite 110",Lexington,KY,40517,,,https://stateandliberty.com/pages/store-locator,master store_type=standard (pre-recapture),,,2026-08-24,locations_2026-08-29.csv
State & Liberty,,,own-door,open,4000 Magazine St.,New Orleans,LA,70115,,,https://stateandliberty.com/pages/store-locator,master store_type=standard (pre-recapture),,,2026-08-24,locations_2026-08-29.csv
State & Liberty,,,own-door,open,201 Newbury Street,Boston,MA,02116,,,https://stateandliberty.com/pages/store-locator,master store_type=standard (pre-recapture),,,2026-08-24,locations_2026-08-29.csv
State & Liberty,,,own-door,open,234 Legacy Place,Dedham,MA,02026,,,https://stateandliberty.com/pages/store-locator,master store_type=standard (pre-recapture),,,2026-08-24,locations_2026-08-29.csv
State & Liberty,,,own-door,open,696 Market Street,Lynnfield,MA,01940,,,https://stateandliberty.com/pages/store-locator,master store_type=standard (pre-recapture),,,2026-08-24,locations_2026-08-29.csv
State & Liberty,,,own-door,open,212 South Main Street,Ann Arbor,MI,48104,,,https://stateandliberty.com/pages/store-locator,master store_type=standard (pre-recapture),,,2026-08-24,locations_2026-08-29.csv
State & Liberty,,,own-door,open,141 W Maple Road,Birmingham,MI,48009,,,https://stateandliberty.com/pages/store-locator,master store_type=standard (pre-recapture),,,2026-08-24,locations_2026-08-29.csv
State & Liberty,,,own-door,open,2900 Southdale Ctr,Edina,MN,55435,,,https://stateandliberty.com/pages/store-locator,master store_type=standard (pre-recapture),,,2026-08-24,locations_2026-08-29.csv
State & Liberty,,,own-door,open,321 Nichols Road,Kansas City,MO,64112,,,https://stateandliberty.com/pages/store-locator,master store_type=standard (pre-recapture),,,2026-08-24,locations_2026-08-29.csv
State & Liberty,,,own-door,open,"17250 Davenport Street, Suite C-106",Omaha,NE,68118,,,https://stateandliberty.com/pages/store-locator,master store_type=standard (pre-recapture),,,2026-08-24,locations_2026-08-29.csv
State & Liberty,,,own-door,open,176 5th Ave,New York,NY,10010,,,https://stateandliberty.com/pages/store-locator,master store_type=standard (pre-recapture),,,2026-08-24,locations_2026-08-29.csv
State & Liberty,,,own-door,open,57 Spring Street,New York,NY,10012,,,https://stateandliberty.com/pages/store-locator,master store_type=standard (pre-recapture),,,2026-08-24,locations_2026-08-29.csv
State & Liberty,,,own-door,open,"7875 Montgomery Rd, #2409",Cincinnati,OH,45236,,,https://stateandliberty.com/pages/store-locator,master store_type=standard (pre-recapture),,,2026-08-24,locations_2026-08-29.csv
State & Liberty,,,own-door,open,Easton 3992 Gramercy St.,Columbus,OH,43219,,,https://stateandliberty.com/pages/store-locator,master store_type=standard (pre-recapture),,,2026-08-24,locations_2026-08-29.csv
State & Liberty,,,own-door,open,251 Main St,Westlake,OH,44145,,,https://stateandliberty.com/pages/store-locator,master store_type=standard (pre-recapture),,,2026-08-24,locations_2026-08-29.csv
State & Liberty,,,own-door,open,1517 Walnut Street,Philadelphia,PA,19102,,,https://stateandliberty.com/pages/store-locator,master store_type=standard (pre-recapture),,,2026-08-24,locations_2026-08-29.csv
State & Liberty,,,own-door,open,"1000 Ross Park Mall Drive, G04E",Pittsburgh,PA,15237,,,https://stateandliberty.com/pages/store-locator,master store_type=standard (pre-recapture),,,2026-08-24,locations_2026-08-29.csv
State & Liberty,,,own-door,open,354 King St,Charleston,SC,29401,,,https://stateandliberty.com/pages/store-locator,master store_type=standard (pre-recapture),,,2026-08-24,locations_2026-08-29.csv
State & Liberty,,,own-door,open,"103 N Main St., Suite 102",Greenville,SC,29601,,,https://stateandliberty.com/pages/store-locator,master store_type=standard (pre-recapture),,,2026-08-24,locations_2026-08-29.csv
State & Liberty,,,own-door,open,"2126 Abbott Martin Road, Space #118",Nashville,TN,37215,,,https://stateandliberty.com/pages/store-locator,master store_type=standard (pre-recapture),,,2026-08-24,locations_2026-08-29.csv
State & Liberty,,,own-door,open,5060 Broadway Place,Nashville,TN,37203,,,https://stateandliberty.com/pages/store-locator,master store_type=standard (pre-recapture),,,2026-08-24,locations_2026-08-29.csv
State & Liberty,,,own-door,open,"3699 McKinney Avenue, STE 317B",Dallas,TX,75204,,,https://stateandliberty.com/pages/store-locator,master store_type=standard (pre-recapture),,,2026-08-24,locations_2026-08-29.csv
State & Liberty,,,own-door,open,"822 Town and Country Blvd, STE 108",Houston,TX,77024,,,https://stateandliberty.com/pages/store-locator,master store_type=standard (pre-recapture),,,2026-08-24,locations_2026-08-29.csv
State & Liberty,,,own-door,open,"888 Westheimer Road, Suite 151",Houston,TX,77006,,,https://stateandliberty.com/pages/store-locator,master store_type=standard (pre-recapture),,,2026-08-24,locations_2026-08-29.csv
State & Liberty,,,own-door,open,"50 South Main Street, Suite 208 A",Salt Lake City,UT,84101,,,https://stateandliberty.com/pages/store-locator,master store_type=standard (pre-recapture),,,2026-08-24,locations_2026-08-29.csv
State & Liberty,,,own-door,open,629 King St.,Alexandria,VA,22314,,,https://stateandliberty.com/pages/store-locator,master store_type=standard (pre-recapture),,,2026-08-24,locations_2026-08-29.csv
State & Liberty,,,own-door,open,234 Bellevue Square,Bellevue,WA,98004,,,https://stateandliberty.com/pages/store-locator,master store_type=standard (pre-recapture),,,2026-08-24,locations_2026-08-29.csv
State & Liberty,,,own-door,open,333 North Broadway,Milwaukee,WI,53202,,,https://stateandliberty.com/pages/store-locator,master store_type=standard (pre-recapture),,,2026-08-24,locations_2026-08-29.csv
Stefano Ricci,,,own-door,open,270 North Rodeo Drive,Beverly Hills,CA,90210,,,https://www.stefanoricci.com/us/boutiques,master store_type=standard (pre-recapture),,,2026-08-24,locations_2026-08-29.csv
Stefano Ricci,,,own-door,open,909 H St NW,Washington,DC,20001,,,https://www.stefanoricci.com/us/boutiques,master store_type=standard (pre-recapture),,,2026-08-24,locations_2026-08-29.csv
Stefano Ricci,Miami Design District,,own-door,open,120 NE 39th Street,Miami,FL,33137,,Miami Design District,https://www.stefanoricci.com/us/boutiques,master store_type=standard (pre-recapture),,,2026-08-24,locations_2026-08-29.csv
Stefano Ricci,Wynn Las Vegas,,own-door,open,"3131 Las Vegas Boulevard South, Unit 115C",Las Vegas,NV,89109,,Wynn Las Vegas,https://www.stefanoricci.com/us/boutiques,master store_type=standard (pre-recapture),,,2026-08-24,locations_2026-08-29.csv
Stefano Ricci,,,own-door,open,"49 East 57th Street, Fuller Building",New York,NY,10022,,,https://www.stefanoricci.com/us/boutiques,master store_type=standard (pre-recapture),,,2026-08-24,locations_2026-08-29.csv
Stefano Ricci,River Oaks District,,own-door,open,"4444 Westheimer Road, Suite C-110",Houston,TX,77027,,River Oaks District,https://www.stefanoricci.com/us/boutiques,master store_type=standard (pre-recapture),,,2026-08-24,locations_2026-08-29.csv
Stone Island,South Coast Plaza,,own-door,open,"3333 Bristol St, 2nd Level Suite #2040",Costa Mesa,CA,92626,,South Coast Plaza,https://www.stoneisland.com/en-us/storelocator,master store_type=standard (pre-recapture),,,2026-08-24,locations_2026-08-29.csv
Stone Island,,,own-door,open,101 N La Brea Ave,Los Angeles,CA,90036,,,https://www.stoneisland.com/en-us/storelocator,master store_type=standard (pre-recapture),,,2026-08-24,locations_2026-08-29.csv
Stone Island,Miami Design District,,own-door,open,"123 NE 41st St, #107/207",Miami,FL,33137,,Miami Design District,https://www.stoneisland.com/en-us/storelocator,master store_type=standard (pre-recapture),,,2026-08-24,locations_2026-08-29.csv
Stone Island,,,own-door,open,70 Greene Street,New York,NY,10012,,,https://www.stoneisland.com/en-us/storelocator,master store_type=standard (pre-recapture),,,2026-08-24,locations_2026-08-29.csv
Suitsupply,,,own-door,open,15257 N. Scottsdale Rd. Suite 200,Scottsdale,AZ,85254,,,https://suitsupply.com/en-us/stores,master store_type=standard (pre-recapture),,,2026-08-24,locations_2026-08-29.csv
Suitsupply,,,own-door,open,6600 Topanga Canyon Blvd,Canoga Park,CA,91303,,,https://suitsupply.com/en-us/stores,master store_type=standard (pre-recapture),,,2026-08-24,locations_2026-08-29.csv
Suitsupply,,,own-door,open,"10250 Santa Monica Boulevard, Space 1825",Los Angeles,CA,90067,,,https://suitsupply.com/en-us/stores,master store_type=standard (pre-recapture),,,2026-08-24,locations_2026-08-29.csv
Suitsupply,,,own-door,open,1136 Abbot Kinney Boulevard,Los Angeles,CA,90291,,,https://suitsupply.com/en-us/stores,master store_type=standard (pre-recapture),,,2026-08-24,locations_2026-08-29.csv
Suitsupply,,,own-door,open,905 Newport Center Drive,Newport Beach,CA,92660,,,https://suitsupply.com/en-us/stores,master store_type=standard (pre-recapture),,,2026-08-24,locations_2026-08-29.csv
Suitsupply,,,own-door,open,4303 La Jolla Village Drive Space 2125,San Diego,CA,92122,,,https://suitsupply.com/en-us/stores,master store_type=standard (pre-recapture),,,2026-08-24,locations_2026-08-29.csv
Suitsupply,,,own-door,open,175 Maiden Lane,San Francisco,CA,94108,,,https://suitsupply.com/en-us/stores,master store_type=standard (pre-recapture),,,2026-08-24,locations_2026-08-29.csv
Suitsupply,,,own-door,open,"333 Santana Row, Suite 1020",San Jose,CA,95128,,,https://suitsupply.com/en-us/stores,master store_type=standard (pre-recapture),,,2026-08-24,locations_2026-08-29.csv
Suitsupply,,,own-door,open,299 Detroit St,Denver,CO,80206,,,https://suitsupply.com/en-us/stores,master store_type=standard (pre-recapture),,,2026-08-24,locations_2026-08-29.csv
Suitsupply,,,own-door,open,80 Mason Street,Greenwich,CT,06830,,,https://suitsupply.com/en-us/stores,master store_type=standard (pre-recapture),,,2026-08-24,locations_2026-08-29.csv
Suitsupply,,,own-door,open,"2828 Pennsylvania Avenue, N.W",Washington,DC,20007,,,https://suitsupply.com/en-us/stores,master store_type=standard (pre-recapture),,,2026-08-24,locations_2026-08-29.csv
Suitsupply,,,own-door,open,701 S MIAMI AVE,Miami,FL,33131,,,https://suitsupply.com/en-us/stores,master store_type=standard (pre-recapture),,,2026-08-24,locations_2026-08-29.csv
Suitsupply,,,own-door,open,4200 Conroy Road,Orlando,FL,32839,,,https://suitsupply.com/en-us/stores,master store_type=standard (pre-recapture),,,2026-08-24,locations_2026-08-29.csv
Suitsupply,,,own-door,open,1525 W. Swann Ave,Tampa,FL,33606,,,https://suitsupply.com/en-us/stores,master store_type=standard (pre-recapture),,,2026-08-24,locations_2026-08-29.csv
Suitsupply,,,own-door,open,3400 Around Lenox Road NE,Atlanta,GA,30326,,,https://suitsupply.com/en-us/stores,master store_type=standard (pre-recapture),,,2026-08-24,locations_2026-08-29.csv
Suitsupply,,,own-door,open,945 North Rush St,Chicago,IL,60611,,,https://suitsupply.com/en-us/stores,master store_type=standard (pre-recapture),,,2026-08-24,locations_2026-08-29.csv
Suitsupply,,,own-door,open,240A Newbury Street,Boston,MA,02116,,,https://suitsupply.com/en-us/stores,master store_type=standard (pre-recapture),,,2026-08-24,locations_2026-08-29.csv
Suitsupply,,,own-door,open,2801 W Big Beaver Rd,Troy,MI,48084,,,https://suitsupply.com/en-us/stores,master store_type=standard (pre-recapture),,,2026-08-24,locations_2026-08-29.csv
Suitsupply,,,own-door,open,"3510 Galleria, Unit No. 3165L",Edina,MN,55435,,,https://suitsupply.com/en-us/stores,master store_type=standard (pre-recapture),,,2026-08-24,locations_2026-08-29.csv
Suitsupply,,,own-door,open,44 Maryland Plaza,St. Louis,MO,63108,,,https://suitsupply.com/en-us/stores,master store_type=standard (pre-recapture),,,2026-08-24,locations_2026-08-29.csv
Suitsupply,,,own-door,open,1200 Morris Turnpike Suite #A125,Short Hills,NJ,07078,,,https://suitsupply.com/en-us/stores,master store_type=standard (pre-recapture),,,2026-08-24,locations_2026-08-29.csv
Suitsupply,,,own-door,open,3327 Las Vegas Blvd. South #2744,Las Vegas,NV,89109,,,https://suitsupply.com/en-us/stores,master store_type=standard (pre-recapture),,,2026-08-24,locations_2026-08-29.csv
Suitsupply,,,own-door,open,3500 Las Vegas Blvd S,Las Vegas,NV,89109,,,https://suitsupply.com/en-us/stores,master store_type=standard (pre-recapture),,,2026-08-24,locations_2026-08-29.csv
Suitsupply,,,own-door,open,57 Wythe Avenue,Brooklyn,NY,11249,,,https://suitsupply.com/en-us/stores,master store_type=standard (pre-recapture),,,2026-08-24,locations_2026-08-29.csv
Suitsupply,,,own-door,open,630 Old Country Road 3010,Garden City,NY,11530,,,https://suitsupply.com/en-us/stores,master store_type=standard (pre-recapture),,,2026-08-24,locations_2026-08-29.csv
Suitsupply,,,own-door,open,20 Hudson Yards,New York,NY,10001,,,https://suitsupply.com/en-us/stores,master store_type=standard (pre-recapture),,,2026-08-24,locations_2026-08-29.csv
Suitsupply,,,own-door,open,"230 Vesey Street, Suite 210",New York,NY,10281,,,https://suitsupply.com/en-us/stores,master store_type=standard (pre-recapture),,,2026-08-24,locations_2026-08-29.csv
Suitsupply,,,own-door,open,453 Broome str,New York,NY,10013,,,https://suitsupply.com/en-us/stores,master store_type=standard (pre-recapture),,,2026-08-24,locations_2026-08-29.csv
Suitsupply,,,own-door,open,635 Madison Avenue,New York,NY,10022,,,https://suitsupply.com/en-us/stores,master store_type=standard (pre-recapture),,,2026-08-24,locations_2026-08-29.csv
Suitsupply,,,own-door,open,160 N Gulph Road,King of Prussia,PA,19406,,,https://suitsupply.com/en-us/stores,master store_type=standard (pre-recapture),,,2026-08-24,locations_2026-08-29.csv
Suitsupply,,,own-door,open,1601 Locust Street,Philadelphia,PA,19103,,,https://suitsupply.com/en-us/stores,master store_type=standard (pre-recapture),,,2026-08-24,locations_2026-08-29.csv
Suitsupply,,,own-door,open,"11701 Domain Boulevard, Suite C9",Austin,TX,78758,,,https://suitsupply.com/en-us/stores,master store_type=standard (pre-recapture),,,2026-08-24,locations_2026-08-29.csv
Suitsupply,,,own-door,open,"3700 McKinney Avenue, Suite 100",Dallas,TX,75204,,,https://suitsupply.com/en-us/stores,master store_type=standard (pre-recapture),,,2026-08-24,locations_2026-08-29.csv
Suitsupply,,,own-door,open,2601 Westheimer RD #220,Houston,TX,77098,,,https://suitsupply.com/en-us/stores,master store_type=standard (pre-recapture),,,2026-08-24,locations_2026-08-29.csv
Suitsupply,,,own-door,open,"7701 Windrose Avenue, Suite F190",Plano,TX,75024,,,https://suitsupply.com/en-us/stores,master store_type=standard (pre-recapture),,,2026-08-24,locations_2026-08-29.csv
Suitsupply,,,own-door,open,9595 Six Pines Drive,The Woodlands,TX,77380,,,https://suitsupply.com/en-us/stores,master store_type=standard (pre-recapture),,,2026-08-24,locations_2026-08-29.csv
Suitsupply,,,own-door,open,50 S Main St,Salt Lake City,UT,84101,,,https://suitsupply.com/en-us/stores,master store_type=standard (pre-recapture),,,2026-08-24,locations_2026-08-29.csv
Suitsupply,,,own-door,open,"2001 International Drive, Tysons",McLean,VA,22102,,,https://suitsupply.com/en-us/stores,master store_type=standard (pre-recapture),,,2026-08-24,locations_2026-08-29.csv
Suitsupply,,,own-door,open,144 Bellevue Square,Bellevue,WA,98004,,,https://suitsupply.com/en-us/stores,master store_type=standard (pre-recapture),,,2026-08-24,locations_2026-08-29.csv
Suitsupply,,,own-door,open,"416 University Street, Suite 210/212",Seattle,WA,98101,,,https://suitsupply.com/en-us/stores,master store_type=standard (pre-recapture),,,2026-08-24,locations_2026-08-29.csv
Sunspel,Marin Country Mart,,own-door,open,1001 Larkspur Landing Circle,Larkspur,CA,94939,,Marin Country Mart,https://www.sunspel.com/pages/stores,master store_type=standard (pre-recapture),,,2026-08-24,locations_2026-08-29.csv
Sunspel,,,own-door,open,3312 Sunset Blvd,Los Angeles,CA,90026,,,https://www.sunspel.com/pages/stores,master store_type=standard (pre-recapture),,,2026-08-24,locations_2026-08-29.csv
Sunspel,Montecito Country Mart,,own-door,open,1016-C Coast Village Road,Montecito,CA,93108,,Montecito Country Mart,https://www.sunspel.com/pages/stores,master store_type=standard (pre-recapture),,,2026-08-24,locations_2026-08-29.csv
Sunspel,,,own-door,open,781 Madison Avenue,New York,NY,10065,,,https://www.sunspel.com/pages/stores,master store_type=standard (pre-recapture),,,2026-08-24,locations_2026-08-29.csv
Sunspel,,,own-door,open,85 Mercer Street,New York,NY,10012,,,https://www.sunspel.com/pages/stores,master store_type=standard (pre-recapture),,,2026-08-24,locations_2026-08-29.csv
Taylor Stitch,,,own-door,open,2030 Chestnut Street,San Francisco,CA,94115,,,https://www.taylorstitch.com/pages/locations,master store_type=standard (pre-recapture),,,2026-08-24,locations_2026-08-29.csv
Taylor Stitch,,,own-door,open,383 Valencia Street,San Francisco,CA,94103,,,https://www.taylorstitch.com/pages/locations,master store_type=standard (pre-recapture),,,2026-08-24,locations_2026-08-29.csv
Taylor Stitch,,,own-door,open,315 E Pine Street,Seattle,WA,98122,,,https://www.taylorstitch.com/pages/locations,master store_type=standard (pre-recapture),,,2026-08-24,locations_2026-08-29.csv
Tecovas,The Summit,,own-door,open,"214 Summit Blvd, Suite 350",Birmingham,AL,35243,(205) 683-8335,,https://www.tecovas.com/stores/birmingham-al-the-summit,brand-stated: locator; labels only New / Coming Soon,,,2026-09-05,tecovas_classified_2026-09-05.csv
Tecovas,Pinnacle Hills,,own-door,open,"2203 South Promenade Blvd, Suite 3140",Rogers,AR,72758,(479) 407-1407,,https://www.tecovas.com/stores/rogers-ar-pinnacle-hills,brand-stated: locator; labels only New / Coming Soon,,,2026-09-05,tecovas_classified_2026-09-05.csv
Tecovas,SanTan Village,,own-door,open,"2168 E. Williams Field Rd , #109",Gilbert,AZ,85295,(480) 531-1063,,https://www.tecovas.com/stores/santan-gilbert,brand-stated: locator; labels only New / Coming Soon,,,2026-09-05,tecovas_classified_2026-09-05.csv
Tecovas,Kierland Commons,,own-door,open,"15215 North Kierland Blvd, Suite 135B1A",Scottsdale,AZ,85254,(480) 999-0019,,https://www.tecovas.com/stores/scottsdale-az-kierland-commons,brand-stated: locator; labels only New / Coming Soon,,,2026-09-05,tecovas_classified_2026-09-05.csv
Tecovas,Fashion Square,,own-door,open,"7014 E Camelback Rd, Suite 545",Scottsdale,AZ,85251,,,https://www.tecovas.com/stores/fashion-square-scottsdale,brand-stated: locator; labels only New / Coming Soon,,Locator publishes no phone for this door.,2026-09-05,tecovas_classified_2026-09-05.csv
Tecovas,La Encantada,,own-door,open,"2905 East Skyline Drive, Suite 262",Tucson,AZ,85718,(520) 504-6540,,https://www.tecovas.com/stores/tucson-az-la-encantada,brand-stated: locator; labels only New / Coming Soon,,,2026-09-05,tecovas_classified_2026-09-05.csv
Tecovas,The Forum,,own-door,open,"1911 Calle Barcelona, Suite 157",Carlsbad,CA,92009,(760) 313-7586,,https://www.tecovas.com/stores/the-forum-carlsbad,brand-stated: locator; labels only New / Coming Soon,,,2026-09-05,tecovas_classified_2026-09-05.csv
Tecovas,Victoria Gardens,,own-door,open,"12447 South Mainstreet, SPI255",Rancho Cucamonga,CA,91739,(909) 406-8464,,https://www.tecovas.com/stores/rancho-cucamonga-ca-victoria-gardens,brand-stated: locator; labels only New / Coming Soon,,,2026-09-05,tecovas_classified_2026-09-05.csv
Tecovas,Ice Blocks,,own-door,open,"1610 R St, Ste 145",Sacramento,CA,95811,(916) 299-3957,,https://www.tecovas.com/stores/ice-blocks-sacramento,brand-stated: locator; labels only New / Coming Soon,,,2026-09-05,tecovas_classified_2026-09-05.csv
Tecovas,Fashion Valley,,own-door,open,"7007 Friars Road, Suite 825",San Diego,CA,92108,(619) 493-1734,,https://www.tecovas.com/stores/san-diego-ca-fashion-valley,brand-stated: locator; labels only New / Coming Soon,,,2026-09-05,tecovas_classified_2026-09-05.csv
Tecovas,River Street Marketplace,,own-door,open,"31896 Paseo Adelanto, Suite 105",San Juan Capistrano,CA,92675,(949) 704-1036,,https://www.tecovas.com/stores/san-juan-capistrano-ca,brand-stated: locator; labels only New / Coming Soon,,,2026-09-05,tecovas_classified_2026-09-05.csv
Tecovas,Old Town,,own-door,coming soon,28601 Old Town Front Street,Temecula,CA,92590,,,https://www.tecovas.com/stores/old-town-temecula,brand-stated: locator; labels only New / Coming Soon,,Coming Soon: locator publishes no phone or hours.,2026-09-05,tecovas_classified_2026-09-05.csv
Tecovas,Cherry Creek North,,own-door,open,"3030 East 2nd Avenue, Unit 102",Denver,CO,80206,(719) 370-4252,,https://www.tecovas.com/stores/denver-co-cherry-creek-north,brand-stated: locator; labels only New / Coming Soon,,,2026-09-05,tecovas_classified_2026-09-05.csv
Tecovas,St Johns Town Center,,own-door,open,"4711 River City Drive, Suite 128",Jacksonville,FL,32246,(904) 792-5021,,https://www.tecovas.com/stores/jacksonville-fl-st-johns-town-center,brand-stated: locator; labels only New / Coming Soon,,,2026-09-05,tecovas_classified_2026-09-05.csv
Tecovas,Aventura Mall,,own-door,open,"19565 Biscayne Boulevard, Suite 1964",Miami,FL,33180,(786) 519-0211,,https://www.tecovas.com/stores/adventura-mall-miami-fl,brand-stated: locator; labels only New / Coming Soon,,,2026-09-05,tecovas_classified_2026-09-05.csv
Tecovas,The Mall at Millenia,,own-door,open,"4200 Conroy Rd, Space G-173",Orlando,FL,32839,(407) 919-6554,,https://www.tecovas.com/stores/the-mall-at-millenia-orlando-fl,brand-stated: locator; labels only New / Coming Soon,,,2026-09-05,tecovas_classified_2026-09-05.csv
Tecovas,The Gardens Mall,,own-door,open,3101 PGA Boulevard,Palm Beach Gardens,FL,33410,(561) 461-8366,,https://www.tecovas.com/stores/the-gardens-mall-palm-beach,brand-stated: locator; labels only New / Coming Soon,,,2026-09-05,tecovas_classified_2026-09-05.csv
Tecovas,International Plaza,,own-door,open,"2223 N. West Shore Blvd, Space 261",Tampa,FL,33607,(813) 921-9173,,https://www.tecovas.com/stores/tampa-fl-international-plaza,brand-stated: locator; labels only New / Coming Soon,,,2026-09-05,tecovas_classified_2026-09-05.csv
Tecovas,Avalon,,own-door,open,3100 Avalon Blvd,Alpharetta,GA,30009,(770) 341-0607,,https://www.tecovas.com/stores/avalon-alpharetta-ga,brand-stated: locator; labels only New / Coming Soon,,,2026-09-05,tecovas_classified_2026-09-05.csv
Tecovas,Shops Around Lenox,,own-door,open,"3400 Around Lenox Road, Suite 200",Atlanta,GA,30326,(470) 208-6307,,https://www.tecovas.com/stores/atlanta-ga-shops-around-lenox,brand-stated: locator; labels only New / Coming Soon,,,2026-09-05,tecovas_classified_2026-09-05.csv
Tecovas,Oakbrook Center,,own-door,open,168 Oakbrook Center,Oak Brook,IL,60523,(630) 296-9753,,https://www.tecovas.com/stores/oakbrook-center-oak-brook-il,brand-stated: locator; labels only New / Coming Soon,,,2026-09-05,tecovas_classified_2026-09-05.csv
Tecovas,Town Center Crossing,,own-door,open,"4419 W 119th Street, #A128",Leawood,KS,66209,(913) 355-5050,,https://www.tecovas.com/stores/leawood-ks-town-center-crossing,brand-stated: locator; labels only New / Coming Soon,,,2026-09-05,tecovas_classified_2026-09-05.csv
Tecovas,Oxmoor Center,,own-door,open,"7900 Shelbyville Rd, Space J10",Louisville,KY,40222,(502) 264-9846,,https://www.tecovas.com/stores/oxmoor-center-louisville-ky,brand-stated: locator; labels only New / Coming Soon,,,2026-09-05,tecovas_classified_2026-09-05.csv
Tecovas,Perkins Rowe,,own-door,open,"10155 Perkins Rowe, D-150",Baton Rouge,LA,70810,(225) 230-3200,,https://www.tecovas.com/stores/baton-rouge-la-perkins-rowe,brand-stated: locator; labels only New / Coming Soon,,,2026-09-05,tecovas_classified_2026-09-05.csv
Tecovas,Legacy Place,,own-door,open,204 Legacy Place,Dedham,MA,02026,(781) 399-8440,,https://www.tecovas.com/stores/dedham-ma-legacy-place,brand-stated: locator; labels only New / Coming Soon,,,2026-09-05,tecovas_classified_2026-09-05.csv
Tecovas,Woodward Avenue,,own-door,open,"1252 Woodward Ave, Space F",Detroit,MI,48226,(313) 524-8789,,https://www.tecovas.com/stores/woodward-avenue-detroit,brand-stated: locator; labels only New / Coming Soon,,,2026-09-05,tecovas_classified_2026-09-05.csv
Tecovas,Somerset Collection,,own-door,open,"2800 W Big Beaver Rd, Space T251",Troy,MI,48084,(248) 929-5972,,https://www.tecovas.com/stores/somerset-collection-detroit,brand-stated: locator; labels only New / Coming Soon,,,2026-09-05,tecovas_classified_2026-09-05.csv
Tecovas,Southdale Center,,own-door,open,2846 Southdale Center,Edina,MN,55435,(952) 213-1656,,https://www.tecovas.com/stores/southdale-center-minneapolis,brand-stated: locator; labels only New / Coming Soon,,,2026-09-05,tecovas_classified_2026-09-05.csv
Tecovas,Plaza Frontenac,,own-door,open,"1701 S. Lindbergh Blvd , #253",St. Louis,MO,63131,(314) 912-9632,,https://www.tecovas.com/stores/st-louis-mo-plaza-frontenac,brand-stated: locator; labels only New / Coming Soon,,,2026-09-05,tecovas_classified_2026-09-05.csv
Tecovas,Atherton Mill,,own-door,open,"2036 South Blvd, #3",Charlotte,NC,28203,(704) 255-5566,,https://www.tecovas.com/stores/charlotte-nc-atherton-mill,brand-stated: locator; labels only New / Coming Soon,,,2026-09-05,tecovas_classified_2026-09-05.csv
Tecovas,North Hills,,own-door,open,"4158 Main at North Hill Street, Suite 110",Raleigh,NC,27609,(919) 321-9519,,https://www.tecovas.com/stores/raleigh-nc-north-hills,brand-stated: locator; labels only New / Coming Soon,,,2026-09-05,tecovas_classified_2026-09-05.csv
Tecovas,Downtown Summerlin,,own-door,open,1980 Festival Plaza Dr.,Las Vegas,NV,89135,(702) 674-9277,,https://www.tecovas.com/stores/downtown-summerlin-las-vegas,brand-stated: locator; labels only New / Coming Soon,,,2026-09-05,tecovas_classified_2026-09-05.csv
Tecovas,Williamsburg,,own-door,open,89 N. 6th Street,Brooklyn,NY,11249,(347) 384-5510,,https://www.tecovas.com/stores/williamsburg-brooklyn,brand-stated: locator; labels only New / Coming Soon,,,2026-09-05,tecovas_classified_2026-09-05.csv
Tecovas,SoHo,,own-door,open,105 Wooster St.,New York,NY,10012,(718) 550-0169,,https://www.tecovas.com/stores/soho-new-york,brand-stated: locator; labels only New / Coming Soon,,,2026-09-05,tecovas_classified_2026-09-05.csv
Tecovas,Pinecrest,,own-door,open,"200 Park Ave, Suite 134",Beachwood,OH,44122,(732) 426-3948,,https://www.tecovas.com/stores/pinecrest-cleveland,brand-stated: locator; labels only New / Coming Soon,,,2026-09-05,tecovas_classified_2026-09-05.csv
Tecovas,Easton Town Center,,own-door,open,4034 The Strand E,Columbus,OH,43219,(380) 227-3842,,https://www.tecovas.com/stores/easton-town-center-columbus-oh,brand-stated: locator; labels only New / Coming Soon,,,2026-09-05,tecovas_classified_2026-09-05.csv
Tecovas,Classen Curve,,own-door,open,"5854 North Classen Blvd, Suite P06",Oklahoma City,OK,73118,(405) 724-2444,,https://www.tecovas.com/stores/oklahoma-city-ok-classen-curve,brand-stated: locator; labels only New / Coming Soon,,,2026-09-05,tecovas_classified_2026-09-05.csv
Tecovas,Center 1,,own-door,open,"3524 South Peoria Avenue, #B",Tulsa,OK,,(918) 212-0315,,https://www.tecovas.com/stores/center-1-tulsa,brand-stated: locator; labels only New / Coming Soon,,"ZIP blanked. Page's structured data published 37203, a Nashville TN ZIP, on an OK store; the visible address block publishes no ZIP. Not guessed.",2026-09-05,tecovas_classified_2026-09-05.csv
Tecovas,Bridgeport Village,,own-door,open,7277 SW Bridgeport Rd,Tigard,OR,97224,(503) 917-0740,,https://www.tecovas.com/stores/bridgeport-village-portland,brand-stated: locator; labels only New / Coming Soon,,,2026-09-05,tecovas_classified_2026-09-05.csv
Tecovas,King of Prussia,,own-door,open,"160 N. Gulph Road, Suite 2359",King of Prussia,PA,19406,(610) 686-6355,,https://www.tecovas.com/stores/philadelphia-pa-king-of-prussia,brand-stated: locator; labels only New / Coming Soon,,,2026-09-05,tecovas_classified_2026-09-05.csv
Tecovas,Ross Park Mall,,own-door,open,"1000 Ross Park Mall Dr, Space A03A",Pittsburgh,PA,15237,(412) 214-0443,,https://www.tecovas.com/stores/ross-park-mall-pittsburgh-pa,brand-stated: locator; labels only New / Coming Soon,,,2026-09-05,tecovas_classified_2026-09-05.csv
Tecovas,King Street,,own-door,open,288 King Street,Charleston,SC,29401,(843) 640-0448,,https://www.tecovas.com/stores/charleston-sc-king-street,brand-stated: locator; labels only New / Coming Soon,,,2026-09-05,tecovas_classified_2026-09-05.csv
Tecovas,Public Square,,own-door,open,306 Public Square,Franklin,TN,37064,(615) 380-4608,,https://www.tecovas.com/stores/public-square-franklin-tn,brand-stated: locator; labels only New / Coming Soon,,,2026-09-05,tecovas_classified_2026-09-05.csv
Tecovas,Saddle Creek,,own-door,open,"2031 West Street, Suite 111",Germantown,TN,38138,(901) 499-2751,,https://www.tecovas.com/stores/memphis-tn-saddle-creek,brand-stated: locator; labels only New / Coming Soon,,,2026-09-05,tecovas_classified_2026-09-05.csv
Tecovas,Kingston Pike,,own-door,open,5410 Kingston Pike,Knoxville,TN,37919,(865) 326-1649,,https://www.tecovas.com/stores/kingston-pike-knoxville-tn,brand-stated: locator; labels only New / Coming Soon,,,2026-09-05,tecovas_classified_2026-09-05.csv
Tecovas,The Mall at Green Hills,,own-door,open,"2126 Abbott Martin Road, Suite 157",Nashville,TN,37215,(629) 269-0166,,https://www.tecovas.com/stores/nashville-tn-green-hills,brand-stated: locator; labels only New / Coming Soon,,,2026-09-05,tecovas_classified_2026-09-05.csv
Tecovas,Fifth + Broadway,,own-door,open,"5011 Broadway Place, A 109.5",Nashville,TN,37203,(615) 787-8027,,https://www.tecovas.com/stores/nashville-tn-broadway,brand-stated: locator; labels only New / Coming Soon,,,2026-09-05,tecovas_classified_2026-09-05.csv
Tecovas,Tanger Outlets Sevierville,,own-door,open,"1645 Parkway, Suite 1370",Sevierville,TN,37862,(865) 213-1445,,https://www.tecovas.com/stores/tanger-outlets-sevierville-tn,brand-stated: locator; labels only New / Coming Soon,"Tanger Outlets venue, no Outlet label — kept as own-door on the label; venue noted.",Sits in a named outlet centre (Tanger Outlets Sevierville) but the locator applies no Outlet label. Venue noted; not reclassified.,2026-09-05,tecovas_classified_2026-09-05.csv
Tecovas,Alamo Heights,,own-door,open,"5300 Broadway, Suite 5330",Alamo Heights,TX,78209,(210) 670-6900,,https://www.tecovas.com/stores/5300-broadway-san-antonio,brand-stated: locator; labels only New / Coming Soon,,,2026-09-05,tecovas_classified_2026-09-05.csv
Tecovas,Domain Northside,,own-door,open,"11701 Domain Blvd, Suite 106",Austin,TX,78758,(512) 543-4664,,https://www.tecovas.com/stores/austin-tx-domain,brand-stated: locator; labels only New / Coming Soon,,,2026-09-05,tecovas_classified_2026-09-05.csv
Tecovas,South Congress,,own-door,open,1500 South Congress Avenue,Austin,TX,78704,(512) 675-4343,,https://www.tecovas.com/stores/austin-tx-south-congress,brand-stated: locator; labels only New / Coming Soon,,,2026-09-05,tecovas_classified_2026-09-05.csv
Tecovas,Knox-Henderson,,own-door,open,3010 North Henderson Avenue,Dallas,TX,75206,(972) 299-3885,,https://www.tecovas.com/stores/dallas-tx-henderson,brand-stated: locator; labels only New / Coming Soon,,,2026-09-05,tecovas_classified_2026-09-05.csv
Tecovas,NorthPark Center,,own-door,open,"8687 N Central Expressway, Suite 1616",Dallas,TX,75225,(214) 833-2628,,https://www.tecovas.com/stores/dallas-tx-north-park-center,brand-stated: locator; labels only New / Coming Soon,,,2026-09-05,tecovas_classified_2026-09-05.csv
Tecovas,N Main Street,,own-door,open,2341 N. Main Street,Fort Worth,TX,76164,(817) 663-1977,,https://www.tecovas.com/stores/fort-worth-tx-main-st,brand-stated: locator; labels only New / Coming Soon,,,2026-09-05,tecovas_classified_2026-09-05.csv
Tecovas,Baybrook Mall,,own-door,open,"700 Baybrook Mall, Space F138",Friendswood,TX,77546,(281) 559-0510,,https://www.tecovas.com/stores/baybrook-mall-friendswood,brand-stated: locator; labels only New / Coming Soon,,,2026-09-05,tecovas_classified_2026-09-05.csv
Tecovas,Georgetown,,own-door,open,"709 Main Street, Unit 201",Georgetown,TX,78626,(512) 543-4744,,https://www.tecovas.com/stores/georgetown-tx,brand-stated: locator; labels only New / Coming Soon,,,2026-09-05,tecovas_classified_2026-09-05.csv
Tecovas,Rice Village,,own-door,open,"2400 University Blvd, Suite 100",Houston,TX,77005,(832) 481-7020,,https://www.tecovas.com/stores/houston-tx-rice-village,brand-stated: locator; labels only New / Coming Soon,,,2026-09-05,tecovas_classified_2026-09-05.csv
Tecovas,City Centre,,own-door,open,"800 Town & Country Blvd, Suite 103",Houston,TX,77024,(281) 868-8644,,https://www.tecovas.com/stores/houston-tx-city-centre,brand-stated: locator; labels only New / Coming Soon,,,2026-09-05,tecovas_classified_2026-09-05.csv
Tecovas,Legacy West,,own-door,open,"7601 Windrose Ave, SPC F-110",Plano,TX,75024,(972) 665-7271,,https://www.tecovas.com/stores/plano-tx-legacy-west,brand-stated: locator; labels only New / Coming Soon,,,2026-09-05,tecovas_classified_2026-09-05.csv
Tecovas,La Cantera,,own-door,open,"15900 La Cantera Parkway, Suite 5520",San Antonio,TX,78256,(210) 547-8555,,https://www.tecovas.com/stores/san-antonio-tx-la-cantera,brand-stated: locator; labels only New / Coming Soon,,,2026-09-05,tecovas_classified_2026-09-05.csv
Tecovas,Southlake Town Square,,own-door,open,300 Grand Avenue East,Southlake,TX,76092,(817) 663-2931,,https://www.tecovas.com/stores/southlake-tx-town-square,brand-stated: locator; labels only New / Coming Soon,,,2026-09-05,tecovas_classified_2026-09-05.csv
Tecovas,Market Street,,own-door,open,"9595 Six Pines Drive, Space 550",The Woodlands,TX,77380,(281) 819-3399,,https://www.tecovas.com/stores/the-woodlands-tx-market-street,brand-stated: locator; labels only New / Coming Soon,,,2026-09-05,tecovas_classified_2026-09-05.csv
Tecovas,Waco,,own-door,open,729 Washington Ave 100,Waco,TX,76701,(254) 244-5911,,https://www.tecovas.com/stores/waco-tx,brand-stated: locator; labels only New / Coming Soon,,,2026-09-05,tecovas_classified_2026-09-05.csv
Tecovas,City Creek Center,,own-door,open,"50 S Main St, Space 170",Salt Lake City,UT,84101,(307) 269-9533,,https://www.tecovas.com/stores/salt-lake-city,brand-stated: locator; labels only New / Coming Soon,,,2026-09-05,tecovas_classified_2026-09-05.csv
Tecovas,Mosaic,,own-door,open,"2905 District Ave, Suite 115",Fairfax,VA,22031,(571) 440-7140,,https://www.tecovas.com/stores/fairfax-va-mosaic,brand-stated: locator; labels only New / Coming Soon,,,2026-09-05,tecovas_classified_2026-09-05.csv
Tecovas,Short Pump Town Center,,own-door,open,"11800 W Broad St, Ste 1412",Richmond,VA,23233,(804) 223-6211,,https://www.tecovas.com/stores/short-pump-town-center,brand-stated: locator; labels only New / Coming Soon,,,2026-09-05,tecovas_classified_2026-09-05.csv
The Elder Statesman,,,own-door,open,607 Huntley Drive,West Hollywood,CA,90069,,,https://elder-statesman.com/pages/stores,master store_type=standard (pre-recapture),,,2026-08-24,locations_2026-08-29.csv
The Elder Statesman,,,own-door,open,"535 East Hyman Avenue, Unit 108",Aspen,CO,81611,,,https://elder-statesman.com/pages/stores,master store_type=standard (pre-recapture),,,2026-08-24,locations_2026-08-29.csv
The Elder Statesman,,,own-door,open,101 Crosby Street,New York,NY,10012,,,https://elder-statesman.com/pages/stores,master store_type=standard (pre-recapture),,,2026-08-24,locations_2026-08-29.csv
Theory,Theory Brentwood,,own-door,open,13038 San Vincente Blvd,Brentwood,CA,90049,(310) 451-1204,,https://www.theory.com/storedetail/?StoreID=280093,brand-stated: Retail Stores heading,,Store page publishes hours as free text only; no machine-readable hours are published for this door (only 3 of the 36 US doors publish any). Published hours line writes the Sunday open as '11AM' rather than '11:00AM'. Recorded verbatim.,2026-09-06,theory_classified_2026-09-06.csv
Theory,Theory Geary St,,own-door,open,55 Geary Street,San Francisco,CA,94108,(415) 231-0820,,https://www.theory.com/storedetail/?StoreID=280224,brand-stated: Retail Stores heading,,Store page publishes hours as free text only; no machine-readable hours are published for this door (only 3 of the 36 US doors publish any).,2026-09-06,theory_classified_2026-09-06.csv
Theory,Theory Greenwich,,own-door,open,396 Greenwich Ave,Greenwich,CT,06830,(203) 422-0020,,https://www.theory.com/storedetail/?StoreID=280008,brand-stated: Retail Stores heading,,Store page publishes hours as free text only; no machine-readable hours are published for this door (only 3 of the 36 US doors publish any).,2026-09-06,theory_classified_2026-09-06.csv
Theory,Theory Westport,,own-door,open,87 Main Street,Westport,CT,06880,(203) 222-6373,,https://www.theory.com/storedetail/?StoreID=280078,brand-stated: Retail Stores heading,,Store page publishes hours as free text only; no machine-readable hours are published for this door (only 3 of the 36 US doors publish any).,2026-09-06,theory_classified_2026-09-06.csv
Theory,Theory Palm Beach,,own-door,open,"340 Royal Poinciana Way, Suite #M310",Palm Beach,FL,33480,(561) 227-0029,,https://www.theory.com/storedetail/?StoreID=280118,brand-stated: Retail Stores heading,,Store page publishes hours as free text only; no machine-readable hours are published for this door (only 3 of the 36 US doors publish any).,2026-09-06,theory_classified_2026-09-06.csv
Theory,Theory Buckhead,,own-door,open,3023 Bolling Way NE Suite G115,Atlanta,GA,30305,(404) 446-4115,,https://www.theory.com/storedetail/?StoreID=280095,brand-stated: Retail Stores heading,,"Published hours span is impossible or a placeholder: 'Sunday 12:00AM-5:00PM (opens 12:00AM - midnight, a placeholder rather than a trading time)'. Recorded verbatim, not cleaned. Store page publishes hours as free text only; no machine-readable hours are published for this door (only 3 of the 36 US doors publish any).",2026-09-06,theory_classified_2026-09-06.csv
Theory,Theory Americana,,own-door,open,2062 Northern Blvd,Manhasset,NY,11030,(516) 684-1092,,https://www.theory.com/storedetail/?StoreID=280067,brand-stated: Retail Stores heading,,Store page publishes hours as free text only; no machine-readable hours are published for this door (only 3 of the 36 US doors publish any).,2026-09-06,theory_classified_2026-09-06.csv
Theory,Theory Flatiron,,own-door,open,137 5th Avenue,New York,NY,10010,(212) 460-5289,,https://www.theory.com/storedetail/?StoreID=280109,brand-stated: Retail Stores heading,,Store page publishes hours as free text only; no machine-readable hours are published for this door (only 3 of the 36 US doors publish any).,2026-09-06,theory_classified_2026-09-06.csv
Theory,Theory Hudson Yards,,own-door,open,"20 Hudson Yards, Suite #128A",New York,NY,10001,(646) 558-3281,,https://www.theory.com/storedetail/?StoreID=280222,brand-stated: Retail Stores heading,,Store page publishes hours as free text only; no machine-readable hours are published for this door (only 3 of the 36 US doors publish any).,2026-09-06,theory_classified_2026-09-06.csv
Theory,Theory Brookfield,,own-door,open,"230 Vesey Street, Unit #113",New York,NY,10281,(212) 786-1080,,https://www.theory.com/storedetail/?StoreID=280102,brand-stated: Retail Stores heading,,"Published hours span is impossible or a placeholder: 'Sunday 11:00PM-7:00PM'. Recorded verbatim, not cleaned. Store page publishes hours as free text only; no machine-readable hours are published for this door (only 3 of the 36 US doors publish any).",2026-09-06,theory_classified_2026-09-06.csv
Theory,Theory Meatpacking,,own-door,open,40 Gansevoort Street,New York,NY,10014,(212) 524-6790,,https://www.theory.com/storedetail/?StoreID=280031,brand-stated: Retail Stores heading,,Store page publishes hours as free text only; no machine-readable hours are published for this door (only 3 of the 36 US doors publish any).,2026-09-06,theory_classified_2026-09-06.csv
Theory,Theory Soho,,own-door,open,47 Greene St,New York,NY,10013,(212) 334-5071,,https://www.theory.com/storedetail/?StoreID=280114,brand-stated: Retail Stores heading,,Store page publishes hours as free text only; no machine-readable hours are published for this door (only 3 of the 36 US doors publish any).,2026-09-06,theory_classified_2026-09-06.csv
Theory,Theory Walnut St,,own-door,open,1616 Walnut Street,Philadelphia,PA,19103,(215) 735-1034,,https://www.theory.com/storedetail/?StoreID=280087,brand-stated: Retail Stores heading,,Store page publishes hours as free text only; no machine-readable hours are published for this door (only 3 of the 36 US doors publish any).,2026-09-06,theory_classified_2026-09-06.csv
The Row,,,own-door,open,8440 Melrose Place,Los Angeles,CA,90069,,,https://www.therow.com/pages/stores,master store_type=standard (pre-recapture),,,2026-08-24,locations_2026-08-29.csv
The Row,,,own-door,open,216 Main Street,Amagansett,NY,11930,,,https://www.therow.com/pages/stores,master store_type=standard (pre-recapture),,,2026-08-24,locations_2026-08-29.csv
The Row,,,own-door,open,17 East 71st Street,New York,NY,10021,,,https://www.therow.com/pages/stores,master store_type=standard (pre-recapture),,,2026-08-24,locations_2026-08-29.csv
Thom Browne,South Coast Plaza,,own-door,open,"3333 Bristol Street, Suite 2632",Costa Mesa,CA,92626,,South Coast Plaza,https://www.thombrowne.com/pages/stores,master store_type=standard (pre-recapture),,,2026-08-24,locations_2026-08-29.csv
Thom Browne,,,own-door,open,8408 Melrose Place,Los Angeles,CA,90069,,,https://www.thombrowne.com/pages/stores,master store_type=standard (pre-recapture),,,2026-08-24,locations_2026-08-29.csv
Thom Browne,,,own-door,open,432 Jackson Street,San Francisco,CA,94111,,,https://www.thombrowne.com/pages/stores,master store_type=standard (pre-recapture),,,2026-08-24,locations_2026-08-29.csv
Thom Browne,Miami Design District,,own-door,open,191 Northeast 40th Street,Miami,FL,33137,,Miami Design District,https://www.thombrowne.com/pages/stores,master store_type=standard (pre-recapture),,,2026-08-24,locations_2026-08-29.csv
Thom Browne,Royal Poinciana Plaza,,own-door,open,"70 Royal Poinciana Way, Suite P-100",Palm Beach,FL,33480,,Royal Poinciana Plaza,https://www.thombrowne.com/pages/stores,master store_type=standard (pre-recapture),,,2026-08-24,locations_2026-08-29.csv
Thom Browne,Plaza del Lago,,own-door,open,"1515 Sheridan Rd, Building B Unit 7",Wilmette,IL,60091,,Plaza del Lago,https://www.thombrowne.com/pages/stores,master store_type=standard (pre-recapture),,,2026-08-24,locations_2026-08-29.csv
Thom Browne,Copley Place,,own-door,open,"100 Huntington Ave, Suite D008",Boston,MA,02116,,Copley Place,https://www.thombrowne.com/pages/stores,master store_type=standard (pre-recapture),,,2026-08-24,locations_2026-08-29.csv
Thom Browne,,,own-door,open,100 Hudson Street,New York,NY,10013,,,https://www.thombrowne.com/pages/stores,master store_type=standard (pre-recapture),,,2026-08-24,locations_2026-08-29.csv
Thom Browne,,,own-door,open,17 E 72nd Street,New York,NY,10021,,,https://www.thombrowne.com/pages/stores,master store_type=standard (pre-recapture),,,2026-08-24,locations_2026-08-29.csv
Thom Browne,,,own-door,open,898 Madison Ave,New York,NY,10021,,,https://www.thombrowne.com/pages/stores,master store_type=standard (pre-recapture),,,2026-08-24,locations_2026-08-29.csv
Todd Snyder,Marin Country Mart,,own-door,open,"1809 Larkspur Landing Circle, Space 15A",Larkspur,CA,94939,(415) 214-7415,,https://www.toddsnyder.com/pages/todd-snyder-marin-country-mart,brand-stated: locator publishes no format label; all entries are own doors,,"street joined from two locator lines ('1809 Larkspur Landing' / 'Circle, Space 15A').",2026-09-05,todd_snyder_classified_2026-09-05.csv
Todd Snyder,The Grove,,own-door,open,"189 Grove Drive, Space #H 20",Los Angeles,CA,90036,(323) 321-6085,,https://www.toddsnyder.com/pages/los-angeles-store,brand-stated: locator publishes no format label; all entries are own doors,Todd Snyder is the HOST of the shops listed in shops_inside (Moscot/Aesop/Records) — not a concession itself.,,2026-09-05,todd_snyder_classified_2026-09-05.csv
Todd Snyder,Newport Beach,,own-door,open,1061 Newport Center Dr,Newport Beach,CA,92660,(949) 237-7781,,https://www.toddsnyder.com/pages/todd-snyder-newport-beach,brand-stated: locator publishes no format label; all entries are own doors,,,2026-09-05,todd_snyder_classified_2026-09-05.csv
Todd Snyder,Hayes Valley,,own-door,open,590 Hayes Street,San Francisco,CA,94102,(310) 675-8808,,https://www.toddsnyder.com/pages/san-francisco-store,brand-stated: locator publishes no format label; all entries are own doors,Todd Snyder is the HOST of the shops listed in shops_inside (Moscot/Aesop/Records) — not a concession itself.,,2026-09-05,todd_snyder_classified_2026-09-05.csv
Todd Snyder,Santana Row,,own-door,open,"334 Santana Row, Suite 1020",San Jose,CA,95128,(408) 337-8661,,https://www.toddsnyder.com/pages/todd-snyder-santana-row,brand-stated: locator publishes no format label; all entries are own doors,,,2026-09-05,todd_snyder_classified_2026-09-05.csv
Todd Snyder,The Bungalow,,own-door,open,1337 Abbot Kinney Blvd,Venice,CA,90291,(310) 307-7240,,https://www.toddsnyder.com/pages/todd-snyder-abbot-kinney,brand-stated: locator publishes no format label; all entries are own doors,Todd Snyder is the HOST of the shops listed in shops_inside (Moscot/Aesop/Records) — not a concession itself.,,2026-09-05,todd_snyder_classified_2026-09-05.csv
Todd Snyder,Greenwich,,own-door,open,321 Greenwich Ave.,Greenwich,CT,06830,(203) 423-2234,,https://www.toddsnyder.com/pages/greenwich-store,brand-stated: locator publishes no format label; all entries are own doors,,,2026-09-05,todd_snyder_classified_2026-09-05.csv
Todd Snyder,Georgetown,,own-door,coming soon,3211 M Street NW,Washington,DC,20007,,,,brand-stated: locator publishes no format label; all entries are own doors,,"COMING SOON: the locator publishes no DETAILS link for this door, so there is no store page to record — store_page_url left blank rather than guessed. No phone, no hours published. Source of record is the locator page itself.",2026-09-05,todd_snyder_classified_2026-09-05.csv
Todd Snyder,Miami at Bal Harbour,,own-door,open,"9700 Collins Ave, Space 215",Bal Harbour,FL,33154,(305) 280-0678,,https://www.toddsnyder.com/pages/todd-snyder-bal-harbour,brand-stated: locator publishes no format label; all entries are own doors,Todd Snyder is the HOST of the shops listed in shops_inside (Moscot/Aesop/Records) — not a concession itself.,"store_page_url is the resolved destination: the locator links /pages/todd-snyder-miami, which 302s to /pages/todd-snyder-bal-harbour. Resolved URL recorded, verified 200.",2026-09-05,todd_snyder_classified_2026-09-05.csv
Todd Snyder,Atlanta at Buckhead Village,,own-door,open,272 Buckhead Avenue,Atlanta,GA,30305,(229) 207-7255,,https://www.toddsnyder.com/pages/atlanta-store,brand-stated: locator publishes no format label; all entries are own doors,Todd Snyder is the HOST of the shops listed in shops_inside (Moscot/Aesop/Records) — not a concession itself.,,2026-09-05,todd_snyder_classified_2026-09-05.csv
Todd Snyder,The Townhouse,,own-door,open,815 W Armitage Ave,Chicago,IL,60614,(217) 210-0074,,https://www.toddsnyder.com/pages/chicago-store,brand-stated: locator publishes no format label; all entries are own doors,,,2026-09-05,todd_snyder_classified_2026-09-05.csv
Todd Snyder,Boston Seaport,,own-door,open,"70 Pier 4 Blvd., Suite 230",Boston,MA,02210,(339) 201-8087,,https://www.toddsnyder.com/pages/boston-store,brand-stated: locator publishes no format label; all entries are own doors,Todd Snyder is the HOST of the shops listed in shops_inside (Moscot/Aesop/Records) — not a concession itself.,,2026-09-05,todd_snyder_classified_2026-09-05.csv
Todd Snyder,Chestnut Hill at The Street,,own-door,open,27 Boylston St #235,Chestnut Hill,MA,02467,(857) 214-4411,,https://www.toddsnyder.com/pages/chestnut-hill,brand-stated: locator publishes no format label; all entries are own doors,,,2026-09-05,todd_snyder_classified_2026-09-05.csv
Todd Snyder,Williamsburg,,own-door,open,85 North 3rd St.,Brooklyn,NY,11249,(917) 460-0580,,https://www.toddsnyder.com/pages/williamsburg-store,brand-stated: locator publishes no format label; all entries are own doors,Todd Snyder is the HOST of the shops listed in shops_inside (Moscot/Aesop/Records) — not a concession itself.,,2026-09-05,todd_snyder_classified_2026-09-05.csv
Todd Snyder,East Hampton,,own-door,open,75 Main St,East Hampton,NY,11937,(631) 604-6026,,https://www.toddsnyder.com/pages/east-hampton-store,brand-stated: locator publishes no format label; all entries are own doors,,,2026-09-05,todd_snyder_classified_2026-09-05.csv
Todd Snyder,Americana Manhasset,,own-door,open,2104 Northern Blvd.,Manhasset,NY,11030,(212) 514-5405,,https://www.toddsnyder.com/pages/manhasset-store,brand-stated: locator publishes no format label; all entries are own doors,,,2026-09-05,todd_snyder_classified_2026-09-05.csv
Todd Snyder,Upper East Side,,own-door,open,1165 Madison Ave,New York,NY,10028,(212) 583-1211,,https://www.toddsnyder.com/pages/todd-snyder-upper-east-side,brand-stated: locator publishes no format label; all entries are own doors,Todd Snyder is the HOST of the shops listed in shops_inside (Moscot/Aesop/Records) — not a concession itself.,,2026-09-05,todd_snyder_classified_2026-09-05.csv
Todd Snyder,The Liquor Store,,own-door,open,235 W Broadway,New York,NY,10013,(646) 678-3075,,https://www.toddsnyder.com/pages/todd-snyder-liquor-store,brand-stated: locator publishes no format label; all entries are own doors,Todd Snyder is the HOST of the shops listed in shops_inside (Moscot/Aesop/Records) — not a concession itself.,,2026-09-05,todd_snyder_classified_2026-09-05.csv
Todd Snyder,NoMad,,own-door,open,25 E 26th St,New York,NY,10010,(917) 242-3482,,https://www.toddsnyder.com/pages/madisonpark,brand-stated: locator publishes no format label; all entries are own doors,Todd Snyder is the HOST of the shops listed in shops_inside (Moscot/Aesop/Records) — not a concession itself.,"Its own store page heads the door 'NOMAD NYC FLAGSHIP' — the only format-style descriptor published anywhere on the site. The locator applies no label, so store_type_stated is left blank per the brief; recorded here as evidence.",2026-09-05,todd_snyder_classified_2026-09-05.csv
Todd Snyder,Rockefeller Center,,own-door,open,620 Fifth Ave,New York,NY,10020,(917) 281-0551,,https://www.toddsnyder.com/pages/rockefeller-center,brand-stated: locator publishes no format label; all entries are own doors,Todd Snyder is the HOST of the shops listed in shops_inside (Moscot/Aesop/Records) — not a concession itself.,,2026-09-05,todd_snyder_classified_2026-09-05.csv
Todd Snyder,Easton Town Center,,own-door,open,"4174 The Strand, Space 321",Columbus,OH,43219,(614) 401-3077,,https://www.toddsnyder.com/pages/todd-snyder-easton-town-center,brand-stated: locator publishes no format label; all entries are own doors,,,2026-09-05,todd_snyder_classified_2026-09-05.csv
Todd Snyder,Nashville 12 South,,own-door,open,2212 12th Ave South Space A1,Nashville,TN,37204,(615) 709-0408,,https://www.toddsnyder.com/pages/todd-snyder-nashville,brand-stated: locator publishes no format label; all entries are own doors,,street joined from two locator lines ('2212 12th Ave South' / 'Space A1').,2026-09-05,todd_snyder_classified_2026-09-05.csv
Todd Snyder,Austin Music Lane,,own-door,coming soon,"1101 S Congress Ave, Building 2, Suite 145",Austin,TX,78704,,,https://www.toddsnyder.com/pages/austin-store,brand-stated: locator publishes no format label; all entries are own doors,,"COMING SOON: locator publishes no phone and no hours. store_page_url is the resolved destination — the locator links /pages/todd-snyder-austin, which 302s to /pages/austin-store (verified 200); that page publishes the address but carries no Coming Soon label of its own. street joined from two locator lines.",2026-09-05,todd_snyder_classified_2026-09-05.csv
Todd Snyder,Dallas NorthPark,,own-door,open,8687 N. Central Expressway Space N1-1212,Dallas,TX,75225,(214) 473-2655,,https://www.toddsnyder.com/pages/dallas-store,brand-stated: locator publishes no format label; all entries are own doors,Todd Snyder is the HOST of the shops listed in shops_inside (Moscot/Aesop/Records) — not a concession itself.,street joined from two locator lines ('8687 N. Central Expressway' / 'Space N1-1212').,2026-09-05,todd_snyder_classified_2026-09-05.csv
Tom Ford,,,own-door,open,346 North Rodeo Drive,Beverly Hills,CA,90210,,,https://www.tomford.com/stores,master store_type=standard (pre-recapture),,,2026-08-24,locations_2026-08-29.csv
Tom Ford,Miami Design District,,own-door,open,103 NE 39th Street,Miami,FL,33137,,Miami Design District,https://www.tomford.com/stores,master store_type=standard (pre-recapture),,,2026-08-24,locations_2026-08-29.csv
Tom Ford,Phipps Plaza,,own-door,open,"3500 Peachtree Rd NE, #1098-B",Atlanta,GA,30326,,Phipps Plaza,https://www.tomford.com/stores,master store_type=standard (pre-recapture),,,2026-08-24,locations_2026-08-29.csv
Tom Ford,,,own-door,open,66 East Oak Street,Chicago,IL,60611,,,https://www.tomford.com/stores,master store_type=standard (pre-recapture),,,2026-08-24,locations_2026-08-29.csv
Tom Ford,Forum Shops at Caesars Palace,,own-door,open,"3500 Las Vegas Boulevard, #A11",Las Vegas,NV,89109,,Forum Shops at Caesars Palace,https://www.tomford.com/stores,master store_type=standard (pre-recapture),,,2026-08-24,locations_2026-08-29.csv
Tom Ford,The Shops at Crystals,,own-door,open,"3720 South Las Vegas Boulevard, Suite 102",Las Vegas,NV,89158,,The Shops at Crystals,https://www.tomford.com/stores,master store_type=standard (pre-recapture),,,2026-08-24,locations_2026-08-29.csv
Tom Ford,,,own-door,open,672 Madison Avenue,New York,NY,10065,,,https://www.tomford.com/stores,master store_type=standard (pre-recapture),,,2026-08-24,locations_2026-08-29.csv
Tom Ford,Highland Park Village,,own-door,open,50 Highland Park Village,Dallas,TX,75205,,Highland Park Village,https://www.tomford.com/stores,master store_type=standard (pre-recapture),,,2026-08-24,locations_2026-08-29.csv
Tom Ford,The Galleria,,own-door,open,"5015 Westheimer Road, Suite A2240",Houston,TX,77056,,The Galleria,https://www.tomford.com/stores,master store_type=standard (pre-recapture),,,2026-08-24,locations_2026-08-29.csv
TravisMathew,The Summit Birmingham,,own-door,open,"205 Summit Blvd, Ste 500",Birmingham,AL,35243,,The Summit Birmingham,https://travismathew.com/pages/stores,master store_type=standard (pre-recapture),,,2026-08-20,locations_2026-08-29.csv
TravisMathew,Chandler Fashion Center,,own-door,open,"3111 W Chandler Blvd, Ste 1200",Chandler,AZ,85226,,Chandler Fashion Center,https://travismathew.com/pages/stores,master store_type=standard (pre-recapture),,,2026-08-20,locations_2026-08-29.csv
TravisMathew,Kierland Commons,,own-door,open,"15215 N Kierland Blvd, Space 125",Scottsdale,AZ,85254,,Kierland Commons,https://travismathew.com/pages/stores,master store_type=standard (pre-recapture),,,2026-08-20,locations_2026-08-29.csv
TravisMathew,Scottsdale Fashion Square,,own-door,open,"7014 E Camelback Dr, #0552",Scottsdale,AZ,85251,,Scottsdale Fashion Square,https://travismathew.com/pages/stores,master store_type=standard (pre-recapture),,,2026-08-20,locations_2026-08-29.csv
TravisMathew,Brea Mall,,own-door,open,1124B Brea Mall,Brea,CA,92681,,Brea Mall,https://travismathew.com/pages/stores,master store_type=standard (pre-recapture),,,2026-08-20,locations_2026-08-29.csv
TravisMathew,Westfield Topanga,,own-door,open,"6600 Topanga Canyon Blvd, Ste 1039",Canoga Park,CA,91303,,Westfield Topanga,https://travismathew.com/pages/stores,master store_type=standard (pre-recapture),,,2026-08-20,locations_2026-08-29.csv
TravisMathew,The Village at Corte Madera,,own-door,open,1616 Redwood Hwy,Corte Madera,CA,94925,,The Village at Corte Madera,https://travismathew.com/pages/stores,master store_type=standard (pre-recapture),,,2026-08-20,locations_2026-08-29.csv
TravisMathew,Irvine Spectrum,,own-door,open,840 Spectrum Center Dr,Irvine,CA,92618,,Irvine Spectrum,https://travismathew.com/pages/stores,master store_type=standard (pre-recapture),,,2026-08-20,locations_2026-08-29.csv
TravisMathew,2nd & PCH,,own-door,open,"6420 E Pacific Coast Hwy, Ste 125",Long Beach,CA,90803,,2nd & PCH,https://travismathew.com/pages/stores,master store_type=standard (pre-recapture),,,2026-08-20,locations_2026-08-29.csv
TravisMathew,Fashion Island,,own-door,open,1059 Newport Center Dr,Newport Beach,CA,92660,,Fashion Island,https://travismathew.com/pages/stores,master store_type=standard (pre-recapture),,,2026-08-20,locations_2026-08-29.csv
TravisMathew,The Gardens on El Paseo,,own-door,open,"73425 El Paseo, #116",Palm Desert,CA,92260,,The Gardens on El Paseo,https://travismathew.com/pages/stores,master store_type=standard (pre-recapture),,,2026-08-20,locations_2026-08-29.csv
TravisMathew,Galleria at Roseville,,own-door,open,"1151 Galleria Blvd, Space 1059",Roseville,CA,95678,,Galleria at Roseville,https://travismathew.com/pages/stores,master store_type=standard (pre-recapture),,,2026-08-20,locations_2026-08-29.csv
TravisMathew,Westfield UTC,,own-door,open,"4311 La Jolla Village Dr, Ste 2223",San Diego,CA,92122,,Westfield UTC,https://travismathew.com/pages/stores,master store_type=standard (pre-recapture),,,2026-08-20,locations_2026-08-29.csv
TravisMathew,Fashion Valley,,own-door,open,"7007 Friars Rd, Ste 936",San Diego,CA,92108,,Fashion Valley,https://travismathew.com/pages/stores,master store_type=standard (pre-recapture),,,2026-08-20,locations_2026-08-29.csv
TravisMathew,Santana Row,,own-door,open,"377 Santana Row, Space 1025",San Jose,CA,95128,,Santana Row,https://travismathew.com/pages/stores,master store_type=standard (pre-recapture),,,2026-08-20,locations_2026-08-29.csv
TravisMathew,Del Amo Fashion Center,,own-door,open,"21540 Hawthorne Blvd, SP 429B",Torrance,CA,90503,,Del Amo Fashion Center,https://travismathew.com/pages/stores,master store_type=standard (pre-recapture),,,2026-08-20,locations_2026-08-29.csv
TravisMathew,Broadway Plaza,,own-door,open,"1266 Broadway Plaza, Ste 1100",Walnut Creek,CA,94596,,Broadway Plaza,https://travismathew.com/pages/stores,master store_type=standard (pre-recapture),,,2026-08-20,locations_2026-08-29.csv
TravisMathew,Park Meadows,,own-door,open,"8405 Park Meadows Center Dr, Ste 1040",Lone Tree,CO,80124,,Park Meadows,https://travismathew.com/pages/stores,master store_type=standard (pre-recapture),,,2026-08-20,locations_2026-08-29.csv
TravisMathew,Town Center at Boca Raton,,own-door,open,"6000 W Glades Rd, Space 1221B",Boca Raton,FL,33431,,Town Center at Boca Raton,https://travismathew.com/pages/stores,master store_type=standard (pre-recapture),,,2026-08-20,locations_2026-08-29.csv
TravisMathew,The Gardens Mall,,own-door,open,"3101 PGA Blvd, Space F-137",Palm Beach Gardens,FL,33410,,The Gardens Mall,https://travismathew.com/pages/stores,master store_type=standard (pre-recapture),,,2026-08-20,locations_2026-08-29.csv
TravisMathew,University Town Center Sarasota,,own-door,open,"140 University Town Center Dr, #273",Sarasota,FL,34243,,University Town Center Sarasota,https://travismathew.com/pages/stores,master store_type=standard (pre-recapture),,,2026-08-20,locations_2026-08-29.csv
TravisMathew,International Plaza,,own-door,open,"2223 N Westshore Blvd, Space 219",Tampa,FL,33607,,International Plaza,https://travismathew.com/pages/stores,master store_type=standard (pre-recapture),,,2026-08-20,locations_2026-08-29.csv
TravisMathew,Ala Moana Center,,own-door,open,"1450 Ala Moana Blvd, Ste 2231",Honolulu,HI,96814,,Ala Moana Center,https://travismathew.com/pages/stores,master store_type=standard (pre-recapture),,,2026-08-20,locations_2026-08-29.csv
TravisMathew,Hyatt Regency Waikiki,,own-door,open,"2424 Kalakaua Ave, Ste 108",Honolulu,HI,96815,,Hyatt Regency Waikiki,https://travismathew.com/pages/stores,master store_type=standard (pre-recapture),,,2026-08-20,locations_2026-08-29.csv
TravisMathew,Whalers Village,,own-door,open,2435 Kaanapali Pkwy,Lahaina,HI,96761,,Whalers Village,https://travismathew.com/pages/stores,master store_type=standard (pre-recapture),,,2026-08-20,locations_2026-08-29.csv
TravisMathew,Kings' Shops,,own-door,open,"69-250 Waikoloa Beach Dr, Ste B9",Waikoloa,HI,96738,,Kings' Shops,https://travismathew.com/pages/stores,master store_type=standard (pre-recapture),,,2026-08-20,locations_2026-08-29.csv
TravisMathew,The Shops at Wailea,,own-door,open,"3750 Wailea Alanui Dr, Space B-43",Wailea,HI,96753,,The Shops at Wailea,https://travismathew.com/pages/stores,master store_type=standard (pre-recapture),,,2026-08-20,locations_2026-08-29.csv
TravisMathew,Oakbrook Center,,own-door,open,429 Oakbrook Center,Oak Brook,IL,60523,,Oakbrook Center,https://travismathew.com/pages/stores,master store_type=standard (pre-recapture),,,2026-08-20,locations_2026-08-29.csv
TravisMathew,Woodfield Mall,,own-door,open,"5 Woodfield Mall, L-316",Schaumburg,IL,60173,,Woodfield Mall,https://travismathew.com/pages/stores,master store_type=standard (pre-recapture),,,2026-08-20,locations_2026-08-29.csv
TravisMathew,Old Orchard,,own-door,open,"4999 Old Orchard Center, Space N10",Skokie,IL,60077,,Old Orchard,https://travismathew.com/pages/stores,master store_type=standard (pre-recapture),,,2026-08-20,locations_2026-08-29.csv
TravisMathew,Keystone at the Crossing,,own-door,open,"8701 Keystone Crossing, Space T-30B",Indianapolis,IN,46240,,Keystone at the Crossing,https://travismathew.com/pages/stores,master store_type=standard (pre-recapture),,,2026-08-20,locations_2026-08-29.csv
TravisMathew,Burlington Mall,,own-door,open,"75 Middlesex Tpke, Ste 1097-C",Burlington,MA,01803,,Burlington Mall,https://travismathew.com/pages/stores,master store_type=standard (pre-recapture),,,2026-08-20,locations_2026-08-29.csv
TravisMathew,Legacy Place,,own-door,open,208 Legacy Pl,Dedham,MA,02026,,Legacy Place,https://travismathew.com/pages/stores,master store_type=standard (pre-recapture),,,2026-08-20,locations_2026-08-29.csv
TravisMathew,Somerset Collection,,own-door,open,"2800 W Big Beaver Rd, Space M150",Troy,MI,48084,,Somerset Collection,https://travismathew.com/pages/stores,master store_type=standard (pre-recapture),,,2026-08-20,locations_2026-08-29.csv
TravisMathew,Mall of America,,own-door,open,173 South Ave,Bloomington,MN,55425,,Mall of America,https://travismathew.com/pages/stores,master store_type=standard (pre-recapture),,,2026-08-20,locations_2026-08-29.csv
TravisMathew,Ridgedale Center,,own-door,open,12219 Wayzata Blvd,Minnetonka,MN,55305,,Ridgedale Center,https://travismathew.com/pages/stores,master store_type=standard (pre-recapture),,,2026-08-20,locations_2026-08-29.csv
TravisMathew,Plaza Frontenac,,own-door,open,74 Plaza Frontenac,St. Louis,MO,63131,,Plaza Frontenac,https://travismathew.com/pages/stores,master store_type=standard (pre-recapture),,,2026-08-20,locations_2026-08-29.csv
TravisMathew,SouthPark Mall,,own-door,open,"4400 Sharon Rd, Ste L07",Charlotte,NC,28211,,SouthPark Mall,https://travismathew.com/pages/stores,master store_type=standard (pre-recapture),,,2026-08-20,locations_2026-08-29.csv
TravisMathew,Garden State Plaza,,own-door,open,"1 Garden State Plaza Blvd, #D5",Paramus,NJ,07652,,Garden State Plaza,https://travismathew.com/pages/stores,master store_type=standard (pre-recapture),,,2026-08-20,locations_2026-08-29.csv
TravisMathew,Fashion Show Mall,,own-door,open,"3200 S Las Vegas Blvd, Ste 1410",Las Vegas,NV,89109,,Fashion Show Mall,https://travismathew.com/pages/stores,master store_type=standard (pre-recapture),,,2026-08-20,locations_2026-08-29.csv
TravisMathew,Roosevelt Field,,own-door,open,"630 Old Country Rd, #2031A",Garden City,NY,11530,,Roosevelt Field,https://travismathew.com/pages/stores,master store_type=standard (pre-recapture),,,2026-08-20,locations_2026-08-29.csv
TravisMathew,Kenwood Towne Centre,,own-door,open,"7875 Montgomery Rd, Space 2221",Cincinnati,OH,45236,,Kenwood Towne Centre,https://travismathew.com/pages/stores,master store_type=standard (pre-recapture),,,2026-08-20,locations_2026-08-29.csv
TravisMathew,Easton Town Center,,own-door,open,"4064 The Strand East, Space 513",Columbus,OH,43219,,Easton Town Center,https://travismathew.com/pages/stores,master store_type=standard (pre-recapture),,,2026-08-20,locations_2026-08-29.csv
TravisMathew,Pinecrest,,own-door,open,"311 Park Ave, Ste 129",Orange Village,OH,44122,,Pinecrest,https://travismathew.com/pages/stores,master store_type=standard (pre-recapture),,,2026-08-20,locations_2026-08-29.csv
TravisMathew,Washington Square,,own-door,open,9624 SW Washington Square Rd,Portland,OR,97223,,Washington Square,https://travismathew.com/pages/stores,master store_type=standard (pre-recapture),,,2026-08-20,locations_2026-08-29.csv
TravisMathew,King of Prussia,,own-door,open,"160 N Gulph Rd, #2355",King of Prussia,PA,19406,,King of Prussia,https://travismathew.com/pages/stores,master store_type=standard (pre-recapture),,,2026-08-20,locations_2026-08-29.csv
TravisMathew,The Mall at Green Hills,,own-door,open,"2126 Abbott Martin Rd, Space 114",Nashville,TN,37215,,The Mall at Green Hills,https://travismathew.com/pages/stores,master store_type=standard (pre-recapture),,,2026-08-20,locations_2026-08-29.csv
TravisMathew,Domain Northside,,own-door,open,"11701 Domain Blvd, Ste 100",Austin,TX,78758,,Domain Northside,https://travismathew.com/pages/stores,master store_type=standard (pre-recapture),,,2026-08-20,locations_2026-08-29.csv
TravisMathew,NorthPark Center,,own-door,open,"8687 N Central Expy, Ste 905",Dallas,TX,75225,,NorthPark Center,https://travismathew.com/pages/stores,master store_type=standard (pre-recapture),,,2026-08-20,locations_2026-08-29.csv
TravisMathew,The Shops at Legacy,,own-door,open,"5800 Legacy Dr, Ste C-4",Plano,TX,75024,,The Shops at Legacy,https://travismathew.com/pages/stores,master store_type=standard (pre-recapture),,,2026-08-20,locations_2026-08-29.csv
TravisMathew,The Shops at La Cantera,,own-door,open,"15900 La Cantera Pkwy, Ste 20140",San Antonio,TX,78256,,The Shops at La Cantera,https://travismathew.com/pages/stores,master store_type=standard (pre-recapture),,,2026-08-20,locations_2026-08-29.csv
TravisMathew,Southlake Town Square,,own-door,open,1402 Main St,Southlake,TX,76092,,Southlake Town Square,https://travismathew.com/pages/stores,master store_type=standard (pre-recapture),,,2026-08-20,locations_2026-08-29.csv
TravisMathew,The Woodlands Mall,,own-door,open,"1201 Lake Woodlands Dr, #1035",The Woodlands,TX,77380,,The Woodlands Mall,https://travismathew.com/pages/stores,master store_type=standard (pre-recapture),,,2026-08-20,locations_2026-08-29.csv
TravisMathew,Fashion Place,,own-door,open,"6191 S State St, Space N-100",Murray,UT,84107,,Fashion Place,https://travismathew.com/pages/stores,master store_type=standard (pre-recapture),,,2026-08-20,locations_2026-08-29.csv
TravisMathew,Tysons Corner Center,,own-door,open,"1961 Chain Bridge Rd, #D6AU",Tysons,VA,22102,,Tysons Corner Center,https://travismathew.com/pages/stores,master store_type=standard (pre-recapture),,,2026-08-20,locations_2026-08-29.csv
TravisMathew,Bellevue Square,,own-door,open,245 Bellevue Sq,Bellevue,WA,98004,,Bellevue Square,https://travismathew.com/pages/stores,master store_type=standard (pre-recapture),,,2026-08-20,locations_2026-08-29.csv
TravisMathew,Mayfair Mall,,own-door,open,"2500 N Mayfair Rd, Ste 261",Wauwatosa,WI,53226,,Mayfair Mall,https://travismathew.com/pages/stores,master store_type=standard (pre-recapture),,,2026-08-20,locations_2026-08-29.csv
Valentino,,,own-door,open,324 North Rodeo Drive,Beverly Hills,CA,90210,,,https://www.valentino.com/en-us/stores,master store_type=standard (pre-recapture),,,2026-08-24,locations_2026-08-29.csv
Valentino,Westfield Topanga,,own-door,open,"6600 CA-27, Unit 2214",Canoga Park,CA,91303,,Westfield Topanga,https://www.valentino.com/en-us/stores,master store_type=standard (pre-recapture),,,2026-08-24,locations_2026-08-29.csv
Valentino,South Coast Plaza,,own-door,open,3333 Bristol Street,Costa Mesa,CA,92626,,South Coast Plaza,https://www.valentino.com/en-us/stores,master store_type=standard (pre-recapture),,,2026-08-24,locations_2026-08-29.csv
Valentino,,,own-door,open,105 Grant Avenue,San Francisco,CA,94108,,,https://www.valentino.com/en-us/stores,master store_type=standard (pre-recapture),,,2026-08-24,locations_2026-08-29.csv
Valentino,Westfield Valley Fair,,own-door,open,"2855 Stevens Creek Blvd, L1",Santa Clara,CA,95050,,Westfield Valley Fair,https://www.valentino.com/en-us/stores,master store_type=standard (pre-recapture),,,2026-08-24,locations_2026-08-29.csv
Valentino,,,own-door,open,304 South Galena St,Aspen,CO,81611,,,https://www.valentino.com/en-us/stores,master store_type=standard (pre-recapture),,,2026-08-24,locations_2026-08-29.csv
Valentino,Aventura Mall,,own-door,open,"19501 Biscayne Blvd, Suite 221",Aventura,FL,33180,,Aventura Mall,https://www.valentino.com/en-us/stores,master store_type=standard (pre-recapture),,,2026-08-24,locations_2026-08-29.csv
Valentino,Bal Harbour Shops,,own-door,open,9700 Collins Avenue,Bal Harbour,FL,33154,,Bal Harbour Shops,https://www.valentino.com/en-us/stores,master store_type=standard (pre-recapture),,,2026-08-24,locations_2026-08-29.csv
Valentino,Miami Design District,,own-door,open,"140 NE 39th Street, Space PC-105 & PC-205",Miami,FL,33137,,Miami Design District,https://www.valentino.com/en-us/stores,master store_type=standard (pre-recapture),,,2026-08-24,locations_2026-08-29.csv
Valentino,,,own-door,open,204 Worth Avenue,Palm Beach,FL,33480,,,https://www.valentino.com/en-us/stores,master store_type=standard (pre-recapture),,,2026-08-24,locations_2026-08-29.csv
Valentino,Phipps Plaza,,own-door,open,"3500 Peachtree Road NE, Suite 1097",Atlanta,GA,30326,,Phipps Plaza,https://www.valentino.com/en-us/stores,master store_type=standard (pre-recapture),,,2026-08-24,locations_2026-08-29.csv
Valentino,Ala Moana Center,,own-door,open,"1450 Ala Moana Boulevard, Suite 2057",Honolulu,HI,96814,,Ala Moana Center,https://www.valentino.com/en-us/stores,master store_type=standard (pre-recapture),,,2026-08-24,locations_2026-08-29.csv
Valentino,,,own-door,open,47 Newbury Street,Boston,MA,02116,,,https://www.valentino.com/en-us/stores,master store_type=standard (pre-recapture),,,2026-08-24,locations_2026-08-29.csv
Valentino,Forum Shops at Caesars Palace,,own-door,open,"3500 Las Vegas Boulevard S, A03B",Las Vegas,NV,89109,,Forum Shops at Caesars Palace,https://www.valentino.com/en-us/stores,master store_type=standard (pre-recapture),,,2026-08-24,locations_2026-08-29.csv
Valentino,Bellagio,,own-door,open,3600 S Las Vegas Boulevard,Las Vegas,NV,89109,,Bellagio,https://www.valentino.com/en-us/stores,master store_type=standard (pre-recapture),,,2026-08-24,locations_2026-08-29.csv
Valentino,The Shops at Crystals,,own-door,open,"3720 S Las Vegas Boulevard, Space 223b",Las Vegas,NV,89158,,The Shops at Crystals,https://www.valentino.com/en-us/stores,master store_type=standard (pre-recapture),,,2026-08-24,locations_2026-08-29.csv
Valentino,,,own-door,open,654 Madison Avenue,New York,NY,10065,,,https://www.valentino.com/en-us/stores,master store_type=standard (pre-recapture),,,2026-08-24,locations_2026-08-29.csv
Valentino,,,own-door,open,98 Prince St,New York,NY,10012,,,https://www.valentino.com/en-us/stores,master store_type=standard (pre-recapture),,,2026-08-24,locations_2026-08-29.csv
Valentino,Highland Park Village,,own-door,open,9B Highland Park Village,Dallas,TX,75205,,Highland Park Village,https://www.valentino.com/en-us/stores,master store_type=standard (pre-recapture),,,2026-08-24,locations_2026-08-29.csv
Valentino,The Galleria,,own-door,open,"5015 Westheimer Road, Suite A2207",Houston,TX,77056,,The Galleria,https://www.valentino.com/en-us/stores,master store_type=standard (pre-recapture),,,2026-08-24,locations_2026-08-29.csv
Versace,Scottsdale Fashion Square,,own-door,open,7014 E Camelback Rd,Scottsdale,AZ,85251,,Scottsdale Fashion Square,https://www.versace.com/us/en/store-locator/,master store_type=standard (pre-recapture),,,2026-08-24,locations_2026-08-29.csv
Versace,,,own-door,open,240 N Rodeo Drive,Beverly Hills,CA,90210,,,https://www.versace.com/us/en/store-locator/,master store_type=standard (pre-recapture),,,2026-08-24,locations_2026-08-29.csv
Versace,Westfield Topanga,,own-door,open,"6600 Topanga Canyon Blvd, Suite 1084D",Canoga Park,CA,91303,,Westfield Topanga,https://www.versace.com/us/en/store-locator/,master store_type=standard (pre-recapture),,,2026-08-24,locations_2026-08-29.csv
Versace,South Coast Plaza,,own-door,open,"3333 Bristol Street, Suite 2237",Costa Mesa,CA,92626,,South Coast Plaza,https://www.versace.com/us/en/store-locator/,master store_type=standard (pre-recapture),,,2026-08-24,locations_2026-08-29.csv
Versace,Beverly Center,,own-door,open,"8500 Beverly Blvd, Suite 764",Los Angeles,CA,90048,,Beverly Center,https://www.versace.com/us/en/store-locator/,master store_type=standard (pre-recapture),,,2026-08-24,locations_2026-08-29.csv
Versace,Fashion Valley,,own-door,open,"7007 Friars Rd, Space 377B",San Diego,CA,92108,,Fashion Valley,https://www.versace.com/us/en/store-locator/,master store_type=standard (pre-recapture),,,2026-08-24,locations_2026-08-29.csv
Versace,Westfield Valley Fair,,own-door,open,"2855 Stevens Creek Boulevard, #1671",Santa Clara,CA,95050,,Westfield Valley Fair,https://www.versace.com/us/en/store-locator/,master store_type=standard (pre-recapture),,,2026-08-24,locations_2026-08-29.csv
Versace,Bal Harbour Shops,,own-door,open,"9700 Collins Avenue, Suite 244 & 246",Bal Harbour,FL,33154,,Bal Harbour Shops,https://www.versace.com/us/en/store-locator/,master store_type=standard (pre-recapture),,,2026-08-24,locations_2026-08-29.csv
Versace,Miami Design District,,own-door,open,"186 NE 39th St, Units 116 & 216",Miami,FL,33137,,Miami Design District,https://www.versace.com/us/en/store-locator/,master store_type=standard (pre-recapture),,,2026-08-24,locations_2026-08-29.csv
Versace,The Mall at Millenia,,own-door,open,"4200 Conroy Road, Suite P295",Orlando,FL,32839,,The Mall at Millenia,https://www.versace.com/us/en/store-locator/,master store_type=standard (pre-recapture),,,2026-08-24,locations_2026-08-29.csv
Versace,,,own-door,open,"243 Worth Avenue, Suite A",Palm Beach,FL,33480,,,https://www.versace.com/us/en/store-locator/,master store_type=standard (pre-recapture),,,2026-08-24,locations_2026-08-29.csv
Versace,International Plaza,,own-door,open,"2223 N Westshore Blvd, Suite #224B",Tampa,FL,33607,,International Plaza,https://www.versace.com/us/en/store-locator/,master store_type=standard (pre-recapture),,,2026-08-24,locations_2026-08-29.csv
Versace,Phipps Plaza,,own-door,open,"3500 Peachtree Road NE, Suite 1065B",Atlanta,GA,30326,,Phipps Plaza,https://www.versace.com/us/en/store-locator/,master store_type=standard (pre-recapture),,,2026-08-24,locations_2026-08-29.csv
Versace,Copley Place,,own-door,open,"100 Huntington Avenue, Space #D017",Boston,MA,02116,,Copley Place,https://www.versace.com/us/en/store-locator/,master store_type=standard (pre-recapture),,,2026-08-24,locations_2026-08-29.csv
Versace,Somerset Collection,,own-door,open,"2801 W Big Beaver Rd, Space #E154",Troy,MI,48084,,Somerset Collection,https://www.versace.com/us/en/store-locator/,master store_type=standard (pre-recapture),,,2026-08-24,locations_2026-08-29.csv
Versace,The Mall at Short Hills,,own-door,open,"1200 Morris Turnpike, B-243",Short Hills,NJ,07078,,The Mall at Short Hills,https://www.versace.com/us/en/store-locator/,master store_type=standard (pre-recapture),,,2026-08-24,locations_2026-08-29.csv
Versace,Forum Shops at Caesars Palace,,own-door,open,"3500 Las Vegas Blvd South, Space B05",Las Vegas,NV,89109,,Forum Shops at Caesars Palace,https://www.versace.com/us/en/store-locator/,master store_type=standard (pre-recapture),,,2026-08-24,locations_2026-08-29.csv
Versace,The Shops at Crystals,,own-door,open,"3720 Las Vegas Boulevard South, Suite #142A",Las Vegas,NV,89158,,The Shops at Crystals,https://www.versace.com/us/en/store-locator/,master store_type=standard (pre-recapture),,,2026-08-24,locations_2026-08-29.csv
Versace,Americana Manhasset,,own-door,open,2006 Northern Blvd,Manhasset,NY,11030,,Americana Manhasset,https://www.versace.com/us/en/store-locator/,master store_type=standard (pre-recapture),,,2026-08-24,locations_2026-08-29.csv
Versace,,,own-door,open,111 Greene Street,New York,NY,10012,,,https://www.versace.com/us/en/store-locator/,master store_type=standard (pre-recapture),,,2026-08-24,locations_2026-08-29.csv
Versace,,,own-door,open,747 Madison Avenue,New York,NY,10065,,,https://www.versace.com/us/en/store-locator/,master store_type=standard (pre-recapture),,,2026-08-24,locations_2026-08-29.csv
Versace,King of Prussia,,own-door,open,"350 Mall Boulevard, 3030",King of Prussia,PA,19406,,King of Prussia,https://www.versace.com/us/en/store-locator/,master store_type=standard (pre-recapture),,,2026-08-24,locations_2026-08-29.csv
Versace,The Domain,,own-door,open,"11501 Century Oaks Terrace, Suite 113",Austin,TX,78758,,The Domain,https://www.versace.com/us/en/store-locator/,master store_type=standard (pre-recapture),,,2026-08-24,locations_2026-08-29.csv
Versace,NorthPark Center,,own-door,open,"8687 North Central Expressway, #1412",Dallas,TX,75225,,NorthPark Center,https://www.versace.com/us/en/store-locator/,master store_type=standard (pre-recapture),,,2026-08-24,locations_2026-08-29.csv
Versace,The Galleria,,own-door,open,"5015 Westheimer Road, Suite 2340",Houston,TX,77056,,The Galleria,https://www.versace.com/us/en/store-locator/,master store_type=standard (pre-recapture),,,2026-08-24,locations_2026-08-29.csv
Versace,Tysons Galleria,,own-door,open,"2001 International Drive, Suite 2226",McLean,VA,22102,,Tysons Galleria,https://www.versace.com/us/en/store-locator/,master store_type=standard (pre-recapture),,,2026-08-24,locations_2026-08-29.csv
Vince,Scottsdale Quarter,,own-door,open,15257 N. Scottsdale Rd Suite F1 105,Scottsdale,AZ,85254,,Scottsdale Quarter,https://www.vince.com/storelocator?showMap=true&horizontalView=true&isForm=true,master store_type=standard (pre-recapture),,,2026-08-20,locations_2026-08-29.csv
Vince,,,own-door,open,1353 Abbot Kinney Blvd.,Los Angeles,CA,90291,,,https://www.vince.com/storelocator?showMap=true&horizontalView=true&isForm=true,master store_type=standard (pre-recapture),,,2026-08-20,locations_2026-08-29.csv
Vince,The Grove,,own-door,open,"189 The Grove Drive, Suite G60",Los Angeles,CA,90036,,The Grove,https://www.vince.com/storelocator?showMap=true&horizontalView=true&isForm=true,master store_type=standard (pre-recapture),,,2026-08-20,locations_2026-08-29.csv
Vince,Malibu Country Mart,,own-door,open,3835 Cross Creek Road Suite 10,Malibu,CA,90265,,Malibu Country Mart,https://www.vince.com/storelocator?showMap=true&horizontalView=true&isForm=true,master store_type=standard (pre-recapture),,,2026-08-20,locations_2026-08-29.csv
Vince,Fashion Island,,own-door,open,221 Newport Center Drive,Newport Beach,CA,92660,,Fashion Island,https://www.vince.com/storelocator?showMap=true&horizontalView=true&isForm=true,master store_type=standard (pre-recapture),,,2026-08-20,locations_2026-08-29.csv
Vince,The Gardens on El Paseo / El Paseo Village,,own-door,open,"73-515 El Paseo, G-1702",Palm Desert,CA,92260,,The Gardens on El Paseo / El Paseo Village,https://www.vince.com/storelocator?showMap=true&horizontalView=true&isForm=true,master store_type=standard (pre-recapture),,,2026-08-20,locations_2026-08-29.csv
Vince,Stanford Shopping Center,,own-door,open,110 Stanford Shopping Center,Palo Alto,CA,94304,,Stanford Shopping Center,https://www.vince.com/storelocator?showMap=true&horizontalView=true&isForm=true,master store_type=standard (pre-recapture),,,2026-08-20,locations_2026-08-29.csv
Vince,Galleria at Roseville,,own-door,open,1151 Galleria Blvd Space 154,Roseville,CA,95678,,Galleria at Roseville,https://www.vince.com/storelocator?showMap=true&horizontalView=true&isForm=true,master store_type=standard (pre-recapture),,,2026-08-20,locations_2026-08-29.csv
Vince,Fashion Valley,,own-door,open,7007 Friars Road Suite 555,San Diego,CA,92108,,Fashion Valley,https://www.vince.com/storelocator?showMap=true&horizontalView=true&isForm=true,master store_type=standard (pre-recapture),,,2026-08-20,locations_2026-08-29.csv
Vince,,,own-door,open,36 Geary Street,San Francisco,CA,94108,,,https://www.vince.com/storelocator?showMap=true&horizontalView=true&isForm=true,master store_type=standard (pre-recapture),,,2026-08-20,locations_2026-08-29.csv
Vince,Santana Row,,own-door,open,334 Santana Row Space 1040,San Jose,CA,95128,,Santana Row,https://www.vince.com/storelocator?showMap=true&horizontalView=true&isForm=true,master store_type=standard (pre-recapture),,,2026-08-20,locations_2026-08-29.csv
Vince,,,own-door,open,240 26th Street Suite 101,Santa Monica,CA,90402,,,https://www.vince.com/storelocator?showMap=true&horizontalView=true&isForm=true,master store_type=standard (pre-recapture),,,2026-08-20,locations_2026-08-29.csv
Vince,,,own-door,open,8538 Melrose Avenue,West Hollywood,CA,90069,,,https://www.vince.com/storelocator?showMap=true&horizontalView=true&isForm=true,master store_type=standard (pre-recapture),,,2026-08-20,locations_2026-08-29.csv
Vince,Cherry Creek Shopping Center,,own-door,open,3000 East First Avenue Space 289A,Denver,CO,80206,,Cherry Creek Shopping Center,https://www.vince.com/storelocator?showMap=true&horizontalView=true&isForm=true,master store_type=standard (pre-recapture),,,2026-08-20,locations_2026-08-29.csv
Vince,,,own-door,open,161 Greenwich Avenue,Greenwich,CT,06830,,,https://www.vince.com/storelocator?showMap=true&horizontalView=true&isForm=true,master store_type=standard (pre-recapture),,,2026-08-20,locations_2026-08-29.csv
Vince,,,own-door,open,115 Main Street,Westport,CT,06880,,,https://www.vince.com/storelocator?showMap=true&horizontalView=true&isForm=true,master store_type=standard (pre-recapture),,,2026-08-20,locations_2026-08-29.csv
Vince,CityCenterDC,,own-door,open,1093 Palmer Alley NW,Washington,DC,20001,,CityCenterDC,https://www.vince.com/storelocator?showMap=true&horizontalView=true&isForm=true,master store_type=standard (pre-recapture),,,2026-08-20,locations_2026-08-29.csv
Vince,Town Center at Boca Raton,,own-door,open,6000 Glades Road Suite 1081C,Boca Raton,FL,33431,,Town Center at Boca Raton,https://www.vince.com/storelocator?showMap=true&horizontalView=true&isForm=true,master store_type=standard (pre-recapture),,,2026-08-20,locations_2026-08-29.csv
Vince,Shops at Merrick Park,,own-door,open,320 San Lorenzo Ave #1230,Coral Gables,FL,33146,,Shops at Merrick Park,https://www.vince.com/storelocator?showMap=true&horizontalView=true&isForm=true,master store_type=standard (pre-recapture),,,2026-08-23,locations_2026-08-29.csv
Vince,Waterside Shops,,own-door,open,5435 Tamiami Trail North Suite 21,Naples,FL,34108,,Waterside Shops,https://www.vince.com/storelocator?showMap=true&horizontalView=true&isForm=true,master store_type=standard (pre-recapture),,,2026-08-20,locations_2026-08-29.csv
Vince,,,own-door,open,"106 East Oak Street, 1st Floor",Chicago,IL,60611,,,https://www.vince.com/storelocator?showMap=true&horizontalView=true&isForm=true,master store_type=standard (pre-recapture),,,2026-08-20,locations_2026-08-29.csv
Vince,,,own-door,open,"70 Pier 4 Blvd., #250",Boston,MA,02210,,,https://www.vince.com/storelocator?showMap=true&horizontalView=true&isForm=true,master store_type=standard (pre-recapture),,,2026-08-20,locations_2026-08-29.csv
Vince,,,own-door,open,71 Newbury Street,Boston,MA,02116,,,https://www.vince.com/storelocator?showMap=true&horizontalView=true&isForm=true,master store_type=standard (pre-recapture),,,2026-08-20,locations_2026-08-29.csv
Vince,The Street Chestnut Hill,,own-door,open,"33 Boylston Street, #3305",Chestnut Hill,MA,02467,,The Street Chestnut Hill,https://www.vince.com/storelocator?showMap=true&horizontalView=true&isForm=true,master store_type=standard (pre-recapture),,,2026-08-20,locations_2026-08-29.csv
Vince,Somerset Collection,,own-door,open,"2801 West Big Beaver Road, Space K-248",Troy,MI,48084,,Somerset Collection,https://www.vince.com/storelocator?showMap=true&horizontalView=true&isForm=true,master store_type=standard (pre-recapture),,,2026-08-23,locations_2026-08-29.csv
Vince,SouthPark Mall,,own-door,open,4400 Sharon Rd Space P19A,Charlotte,NC,28211,,SouthPark Mall,https://www.vince.com/storelocator?showMap=true&horizontalView=true&isForm=true,master store_type=standard (pre-recapture),,,2026-08-20,locations_2026-08-29.csv
Vince,The Shops at Riverside,,own-door,open,390 Hackensack Avenue Suite 149A,Hackensack,NJ,07601,,The Shops at Riverside,https://www.vince.com/storelocator?showMap=true&horizontalView=true&isForm=true,master store_type=standard (pre-recapture),,,2026-08-20,locations_2026-08-29.csv
Vince,,,own-door,open,50 Main St,East Hampton,NY,11937,,,https://www.vince.com/storelocator?showMap=true&horizontalView=true&isForm=true,master store_type=standard (pre-recapture),,,2026-08-20,locations_2026-08-29.csv
Vince,Roosevelt Field,,own-door,open,630 Old Country Road 1024A,Garden City,NY,11530,,Roosevelt Field,https://www.vince.com/storelocator?showMap=true&horizontalView=true&isForm=true,master store_type=standard (pre-recapture),,,2026-08-20,locations_2026-08-29.csv
Vince,,,own-door,open,1005 Madison Ave,New York,NY,10075,,,https://www.vince.com/storelocator?showMap=true&horizontalView=true&isForm=true,master store_type=standard (pre-recapture),,,2026-08-20,locations_2026-08-29.csv
Vince,,,own-door,open,16 Prince Street,New York,NY,10012,,,https://www.vince.com/storelocator?showMap=true&horizontalView=true&isForm=true,master store_type=standard (pre-recapture),,,2026-08-23,locations_2026-08-29.csv
Vince,,,own-door,open,244 Columbus Avenue,New York,NY,10023,,,https://www.vince.com/storelocator?showMap=true&horizontalView=true&isForm=true,master store_type=standard (pre-recapture),,,2026-08-20,locations_2026-08-29.csv
Vince,,,own-door,open,833 Washington St.,New York,NY,10014,,,https://www.vince.com/storelocator?showMap=true&horizontalView=true&isForm=true,master store_type=standard (pre-recapture),,,2026-08-23,locations_2026-08-29.csv
Vince,,,own-door,open,89 Mercer Street,New York,NY,10012,,,https://www.vince.com/mercer/,master store_type=standard (pre-recapture),,,2026-08-23,locations_2026-08-29.csv
Vince,,,own-door,open,1701 Walnut St,Philadelphia,PA,19103,,,https://www.vince.com/storelocator?showMap=true&horizontalView=true&isForm=true,master store_type=standard (pre-recapture),,,2026-08-20,locations_2026-08-29.csv
Vince,,,own-door,open,2212 12th Avenue South Space 108,Nashville,TN,37204,,,https://www.vince.com/storelocator?showMap=true&horizontalView=true&isForm=true,master store_type=standard (pre-recapture),,,2026-08-23,locations_2026-08-29.csv
Vince,,,own-door,open,3205 Knox Street,Dallas,TX,75205,,,https://www.vince.com/storelocator?showMap=true&horizontalView=true&isForm=true,master store_type=standard (pre-recapture),,,2026-08-20,locations_2026-08-29.csv
Vince,River Oaks District,,own-door,open,4444 Westheimer Rd Suite A145,Houston,TX,77027,,River Oaks District,https://www.vince.com/storelocator?showMap=true&horizontalView=true&isForm=true,master store_type=standard (pre-recapture),,,2026-08-20,locations_2026-08-29.csv
Vineyard Vines,"Scottsdale, AZ",,own-door,open,15125 N. Scottsdale Road Suite L1-140,Scottsdale,AZ,85254,(480) 646-3183,,https://www.vineyardvines.com/stores/108,brand-stated: Retail Stores,,,2026-09-06,vineyard_vines_classified_2026-09-06.csv
Vineyard Vines,"Burlingame, CA",,own-door,open,1420 Burlingame Ave,Burlingame,CA,94010,(650) 558-0053,,https://www.vineyardvines.com/stores/118,brand-stated: Retail Stores,,,2026-09-06,vineyard_vines_classified_2026-09-06.csv
Vineyard Vines,"Century City, CA",,own-door,open,10250 Santa Monica Blvd.,Los Angeles,CA,90067,(213) 330-0233,,https://www.vineyardvines.com/stores/146,brand-stated: Retail Stores,,,2026-09-06,vineyard_vines_classified_2026-09-06.csv
Vineyard Vines,"Westfield UTC, CA",,own-door,open,4303 La Jolla Village Drive Suite 2130,San Diego,CA,92122,(619) 610-2394,,https://www.vineyardvines.com/stores/137,brand-stated: Retail Stores,,,2026-09-06,vineyard_vines_classified_2026-09-06.csv
Vineyard Vines,"Cherry Creek North, CO",,own-door,open,2900 East Second Ave,Denver,CO,80206,(303) 388-6931,,https://www.vineyardvines.com/stores/134,brand-stated: Retail Stores,,,2026-09-06,vineyard_vines_classified_2026-09-06.csv
Vineyard Vines,"Greenwich, CT",,own-door,open,145 Greenwich Avenue,Greenwich,CT,06830,(203) 661-1803,,https://www.vineyardvines.com/stores/31,brand-stated: Retail Stores,,,2026-09-06,vineyard_vines_classified_2026-09-06.csv
Vineyard Vines,"New Canaan, CT",,own-door,open,67 Elm Street,New Canaan,CT,06840,(203) 442-1348,,https://www.vineyardvines.com/stores/62,brand-stated: Retail Stores,,,2026-09-06,vineyard_vines_classified_2026-09-06.csv
Vineyard Vines,"Westfarms Mall, CT",,own-door,open,1500 New Britain Ave Suite 211,West Hartford,CT,06032,(860) 256-3982,,https://www.vineyardvines.com/stores/136,brand-stated: Retail Stores,,,2026-09-06,vineyard_vines_classified_2026-09-06.csv
Vineyard Vines,"Westport, CT",,own-door,open,90 Main Street,Westport,CT,06880,(203) 227-3400,,https://www.vineyardvines.com/stores/36,brand-stated: Retail Stores,,,2026-09-06,vineyard_vines_classified_2026-09-06.csv
Vineyard Vines,"Georgetown, DC",,own-door,open,1225 Wisconsin Avenue NW,Washington,DC,20007,(202) 625-8463,,https://www.vineyardvines.com/stores/34,brand-stated: Retail Stores,,,2026-09-06,vineyard_vines_classified_2026-09-06.csv
Vineyard Vines,"Town Center at Boca Raton, FL",,own-door,open,6000 Glades Road,Boca Raton,FL,33431,(561) 338-5648,,https://www.vineyardvines.com/stores/101,brand-stated: Retail Stores,,,2026-09-06,vineyard_vines_classified_2026-09-06.csv
Vineyard Vines,"Shops at Merrick Park, FL",,own-door,open,"358 San Lorenzo Ave, STE 1045",Coral Gables,FL,33146,(305) 442-1580,,https://www.vineyardvines.com/stores/113,brand-stated: Retail Stores,,,2026-09-06,vineyard_vines_classified_2026-09-06.csv
Vineyard Vines,"St. Johns Town Center, FL",,own-door,open,4813 River City Drive Suite 125,Jacksonville,FL,32246,(904) 646-1053,,https://www.vineyardvines.com/stores/123,brand-stated: Retail Stores,,Text opens Mon-Thu at 10am; machine-readable hours open at 11:00. Both recorded verbatim.,2026-09-06,vineyard_vines_classified_2026-09-06.csv
Vineyard Vines,"Disney Springs, FL",,own-door,open,1668 E Buena Vista Dr. DR# B15-111,Lake Buena Vista,FL,32830,(407) 801-1026,,https://www.vineyardvines.com/stores/169,brand-stated: Retail Stores,,,2026-09-06,vineyard_vines_classified_2026-09-06.csv
Vineyard Vines,"Grand Boulevard, FL",,own-door,open,440 Grand Blvd Suite 100,Miramar Beach,FL,32550,(850) 837-0987,,https://www.vineyardvines.com/stores/104,brand-stated: Retail Stores,,,2026-09-06,vineyard_vines_classified_2026-09-06.csv
Vineyard Vines,"Waterside Shops, FL",,own-door,open,5495 Tamiami Trail N. H-5,Naples,FL,34108,(239) 596-3765,,https://www.vineyardvines.com/stores/115,brand-stated: Retail Stores,,Machine-readable Sunday close malformed ('11:00-1700'). Recorded verbatim.,2026-09-06,vineyard_vines_classified_2026-09-06.csv
Vineyard Vines,"5th Avenue Shopping Naples, FL",,own-door,open,694 5th Ave S,Naples,FL,34102,(239) 330-3005,,https://www.vineyardvines.com/stores/155,brand-stated: Retail Stores,,,2026-09-06,vineyard_vines_classified_2026-09-06.csv
Vineyard Vines,"The Mall at Millenia, FL",,own-door,open,4200 Conroy Road,Orlando,FL,32839,(407) 226-0704,,https://www.vineyardvines.com/stores/103,brand-stated: Retail Stores,,,2026-09-06,vineyard_vines_classified_2026-09-06.csv
Vineyard Vines,"Worth Avenue, FL",,own-door,open,330 Worth Ave,Palm Beach,FL,33480,,,https://www.vineyardvines.com/stores/180,brand-stated: Retail Stores,,"Not yet trading. Brand badge 'COMING'; store card prints 'Coming Soon!' in place of hours; no phone published. Counted as a listed door, not as an open door.",2026-09-06,vineyard_vines_classified_2026-09-06.csv
Vineyard Vines,"The Gardens Mall, FL",,own-door,open,3101 PGA Blvd,Palm Beach Gardens,FL,33410,(561) 626-0056,,https://www.vineyardvines.com/stores/84,brand-stated: Retail Stores,,,2026-09-06,vineyard_vines_classified_2026-09-06.csv
Vineyard Vines,"The Mall at University Town Center, FL",,own-door,open,140 University Town Center Drive,Sarasota,FL,34243,(941) 444-3805,,https://www.vineyardvines.com/stores/142,brand-stated: Retail Stores,,,2026-09-06,vineyard_vines_classified_2026-09-06.csv
Vineyard Vines,"International Plaza, FL",,own-door,open,2223 N Westshore Blvd Space #129,Tampa,FL,33607,(813) 993-1300,,https://www.vineyardvines.com/stores/173,brand-stated: Retail Stores,,,2026-09-06,vineyard_vines_classified_2026-09-06.csv
Vineyard Vines,"Avalon, GA",,own-door,open,5140 Avalon Blvd,Alpharetta,GA,30009,(678) 248-5155,,https://www.vineyardvines.com/stores/68,brand-stated: Retail Stores,,,2026-09-06,vineyard_vines_classified_2026-09-06.csv
Vineyard Vines,"Savannah, GA",,own-door,open,301 W Broughton Street,Savannah,GA,31401,(912) 238-0900,,https://www.vineyardvines.com/stores/132,brand-stated: Retail Stores,,,2026-09-06,vineyard_vines_classified_2026-09-06.csv
Vineyard Vines,"Sea Island, GA",,own-door,open,600 Sea Island Rd. Space 19,St. Simons Island,GA,31522,(912) 771-1947,,https://www.vineyardvines.com/stores/170,brand-stated: Retail Stores,,,2026-09-06,vineyard_vines_classified_2026-09-06.csv
Vineyard Vines,"Westfield Old Orchard, IL",,own-door,open,"4999 Old Orchard Center, Space N-30",Skokie,IL,60077,(847) 673-3731,,https://www.vineyardvines.com/stores/120,brand-stated: Retail Stores,,,2026-09-06,vineyard_vines_classified_2026-09-06.csv
Vineyard Vines,"The Fashion Mall at Keystone, IN",,own-door,open,8702 Keystone Crossing,Indianapolis,IN,46240,(317) 975-2722,,https://www.vineyardvines.com/stores/126,brand-stated: Retail Stores,,,2026-09-06,vineyard_vines_classified_2026-09-06.csv
Vineyard Vines,"Leawood, KS",,own-door,open,"4559 W. 119th St., Suite A107C",Leawood,KS,66209,(913) 355-5809,,https://www.vineyardvines.com/stores/165,brand-stated: Retail Stores,,,2026-09-06,vineyard_vines_classified_2026-09-06.csv
Vineyard Vines,"The Summit at Fritz Farm, KY",,own-door,open,"120 Summit at Fritz Farm, Suite 160",Lexington,KY,40517,(859) 286-9686,,https://www.vineyardvines.com/stores/131,brand-stated: Retail Stores,,,2026-09-06,vineyard_vines_classified_2026-09-06.csv
Vineyard Vines,"Louisville, KY",,own-door,open,7900 Shelbyville Road Suite B12,Louisville,KY,40222,(502) 716-7628,,https://www.vineyardvines.com/stores/154,brand-stated: Retail Stores,,,2026-09-06,vineyard_vines_classified_2026-09-06.csv
Vineyard Vines,"Prudential Center, MA",,own-door,open,"800 Boylston Street, Suite 115",Boston,MA,02199,(617) 927-0490,,https://www.vineyardvines.com/stores/35,brand-stated: Retail Stores,,,2026-09-06,vineyard_vines_classified_2026-09-06.csv
Vineyard Vines,"Burlington Mall, MA",,own-door,open,75 Middlesex Turnpike Space 1313A,Burlington,MA,01803,(781) 730-6123,,https://www.vineyardvines.com/stores/177,brand-stated: Retail Stores,,,2026-09-06,vineyard_vines_classified_2026-09-06.csv
Vineyard Vines,"Mall at Chestnut Hill, MA",,own-door,open,199 Boylston St,Chestnut Hill,MA,02467,(617) 332-8160,,https://www.vineyardvines.com/stores/95,brand-stated: Retail Stores,,,2026-09-06,vineyard_vines_classified_2026-09-06.csv
Vineyard Vines,"Legacy Place, MA",,own-door,open,238 Legacy Place,Dedham,MA,02026,(339) 204-1777,,https://www.vineyardvines.com/stores/61,brand-stated: Retail Stores,,,2026-09-06,vineyard_vines_classified_2026-09-06.csv
Vineyard Vines,"Edgartown, MA",,own-door,open,27 North Water Street,Edgartown,MA,02539,(508) 627-4779,,https://www.vineyardvines.com/stores/32,brand-stated: Retail Stores,,,2026-09-06,vineyard_vines_classified_2026-09-06.csv
Vineyard Vines,"Patriot Place, MA",,own-door,open,22 Patriot Place,Foxborough,MA,02035,(617) 960-5068,,https://www.vineyardvines.com/stores/153,brand-stated: Retail Stores,,,2026-09-06,vineyard_vines_classified_2026-09-06.csv
Vineyard Vines,"Derby Street Shoppes, MA",,own-door,open,94 Derby Street,Hingham,MA,02043,(781) 875-1743,,https://www.vineyardvines.com/stores/94,brand-stated: Retail Stores,,,2026-09-06,vineyard_vines_classified_2026-09-06.csv
Vineyard Vines,"Lynnfield, MA",,own-door,open,650 Market Street,Lynnfield,MA,01940,(781) 334-7004,,https://www.vineyardvines.com/stores/67,brand-stated: Retail Stores,,,2026-09-06,vineyard_vines_classified_2026-09-06.csv
Vineyard Vines,"Mashpee Commons, MA",,own-door,open,21 Market Street,Mashpee,MA,02649,(508) 477-4981,,https://www.vineyardvines.com/stores/904,brand-stated: Retail Stores,,"Contact email published on a third-party domain (puritancapecod.com), and store ID sits outside the numeric series used for company doors. Brand lists it under Retail Stores; recorded as the brand states it. Operator not stated by the brand - not inferred.",2026-09-06,vineyard_vines_classified_2026-09-06.csv
Vineyard Vines,"Nantucket, MA",,own-door,open,2 Straight Wharf,Nantucket,MA,02554,(508) 325-9600,,https://www.vineyardvines.com/stores/57,brand-stated: Retail Stores,,,2026-09-06,vineyard_vines_classified_2026-09-06.csv
Vineyard Vines,"Oak Bluffs, MA",,own-door,open,56 Narragansett Ave,Oak Bluffs,MA,02557,(508) 687-9841,,https://www.vineyardvines.com/stores/91,brand-stated: Retail Stores,,,2026-09-06,vineyard_vines_classified_2026-09-06.csv
Vineyard Vines,"Vineyard Haven, MA",,own-door,open,44 Main Street,Vineyard Haven,MA,02568,(508) 693-4895,,https://www.vineyardvines.com/stores/143,brand-stated: Retail Stores,,,2026-09-06,vineyard_vines_classified_2026-09-06.csv
Vineyard Vines,"Montgomery Mall, MD",,own-door,open,7101 Democracy Blvd.,Bethesda,MD,20817,(301) 312-6522,,https://www.vineyardvines.com/stores/106,brand-stated: Retail Stores,,,2026-09-06,vineyard_vines_classified_2026-09-06.csv
Vineyard Vines,"Somerset Collection, MI",,own-door,open,2801 West Big Beaver Road J-208,Troy,MI,48084,(248) 649-6833,,https://www.vineyardvines.com/stores/111,brand-stated: Retail Stores,,,2026-09-06,vineyard_vines_classified_2026-09-06.csv
Vineyard Vines,"Southdale, MN",,own-door,open,2240A Southdale Center,Edina,MN,55435,(763) 465-7700,,https://www.vineyardvines.com/stores/174,brand-stated: Retail Stores,,,2026-09-06,vineyard_vines_classified_2026-09-06.csv
Vineyard Vines,"Edina Galleria, MN",,own-door,open,3499 Galleria,Edina,MN,55435,(952) 929-9831,,https://www.vineyardvines.com/stores/117,brand-stated: Retail Stores,,,2026-09-06,vineyard_vines_classified_2026-09-06.csv
Vineyard Vines,"Country Club Plaza, MO",,own-door,open,4700 Broadway Street,Kansas City,MO,64112,(816) 800-5128,,https://www.vineyardvines.com/stores/110,brand-stated: Retail Stores,,Text opens Mon-Sat at 10am; machine-readable hours open at 11:00. Both recorded verbatim.,2026-09-06,vineyard_vines_classified_2026-09-06.csv
Vineyard Vines,"St. Louis, MO",,own-door,open,1701 S. Lindbergh Blvd,St. Louis,MO,63131,(314) 993-3400,,https://www.vineyardvines.com/stores/73,brand-stated: Retail Stores,,,2026-09-06,vineyard_vines_classified_2026-09-06.csv
Vineyard Vines,"SouthPark Mall, NC",,own-door,open,4400 Sharon Road Suite G15B,Charlotte,NC,28211,(980) 392-2195,,https://www.vineyardvines.com/stores/178,brand-stated: Retail Stores,,,2026-09-06,vineyard_vines_classified_2026-09-06.csv
Vineyard Vines,"North Hills Raleigh, NC",,own-door,open,4350 Lassiter at N. Hills Ave Suite 114,Raleigh,NC,27609,(919) 784-9304,,https://www.vineyardvines.com/stores/58,brand-stated: Retail Stores,,,2026-09-06,vineyard_vines_classified_2026-09-06.csv
Vineyard Vines,"Avalon, NJ",,own-door,open,2619 Dune Dr Unit A,Avalon,NJ,08202,(609) 938-3025,,https://www.vineyardvines.com/stores/159,brand-stated: Retail Stores,,,2026-09-06,vineyard_vines_classified_2026-09-06.csv
Vineyard Vines,"The Promenade at Sagemore, NJ",,own-door,open,500 RTE-73 South Suite A12,Marlton,NJ,08053,(856) 446-8085,,https://www.vineyardvines.com/stores/176,brand-stated: Retail Stores,,,2026-09-06,vineyard_vines_classified_2026-09-06.csv
Vineyard Vines,"Garden State Plaza, NJ",,own-door,open,1 Garden State Plaza Blvd Space 1136,Paramus,NJ,07652,(201) 291-8590,,https://www.vineyardvines.com/stores/128,brand-stated: Retail Stores,,Machine-readable Mon-Sat span malformed (no space before times). Sunday published as CLOSED.,2026-09-06,vineyard_vines_classified_2026-09-06.csv
Vineyard Vines,"The Mall at Short Hills, NJ",,own-door,open,1200 Morris Turnpike B152,Short Hills,NJ,07078,(973) 564-6101,,https://www.vineyardvines.com/stores/90,brand-stated: Retail Stores,,,2026-09-06,vineyard_vines_classified_2026-09-06.csv
Vineyard Vines,"The Grove Shrewsbury, NJ",,own-door,open,609 Broad Street,Shrewsbury,NJ,07702,(732) 219-6912,,https://www.vineyardvines.com/stores/125,brand-stated: Retail Stores,,Sunday open time impossible ('11pm - 5pm'); machine-readable Mon-Fri close (20:00) also disagrees with text (7pm). Recorded verbatim.,2026-09-06,vineyard_vines_classified_2026-09-06.csv
Vineyard Vines,"Stuyvesant Plaza, NY",,own-door,open,1475 Western Ave Space #21,Albany,NY,12203,(838) 283-2100,,https://www.vineyardvines.com/stores/172,brand-stated: Retail Stores,,,2026-09-06,vineyard_vines_classified_2026-09-06.csv
Vineyard Vines,"Walt Whitman Shops, NY",,own-door,open,160 Walt Whitman Road,Huntington Station,NY,11746,(631) 350-6144,,https://www.vineyardvines.com/stores/121,brand-stated: Retail Stores,,,2026-09-06,vineyard_vines_classified_2026-09-06.csv
Vineyard Vines,"Kenwood Towne Center, OH",,own-door,open,7875 Montgomery Road,Cincinnati,OH,45236,(513) 791-0447,,https://www.vineyardvines.com/stores/116,brand-stated: Retail Stores,,,2026-09-06,vineyard_vines_classified_2026-09-06.csv
Vineyard Vines,"Easton Town Center, OH",,own-door,open,4020 The Strand East,Columbus,OH,43219,(614) 418-4798,,https://www.vineyardvines.com/stores/70,brand-stated: Retail Stores,,Machine-readable hours name Mon-Sat with no times. Recorded verbatim.,2026-09-06,vineyard_vines_classified_2026-09-06.csv
Vineyard Vines,"Pinecrest, OH",,own-door,open,300 Park Avenue Suite 152 Pinecrest,Orange Village,OH,44122,(216) 430-7895,,https://www.vineyardvines.com/stores/138,brand-stated: Retail Stores,,,2026-09-06,vineyard_vines_classified_2026-09-06.csv
Vineyard Vines,"King of Prussia, PA",,own-door,open,160 N. Gulph Rd,King of Prussia,PA,19406,(484) 685-4166,,https://www.vineyardvines.com/stores/65,brand-stated: Retail Stores,,,2026-09-06,vineyard_vines_classified_2026-09-06.csv
Vineyard Vines,"Ross Park Mall, PA",,own-door,open,1000 Ross Park Mall Drive,Pittsburgh,PA,15237,(412) 837-4025,,https://www.vineyardvines.com/stores/127,brand-stated: Retail Stores,,,2026-09-06,vineyard_vines_classified_2026-09-06.csv
Vineyard Vines,"Garden City Center, RI",,own-door,open,63 Hillside Road Suite 8090,Cranston,RI,02920,(401) 679-6524,,https://www.vineyardvines.com/stores/179,brand-stated: Retail Stores,,,2026-09-06,vineyard_vines_classified_2026-09-06.csv
Vineyard Vines,"Brick Market Place, RI",,own-door,open,139 Swinburne Row,Newport,RI,02840,(401) 373-3268,,https://www.vineyardvines.com/stores/166,brand-stated: Retail Stores,,,2026-09-06,vineyard_vines_classified_2026-09-06.csv
Vineyard Vines,"King Street Charleston, SC",,own-door,open,275 King Street,Charleston,SC,29401,(843) 203-6439,,https://www.vineyardvines.com/stores/75,brand-stated: Retail Stores,,,2026-09-06,vineyard_vines_classified_2026-09-06.csv
Vineyard Vines,"Kiawah Island, SC",,own-door,open,115 Planted Row,Kiawah Island,SC,29455,(843) 768-2375,,https://www.vineyardvines.com/stores/130,brand-stated: Retail Stores,,Text closes Mon-Sat at 6pm; machine-readable hours close at 17:00. Both recorded verbatim.,2026-09-06,vineyard_vines_classified_2026-09-06.csv
Vineyard Vines,"Shops of Saddle Creek, TN",,own-door,open,7515 Poplar Ave Suite 111,Germantown,TN,38138,(901) 669-3991,,https://www.vineyardvines.com/stores/168,brand-stated: Retail Stores,,,2026-09-06,vineyard_vines_classified_2026-09-06.csv
Vineyard Vines,"Hill Center Green Hills, TN",,own-door,open,"4015 Hillsboro Pike, Suite 105",Nashville,TN,37215,(615) 292-9700,,https://www.vineyardvines.com/stores/162,brand-stated: Retail Stores,,,2026-09-06,vineyard_vines_classified_2026-09-06.csv
Vineyard Vines,"NorthPark Center, TX",,own-door,open,8687 North Central Expressway,Dallas,TX,75225,(214) 363-0006,,https://www.vineyardvines.com/stores/80,brand-stated: Retail Stores,,,2026-09-06,vineyard_vines_classified_2026-09-06.csv
Vineyard Vines,"Frisco, TX",,own-door,open,3255 PGA Pkwy Suite 101,Frisco,TX,75033,(214) 619-5333,,https://www.vineyardvines.com/stores/171,brand-stated: Retail Stores,,,2026-09-06,vineyard_vines_classified_2026-09-06.csv
Vineyard Vines,"Highland Village, TX",,own-door,open,4084 Westheimer Rd,Houston,TX,77027,(832) 962-8992,,https://www.vineyardvines.com/stores/38,brand-stated: Retail Stores,,,2026-09-06,vineyard_vines_classified_2026-09-06.csv
Vineyard Vines,"Southlake Town Square, TX",,own-door,open,251 Grand Ave Southlake Town Square,Southlake,TX,76092,(817) 442-9332,,https://www.vineyardvines.com/stores/102,brand-stated: Retail Stores,,,2026-09-06,vineyard_vines_classified_2026-09-06.csv
Vineyard Vines,Ronald Reagan Washington National Airport,,own-door,open,2401 Ronald Reagan Washington National Airport Access Rd Pre-Security,Arlington,VA,22202,(703) 417-1824,,https://www.vineyardvines.com/stores/9999,brand-stated: Retail Stores,,"Published coordinates 39.766151/-86.336884 fall in Indianapolis IN, not Arlington VA. Address block used as published; coordinates not corrected.",2026-09-06,vineyard_vines_classified_2026-09-06.csv
Vineyard Vines,Dulles International Airport,,own-door,open,Concourse B Post-Security,Dulles,VA,20166,(703) 572-7337,,https://www.vineyardvines.com/stores/9998,brand-stated: Retail Stores,,Street published as 'Concourse B' with no civic address; ZIP published. Dedupe key uses state+ZIP+concourse designation.,2026-09-06,vineyard_vines_classified_2026-09-06.csv
Vineyard Vines,"Tysons Galleria, VA",,own-door,open,2001 International Drive #1430,McLean,VA,22102,(703) 883-0216,,https://www.vineyardvines.com/stores/86,brand-stated: Retail Stores,,,2026-09-06,vineyard_vines_classified_2026-09-06.csv
Vineyard Vines,"Short Pump Town Center, VA",,own-door,open,11800 W. Broad Street Suite 1032,Richmond,VA,23233,(804) 272-2536,,https://www.vineyardvines.com/stores/129,brand-stated: Retail Stores,,,2026-09-06,vineyard_vines_classified_2026-09-06.csv
Visvim,,,own-door,open,"San Carlos Street, 3NW of 6th Avenue",Carmel-by-the-Sea,CA,93921,,,https://www.visvim.tv/stockist_visvim/usa/,master store_type=flagship (pre-recapture),,,2026-08-24,locations_2026-08-29.csv
Visvim,,,own-door,open,304 S Broadway,Los Angeles,CA,90013,,,https://www.visvim.tv/stockist_visvim/usa/,master store_type=flagship (pre-recapture),,,2026-08-24,locations_2026-08-29.csv
Visvim,,,own-door,open,222 Shelby Street,Santa Fe,NM,87501,,,https://www.visvim.tv/stockist_visvim/usa/,master store_type=flagship (pre-recapture),,,2026-08-24,locations_2026-08-29.csv
Vuori,,,own-door,open,"225 Summit Boulevard, #101",Birmingham,AL,35243,,,https://vuoriclothing.com/pages/store-locator,master store_type=standard (pre-recapture),,,2026-08-23,locations_2026-08-29.csv
Vuori,,,own-door,open,"3111 West Chandler Boulevard, #1206",Chandler,AZ,85226,,,https://vuoriclothing.com/pages/store-locator,master store_type=standard (pre-recapture),,,2026-08-23,locations_2026-08-29.csv
Vuori,,,own-door,open,"15044 N. Scottsdale Road, #105D1A",Scottsdale,AZ,85254,,,https://vuoriclothing.com/pages/store-locator,master store_type=standard (pre-recapture),,,2026-08-23,locations_2026-08-29.csv
Vuori,,,own-door,open,7014 E Camelback Road,Scottsdale,AZ,85251,,,https://vuoriclothing.com/pages/store-locator,master store_type=standard (pre-recapture),,,2026-08-23,locations_2026-08-29.csv
Vuori,,,own-door,open,"2905 E. Skyline Drive, Suite 229",Tucson,AZ,85718,,,https://vuoriclothing.com/pages/store-locator,master store_type=standard (pre-recapture),,,2026-08-23,locations_2026-08-29.csv
Vuori,,,own-door,open,1840 Fourth Street,Berkeley,CA,94710,,,https://vuoriclothing.com/pages/store-locator,master store_type=standard (pre-recapture),,,2026-08-23,locations_2026-08-29.csv
Vuori,,,own-door,open,"6600 Topanga Park, Space 59",Canoga Park,CA,91303,,,https://vuoriclothing.com/pages/store-locator,master store_type=standard (pre-recapture),,,2026-08-23,locations_2026-08-29.csv
Vuori,,,own-door,open,"1905 Calle Barcelona, #125",Carlsbad,CA,92009,,,https://vuoriclothing.com/pages/store-locator,master store_type=standard (pre-recapture),,,2026-08-23,locations_2026-08-29.csv
Vuori,,,own-door,open,"10250 Santa Monica Boulevard, Unit 1840",Century City,CA,90067,,,https://vuoriclothing.com/pages/store-locator,master store_type=standard (pre-recapture),,,2026-08-23,locations_2026-08-29.csv
Vuori,,,own-door,open,1640 Redwood Highway,Corte Madera,CA,94925,,,https://vuoriclothing.com/pages/store-locator,master store_type=standard (pre-recapture),,,2026-08-23,locations_2026-08-29.csv
Vuori,,,own-door,open,"12843 El Camino Real, Suite 101",Del Mar,CA,92130,,,https://vuoriclothing.com/pages/store-locator,master store_type=standard (pre-recapture),,,2026-08-23,locations_2026-08-29.csv
Vuori,,,own-door,open,Temporarily closed,Encinitas,CA,92024,,,https://vuoriclothing.com/pages/store-locator,master store_type=standard (pre-recapture),,,2026-08-23,locations_2026-08-29.csv
Vuori,,,own-door,open,854 Spectrum Center Drive,Irvine,CA,92618,,,https://vuoriclothing.com/pages/store-locator,master store_type=standard (pre-recapture),,,2026-08-23,locations_2026-08-29.csv
Vuori,,,own-door,open,7841 Girard Avenue,La Jolla,CA,92037,,,https://vuoriclothing.com/pages/store-locator,master store_type=standard (pre-recapture),,,2026-08-23,locations_2026-08-29.csv
Vuori,,,own-door,open,6400 East Pacific Coast Highway,Long Beach,CA,90803,,,https://vuoriclothing.com/pages/store-locator,master store_type=standard (pre-recapture),,,2026-08-23,locations_2026-08-29.csv
Vuori,,,own-door,open,3835 Cross Creek Road,Malibu,CA,90265,,,https://vuoriclothing.com/pages/store-locator,master store_type=standard (pre-recapture),,,2026-08-23,locations_2026-08-29.csv
Vuori,,,own-door,open,333 Manhattan Beach Boulevard,Manhattan Beach,CA,90266,,,https://vuoriclothing.com/pages/store-locator,master store_type=standard (pre-recapture),,,2026-08-23,locations_2026-08-29.csv
Vuori,,,own-door,open,1069 Newport Center Drive,Newport Beach,CA,92660,,,https://vuoriclothing.com/pages/store-locator,master store_type=standard (pre-recapture),,,2026-08-23,locations_2026-08-29.csv
Vuori,,,own-door,open,"73-130 El Paseo, Suites E/F/G",Palm Desert,CA,92260,,,https://vuoriclothing.com/pages/store-locator,master store_type=standard (pre-recapture),,,2026-08-23,locations_2026-08-29.csv
Vuori,,,own-door,open,1101 Stanford Shopping Center,Palo Alto,CA,94304,,,https://vuoriclothing.com/pages/store-locator,master store_type=standard (pre-recapture),,,2026-08-23,locations_2026-08-29.csv
Vuori,,,own-door,open,"73 West Colorado Boulevard, #1C",Pasadena,CA,91105,,,https://vuoriclothing.com/pages/store-locator,master store_type=standard (pre-recapture),,,2026-08-23,locations_2026-08-29.csv
Vuori,,,own-door,open,"1151 Galleria Boulevard, No. 1035",Roseville,CA,95678,,,https://vuoriclothing.com/pages/store-locator,master store_type=standard (pre-recapture),,,2026-08-23,locations_2026-08-29.csv
Vuori,,,own-door,open,"101 W Avenida Vista Hermosa, Suite 476",San Clemente,CA,92672,,,https://vuoriclothing.com/pages/store-locator,master store_type=standard (pre-recapture),,,2026-08-23,locations_2026-08-29.csv
Vuori,,,own-door,open,"7007 Friars Road, Suite 843",San Diego,CA,92108,,,https://vuoriclothing.com/pages/store-locator,master store_type=standard (pre-recapture),,,2026-08-23,locations_2026-08-29.csv
Vuori,,,own-door,open,2090 Union Street,San Francisco,CA,94123,,,https://vuoriclothing.com/pages/store-locator,master store_type=standard (pre-recapture),,,2026-08-23,locations_2026-08-29.csv
Vuori,,,own-door,open,"356 Santana Row, #1030",San Jose,CA,95128,,,https://vuoriclothing.com/pages/store-locator,master store_type=standard (pre-recapture),,,2026-08-23,locations_2026-08-29.csv
Vuori,,,own-door,open,636 State Street,Santa Barbara,CA,93101,,,https://vuoriclothing.com/pages/store-locator,master store_type=standard (pre-recapture),,,2026-08-23,locations_2026-08-29.csv
Vuori,,,own-door,open,715 Farmers Lane,Santa Rosa,CA,95405,,,https://vuoriclothing.com/pages/store-locator,master store_type=standard (pre-recapture),,,2026-08-23,locations_2026-08-29.csv
Vuori,,,own-door,open,"4220 Coldwater Canyon Avenue, #136",Studio City,CA,91604,,,https://vuoriclothing.com/pages/store-locator,master store_type=standard (pre-recapture),,,2026-08-23,locations_2026-08-29.csv
Vuori,,,own-door,open,"4050 E. Thousand Oaks Boulevard, Suite C",Thousand Oaks,CA,91362,,,https://vuoriclothing.com/pages/store-locator,master store_type=standard (pre-recapture),,,2026-08-23,locations_2026-08-29.csv
Vuori,,,own-door,open,"21540 Hawthorne Boulevard, Unit 416",Torrance,CA,90503,,,https://vuoriclothing.com/pages/store-locator,master store_type=standard (pre-recapture),,,2026-08-23,locations_2026-08-29.csv
Vuori,,,own-door,open,"1110 Abbot Kinney Boulevard, #1110B",Venice Beach,CA,90291,,,https://vuoriclothing.com/pages/store-locator,master store_type=standard (pre-recapture),,,2026-08-23,locations_2026-08-29.csv
Vuori,,,own-door,open,"1281 Broadway Plaza, Space #C10",Walnut Creek,CA,94596,,,https://vuoriclothing.com/pages/store-locator,master store_type=standard (pre-recapture),,,2026-08-23,locations_2026-08-29.csv
Vuori,,,own-door,open,414 East Cooper Avenue,Aspen,CO,81611,,,https://vuoriclothing.com/pages/store-locator,master store_type=standard (pre-recapture),,,2026-08-23,locations_2026-08-29.csv
Vuori,,,own-door,open,"1805 29th Street, #1122",Boulder,CO,80301,,,https://vuoriclothing.com/pages/store-locator,master store_type=standard (pre-recapture),,,2026-08-23,locations_2026-08-29.csv
Vuori,,,own-door,open,"3000 E. First Avenue, #148",Denver,CO,80206,,,https://vuoriclothing.com/pages/store-locator,master store_type=standard (pre-recapture),,,2026-08-23,locations_2026-08-29.csv
Vuori,,,own-door,open,"8505 Park Meadows Center Drive, Space #2584",Lone Tree,CO,80124,,,https://vuoriclothing.com/pages/store-locator,master store_type=standard (pre-recapture),,,2026-08-23,locations_2026-08-29.csv
Vuori,,,own-door,open,340 Greenwich Avenue,Greenwich,CT,06830,,,https://vuoriclothing.com/pages/store-locator,master store_type=standard (pre-recapture),,,2026-08-23,locations_2026-08-29.csv
Vuori,,,own-door,open,166 Main Street,Westport,CT,06880,,,https://vuoriclothing.com/pages/store-locator,master store_type=standard (pre-recapture),,,2026-08-23,locations_2026-08-29.csv
Vuori,,,own-door,open,"3222 M Street NW, Retail 5A",Washington,DC,20007,,,https://vuoriclothing.com/pages/store-locator,master store_type=standard (pre-recapture),,,2026-08-23,locations_2026-08-29.csv
Vuori,,,own-door,open,19501 Biscayne Boulevard,Aventura,FL,33180,,,https://vuoriclothing.com/pages/store-locator,master store_type=standard (pre-recapture),,,2026-08-23,locations_2026-08-29.csv
Vuori,,,own-door,open,"6000 Glades Road, #1033",Boca Raton,FL,33431,,,https://vuoriclothing.com/pages/store-locator,master store_type=standard (pre-recapture),,,2026-08-23,locations_2026-08-29.csv
Vuori,,,own-door,open,"350 San Lorenzo Avenue, Suite 2145",Coral Gables,FL,33146,,,https://vuoriclothing.com/pages/store-locator,master store_type=standard (pre-recapture),,,2026-08-23,locations_2026-08-29.csv
Vuori,,,own-door,open,"4812 River City Drive, Suite 131",Jacksonville,FL,32246,,,https://vuoriclothing.com/pages/store-locator,master store_type=standard (pre-recapture),,,2026-08-23,locations_2026-08-29.csv
Vuori,,,own-door,open,"701 S. Miami Avenue, Suite 141B",Miami,FL,33131,,,https://vuoriclothing.com/pages/store-locator,master store_type=standard (pre-recapture),,,2026-08-23,locations_2026-08-29.csv
Vuori,,,own-door,open,"4200 Conroy Road, H214",Orlando,FL,32839,,,https://vuoriclothing.com/pages/store-locator,master store_type=standard (pre-recapture),,,2026-08-23,locations_2026-08-29.csv
Vuori,,,own-door,open,"3101 PGA Boulevard, #E-131",Palm Beach Gardens,FL,33410,,,https://vuoriclothing.com/pages/store-locator,master store_type=standard (pre-recapture),,,2026-08-23,locations_2026-08-29.csv
Vuori,,,own-door,open,"140 University Town Center Drive, Suite 231",Sarasota,FL,34243,,,https://vuoriclothing.com/pages/store-locator,master store_type=standard (pre-recapture),,,2026-08-23,locations_2026-08-29.csv
Vuori,,,own-door,open,7120 Avalon Boulevard,Alpharetta,GA,30009,,,https://vuoriclothing.com/pages/store-locator,master store_type=standard (pre-recapture),,,2026-08-23,locations_2026-08-29.csv
Vuori,,,own-door,open,101 Buckhead Avenue,Atlanta,GA,30305,,,https://vuoriclothing.com/pages/store-locator,master store_type=standard (pre-recapture),,,2026-08-23,locations_2026-08-29.csv
Vuori,,,own-door,open,1003 N. Rush Street,Chicago,IL,60611,,,https://vuoriclothing.com/pages/store-locator,master store_type=standard (pre-recapture),,,2026-08-23,locations_2026-08-29.csv
Vuori,,,own-door,open,110 West Jefferson Avenue,Chicago,IL,60540,,,https://vuoriclothing.com/pages/store-locator,master store_type=standard (pre-recapture),,,2026-08-23,locations_2026-08-29.csv
Vuori,,,own-door,open,3443 N Southport Avenue,Chicago,IL,60657,,,https://vuoriclothing.com/pages/store-locator,master store_type=standard (pre-recapture),,,2026-08-23,locations_2026-08-29.csv
Vuori,,,own-door,open,76 Oakbrook Center,Oak Brook,IL,60523,,,https://vuoriclothing.com/pages/store-locator,master store_type=standard (pre-recapture),,,2026-08-23,locations_2026-08-29.csv
Vuori,,,own-door,open,"5 Woodfield Mall, Room J314A",Schaumburg,IL,60173,,,https://vuoriclothing.com/pages/store-locator,master store_type=standard (pre-recapture),,,2026-08-23,locations_2026-08-29.csv
Vuori,,,own-door,open,"Temporarily closed, #B32",Skokie,IL,60077,,,https://vuoriclothing.com/pages/store-locator,master store_type=standard (pre-recapture),,,2026-08-23,locations_2026-08-29.csv
Vuori,,,own-door,open,"8702 Keystone Crossing, Space #70A",Indianapolis,IN,46240,,,https://vuoriclothing.com/pages/store-locator,master store_type=standard (pre-recapture),,,2026-08-23,locations_2026-08-29.csv
Vuori,,,own-door,open,"3301 Veterans Memorial Boulevard, #107",Metairie,LA,70002,,,https://vuoriclothing.com/pages/store-locator,master store_type=standard (pre-recapture),,,2026-08-23,locations_2026-08-29.csv
Vuori,,,own-door,open,"201 Newbury Street, #3",Boston,MA,02116,,,https://vuoriclothing.com/pages/store-locator,master store_type=standard (pre-recapture),,,2026-08-23,locations_2026-08-29.csv
Vuori,,,own-door,open,214 Legacy Place,Dedham,MA,02026,,,https://vuoriclothing.com/pages/store-locator,master store_type=standard (pre-recapture),,,2026-08-23,locations_2026-08-29.csv
Vuori,,,own-door,open,"94 Derby Street, Space 269",Hingham,MA,02043,,,https://vuoriclothing.com/pages/store-locator,master store_type=standard (pre-recapture),,,2026-08-23,locations_2026-08-29.csv
Vuori,,,own-door,open,400 Market Street,Lynnfield,MA,01940,,,https://vuoriclothing.com/pages/store-locator,master store_type=standard (pre-recapture),,,2026-08-23,locations_2026-08-29.csv
Vuori,,,own-door,open,"4820 Bethesda Avenue, Space 21",Bethesda,MD,20814,,,https://vuoriclothing.com/pages/store-locator,master store_type=standard (pre-recapture),,,2026-08-23,locations_2026-08-29.csv
Vuori,,,own-door,open,100 South Old Woodward Avenue,Birmingham,MI,48009,,,https://vuoriclothing.com/pages/store-locator,master store_type=standard (pre-recapture),,,2026-08-23,locations_2026-08-29.csv
Vuori,,,own-door,open,"2800 W Big Beaver Road, Suite T-247",Troy,MI,48084,,,https://vuoriclothing.com/pages/store-locator,master store_type=standard (pre-recapture),,,2026-08-23,locations_2026-08-29.csv
Vuori,,,own-door,open,152 South Avenue,Bloomington,MN,55425,,,https://vuoriclothing.com/pages/store-locator,master store_type=standard (pre-recapture),,,2026-08-23,locations_2026-08-29.csv
Vuori,,,own-door,open,"10 Southdale Center, #2854",Edina,MN,55435,,,https://vuoriclothing.com/pages/store-locator,master store_type=standard (pre-recapture),,,2026-08-23,locations_2026-08-29.csv
Vuori,,,own-door,open,1701 South Lindbergh Boulevard,St Louis,MO,63131,,,https://vuoriclothing.com/pages/store-locator,master store_type=standard (pre-recapture),,,2026-08-23,locations_2026-08-29.csv
Vuori,,,own-door,open,"4400 Sharon Road, Suite E-118",Charlotte,NC,28211,,,https://vuoriclothing.com/pages/store-locator,master store_type=standard (pre-recapture),,,2026-08-23,locations_2026-08-29.csv
Vuori,,,own-door,open,"8030 Renaissance Parkway, Suite 870",Durham,NC,27713,,,https://vuoriclothing.com/pages/store-locator,master store_type=standard (pre-recapture),,,2026-08-23,locations_2026-08-29.csv
Vuori,,,own-door,open,"1 Garden State Plaza Parkway, Level 2, Unit D1A",Paramus,NJ,07652,,,https://vuoriclothing.com/pages/store-locator,master store_type=standard (pre-recapture),,,2026-08-23,locations_2026-08-29.csv
Vuori,,,own-door,open,"1200 Morris Turnpike, Suite D215",Short Hills,NJ,07078,,,https://vuoriclothing.com/pages/store-locator,master store_type=standard (pre-recapture),,,2026-08-23,locations_2026-08-29.csv
Vuori,,,own-door,open,"2120 Festival Plaza Drive, Suite 110",Las Vegas,NV,89135,,,https://vuoriclothing.com/pages/store-locator,master store_type=standard (pre-recapture),,,2026-08-23,locations_2026-08-29.csv
Vuori,,,own-door,open,"3500 Las Vegas Boulevard S, #E13",Las Vegas,NV,89109,,,https://vuoriclothing.com/pages/store-locator,master store_type=standard (pre-recapture),,,2026-08-23,locations_2026-08-29.csv
Vuori,,,own-door,open,110 North 6th Street,Brooklyn,NY,11249,,,https://vuoriclothing.com/pages/store-locator,master store_type=standard (pre-recapture),,,2026-08-23,locations_2026-08-29.csv
Vuori,,,own-door,open,"630 Old Country Road, Space 1113A",Garden City,NY,11530,,,https://vuoriclothing.com/pages/store-locator,master store_type=standard (pre-recapture),,,2026-08-23,locations_2026-08-29.csv
Vuori,,,own-door,open,"1950 Northern Boulevard, #B-4B & C-3S",Manhasset,NY,11030,,,https://vuoriclothing.com/pages/store-locator,master store_type=standard (pre-recapture),,,2026-08-23,locations_2026-08-29.csv
Vuori,,,own-door,open,106 Spring Street,New York,NY,10012,,,https://vuoriclothing.com/pages/store-locator,master store_type=standard (pre-recapture),,,2026-08-23,locations_2026-08-29.csv
Vuori,,,own-door,open,1151 3rd Avenue,New York,NY,10065,,,https://vuoriclothing.com/pages/store-locator,master store_type=standard (pre-recapture),,,2026-08-23,locations_2026-08-29.csv
Vuori,,,own-door,open,1153 Madison Avenue,New York,NY,10028,,,https://vuoriclothing.com/pages/store-locator,master store_type=standard (pre-recapture),,,2026-08-23,locations_2026-08-29.csv
Vuori,,,own-door,open,120 Fifth Avenue,New York,NY,10011,,,https://vuoriclothing.com/pages/store-locator,master store_type=standard (pre-recapture),,,2026-08-23,locations_2026-08-29.csv
Vuori,,,own-door,open,201 Columbus Avenue,New York,NY,10023,,,https://vuoriclothing.com/pages/store-locator,master store_type=standard (pre-recapture),,,2026-08-23,locations_2026-08-29.csv
Vuori,,,own-door,open,"7875 Montgomery Road, Space 0079",Cincinnati,OH,45236,,,https://vuoriclothing.com/pages/store-locator,master store_type=standard (pre-recapture),,,2026-08-23,locations_2026-08-29.csv
Vuori,,,own-door,open,"4200 The Strand, Space 318",Columbus,OH,43219,,,https://vuoriclothing.com/pages/store-locator,master store_type=standard (pre-recapture),,,2026-08-23,locations_2026-08-29.csv
Vuori,,,own-door,open,28853 Chagrin Boulevard,Woodmere,OH,44122,,,https://vuoriclothing.com/pages/store-locator,master store_type=standard (pre-recapture),,,2026-08-23,locations_2026-08-29.csv
Vuori,,,own-door,open,"9620 SW Washington Square Road, Space #G06",Portland,OR,97223,,,https://vuoriclothing.com/pages/store-locator,master store_type=standard (pre-recapture),,,2026-08-23,locations_2026-08-29.csv
Vuori,,,own-door,open,"7395 Southwest Bridgeport Road, C-103",Tigard,OR,97224,,,https://vuoriclothing.com/pages/store-locator,master store_type=standard (pre-recapture),,,2026-08-23,locations_2026-08-29.csv
Vuori,,,own-door,open,"160 North Gulph Road, 2196C",King of Prussia,PA,19406,,,https://vuoriclothing.com/pages/store-locator,master store_type=standard (pre-recapture),,,2026-08-23,locations_2026-08-29.csv
Vuori,,,own-door,open,1705 Walnut Street,Philadelphia,PA,19103,,,https://vuoriclothing.com/pages/store-locator,master store_type=standard (pre-recapture),,,2026-08-23,locations_2026-08-29.csv
Vuori,,,own-door,open,348-A King Street,Charleston,SC,29401,,,https://vuoriclothing.com/pages/store-locator,master store_type=standard (pre-recapture),,,2026-08-23,locations_2026-08-29.csv
Vuori,,,own-door,open,"5001 Aspen Grove Drive, Suite 118",Franklin,TN,37067,,,https://vuoriclothing.com/pages/store-locator,master store_type=standard (pre-recapture),,,2026-08-23,locations_2026-08-29.csv
Vuori,,,own-door,open,"2126 Abbott Martin Road, Suite 137",Nashville,TN,37215,,,https://vuoriclothing.com/pages/store-locator,master store_type=standard (pre-recapture),,,2026-08-23,locations_2026-08-29.csv
Vuori,,,own-door,open,2701 12th Avenue S,Nashville,TN,37204,,,https://vuoriclothing.com/pages/store-locator,master store_type=standard (pre-recapture),,,2026-08-23,locations_2026-08-29.csv
Vuori,,,own-door,open,"1007 South Congress, Suite 130",Austin,TX,78704,,,https://vuoriclothing.com/pages/store-locator,master store_type=standard (pre-recapture),,,2026-08-23,locations_2026-08-29.csv
Vuori,,,own-door,open,"11701 Domain Boulevard, Suite #154",Austin,TX,78758,,,https://vuoriclothing.com/pages/store-locator,master store_type=standard (pre-recapture),,,2026-08-23,locations_2026-08-29.csv
Vuori,,,own-door,open,"8687 N. Central Expressway, #H1-1612",Dallas,TX,75225,,,https://vuoriclothing.com/pages/store-locator,master store_type=standard (pre-recapture),,,2026-08-23,locations_2026-08-29.csv
Vuori,,,own-door,open,"1620 South University Drive, Suite 202",Fort Worth,TX,76107,,,https://vuoriclothing.com/pages/store-locator,master store_type=standard (pre-recapture),,,2026-08-23,locations_2026-08-29.csv
Vuori,,,own-door,open,"5085 Westheimer, Suite B3681",Houston,TX,77056,,,https://vuoriclothing.com/pages/store-locator,master store_type=standard (pre-recapture),,,2026-08-23,locations_2026-08-29.csv
Vuori,,,own-door,open,"5515 Kelvin Drive, Suite 90",Houston,TX,77005,,,https://vuoriclothing.com/pages/store-locator,master store_type=standard (pre-recapture),,,2026-08-23,locations_2026-08-29.csv
Vuori,,,own-door,open,"645 Heights Boulevard, Suite D",Houston,TX,77007,,,https://vuoriclothing.com/pages/store-locator,master store_type=standard (pre-recapture),,,2026-08-23,locations_2026-08-29.csv
Vuori,,,own-door,open,"7301 Windrose Avenue, Unit C100",Plano,TX,75024,,,https://vuoriclothing.com/pages/store-locator,master store_type=standard (pre-recapture),,,2026-08-23,locations_2026-08-29.csv
Vuori,,,own-door,open,319 Grand Avenue East,Southlake,TX,76092,,,https://vuoriclothing.com/pages/store-locator,master store_type=standard (pre-recapture),,,2026-08-23,locations_2026-08-29.csv
Vuori,,,own-door,open,"9595 Six Pines Drive, #820",The Woodlands,TX,77380,,,https://vuoriclothing.com/pages/store-locator,master store_type=standard (pre-recapture),,,2026-08-23,locations_2026-08-29.csv
Vuori,,,own-door,open,"925 W Forbush Place, Suite A-120",Farmington,UT,84025,,,https://vuoriclothing.com/pages/store-locator,master store_type=standard (pre-recapture),,,2026-08-23,locations_2026-08-29.csv
Vuori,,,own-door,open,"6191 S. State Street, Suite 221",Murray,UT,84107,,,https://vuoriclothing.com/pages/store-locator,master store_type=standard (pre-recapture),,,2026-08-23,locations_2026-08-29.csv
Vuori,,,own-door,open,440 Main Street,Park City,UT,84060,,,https://vuoriclothing.com/pages/store-locator,master store_type=standard (pre-recapture),,,2026-08-23,locations_2026-08-29.csv
Vuori,,,own-door,open,"50 S Main Street, Space #262",Salt Lake City,UT,84101,,,https://vuoriclothing.com/pages/store-locator,master store_type=standard (pre-recapture),,,2026-08-23,locations_2026-08-29.csv
Vuori,,,own-door,open,"1961 Chain Bridge Road Mall, #D004U",McLean,VA,22102,,,https://vuoriclothing.com/pages/store-locator,master store_type=standard (pre-recapture),,,2026-08-23,locations_2026-08-29.csv
Vuori,,,own-door,open,141 Bellevue Square,Bellevue,WA,98004,,,https://vuoriclothing.com/pages/store-locator,master store_type=standard (pre-recapture),,,2026-08-23,locations_2026-08-29.csv
Vuori,,,own-door,open,4611 26th Avenue Northeast,Seattle,WA,98105,,,https://vuoriclothing.com/pages/store-locator,master store_type=standard (pre-recapture),,,2026-08-23,locations_2026-08-29.csv
Yohji Yamamoto,,,own-door,open,52 Wooster Street,New York,NY,10013,,,https://www.theshopyohjiyamamoto.jp/en/shoplist,master store_type=standard (pre-recapture),,,2026-08-24,locations_2026-08-29.csv
Zegna,Zegna Boutique (Fashion Square),,own-door,open,"7014 East Camelback Road,",Scottsdale,AZ,85251,480-956-5300,,https://www.zegna.com/us-en/store-locator/store-detail/united-states/scottsdale/7014-east-camelback-road.37Q/,,,"Locator data flags this door NEW=1 (3 of 96). No NEW badge is displayed on the card, so store_type_stated is left blank per the brief; recorded here as the brand's own recency signal.",2026-09-05,zegna_classified_2026-09-05.csv
Zegna,Zegna Global Store,,own-door,open,"455 N Rodeo Drive,",Beverly Hills,CA,90210,310-247-8827,,https://www.zegna.com/us-en/store-locator/store-detail/united-states/beverly-hills/455-n-rodeo-drive.402/,,,,2026-09-05,zegna_classified_2026-09-05.csv
Zegna,Zegna Boutique (South Coast Plaza),,own-door,open,3333 Bristol St Ste 1213,Costa Mesa,CA,92626-1827,714-444-1534,,https://www.zegna.com/us-en/store-locator/store-detail/united-states/costa-mesa/3333-bristol-st-ste-1213.401/,,,ZIP published as ZIP+4; left verbatim.,2026-09-05,zegna_classified_2026-09-05.csv
Zegna,Zegna Boutique (Rosewood Miramar Beach),,own-door,open,1759 S Jameson Ln,Montecito,CA,93108,805-727-7811,,https://www.zegna.com/us-en/store-locator/store-detail/united-states/montecito/1759-s-jameson-ln.34Z/,,,,2026-09-05,zegna_classified_2026-09-05.csv
Zegna,Zegna Boutique (Stanford Shopping Center),,own-door,open,180 El Camino Real Ste 157a,Palo Alto,CA,94304-1428,650-325-2961,,https://www.zegna.com/us-en/store-locator/store-detail/united-states/palo-alto/180-el-camino-real-ste-157a.422/,,,ZIP published as ZIP+4; left verbatim.,2026-09-05,zegna_classified_2026-09-05.csv
Zegna,Zegna Boutique (Westfield UTC),,own-door,open,4305 La Jolla Village Drive,San Diego,CA,92122,619-354-2121,,https://www.zegna.com/us-en/store-locator/store-detail/united-states/san-diego/4305-la-jolla-village-drive.38C/,,,"Locator data flags this door NEW=1 (3 of 96). No NEW badge is displayed on the card, so store_type_stated is left blank per the brief; recorded here as the brand's own recency signal.",2026-09-05,zegna_classified_2026-09-05.csv
Zegna,Zegna Boutique,,own-door,open,211 S Galena St,Aspen,CO,81611-1903,970-544-4989,,https://www.zegna.com/us-en/store-locator/store-detail/united-states/aspen/211-s-galena-st.419/,,,ZIP published as ZIP+4; left verbatim.,2026-09-05,zegna_classified_2026-09-05.csv
Zegna,Zegna Boutique (Bal Harbour Shops),,own-door,open,"9700 Collins Avenue, Suite 138",Bal Harbour,FL,33154,305-865-8652,,https://www.zegna.com/us-en/store-locator/store-detail/united-states/bal-harbour/9700-collins-avenue-suite-138.403/,,,Shares state + ZIP + street number with the 'Neiman Marcus' row at 9700 Collins Ave. Not a duplicate: this door carries Suite 138 and that one is the department store itself. Kept apart per the brief's suite rule.,2026-09-05,zegna_classified_2026-09-05.csv
Zegna,Zegna Boutique (Miami Design District),,own-door,open,3906 NE 1st Ave,Miami,FL,33137,305-576-0179,,https://www.zegna.com/us-en/store-locator/store-detail/united-states/miami/3906-ne-1st-ave.34Y/,,,,2026-09-05,zegna_classified_2026-09-05.csv
Zegna,Zegna Boutique,,own-door,open,212 Worth Avenue,Palm Beach,FL,33480,561-327-9447,,https://www.zegna.com/us-en/store-locator/store-detail/united-states/palm-beach/212-worth-avenue.34T/,,,,2026-09-05,zegna_classified_2026-09-05.csv
Zegna,Zegna Boutique (One Phipps Plaza),,own-door,open,3550 Peachtree Road NE Suite 110,Atlanta,GA,30326,404-736-1010,,https://www.zegna.com/us-en/store-locator/store-detail/united-states/atlanta/3550-peachtree-road-ne-suite-110.438/,,,,2026-09-05,zegna_classified_2026-09-05.csv
Zegna,Zegna Boutique (Ala Moana Center),,own-door,open,1450 Ala Moana Blvd.,Honolulu,HI,96814,808-720-4147,,https://www.zegna.com/us-en/store-locator/store-detail/united-states/honolulu/1450-ala-moana-blvd.35A/,,,,2026-09-05,zegna_classified_2026-09-05.csv
Zegna,Zegna Global Store,,own-door,open,645 North Michigan Avenue,Chicago,IL,60611-2826,312-867-3040,,https://www.zegna.com/us-en/store-locator/store-detail/united-states/chicago/645-north-michigan-avenue.405/,,,ZIP published as ZIP+4; left verbatim.,2026-09-05,zegna_classified_2026-09-05.csv
Zegna,Zegna Boutique,,own-door,open,1 Newbury Street,Boston,MA,02116,617-262-0099,,https://www.zegna.com/us-en/store-locator/store-detail/united-states/boston/1-newbury-street.406/,,,,2026-09-05,zegna_classified_2026-09-05.csv
Zegna,Zegna Boutique (Somerset Collection Mall),,own-door,open,"2801 West Big Beaver Road,",Troy,MI,48084,(248) 327-4839,,https://www.zegna.com/us-en/store-locator/store-detail/united-states/troy/2801-west-big-beaver-road.34X/,,,"Locator data flags this door NEW=1 (3 of 96). No NEW badge is displayed on the card, so store_type_stated is left blank per the brief; recorded here as the brand's own recency signal.",2026-09-05,zegna_classified_2026-09-05.csv
Zegna,Zegna Boutique (The Shops at Riverside),,own-door,open,390 Hackensack Ave. Space #194C,Hackensack,NJ,07601,201 735-0303,,https://www.zegna.com/us-en/store-locator/store-detail/united-states/hackensack/390-hackensack-ave-space-194c.AKO/,,,,2026-09-05,zegna_classified_2026-09-05.csv
Zegna,Zegna Global Store (The Shops at Crystals),,own-door,open,3720 Las Vegas Blvd. S Ste 241A,Las Vegas,NV,89158-1637,702-891-8726,,https://www.zegna.com/us-en/store-locator/store-detail/united-states/las-vegas/3720-las-vegas-blvd-s-ste-241a.506/,,,ZIP published as ZIP+4; left verbatim.,2026-09-05,zegna_classified_2026-09-05.csv
Zegna,Zegna East Hampton,,own-door,open,50 Newtown Ln,East Hamptons,NY,11937,631-257-1852,,https://www.zegna.com/us-en/store-locator/store-detail/united-states/east-hamptons/50-newtown-ln.33Q/,,,,2026-09-05,zegna_classified_2026-09-05.csv
Zegna,Zegna Boutique (Americana Manhasset),,own-door,open,2024 Northern Boulevard,Manhasset,NY,11030,516-627-1934,,https://www.zegna.com/us-en/store-locator/store-detail/united-states/manhasset/2024-northern-boulevard.425/,,,,2026-09-05,zegna_classified_2026-09-05.csv
Zegna,Zegna Soho,,own-door,open,265 Lafayette Street,New York,NY,10012,212-471-4589,,https://www.zegna.com/us-en/store-locator/store-detail/united-states/new-york/265-lafayette-street.33P/,,,,2026-09-05,zegna_classified_2026-09-05.csv
Zegna,Zegna Global Store,,own-door,open,4 W 57th Street,New York,NY,10019,212-421-4488,,https://www.zegna.com/us-en/store-locator/store-detail/united-states/new-york/4-w-57th-street.AJH/,,,,2026-09-05,zegna_classified_2026-09-05.csv
Zegna,Zegna Boutique (Meatpacking),,own-door,open,66 Gansevoort Street,New York,NY,10014,646-914-9999,,https://www.zegna.com/us-en/store-locator/store-detail/united-states/new-york/66-gansevoort-street.37P/,,,,2026-09-05,zegna_classified_2026-09-05.csv
Zegna,Zegna Boutique (King of Prussia Mall),,own-door,open,"160 North Gulph Road, Suite 1219",King of Prussia,PA,19406,610-337-2813,,https://www.zegna.com/us-en/store-locator/store-detail/united-states/king-of-prussia/160-north-gulph-road-suite-1219.404/,,,,2026-09-05,zegna_classified_2026-09-05.csv
Zegna,Zegna Boutique (Highland Park Village),,own-door,open,46 Highland Park Village,Dallas,TX,75205,214-559-4842,,https://www.zegna.com/us-en/store-locator/store-detail/united-states/dallas/46-highland-park-village.P0C/,,,,2026-09-05,zegna_classified_2026-09-05.csv
Zegna,Zegna Boutique (Houston Galleria),,own-door,open,5015 Westheimer Rd Ste A3166,Houston,TX,77056-5610,713-960-0159,,https://www.zegna.com/us-en/store-locator/store-detail/united-states/houston/5015-westheimer-rd-ste-a3166.424/,,,ZIP published as ZIP+4; left verbatim.,2026-09-05,zegna_classified_2026-09-05.csv
Zegna,Zegna Boutique (Tysons Galleria),,own-door,open,2001 INTERNATIONAL DR MALL #2402M,McLean,VA,22102-4605,703-714-7332,,https://www.zegna.com/us-en/store-locator/store-detail/united-states/mclean/2001-international-dr-mall-2402m.420/,,,ZIP published as ZIP+4; left verbatim.,2026-09-05,zegna_classified_2026-09-05.csv
