brand,store_name,banner_stated,format,status,street,city,state,zip,country,phone,venue,source_url,captured_on,note
Vans,VANS STORE - CHRISTIANA MALL,VANS STORE,own-door,as listed,715 Christiana Mall Suite #1220,Newark,DE,19702,US,+1 302-722-6138,CHRISTIANA MALL,https://locations.vans.com/Newark/Newark/USA405,2026-10-08,-
Vans,VANS STORE - LEHIGH VALLEY MALL,VANS STORE,own-door,as listed,250 Lehigh Valley Mall Suite #2063A,Whitehall,PA,18052,US,+1 610-264-2830,LEHIGH VALLEY MALL,https://locations.vans.com/Whitehall/Whitehall/USA390,2026-10-08,-
Vans,VANS STORE - THE MALL AT UNIVERSITY TOWN CENTER,VANS STORE,own-door,as listed,140 University Town Center Drive space 168,Sarasota,FL,34243,US,+1 941-225-6670,THE MALL AT UNIVERSITY TOWN CENTER,https://locations.vans.com/Sarasota/Sarasota/USA551,2026-10-08,-
Vans,VANS STORE - BRANDON,VANS STORE,own-door,as listed,614 Brandon Town Center,Brandon,FL,33511,US,+1 813-681-9184,BRANDON,https://locations.vans.com/Brandon/Brandon/USA222,2026-10-08,-
Vans,VANS STORE - WOLFCHASE GALLERIA,VANS STORE,own-door,as listed,2760 N. Germantown Pky. Space 152,Memphis,TN,38133,US,+1 901-266-1726,WOLFCHASE GALLERIA,https://locations.vans.com/Memphis/Memphis/USA448,2026-10-08,-
Vans,VANS STORE - SPRNGFIELD TOWN CTR,VANS STORE,own-door,as listed,6705 Springfield Mall Space 22060,Springfield,VA,22150,US,+1 703-313-0424,SPRNGFIELD TOWN CTR,https://locations.vans.com/Springfield/Springfield/USA403,2026-10-08,-
Vans,VANS STORE - MONTEBELLO,VANS STORE,own-door,as listed,1832 Montebello Towne Center,Montebello,CA,90640,US,+1 323-832-9974,MONTEBELLO,https://locations.vans.com/Montebello/Montebello/USA143,2026-10-08,-
Vans,VANS STORE - QUEEN KA AHUMANU CTR,VANS STORE,own-door,as listed,275 W Ka'ahumanu Ave Suite #1042,Kahului,HI,96732,US,+1 808-877-3985,QUEEN KA AHUMANU CTR,https://locations.vans.com/Kahului/Kahului/USA412,2026-10-08,-
Vans,VANS STORE - MISSION BLVD,VANS STORE,own-door,as listed,740 Hornblend St. Suite 103,San Diego,CA,92109,US,+1 858-270-0027,MISSION BLVD,https://locations.vans.com/San%20Diego/San%20Diego/USA565,2026-10-08,-
Vans,VANS STORE - HANES MALL,VANS STORE,own-door,as listed,3320 Silas Creek Pkwy Suite #FU-6620,Winston-Salem,NC,27103,US,+1 336-760-3040,HANES MALL,https://locations.vans.com/Winston-Salem/Winston-Salem/USA408,2026-10-08,-
Vans,VANS STORE - WESTFARMS MALL,VANS STORE,own-door,as listed,500 South Road Space D-109,Farmington,CT,06032,US,+1 860-313-0127,WESTFARMS MALL,https://locations.vans.com/Farmington/Farmington/USA434,2026-10-08,-
Vans,VANS STORE - FREEHOLD RACEWAY MALL,VANS STORE,own-door,as listed,3710 Route 9 Suite #C-234,Freehold,NJ,07728,US,+1 732-303-1023,FREEHOLD RACEWAY MALL,https://locations.vans.com/Freehold/Freehold/USA411,2026-10-08,-
Vans,VANS STORE - LA PALMERA,VANS STORE,own-door,as listed,5488 S. Padre Island Suite # 1632,Corpus Christi,TX,78411,US,+1 361-991-0229,LA PALMERA,https://locations.vans.com/Corpus%20Christi/Corpus%20Christi/USA282,2026-10-08,-
Vans,VANS STORE - MALL OF LOUISIANA,VANS STORE,own-door,as listed,6401 Bluebonnet Blvd Suite #2110,Baton Rouge,LA,70836,US,+1 225-763-9355,MALL OF LOUISIANA,https://locations.vans.com/Baton%20Rouge/Baton%20Rouge/USA414,2026-10-08,-
Vans,VANS STORE - HAYWOOD MALL,VANS STORE,own-door,as listed,700 Haywood Rd Suite #2016A,Greenville,SC,29607,US,+1 864-297-3443,HAYWOOD MALL,https://locations.vans.com/Greenville/Greenville/USA398,2026-10-08,-
Vans,VANS STORE - STREETS AT SOUTHPOINT,VANS STORE,own-door,as listed,6910 Fayetteville Road Suite #222,Durham,NC,27713,US,+1 919-293-1088,STREETS AT SOUTHPOINT,https://locations.vans.com/Durham/Durham/USA371,2026-10-08,-
Vans,VANS STORE - DEPTFORD MALL,VANS STORE,own-door,as listed,1750 Deptford Center Rd. Suite #2045,Deptford,NJ,08096,US,+1 856-579-5004,DEPTFORD MALL,https://locations.vans.com/Deptford/Deptford/USA383,2026-10-08,-
Vans,VANS STORE - FASHION VALLEY,VANS STORE,own-door,as listed,7007 Friars RD Space 209A,San Diego,CA,92108,US,+1 619-295-1814,FASHION VALLEY,https://locations.vans.com/San%20Diego/San%20Diego/USA545,2026-10-08,-
Vans,VANS STORE - CLACKAMAS TOWN CNTR,VANS STORE,own-door,as listed,"12000 South East 82nd Avenue, Suite #E105 Suite #E105",Happy Valley,OR,97086,US,+1 503-659-1177,CLACKAMAS TOWN CNTR,https://locations.vans.com/Happy%20Valley/Happy%20Valley/USA178,2026-10-08,-
Vans,VANS STORE - TYRONE SQUARE,VANS STORE,own-door,as listed,"6901 22nd Ave, North Space #812",St. Petersburg,FL,33710,US,+1 727-347-6748,TYRONE SQUARE,https://locations.vans.com/St.%20Petersburg/St.%20Petersburg/USA188,2026-10-08,-
Vans,VANS STORE - VANCOUVER MALL(WA),VANS STORE,own-door,as listed,"8700 N.E. Vancouver Mall Drive, Space #259 Space# 259",Vancouver,WA,98662,US,+1 360-254-3075,VANCOUVER MALL(WA),https://locations.vans.com/Vancouver/Vancouver/USA241,2026-10-08,-
Vans,VANS STORE - FLAGSTAFF MALL,VANS STORE,own-door,as listed,4650 N. Highway 89 Suite #C018,Flafstaff,AZ,86004,US,+1 928-526-5479,FLAGSTAFF MALL,https://locations.vans.com/Flafstaff/Flafstaff/USA254,2026-10-08,locator city field reads Flafstaff (sic)
Vans,VANS STORE - ALTAMONTE MALL,VANS STORE,own-door,as listed,451 E. Altamonte Dr. Space 1369,Altamonte Springs,FL,32701,US,+1 321-207-3254,ALTAMONTE MALL,https://locations.vans.com/Altamonte%20Springs/Altamonte%20Springs/USA557,2026-10-08,-
Vans,VANS STORE - FOX RIVER MALL,VANS STORE,own-door,as listed,"4301 W. Wisconsin Ave, Space 408 Appleton, WI 54913",Appleton,WI,54913,US,+1 920-666-0763,FOX RIVER MALL,https://locations.vans.com/Appleton/Appleton/USA558,2026-10-08,-
Vans,VANS STORE - CORDOVA MALL,VANS STORE,own-door,as listed,5100 N 9th Ave Suite #A122,Pensacola,FL,32504,US,+1 850-477-4900,CORDOVA MALL,https://locations.vans.com/Pensacola/Pensacola/USA413,2026-10-08,-
Vans,VANS STORE - COLLECTION AT RIVERPARK,VANS STORE,own-door,as listed,"551 Town Center Dr., Space 3035",Oxnard,CA,93036,US,+1 805-351-0871,COLLECTION AT RIVERPARK,https://locations.vans.com/Oxnard/Oxnard/USA569,2026-10-08,-
Vans,VANS STORE - VILLAGE AT MERIDIAN,VANS STORE,own-door,as listed,3597 E. Monarch Sky Ln. Suite110,Meridian,ID,83646,US,+1 208-855-9424,VILLAGE AT MERIDIAN,https://locations.vans.com/Meridian/Meridian/USA568,2026-10-08,-
Vans,VANS STORE - SERRAMONTE,VANS STORE,own-door,as listed,"3 Serramonte Center, Space 360",Daly City,CA,94015,US,+1 650-991-0121,SERRAMONTE,https://locations.vans.com/Daly%20City/Daly%20City/USA567,2026-10-08,-
Vans,VANS STORE - ORLAND SQUARE,VANS STORE,own-door,as listed,288 Orland Square Dr Suite #H11E,Orland Park,IL,60462,US,+1 708-403-1705,ORLAND SQUARE,https://locations.vans.com/Orland%20Park/Orland%20Park/USA416,2026-10-08,-
Vans,VANS STORE - SUN VALLEY,VANS STORE,own-door,as listed,226 Sun Valley Mall,Concord,CA,94520,US,+1 925-686-5143,SUN VALLEY,https://locations.vans.com/Concord/Concord/USA166,2026-10-08,-
Vans,VANS STORE - TOPANGA PLAZA,VANS STORE,own-door,as listed,"6600 Topanga Canyon Blvd., #1024 Suite# 1024",Canoga Park,CA,91303,US,+1 818-702-8745,TOPANGA PLAZA,https://locations.vans.com/Canoga%20Park/Canoga%20Park/USA124,2026-10-08,-
Vans,VANS STORE - PENN SQUARE,VANS STORE,own-door,as listed,1901 Northwest Expressway Space 2009,Oklahoma City,OK,73118,US,+1 405-843-5286,PENN SQUARE,https://locations.vans.com/Oklahoma%20City/Oklahoma%20City/USA297,2026-10-08,-
Vans,VANS STORE - HIGUERA ST.,VANS STORE,own-door,as listed,853 Higuera St.,San Luis Obispo,CA,93401,US,+1 805-541-0127,HIGUERA ST.,https://locations.vans.com/San%20Luis%20Obispo/San%20Luis%20Obispo/USA561,2026-10-08,-
Vans,VANS STORE - NEWBURY STREET,VANS STORE,own-door,as listed,328 Newbury St.,Boston,MA,02115,US,+1 617-358-9957,NEWBURY STREET,https://locations.vans.com/Boston/Boston/USA451,2026-10-08,-
Vans,VANS STORE - THE MALL OF NEW HAMPSHIRE,VANS STORE,own-door,as listed,1500 South WIllow Street Suite E113,Manchester,NH,03103,US,+1 603-621-0013,THE MALL OF NEW HAMPSHIRE,https://locations.vans.com/Manchester/Manchester/USA548,2026-10-08,-
Vans,VANS STORE - THE GARDENS MALL,VANS STORE,own-door,as listed,"3101 PGA Blvd, Space E125",Palm Beach Gardens,FL,33410,US,+1 561-355-8283,THE GARDENS MALL,https://locations.vans.com/Palm%20Beach%20Gardens/Palm%20Beach%20Gardens/USA562,2026-10-08,-
Vans,VANS STORE - OCEAN COUNTY MALL,VANS STORE,own-door,as listed,1201 Hooper Ave. suite 1028A,Toms River,NJ,08753,US,+1 732-818-1165,OCEAN COUNTY MALL,https://locations.vans.com/Toms%20River/Toms%20River/USA549,2026-10-08,-
Vans,VANS STORE - FOUR SEASONS,VANS STORE,own-door,as listed,410 Four Seasons Town Centre Suite # 254,Greensboro,NC,27427,US,+1 336-294-5299,FOUR SEASONS,https://locations.vans.com/Greensboro/Greensboro/USA394,2026-10-08,-
Vans,VANS STORE - INTERNATIONAL MARKETPLACE,VANS STORE,own-door,as listed,"2330 Kalakaua Ave, Space 179",Honolulu,HI,96815,US,+1 808-913-0585,INTERNATIONAL MARKETPLACE,https://locations.vans.com/Honolulu/Honolulu/USA556,2026-10-08,-
Vans,VANS STORE - ASHEVILLE MALL,VANS STORE,own-door,as listed,3 S Tunnel Road Unit L-45,Asheville,NC,28805,US,+1 828-298-7284,ASHEVILLE MALL,https://locations.vans.com/Asheville/Asheville/USA430,2026-10-08,-
Vans,VANS STORE - EDISON MALL,VANS STORE,own-door,as listed,4125 Cleveland Ave. Space 1325,Ft. Myers,FL,33901,US,+1 239-275-1050,EDISON MALL,https://locations.vans.com/Ft.%20Myers/Ft.%20Myers/USA432,2026-10-08,-
Vans,VANS STORE - THE CITADEL,VANS STORE,own-door,as listed,"750 Citadel Drive East, Space 2400",Colorado Springs,CO,80909,US,+1 719-591-0008,THE CITADEL,https://locations.vans.com/Colorado%20Springs/Colorado%20Springs/USA427,2026-10-08,-
Vans,VANS STORE - WHITTWOOD TOWN CENTER,VANS STORE,own-door,as listed,15604 Whittwood Lane,Whittier,CA,90603,US,+1 562-943-5482,WHITTWOOD TOWN CENTER,https://locations.vans.com/Whittier/Whittier/USA579,2026-10-08,-
Vans,VANS STORE - DOLPHIN MALL,VANS STORE,own-door,as listed,11401 NW 12th St. Suite 436,Miami,FL,33172,US,+1 305-594-3895,DOLPHIN MALL,https://locations.vans.com/Miami/Miami/USA433,2026-10-08,-
Vans,VANS STORE - MALL OF SAN JUAN,VANS STORE,own-door,as listed,1000 Mall of San Juan Blvd Space M3,San Juan,PR,00924,US,+1 787-759-3413,MALL OF SAN JUAN,https://locations.vans.com/San%20Juan/San%20Juan/USA441,2026-10-08,Puerto Rico - locator lists under US
Vans,VANS STORE - CROSS CREEK MALL,VANS STORE,own-door,as listed,120 Cross Creek Mall Space TC12,Fayetteville,NC,28303,US,+1 910-867-0877,CROSS CREEK MALL,https://locations.vans.com/Fayetteville/Fayetteville/USA450,2026-10-08,-
Vans,VANS STORE - AMERICA'S DREAM,VANS STORE,own-door,as listed,1 AMERICAN DREAM WAY ste c 116,East rutherford,NJ,07073,US,+1 201-438-7210,AMERICA'S DREAM,https://locations.vans.com/East%20rutherford/East%20rutherford/USA535,2026-10-08,-
Vans,VANS STORE - PARK CITY CENTER,VANS STORE,own-door,as listed,569 Park City Center Suite #E0569,Lancaster,PA,17601,US,+1 717-291-8936,PARK CITY CENTER,https://locations.vans.com/Lancaster/Lancaster/USA402,2026-10-08,-
Vans,VANS STORE - COLUMBIANA CENTRE,VANS STORE,own-door,as listed,100 Columbiana Cir Suite #1420,Columbia,SC,29212,US,+1 803-749-8047,COLUMBIANA CENTRE,https://locations.vans.com/Columbia/Columbia/USA409,2026-10-08,-
Vans,VANS STORE - GALLERIA AT DALLAS,VANS STORE,own-door,as listed,13350 Dallas Parkway Space 2570,Dallas,TX,75240,US,+1 972-239-3311,GALLERIA AT DALLAS,https://locations.vans.com/Dallas/Dallas/USA453,2026-10-08,-
Vans,VANS STORE - HARLEM IRVING PLAZA,VANS STORE,own-door,as listed,4172-E N Harlem Avenue Suite #46C,Norridge,IL,60706,US,+1 708-456-0450,HARLEM IRVING PLAZA,https://locations.vans.com/Norridge/Norridge/USA415,2026-10-08,-
Vans,VANS STORE - SHORT PUMP TOWN CTR,VANS STORE,own-door,as listed,11800 W Broad St Suite #2036,Richmond,VA,23233,US,+1 804-364-5110,SHORT PUMP TOWN CTR,https://locations.vans.com/Richmond/Richmond/USA406,2026-10-08,-
Vans,VANS STORE - CAROLINA PLACE,VANS STORE,own-door,as listed,11025 Carolina Pl Pkwy Suite #A-25,Pineville,NC,28134,US,+1 704-544-8551,CAROLINA PLACE,https://locations.vans.com/Pineville/Pineville/USA396,2026-10-08,-
Vans,VANS STORE - IRVINE SPECTRUM,VANS STORE,own-door,as listed,"71 Fortune Blvd., Suite 808 Suite# 808",Irvine,CA,92618,US,+1 949-341-0288,IRVINE SPECTRUM,https://locations.vans.com/Irvine/Irvine/USA145,2026-10-08,-
Vans,VANS STORE - FOOTHILLS MALL,VANS STORE,own-door,as listed,"215 E Foothills Pkwy, Space 350",Fort Collins,CO,80525,US,+1 970-377-1265,FOOTHILLS MALL,https://locations.vans.com/Fort%20Collins/Fort%20Collins/USA426,2026-10-08,-
Vans,VANS STORE - WEST TOWN MALL,VANS STORE,own-door,as listed,7600 Kingston Pike Unit 1098A,Knoxville,TN,37919,US,+1 865-690-0576,WEST TOWN MALL,https://locations.vans.com/Knoxville/Knoxville/USA439,2026-10-08,-
Vans,VANS STORE - MEADOWS MALL,VANS STORE,own-door,as listed,4300 Meadows Lane Space 252,Las Vegas,NV,89107,US,+1 702-877-2430,MEADOWS MALL,https://locations.vans.com/Las%20Vegas/Las%20Vegas/USA159,2026-10-08,-
Vans,VANS STORE - FRANKLIN PARK MALL,VANS STORE,own-door,as listed,5001 Monroe Street Suite 364,Toledo,OH,43623,US,+1 419-471-1541,FRANKLIN PARK MALL,https://locations.vans.com/Toledo/Toledo/USA155,2026-10-08,-
Vans,VANS STORE - TEMECULA,VANS STORE,own-door,as listed,40820 Winchester Road #2253,Temecula,CA,92591,US,+1 951-296-1102,TEMECULA,https://locations.vans.com/Temecula/Temecula/USA127,2026-10-08,-
Vans,VANS STORE - PARK MEADOWS,VANS STORE,own-door,as listed,8505 Park Meadows Center Dr Suite #2000,Littleton,CO,80124,US,+1 303-662-1722,PARK MEADOWS,https://locations.vans.com/Littleton/Littleton/USA163,2026-10-08,-
Vans,VANS STORE - INLAND CENTER,VANS STORE,own-door,as listed,500 Inland Center Drive #316,San Bernardino,CA,92408,US,+1 909-888-0334,INLAND CENTER,https://locations.vans.com/San%20Bernardino/San%20Bernardino/USA154,2026-10-08,-
Vans,VANS STORE - ARLINGTON,VANS STORE,own-door,as listed,3811 S. Cooper Street #1202,Arlington,TX,76015,US,+1 817-465-6177,ARLINGTON,https://locations.vans.com/Arlington/Arlington/USA160,2026-10-08,-
Vans,VANS STORE - SOUTH CENTER,VANS STORE,own-door,as listed,811 Southcenter Mall Suite #544,Tukwila,WA,98188,US,+1 206-243-1546,SOUTH CENTER,https://locations.vans.com/Tukwila/Tukwila/USA157,2026-10-08,-
Vans,VANS STORE - MISSION VIEJO,VANS STORE,own-door,as listed,702 The Shops at Mission Viejo,Mission Viejo,CA,92691,US,+1 949-347-0282,MISSION VIEJO,https://locations.vans.com/Mission%20Viejo/Mission%20Viejo/USA129,2026-10-08,-
Vans,VANS STORE - MAINPLACE,VANS STORE,own-door,as listed,2800 N. Main Street Suite #608,Santa Ana,CA,92705,US,+1 714-564-9325,MAINPLACE,https://locations.vans.com/Santa%20Ana/Santa%20Ana/USA147,2026-10-08,-
Vans,VANS STORE - HAMILTON PLACE,VANS STORE,own-door,as listed,2100 Hamilton Place Blvd. Space 125,Chattanooga,TN,37421,US,+1 423-499-4463,HAMILTON PLACE,https://locations.vans.com/Chattanooga/Chattanooga/USA468,2026-10-08,-
Vans,VANS STORE - SCOTTSDALE QUARTER,VANS STORE,own-door,as listed,"15257 N. Scottsdale Rd., Building F1-Suite 120",Scottsdale,AZ,85254,US,+1 602-834-9941,SCOTTSDALE QUARTER,https://locations.vans.com/Scottsdale/Scottsdale/USA588,2026-10-08,-
Vans,VANS STORE - BEACHWOOD PLACE,VANS STORE,own-door,as listed,26300 Cedar Rd Space 2220,Beachwood,OH,44122,US,+1 216-647-1180,BEACHWOOD PLACE,https://locations.vans.com/Beachwood/Beachwood/USA496,2026-10-08,-
Vans,VANS STORE - CASTLETON SQ,VANS STORE,own-door,as listed,6020 E. 82nd St. Suite 363,Indianapolis,IN,46250,US,+1 317-845-1919,CASTLETON SQ,https://locations.vans.com/Indianapolis/Indianapolis/USA492,2026-10-08,-
Vans,VANS STORE - FAYETTE MALL,VANS STORE,own-door,as listed,3615 Nicholasville Rd Space 804,Lexington,KY,40503,US,+1 859-971-6318,FAYETTE MALL,https://locations.vans.com/Lexington/Lexington/USA473,2026-10-08,-
Vans,VANS STORE - OAK PARK MALL,VANS STORE,own-door,as listed,11595 W 95th St.,Overland Park,KS,66214,US,+1 913-599-3912,OAK PARK MALL,https://locations.vans.com/Overland%20Park/Overland%20Park/USA502,2026-10-08,-
Vans,VANS STORE - ROSS PARK,VANS STORE,own-door,as listed,1000 Ross Park Mall Dr. Space D10E,Pittsburgh,PA,15237,US,+1 412-366-3074,ROSS PARK,https://locations.vans.com/Pittsburgh/Pittsburgh/USA480,2026-10-08,-
Vans,VANS STORE - OGLETHORPE MALL,VANS STORE,own-door,as listed,7804 Abercorn St. Space 31,Savannah,GA,31406,US,+1 912-351-5936,OGLETHORPE MALL,https://locations.vans.com/Savannah/Savannah/USA484,2026-10-08,-
Vans,VANS STORE - WESTFIELD TRUMBULL,VANS STORE,own-door,as listed,"5065 Main St, Space 1119",Trumbull,CT,06611,US,+1 203-371-0857,WESTFIELD TRUMBULL,https://locations.vans.com/Trumbull/Trumbull/USA482,2026-10-08,-
Vans,VANS STORE - MIAMI INTERNATIONAL MALL,VANS STORE,own-door,as listed,"1455 NW 107th Ave, Space 856B",Doral,FL,33172,US,+1 305-463-7635,MIAMI INTERNATIONAL MALL,https://locations.vans.com/Doral/Doral/USA462,2026-10-08,-
Vans,VANS STORE - SANTA ANITA,VANS STORE,own-door,as listed,400 S. Baldwin Ave. Suite 251,Arcadia,CA,91007,US,+1 626-445-2428,SANTA ANITA,https://locations.vans.com/Arcadia/Arcadia/USA92,2026-10-08,-
Vans,VANS STORE - CARLSBAD,VANS STORE,own-door,as listed,2525 El Camino Real Suite 205,Carlsbad,CA,92008,US,+1 760-434-0890,CARLSBAD,https://locations.vans.com/Carlsbad/Carlsbad/USA89,2026-10-08,-
Vans,VANS STORE - VALENCIA,VANS STORE,own-door,as listed,24201 W. Valencia Blvd. #2245,Valencia,CA,91355,US,+1 661-287-1602,VALENCIA,https://locations.vans.com/Valencia/Valencia/USA91,2026-10-08,-
Vans,VANS STORE - SALT LAKE CITY,VANS STORE,own-door,as listed,6191 S. State Street Suite 371,Murray,UT,84107,US,+1 801-270-0390,SALT LAKE CITY,https://locations.vans.com/Murray/Murray/USA118,2026-10-08,-
Vans,VANS STORE - WESTFIELD SOUTHSHORE,VANS STORE,own-door,as listed,"1701 Sunrise Hwy, Space M23",Bayshore,NY,11706,US,+1 631-665-8390,WESTFIELD SOUTHSHORE,https://locations.vans.com/Bayshore/Bayshore/USA493,2026-10-08,-
Vans,VANS STORE - STARK ST.,VANS STORE,own-door,as listed,1234 Harvey Milk St.,Portland,OR,97205,US,+1 503-241-2966,STARK ST.,https://locations.vans.com/Portland/Portland/USA513,2026-10-08,-
Vans,VANS STORE - ENCINITAS RANCH TOWN CENTER,VANS STORE,own-door,as listed,"1006 N. El Camino Real, Space 301",Encinitas,CA,92024,US,+1 760-436-1031,ENCINITAS RANCH TOWN CENTER,https://locations.vans.com/Encinitas/Encinitas/USA510,2026-10-08,-
Vans,VANS STORE - MIDLAND PARK MALL,VANS STORE,own-door,as listed,4511 N. Midkiff Rd Suite E09A,Midland,TX,79705,US,+1 432-689-0840,MIDLAND PARK MALL,https://locations.vans.com/Midland/Midland/USA509,2026-10-08,-
Vans,VANS STORE - WEST TOWNE MALL,VANS STORE,own-door,as listed,50 West Town Mall Dr,Madison,WI,53719,US,+1 608-821-0459,WEST TOWNE MALL,https://locations.vans.com/Madison/Madison/USA515,2026-10-08,-
Vans,VANS STORE - LAKESIDE SHOPPING CENTER,VANS STORE,own-door,as listed,3301 Veterans Memorial Blvd. Space 65,Metairie,LA,70002,US,+1 504-837-5603,LAKESIDE SHOPPING CENTER,https://locations.vans.com/Metairie/Metairie/USA488,2026-10-08,-
Vans,VANS STORE - NORTHRIDGE FASHION SQ,VANS STORE,own-door,as listed,9301 Tampa Avenue Unit #196,Northridge,CA,91324,US,+1 818-341-2710,NORTHRIDGE FASHION SQ,https://locations.vans.com/Northridge/Northridge/USA153,2026-10-08,-
Vans,VANS STORE - KING OF PRUSSIA,VANS STORE,own-door,as listed,160 N. Gulph Road Suite 2146A,King of Prussia,PA,19406,US,+1 484-681-2025,KING OF PRUSSIA,https://locations.vans.com/King%20of%20Prussia/King%20of%20Prussia/USA120,2026-10-08,-
Vans,VANS STORE - CERRITOS,VANS STORE,own-door,as listed,334 Los Cerritos Center Suite C8,Cerritos,CA,90703,US,+1 562-860-8860,CERRITOS,https://locations.vans.com/Cerritos/Cerritos/USA130,2026-10-08,-
Vans,VANS STORE - GLENDALE GALLERIA,VANS STORE,own-door,as listed,1154 Glendale Galleria,Glendale,CA,91210,US,+1 818-662-9606,GLENDALE GALLERIA,https://locations.vans.com/Glendale/Glendale/USA133,2026-10-08,-
Vans,VANS STORE - WASHINGTON SQUARE,VANS STORE,own-door,as listed,9451 SW Washington Square Rd Suite A-16,Tigard,OR,97223,US,+1 503-443-4216,WASHINGTON SQUARE,https://locations.vans.com/Tigard/Tigard/USA168,2026-10-08,-
Vans,VANS STORE - TACOMA,VANS STORE,own-door,as listed,4502 South Steele Street Unit 343,Tacoma,WA,98409,US,+1 253-472-2140,TACOMA,https://locations.vans.com/Tacoma/Tacoma/USA167,2026-10-08,-
Vans,VANS STORE - ROSEVILLE,VANS STORE,own-door,as listed,1151 Galleria Blvd. Space #236,Roseville,CA,95678,US,+1 916-788-4380,ROSEVILLE,https://locations.vans.com/Roseville/Roseville/USA138,2026-10-08,-
Vans,VANS STORE - CAPITOLA,VANS STORE,own-door,as listed,1855 41st Avenue #J01,Capitola,CA,95010,US,+1 831-476-4289,CAPITOLA,https://locations.vans.com/Capitola/Capitola/USA169,2026-10-08,-
Vans,VANS STORE - MONTCLAIR PLAZA,VANS STORE,own-door,as listed,5150 E. Montclair Plaza Lane,Montclair,CA,91763,US,+1 909-625-5079,MONTCLAIR PLAZA,https://locations.vans.com/Montclair/Montclair/USA33,2026-10-08,-
Vans,VANS STORE - MONTEREY PARK,VANS STORE,own-door,as listed,2162 S. Atlantic Blvd.,Monterey Park,CA,91754,US,+1 323-887-3707,MONTEREY PARK,https://locations.vans.com/Monterey%20Park/Monterey%20Park/USA9,2026-10-08,-
Vans,VANS STORE - TUSTIN MARKETPLACE,VANS STORE,own-door,as listed,2975 El Camino Real,Tustin,CA,92782,US,+1 714-573-8018,TUSTIN MARKETPLACE,https://locations.vans.com/Tustin/Tustin/USA13,2026-10-08,-
Vans,VANS STORE - TORRANCE,VANS STORE,own-door,as listed,2528 Torrance Blvd.,Torrance,CA,90503,US,+1 310-328-2323,TORRANCE,https://locations.vans.com/Torrance/Torrance/USA46,2026-10-08,-
Vans,VANS STORE - LAGUNA HILLS,VANS STORE,own-door,as listed,25244 Cabot Road Unit 1,Laguna Hills,CA,92653,US,+1 949-581-2090,LAGUNA HILLS,https://locations.vans.com/Laguna%20Hills/Laguna%20Hills/USA43,2026-10-08,-
Vans,VANS STORE - THOUSAND OAKS,VANS STORE,own-door,as listed,190 W. Hillcrest Drive Suite #68,Thousand Oaks,CA,91360,US,+1 805-495-1722,THOUSAND OAKS,https://locations.vans.com/Thousand%20Oaks/Thousand%20Oaks/USA39,2026-10-08,-
Vans,VANS STORE - CRABTREE VALLEY,VANS STORE,own-door,as listed,"4325 Glenwood Ave, Space 2129",Raleigh,NC,27612,US,+1 919-788-2100,CRABTREE VALLEY,https://locations.vans.com/Raleigh/Raleigh/USA474,2026-10-08,-
Vans,VANS STORE - BUENA PARK MALL,VANS STORE,own-door,as listed,8311 On The Mall,Buena Park,CA,90620,US,+1 714-995-2406,BUENA PARK MALL,https://locations.vans.com/Buena%20Park/Buena%20Park/USA51,2026-10-08,-
Vans,VANS STORE - WEST COVINA,VANS STORE,own-door,as listed,1052 Plaza Drive,West Covina,CA,91790,US,+1 626-960-6995,WEST COVINA,https://locations.vans.com/West%20Covina/West%20Covina/USA52,2026-10-08,-
Vans,VANS STORE - DEL AMO,VANS STORE,own-door,as listed,21712 Hawthorne Blvd Suite #239A,Torrance,CA,90503,US,+1 310-370-6117,DEL AMO,https://locations.vans.com/Torrance/Torrance/USA59,2026-10-08,-
Vans,VANS STORE - VICTORVILLE,VANS STORE,own-door,as listed,14400 Bear Valley Road #521,Victorville,CA,92392,US,+1 760-241-0664,VICTORVILLE,https://locations.vans.com/Victorville/Victorville/USA71,2026-10-08,-
Vans,VANS STORE - WOODFIELD,VANS STORE,own-door,as listed,G315A Woodfield Shopping Center,Schaumburg,IL,60173,US,+1 847-995-8642,WOODFIELD,https://locations.vans.com/Schaumburg/Schaumburg/USA112,2026-10-08,-
Vans,VANS STORE - STONERIDGE,VANS STORE,own-door,as listed,2017 Stoneridge Mall,Pleasanton,CA,94588,US,+1 925-469-9144,STONERIDGE,https://locations.vans.com/Pleasanton/Pleasanton/USA111,2026-10-08,-
Vans,VANS STORE - GARDEN STATE,VANS STORE,own-door,as listed,1 Garden State Plaza Space C2A,Paramus,NJ,07652,US,+1 201-845-7878,GARDEN STATE,https://locations.vans.com/Paramus/Paramus/USA119,2026-10-08,-
Vans,VANS STORE - VALLEY PLAZA,VANS STORE,own-door,as listed,2701 Ming Avenue #244,Bakersfield,CA,93304,US,+1 661-833-1337,VALLEY PLAZA,https://locations.vans.com/Bakersfield/Bakersfield/USA97,2026-10-08,-
Vans,VANS STORE - VINTAGE FAIRE,VANS STORE,own-door,as listed,3401 Dale Road Suite 417,Modesto,CA,95356,US,+1 209-579-0180,VINTAGE FAIRE,https://locations.vans.com/Modesto/Modesto/USA162,2026-10-08,-
Vans,VANS STORE - BREA MALL,VANS STORE,own-door,as listed,2052B Brea Mall,Brea,CA,92821,US,+1 714-255-1108,BREA MALL,https://locations.vans.com/Brea/Brea/USA24,2026-10-08,-
Vans,VANS STORE - ROSEDALE SHOPPING CENTER,VANS STORE,own-door,as listed,1595 HWY 36 W Space 548,Roseville,MN,55113,US,+1 651-631-0151,ROSEDALE SHOPPING CENTER,https://locations.vans.com/Roseville/Roseville/USA507,2026-10-08,-
Vans,VANS STORE - CITRUS CROSSING,VANS STORE,own-door,as listed,828 E. Alosta Ave,Azusa,CA,91702,US,+1 626-963-2710,CITRUS CROSSING,https://locations.vans.com/Azusa/Azusa/USA29,2026-10-08,-
Vans,VANS STORE - MORENO VALLEY,VANS STORE,own-door,as listed,22500 Town Circle #1144,Moreno Valley,CA,92553,US,+1 951-656-0650,MORENO VALLEY,https://locations.vans.com/Moreno%20Valley/Moreno%20Valley/USA26,2026-10-08,-
Vans,VANS STORE - LAKEWOOD,VANS STORE,own-door,as listed,306 Lakewood Center,Lakewood,CA,90712,US,+1 562-630-3828,LAKEWOOD,https://locations.vans.com/Lakewood/Lakewood/USA4,2026-10-08,-
Vans,VANS STORE - COUNTRY CLUB PLAZA,VANS STORE,own-door,as listed,447 W. 47th St,Kansas City,MO,64112,US,+1 816-531-2058,COUNTRY CLUB PLAZA,https://locations.vans.com/Kansas%20City/Kansas%20City/USA518,2026-10-08,-
Vans,VANS STORE - CAMINO REAL MARKET PLACE,VANS STORE,own-door,as listed,7054 Marketplace Dr,Goleta,CA,93117,US,+1 805-562-0112,CAMINO REAL MARKET PLACE,https://locations.vans.com/Goleta/Goleta/USA511,2026-10-08,-
Vans,VANS STORE - NORTH SHORE MALL,VANS STORE,own-door,as listed,"210 Andover Street, Space W184E",Peabody,MA,01960,US,+1 978-531-1421,NORTH SHORE MALL,https://locations.vans.com/Peabody/Peabody/USA517,2026-10-08,-
Vans,VANS STORE - TYLER GALLERIA,VANS STORE,own-door,as listed,"2270 Galleria at Tyler St, Space G217",Riverside,CA,92503,US,+1 951-352-1216,TYLER GALLERIA,https://locations.vans.com/Riverside/Riverside/USA23,2026-10-08,-
Vans,VANS STORE - PARKWAY PLAZA,VANS STORE,own-door,as listed,367 Parkway Plaza,El Cajon,CA,92020,US,+1 619-442-7805,PARKWAY PLAZA,https://locations.vans.com/El%20Cajon/El%20Cajon/USA68,2026-10-08,-
Vans,VANS STORE - REDLANDS,VANS STORE,own-door,as listed,478 Orange Street,Redlands,CA,92374,US,+1 909-798-0619,REDLANDS,https://locations.vans.com/Redlands/Redlands/USA70,2026-10-08,-
Vans,VANS STORE - ESCONDIDO,VANS STORE,own-door,as listed,1266 S Auto Parkway,Escondido,CA,92029,US,+1 760-741-0822,ESCONDIDO,https://locations.vans.com/Escondido/Escondido/USA74,2026-10-08,-
Vans,VANS STORE - ALTA LOMA,VANS STORE,own-door,as listed,8710 19TH SUITE #110,Rancho Cucamonga,CA,91701,US,+1 909-945-3472,ALTA LOMA,https://locations.vans.com/Rancho%20Cucamonga/Rancho%20Cucamonga/USA75,2026-10-08,-
Vans,VANS STORE - MALL OF AMERICA,VANS STORE,own-door,as listed,254 North Garden Suite 254,Bloomington,MN,55425,US,+1 952-854-2942,MALL OF AMERICA,https://locations.vans.com/Bloomington/Bloomington/USA82,2026-10-08,-
Vans,VANS STORE - NORTH CTY FAIR,VANS STORE,own-door,as listed,200 E. Via Rancho Parkway #469,Escondido,CA,92025,US,+1 760-737-6813,NORTH CTY FAIR,https://locations.vans.com/Escondido/Escondido/USA84,2026-10-08,-
Vans,VANS STORE - THIRD STREET PROMENADE,VANS STORE,own-door,as listed,1416 Third Street Promenade,Santa Monica,CA,90401,US,+1 424-330-8744,THIRD STREET PROMENADE,https://locations.vans.com/Santa%20Monica/Santa%20Monica/USA582,2026-10-08,-
Vans,VANS STORE - DESTINY USA,VANS STORE,own-door,as listed,1 Destiny USA Dr. Space F-212,Syracuse,NY,13290,US,+1 315-424-0514,DESTINY USA,https://locations.vans.com/Syracuse/Syracuse/USA460,2026-10-08,-
Vans,VANS STORE - PARK PLAZA MALL,VANS STORE,own-door,as listed,6000 W. Markham St. Space 3156,Little Rock,AR,72205,US,+1 501-280-0355,PARK PLAZA MALL,https://locations.vans.com/Little%20Rock/Little%20Rock/USA469,2026-10-08,-
Vans,VANS STORE - PLAZA DEL CARIBE,VANS STORE,own-door,as listed,2050 Ponce Bypass Suite 301,Ponce,PR,00717,US,+1 787-259-8929,PLAZA DEL CARIBE,https://locations.vans.com/Ponce/Ponce/USA466,2026-10-08,Puerto Rico - locator lists under US
Vans,VANS STORE - SHOPS AT RIVERWALK,VANS STORE,own-door,as listed,10740 Stockdale Hwy. Suite 100,Bakersfield,CA,93311,US,+1 661-246-3310,SHOPS AT RIVERWALK,https://locations.vans.com/Bakersfield/Bakersfield/USA583,2026-10-08,-
Vans,VANS STORE - CROSSGATES MALL,VANS STORE,own-door,as listed,"1 Crossgates Mall Rd, Space B-115",Albany,NY,12203,US,+1 518-456-1257,CROSSGATES MALL,https://locations.vans.com/Albany/Albany/USA459,2026-10-08,-
Vans,VANS STORE - MOUNTAIN VIEW VILLAGE,VANS STORE,own-door,as listed,13303 S. Teal Ridge Way Suite M-120,Riverton,UT,84096,US,+1 385-887-8048,MOUNTAIN VIEW VILLAGE,https://locations.vans.com/Riverton/Riverton/USA589,2026-10-08,-
Vans,VANS STORE - BATTLEFIELD MALL,VANS STORE,own-door,as listed,"2825 S. Glenstone Ave., Space P06E",Springfield,MO,65804,US,+1 417-895-9380,BATTLEFIELD MALL,https://locations.vans.com/Springfield/Springfield/USA594,2026-10-08,-
Vans,VANS STORE - MALL AT ST. MATTHEWS,VANS STORE,own-door,as listed,5000 Shelbyville Rd. Space 1250,Louisville,KY,40207,US,+1 502-897-0601,MALL AT ST. MATTHEWS,https://locations.vans.com/Louisville/Louisville/USA470,2026-10-08,-
Vans,VANS STORE - VALLEY VIEW MALL,VANS STORE,own-door,as listed,4802 Valley View Blvd. NW Space LE-185,Roanoke,VA,24012,US,+1 540-362-0868,VALLEY VIEW MALL,https://locations.vans.com/Roanoke/Roanoke/USA465,2026-10-08,-
Vans,VANS STORE - PLAZA LAS AMERICAS,VANS STORE,own-door,as listed,525 Av. Franklin Delano Roosevelt Ste 508,San Juan,PR,00918,US,+1 787-756-2613,PLAZA LAS AMERICAS,https://locations.vans.com/San%20Juan/San%20Juan/USA454,2026-10-08,Puerto Rico - locator lists under US
Vans,VANS STORE - SANTA ROSA MARKETPLACE,VANS STORE,own-door,as listed,"2200 Santa Rosa Ave., Space A1-A2",Santa Rosa,CA,95404,US,+1 707-304-7061,SANTA ROSA MARKETPLACE,https://locations.vans.com/Santa%20Rosa/Santa%20Rosa/USA584,2026-10-08,-
Vans,VANS STORE - DEL MONTE SHOPPING CENTRE,VANS STORE,own-door,as listed,"1630 Del Monte Center, Space 12D",Monterey,CA,93940,US,+1 831-646-6940,DEL MONTE SHOPPING CENTRE,https://locations.vans.com/Monterey/Monterey/USA457,2026-10-08,-
Vans,VANS STORE - UNIVERSITY PARK,VANS STORE,own-door,as listed,"6501 N. Grape Road, Space 116A",Mishawaka,IN,46545,US,+1 574-247-6353,UNIVERSITY PARK,https://locations.vans.com/Mishawaka/Mishawaka/USA483,2026-10-08,-
Vans,VANS STORE - SOUTH HILLS VILLAGE,VANS STORE,own-door,as listed,"301 South Hills Village, Space 1335",Pittsburgh,PA,15241,US,+1 412-831-2961,SOUTH HILLS VILLAGE,https://locations.vans.com/Pittsburgh/Pittsburgh/USA481,2026-10-08,-
Vans,VANS STORE - INDEPENDENCE MALL,VANS STORE,own-door,as listed,3500 Oleander Dr Space F16,Wilmington,NC,28403,US,+1 910-791-5440,INDEPENDENCE MALL,https://locations.vans.com/Wilmington/Wilmington/USA471,2026-10-08,-
Vans,VANS STORE - VOLUSIA MALL,VANS STORE,own-door,as listed,1700 W. International Speedway Blvd. Space 558,Daytona Beach,FL,32114,US,+1 386-257-0196,VOLUSIA MALL,https://locations.vans.com/Daytona%20Beach/Daytona%20Beach/USA467,2026-10-08,-
Vans,VANS STORE - SUMMIT MALL,VANS STORE,own-door,as listed,3265 W. Market St. Space 482A,Fairlawn,OH,44333,US,+1 330-800-5260,SUMMIT MALL,https://locations.vans.com/Fairlawn/Fairlawn/USA596,2026-10-08,-
Vans,VANS STORE - TWELVE OAKS,VANS STORE,own-door,as listed,"27490B Novi Road, Space C249A",Novi,MI,48377,US,+1 248-349-5281,TWELVE OAKS,https://locations.vans.com/Novi/Novi/USA501,2026-10-08,-
Vans,VANS STORE - ANCHORAGE 5TH AVE,VANS STORE,own-door,as listed,320 W. 5th Ave Space 237A,Anchorage,AK,99501,US,+1 907-274-8267,ANCHORAGE 5TH AVE,https://locations.vans.com/Anchorage/Anchorage/USA472,2026-10-08,-
Vans,VANS STORE - JACKSONVILLE MALL,VANS STORE,own-door,as listed,375 Jacksonville Mall,Jacksonville,NC,28546,US,+1 910-353-2120,JACKSONVILLE MALL,https://locations.vans.com/Jacksonville/Jacksonville/USA491,2026-10-08,-
Vans,VANS STORE - STATION PARK,VANS STORE,own-door,as listed,145 N. West Promontory Space F-115,Farmington,UT,84025,US,+1 801-451-8229,STATION PARK,https://locations.vans.com/Farmington/Farmington/USA505,2026-10-08,-
Vans,VANS STORE - POLARIS FASHION PLACE,VANS STORE,own-door,as listed,1500 Polaris Parkway Suite 1082,Columbus,OH,43240,US,+1 614-846-0260,POLARIS FASHION PLACE,https://locations.vans.com/Columbus/Columbus/USA504,2026-10-08,-
Vans,VANS STORE - BRIDGEWATER COMMONS,VANS STORE,own-door,as listed,"400 Common Way, Space 248",Bridgewater,NJ,08807,US,+1 908-725-0425,BRIDGEWATER COMMONS,https://locations.vans.com/Bridgewater/Bridgewater/USA485,2026-10-08,-
Vans,VANS STORE - ST LOUIS GALLERIA,VANS STORE,own-door,as listed,2420 Saint Louis Galleria,Saint Louis,MO,63117,US,+1 314-727-9165,ST LOUIS GALLERIA,https://locations.vans.com/Saint%20Louis/Saint%20Louis/USA486,2026-10-08,-
Vans,VANS STORE - BRIARWOOD MALL,VANS STORE,own-door,as listed,"430 Briarwood Circle, Space #F133C",Ann Arbor,MI,48108,US,+1 734-913-4978,BRIARWOOD MALL,https://locations.vans.com/Ann%20Arbor/Ann%20Arbor/USA506,2026-10-08,-
Vans,VANS STORE - MAYFAIR MALL,VANS STORE,own-door,as listed,"2500 N. Mayfair Rd, Space 572",Wauwatosa,WI,53226,US,+1 414-258-3406,MAYFAIR MALL,https://locations.vans.com/Wauwatosa/Wauwatosa/USA516,2026-10-08,-
Vans,VANS STORE - HUNTINGTON BEACH SKATE PARK,VANS STORE,own-door,as listed,7481 Center Ave,Huntington Beach,CA,92647,US,+1 714-372-7971,HUNTINGTON BEACH SKATE PARK,https://locations.vans.com/Huntington%20Beach/Huntington%20Beach/USA489,2026-10-08,-
Vans,VANS STORE - ORLANDO,VANS STORE,own-door,as listed,4973 International Drive Space #3F 47,Orlando,FL,32819,US,+1 407-248-8577,ORLANDO,https://locations.vans.com/Orlando/Orlando/USA3,2026-10-08,-
Vans,VANS STORE - KENWOOD TOWN CENTRE,VANS STORE,own-door,as listed,7875 Montgomery Rd. Space 1221,Cincinnati,OH,45236,US,+1 513-513-9354,KENWOOD TOWN CENTRE,https://locations.vans.com/Cincinnati/Cincinnati/USA497,2026-10-08,-
Vans,VANS STORE - AUGUSTA MALL,VANS STORE,own-door,as listed,"3450 Wrightsboro Rd, Space 2420",Augusta,GA,30909,US,+1 706-738-0210,AUGUSTA MALL,https://locations.vans.com/Augusta/Augusta/USA461,2026-10-08,-
Vans,VANS STORE - ALHAMBRA,VANS STORE,own-door,as listed,420 S. Garfield Ave.,Alhambra,CA,91801,US,+1 626-281-6892,ALHAMBRA,https://locations.vans.com/Alhambra/Alhambra/USA31,2026-10-08,-
Vans,VANS STORE - WEST COUNTY CENTER,VANS STORE,own-door,as listed,"132 West County Center, Space 2130",Des Peres,MO,63131,US,+1 314-821-1849,WEST COUNTY CENTER,https://locations.vans.com/Des%20Peres/Des%20Peres/USA495,2026-10-08,-
Vans,VANS STORE - WESTMINSTER,VANS STORE,own-door,as listed,13901 Beach Blvd.,Westminster,CA,92683,US,+1 714-893-4608,WESTMINSTER,https://locations.vans.com/Westminster/Westminster/USA21,2026-10-08,-
Vans,VANS STORE - FULLERTON,VANS STORE,own-door,as listed,1501 S. Harbor Blvd.,Fullerton,CA,92832,US,+1 714-526-2617,FULLERTON,https://locations.vans.com/Fullerton/Fullerton/USA19,2026-10-08,-
Vans,VANS STORE - VENTURA,VANS STORE,own-door,as listed,3301 E Main St. Suite 2143,Ventura,CA,93003,US,+1 805-658-7514,VENTURA,https://locations.vans.com/Ventura/Ventura/USA22,2026-10-08,-
Vans,VANS STORE - ANTELOPE VALLEY,VANS STORE,own-door,as listed,1233 W. Avenue P Unit 129,Palmdale,CA,93551,US,+1 661-947-5174,ANTELOPE VALLEY,https://locations.vans.com/Palmdale/Palmdale/USA34,2026-10-08,-
Vans,VANS STORE - FRESNO,VANS STORE,own-door,as listed,537 East Shaw Suite 669,Fresno,CA,93710,US,+1 559-224-8740,FRESNO,https://locations.vans.com/Fresno/Fresno/USA152,2026-10-08,-
Vans,VANS STORE - HUNTINGTON BEACH,VANS STORE,own-door,as listed,18557 Main Street Space 2,Huntington Beach,CA,92648,US,+1 714-843-6567,HUNTINGTON BEACH,https://locations.vans.com/Huntington%20Beach/Huntington%20Beach/USA142,2026-10-08,-
Vans,VANS STORE - LAKELINE,VANS STORE,own-door,as listed,11200 Lakeline Mall Dr. Space # 0J04,Cedar Park,TX,78613,US,+1 512-219-0153,LAKELINE,https://locations.vans.com/Cedar%20Park/Cedar%20Park/USA196,2026-10-08,-
Vans,VANS STORE - OAKRIDGE,VANS STORE,own-door,as listed,925 Blossom Hill Rd. Space W6,San Jose,CA,95123,US,+1 408-224-1571,OAKRIDGE,https://locations.vans.com/San%20Jose/San%20Jose/USA190,2026-10-08,-
Vans,VANS STORE - COTTONWOOD,VANS STORE,own-door,as listed,10000 Coors BYP NW Space #A216,Albuquerque,NM,87114,US,+1 505-890-1182,COTTONWOOD,https://locations.vans.com/Albuquerque/Albuquerque/USA193,2026-10-08,-
Vans,VANS STORE - CORONADO CENTER,VANS STORE,own-door,as listed,6600 Menaul NE Blvd Space K-003,Albuquerque,NM,87110,US,+1 505-872-5629,CORONADO CENTER,https://locations.vans.com/Albuquerque/Albuquerque/USA194,2026-10-08,-
Vans,VANS STORE - WILLOWBROOK,VANS STORE,own-door,as listed,2000 Willowbrook Mall Space 1246,Houston,TX,77070,US,+1 281-469-8653,WILLOWBROOK,https://locations.vans.com/Houston/Houston/USA218,2026-10-08,-
Vans,VANS STORE - ARDEN FAIR,VANS STORE,own-door,as listed,1689 Arden Way Suite #2114,Sacramento,CA,95815,US,+1 916-923-2377,ARDEN FAIR,https://locations.vans.com/Sacramento/Sacramento/USA175,2026-10-08,-
Vans,VANS STORE - CHICO,VANS STORE,own-door,as listed,1950 East 20th St. Space F-607,Chico,CA,95928,US,+1 530-345-5016,CHICO,https://locations.vans.com/Chico/Chico/USA216,2026-10-08,-
Vans,VANS STORE - TUCSON MALL,VANS STORE,own-door,as listed,4500 North Oracle Road Unit 194,Tucson,AZ,85705,US,+1 520-293-2320,TUCSON MALL,https://locations.vans.com/Tucson/Tucson/USA177,2026-10-08,-
Vans,VANS STORE - MISSION VALLEY,VANS STORE,own-door,as listed,1640 Camino del Rio North Space 133,San Diego,CA,92108,US,+1 619-497-1796,MISSION VALLEY,https://locations.vans.com/San%20Diego/San%20Diego/USA219,2026-10-08,-
Vans,VANS STORE - STONEWOOD,VANS STORE,own-door,as listed,233 Stonewood Street #B20,Downey,CA,90241,US,+1 562-622-2330,STONEWOOD,https://locations.vans.com/Downey/Downey/USA173,2026-10-08,-
Vans,VANS STORE - ALDERWOOD MALL,VANS STORE,own-door,as listed,3000 184th St. SW Space 350,Lynnwood,WA,98037,US,+1 425-776-6418,ALDERWOOD MALL,https://locations.vans.com/Lynnwood/Lynnwood/USA180,2026-10-08,-
Vans,VANS STORE - SAN TAN VILLAGE,VANS STORE,own-door,as listed,2180 E. Williams Field Road Suite 103,Gilbert,AZ,85295,US,+1 480-857-1413,SAN TAN VILLAGE,https://locations.vans.com/Gilbert/Gilbert/USA220,2026-10-08,-
Vans,VANS STORE - PARKE WEST,VANS STORE,own-door,as listed,9828 W. Northern Ave. Suite 1710,Peoria,AZ,85345,US,+1 623-340-9170,PARKE WEST,https://locations.vans.com/Peoria/Peoria/USA223,2026-10-08,-
Vans,VANS STORE - SANTA BARBARA,VANS STORE,own-door,as listed,623 State Street,Santa Barbara,CA,93101,US,+1 805-963-1289,SANTA BARBARA,https://locations.vans.com/Santa%20Barbara/Santa%20Barbara/USA221,2026-10-08,-
Vans,VANS STORE - WOODLANDS,VANS STORE,own-door,as listed,1201 Lake Woodland Drive Space 2018,The Woodlands,TX,77380,US,+1 281-465-9554,WOODLANDS,https://locations.vans.com/The%20Woodlands/The%20Woodlands/USA213,2026-10-08,-
Vans,VANS STORE - NORTHEAST,VANS STORE,own-door,as listed,"1101 Melbourne Rd., Space D03C",Hurst,TX,76053,US,+1 817-284-3371,NORTHEAST,https://locations.vans.com/Hurst/Hurst/USA212,2026-10-08,-
Vans,VANS STORE - EASTRIDGE,VANS STORE,own-door,as listed,2200 Eastridge Loop Space 2083,San Jose,CA,95122,US,+1 408-223-6043,EASTRIDGE,https://locations.vans.com/San%20Jose/San%20Jose/USA209,2026-10-08,-
Vans,VANS STORE - BARTON CREEK SQUARE,VANS STORE,own-door,as listed,2901 S. Capital Of Texas Hwy Space # P05A,Austin,TX,78746,US,+1 512-306-0738,BARTON CREEK SQUARE,https://locations.vans.com/Austin/Austin/USA197,2026-10-08,-
Vans,VANS STORE - UNIVERSITY MALL,VANS STORE,own-door,as listed,575 E. University Parkway Space #H144,Orem,UT,84097,US,+1 801-226-2009,UNIVERSITY MALL,https://locations.vans.com/Orem/Orem/USA217,2026-10-08,-
Vans,VANS STORE - SALINAS (N.RIDGE MALL),VANS STORE,own-door,as listed,412 Northridge Mall,Salinas,CA,93906,US,+1 831-444-0158,SALINAS (N.RIDGE MALL),https://locations.vans.com/Salinas/Salinas/USA234,2026-10-08,-
Vans,VANS STORE - HERMOSA BEACH,VANS STORE,own-door,as listed,1314 Pacific Coast Hwy,Hermosa Beach,CA,90254,US,+1 310-318-5897,HERMOSA BEACH,https://locations.vans.com/Hermosa%20Beach/Hermosa%20Beach/USA231,2026-10-08,-
Vans,VANS STORE - WEBERSTOWN MALL,VANS STORE,own-door,as listed,4950 Pacific Avenue Suite 401,Stockton,CA,95207,US,+1 209-476-4940,WEBERSTOWN MALL,https://locations.vans.com/Stockton/Stockton/USA226,2026-10-08,-
Vans,VANS STORE - BELMONT SHORE,VANS STORE,own-door,as listed,5232 E Second Street,Long Beach,CA,90803,US,+1 562-856-1695,BELMONT SHORE,https://locations.vans.com/Long%20Beach/Long%20Beach/USA224,2026-10-08,-
Vans,VANS STORE - FIRST COLONY,VANS STORE,own-door,as listed,16535 Southwest Freeway Space 510,Sugar Land,TX,77479,US,+1 281-565-5888,FIRST COLONY,https://locations.vans.com/Sugar%20Land/Sugar%20Land/USA215,2026-10-08,-
Vans,VANS STORE - SOUTHTOWNE,VANS STORE,own-door,as listed,10450 South State Street Space 2314,Sandy,UT,84070,US,+1 801-576-0178,SOUTHTOWNE,https://locations.vans.com/Sandy/Sandy/USA208,2026-10-08,-
Vans,VANS STORE - ANNAPOLIS MALL,VANS STORE,own-door,as listed,"1340 Annapolis Mall, Space 126",Annapolis,MD,21401,US,+1 410-212-8692,ANNAPOLIS MALL,https://locations.vans.com/Annapolis/Annapolis/USA207,2026-10-08,-
Vans,VANS STORE - TOWNEAST,VANS STORE,own-door,as listed,2063 Town East Mall Space #1080,Mesquite,TX,75150,US,+1 972-270-1589,TOWNEAST,https://locations.vans.com/Mesquite/Mesquite/USA214,2026-10-08,-
Vans,VANS STORE - FAIR OAKS,VANS STORE,own-door,as listed,11750 Fair Oaks Suite M-213,Fairfax,VA,22033,US,+1 703-385-1563,FAIR OAKS,https://locations.vans.com/Fairfax/Fairfax/USA235,2026-10-08,-
Vans,VANS STORE - EASTON TOWN CENTER,VANS STORE,own-door,as listed,98 Easton Town Center Suite C-110,Columbus,OH,43219,US,+1 614-427-0525,EASTON TOWN CENTER,https://locations.vans.com/Columbus/Columbus/USA577,2026-10-08,-
Vans,VANS STORE - MANHATTAN VILLAGE,VANS STORE,own-door,as listed,3200 N SEPULVEDA BLVD SPC B2,MANHATTAN BEACH,CA,90266,US,+1 714-755-0000,MANHATTAN VILLAGE,https://locations.vans.com/MANHATTAN%20BEACH/MANHATTAN%20BEACH/USA570,2026-10-08,-
Vans,VANS STORE - SANTA ROSA,VANS STORE,own-door,as listed,2006 Santa Rosa Plaza,Santa Rosa,CA,95401,US,+1 707-570-0451,SANTA ROSA,https://locations.vans.com/Santa%20Rosa/Santa%20Rosa/USA139,2026-10-08,-
Vans,VANS STORE - BRIDGE STREET TOWN CENTRE,VANS STORE,own-door,as listed,330 The Bridge St Suite 108,Huntsville,AL,35806,US,+1 256-715-5267,BRIDGE STREET TOWN CENTRE,https://locations.vans.com/Huntsville/Huntsville/USA598,2026-10-08,-
Vans,VANS STORE - THE GROVE,VANS STORE,own-door,as listed,189 The Grove Dr. Space H-1D,Los Angeles,CA,90036,US,+1 323-940-9211,THE GROVE,https://locations.vans.com/Los%20Angeles/Los%20Angeles/USA591,2026-10-08,-
Vans,VANS STORE - CHINO HILLS,VANS STORE,own-door,as listed,13920 City Center Drive Suite 4035,Chino Hills,CA,91709,US,+1 909-517-3141,CHINO HILLS,https://locations.vans.com/Chino%20Hills/Chino%20Hills/USA225,2026-10-08,-
Vans,VANS STORE - SUPERSTITION SPRINGS,VANS STORE,own-door,as listed,6555 E. Southern Avneue Suite 2216 (#K-16),Mesa,AZ,85206,US,+1 480-325-1746,SUPERSTITION SPRINGS,https://locations.vans.com/Mesa/Mesa/USA240,2026-10-08,-
Vans,VANS STORE - STONESTOWN GALLARIA,VANS STORE,own-door,as listed,"3251 20th Ave., Space 151",San Francisco,CA,94132,US,+1 415-523-0802,STONESTOWN GALLARIA,https://locations.vans.com/San%20Francisco/San%20Francisco/USA597,2026-10-08,-
Vans,VANS STORE - SHOPS AT LA CANTERA,VANS STORE,own-door,as listed,15900 La Cantera Parkway Suite 20150,San Antonio,TX,78256,US,+1 210-641-0730,SHOPS AT LA CANTERA,https://locations.vans.com/San%20Antonio/San%20Antonio/USA248,2026-10-08,-
Vans,VANS STORE - ALA MOANA CENTER,VANS STORE,own-door,as listed,1450 Ala Moana Blvd. #3240,Honolulu,HI,96814,US,+1 808-955-6050,ALA MOANA CENTER,https://locations.vans.com/Honolulu/Honolulu/USA242,2026-10-08,-
Vans,VANS STORE - BAYBROOK MALL,VANS STORE,own-door,as listed,500 Baybrook Mall STE 2000,Friendswood,TX,77546,US,+1 281-461-6481,BAYBROOK MALL,https://locations.vans.com/Friendswood/Friendswood/USA258,2026-10-08,-
Vans,VANS STORE - DEERBROOK MALL,VANS STORE,own-door,as listed,20131 Highway 59 North Suite 2200,Humble,TX,77338,US,+1 281-319-4659,DEERBROOK MALL,https://locations.vans.com/Humble/Humble/USA259,2026-10-08,-
Vans,VANS STORE - BURBANK TOWN CENTER,VANS STORE,own-door,as listed,201 East Magnolia Blvd. Suite 230,Burbank,CA,91502,US,+1 818-729-0382,BURBANK TOWN CENTER,https://locations.vans.com/Burbank/Burbank/USA239,2026-10-08,-
Vans,VANS STORE - TOWSON TOWN CENTER,VANS STORE,own-door,as listed,825 Dulaney Valley Rd #1320,Towson,MD,21204,US,+1 443-846-0188,TOWSON TOWN CENTER,https://locations.vans.com/Towson/Towson/USA274,2026-10-08,-
Vans,VANS STORE - CHERRY CREEK,VANS STORE,own-door,as listed,3000 East First Ave. Space #132,Denver,CO,80206,US,+1 303-399-1195,CHERRY CREEK,https://locations.vans.com/Denver/Denver/USA264,2026-10-08,-
Vans,VANS STORE - SOUTHWEST PLAZA,VANS STORE,own-door,as listed,8501 West Bowles Ave Space # 2B245,Littleton,CO,80123,US,+1 303-932-0190,SOUTHWEST PLAZA,https://locations.vans.com/Littleton/Littleton/USA270,2026-10-08,-
Vans,VANS STORE - SCOTTSDALE FASHION SQ,VANS STORE,own-door,as listed,7014 E. CAMELBACK RD.,Scottsdale,AZ,85251,US,+1 480-946-0176,SCOTTSDALE FASHION SQ,https://locations.vans.com/Scottsdale/Scottsdale/USA287,2026-10-08,-
Vans,VANS STORE - MEMORIAL CITY MALL,VANS STORE,own-door,as listed,303 Memorial City Way,Houston,TX,77024,US,+1 713-468-1059,MEMORIAL CITY MALL,https://locations.vans.com/Houston/Houston/USA272,2026-10-08,-
Vans,VANS STORE - FLATIRON CROSSING,VANS STORE,own-door,as listed,1 W Flatiron Crossing Dr. STE 1132,Broomfield,CO,80021,US,+1 303-466-8081,FLATIRON CROSSING,https://locations.vans.com/Broomfield/Broomfield/USA269,2026-10-08,-
Vans,VANS STORE - BELLEVUE SQUARE,VANS STORE,own-door,as listed,242 Bellevue Square,Bellevue,WA,98004,US,+1 425-454-0770,BELLEVUE SQUARE,https://locations.vans.com/Bellevue/Bellevue/USA279,2026-10-08,-
Vans,VANS STORE - PATRICK HENRY MALL,VANS STORE,own-door,as listed,12300 Jefferson Ave.,Newport News,VA,23602,US,+1 757-249-0802,PATRICK HENRY MALL,https://locations.vans.com/Newport%20News/Newport%20News/USA283,2026-10-08,-
Vans,VANS STORE - STONEBRIAR CENTRE,VANS STORE,own-door,as listed,2601 Preston Road Space #1108,Frisco,TX,75034,US,+1 214-705-0825,STONEBRIAR CENTRE,https://locations.vans.com/Frisco/Frisco/USA277,2026-10-08,-
Vans,VANS STORE - LA PLAZA MALL,VANS STORE,own-door,as listed,2200 S 10th Street Space B03,McAllen,TX,78503,US,+1 956-664-2381,LA PLAZA MALL,https://locations.vans.com/McAllen/McAllen/USA281,2026-10-08,-
Vans,VANS STORE - ARROWHEAD TOWNE CTR,VANS STORE,own-door,as listed,7700 W. Arrowhead Towne Ctr Suite #2127,Glendale,AZ,85308,US,+1 623-486-2210,ARROWHEAD TOWNE CTR,https://locations.vans.com/Glendale/Glendale/USA278,2026-10-08,-
Vans,VANS STORE - INTERNATIONAL PLAZA,VANS STORE,own-door,as listed,2223 N. West Shore Blvd. Suite #183,Tampa,FL,33607,US,+1 813-870-0894,INTERNATIONAL PLAZA,https://locations.vans.com/Tampa/Tampa/USA366,2026-10-08,-
Vans,VANS STORE - MALL WELLINGTON GREEN,VANS STORE,own-door,as listed,10300 W. Forest Hill Blvd. Suite #235,Wellington,FL,33414,US,+1 561-795-2987,MALL WELLINGTON GREEN,https://locations.vans.com/Wellington/Wellington/USA367,2026-10-08,-
Vans,VANS STORE - SOUTH SHORE MALL,VANS STORE,own-door,as listed,250 Granite St. Suite # 1052,Braintree,MA,02184,US,+1 781-380-1405,SOUTH SHORE MALL,https://locations.vans.com/Braintree/Braintree/USA377,2026-10-08,-
Vans,VANS STORE - BURLINGTON MALL,VANS STORE,own-door,as listed,75 Middlesex Turnpike Suite #1303,Burlington,MA,01803,US,+1 781-229-7700,BURLINGTON MALL,https://locations.vans.com/Burlington/Burlington/USA378,2026-10-08,-
Vans,VANS STORE - ROCKINGHAM PARK MALL,VANS STORE,own-door,as listed,99 Rockingham Park Blvd. Suite #W217,Salem,NH,03079,US,+1 603-893-8267,ROCKINGHAM PARK MALL,https://locations.vans.com/Salem/Salem/USA376,2026-10-08,-
Vans,VANS STORE - PHEASANT LANE MALL,VANS STORE,own-door,as listed,310 Daniel Webster Hwy Suite #E145,Nashua,NH,03060,US,+1 603-888-8267,PHEASANT LANE MALL,https://locations.vans.com/Nashua/Nashua/USA379,2026-10-08,-
Vans,VANS STORE - THE MAINE MALL,VANS STORE,own-door,as listed,"364 Maine Mall Rd, Space W135",South Portland,ME,04106,US,+1 207-450-3850,THE MAINE MALL,https://locations.vans.com/South%20Portland/South%20Portland/USA526,2026-10-08,-
Vans,VANS STORE - INGRAM PARK MALL,VANS STORE,own-door,as listed,6301 NW Loop 410 Suite # S20-A,San Antonio,TX,78238,US,+1 210-681-7416,INGRAM PARK MALL,https://locations.vans.com/San%20Antonio/San%20Antonio/USA373,2026-10-08,-
Vans,VANS STORE - NORTH TOWN MALL,VANS STORE,own-door,as listed,4750 North Division sUITE # 1169,Spokane,WA,99207,US,+1 509-483-4982,NORTH TOWN MALL,https://locations.vans.com/Spokane/Spokane/USA337,2026-10-08,-
Vans,VANS STORE - SHERMAN OAKS FASH SQ,VANS STORE,own-door,as listed,14006 Riverside Dr Suite 216,Sherman Oaks,CA,91423,US,+1 818-990-1098,SHERMAN OAKS FASH SQ,https://locations.vans.com/Sherman%20Oaks/Sherman%20Oaks/USA294,2026-10-08,-
Vans,VANS STORE - VALLEY FAIR MALL,VANS STORE,own-door,as listed,2855 Stevens Creek Blvd Suite 2401,Santa Clara,CA,95050,US,+1 408-260-7647,VALLEY FAIR MALL,https://locations.vans.com/Santa%20Clara/Santa%20Clara/USA293,2026-10-08,-
Vans,VANS STORE - WESTFIELD CENTURY CITY,VANS STORE,own-door,as listed,"10250 Santa Monica Blvd, Space 2310",Los Angeles,CA,90067,US,+1 213-926-1947,WESTFIELD CENTURY CITY,https://locations.vans.com/Los%20Angeles/Los%20Angeles/USA519,2026-10-08,-
Vans,VANS STORE - SMITH HAVEN MALL,VANS STORE,own-door,as listed,228 Smith Haven Mall Suite L12D,Lake Grove,NY,11755,US,+1 631-724-1011,SMITH HAVEN MALL,https://locations.vans.com/Lake%20Grove/Lake%20Grove/USA322,2026-10-08,-
Vans,VANS STORE - VICTORIA GARDENS,VANS STORE,own-door,as listed,7809 Kew Ave. Suite 5027,Rancho Cucamonga,CA,91739,US,+1 909-899-6400,VICTORIA GARDENS,https://locations.vans.com/Rancho%20Cucamonga/Rancho%20Cucamonga/USA326,2026-10-08,-
Vans,VANS STORE - COUNTRYSIDE,VANS STORE,own-door,as listed,27001 US Highway 19 North Space 2047,Clearwater,FL,33761,US,+1 727-725-2675,COUNTRYSIDE,https://locations.vans.com/Clearwater/Clearwater/USA185,2026-10-08,-
Vans,VANS STORE - QUAIL SPRINGS MALL,VANS STORE,own-door,as listed,2501 West Memorial Road Suite #111,Oklahoma City,OK,73134,US,+1 405-748-5052,QUAIL SPRINGS MALL,https://locations.vans.com/Oklahoma%20City/Oklahoma%20City/USA345,2026-10-08,-
Vans,VANS STORE - BAY STREET EMERYVILLE,VANS STORE,own-door,as listed,5671 Bay Street Suite # 5671,Emeryville,CA,94608,US,+1 510-594-2594,BAY STREET EMERYVILLE,https://locations.vans.com/Emeryville/Emeryville/USA298,2026-10-08,-
Vans,VANS STORE - THE DOMAIN II,VANS STORE,own-door,as listed,11401 Century Oaks Terrace Space 109,Austin,TX,78758,US,+1 512-873-1298,THE DOMAIN II,https://locations.vans.com/Austin/Austin/USA286,2026-10-08,-
Vans,VANS STORE - PARK PLACE MALL,VANS STORE,own-door,as listed,5870 East Broadway Blvd. Suite #350,Tucson,AZ,85711,US,+1 520-747-3314,PARK PLACE MALL,https://locations.vans.com/Tucson/Tucson/USA295,2026-10-08,-
Vans,VANS STORE - CULVER CITY MALL,VANS STORE,own-door,as listed,6000 Sepulveda Blvd. Suite 2155,Culver City,CA,90230,US,+1 310-390-7548,CULVER CITY MALL,https://locations.vans.com/Culver%20City/Culver%20City/USA288,2026-10-08,-
Vans,VANS STORE - NORTHPARK CENTER,VANS STORE,own-door,as listed,8667 North Central Expressway #2416,Dallas,TX,75225,US,+1 469-232-9212,NORTHPARK CENTER,https://locations.vans.com/Dallas/Dallas/USA292,2026-10-08,-
Vans,VANS STORE - LYNNHAVEN MALL,VANS STORE,own-door,as listed,701 Lynnhaven Pkwy Suite #C12,Virginia Beach,VA,23452,US,+1 757-463-2302,LYNNHAVEN MALL,https://locations.vans.com/Virginia%20Beach/Virginia%20Beach/USA289,2026-10-08,-
Vans,VANS STORE - GLENBROOK SQUARE,VANS STORE,own-door,as listed,4201 Coldwater Rd. Space C-01,Fort Wayne,IN,46805,US,+1 260-373-2221,GLENBROOK SQUARE,https://locations.vans.com/Fort%20Wayne/Fort%20Wayne/USA538,2026-10-08,-
Vans,VANS STORE - CITY CREEK CENTER,VANS STORE,own-door,as listed,51 South Main St Suite #225-A,Salt Lake City,UT,84111,US,+1 801-320-9789,CITY CREEK CENTER,https://locations.vans.com/Salt%20Lake%20City/Salt%20Lake%20City/USA343,2026-10-08,-
Vans,VANS STORE - MALL DEL NORTE,VANS STORE,own-door,as listed,5300 San Dario Ave. Suite #187,Laredo,TX,78041,US,+1 956-728-7322,MALL DEL NORTE,https://locations.vans.com/Laredo/Laredo/USA357,2026-10-08,-
Vans,VANS STORE - THE AVENUES MALL,VANS STORE,own-door,as listed,10300 Southside Blvd Suite # 2490,Jacksonville,FL,32256,US,+1 904-538-0288,THE AVENUES MALL,https://locations.vans.com/Jacksonville/Jacksonville/USA350,2026-10-08,-
Vans,VANS STORE - ROOSEVELT FIELD MALL,VANS STORE,own-door,as listed,630 Old County Rd. Suite # 1039E,Garden City,NY,11530,US,+1 516-248-1354,ROOSEVELT FIELD MALL,https://locations.vans.com/Garden%20City/Garden%20City/USA321,2026-10-08,-
Vans,VANS STORE - CUMBERLAND MALL,VANS STORE,own-door,as listed,1354 Cumberland Mall Suite #247,Atlanta,GA,30339,US,+1 678-503-0320,CUMBERLAND MALL,https://locations.vans.com/Atlanta/Atlanta/USA369,2026-10-08,-
Vans,VANS STORE - CIELO VISTA,VANS STORE,own-door,as listed,8401 Gateway Blvd. West Suite #F02,El Paso,TX,79925,US,+1 915-887-0346,CIELO VISTA,https://locations.vans.com/El%20Paso/El%20Paso/USA327,2026-10-08,-
Vans,VANS STORE - SOUTH PLAINS CENTER,VANS STORE,own-door,as listed,6002 Slide Rd. Suite #B-14,Lubbock,TX,79414,US,+1 806-799-1242,SOUTH PLAINS CENTER,https://locations.vans.com/Lubbock/Lubbock/USA340,2026-10-08,-
Vans,VANS STORE - VALLEY RIVER CENTER,VANS STORE,own-door,as listed,271 Valley River Center Suite # B0005,Eugene,OR,97401,US,+1 541-485-7115,VALLEY RIVER CENTER,https://locations.vans.com/Eugene/Eugene/USA342,2026-10-08,-
Vans,VANS STORE - CAPITAL MALL,VANS STORE,own-door,as listed,625 Black Lake Blvd. Suite #K2,Olympia,WA,98502,US,+1 360-352-6805,CAPITAL MALL,https://locations.vans.com/Olympia/Olympia/USA346,2026-10-08,-
Vans,VANS STORE - VISALIA MALL,VANS STORE,own-door,as listed,2031 South Mooney Blvd Suite 256,Visalia,CA,93277,US,+1 559-636-0629,VISALIA MALL,https://locations.vans.com/Visalia/Visalia/USA256,2026-10-08,-
Vans,VANS STORE - CHANDLER FASHION SQ,VANS STORE,own-door,as listed,3111 West Chandler Blvd Space #2014,Chandler,AZ,85226,US,+1 480-821-4654,CHANDLER FASHION SQ,https://locations.vans.com/Chandler/Chandler/USA261,2026-10-08,-
Vans,VANS STORE - FASHION SHOW MALL,VANS STORE,own-door,as listed,3200 Las Vegas Blvd S Suite #2570,Las Vegas,NV,89109,US,+1 702-369-0352,FASHION SHOW MALL,https://locations.vans.com/Las%20Vegas/Las%20Vegas/USA253,2026-10-08,-
Vans,VANS STORE - HULEN MALL,VANS STORE,own-door,as listed,4800 South Hulen Street Space #2630,Fort Worth,TX,76132,US,+1 817-346-0756,HULEN MALL,https://locations.vans.com/Fort%20Worth/Fort%20Worth/USA262,2026-10-08,-
Vans,VANS STORE - NORTHSTAR MALL,VANS STORE,own-door,as listed,7400 San Pedro Suite 1160,San Antonio,TX,78216,US,+1 210-541-6952,NORTHSTAR MALL,https://locations.vans.com/San%20Antonio/San%20Antonio/USA250,2026-10-08,-
Vans,VANS STORE - MALL IN COLUMBIA,VANS STORE,own-door,as listed,10300 Little Patuxent Parkway Suite 2630,Columbia,MD,21044,US,+1 410-730-1309,MALL IN COLUMBIA,https://locations.vans.com/Columbia/Columbia/USA271,2026-10-08,-
Vans,VANS STORE - AURORA TOWN CENTER,VANS STORE,own-door,as listed,14200 E Alameda Ave Room 1015A,Aurora,CO,80012,US,+1 303-343-0284,AURORA TOWN CENTER,https://locations.vans.com/Aurora/Aurora/USA263,2026-10-08,-
Vans,VANS STORE - THE GALLERIA @ SUNSET,VANS STORE,own-door,as listed,1300 West Sunset Road Space #2721,Henderson,NV,89014,US,+1 702-433-6805,THE GALLERIA @ SUNSET,https://locations.vans.com/Henderson/Henderson/USA273,2026-10-08,-
Vans,VANS STORE - FIFTH AVE,VANS STORE,own-door,as listed,530 Fifth Ave Unit 2,New York,NY,10036,US,+1 212-302-0106,FIFTH AVE,https://locations.vans.com/New%20York/New%20York/USA528,2026-10-08,-
Vans,VANS STORE - COASTLAND CENTER,VANS STORE,own-door,as listed,1824 Tamiami Trail N. Space L0007,Naples,FL,34102,US,+1 239-263-0629,COASTLAND CENTER,https://locations.vans.com/Naples/Naples/USA546,2026-10-08,-
Vans,VANS STORE - SOUTHLAKE WESTFIELD,VANS STORE,own-door,as listed,2022 Southlake Mall Suite #608,Merrillville,IN,46410,US,+1 219-794-1017,SOUTHLAKE WESTFIELD,https://locations.vans.com/Merrillville/Merrillville/USA388,2026-10-08,-
Vans,VANS STORE - WESTROADS MALL,VANS STORE,own-door,as listed,"10000 California St, Space 2152",Omaha,NE,68114,US,+1 531-365-4054,WESTROADS MALL,https://locations.vans.com/Omaha/Omaha/USA536,2026-10-08,-
Vans,VANS STORE - JORDAN CREEK TOWN CENTER,VANS STORE,own-door,as listed,"101 Jordan Creek Pkwy, Space 12330",West Des Moines,IA,50266,US,+1 515-346-3589,JORDAN CREEK TOWN CENTER,https://locations.vans.com/West%20Des%20Moines/West%20Des%20Moines/USA537,2026-10-08,-
Vans,VANS STORE - MEADOWOOD MALL,VANS STORE,own-door,as listed,52850 Meadowood Mall Circle,Reno,NV,89502,US,+1 775-825-2486,MEADOWOOD MALL,https://locations.vans.com/Reno/Reno/USA385,2026-10-08,-
Vans,VANS STORE - WOODLAND HILLS MALL,VANS STORE,own-door,as listed,7021 S. Memorial Dr. Suite # 246B,Tulsa,OK,74133,US,+1 918-252-0571,WOODLAND HILLS MALL,https://locations.vans.com/Tulsa/Tulsa/USA374,2026-10-08,-
Vans,VANS STORE - RIDGEDALE CENTER,VANS STORE,own-door,as listed,"12563 Wayzata Blvd., Space 1165",Minnetonka,MN,55305,US,+1 612-204-2454,RIDGEDALE CENTER,https://locations.vans.com/Minnetonka/Minnetonka/USA595,2026-10-08,-
Vans,VANS STORE - TOWNE EAST SQUARE,VANS STORE,own-door,as listed,7700 E. Kellogg Dr. Suite K11B,Wichita,KS,67207,US,+1 316-202-9230,TOWNE EAST SQUARE,https://locations.vans.com/Wichita/Wichita/USA592,2026-10-08,-
Vans,VANS STORE - BELLIS FAIR MALL,VANS STORE,own-door,as listed,One Bellis Fair Parkway Space # 418,Bellingham,WA,98226,US,+1 360-527-1970,BELLIS FAIR MALL,https://locations.vans.com/Bellingham/Bellingham/USA351,2026-10-08,-
Vans,VANS STORE - MENLO PARK,VANS STORE,own-door,as listed,100 Menlo Park Mall Suite #2570,Edison,NJ,08837,US,+1 732-548-1971,MENLO PARK,https://locations.vans.com/Edison/Edison/USA331,2026-10-08,-
Vans,VANS STORE - HILLSDALE CENTER,VANS STORE,own-door,as listed,60 31ST Suite # 2284,San Mateo,CA,94403,US,+1 650-286-9175,HILLSDALE CENTER,https://locations.vans.com/San%20Mateo/San%20Mateo/USA359,2026-10-08,-
Vans,VANS STORE - BOISE TOWN SQUARE,VANS STORE,own-door,as listed,350 N Milwakee Suite #1115,Boise,ID,83704,US,+1 208-376-4851,BOISE TOWN SQUARE,https://locations.vans.com/Boise/Boise/USA335,2026-10-08,-
Vans,VANS STORE - ORANGE PARK MALL,VANS STORE,own-door,as listed,1910 Wells Road Suite # H21B,Orange Park,FL,32073,US,+1 904-269-0833,ORANGE PARK MALL,https://locations.vans.com/Orange%20Park/Orange%20Park/USA355,2026-10-08,-
Vans,VANS STORE - CHAPEL HILLS MALL,VANS STORE,own-door,as listed,1710 Briargate Blvd Suite #481,Colorado Springs,CO,80920,US,+1 719-260-9125,CHAPEL HILLS MALL,https://locations.vans.com/Colorado%20Springs/Colorado%20Springs/USA344,2026-10-08,-
Vans,VANS STORE - PALM DESERT,VANS STORE,own-door,as listed,72840 Hwy 111 Suite # B130,Palm Desert,CA,92260,US,+1 760-776-4920,PALM DESERT,https://locations.vans.com/Palm%20Desert/Palm%20Desert/USA323,2026-10-08,-
Vans,VANS STORE - LENOX SQUARE,VANS STORE,own-door,as listed,3393 Peachtree Road NE Suite #3110A,Atlanta,GA,30326,US,+1 404-846-0346,LENOX SQUARE,https://locations.vans.com/Atlanta/Atlanta/USA363,2026-10-08,-
Vans,VANS STORE - ROCKAWAY TOWNSQUARE,VANS STORE,own-door,as listed,301 Mount Hope Ave Suite #2050,Rockaway,NJ,07866,US,+1 973-989-7534,ROCKAWAY TOWNSQUARE,https://locations.vans.com/Rockaway/Rockaway/USA332,2026-10-08,-
Vans,VANS STORE - MALL OF GEORGIA,VANS STORE,own-door,as listed,3333 Buford Drive Suite #2038-B,Buford,GA,30519,US,+1 770-614-3681,MALL OF GEORGIA,https://locations.vans.com/Buford/Buford/USA361,2026-10-08,-
Vans,VANS STORE - IMPERIAL VALLEY MALL,VANS STORE,own-door,as listed,3451 South Dogwood Ave Space # 1520,El Centro,CA,92243,US,+1 760-352-3749,IMPERIAL VALLEY MALL,https://locations.vans.com/El%20Centro/El%20Centro/USA349,2026-10-08,-
Vans,VANS STORE - COLUMBIA CENTER,VANS STORE,own-door,as listed,1321 N Columbia Center Blvd. Suite # 397,Kennewick,WA,99336,US,+1 509-783-9442,COLUMBIA CENTER,https://locations.vans.com/Kennewick/Kennewick/USA336,2026-10-08,-
Vans,VANS STORE - COSTA MESA COURTYARDS,VANS STORE,own-door,as listed,1835 NEWPORT BLVD. SUITE E-168,Costa Mesa,CA,92627,US,+1 949-642-5753,COSTA MESA COURTYARDS,https://locations.vans.com/Costa%20Mesa/Costa%20Mesa/USA316,2026-10-08,-
Vans,VANS STORE - WOODLANDS MALL,VANS STORE,own-door,as listed,"3135 28th St SE, space D115",Kentwood,MI,49512,US,+1 616-818-2197,WOODLANDS MALL,https://locations.vans.com/Kentwood/Kentwood/USA532,2026-10-08,-
Vans,VANS STORE - GREENWOOD PARK MALL,VANS STORE,own-door,as listed,"1251 US 31 North Greenwood, Space C05C",Greenwood,IN,46142,US,+1 317-881-7687,GREENWOOD PARK MALL,https://locations.vans.com/Greenwood/Greenwood/USA524,2026-10-08,-
Vans,VANS STORE - WILLOWBROOK MALL,VANS STORE,own-door,as listed,1570 Willowbrook Mall,Wayne,NJ,07470,US,+1 973-435-3190,WILLOWBROOK MALL,https://locations.vans.com/Wayne/Wayne/USA527,2026-10-08,-
Vans,VANS STORE - RIVER PARK SHOPPING CENTER,VANS STORE,own-door,as listed,"7830 North Via del Rio, Space 222",Fresno,CA,93720,US,+1 559-681-3539,RIVER PARK SHOPPING CENTER,https://locations.vans.com/Fresno/Fresno/USA531,2026-10-08,-
Vans,VANS STORE - SOUTH PARK MALL,VANS STORE,own-door,as listed,"412 SouthPark Center, Suite DL412",Strongsville,OH,44136,US,+1 440-263-7908,SOUTH PARK MALL,https://locations.vans.com/Strongsville/Strongsville/USA525,2026-10-08,-
Vans,VANS STORE - AVENTURA MALL,VANS STORE,own-door,as listed,19575 Biscayne Blvd Suite 331,Aventura,FL,33180,US,+1 305-937-1495,AVENTURA MALL,https://locations.vans.com/Aventura/Aventura/USA522,2026-10-08,-
Vans,VANS STORE - SIMI VALLEY MALL,VANS STORE,own-door,as listed,"1555 Simi Town Center Way, Space 630",Simi Valley,CA,93065,US,+1 805-527-5632,SIMI VALLEY MALL,https://locations.vans.com/Simi%20Valley/Simi%20Valley/USA181,2026-10-08,-
Vans,VANS STORE - FLORIDA MALL,VANS STORE,own-door,as listed,8001 S Orange Blossom Trail Suite #1174,Orlando,FL,32809,US,+1 407-850-5710,FLORIDA MALL,https://locations.vans.com/Orlando/Orlando/USA296,2026-10-08,-
Vans,VANS STORE - LAYTON HILLS,VANS STORE,own-door,as listed,1076 Layton Hills Mall Suite #1034,Layton,UT,84041,US,+1 801-546-0981,LAYTON HILLS,https://locations.vans.com/Layton/Layton/USA324,2026-10-08,-
Vans,VANS STORE - ST JOHNS TOWN CENTER,VANS STORE,own-door,as listed,4791 River City Drive Suite 133,Jacksonville,FL,32246,US,+1 904-233-0418,ST JOHNS TOWN CENTER,https://locations.vans.com/Jacksonville/Jacksonville/USA523,2026-10-08,-
Vans,VANS STORE - SPOKANE VALLEY MALL,VANS STORE,own-door,as listed,14700 E. Indiana Ave. Suite 1004,Spokane Valley,WA,99216,US,+1 509-924-2606,SPOKANE VALLEY MALL,https://locations.vans.com/Spokane%20Valley/Spokane%20Valley/USA362,2026-10-08,-
Vans,VANS STORE - NATICK MALL,VANS STORE,own-door,as listed,1245 Worcester Street Suite #1164,Natick,MA,01760,US,+1 508-650-2701,NATICK MALL,https://locations.vans.com/Natick/Natick/USA389,2026-10-08,-
Vans,VANS STORE - CHERRY HILL MALL,VANS STORE,own-door,as listed,2000 Rt. 38 Suite #1625,Cherry Hill,NJ,08002,US,+1 856-486-0454,CHERRY HILL MALL,https://locations.vans.com/Cherry%20Hill/Cherry%20Hill/USA382,2026-10-08,-
Vans,VANS STORE - OLYMPIC BLVD,VANS STORE,own-door,as listed,1540 Olympic Blvd,Walnut Creek,CA,94596,US,+1 925-932-7700,OLYMPIC BLVD,https://locations.vans.com/Walnut%20Creek/Walnut%20Creek/USA529,2026-10-08,-
Vans,VANS STORE - MARKETPLACE AT EL PASEO,VANS STORE,own-door,as listed,6569 N. Riverside Suite 105,Fresno,CA,93722,US,+1 559-276-4260,MARKETPLACE AT EL PASEO,https://locations.vans.com/Fresno/Fresno/USA487,2026-10-08,-
Vans,VANS STORE - S. LV PREMIUM OUTLET,VANS STORE,outlet,as listed,7400 S. Las Vegas Blvd Suite # 202B,Las Vegas,NV,89123,US,+1 702-897-6768,S. LV PREMIUM OUTLET,https://locations.vans.com/Las%20Vegas/Las%20Vegas/USA61,2026-10-08,outlet per locator store-type flag 'out'
Vans,VANS STORE - BARSTOW,VANS STORE,outlet,as listed,"2796 Tanger Way, Space 206",Barstow,CA,92311,US,+1 760-253-2555,BARSTOW,https://locations.vans.com/Barstow/Barstow/USA94,2026-10-08,outlet per locator store-type flag 'out'
Vans,VANS STORE - JERSEY SHORE,VANS STORE,outlet,as listed,1 Premium Outlet Blvd. Space #815,Tinton Falls,NJ,07753,US,+1 732-493-1516,JERSEY SHORE,https://locations.vans.com/Tinton%20Falls/Tinton%20Falls/USA247,2026-10-08,outlet per locator store-type flag 'out'
Vans,VANS STORE - PLEASANT PRAIRIE PREMIUM OUTLETS,VANS STORE,outlet,as listed,11601 108th St. Space 518,Pleasant Prairie,WI,53158,US,+1 262-857-4173,PLEASANT PRAIRIE PREMIUM OUTLETS,https://locations.vans.com/Pleasant%20Prairie/Pleasant%20Prairie/USA559,2026-10-08,outlet per locator store-type flag 'out'
Vans,VANS STORE - ELLENTON PREM OUTLETS,VANS STORE,outlet,as listed,5513 Factory Shops Blvd Suite #215,Ellenton,FL,34222,US,+1 941-722-2508,ELLENTON PREM OUTLETS,https://locations.vans.com/Ellenton/Ellenton/USA354,2026-10-08,outlet per locator store-type flag 'out'
Vans,VANS STORE - OPRY MILLS,VANS STORE,outlet,as listed,"270 Opry Mills Drive, space 664",Nashville,TN,37214,US,+1 615-622-9945,OPRY MILLS,https://locations.vans.com/Nashville/Nashville/USA563,2026-10-08,outlet per locator store-type flag 'out'
Vans,VANS STORE - MIROMAR OUTLETS,VANS STORE,outlet,as listed,10801 Corkscrew Road Suite #N-405,Estero,FL,33928,US,+1 239-495-3470,MIROMAR OUTLETS,https://locations.vans.com/Estero/Estero/USA419,2026-10-08,outlet per locator store-type flag 'out'
Vans,VANS STORE - PHILADELPHIA PREMIUM OT,VANS STORE,outlet,as listed,18 West Lightcap Road Suite #1073,Pottstown,PA,19464,US,+1 610-323-4362,PHILADELPHIA PREMIUM OT,https://locations.vans.com/Pottstown/Pottstown/USA421,2026-10-08,outlet per locator store-type flag 'out'
Vans,VANS STORE - JERSEY GARDENS,VANS STORE,outlet,as listed,651 Kapkowski Dr Suite #1094,Elizabeth,NJ,07201,US,+1 908-527-7890,JERSEY GARDENS,https://locations.vans.com/Elizabeth/Elizabeth/USA418,2026-10-08,outlet per locator store-type flag 'out'
Vans,VANS STORE - WOODBURY COMMONS OT,VANS STORE,outlet,as listed,668 Bluebird Ct,Central Valley,NY,10917,US,+1 845-928-1598,WOODBURY COMMONS OT,https://locations.vans.com/Central%20Valley/Central%20Valley/USA425,2026-10-08,outlet per locator store-type flag 'out'
Vans,VANS STORE - MEBANE OUTLET CENTER,VANS STORE,outlet,as listed,4000 Arrowhead Blvd Suite 700,Mebane,NC,27302,US,+1 919-304-0226,MEBANE OUTLET CENTER,https://locations.vans.com/Mebane/Mebane/USA499,2026-10-08,outlet per locator store-type flag 'out'
Vans,VANS STORE - ST. LOUIS PREMIUM OUTLETS,VANS STORE,outlet,as listed,18527 Outlet Blvd. Space 721,Chesterfield,MO,63005,US,+1 636-536-9624,ST. LOUIS PREMIUM OUTLETS,https://locations.vans.com/Chesterfield/Chesterfield/USA555,2026-10-08,outlet per locator store-type flag 'out'
Vans,VANS STORE - OUTLET COLLECTION- SEATTLE,VANS STORE,outlet,as listed,1101 Outlet Collection Way Space 1101,Auburn,WA,98001,US,+1 253-333-2091,OUTLET COLLECTION- SEATTLE,https://locations.vans.com/Auburn/Auburn/USA435,2026-10-08,outlet per locator store-type flag 'out'
Vans,VANS STORE - CHICAGO PREMIUM OUTLET,VANS STORE,outlet,as listed,1650 Premium Outlets Blvd Space 1430,Aurora,IL,60502,US,+1 630-499-1425,CHICAGO PREMIUM OUTLET,https://locations.vans.com/Aurora/Aurora/USA447,2026-10-08,outlet per locator store-type flag 'out'
Vans,VANS STORE - CHARLOTTE PREMIUM OUTLETS,VANS STORE,outlet,as listed,5512 New Fashion Way Space 986,Charlotte,NC,28278,US,+1 704-954-8913,CHARLOTTE PREMIUM OUTLETS,https://locations.vans.com/Charlotte/Charlotte/USA586,2026-10-08,outlet per locator store-type flag 'out'
Vans,VANS STORE - TUCSON PREMIUM OUTLETS,VANS STORE,outlet,as listed,"6401 West Marana Center, Space 805",Tucson,AZ,85742,US,+1 520-918-0072,TUCSON PREMIUM OUTLETS,https://locations.vans.com/Tucson/Tucson/USA446,2026-10-08,outlet per locator store-type flag 'out'
Vans,VANS STORE - OUTLETS AT SAN CLEMENTE,VANS STORE,outlet,as listed,"101 W. Avenidavista Hermosa, Space 164",San Clemente,CA,92672,US,+1 949-361-1928,OUTLETS AT SAN CLEMENTE,https://locations.vans.com/San%20Clemente/San%20Clemente/USA431,2026-10-08,outlet per locator store-type flag 'out'
Vans,VANS STORE - SAWGRASS MILLS,VANS STORE,outlet,as listed,"12801 W Sunrise Blvd, Space 717",Sunrise,FL,33323,US,+1 954-846-9886,SAWGRASS MILLS,https://locations.vans.com/Sunrise/Sunrise/USA16,2026-10-08,outlet per locator store-type flag 'out'
Vans,VANS STORE - PARK CITY,VANS STORE,outlet,as listed,6699 N. Landmark Dr. Space C105,Park City,UT,84098,US,+1 435-649-0213,PARK CITY,https://locations.vans.com/Park%20City/Park%20City/USA20,2026-10-08,outlet per locator store-type flag 'out'
Vans,VANS STORE - SAN YSIDRO,VANS STORE,outlet,as listed,4211 Camino De La Plaza Suite #0226,San Ysidro,CA,92173,US,+1 619-690-9380,SAN YSIDRO,https://locations.vans.com/San%20Ysidro/San%20Ysidro/USA38,2026-10-08,outlet per locator store-type flag 'out'
Vans,VANS STORE - ORANGE,VANS STORE,outlet,as listed,485 North Tustin Ave,Orange,CA,92867,US,+1 714-532-3068,ORANGE,https://locations.vans.com/Orange/Orange/USA40,2026-10-08,outlet per locator store-type flag 'out'
Vans,VANS STORE - SHASTA,VANS STORE,outlet,as listed,1925 Highway 273,Anderson,CA,96007,US,+1 530-378-0411,SHASTA,https://locations.vans.com/Anderson/Anderson/USA44,2026-10-08,outlet per locator store-type flag 'out'
Vans,VANS STORE - ELSINORE,VANS STORE,outlet,as listed,17600 Collier Ave. #140,Lake Elsinore,CA,92530,US,+1 951-674-0228,ELSINORE,https://locations.vans.com/Lake%20Elsinore/Lake%20Elsinore/USA48,2026-10-08,outlet per locator store-type flag 'out'
Vans,VANS STORE - NATOMA,VANS STORE,outlet,as listed,13000 Folsom Blvd. Suite 307,Folsom,CA,95630,US,+1 916-351-1188,NATOMA,https://locations.vans.com/Folsom/Folsom/USA53,2026-10-08,outlet per locator store-type flag 'out'
Vans,VANS STORE - VACAVILLE,VANS STORE,outlet,as listed,301 Nut Tree Rd. Suite C,Vacaville,CA,95687,US,+1 707-447-8368,VACAVILLE,https://locations.vans.com/Vacaville/Vacaville/USA54,2026-10-08,outlet per locator store-type flag 'out'
Vans,VANS STORE - WAIKELE CENTER,VANS STORE,outlet,as listed,94-790 Lumiaina Street,Waipahu,HI,96797,US,+1 808-676-7169,WAIKELE CENTER,https://locations.vans.com/Waipahu/Waipahu/USA65,2026-10-08,outlet per locator store-type flag 'out'
Vans,VANS STORE - CITADEL,VANS STORE,outlet,as listed,100 Citadel Drive Space 218,Commerce,CA,90040,US,+1 323-887-7435,CITADEL,https://locations.vans.com/Commerce/Commerce/USA66,2026-10-08,outlet per locator store-type flag 'out'
Vans,VANS STORE - GRAND PRAIRIE OT,VANS STORE,outlet,as listed,2950 W. Interstate 20 Suite #653,Grand Prairie,TX,75052,US,+1 972-522-0673,GRAND PRAIRIE OT,https://locations.vans.com/Grand%20Prairie/Grand%20Prairie/USA352,2026-10-08,outlet per locator store-type flag 'out'
Vans,VANS STORE - TEXAS CITY TANGER OT,VANS STORE,outlet,as listed,5885 Gulf Freeway Suite #755,Texas City,TX,77591,US,+1 281-534-2132,TEXAS CITY TANGER OT,https://locations.vans.com/Texas%20City/Texas%20City/USA353,2026-10-08,outlet per locator store-type flag 'out'
Vans,VANS STORE - LIVERMORE OUTLETS,VANS STORE,outlet,as listed,3314 Paragon Outlets Dr.,Livermore,CA,94551,US,+1 925-443-3625,LIVERMORE OUTLETS,https://locations.vans.com/Livermore/Livermore/USA364,2026-10-08,outlet per locator store-type flag 'out'
Vans,VANS STORE - DENVER PREMIUM OUTLET,VANS STORE,outlet,as listed,"13801 Grant St, Space 885",Thornton,CO,80023,US,+1 303-920-0900,DENVER PREMIUM OUTLET,https://locations.vans.com/Thornton/Thornton/USA544,2026-10-08,outlet per locator store-type flag 'out'
Vans,VANS STORE - OUTLETS AT CASTLE ROCK,VANS STORE,outlet,as listed,5050 Factory Shops Blvd Suite #650,Castle Rock,CO,80108,US,+1 303-814-4063,OUTLETS AT CASTLE ROCK,https://locations.vans.com/Castle%20Rock/Castle%20Rock/USA391,2026-10-08,outlet per locator store-type flag 'out'
Vans,VANS STORE - LEESBURG CORNER PREMIUM OUTLETS,VANS STORE,outlet,as listed,241 Fort Evans Rd. NE Space 1303,Leesburg,VA,20176,US,+1 703-669-8082,LEESBURG CORNER PREMIUM OUTLETS,https://locations.vans.com/Leesburg/Leesburg/USA554,2026-10-08,outlet per locator store-type flag 'out'
Vans,VANS STORE - SEATTLE PREMIUM OT,VANS STORE,outlet,as listed,10600 Quil Ceda Blvd Space # 0660,Tulalip,WA,98271,US,+1 360-653-2753,SEATTLE PREMIUM OT,https://locations.vans.com/Tulalip/Tulalip/USA276,2026-10-08,outlet per locator store-type flag 'out'
Vans,VANS STORE - SHOPPES AT EL PASO,VANS STORE,outlet,as listed,7051 S. DESERT BLVD #G730,El Paso,TX,79835,US,+1 915-877-4633,SHOPPES AT EL PASO,https://locations.vans.com/El%20Paso/El%20Paso/USA299,2026-10-08,outlet per locator store-type flag 'out'
Vans,VANS STORE - OUTLETS AT MANTECA,VANS STORE,outlet,as listed,917 Lifestyle Street,Manteca,CA,95337,US,+1 209-823-7289,OUTLETS AT MANTECA,https://locations.vans.com/Manteca/Manteca/USA284,2026-10-08,outlet per locator store-type flag 'out'
Vans,VANS STORE - TANGER OUTLETS AT FT. WORTH,VANS STORE,outlet,as listed,15837 North Freeway Suite 1035,Fort Worth,TX,76177,US,+1 682-367-8256,TANGER OUTLETS AT FT. WORTH,https://locations.vans.com/Fort%20Worth/Fort%20Worth/USA521,2026-10-08,outlet per locator store-type flag 'out'
Vans,VANS STORE - TANGER OUTLETS AT ATLANTIC CITY,VANS STORE,outlet,as listed,"18 N. Michigan Ave, Space 535",Atlantic City,NJ,08401,US,+1 609-892-0212,TANGER OUTLETS AT ATLANTIC CITY,https://locations.vans.com/Atlantic%20City/Atlantic%20City/USA542,2026-10-08,outlet per locator store-type flag 'out'
Vans,VANS STORE - TANGER OUTLETS AT HILTON HEAD,VANS STORE,outlet,as listed,1414 Fording Island Rd Suite A120,Bluffton,SC,29910,US,+1 843-338-0882,TANGER OUTLETS AT HILTON HEAD,https://locations.vans.com/Bluffton/Bluffton/USA543,2026-10-08,outlet per locator store-type flag 'out'
Vans,VANS STORE - ORLANDO PREMIUM OT,VANS STORE,outlet,as listed,8200 Vineland Ave. Suite #1743,Orlando,FL,32821,US,+1 407-465-0424,ORLANDO PREMIUM OT,https://locations.vans.com/Orlando/Orlando/USA320,2026-10-08,outlet per locator store-type flag 'out'
Vans,VANS STORE - OKLAHOMA CITY OT,VANS STORE,outlet,as listed,7628 West Reno Ave. Suite #A-100,Oklahoma City,OK,73127,US,+1 405-787-9992,OKLAHOMA CITY OT,https://locations.vans.com/Oklahoma%20City/Oklahoma%20City/USA328,2026-10-08,outlet per locator store-type flag 'out'
Vans,VANS STORE - GURNEE MILLS OT,VANS STORE,outlet,as listed,6170 W. Grand Ave. Suite #571,Gurnee,IL,60031,US,+1 847-856-6144,GURNEE MILLS OT,https://locations.vans.com/Gurnee/Gurnee/USA341,2026-10-08,outlet per locator store-type flag 'out'
Vans,VANS STORE - TRAVERSE MOUNTAIN OT,VANS STORE,outlet,as listed,3700 N. Cabelas Blvd. Suite #280,Lehi,UT,84043,US,+1 801-901-1282,TRAVERSE MOUNTAIN OT,https://locations.vans.com/Lehi/Lehi/USA348,2026-10-08,outlet per locator store-type flag 'out'
Vans,VANS STORE - BARCELONETA,VANS STORE,outlet,as listed,1 Premium Outlets Blvd Space 357,Barceloneta,PR,00617,US,+1 787-846-4126,BARCELONETA,https://locations.vans.com/Barceloneta/Barceloneta/USA455,2026-10-08,outlet per locator store-type flag 'out'; Puerto Rico - locator lists under US
Vans,VANS STORE - TANGER OUTLETS AT CHARLESTON,VANS STORE,outlet,as listed,"4840 Tanger Outlet Blvd, Space 461",North Charleston,SC,29418,US,+1 843-308-8320,TANGER OUTLETS AT CHARLESTON,https://locations.vans.com/North%20Charleston/North%20Charleston/USA463,2026-10-08,outlet per locator store-type flag 'out'
Vans,VANS STORE - GREAT LAKES CROSSING OUTLETS,VANS STORE,outlet,as listed,4568 Baldwin Rd. Space 822,Auburn Hills,MI,48326,US,+1 248-454-0930,GREAT LAKES CROSSING OUTLETS,https://locations.vans.com/Auburn%20Hills/Auburn%20Hills/USA503,2026-10-08,outlet per locator store-type flag 'out'
Vans,VANS STORE - LEGENDS OUTLETS KANSAS CITY,VANS STORE,outlet,as listed,"1837 Village West Pkwy, Space B113",Kansas City,KS,66111,US,+1 913-334-9904,LEGENDS OUTLETS KANSAS CITY,https://locations.vans.com/Kansas%20City/Kansas%20City/USA494,2026-10-08,outlet per locator store-type flag 'out'
Vans,VANS STORE - SILVER SANDS PREMIUM OUTLETS,VANS STORE,outlet,as listed,10746 Emerald Coast Pkwy West Space 164A,Destin,FL,32550,US,+1 850-650-0136,SILVER SANDS PREMIUM OUTLETS,https://locations.vans.com/Destin/Destin/USA514,2026-10-08,outlet per locator store-type flag 'out'
Vans,VANS STORE - NORFOLK PREMIUM OUTLETS,VANS STORE,outlet,as listed,"1600 Premium Outlets Blvd, Space 830",Norfolk,VA,23502,US,+1 757-673-9800,NORFOLK PREMIUM OUTLETS,https://locations.vans.com/Norfolk/Norfolk/USA500,2026-10-08,outlet per locator store-type flag 'out'
Vans,VANS STORE - NORWALK,VANS STORE,outlet,as listed,11620 Imperial Hwy.,Norwalk,CA,90650,US,+1 562-863-6262,NORWALK,https://locations.vans.com/Norwalk/Norwalk/USA7,2026-10-08,outlet per locator store-type flag 'out'
Vans,VANS STORE - GILROY,VANS STORE,outlet,as listed,681 Leavesley Road,Gilroy,CA,95020,US,+1 408-848-2232,GILROY,https://locations.vans.com/Gilroy/Gilroy/USA11,2026-10-08,outlet per locator store-type flag 'out'
Vans,VANS STORE - NORTH GEORGIA PREMIUM OUTLETS,VANS STORE,outlet,as listed,800 GA-400 Suite 500A,Dawsonville,GA,30534,US,+1 706-268-9626,NORTH GEORGIA PREMIUM OUTLETS,https://locations.vans.com/Dawsonville/Dawsonville/VSNGP-800G400S50,2026-10-08,outlet per locator store-type flag 'out'
Vans,VANS STORE - OUTLET SHOPS AT BLUEGRASS,VANS STORE,outlet,as listed,1155 Buck Creek Rd Suite 212,Simpsonville,KY,40067,US,+1 502-722-5681,OUTLET SHOPS AT BLUEGRASS,https://locations.vans.com/Simpsonville/Simpsonville/USA478,2026-10-08,outlet per locator store-type flag 'out'
Vans,VANS STORE - OUTLETS AT TEJON,VANS STORE,outlet,as listed,5701 Outlets at Tejon Pkwy Space 865,Arvin,CA,93203,US,+1 661-381-5460,OUTLETS AT TEJON,https://locations.vans.com/Arvin/Arvin/USA600,2026-10-08,outlet per locator store-type flag 'out'
Vans,VANS STORE - TANGER OUTLETS PALM BEACH,VANS STORE,outlet,as listed,1751 Palm Beach Lakes Blvd Sp. E415,West Palm Beach,FL,33401,US,+1 561-408-9020,TANGER OUTLETS PALM BEACH,https://locations.vans.com/West%20Palm%20Beach/West%20Palm%20Beach/USA601,2026-10-08,outlet per locator store-type flag 'out'
Vans,VANS STORE - TANGER OUTLETS PHOENIX,VANS STORE,outlet,as listed,6800 N 95th Ave. Space 330,Glendale,AZ,85305,US,+1 623-233-2390,TANGER OUTLETS PHOENIX,https://locations.vans.com/Glendale/Glendale/USA604,2026-10-08,outlet per locator store-type flag 'out'
Vans,VANS STORE - TANGER OUTLETS AT SEVIERVILLE,VANS STORE,outlet,as listed,1645 Parkway Suite 115,Sevierville,TN,37862,US,+1 865-429-4061,TANGER OUTLETS AT SEVIERVILLE,https://locations.vans.com/Sevierville/Sevierville/USA477,2026-10-08,outlet per locator store-type flag 'out'
Vans,VANS STORE - TANGER OUTLETS AT RIVERHEAD,VANS STORE,outlet,as listed,303 Tanger Mall Dr,Riverhead,NY,11901,US,+1 631-369-2015,TANGER OUTLETS AT RIVERHEAD,https://locations.vans.com/Riverhead/Riverhead/USA479,2026-10-08,outlet per locator store-type flag 'out'
Vans,VANS STORE - MILPITAS MALL,VANS STORE,outlet,as listed,447 Great Mall Drive #574,Milpitas,CA,95035,US,+1 408-719-8413,MILPITAS MALL,https://locations.vans.com/Milpitas/Milpitas/USA230,2026-10-08,outlet per locator store-type flag 'out'
Vans,VANS STORE - HOUSTON PREMIUM OT,VANS STORE,outlet,as listed,29300 Hempstead Road Suite 873,Cypress,TX,77433,US,+1 281-256-9594,HOUSTON PREMIUM OT,https://locations.vans.com/Cypress/Cypress/USA244,2026-10-08,outlet per locator store-type flag 'out'
Vans,VANS STORE - POTOMAC MILLS,VANS STORE,outlet,as listed,2700 Potomac Mills Circle Unit #718,Woodbridge,VA,22192,US,+1 703-497-4131,POTOMAC MILLS,https://locations.vans.com/Woodbridge/Woodbridge/USA245,2026-10-08,outlet per locator store-type flag 'out'
Vans,VANS STORE - SAN MARCOS TANGER OT,VANS STORE,outlet,as listed,4015 Interstate 35 South Suite 615,San Marcos,TX,78666,US,+1 512-392-3687,SAN MARCOS TANGER OT,https://locations.vans.com/San%20Marcos/San%20Marcos/USA246,2026-10-08,outlet per locator store-type flag 'out'
Vans,VANS STORE - COLORADO MILLS,VANS STORE,outlet,as listed,14500 W. Colfax Avenue Suite 374,Lakewood,CO,80401,US,+1 303-525-2920,COLORADO MILLS,https://locations.vans.com/Lakewood/Lakewood/USA249,2026-10-08,outlet per locator store-type flag 'out'
Vans,VANS STORE - ALLEN PREMIUM OUTLETS,VANS STORE,outlet,as listed,820 W. Stacy Road Suite 314,Allen,TX,75013,US,+1 972-678-4986,ALLEN PREMIUM OUTLETS,https://locations.vans.com/Allen/Allen/USA251,2026-10-08,outlet per locator store-type flag 'out'
Vans,VANS STORE - ANTHEM OUTLET,VANS STORE,outlet,as listed,4250 West Anthem Way Space # 745,Phoenix,AZ,85086,US,+1 623-465-0506,ANTHEM OUTLET,https://locations.vans.com/Phoenix/Phoenix/USA260,2026-10-08,outlet per locator store-type flag 'out'
Vans,VANS STORE - WOODBURN CO. STORES,VANS STORE,outlet,as listed,1001 Arney Road Suite 504,Woodburn,OR,97071,US,+1 503-982-4239,WOODBURN CO. STORES,https://locations.vans.com/Woodburn/Woodburn/USA266,2026-10-08,outlet per locator store-type flag 'out'
Vans,VANS STORE - LEGENDS AT SPARKS,VANS STORE,outlet,as listed,1350 Scheels Drive Space # D132,Sparks,NV,89434,US,+1 775-358-0841,LEGENDS AT SPARKS,https://locations.vans.com/Sparks/Sparks/USA267,2026-10-08,outlet per locator store-type flag 'out'
Vans,VANS STORE - OUTLETS AT TULARE,VANS STORE,outlet,as listed,1531 Retherford Street,Tulare,CA,93274,US,+1 559-688-8536,OUTLETS AT TULARE,https://locations.vans.com/Tulare/Tulare/USA275,2026-10-08,outlet per locator store-type flag 'out'
Vans,VANS STORE - CAMARILLO,VANS STORE,outlet,as listed,630 E Ventura Blvd Suite 1209,Camarillo,CA,93010,US,+1 805-388-9733,CAMARILLO,https://locations.vans.com/Camarillo/Camarillo/USA69,2026-10-08,outlet per locator store-type flag 'out'
Vans,VANS STORE - EL CAJON,VANS STORE,outlet,as listed,882 N. 2nd St.,El Cajon,CA,92021,US,+1 619-441-0627,EL CAJON,https://locations.vans.com/El%20Cajon/El%20Cajon/USA76,2026-10-08,outlet per locator store-type flag 'out'
Vans,VANS STORE - CARLSBAD COMPANY,VANS STORE,outlet,as listed,5630 Paseo Del Norte Space D117,Carlsbad,CA,92008,US,+1 760-804-0190,CARLSBAD COMPANY,https://locations.vans.com/Carlsbad/Carlsbad/USA79,2026-10-08,outlet per locator store-type flag 'out'
Vans,VANS STORE - WILLIAMSBURG,VANS STORE,outlet,as listed,5711 Richmond Rd Space 31,Williamsburg,VA,23188,US,+1 757-220-0511,WILLIAMSBURG,https://locations.vans.com/Williamsburg/Williamsburg/USA80,2026-10-08,outlet per locator store-type flag 'out'
Vans,VANS STORE - ONTARIO MILLS,VANS STORE,outlet,as listed,One Mills Circle Drive Suite 302,Ontario,CA,91764,US,+1 909-484-6533,ONTARIO MILLS,https://locations.vans.com/Ontario/Ontario/USA81,2026-10-08,outlet per locator store-type flag 'out'
Vans,VANS STORE - MYRTLE BEACH,VANS STORE,outlet,as listed,10835 Kings Road Space 320-330,Myrtle Beach,SC,29572,US,+1 843-449-9894,MYRTLE BEACH,https://locations.vans.com/Myrtle%20Beach/Myrtle%20Beach/USA83,2026-10-08,outlet per locator store-type flag 'out'
Vans,VANS STORE - PETALUMA,VANS STORE,outlet,as listed,2200 Petaluma Blvd. N Suite 205,Petaluma,CA,94952,US,+1 707-778-9053,PETALUMA,https://locations.vans.com/Petaluma/Petaluma/USA95,2026-10-08,outlet per locator store-type flag 'out'
Vans,VANS STORE - PISMO BEACH,VANS STORE,outlet,as listed,333 Five Cities Drive Suite A022,Pismo Beach,CA,93449,US,+1 805-773-3621,PISMO BEACH,https://locations.vans.com/Pismo%20Beach/Pismo%20Beach/USA96,2026-10-08,outlet per locator store-type flag 'out'
Vans,VANS STORE - CABAZON,VANS STORE,outlet,as listed,48400 Seminole Road Suite #0626,Cabazon,CA,92230,US,+1 951-922-0633,CABAZON,https://locations.vans.com/Cabazon/Cabazon/USA98,2026-10-08,outlet per locator store-type flag 'out'
Vans,VANS STORE - ARIZONA MILLS,VANS STORE,outlet,as listed,5000 S Arizona Mills Circle Suite 208,Tempe,AZ,85282,US,+1 480-730-5821,ARIZONA MILLS,https://locations.vans.com/Tempe/Tempe/USA102,2026-10-08,outlet per locator store-type flag 'out'
Vans,VANS STORE - ALPINE,VANS STORE,outlet,as listed,5005 Willows Road Bldg. F-107,Alpine,CA,91901,US,+1 619-659-3243,ALPINE,https://locations.vans.com/Alpine/Alpine/USA104,2026-10-08,outlet per locator store-type flag 'out'
Vans,VANS STORE - REHOBETH BEACH,VANS STORE,outlet,as listed,36484 Seaside Outlet Dr. Suite 1500,Rehoboth Bch,DE,19971,US,+1 302-226-1810,REHOBETH BEACH,https://locations.vans.com/Rehoboth%20Bch/Rehoboth%20Bch/USA105,2026-10-08,outlet per locator store-type flag 'out'
Vans,VANS STORE - TROUTDALE,VANS STORE,outlet,as listed,450 NW 257th Avenue #508,Troutdale,OR,97060,US,+1 503-491-1387,TROUTDALE,https://locations.vans.com/Troutdale/Troutdale/USA110,2026-10-08,outlet per locator store-type flag 'out'
Vans,VANS STORE - ST. AUGUSTINE,VANS STORE,outlet,as listed,2700 State Road 16 Ste. 601,St. Augustine,FL,32092,US,+1 904-808-8502,ST. AUGUSTINE,https://locations.vans.com/St.%20Augustine/St.%20Augustine/USA114,2026-10-08,outlet per locator store-type flag 'out'
Vans,VANS STORE - KATY MILLS,VANS STORE,outlet,as listed,#721,Katy,TX,77494,US,+1 281-644-4411,KATY MILLS,https://locations.vans.com/Katy/Katy/USA123,2026-10-08,outlet per locator store-type flag 'out'; locator street field reads only #721
Vans,VANS STORE - ARUNDEL MILLS,VANS STORE,outlet,as listed,7000 Arundel Mills Circle Suite 531,Hanover,MD,21076,US,+1 443-755-8980,ARUNDEL MILLS,https://locations.vans.com/Hanover/Hanover/USA140,2026-10-08,outlet per locator store-type flag 'out'
Vans,VANS STORE - N. LV PREMIUM OUTLET,VANS STORE,outlet,as listed,805 S. Grand Central Parkway Suite 1901,Las Vegas,NV,89106,US,+1 702-464-3063,N. LV PREMIUM OUTLET,https://locations.vans.com/Las%20Vegas/Las%20Vegas/USA174,2026-10-08,outlet per locator store-type flag 'out'
Vans,VANS STORE - ROUND ROCK,VANS STORE,outlet,as listed,4401 North IH-35 Suite 225,Round Rock,TX,78664,US,+1 512-863-3541,ROUND ROCK,https://locations.vans.com/Round%20Rock/Round%20Rock/USA200,2026-10-08,outlet per locator store-type flag 'out'
Vans,VANS STORE - RIO GRANDE,VANS STORE,outlet,as listed,5001 East Expressway 83 Suite 817,Mercedes,TX,78570,US,+1 956-514-1531,RIO GRANDE,https://locations.vans.com/Mercedes/Mercedes/USA228,2026-10-08,outlet per locator store-type flag 'out'; locator state field reads Mercedes - corrected to TX from zip 78570
Vans,VANS STORE - GRAPEVINE MILLS,VANS STORE,outlet,as listed,3000 Grapevine Mills Pkwy Space 430,Grapevine,TX,76051,US,+1 972-355-5269,GRAPEVINE MILLS,https://locations.vans.com/Grapevine/Grapevine/USA229,2026-10-08,outlet per locator store-type flag 'out'
Vans,VANS STORE - OUTLET SHOPPES@ATLANTA,VANS STORE,outlet,as listed,915 Ridgewalk Parkway Suite #G730,Woodstock,GA,30188,US,+1 678-445-0236,OUTLET SHOPPES@ATLANTA,https://locations.vans.com/Woodstock/Woodstock/USA368,2026-10-08,outlet per locator store-type flag 'out'
Vans,VANS STORE - CONCORD MILLS OT,VANS STORE,outlet,as listed,8111 Concord Mills Blvd. Suite #697A,Concord,NC,28027,US,+1 704-979-8267,CONCORD MILLS OT,https://locations.vans.com/Concord/Concord/USA392,2026-10-08,outlet per locator store-type flag 'out'
Vans,VANS STORE - WRENTHAM VILLAGE,VANS STORE,outlet,as listed,"One Premium Outlets Blvd, Space 630",Wrentham,MA,02093,US,+1 508-384-2111,WRENTHAM VILLAGE,https://locations.vans.com/Wrentham/Wrentham/USA552,2026-10-08,outlet per locator store-type flag 'out'
Vans,VANS STORE - CINCINNATI PREMIUM OUTLETS,VANS STORE,outlet,as listed,217 Premium Outlets Dr.,Monroe,OH,45050,US,+1 513-539-9247,CINCINNATI PREMIUM OUTLETS,https://locations.vans.com/Monroe/Monroe/USA553,2026-10-08,outlet per locator store-type flag 'out'
Vans,VANS STORE - OUTLETS AT ORANGE,VANS STORE,outlet,as listed,20 City Blvd Space 1030,Orange,CA,92868,US,+1 714-769-3800,OUTLETS AT ORANGE,https://locations.vans.com/Orange/Orange/USA599,2026-10-08,outlet per locator store-type flag 'out'; also carries the full-price store flag
Vans,VANS STORE - OUTLETS AT LINCOLN CITY,VANS STORE,outlet,as listed,1500 SE East Devils Lake Rd. Suite 410,Lincoln City,OR,97367,US,+1 541-994-7375,OUTLETS AT LINCOLN CITY,https://locations.vans.com/Lincoln%20City/Lincoln%20City/USA610,2026-10-08,outlet per locator store-type flag 'out'
Vans,VANS STORE - POCONO PREMIUM OUTLET,VANS STORE,outlet,as listed,1000 PREMIUM OUTLETS Space D04,Tannersville,PA,18372,US,+1 570-227-4534,POCONO PREMIUM OUTLET,https://locations.vans.com/Tannersville/Tannersville/USA620,2026-10-08,outlet per locator store-type flag 'out'
Vans,VANS STORE - TWIN CITIES PREMIUM OUTLETS,VANS STORE,outlet,as listed,3965 Eagan Outlets Pkwy Space 320,Eagan,MN,55122,US,+1 651-252-6397,TWIN CITIES PREMIUM OUTLETS,https://locations.vans.com/Eagan/Eagan/USA609,2026-10-08,outlet per locator store-type flag 'out'
Vans,VANS STORE - TULSA PREMIUM OUTLETS,VANS STORE,outlet,as listed,801 East Outlet Drive Space 7160,Jenks,OK,74037,US,+1 539-302-5381,TULSA PREMIUM OUTLETS,https://locations.vans.com/Jenks/Jenks/USA608,2026-10-08,outlet per locator store-type flag 'out'
Vans,VANS STORE - RED CLIFFS MALL,VANS STORE,own-door,as listed,1770 Red Cliffs Dr. Space 1106,Saint George,UT,84790,US,+1 435-288-3253,RED CLIFFS MALL,https://locations.vans.com/Saint%20George/Saint%20George/USA613,2026-10-08,-
Vans,VANS STORE - EMPIRE MALL,VANS STORE,own-door,as listed,5000 W Empire Mall Space 604,Sioux Falls,SD,57106,US,+1 605-951-9582,EMPIRE MALL,https://locations.vans.com/Sioux%20Falls/Sioux%20Falls/USA618,2026-10-08,-
Vans,VANS STORE - BROADWAY SQUARE,VANS STORE,own-door,as listed,4601 S. Broadway Space B08,Tyler,TX,75703,US,+1 903-546-9526,BROADWAY SQUARE,https://locations.vans.com/Tyler/Tyler/USA616,2026-10-08,-
Vans,VANS STORE - FIREWHEEL TOWN CENTER,VANS STORE,own-door,as listed,460 Coneflower Drive Space M19,Garland,TX,75040,US,+1 214-382-3898,FIREWHEEL TOWN CENTER,https://locations.vans.com/Garland/Garland/USA615,2026-10-08,-
Vans,VANS STORE - RICHLAND MALL,VANS STORE,own-door,as listed,6001 W Waco Dr. Space 40A,Waco,TX,76710,US,+1 254-304-8450,RICHLAND MALL,https://locations.vans.com/Waco/Waco/USA614,2026-10-08,-
Vans,VANS STORE - NAPA PREMIUM OUTLETS,VANS STORE,outlet,as listed,653 Factory Store Drive,Napa,CA,94558,US,+1 707-681-0081,NAPA PREMIUM OUTLETS,https://locations.vans.com/Napa/Napa/USA621,2026-10-08,outlet per locator store-type flag 'out'
Vans,VANS COOLSPRINGS GALLERIA,VANS,own-door,as listed,1800 Galleria Blvd Space 2070,FRANKLIN,TN,37067,US,+1 615-567-7316,COOLSPRINGS GALLERIA,https://locations.vans.com/FRANKLIN/FRANKLIN/USA619,2026-10-08,-
Vans,VANS STORE - PLAZA BONITA,VANS STORE,own-door,as listed,3030 Plaza Bonita Rd. #2350 Level 2,National City,CA,91950,US,+1 619-475-2549,PLAZA BONITA,https://locations.vans.com/National%20City/National%20City/USA63,2026-10-08,-
Vans,VANS STORE - DISNEY SPRINGS TOWN CENTER,VANS STORE,outlet,as listed,1486 Buena Vista Drive,Lake Buena Vista,FL,32830,US,+1 407-680-0957,DISNEY SPRINGS TOWN CENTER,https://locations.vans.com/Lake%20Buena%20Vista/Lake%20Buena%20Vista/USA624,2026-10-08,outlet per locator store-type flag 'out'; locator flags this Disney Springs store as outlet
Asics,ASICS Outlet Des Moines,ASICS Outlet,outlet,as listed,801 Bass Pro Drive Suite 575,Altoona,IA,50009,US,(515) 957-0914,-,https://www.asics.com/us/en-us/stores/,2026-10-08,outlet per locator store name; locator is the Locally.com widget embedded on asics.com (company_id 1682)
Asics,ASICS Outlet Allen,ASICS Outlet,outlet,as listed,820 W Stacy Rd #218,Allen,TX,75013,US,(972) 678-0200,-,https://www.asics.com/us/en-us/stores/,2026-10-08,outlet per locator store name; locator is the Locally.com widget embedded on asics.com (company_id 1682)
Asics,ASICS Outlet Twin Cities,ASICS Outlet,outlet,as listed,3905 Eagan Outlets Pkwy Suite 725,Eagan,MN,55122,US,(651) 452-0065,-,https://www.asics.com/us/en-us/stores/,2026-10-08,outlet per locator store name; locator is the Locally.com widget embedded on asics.com (company_id 1682)
Asics,ASICS Outlet St Louis,ASICS Outlet,outlet,as listed,18521 Outlet Blvd #848,Chesterfield,MO,63005,US,(636) 778-1553,-,https://www.asics.com/us/en-us/stores/,2026-10-08,outlet per locator store name; locator is the Locally.com widget embedded on asics.com (company_id 1682)
Asics,ASICS Outlet Round Rock,ASICS Outlet,outlet,as listed,4401 North IH 35,Round Rock,TX,78664,US,(512) 863-4797,-,https://www.asics.com/us/en-us/stores/,2026-10-08,outlet per locator store name; locator is the Locally.com widget embedded on asics.com (company_id 1682)
Asics,ASICS Outlet Houston,ASICS Outlet,outlet,as listed,29300 Hempstead Rd #1107,Cypress,TX,77433,US,(281) 758-1831,-,https://www.asics.com/us/en-us/stores/,2026-10-08,outlet per locator store name; locator is the Locally.com widget embedded on asics.com (company_id 1682)
Asics,ASICS Outlet Columbus,ASICS Outlet,outlet,as listed,400 South Wilson Road,Sunbury,OH,43074,US,(740) 965-6122,-,https://www.asics.com/us/en-us/stores/,2026-10-08,outlet per locator store name; locator is the Locally.com widget embedded on asics.com (company_id 1682)
Asics,ASICS Outlet San Marcos,ASICS Outlet,outlet,as listed,3939 S Interstate Hwy 35 #900,San Marcos,TX,78666,US,(512) 353-0417,-,https://www.asics.com/us/en-us/stores/,2026-10-08,outlet per locator store name; locator is the Locally.com widget embedded on asics.com (company_id 1682)
Asics,ASICS Outlet Cincinnati,ASICS Outlet,outlet,as listed,400 Premium Outlet Dr,Monroe,OH,45050,US,(513) 539-2080,-,https://www.asics.com/us/en-us/stores/,2026-10-08,outlet per locator store name; locator is the Locally.com widget embedded on asics.com (company_id 1682)
Asics,ASICS Outlet Bluegrass,ASICS Outlet,outlet,as listed,1155 Buck Creek Rd,Simpsonville,KY,40067,US,(502) 722-8257,-,https://www.asics.com/us/en-us/stores/,2026-10-08,outlet per locator store name; locator is the Locally.com widget embedded on asics.com (company_id 1682)
Asics,ASICS Outlet Traverse Mountain,ASICS Outlet,outlet,as listed,3700 Cabela's Blvd #313,Lehi,UT,84043,US,(801) 341-0870,-,https://www.asics.com/us/en-us/stores/,2026-10-08,outlet per locator store name; locator is the Locally.com widget embedded on asics.com (company_id 1682)
Asics,ASICS Outlet Las Vegas North,ASICS Outlet,outlet,as listed,875 S Grand Central Pkwy #1895,Las Vegas,NV,89106,US,(702) 385-0717,-,https://www.asics.com/us/en-us/stores/,2026-10-08,outlet per locator store name; locator is the Locally.com widget embedded on asics.com (company_id 1682)
Asics,ASICS Outlet Phoenix,ASICS Outlet,outlet,as listed,4976 Premium Outlets Way #508,Chandler,AZ,85226,US,(480) 639-1915,-,https://www.asics.com/us/en-us/stores/,2026-10-08,outlet per locator store name; locator is the Locally.com widget embedded on asics.com (company_id 1682)
Asics,ASICS Outlet Charlotte,ASICS Outlet,outlet,as listed,5512 New Fashion Way #982,Charlotte,NC,28278,US,(704) 587-0265,-,https://www.asics.com/us/en-us/stores/,2026-10-08,outlet per locator store name; locator is the Locally.com widget embedded on asics.com (company_id 1682)
Asics,ASICS Outlet Ontario,ASICS Outlet,outlet,as listed,1 Mills Cir,Ontario,CA,91764,US,(909) 980-0274,-,https://www.asics.com/us/en-us/stores/,2026-10-08,outlet per locator store name; locator is the Locally.com widget embedded on asics.com (company_id 1682)
Asics,ASICS Outlet Atlanta,ASICS Outlet,outlet,as listed,915 Ridgewalk Pkwy D440,Woodstock,GA,30188,US,(770) 926-4703,-,https://www.asics.com/us/en-us/stores/,2026-10-08,outlet per locator store name; locator is the Locally.com widget embedded on asics.com (company_id 1682)
Asics,ASICS Outlet Mebane,ASICS Outlet,outlet,as listed,4000 Arrowhead Blvd,Mebane,NC,27302,US,(919) 304-2147,-,https://www.asics.com/us/en-us/stores/,2026-10-08,outlet per locator store name; locator is the Locally.com widget embedded on asics.com (company_id 1682)
Asics,ASICS Outlet Las Vegas South,ASICS Outlet,outlet,as listed,7400 S Las Vegas Blvd #245,Las Vegas,NV,89123,US,(702) 407-1343,-,https://www.asics.com/us/en-us/stores/,2026-10-08,outlet per locator store name; locator is the Locally.com widget embedded on asics.com (company_id 1682)
Asics,ASICS Outlet Sevierville,ASICS Outlet,outlet,as listed,1645 Parkway Suite 510,Sevierville,TN,37862,US,(865) 453-8563,-,https://www.asics.com/us/en-us/stores/,2026-10-08,outlet per locator store name; locator is the Locally.com widget embedded on asics.com (company_id 1682)
Asics,ASICS Outlet Destin,ASICS Outlet,outlet,as listed,10676 Emerald Coast Pkwy West,Destin,FL,32550,US,(850) 269-1036,-,https://www.asics.com/us/en-us/stores/,2026-10-08,outlet per locator store name; locator is the Locally.com widget embedded on asics.com (company_id 1682)
Asics,ASICS Outlet Barstow,ASICS Outlet,outlet,as listed,2796 Tanger Way Suite 2048,Barstow,CA,92311,US,(760) 253-2104,-,https://www.asics.com/us/en-us/stores/,2026-10-08,outlet per locator store name; locator is the Locally.com widget embedded on asics.com (company_id 1682)
Asics,ASICS Outlet Livermore,ASICS Outlet,outlet,as listed,3286 Livermore Outlets Dr #616,Livermore,CA,94511,US,(925) 447-0643,-,https://www.asics.com/us/en-us/stores/,2026-10-08,outlet per locator store name; locator is the Locally.com widget embedded on asics.com (company_id 1682)
Asics,ASICS Outlet Tampa,ASICS Outlet,outlet,as listed,2300 Grand Cypress Dr #160,Lutz,FL,33559,US,(813) 675-1559,-,https://www.asics.com/us/en-us/stores/,2026-10-08,outlet per locator store name; locator is the Locally.com widget embedded on asics.com (company_id 1682)
Asics,ASICS Outlet Citadel,ASICS Outlet,outlet,as listed,100 Citadel Drive,Los Angeles,CA,90040,US,(323) 728-2603,-,https://www.asics.com/us/en-us/stores/,2026-10-08,outlet per locator store name; locator is the Locally.com widget embedded on asics.com (company_id 1682)
Asics,ASICS Outlet San Clemente,ASICS Outlet,outlet,as listed,101 W Avenida Vista Hermosa,San Clemente,CA,92673,US,(949) 498-2278,-,https://www.asics.com/us/en-us/stores/,2026-10-08,outlet per locator store name; locator is the Locally.com widget embedded on asics.com (company_id 1682)
Asics,ASICS Outlet Clarksburg,ASICS Outlet,outlet,as listed,22705 Clarksburg Rd,Clarksburg,MD,20871,US,(301) 916-5834,-,https://www.asics.com/us/en-us/stores/,2026-10-08,outlet per locator store name; locator is the Locally.com widget embedded on asics.com (company_id 1682)
Asics,ASICS Outlet Orange,ASICS Outlet,outlet,as listed,20 City Blvd W #112,Orange,CA,92868,US,(714) 935-9754,-,https://www.asics.com/us/en-us/stores/,2026-10-08,outlet per locator store name; locator is the Locally.com widget embedded on asics.com (company_id 1682)
Asics,ASICS Outlet Vineland,ASICS Outlet,outlet,as listed,8174 Vineland Ave #1575,Orlando,FL,32821,US,(407) 238-0645,-,https://www.asics.com/us/en-us/stores/,2026-10-08,outlet per locator store name; locator is the Locally.com widget embedded on asics.com (company_id 1682)
Asics,ASICS Outlet Williamsburg,ASICS Outlet,outlet,as listed,5625 Richmond Rd F110,Williamsburg,VA,23188,US,(757) 259-4637,-,https://www.asics.com/us/en-us/stores/,2026-10-08,outlet per locator store name; locator is the Locally.com widget embedded on asics.com (company_id 1682)
Asics,ASICS Outlet Ellenton,ASICS Outlet,outlet,as listed,5529 Factory Shops Blvd,Ellenton,FL,34222,US,(941) 729-2519,-,https://www.asics.com/us/en-us/stores/,2026-10-08,outlet per locator store name; locator is the Locally.com widget embedded on asics.com (company_id 1682)
Asics,ASICS Outlet Rehoboth,ASICS Outlet,outlet,as listed,35016 Midway Outlet Dr #304,Rehoboth Beach,DE,19971,US,(302) 645-7080,-,https://www.asics.com/us/en-us/stores/,2026-10-08,outlet per locator store name; locator is the Locally.com widget embedded on asics.com (company_id 1682)
Asics,ASICS Outlet Gloucester,ASICS Outlet,outlet,as listed,1125 S Black Horse Pike #650,Blackwood,NJ,08012,US,(856) 302-4575,-,https://www.asics.com/us/en-us/stores/,2026-10-08,outlet per locator store name; locator is the Locally.com widget embedded on asics.com (company_id 1682)
Asics,ASICS Outlet St Augustine,ASICS Outlet,outlet,as listed,2700 FL-16 #107a,St Augustine,FL,32092,US,(904) 826-0136,-,https://www.asics.com/us/en-us/stores/,2026-10-08,outlet per locator store name; locator is the Locally.com widget embedded on asics.com (company_id 1682)
Asics,ASICS Outlet Orlando,ASICS Outlet,outlet,as listed,4973 International Dr #3F03,Orlando,FL,32819,US,(407) 248-8227,-,https://www.asics.com/us/en-us/stores/,2026-10-08,outlet per locator store name; locator is the Locally.com widget embedded on asics.com (company_id 1682)
Asics,ASICS Outlet Camarillo,ASICS Outlet,outlet,as listed,690 Ventura Blvd #130,Camarillo,CA,93010,US,(805) 484-3024,-,https://www.asics.com/us/en-us/stores/,2026-10-08,outlet per locator store name; locator is the Locally.com widget embedded on asics.com (company_id 1682)
Asics,ASICS Outlet Philadelphia,ASICS Outlet,outlet,as listed,18 West Lightcap Rd #1215,Pottstown,PA,19464,US,(610) 970-3236,-,https://www.asics.com/us/en-us/stores/,2026-10-08,outlet per locator store name; locator is the Locally.com widget embedded on asics.com (company_id 1682)
Asics,ASICS Outlet National Harbor,ASICS Outlet,outlet,as listed,6800 Oxon Hill Rd #815,Oxon Hill,MD,20745,US,(301) 839-4350,-,https://www.asics.com/us/en-us/stores/,2026-10-08,outlet per locator store name; locator is the Locally.com widget embedded on asics.com (company_id 1682)
Asics,ASICS Outlet Lancaster,ASICS Outlet,outlet,as listed,115 Stanley K Tanger Dr,Lancaster,PA,17602,US,(717) 209-7030,-,https://www.asics.com/us/en-us/stores/,2026-10-08,outlet per locator store name; locator is the Locally.com widget embedded on asics.com (company_id 1682)
Asics,ASICS Outlet Merrimack,ASICS Outlet,outlet,as listed,80 Premium Outlets Blvd # 239,Merrimack,NH,03054,US,(603) 424-7826,-,https://www.asics.com/us/en-us/stores/,2026-10-08,outlet per locator store name; locator is the Locally.com widget embedded on asics.com (company_id 1682)
Asics,ASICS Meatpacking Store,ASICS Meatpacking Store,own-door,as listed,420 W 14th St,New York,NY,10014,US,(212) 691-1410,-,https://www.asics.com/us/en-us/stores/,2026-10-08,locator is the Locally.com widget embedded on asics.com (company_id 1682)
Asics,ASICS Outlet Woodbury,ASICS Outlet,outlet,as listed,189 Marigold Ct,Central Valley,NY,10917,US,(845) 928-7638,-,https://www.asics.com/us/en-us/stores/,2026-10-08,outlet per locator store name; locator is the Locally.com widget embedded on asics.com (company_id 1682)
Asics,ASICS Outlet Milpitas,ASICS Outlet,outlet,as listed,447 Great Mall Dr,Milpitas,CA,95035,US,(408) 941-9780,-,https://www.asics.com/us/en-us/stores/,2026-10-08,outlet per locator store name; locator is the Locally.com widget embedded on asics.com (company_id 1682)
Asics,ASICS Outlet Clinton Crossing,ASICS Outlet,outlet,as listed,20-A Killingworth Turnpike,Clinton,CT,06413,US,(860) 664-0841,-,https://www.asics.com/us/en-us/stores/,2026-10-08,outlet per locator store name; locator is the Locally.com widget embedded on asics.com (company_id 1682)
Asics,ASICS Outlet Woodburn,ASICS Outlet,outlet,as listed,1001 N Arney Rd #1016,Woodburn,OR,97071,US,(503) 981-1449,-,https://www.asics.com/us/en-us/stores/,2026-10-08,outlet per locator store name; locator is the Locally.com widget embedded on asics.com (company_id 1682)
Asics,ASICS Outlet Sawgrass,ASICS Outlet,outlet,as listed,12801 W Sunrise Blvd #675,Sunrise,FL,33323,US,(954) 846-9565,-,https://www.asics.com/us/en-us/stores/,2026-10-08,outlet per locator store name; locator is the Locally.com widget embedded on asics.com (company_id 1682)
Asics,ASICS Outlet Wrentham,ASICS Outlet,outlet,as listed,1 Outlet Blvd,Wrentham,MA,02093,US,(508) 384-5124,-,https://www.asics.com/us/en-us/stores/,2026-10-08,outlet per locator store name; locator is the Locally.com widget embedded on asics.com (company_id 1682)
Asics,ASICS Outlet Dolphin Mall,ASICS Outlet,outlet,as listed,11401 NW 12th Street,Miami,FL,33172,US,(305) 423-3986,-,https://www.asics.com/us/en-us/stores/,2026-10-08,outlet per locator store name; locator is the Locally.com widget embedded on asics.com (company_id 1682)
Asics,ASICS Outlet Jersey Shore,ASICS Outlet,outlet,as listed,1 Premium Outlet Blvd #759,Tinton Falls,NJ,07753,US,(732) 695-0503,-,https://www.asics.com/us/en-us/stores/,2026-10-08,outlet per locator store name; locator is the Locally.com widget embedded on asics.com (company_id 1682)
Asics,The ASICS Run Shop,The ASICS Run Shop,own-door,as listed,299 Newbury St,Boston,MA,02115,US,(617) 936-3080,-,https://www.asics.com/us/en-us/stores/,2026-10-08,locator is the Locally.com widget embedded on asics.com (company_id 1682)
Kenzo,KENZO Cabazon - Desert Hills Outlet,KENZO,outlet,as listed,48650 Seminole Drive,Cabazon,CA,92230,US,+1 951 221 9652,Desert Hills Outlet,https://www.kenzo.com/en-us/stores-details?storeId=565828,2026-10-08,outlet per locator store name; state not printed by locator - inferred from zip 92230
Kenzo,KENZO Las Vegas - North Outlet,KENZO,outlet,as listed,Las Vegas North Premium Outlets,Las Vegas,NV,89106,US,+1 (725) 777-1659,Las Vegas North Premium Outlets,https://www.kenzo.com/en-us/stores-details?storeId=582649,2026-10-08,outlet per locator store name; locator gives no street number; state inferred from zip 89106
Kenzo,KENZO Woodbury - Premium Outlet,KENZO,outlet,as listed,433 Dune Road,Central Valley,NY,10917,US,+1 845 237 5331,Woodbury Premium Outlet,https://www.kenzo.com/en-us/stores-details?storeId=566570,2026-10-08,outlet per locator store name; locator city line reads NEW YORK with Central Valley in street line
Palace,Los Angeles,PALACE,own-door,as listed,9006 Melrose Ave,West Hollywood,CA,90069,US,424-343-0063,-,https://usa.palaceskateboards.com/shops/los-angeles,2026-10-08,-
Palace,New York,PALACE,own-door,as listed,49 Howard Street,New York,NY,10013,US,212-933-1573,-,https://usa.palaceskateboards.com/shops/new-york,2026-10-08,-
Palace,DSM LA Concession,PALACE,concession,as listed,608 Imperial St,Los Angeles,CA,90021,US,310-427-7610,Dover Street Market Los Angeles,https://usa.palaceskateboards.com/shops/dsm-la,2026-10-08,shop-in-shop inside Dover Street Market LA per locator name
Timberland,Timberland® Outlet Store - Camarillo,Timberland® Outlet Store,outlet,as listed,"690 Ventura Blvd, Sp 154",Camarillo,CA,93010,US,805-987-5622,-,https://locations.timberland.com/ca/camarillo/156,2026-10-08,-
Timberland,Timberland® Outlet Store - Citadel Outlets,Timberland® Outlet Store,outlet,as listed,"100 Citadel Dr, Ste 662",Commerce,CA,90040,US,323-278-3581,Citadel Outlets,https://locations.timberland.com/ca/commerce/338,2026-10-08,-
Timberland,Timberland® Outlet Store - Gilroy,Timberland® Outlet Store,outlet,as listed,681 Leavesly Road,Gilroy,CA,95020,US,408-848-5255,-,https://locations.timberland.com/ca/gilroy/126,2026-10-08,-
Timberland,Timberland® - Irvine Spectrum,Timberland®,own-door,as listed,"670 Spectrum Center Drive, Space 735",Irvine,CA,92618,US,1-949-966-2711,Irvine Spectrum,https://locations.timberland.com/ca/irvine/518,2026-10-08,-
Timberland,Timberland® Outlet Store - Livermore,Timberland® Outlet Store,outlet,as listed,"3626 Livermore Outlets, Sp 1325",Livermore,CA,94551,US,925-245-0655,-,https://locations.timberland.com/ca/livermore/331,2026-10-08,-
Timberland,Timberland® Outlet Store - Milpitas,Timberland® Outlet Store,outlet,as listed,"447 Great Mall Dr, Sp 544",Milpitas,CA,95035,US,408-942-7067,-,https://locations.timberland.com/ca/milpitas/305,2026-10-08,-
Timberland,Timberland® Outlet Store - Ontario,Timberland® Outlet Store,outlet,as listed,"One Mills Circle, Suite 832",Ontario,CA,91764,US,909-476-9025,-,https://locations.timberland.com/ca/ontario/309,2026-10-08,-
Timberland,Timberland® Outlet Store - Orange,Timberland® Outlet Store,outlet,as listed,"20 City Blvd W, Sp 1425",Orange,CA,92868,US,714-704-0014,-,https://locations.timberland.com/ca/orange/335,2026-10-08,-
Timberland,Timberland® Outlet Store - Las Americas,Timberland® Outlet Store,outlet,as listed,"4211 Camino De La Plaza, 132",San Ysidro,CA,92173,US,619-662-4676,Las Americas,https://locations.timberland.com/ca/san-ysidro/330,2026-10-08,-
Timberland,Timberland® Outlet Store - Vacaville,Timberland® Outlet Store,outlet,as listed,"268 Nut Tree Road, Sp 268",Vacaville,CA,95687,US,707-449-1672,-,https://locations.timberland.com/ca/vacaville/308,2026-10-08,-
Timberland,Timberland® Outlet Store - Castle Rock,Timberland® Outlet Store,outlet,as listed,5050 Factory Shops Blvd Sp155,Castle Rock,CO,80108,US,720-330-5777,-,https://locations.timberland.com/co/castle-rock/341,2026-10-08,-
Timberland,Timberland® Outlet Store - Clinton Crossings,Timberland® Outlet Store,outlet,as listed,"20a Killingworth Tpke, Sp 145",Clinton,CT,06413,US,860-664-0281,Clinton Crossings,https://locations.timberland.com/ct/clinton/332,2026-10-08,-
Timberland,Timberland® - Christiana Mall,Timberland®,own-door,as listed,"132 Christiana Mall, Space 1100",Newark,DE,19702,US,(302)722-7610,Christiana Mall,https://locations.timberland.com/de/newark/521,2026-10-08,-
Timberland,Timberland® Outlet Store - Rehoboth Beach,Timberland® Outlet Store,outlet,as listed,"34986 Midway Outlet, 113",Rehoboth Beach,DE,19971,US,302-644-0680,-,https://locations.timberland.com/de/rehoboth-beach/139,2026-10-08,-
Timberland,Timberland® - Tampa Premium Outlet,Timberland®,outlet,as listed,"2398 Grand Cypress Drive, Space 720",Lutz,FL,33559,US,1-813-467-6471,Tampa Premium Outlet,https://locations.timberland.com/fl/lutz/346,2026-10-08,outlet inferred from venue name
Timberland,Timberland® - Dolphin Mall,Timberland®,outlet,as listed,"11401 Nw 12th Street, Sp 288",Miami,FL,33172,US,305-400-9741,Dolphin Mall,https://locations.timberland.com/fl/miami/340,2026-10-08,outlet inferred from venue name (Simon Mills/outlet-value mall; locator gives no outlet label; store id in locator outlet 33x-35x series)
Timberland,Timberland® Outlet Store - Orlando,Timberland® Outlet Store,outlet,as listed,"4963 International Dr, 2c-13",Orlando,FL,32819,US,407-370-6630,-,https://locations.timberland.com/fl/orlando/147,2026-10-08,-
Timberland,Timberland® Outlet Store - Orlando,Timberland® Outlet Store,outlet,as listed,"8200 Vineland Ave, Ste 1509",Orlando,FL,32821,US,407-465-1900,-,https://locations.timberland.com/fl/orlando/178,2026-10-08,-
Timberland,Timberland® Outlet Store - Sunrise,Timberland® Outlet Store,outlet,as listed,"12801 W Sunrise Blvd, Ste 421",Sunrise,FL,33323,US,954-838-7203,-,https://locations.timberland.com/fl/sunrise/184,2026-10-08,-
Timberland,Timberland® - Lenox Square,Timberland®,own-door,as listed,"3393 Peachtree Rd. Ne, 3114",Atlanta,GA,30326,US,404-850-3855,Lenox Square,https://locations.timberland.com/ga/atlanta/516,2026-10-08,-
Timberland,Timberland® - Perimeter Mall,Timberland®,own-door,as listed,4400 Ashford Dunwoody Rd,Atlanta,GA,30346,US,404-721-4920,Perimeter Mall,https://locations.timberland.com/ga/atlanta/271,2026-10-08,-
Timberland,Timberland® Outlet Store - Commerce,Timberland® Outlet Store,outlet,as listed,"800 Steven B. Tanger Blvd, Ste 602",Commerce,GA,30529,US,706-336-6961,-,https://locations.timberland.com/ga/commerce/153,2026-10-08,-
Timberland,Timberland® Outlet Store - Dawsonville,Timberland® Outlet Store,outlet,as listed,"800 Hwy 400 S, Ste 120",Dawsonville,GA,30534,US,706-216-4053,-,https://locations.timberland.com/ga/dawsonville/146,2026-10-08,-
Timberland,Timberland® Outlet Store - Aurora,Timberland® Outlet Store,outlet,as listed,"1650 Premium Outlet Blvd, Ste 317",Aurora,IL,60502,US,630-236-1066,-,https://locations.timberland.com/il/aurora/191,2026-10-08,-
Timberland,Timberland® Outlet Store - Timberland - Fashion Outlets Chicago,Timberland® Outlet Store,outlet,as listed,"5220 Fashion Outlets Way, Sp 1060",Rosemont,IL,60018,US,224-585-7241,Fashion Outlets Chicago,https://locations.timberland.com/il/rosemont/339,2026-10-08,-
Timberland,Timberland® - Woodfield,Timberland®,own-door,as listed,5 Woodfield Mall,Schaumburg,IL,60173,US,847-619-6275,Woodfield Mall,https://locations.timberland.com/il/schaumburg/272,2026-10-08,-
Timberland,Timberland® Outlet Store - Arundel Mills,Timberland® Outlet Store,outlet,as listed,"7000 Arundel Mills Cir, Sp 534",Hanover,MD,21076,US,410-796-2820,Arundel Mills,https://locations.timberland.com/md/hanover/322,2026-10-08,-
Timberland,Timberland® - South Shore Plaza,Timberland®,own-door,as listed,"250 Granite Street, Space 1029",Braintree,MA,02184,US,1-781-428-9199,South Shore Plaza,https://locations.timberland.com/ma/braintree/519,2026-10-08,-
Timberland,Timberland® Outlet Store - Wrentham,Timberland® Outlet Store,outlet,as listed,"1 Premium Outlets Blvd, Ste 488",Wrentham,MA,02093,US,508-384-5780,-,https://locations.timberland.com/ma/wrentham/166,2026-10-08,-
Timberland,Timberland® Outlet Store - Auburn Hills,Timberland® Outlet Store,outlet,as listed,"4564 Baldwin Road, Sp 826",Auburn Hills,MI,48326,US,248-451-0506,-,https://locations.timberland.com/mi/auburn-hills/304,2026-10-08,-
Timberland,Timberland® - Birch Run Premium Outlet,Timberland®,outlet,as listed,"12240 S. Beyer Road, Space F440",Birch Run,MI,48415,US,1-989-203-2555,Birch Run Premium Outlet,https://locations.timberland.com/mi/birch-run/347,2026-10-08,outlet inferred from venue name
Timberland,Timberland® - Woodward Ave,Timberland®,own-door,as listed,1217 Woodward Ave,Detroit,MI,48226,US,313-771-2422,-,https://locations.timberland.com/mi/detroit/269,2026-10-08,-
Timberland,Timberland® - Grand Rapids,Timberland®,outlet,as listed,"350 84th Street Southwest, Space 1025",Grand Rapids,MI,49315,US,1-616-626-7742,-,https://locations.timberland.com/mi/grand-rapids/348,2026-10-08,outlet inferred from address (350 84th St SW = Grand Rapids Premium Outlets) and locator id 348 in outlet series; locator name has no outlet label
Timberland,Timberland® - Mall Of America,Timberland®,own-door,as listed,"278 West Market Street, Sp W278",Bloomington,MN,55425,US,952-858-9908,Mall of America,https://locations.timberland.com/mn/bloomington/266,2026-10-08,-
Timberland,Timberland® Outlet Store - Las Vegas,Timberland® Outlet Store,outlet,as listed,"7400 Las Vegas Blvd S, Ste 13",Las Vegas,NV,89123,US,702-260-9666,-,https://locations.timberland.com/nv/las-vegas/317,2026-10-08,-
Timberland,Timberland® Outlet Store - Merrimack,Timberland® Outlet Store,outlet,as listed,"80 Premium Outlets Blvd, Sp 639",Merrimack,NH,03054,US,603-424-6506,-,https://locations.timberland.com/nh/merrimack/328,2026-10-08,-
Timberland,Timberland® Outlet Store - Settlers Green,Timberland® Outlet Store,outlet,as listed,"2 Common Court, Ste 13",North Conway,NH,03860,US,603-356-3833,Settlers Green,https://locations.timberland.com/nh/north-conway/326,2026-10-08,-
Timberland,Timberland® Outlet Store - Atlantic City,Timberland® Outlet Store,outlet,as listed,"117 N Michigan Ave, 135",Atlantic City,NJ,08401,US,609-347-0835,-,https://locations.timberland.com/nj/atlantic-city/187,2026-10-08,-
Timberland,Timberland® - Cherry Hill,Timberland®,own-door,as listed,"2000 Route 38, Space 1595",Cherry Hill,NJ,08002,US,1-856-209-6384,-,https://locations.timberland.com/nj/cherry-hill/278,2026-10-08,-
Timberland,Timberland® - American Dream,Timberland®,own-door,as listed,"1 American Dream Way 7073, Suite C208",East Rutherford,NJ,07073,US,1(201) 231-8196,American Dream,https://locations.timberland.com/nj/east-rutherford/273,2026-10-08,-
Timberland,Timberland® - Menlo Park Mall,Timberland®,own-door,as listed,"55 Parsonage Rd, Space 2520",Edison,NJ,08837,US,1(732) 314-6947,Menlo Park Mall,https://locations.timberland.com/nj/edison/275,2026-10-08,-
Timberland,Timberland® Outlet Store - Jersey Gardens,Timberland® Outlet Store,outlet,as listed,"651 Kapkowski Rd., Suite 1072",Elizabeth,NJ,07201,US,908-352-5390,Jersey Gardens,https://locations.timberland.com/nj/elizabeth/342,2026-10-08,-
Timberland,Timberland® Outlet Store - Jackson,Timberland® Outlet Store,outlet,as listed,"537 Monmouth Rd Rte, Sp 152",Jackson,NJ,08527,US,732-833-1884,-,https://locations.timberland.com/nj/jackson/160,2026-10-08,-
Timberland,Timberland® - Garden State,Timberland®,own-door,as listed,"1 Garden State Plaza, Sp T10",Paramus,NJ,07652,US,201-843-1289,Garden State Plaza,https://locations.timberland.com/nj/paramus/259,2026-10-08,-
Timberland,Timberland® Outlet Store - Jersey Shore,Timberland® Outlet Store,outlet,as listed,"1 Premium Blvd, Ste 591",Tinton Falls,NJ,07753,US,732-493-6183,-,https://locations.timberland.com/nj/tinton-falls/320,2026-10-08,-
Timberland,Timberland® - Willowbrook Mall,Timberland®,own-door,as listed,"1400 Willowbrook Mall, Space 1115",Wayne,NJ,07470,US,(973) 692-7558,Willowbrook Mall,https://locations.timberland.com/nj/wayne/522,2026-10-08,-
Timberland,Timberland® Outlet Store - Central Valley,Timberland® Outlet Store,outlet,as listed,632 Race Track Lane,Central Valley,NY,10917,US,845-928-4628,-,https://locations.timberland.com/ny/central-valley/329,2026-10-08,-
Timberland,Timberland® Outlet Store - Deer Park,Timberland® Outlet Store,outlet,as listed,1601 The Arches Circle,Deer Park,NY,11729,US,631-242-4598,-,https://locations.timberland.com/ny/deer-park/319,2026-10-08,-
Timberland,Timberland® - Queens Center,Timberland®,own-door,as listed,"90-15 Queens Blvd, 2036",Elmhurst,NY,11373,US,929-205-5932,Queens Center,https://locations.timberland.com/ny/elmhurst/507,2026-10-08,-
Timberland,Timberland® - Roosevelt Field,Timberland®,own-door,as listed,"630 Old Country Rd., 1036b",Garden City,NY,11530,US,516-274-7553,Roosevelt Field,https://locations.timberland.com/ny/garden-city/514,2026-10-08,-
Timberland,Timberland® Outlet Store - Lake George,Timberland® Outlet Store,outlet,as listed,"1444 State Route 9, Ste 2",Lake George,NY,12845,US,518-793-2682,-,https://locations.timberland.com/ny/lake-george/121,2026-10-08,-
Timberland,Timberland® - Broadway,Timberland®,own-door,as listed,550 Broadway,New York,NY,10012,US,332-269-0047,-,https://locations.timberland.com/ny/new-york/267,2026-10-08,-
Timberland,Timberland® - Herald Square,Timberland®,own-door,as listed,28 W 34th St,New York,NY,10001,US,212-564-5921,-,https://locations.timberland.com/ny/new-york/252,2026-10-08,-
Timberland,Timberland® Outlet Store - Niagara Falls,Timberland® Outlet Store,outlet,as listed,1833 Fashion Outlet Blvd,Niagara Falls,NY,14304,US,716-297-0439,-,https://locations.timberland.com/ny/niagara-falls/334,2026-10-08,-
Timberland,Timberland® Outlet Store - Riverhead,Timberland® Outlet Store,outlet,as listed,517 Tanger Mall Dr,Riverhead,NY,11901,US,631-369-5282,-,https://locations.timberland.com/ny/riverhead/132,2026-10-08,-
Timberland,Timberland® - Charlotte Premium Outlets,Timberland®,outlet,as listed,"5518 New Fashion Way, Space 510",Charlotte,NC,28278,US,1(704) 672-5649,Charlotte Premium Outlets,https://locations.timberland.com/nc/charlotte/345,2026-10-08,outlet inferred from venue name
Timberland,Timberland® - Crabtree Valley Mall,Timberland®,own-door,as listed,"4325 Glenwood Ave, Space 1003",Raleigh,NC,27612,US,(984) 304-8548,Crabtree Valley Mall,https://locations.timberland.com/nc/raleigh/520,2026-10-08,-
Timberland,Timberland® Outlet Store - Smithfield,Timberland® Outlet Store,outlet,as listed,"1025 Outlet Center Dr, Suite 920",Smithfield,NC,27577,US,919-934-4300,-,https://locations.timberland.com/nc/smithfield/186,2026-10-08,-
Timberland,Timberland® Outlet Store - Grove City,Timberland® Outlet Store,outlet,as listed,"1911 Leesburg Grove Cy Rd, 105",Grove City,PA,16127,US,724-264-5905,-,https://locations.timberland.com/pa/grove-city/136,2026-10-08,-
Timberland,Timberland® Outlet Store - Lancaster,Timberland® Outlet Store,outlet,as listed,1260 Stanley K Tanger Dr,Lancaster,PA,17602,US,717-291-3281,-,https://locations.timberland.com/pa/lancaster/122,2026-10-08,-
Timberland,Timberland® Outlet Store - Pottstown,Timberland® Outlet Store,outlet,as listed,"18 W Lightcap Rd, Ste 733",Pottstown,PA,19464,US,610-327-1734,-,https://locations.timberland.com/pa/pottstown/316,2026-10-08,-
Timberland,Timberland® Outlet Store - Tannersville,Timberland® Outlet Store,outlet,as listed,"1000 Premium Outlets Drive, G201",Tannersville,PA,18372,US,570-620-1772,-,https://locations.timberland.com/pa/tannersville/142,2026-10-08,-
Timberland,Timberland® Outlet Store - Myrtle Beach,Timberland® Outlet Store,outlet,as listed,4630 Highway 501,Myrtle Beach,SC,29579,US,843-236-4869,-,https://locations.timberland.com/sc/myrtle-beach/143,2026-10-08,-
Timberland,Timberland® - Allen Premium Outlets,Timberland®,outlet,as listed,"820 W. Stacy Road, Space 428",Allen,TX,75013,US,1(972) 521-8284,Allen Premium Outlets,https://locations.timberland.com/tx/allen/350,2026-10-08,outlet inferred from venue name
Timberland,Timberland® Outlet - Houston Premium Outlets,Timberland® Outlet,outlet,as listed,"29300 Hempstead Road, Space 631",Cypress,TX,77433,US,1-281-516-5577,Houston Premium Outlets,https://locations.timberland.com/tx/cypress/343,2026-10-08,-
Timberland,Timberland® - Galleria Dallas,Timberland®,own-door,as listed,"13350 North Dallas Parkway, Space 3315",Dallas,TX,75240,US,1 (972) 383-9958,Galleria Dallas,https://locations.timberland.com/tx/dallas/277,2026-10-08,-
Timberland,Timberland® -Grapevine Mills,Timberland®,outlet,as listed,"3000 Grapevine Mills, Space I416",Grapevine,TX,76051,US,1(817) 601-7942,Grapevine Mills,https://locations.timberland.com/tx/grapevine/349,2026-10-08,outlet inferred from venue name (Simon Mills/outlet-value mall; locator gives no outlet label; store id in locator outlet 33x-35x series)
Timberland,Timberland® - Houston Galleria,Timberland®,own-door,as listed,"5135 W. Alabama Street, Space 7220",Houston,TX,77056,US,1-281-870-2720,Houston Galleria,https://locations.timberland.com/tx/houston/276,2026-10-08,-
Timberland,Timberland® Outlet Store - San Marcos,Timberland® Outlet Store,outlet,as listed,"4015 I 35 South, Ste 635",San Marcos,TX,78666,US,512-353-3100,-,https://locations.timberland.com/tx/san-marcos/180,2026-10-08,-
Timberland,Timberland® - Fashion Centre At Pentagon City,Timberland®,own-door,as listed,"1100 S. Hayes St., S06a",Arlington,VA,22202,US,703-718-5755,Fashion Centre at Pentagon City,https://locations.timberland.com/va/arlington/515,2026-10-08,-
Timberland,Timberland® - Leesburg Premium,Timberland®,outlet,as listed,"241 Fort Evans Rd NE, Space 869",Leesburg,VA,20176,US,1-703-381-6311,Leesburg Premium,https://locations.timberland.com/va/leesburg/344,2026-10-08,outlet inferred from venue name
Timberland,Timberland® Outlet Store - Williamsburg,Timberland® Outlet Store,outlet,as listed,5711 80 Richmond Road,Williamsburg,VA,23188,US,757-229-4592,-,https://locations.timberland.com/va/williamsburg/148,2026-10-08,-
Timberland,Timberland® Outlet Store - Woodbridge,Timberland® Outlet Store,outlet,as listed,"2700 Potomac Mills Cir, Ste 306",Woodbridge,VA,22192,US,703-492-2223,-,https://locations.timberland.com/va/woodbridge/185,2026-10-08,-
Timberland,Timberland® Outlet Store - Seattle Premium - Tulalip,Timberland® Outlet Store,outlet,as listed,"10600 Quil Ceda Blvd, Sp 357",Tulalip,WA,98271,US,360-716-2727,Seattle Premium,https://locations.timberland.com/wa/tulalip/336,2026-10-08,-
Timberland,Timberland® Outlet Store - Pleasant Prairie,Timberland® Outlet Store,outlet,as listed,"11601 108th St, 504",Pleasant Prairie,WI,53158,US,262-857-2526,-,https://locations.timberland.com/wi/pleasant-prairie/333,2026-10-08,-
Balmain,Balmain New York Bloomingdale's 59th St,Department Store,concession,as listed,"1000 3rd Ave, Floor 4",New York,NY,10022,US,NC,Bloomingdale's 59th St,https://us.balmain.com/pages/boutiques/usl-stores-balmain-bloomingdale,2026-10-08,"locator type Department Store; state not given by locator, inferred from city"
Balmain,Balmain Miami Palm Beach,Boutique,own-door,as listed,251 Worth Ave,Palm Beach,FL,33480,US,NC,-,https://us.balmain.com/pages/boutiques/usl-stores-balmain-palm-beach,2026-10-08,"state not given by locator, inferred from city"
Balmain,Balmain New York Madison,Boutique,own-door,as listed,650 Madison Ave,New York,NY,10022,US,+1 (917) 409 1578,-,https://us.balmain.com/pages/boutiques/usl-stores-balmain-madison,2026-10-08,"state not given by locator, inferred from city"
Balmain,Balmain Las Vegas Forum,Boutique,own-door,as listed,"3500 Las Vegas Blvd South, Space A15E",Las Vegas,NV,89109,US,+1 (725) 712 4997,Forum Shops,https://us.balmain.com/pages/boutiques/usl-stores-balmain-las-vegas-fo,2026-10-08,"state not given by locator, inferred from city"
Balmain,Balmain South Coast Plaza,Boutique,own-door,as listed,"3333 Bristol St, Suite #2670",Costa Mesa,CA,92626,US,+1 (949) 428 6152,South Coast Plaza,https://us.balmain.com/pages/boutiques/usl-stores-balmain-south-coast,2026-10-08,"state not given by locator, inferred from city"
Balmain,Balmain Miami Aventura,Boutique,own-door,as listed,"19501 Biscayne Blvd, Suite #293",Aventura,FL,33180,US,+1 (305) 974 2230,Aventura,https://us.balmain.com/pages/boutiques/usl-stores-balmain-aventura,2026-10-08,"state not given by locator, inferred from city"
Balmain,Balmain Miami Design District,Boutique,own-door,as listed,180 NE 40th St,Miami,FL,33131,US,+1 (786) 703 7730,Miami Design District,https://us.balmain.com/pages/boutiques/usl-stores-balmain-miami-design,2026-10-08,"zip as listed by locator (33131); state not given by locator, inferred from city"
Balmain,Balmain San Marcos Outlet,Outlet,outlet,as listed,"3939 South Interstate 35, Suite #950",San Marcos,TX,78666,US,+1 (512) 214 8800,San Marcos Outlet,https://us.balmain.com/pages/boutiques/usl-stores-balmain-san-marcos-o,2026-10-08,"state not given by locator, inferred from city"
Balmain,Balmain Houston Galleria,Boutique,own-door,as listed,"5015 Westheimer Rd, Space A3422",Houston,TX,77056,US,+1 (713) 485 5099,Houston Galleria,https://us.balmain.com/pages/boutiques/usl-stores-balmain-houston-gall,2026-10-08,"state not given by locator, inferred from city"
Balmain,Balmain Dallas Highland Park,Boutique,own-door,as listed,43 Highland Park Village,Highland Park,TX,72505,US,+1 (214) 613 6225,Highland Park Village,https://us.balmain.com/pages/boutiques/usl-stores-balmain-dallas-higla,2026-10-08,"zip as listed by locator (72505; likely typo for 75205); state not given by locator, inferred from city"
Balmain,Balmain Phoenix Scottsdale,Boutique,own-door,as listed,"7014 E Camelback Rd, Space #1136",Scottsdale,AZ,85251,US,+1 (480) 400 7585,-,https://us.balmain.com/pages/boutiques/usl-stores-balmain-scottsdale,2026-10-08,"state not given by locator, inferred from city"
Balmain,Balmain Miami Bal Harbour,Boutique,own-door,as listed,"9700 Collins Ave, Suite #217",Bal Harbour,FL,33154,US,+1 (305) 397 8152,Bal Harbour,https://us.balmain.com/pages/boutiques/usl-stores-balmain-bal-harbour,2026-10-08,"state not given by locator, inferred from city"
Balmain,Balmain Las Vegas Wynn,Boutique,own-door,as listed,"3131 S Las Vegas Blvd, Suite #101",Las Vegas,NV,89109,US,+1 (702) 476 5413,Wynn,https://us.balmain.com/pages/boutiques/usl-stores-balmain-las-vegas-wy,2026-10-08,"state not given by locator, inferred from city"
Balmain,Balmain New York Woodbury Outlet,Outlet,outlet,as listed,684 Race Track Lane,New York,NY,10917,US,+1 (845) 928 0605,Woodbury Outlet,https://us.balmain.com/pages/boutiques/usl-stores-balmain-woodbury-out,2026-10-08,"city as listed by locator (New York); zip 10917 is Central Valley; state not given by locator, inferred from city"
Balmain,Balmain Palm Springs Cabazon Outlet,Outlet,outlet,as listed,"48650 Seminole Dr, Suite #180 B",Cabazon,CA,92230,US,+1 (951) 499 5256,Cabazon Outlet,https://us.balmain.com/pages/boutiques/usl-stores-balmain-cabazon-outl,2026-10-08,"state not given by locator, inferred from city"
Balmain,Balmain Atlanta,Boutique,own-door,as listed,"3500 Peachtree Rd NE, Suite #1035 B",Atlanta,GA,30326,US,+1 (404) 855 5005,-,https://us.balmain.com/pages/boutiques/usl-stores-balmain-atlanta,2026-10-08,"state not given by locator, inferred from city"
Balmain,Balmain Miami Sawgrass Outlet,Outlet,outlet,as listed,"1840 Sawgrass Mills Cir, Suite #4115",Sunrise,FL,33323,US,+1 (754) 277 2418,Sawgrass Outlet,https://us.balmain.com/pages/boutiques/usl-stores-balmain-sawgrass-out,2026-10-08,"state not given by locator, inferred from city"
Balmain,Balmain Beverly Hills Private Salon,Boutique,own-door,as listed,"9876 Wilshire Blvd Beverly Hills - The Beverly Hilton, Suite 806",Beverly Hills,CA,90210,US,NC,The Beverly Hilton,https://us.balmain.com/pages/boutiques/balmain-beverly-hills-private-salon,2026-10-08,private salon in hotel suite; locator type Boutique
Marni,Marni Miami Design District,MARNI,own-door,as listed,173 NE 40th Street,Miami,FL,33137,US,+1 (305) 699-0901,Miami Design District,https://www.marni.com/en-us/stores/marni-miami-design-district,2026-10-08,"state not given by locator, inferred from city/zip"
Marni,Marni Ala Moana,MARNI,own-door,as listed,1450 Ala Moana Boulevard - Suite 2223,Honolulu,HI,96814,US,+1 808 458 1101,Ala Moana,https://www.marni.com/en-us/stores/marni-ala-moana,2026-10-08,"state not given by locator, inferred from city/zip"
Marni,Marni NorthPark,MARNI,own-door,as listed,8687 North Central Expressway,Dallas,TX,75225,US,+1 469 501 5046,NorthPark,https://www.marni.com/en-us/stores/marni-north-park,2026-10-08,"state not given by locator, inferred from city/zip"
Marni,MARNI South Coast Plaza,MARNI,own-door,as listed,"3333 Bristol Street, Suite 1605",Costa Mesa,CA,92626,US,+1 714 380 3155,South Coast Plaza,https://www.marni.com/en-us/stores/marni-south-coast-plaza,2026-10-08,"state not given by locator, inferred from city/zip"
Marni,MARNI Outlet Cabazon,MARNI Outlet,outlet,as listed,48650 Seminole Dr Ste 1153,Cabazon,CA,92230,US,+1 951 730 4114,-,https://www.marni.com/en-us/stores/marni-outlet-cabazon,2026-10-08,"labelled Outlet in store name; locator isOutlet flag false; state not given by locator, inferred from city/zip"
Marni,MARNI Los Angeles,MARNI,own-door,as listed,8460 Melrose Place,Los Angeles,CA,90069,US,+1 323 782 1101,-,https://www.marni.com/en-us/stores/marni-los-angeles,2026-10-08,"state not given by locator, inferred from city/zip"
Marni,MARNI New York Meatpacking,MARNI,own-door,as listed,1 Ganservoort Street,New York,NY,10014,US,+1 646 532 6015,-,https://www.marni.com/en-us/stores/marni-new-york-meatpacking,2026-10-08,street spelled as listed
Marni,MARNI New York Soho,MARNI,own-door,as listed,159-161 Mercer Street,New York,NY,10012,US,+1 212 343 3912,-,https://www.marni.com/en-us/stores/marni-new-york-soho,2026-10-08,-
Marni,MARNI New York Madison,MARNI,own-door,as listed,822 Madison Avenue,New York,NY,10065,US,+1 212 257 6907,-,https://www.marni.com/en-us/stores/new-york-madison,2026-10-08,-
Marni,MARNI Outlet Woodbury,MARNI Outlet,outlet,as listed,644 Race Track Lane,Central Valley,NY,10917,US,+1 845 610 2240,-,https://www.marni.com/en-us/stores/marni-outlet-woodbury,2026-10-08,locator isOutlet flag true
Marni,Marni Boca Raton,MARNI,own-door,as listed,"6000 West Glades Road, Main Level",Boca Raton,FL,33431,US,+1 954 836 8105,-,https://www.marni.com/en-us/stores/marni-boca-raton,2026-10-08,"state not given by locator, inferred from city/zip"
Moose Knuckles,Moose Knuckles Chicago,Moose Knuckles Stores,own-door,as listed,744 N Michigan Ave,Chicago,IL,60611,US,(312) 548-2421,-,https://www.mooseknucklescanada.com/en-us/pages/store-locator,2026-10-08,data from the locator Stockist widget feed (stockist.co tag map_w3rkknyq)
Moose Knuckles,Roosevelt Field,Moose Knuckles Stores,own-door,as listed,630 Old Country Rd,Garden City,NY,11530,US,516-284-5131,Roosevelt Field,https://www.mooseknucklescanada.com/en-us/pages/store-locator,2026-10-08,data from the locator Stockist widget feed (stockist.co tag map_w3rkknyq)
Moose Knuckles,SoHo,Moose Knuckles Stores,own-door,as listed,57 Greene St,New York,NY,10012,US,646-876-9850,-,https://www.mooseknucklescanada.com/en-us/pages/store-locator,2026-10-08,city listed as NY; data from the locator Stockist widget feed (stockist.co tag map_w3rkknyq)
Moose Knuckles,Somerset Collection,Moose Knuckles Stores,own-door,as listed,"2801 W Big Beaver Rd, Unit K-244",Troy,MI,48084,US,248-792-7159,Somerset Collection,https://www.mooseknucklescanada.com/en-us/pages/store-locator,2026-10-08,"state not given by locator, inferred from zip; data from the locator Stockist widget feed (stockist.co tag map_w3rkknyq)"
Moose Knuckles,Fashion Outlets of Chicago,Moose Knuckles Outlet Store,outlet,as listed,5220 Fashion Outlets Way / Unit # 2250,Rosemont,IL,60018,US,331-800-8029,Fashion Outlets of Chicago,https://www.mooseknucklescanada.com/en-us/pages/store-locator,2026-10-08,data from the locator Stockist widget feed (stockist.co tag map_w3rkknyq)
Moose Knuckles,Las Vegas North Premium Outlets,Moose Knuckles Outlet Store,outlet,as listed,"875 S Grand Central Pkwy, Unit 3251",Las Vegas,NV,89106,US,702-447-0681,Las Vegas North Premium Outlets,https://www.mooseknucklescanada.com/en-us/pages/store-locator,2026-10-08,data from the locator Stockist widget feed (stockist.co tag map_w3rkknyq)
Moose Knuckles,Moose Knuckles Las Vegas,Moose Knuckles Stores,outlet,as listed,875 S Grand Central Pkwy,Las Vegas,NV,89106,US,702-447-0681,-,https://www.mooseknucklescanada.com/en-us/pages/store-locator,2026-10-08,locator filter is Moose Knuckles Stores but address and phone match the Las Vegas North Premium Outlets entry: outlet inferred from address; probable duplicate of that entry; data from the locator Stockist widget feed (stockist.co tag map_w3rkknyq)
Moose Knuckles,Woodbury Common Premium Outlet,Moose Knuckles Outlet Store,outlet,as listed,960 Adirondack Way,Central Valley,NY,10917,US,845-928-3854,Woodbury Common Premium Outlet,https://www.mooseknucklescanada.com/en-us/pages/store-locator,2026-10-08,"state not given by locator, inferred from zip; data from the locator Stockist widget feed (stockist.co tag map_w3rkknyq)"
Lanvin,Lanvin - South Coast Plaza,Lanvin,own-door,as listed,"3333 Bristol Street, Space # 1620",Costa Mesa,CA,92626,US,+(1) 714 706 3240,South Coast Plaza,https://www.lanvin.com/en-us/stores,2026-10-08,"state not given by locator, inferred from city; locator store id store03"
Lanvin,Lanvin - Las Vegas,Lanvin,own-door,as listed,"3720 South Las Vegas Boulevard, The Crystals - Space # 224",Las Vegas,NV,89158,US,+(1) 702 982 0245,The Crystals,https://www.lanvin.com/en-us/stores,2026-10-08,"state not given by locator, inferred from city; locator store id store06"
Lanvin,Lanvin - Madison,Lanvin,own-door,as listed,855 Madison Avenue,New York,NY,10021,US,+(1) 646 439 0380,-,https://www.lanvin.com/en-us/stores,2026-10-08,locator store id store02
John Lobb,John Lobb Beverly Hills,JOHN LOBB,own-door,as listed,9530 Brighton Way,Beverly Hills,CA,90210,US,+1 (310) 281 8038,-,https://www.johnlobb.com/en_us/storelocator/us/los-angeles/john-lobb-los-angeles,2026-10-08,listed under city Los Angeles; state inferred from city
John Lobb,John Lobb New York,JOHN LOBB,own-door,as listed,700 Madison Avenue,New York,NY,10065,US,+1 (212) 888 9797,-,https://www.johnlobb.com/en_us/storelocator/us/new-york/john-lobb-new-york,2026-10-08,-
Converse,Phoenix Premium Outlets,Converse Factory Store,outlet,as listed,4976 Premium Outlets Way Suite 710,Chandler,AZ,85226,US,(480) 639-1777,Phoenix Premium Outlets,https://www.converse.com/stores/store?StoreID=converse-phoenix-premium-outlets,2026-10-08,"locator description: ""Converse Factory Stores"""
Converse,Tanger Outlets Phoenix/Glendale,Converse Factory Store,outlet,as listed,6800 N. 95 Ave. Suite 575,Glendale,AZ,85305,US,(623) 772-5392,Tanger Outlets Phoenix/Glendale,https://www.converse.com/stores/store?StoreID=converse-phoenix-glendale,2026-10-08,"locator description: ""Converse Factory Stores"""
Converse,Camarillo Premium Outlets,Converse store,outlet,as listed,690 East Ventura Blvd Suite 0107,Camarillo,CA,93010,US,(805) 484-1138,Camarillo Premium Outlets,https://www.converse.com/stores/store?StoreID=converse-camarillo,2026-10-08,locator description: mix of in-season and reduced-price last-season styles; outlet inferred from venue name
Converse,Carlsbad Premium Outlets,Converse Factory Store,outlet,as listed,5620 Paseo Del Norte C114,Carlsbad,CA,92008,US,(760) 929-0935,Carlsbad Premium Outlets,https://www.converse.com/stores/store?StoreID=converse-carlsbad-outlets,2026-10-08,"locator description: ""Converse Factory Stores"""
Converse,Citadel Outlets (Converse Shoes Customized by You),Converse store,outlet,as listed,100 Citadel Dr. Suite 127,Commerce,CA,90040,US,(323) 727-0142,Citadel Outlets,https://www.converse.com/stores/store?StoreID=converse-citadel,2026-10-08,locator description: mix of in-season and reduced-price last-season styles; outlet inferred from venue name; customization studio (Converse Shoes Customized by You)
Converse,San Francisco Premium Outlets,Converse store,outlet,as listed,3318 Livermore Outlets Dr,Livermore,CA,94551,US,(925) 373-0658,San Francisco Premium Outlets,https://www.converse.com/stores/store?StoreID=converse-san-francisco,2026-10-08,locator description: mix of in-season and reduced-price last-season styles; outlet inferred from venue name
Converse,Ontario Mills,Converse Factory Store,outlet,as listed,1 Mills Cir Suite 114,Ontario,CA,91764,US,(909) 481-1908,Ontario Mills,https://www.converse.com/stores/store?StoreID=converse-ontario-mills,2026-10-08,"locator description: ""Converse Factory Stores"""
Converse,The Outlets at Orange,Converse Factory Store,outlet,as listed,20 City Blvd West Suite 108A,Orange,CA,92868,US,(714) 939-7823,The Outlets at Orange,https://www.converse.com/stores/store?StoreID=converse-orange-outlets,2026-10-08,"locator description: ""Converse Factory Stores"""
Converse,Las Americas Premium Outlets,Converse Factory Store,outlet,as listed,4201 Camino de la Plaza Suite 104,San Diego,CA,92173,US,(619) 662-1752,Las Americas Premium Outlets,https://www.converse.com/stores/store?StoreID=converse-las-americas,2026-10-08,"locator description: ""Converse Factory Stores"""
Converse,Marina Square Center,Converse Clearance Store,outlet,as listed,1247 Marina Blvd,San Leandro,CA,94577,US,(510) 483-3246,Marina Square Center,https://www.converse.com/stores/store?StoreID=converse-marina-square,2026-10-08,"locator description: ""Converse Clearance Stores"""
Converse,Vacaville Premium Outlets,Converse Factory Store,outlet,as listed,336 Nut Tree Road,Vacaville,CA,95687,US,(707) 448-4151,Vacaville Premium Outlets,https://www.converse.com/stores/store?StoreID=converse-vacaville,2026-10-08,"locator description: ""Converse Factory Stores"""
Converse,Americana (Converse Shoes Customized by You),Converse store,own-door,as listed,732 Americana Way,Glendale,CA,91210,US,747-221-8067,Americana,https://www.converse.com/stores/store?StoreID=converse-americana,2026-10-08,locator gives no store-type description; full-price lifestyle centre; customization studio (Converse Shoes Customized by You)
Converse,The Pike Outlets,Converse Factory Store,outlet,as listed,30 The Paseo,Long Beach,CA,90802,US,(562) 435-2312,The Pike Outlets,https://www.converse.com/stores/store?StoreID=converse-pike-outlets,2026-10-08,"locator description: ""Converse Factory Stores"""
Converse,Outlets at San Clemente,Converse Factory Store,outlet,as listed,101 West Avenida Vista Hermosa Suite 134,San Clemente,CA,92672,US,(949) 498-2367,Outlets at San Clemente,https://www.converse.com/stores/store?StoreID=converse-san-clemente,2026-10-08,"locator description: ""Converse Factory Stores"""
Converse,Tulare Outlets,Converse Factory Store,outlet,as listed,1535 Retherford Street,Tulare,CA,93274,US,(559) 687-1987,Tulare Outlets,https://www.converse.com/stores/store?StoreID=converse-tulare-outlets,2026-10-08,"locator description: ""Converse Factory Stores"""
Converse,Denver Premium Outlets,Converse Factory Store,outlet,as listed,13801 Grant St. Suite 520,Thornton,CO,80023,US,(303) 920-8673,Denver Premium Outlets,https://www.converse.com/stores/store?StoreID=converse-denver,2026-10-08,"locator description: ""Converse Factory Stores"""
Converse,Miromar Outlets,Converse Factory Store,outlet,as listed,10801 Corkscrew Rd. Suite 415,Estero,FL,33928,US,(239) 495-9512,Miromar Outlets,https://www.converse.com/stores/store?StoreID=converse-miromar,2026-10-08,"locator description: ""Converse Factory Stores"""
Converse,Tampa Premium Outlets (Converse Shoes Customized by You),Converse Factory Store,outlet,as listed,2312 Grand Cypress Drive Suite 801,Lutz,FL,33559,US,(813) 909-4979,Tampa Premium Outlets,https://www.converse.com/stores/store?StoreID=converse-tampa,2026-10-08,"locator description: ""Converse Factory Stores""; customization studio (Converse Shoes Customized by You)"
Converse,Dolphin Mall,Converse store,outlet,as listed,11401 North West 12th St. Space 458,Miami,FL,33172,US,(305) 629-3927,Dolphin Mall,https://www.converse.com/stores/store?StoreID=converse-dolphin-mall,2026-10-08,locator description: mix of in-season and reduced-price last-season styles; outlet inferred from venue name
Converse,Orlando Vineland Premium Outlets,Converse store,outlet,as listed,8200 Vineland Ave. Suite 1225,Orlando,FL,32821,US,(407) 239-0037,Orlando Vineland Premium Outlets,https://www.converse.com/stores/store?StoreID=converse-orlando-vineland,2026-10-08,locator description: mix of in-season and reduced-price last-season styles; outlet inferred from venue name
Converse,Orlando International Premium Outlets,Converse store,outlet,as listed,4977 International Dr. Suite 3B09,Orlando,FL,32819,US,(407) 370-5072,Orlando International Premium Outlets,https://www.converse.com/stores/store?StoreID=converse-orlando-international,2026-10-08,locator description: mix of in-season and reduced-price last-season styles; outlet inferred from venue name
Converse,Sawgrass Mills,Converse store,outlet,as listed,12801 W. Sunrise Blvd. Suite 401,Sunrise,FL,33323,US,(954) 845-0294,Sawgrass Mills,https://www.converse.com/stores/store?StoreID=converse-sawgrass-mills,2026-10-08,locator description: mix of in-season and reduced-price last-season styles; outlet inferred from venue name
Converse,Palm Beach Outlets,Converse Factory Store,outlet,as listed,1731 Palm Beach Lakes Blvd. Suite E303,West Palm Beach,FL,33401,US,(561) 688-9997,Palm Beach Outlets,https://www.converse.com/stores/store?StoreID=converse-palm-beach,2026-10-08,"locator description: ""Converse Factory Stores"""
Converse,Kissimmee Value Outlet Shops,Converse Clearance Store,outlet,as listed,2671-A West Osceola Parkway,Kissimmee,FL,34741,US,(321) 677-0034,Kissimmee Value Outlet Shops,https://www.converse.com/stores/store?StoreID=converse-kissimmee,2026-10-08,"locator description: ""Converse Clearance Stores"""
Converse,The Outlet Shoppes at Atlanta,Converse Factory Store,outlet,as listed,915 Ridgewalk Parkway Suite 780,Woodstock,GA,30188,US,(770) 592-2339,The Outlet Shoppes at Atlanta,https://www.converse.com/stores/store?StoreID=converse-atlanta,2026-10-08,"locator description: ""Converse Factory Stores"""
Converse,Fashion Outlets of Chicago,Converse store,outlet,as listed,5220 Fashion Outlet Way Suite 1150,Rosemont,IL,60018,US,(847) 678-7290,Fashion Outlets of Chicago,https://www.converse.com/stores/store?StoreID=converse-fashion-outlets-chicago,2026-10-08,locator description: mix of in-season and reduced-price last-season styles; outlet inferred from venue name
Converse,Chicago Michigan Ave,Converse Pop-Up,pop-up,as listed,673 Michigan Avenue,Chicago,IL,60611,US,(773) 707-8269,-,https://www.converse.com/stores/store?StoreID=converse-chicago-pop-up,2026-10-08,"locator description: ""The Converse Pop-Up on Chicago's Magnificent Mile"""
Converse,Clarksburg Premium Outlets,Converse Factory Store,outlet,as listed,22705 Clarksburg Road Suite 616,Clarksburg,MD,20871,US,(301) 540-6816,Clarksburg Premium Outlets,https://www.converse.com/stores/store?StoreID=converse-clarksburg-premium-outlets,2026-10-08,"locator description: ""Converse Factory Stores"""
Converse,Arundel Mills,Converse Factory Store,outlet,as listed,7000 Arundel Mills Circle Suite 453,Hanover,MD,21076,US,(410) 379-8348,Arundel Mills,https://www.converse.com/stores/store?StoreID=converse-arundel-mills,2026-10-08,"locator description: ""Converse Factory Stores"""
Converse,Tanger Outlets National Harbor/Washington DC,Converse Factory Store,outlet,as listed,6800 Oxon Hill Rd Suite 520,Oxon Hill,MD,20745,US,(301) 567-9293,Tanger Outlets National Harbor/Washington DC,https://www.converse.com/stores/store?StoreID=converse-national-harbor-washington-dc,2026-10-08,"locator description: ""Converse Factory Stores"""
Converse,The Outlets at Assembly Row,Converse store,outlet,as listed,390 Artisan Way,Somerville,MA,02145,US,(617) 623-0762,The Outlets at Assembly Row,https://www.converse.com/stores/store?StoreID=converse-assembly-row,2026-10-08,locator description: mix of in-season and reduced-price last-season styles; outlet inferred from venue name
Converse,Wrentham Village Premium Outlets,Converse Factory Store,outlet,as listed,1 Premium Outlets Blvd. Suite 642,Wrentham,MA,02093,US,(508) 384-3637,Wrentham Village Premium Outlets,https://www.converse.com/stores/store?StoreID=converse-wrentham-village,2026-10-08,"locator description: ""Converse Factory Stores"""
Converse,Lovejoy Wharf (Converse Shoes Customized by You),Converse Flagship Store,own-door,as listed,1 Lovejoy Wharf,Boston,MA,02114,US,(617) 248-9530,-,https://www.converse.com/stores/store?StoreID=converse-lovejoy-wharf,2026-10-08,"locator description: ""The Converse Flagship Store in Boston""; at world HQ; customization"
Converse,Great Lakes Crossing Outlets,Converse Factory Store,outlet,as listed,4536 Baldwin Rd. Suite 861,Auburn Hills,MI,48326,US,(248) 858-7526,Great Lakes Crossing Outlets,https://www.converse.com/stores/store?StoreID=converse-great-lakes-crossing,2026-10-08,"locator description: ""Converse Factory Stores"""
Converse,Albertville Premium Outlets,Converse Factory Store,outlet,as listed,6415 Labeaux Ave Suite B255,Albertville,MN,55301,US,(763) 497-0336,Albertville Premium Outlets,https://www.converse.com/stores/store?StoreID=converse-albertville,2026-10-08,"locator description: ""Converse Factory Stores"""
Converse,Twin Cities Premium Outlets,Converse Factory Store,outlet,as listed,3965 Eagan Outlets Parkway Suite 310,Eagan,MN,55122,US,(651) 454-1757,Twin Cities Premium Outlets,https://www.converse.com/stores/store?StoreID=converse-twin-cities,2026-10-08,"locator description: ""Converse Factory Stores"""
Converse,Las Vegas North Premium Outlets,Converse store,outlet,as listed,875 Grand Central Pkwy Suite 2179,Las Vegas,NV,89106,US,(702) 671-4101,Las Vegas North Premium Outlets,https://www.converse.com/stores/store?StoreID=converse-las-vegas-north,2026-10-08,locator description: mix of in-season and reduced-price last-season styles; outlet inferred from venue name
Converse,The Outlets at Sparks,Converse Factory Store,outlet,as listed,1310 Scheels Dr. Suite C-114,Sparks,NV,89434,US,(775) 358-9400,The Outlets at Sparks,https://www.converse.com/stores/store?StoreID=converse-sparks-outlets,2026-10-08,"locator description: ""Converse Factory Stores"""
Converse,Las Vegas South Premium Outlets,Converse Factory Store,outlet,as listed,7400 Las Vegas Blvd South Suite 247D,Las Vegas,NV,89123,US,(702) 896-0307,Las Vegas South Premium Outlets,https://www.converse.com/stores/store?StoreID=converse-las-vegas-south,2026-10-08,"locator description: ""Converse Factory Stores"""
Converse,The Mills at Jersey Gardens,Converse store,outlet,as listed,651 Kapkowski Road - Suite 2458,Elizabeth,NJ,07201,US,(908) 965-3495,The Mills at Jersey Gardens,https://www.converse.com/stores/store?StoreID=converse-mills-jersey-gardens,2026-10-08,locator description: mix of in-season and reduced-price last-season styles; outlet inferred from venue name
Converse,Jersey Shore Premium Outlets,Converse Factory Store,outlet,as listed,1 Premium Outlets Blvd. Suite 617,Tinton Falls,NJ,07753,US,(732) 493-1030,Jersey Shore Premium Outlets,https://www.converse.com/stores/store?StoreID=converse-jersey-shore,2026-10-08,"locator description: ""Converse Factory Stores"""
Converse,Shops at Skyview Mall,Converse Clearance Store,outlet,as listed,40-24 College Point Blvd. Suite D03D,Flushing,NY,11354,US,(718) 321-1656,Shops at Skyview Mall,https://www.converse.com/stores/store?StoreID=converse-skyview-mall,2026-10-08,"locator description: ""Converse Clearance Stores"""
Converse,Charlotte Premium Outlets,Converse Factory Store,outlet,as listed,5518 New Fashion Way Suite 585,Charlotte,NC,28278,US,(704) 587-0476,Charlotte Premium Outlets,https://www.converse.com/stores/store?StoreID=converse-charlotte,2026-10-08,"locator description: ""Converse Factory Stores"""
Converse,Cincinnati Premium Outlets,Converse Factory Store,outlet,as listed,501 Premium Outlet Dr,Monroe,OH,45050,US,(513) 539-9320,Cincinnati Premium Outlets,https://www.converse.com/stores/store?StoreID=converse-cincinnati-outlets,2026-10-08,"locator description: ""Converse Factory Stores"""
Converse,The Outlet Shoppes at Oklahoma City,Converse Factory Store,outlet,as listed,7642 W Reno Ave D-435,Oklahoma City,OK,73127,US,(405) 789-5048,The Outlet Shoppes at Oklahoma City,https://www.converse.com/stores/store?StoreID=converse-oklahoma-city,2026-10-08,"locator description: ""Converse Factory Stores"""
Converse,Woodburn Premium Outlets (Converse Shoes Customized by You),Converse Factory Store,outlet,as listed,1001 Arney Road Suite 832,Woodburn,OR,97071,US,(503) 982-8618,Woodburn Premium Outlets,https://www.converse.com/stores/store?StoreID=converse-woodburn,2026-10-08,"locator description: ""Converse Factory Stores""; customization studio (Converse Shoes Customized by You)"
Converse,Philadelphia Premium Outlets,Converse Factory Store,outlet,as listed,18 Lightcap Rd. Suite 989,Pottstown,PA,19464,US,(610) 326-8000,Philadelphia Premium Outlets,https://www.converse.com/stores/store?StoreID=converse-philadelphia,2026-10-08,"locator description: ""Converse Factory Stores"""
Converse,Tanger Outlets Charleston,Converse Factory Store,outlet,as listed,4840 Tanger Outlet Blvd. Suite 481,North Charleston,SC,29418,US,(843) 554-8613,Tanger Outlets Charleston,https://www.converse.com/stores/store?StoreID=converse-tanger-charleston,2026-10-08,"locator description: ""Converse Factory Stores"""
Converse,Opry Mills,Converse Factory Store,outlet,as listed,476 Opry Mills Dr. Suite 274,Nashville,TN,37214,US,(615) 800-3454,Opry Mills,https://www.converse.com/stores/store?StoreID=converse-opry-mills,2026-10-08,"locator description: ""Converse Factory Stores"""
Converse,Tanger Outlets Sevierville,Converse Factory Store,outlet,as listed,1645 Parkway Suite 460,Sevierville,TN,37862,US,(865) 453-5273,Tanger Outlets Sevierville,https://www.converse.com/stores/store?StoreID=converse-sevierville,2026-10-08,"locator description: ""Converse Factory Stores"""
Converse,Houston Premium Outlets,Converse store,outlet,as listed,29300 Hempstead Rd. Suite 507,Cypress,TX,77433,US,(281) 213-8340,Houston Premium Outlets,https://www.converse.com/stores/store?StoreID=converse-houston-premium-outlets,2026-10-08,locator description: mix of in-season and reduced-price last-season styles; outlet inferred from venue name
Converse,The Outlet Shoppes at El Paso,Converse Factory Store,outlet,as listed,7051 S. Desert Blvd. Suite D417,El Paso,TX,79932,US,(915) 877-5075,The Outlet Shoppes at El Paso,https://www.converse.com/stores/store?StoreID=converse-el-paso-shoppes,2026-10-08,"locator description: ""Converse Factory Stores"""
Converse,Grand Prairie Premium Outlets,Converse Factory Store,outlet,as listed,2950 W. Interstate 20 Suite 840,Grand Prairie,TX,75052,US,(972) 606-6793,Grand Prairie Premium Outlets,https://www.converse.com/stores/store?StoreID=converse-grand-prairie,2026-10-08,"locator description: ""Converse Factory Stores"""
Converse,Rio Grande Valley Premium Outlets,Converse Factory Store,outlet,as listed,5001 E. Expressway 83 Suite 104,Mercedes,TX,78570,US,(956) 565-6655,Rio Grande Valley Premium Outlets,https://www.converse.com/stores/store?StoreID=converse-rio-grande-valley,2026-10-08,"locator description: ""Converse Factory Stores"""
Converse,Round Rock Premium Outlets,Converse Factory Store,outlet,as listed,4401 N IH 35 Suite 321,Round Rock,TX,78664,US,(512) 763-8388,Round Rock Premium Outlets,https://www.converse.com/stores/store?StoreID=converse-round-rock,2026-10-08,"locator description: ""Converse Factory Stores"""
Converse,San Marcos Premium Outlets,Converse store,outlet,as listed,3939 IH 35 South Suite 750,San Marcos,TX,78666,US,(512) 392-0503,San Marcos Premium Outlets,https://www.converse.com/stores/store?StoreID=converse-san-marcos,2026-10-08,locator description: mix of in-season and reduced-price last-season styles; outlet inferred from venue name
Converse,Tanger Outlets Houston,Converse Factory Store,outlet,as listed,5885 Gulf Freeway Suite 110,Texas City,TX,77591,US,(281) 337-3860,Tanger Outlets Houston,https://www.converse.com/stores/store?StoreID=converse-houston-tanger-outlets,2026-10-08,"locator description: ""Converse Factory Stores"""
Converse,Outlets at Traverse Mountain,Converse Factory Store,outlet,as listed,3700 N. Cabelas Blvd Suite 361,Lehi,UT,84043,US,(801) 341-0735,Outlets at Traverse Mountain,https://www.converse.com/stores/store?StoreID=converse-traverse-mountain,2026-10-08,"locator description: ""Converse Factory Stores"""
Converse,Norfolk Premium Outlets,Converse Factory Store,outlet,as listed,1600 Premium Outlets Blvd Suite 309,Norfolk,VA,23502,US,(757) 614-2003,Norfolk Premium Outlets,https://www.converse.com/stores/store?StoreID=converse-norfolk-premium-outlets,2026-10-08,"locator description: ""Converse Factory Stores"""
Converse,Seattle Premium Outlets,Converse Factory Store,outlet,as listed,10600 Quil Ceda Blvd. Suite 664,Tulalip,WA,98271,US,(360) 716-2396,Seattle Premium Outlets,https://www.converse.com/stores/store?StoreID=converse-seattle,2026-10-08,"locator description: ""Converse Factory Stores"""
Converse,Pleasant Prairie Premium Outlets,Converse Clearance Store,outlet,as listed,11601 108th St Suite 574,Pleasant Prairie,WI,53158,US,(262) 857-1363,Pleasant Prairie Premium Outlets,https://www.converse.com/stores/store?StoreID=converse-pleasant-prairie,2026-10-08,"locator description: ""Converse Clearance Stores"""
Columbia,Columbia Factory Store - Tanger Outlets Foley,Columbia Factory Store,outlet,as listed,2601 South McKenzie Street,Foley,AL,36535,US,(251) 955-0145,Tanger Outlets Foley,https://stores.columbia.com/al/foley/factory-store-555,2026-10-08,"locator label ""Columbia Factory Store"""
Columbia,Columbia Factory Store - Phoenix Premium Outlets,Columbia Factory Store,outlet,as listed,4976 Premium Outlets Way,Chandler,AZ,85226,US,(480) 426-7232,Phoenix Premium Outlets,https://stores.columbia.com/az/chandler/factory-store-436,2026-10-08,"locator label ""Columbia Factory Store"""
Columbia,Columbia Factory Store - Tanger Outlets Phoenix,Columbia Factory Store,outlet,as listed,6800 North 95th Avenue,Glendale,AZ,85305,US,(623) 259-3270,Tanger Outlets Phoenix,https://stores.columbia.com/az/glendale/factory-store-542,2026-10-08,"locator label ""Columbia Factory Store"""
Columbia,Columbia Factory Store - Outlets North Phoenix,Columbia Factory Store,outlet,as listed,4250 West Anthem Way,Phoenix,AZ,85086,US,(623) 465-3015,Outlets North Phoenix,https://stores.columbia.com/az/phoenix/factory-store-444,2026-10-08,"locator label ""Columbia Factory Store"""
Columbia,Columbia Factory Store - Tucson Premium Outlets,Columbia Factory Store,outlet,opening,6401 W Marana Center Boulevard,Tucson,AZ,85742,US,(520) 530-7190,Tucson Premium Outlets,https://stores.columbia.com/az/tucson/factory-store-395,2026-10-08,"locator label ""Columbia Factory Store"""
Columbia,Columbia Factory Store - Outlets at Tejon,Columbia Factory Store,outlet,as listed,5701 Outlets at Tejon Parkway,Arvin,CA,93203,US,(661) 282-4374,Outlets at Tejon,https://stores.columbia.com/ca/arvin/factory-store-420,2026-10-08,"locator label ""Columbia Factory Store"""
Columbia,Columbia Factory Store - Outlets at Barstow,Columbia Factory Store,outlet,as listed,2796 Tanger Way,Barstow,CA,92311,US,(760) 307-3174,Outlets at Barstow,https://stores.columbia.com/ca/barstow/factory-store-561,2026-10-08,"locator label ""Columbia Factory Store"""
Columbia,Columbia Factory Store - Cabazon Outlets,Columbia Factory Store,outlet,as listed,48750 Seminole Drive,Cabazon,CA,92230,US,(951) 922-9575,Cabazon Outlets,https://stores.columbia.com/ca/cabazon/factory-store-450,2026-10-08,"locator label ""Columbia Factory Store"""
Columbia,Columbia Factory Store - Desert Hills Premium Outlets,Columbia Factory Store,outlet,as listed,48400 Seminole Drive,Cabazon,CA,92230,US,(951) 215-7033,Desert Hills Premium Outlets,https://stores.columbia.com/ca/cabazon/factory-store-398,2026-10-08,"locator label ""Columbia Factory Store"""
Columbia,Columbia Factory Store - Camarillo Premium Outlets,Columbia Factory Store,outlet,as listed,630 Ventura Boulevard,Camarillo,CA,93010,US,(805) 388-2860,Camarillo Premium Outlets,https://stores.columbia.com/ca/camarillo/factory-store-441,2026-10-08,"locator label ""Columbia Factory Store"""
Columbia,Columbia Factory Store - Carlsbad Premium Outlets,Columbia Factory Store,outlet,as listed,5610 Paseo Del Norte,Carlsbad,CA,92008,US,(760) 606-5710,Carlsbad Premium Outlets,https://stores.columbia.com/ca/carlsbad/factory-store-391,2026-10-08,"locator label ""Columbia Factory Store""; locator shows ""NOW OPEN"""
Columbia,Columbia Factory Store - Citadel Outlets,Columbia Factory Store,outlet,as listed,100 Citadel Drive,Commerce,CA,90040,US,(323) 726-2182,Citadel Outlets,https://stores.columbia.com/ca/commerce/factory-store-443,2026-10-08,"locator label ""Columbia Factory Store"""
Columbia,Columbia Sportswear - Fig Garden Village,Columbia Sportswear,own-door,as listed,5098 North Palm Avenue,Fresno,CA,93704,US,(559) 860-5050,Fig Garden Village,https://stores.columbia.com/ca/fresno/columbia-fig-garden-village,2026-10-08,"locator label ""Columbia Sportswear"" (full-price brand store)"
Columbia,Columbia Factory Store - Gilroy Premium Outlets,Columbia Factory Store,outlet,as listed,681 Leavesley Road,Gilroy,CA,95020,US,(408) 337-3233,Gilroy Premium Outlets,https://stores.columbia.com/ca/gilroy/factory-store-404,2026-10-08,"locator label ""Columbia Factory Store"""
Columbia,Columbia Sportswear - Irvine Spectrum,Columbia Sportswear,own-door,as listed,734 Spectrum Center Drive,Irvine,CA,92618,US,(949) 785-6527,Irvine Spectrum,https://stores.columbia.com/ca/irvine/columbia-irvine-spectrum,2026-10-08,"locator label ""Columbia Sportswear"" (full-price brand store)"
Columbia,Columbia Factory Store - San Francisco Premium Outlets,Columbia Factory Store,outlet,as listed,3170 Livermore Outlets Drive,Livermore,CA,94551,US,(925) 273-6156,San Francisco Premium Outlets,https://stores.columbia.com/ca/livermore/factory-store-445,2026-10-08,"locator label ""Columbia Factory Store"""
Columbia,Columbia Factory Store - Great Mall,Columbia Factory Store,outlet,as listed,447 Great Mall Drive,Milpitas,CA,95035,US,(408) 273-7000,Great Mall,https://stores.columbia.com/ca/milpitas/factory-store-442,2026-10-08,"locator label ""Columbia Factory Store"""
Columbia,Columbia Sportswear - Del Monte Shopping Center,Columbia Sportswear,own-door,as listed,498 Del Monte Center,Monterey,CA,93940,US,(831) 718-3970,Del Monte Shopping Center,https://stores.columbia.com/ca/monterey/columbia-del-monte-shopping-center,2026-10-08,"locator label ""Columbia Sportswear"" (full-price brand store)"
Columbia,Columbia Factory Store - Ontario Mills,Columbia Factory Store,outlet,as listed,1 Mills Circle,Ontario,CA,91764,US,(909) 360-5540,Ontario Mills,https://stores.columbia.com/ca/ontario/factory-store-595,2026-10-08,"locator label ""Columbia Factory Store"""
Columbia,Columbia Factory Store - Outlets at Orange,Columbia Factory Store,outlet,as listed,20 City Boulevard West,Orange,CA,92868,US,(714) 923-1483,Outlets at Orange,https://stores.columbia.com/ca/orange/factory-store-543,2026-10-08,"locator label ""Columbia Factory Store"""
Columbia,Columbia Factory Store - Citrus Plaza,Columbia Factory Store,outlet,as listed,27430 West Lugonia Avenue,Redlands,CA,92374,US,(909) 712-4318,Citrus Plaza,https://stores.columbia.com/ca/redlands/factory-store-531,2026-10-08,"locator label ""Columbia Factory Store"""
Columbia,Columbia Factory Store - Outlets at San Clemente,Columbia Factory Store,outlet,as listed,101 West Avenida Vista Hermosa,San Clemente,CA,92672,US,(949) 245-0921,Outlets at San Clemente,https://stores.columbia.com/ca/san-clemente/factory-store-587,2026-10-08,"locator label ""Columbia Factory Store"""
Columbia,Columbia Factory Store - Las Americas Premium Outlets,Columbia Factory Store,outlet,as listed,4345 Camino De La Plaza,San Diego,CA,92173,US,(619) 210-2418,Las Americas Premium Outlets,https://stores.columbia.com/ca/san-diego/factory-store-571,2026-10-08,"locator label ""Columbia Factory Store"""
Columbia,Columbia Sportswear - Fashion Valley,Columbia Sportswear,own-door,as listed,7007 Friars Road,San Diego,CA,92108,US,(619) 910-1140,Fashion Valley,https://stores.columbia.com/ca/san-diego/columbia-fashion-valley,2026-10-08,"locator label ""Columbia Sportswear"" (full-price brand store)"
Columbia,Columbia Sportswear - Westfield Valley Fair,Columbia Sportswear,own-door,as listed,2855 Stevens Creek Boulevard,Santa Clara,CA,95050,US,(408) 430-1909,Westfield Valley Fair,https://stores.columbia.com/ca/santa-clara/columbia-westfield-valley-fair,2026-10-08,"locator label ""Columbia Sportswear"" (full-price brand store)"
Columbia,Columbia Factory Store - Tulare Outlets,Columbia Factory Store,outlet,as listed,1477 Retherford Street,Tulare,CA,93274,US,(559) 837-6740,Tulare Outlets,https://stores.columbia.com/ca/tulare/factory-store-522,2026-10-08,"locator label ""Columbia Factory Store"""
Columbia,Columbia Factory Store - Vacaville Premium Outlets,Columbia Factory Store,outlet,as listed,228 Nut Tree Road,Vacaville,CA,95687,US,(707) 448-3661,Vacaville Premium Outlets,https://stores.columbia.com/ca/vacaville/factory-store-446,2026-10-08,"locator label ""Columbia Factory Store"""
Columbia,Columbia Factory Store - Outlets at Castle Rock,Columbia Factory Store,outlet,as listed,5050 Factory Shops Boulevard,Castle Rock,CO,80108,US,(303) 660-1574,Outlets at Castle Rock,https://stores.columbia.com/co/castle-rock/factory-store-461,2026-10-08,"locator label ""Columbia Factory Store"""
Columbia,Columbia Sportswear - Promenade Shops at Briargate,Columbia Sportswear,own-door,as listed,1685 Briargate Parkway,Colorado Springs,CO,80920,US,(719) 418-8026,Promenade Shops at Briargate,https://stores.columbia.com/co/colorado-springs/columbia-promenade-shops-briargate,2026-10-08,"locator label ""Columbia Sportswear"" (full-price brand store)"
Columbia,Columbia Factory Store - Front Range Village,Columbia Factory Store,outlet,as listed,2721 Council Tree Avenue,Fort Collins,CO,80525,US,(970) 818-3598,Front Range Village,https://stores.columbia.com/co/fort-collins/factory-store-541,2026-10-08,"locator label ""Columbia Factory Store"""
Columbia,Columbia Factory Store - Colorado Mills,Columbia Factory Store,outlet,as listed,14500 West Colfax Ave,Lakewood,CO,80401,US,(303) 542-0113,Colorado Mills,https://stores.columbia.com/co/lakewood/factory-store-539,2026-10-08,"locator label ""Columbia Factory Store"""
Columbia,Columbia Sportswear - Park Meadows Shopping Mall,Columbia Sportswear,own-door,opening,8505 Park Meadows Center Drive,Lone Tree,CO,80124,US,NC,Park Meadows Shopping Mall,https://stores.columbia.com/co/lone-tree/brand-store-280,2026-10-08,"locator label ""Columbia Sportswear"" (full-price brand store)"
Columbia,Columbia Factory Store - Outlets at Silverthrone,Columbia Factory Store,outlet,as listed,237-V Blue River Parkway,Silverthorne,CO,80498,US,(970) 468-4709,Outlets at Silverthrone,https://stores.columbia.com/co/silverthorne/factory-store-462,2026-10-08,"locator label ""Columbia Factory Store"""
Columbia,Columbia Factory Store - Denver Premium Outlets,Columbia Factory Store,outlet,as listed,13801 Grant Street,Thornton,CO,80023,US,(303) 218-3235,Denver Premium Outlets,https://stores.columbia.com/co/thornton/factory-store-553,2026-10-08,"locator label ""Columbia Factory Store"""
Columbia,Columbia Factory Store - Clinton Premium Outlets,Columbia Factory Store,outlet,as listed,20 Killingworth Turnpike,Clinton,CT,06413,US,(860) 744-3033,Clinton Premium Outlets,https://stores.columbia.com/ct/clinton/factory-store-538,2026-10-08,"locator label ""Columbia Factory Store"""
Columbia,Columbia Factory Store - Tanger Outlets Rehoboth,Columbia Factory Store,outlet,as listed,36725 Bayside Outlet Drive,Rehoboth Beach,DE,19971,US,(302) 260-7102,Tanger Outlets Rehoboth,https://stores.columbia.com/de/rehoboth-beach/factory-store-429,2026-10-08,"locator label ""Columbia Factory Store"""
Columbia,Columbia Factory Store - Tanger Outlets Daytona Beach,Columbia Factory Store,outlet,as listed,1100 Cornerstone Boulevard,Daytona Beach,FL,32117,US,(386) 682-3985,Tanger Outlets Daytona Beach,https://stores.columbia.com/fl/daytona-beach/factory-store-582,2026-10-08,"locator label ""Columbia Factory Store"""
Columbia,Columbia Factory Store - Ellenton Premium Outlets,Columbia Factory Store,outlet,as listed,5661 Factory Shops Boulevard,Ellenton,FL,34222,US,(941) 721-6481,Ellenton Premium Outlets,https://stores.columbia.com/fl/ellenton/factory-store-453,2026-10-08,"locator label ""Columbia Factory Store"""
Columbia,Columbia Factory Store - Miromar Outlets,Columbia Factory Store,outlet,as listed,10801 Corkscrew Road,Estero,FL,33928,US,(239) 390-2319,Miromar Outlets,https://stores.columbia.com/fl/estero/factory-store-454,2026-10-08,"locator label ""Columbia Factory Store"""
Columbia,Columbia Factory Store - Florida Keys Outlet Marketplace,Columbia Factory Store,outlet,as listed,250 East Palm Drive,Florida City,FL,33034,US,(786) 572-3405,Florida Keys Outlet Marketplace,https://stores.columbia.com/fl/florida-city/factory-store-532,2026-10-08,"locator label ""Columbia Factory Store"""
Columbia,Columbia Sportswear - Disney Springs,Columbia Sportswear,own-door,as listed,1520 East Buena Vista Drive,Lake Buena Vista,FL,32830,US,(407) 560-0868,Disney Springs,https://stores.columbia.com/fl/lake-buena-vista/columbia-disney-springs,2026-10-08,"locator label ""Columbia Sportswear"" (full-price brand store)"
Columbia,Columbia Factory Store - Tampa Premium Outlets,Columbia Factory Store,outlet,as listed,2300 Grand Cypress Drive,Lutz,FL,33559,US,(813) 261-4401,Tampa Premium Outlets,https://stores.columbia.com/fl/lutz/factory-store-586,2026-10-08,"locator label ""Columbia Factory Store"""
Columbia,Columbia Factory Store - Dolphin Mall,Columbia Factory Store,outlet,as listed,11401 Northwest 12th Street,Miami,FL,33172,US,(305) 704-9140,Dolphin Mall,https://stores.columbia.com/fl/miami/factory-store-559,2026-10-08,"locator label ""Columbia Factory Store"""
Columbia,Columbia Factory Store - Silver Sands Premium Outlets,Columbia Factory Store,outlet,as listed,10746 Emerald Coast Parkway,Miramar Beach,FL,32550,US,(850) 650-2196,Silver Sands Premium Outlets,https://stores.columbia.com/fl/miramar-beach/factory-store-458,2026-10-08,"locator label ""Columbia Factory Store"""
Columbia,Columbia Factory Store - Orlando International Premium Outlets,Columbia Factory Store,outlet,as listed,4971 International Drive,Orlando,FL,32819,US,(407) 363-0708,Orlando International Premium Outlets,https://stores.columbia.com/fl/orlando/factory-store-451,2026-10-08,"locator label ""Columbia Factory Store"""
Columbia,Columbia Factory Store - Orlando Vineland Premium Outlets,Columbia Factory Store,outlet,as listed,8166 Vineland Avenue,Orlando,FL,32821,US,(407) 238-0631,Orlando Vineland Premium Outlets,https://stores.columbia.com/fl/orlando/factory-store-452,2026-10-08,"locator label ""Columbia Factory Store"""
Columbia,Columbia Factory Store - Orlando Vineland Premium Outlets,Columbia Factory Store,outlet,as listed,8200 Vineland Avenue,Orlando,FL,32821,US,(321) 329-3448,Orlando Vineland Premium Outlets,https://stores.columbia.com/fl/orlando/factory-store-550,2026-10-08,"locator label ""Columbia Factory Store"""
Columbia,Columbia Factory Store - Orlando Market Place,Columbia Factory Store,outlet,as listed,5265 International Drive,Orlando,FL,32819,US,NC,Orlando Market Place,https://stores.columbia.com/fl/orlando/factory-store-393,2026-10-08,"locator label ""Columbia Factory Store"""
Columbia,Columbia Factory Store - St. Augustine Premium Outlets,Columbia Factory Store,outlet,as listed,2700 FL-16,St. Augustine,FL,32092,US,(904) 671-8130,St. Augustine Premium Outlets,https://stores.columbia.com/fl/st.-augustine/factory-store-547,2026-10-08,"locator label ""Columbia Factory Store"""
Columbia,Columbia Factory Store - Sawgrass Mills,Columbia Factory Store,outlet,as listed,12801 West Sunrise Boulevard,Sunrise,FL,33323,US,(954) 233-3749,Sawgrass Mills,https://stores.columbia.com/fl/sunrise/factory-store-459,2026-10-08,"locator label ""Columbia Factory Store"""
Columbia,Columbia Factory Store - Vero Beach Outlets,Columbia Factory Store,outlet,as listed,1659 94th Drive,Vero Beach,FL,32966,US,(772) 925-3760,Vero Beach Outlets,https://stores.columbia.com/fl/vero-beach/factory-store-599,2026-10-08,"locator label ""Columbia Factory Store"""
Columbia,Columbia Factory Store - Tanger Outlets Palm Beach,Columbia Factory Store,outlet,as listed,1793 Palm Beach Lakes Boulevard,West Palm Beach,FL,33401,US,(561) 223-4368,Tanger Outlets Palm Beach,https://stores.columbia.com/fl/west-palm-beach/factory-store-576,2026-10-08,"locator label ""Columbia Factory Store"""
Columbia,Columbia Factory Store - North Georgia Premium Outlets,Columbia Factory Store,outlet,as listed,800 Highway 400 S,Dawsonville,GA,30534,US,(706) 265-6026,North Georgia Premium Outlets,https://stores.columbia.com/ga/dawsonville/factory-store-563,2026-10-08,"locator label ""Columbia Factory Store"""
Columbia,Columbia Factory Store - Tanger Outlets Locust Grove,Columbia Factory Store,outlet,as listed,1000 Tanger Drive,Locust Grove,GA,30248,US,(770) 898-3511,Tanger Outlets Locust Grove,https://stores.columbia.com/ga/locust-grove/factory-store-449,2026-10-08,"locator label ""Columbia Factory Store"""
Columbia,Columbia Factory Store - Tanger Outlets Savannah,Columbia Factory Store,outlet,as listed,200 Tanger Outlets Boulevard,Pooler,GA,31322,US,(912) 988-4274,Tanger Outlets Savannah,https://stores.columbia.com/ga/pooler/factory-store-584,2026-10-08,"locator label ""Columbia Factory Store"""
Columbia,Columbia Factory Store - The Outlet Shoppes at Atlanta,Columbia Factory Store,outlet,as listed,915 Ridgewalk Parkway,Woodstock,GA,30188,US,(678) 224-9012,The Outlet Shoppes at Atlanta,https://stores.columbia.com/ga/woodstock/factory-store-434,2026-10-08,"locator label ""Columbia Factory Store"""
Columbia,Columbia Sportswear - Ala Moana Center,Columbia Sportswear,own-door,as listed,1450 Ala Moana Boulevard,Honolulu,HI,96814,US,(808) 444-0235,Ala Moana Center,https://stores.columbia.com/hi/honolulu/columbia-ala-moana-center,2026-10-08,"locator label ""Columbia Sportswear"" (full-price brand store)"
Columbia,Columbia Factory Store - Waikele Premium Outlets,Columbia Factory Store,outlet,as listed,94-790 Lumiaina Street,Waipahu,HI,96797,US,(808) 556-0206,Waikele Premium Outlets,https://stores.columbia.com/hi/waipahu/factory-store-392,2026-10-08,"locator label ""Columbia Factory Store"""
Columbia,Columbia Factory Store - Outlets & Marketplace Williamsburg,Columbia Factory Store,outlet,as listed,455 O'Donnell Road,Williamsburg,IA,52361,US,(319) 668-1435,Outlets & Marketplace Williamsburg,https://stores.columbia.com/ia/williamsburg/factory-store-417,2026-10-08,"locator label ""Columbia Factory Store"""
Columbia,Columbia Sportswear - The Village at Meridian,Columbia Sportswear,own-door,as listed,3424 East Longwing Lane,Meridian,ID,83642,US,(208) 202-4348,The Village at Meridian,https://stores.columbia.com/id/meridian/columbia-village-at-meridian,2026-10-08,"locator label ""Columbia Sportswear"" (full-price brand store)"
Columbia,Columbia Factory Store - Chicago Premium Outlets,Columbia Factory Store,outlet,as listed,1650 Premium Outlet Boulevard,Aurora,IL,60502,US,(331) 212-3028,Chicago Premium Outlets,https://stores.columbia.com/il/aurora/factory-store-591,2026-10-08,"locator label ""Columbia Factory Store"""
Columbia,Columbia Factory Store - Fashion Outlets of Chicago,Columbia Factory Store,outlet,as listed,5220 Fashion Outlets Way,Rosemont,IL,60018,US,(847) 447-1193,Fashion Outlets of Chicago,https://stores.columbia.com/il/rosemont/factory-store-557,2026-10-08,"locator label ""Columbia Factory Store"""
Columbia,Columbia Factory Store - Edinburgh Premium Outlets,Columbia Factory Store,outlet,as listed,11622 Northeast Executive Drive,Edinburgh,IN,46124,US,(812) 526-5964,Edinburgh Premium Outlets,https://stores.columbia.com/in/edinburgh/factory-store-476,2026-10-08,"locator label ""Columbia Factory Store"""
Columbia,Columbia Factory Store - Lighthouse Place Premium Outlets,Columbia Factory Store,outlet,as listed,1710 Lighthouse Place,Michigan City,IN,46360,US,(219) 878-1036,Lighthouse Place Premium Outlets,https://stores.columbia.com/in/michigan-city/factory-store-477,2026-10-08,"locator label ""Columbia Factory Store"""
Columbia,Columbia Factory Store - The Outlet Shoppes of the Bluegrass,Columbia Factory Store,outlet,as listed,1155 Buck Creek Road,Simpsonville,KY,40067,US,(502) 405-2009,The Outlet Shoppes of the Bluegrass,https://stores.columbia.com/ky/simpsonville/factory-store-598,2026-10-08,"locator label ""Columbia Factory Store"""
Columbia,Columbia Sportswear - Mall of Louisiana,Columbia Sportswear,own-door,as listed,6401 Bluebonnet Boulevard,Baton Rouge,LA,70836,US,(225) 663-3495,Mall of Louisiana,https://stores.columbia.com/la/baton-rouge/columbia-mall-of-louisiana,2026-10-08,"locator label ""Columbia Sportswear"" (full-price brand store)"
Columbia,Columbia Factory Store - Tanger Outlet Gonzales,Columbia Factory Store,outlet,as listed,2400 Tanger Boulevard,Gonzales,LA,70737,US,(225) 233-0354,Tanger Outlet Gonzales,https://stores.columbia.com/la/gonzales/factory-store-397,2026-10-08,"locator label ""Columbia Factory Store"""
Columbia,Columbia Factory Store - Assembly Row,Columbia Factory Store,outlet,as listed,401 Assembly Row,Somerville,MA,02145,US,(617) 702-9169,Assembly Row,https://stores.columbia.com/ma/somerville/factory-store-568,2026-10-08,"locator label ""Columbia Factory Store"""
Columbia,Columbia Factory Store - Wrentham Village Premium Outlets,Columbia Factory Store,outlet,as listed,1 Outlet Boulevard,Wrentham,MA,02093,US,(508) 384-6021,Wrentham Village Premium Outlets,https://stores.columbia.com/ma/wrentham/factory-store-481,2026-10-08,"locator label ""Columbia Factory Store"""
Columbia,Columbia Factory Store - Clacksburg Premium Outlets,Columbia Factory Store,outlet,as listed,22705 Clarksburg Road,Clarksburg,MD,20871,US,(301) 944-0088,Clacksburg Premium Outlets,https://stores.columbia.com/md/clarksburg/factory-store-569,2026-10-08,"locator label ""Columbia Factory Store""; venue spelled ""Clacksburg"" on locator"
Columbia,Columbia Factory Store - Tanger Outlets National Harbor,Columbia Factory Store,outlet,as listed,6800 Oxon Hill Road,Oxon Hill,MD,20745,US,(301) 965-9201,Tanger Outlets National Harbor,https://stores.columbia.com/md/oxon-hill/factory-store-428,2026-10-08,"locator label ""Columbia Factory Store"""
Columbia,Columbia Factory Store - Queenstown Premium Outlets,Columbia Factory Store,outlet,as listed,441 Outlet Center Drive,Queenstown,MD,21658,US,(410) 304-3064,Queenstown Premium Outlets,https://stores.columbia.com/md/queenstown/factory-store-486,2026-10-08,"locator label ""Columbia Factory Store"""
Columbia,Columbia Factory Store - Kittery Premium Outlets,Columbia Factory Store,outlet,as listed,375 U.S. Rte 1,Kittery,ME,03904,US,(207) 439-4183,Kittery Premium Outlets,https://stores.columbia.com/me/kittery/factory-store-473,2026-10-08,"locator label ""Columbia Factory Store"""
Columbia,Columbia Factory Store - Great Lakes Crossing,Columbia Factory Store,outlet,as listed,4652 Baldwin Road,Auburn Hills,MI,48326,US,(248) 365-0055,Great Lakes Crossing,https://stores.columbia.com/mi/auburn-hills/factory-store-548,2026-10-08,"locator label ""Columbia Factory Store"""
Columbia,Columbia Factory Store - Birch Run Premium Outlets,Columbia Factory Store,outlet,as listed,12240 South Beyer Road,Birch Run,MI,48415,US,(989) 624-6121,Birch Run Premium Outlets,https://stores.columbia.com/mi/birch-run/factory-store-460,2026-10-08,"locator label ""Columbia Factory Store"""
Columbia,Columbia Factory Store - Tanger Outlets Grand Rapids,Columbia Factory Store,outlet,as listed,350 84th Street Southwest,Byron Center,MI,49315,US,(616) 222-0172,Tanger Outlets Grand Rapids,https://stores.columbia.com/mi/byron-center/factory-store-594,2026-10-08,"locator label ""Columbia Factory Store"""
Columbia,Columbia Factory Store - Kensington Valley Outlets,Columbia Factory Store,outlet,as listed,1475 North Burkhart Road,Howell,MI,48855,US,(517) 338-3100,Kensington Valley Outlets,https://stores.columbia.com/mi/howell/factory-store-535,2026-10-08,"locator label ""Columbia Factory Store"""
Columbia,Columbia Factory Store - Albertville Premium Outlets,Columbia Factory Store,outlet,as listed,6415 Labeaux Avenue Northeast,Albertville,MN,55301,US,(763) 497-3956,Albertville Premium Outlets,https://stores.columbia.com/mn/albertville/factory-store-465,2026-10-08,"locator label ""Columbia Factory Store"""
Columbia,Columbia Sportswear - Mall of America,Columbia Sportswear,own-door,as listed,106 West Market Place,Bloomington,MN,55425,US,(952) 854-5260,Mall of America,https://stores.columbia.com/mn/bloomington/columbia-mall-of-america,2026-10-08,"locator label ""Columbia Sportswear"" (full-price brand store)"
Columbia,Columbia Factory Store - Twin Cities Premium Outlets,Columbia Factory Store,outlet,as listed,3965 Eagan Outlets Parkway,Eagan,MN,55122,US,(952) 562-6058,Twin Cities Premium Outlets,https://stores.columbia.com/mn/eagan/factory-store-546,2026-10-08,"locator label ""Columbia Factory Store"""
Columbia,Columbia Factory Store - St. Louis Premium Outlets,Columbia Factory Store,outlet,as listed,18539 Outlet Boulevard,Chesterfield,MO,63005,US,(636) 237-2309,St. Louis Premium Outlets,https://stores.columbia.com/mo/chesterfield/factory-store-419,2026-10-08,"locator label ""Columbia Factory Store"""
Columbia,Columbia Factory Store - Gulfport Premium Outlets,Columbia Factory Store,outlet,as listed,10000 Factory Shops Boulevard,Gulfport,MS,39503,US,(228) 351-9215,Gulfport Premium Outlets,https://stores.columbia.com/ms/gulfport/factory-store-528,2026-10-08,"locator label ""Columbia Factory Store"""
Columbia,Columbia Sportswear - Renaissance at Colony Park,Columbia Sportswear,own-door,as listed,1000 Highland Colony Parkway,Ridgeland,MS,39157,US,(601) 521-6024,Renaissance at Colony Park,https://stores.columbia.com/ms/ridgeland/columbia-renaissance-colony-park,2026-10-08,"locator label ""Columbia Sportswear"" (full-price brand store)"
Columbia,Columbia Factory Store - Tanger Outlets Southhaven,Columbia Factory Store,outlet,as listed,5205 Airways Boulevard,Southaven,MS,38671,US,(662) 912-4110,Tanger Outlets Southhaven,https://stores.columbia.com/ms/southaven/factory-store-590,2026-10-08,"locator label ""Columbia Factory Store"""
Columbia,Columbia Factory Store - Tanger Outlets Asheville,Columbia Factory Store,outlet,as listed,800 Brevard Road,Asheville,NC,28806,US,(828) 470-1842,Tanger Outlets Asheville,https://stores.columbia.com/nc/asheville/factory-store-396,2026-10-08,"locator label ""Columbia Factory Store"""
Columbia,Columbia Factory Store - Shoppes on the Parkway,Columbia Factory Store,outlet,as listed,278 Shoppes on the Parkway Road,Blowing Rock,NC,28605,US,(828) 372-3055,Shoppes on the Parkway,https://stores.columbia.com/nc/blowing-rock/factory-store-534,2026-10-08,"locator label ""Columbia Factory Store"""
Columbia,Columbia Factory Store - Charlotte Premium Outlets,Columbia Factory Store,outlet,as listed,5404 New Fashion Way,Charlotte,NC,28278,US,(704) 719-4544,Charlotte Premium Outlets,https://stores.columbia.com/nc/charlotte/factory-store-545,2026-10-08,"locator label ""Columbia Factory Store"""
Columbia,Columbia Factory Store - Tanger Outlets Mebane,Columbia Factory Store,outlet,as listed,4000 Arrowhead Boulevard,Mebane,NC,27302,US,(919) 563-2962,Tanger Outlets Mebane,https://stores.columbia.com/nc/mebane/factory-store-457,2026-10-08,"locator label ""Columbia Factory Store"""
Columbia,Columbia Factory Store - Carolina Outlets,Columbia Factory Store,outlet,as listed,1025 Outlet Center Drive,Smithfield,NC,27577,US,(919) 300-4009,Carolina Outlets,https://stores.columbia.com/nc/smithfield/factory-store-544,2026-10-08,"locator label ""Columbia Factory Store"""
Columbia,Columbia Factory Store - Nebraska Crossing Outlets,Columbia Factory Store,outlet,as listed,21355 Nebraska Crossing Drive,Gretna,NE,68028,US,(402) 513-4176,Nebraska Crossing Outlets,https://stores.columbia.com/ne/gretna/factory-store-416,2026-10-08,"locator label ""Columbia Factory Store"""
Columbia,Columbia Factory Store - Merrimack Premium Outlets,Columbia Factory Store,outlet,as listed,80 Premium Outlets Boulevard,Merrimack,NH,03054,US,(603) 424-6875,Merrimack Premium Outlets,https://stores.columbia.com/nh/merrimack/factory-store-488,2026-10-08,"locator label ""Columbia Factory Store"""
Columbia,Columbia Factory Store - Settlers Green Streetside,Columbia Factory Store,outlet,as listed,1699 White Mountain Highway,North Conway,NH,03860,US,(603) 730-9224,Settlers Green Streetside,https://stores.columbia.com/nh/north-conway/factory-store-564,2026-10-08,"locator label ""Columbia Factory Store"""
Columbia,Columbia Factory Store - Tanger Outlets Tilton,Columbia Factory Store,outlet,as listed,120 Laconia Road,Tilton,NH,03276,US,(603) 266-5030,Tanger Outlets Tilton,https://stores.columbia.com/nh/tilton/factory-store-537,2026-10-08,"locator label ""Columbia Factory Store"""
Columbia,Columbia Factory Store - Gloucester Premium Outlets,Columbia Factory Store,outlet,as listed,100 Premium Outlets Drive,Blackwood,NJ,08012,US,(856) 302-4482,Gloucester Premium Outlets,https://stores.columbia.com/nj/blackwood/factory-store-588,2026-10-08,"locator label ""Columbia Factory Store"""
Columbia,Columbia Sportwear - Cherry Hill Mall,Columbia Sportwear,own-door,as listed,2000 New Jersey 38,Cherry Hill,NJ,08002,US,(856) 391-8816,Cherry Hill Mall,https://stores.columbia.com/nj/cherry-hill/columbia-cherry-hill,2026-10-08,"locator label ""Columbia Sportwear"" (full-price brand store); locator spells banner ""Sportwear"""
Columbia,Columbia Sportswear - American Dream Mall,Columbia Sportswear,own-door,as listed,1 American Dream Way,East Rutherford,NJ,07073,US,(201) 559-5702,American Dream Mall,https://stores.columbia.com/nj/east-rutherford/columbia-american-dream,2026-10-08,"locator label ""Columbia Sportswear"" (full-price brand store)"
Columbia,Columbia Factory Store - The Mills at Jersey Gardens,Columbia Factory Store,outlet,as listed,651 Kapkowski Road,Elizabeth,NJ,07201,US,(908) 977-1572,The Mills at Jersey Gardens,https://stores.columbia.com/nj/elizabeth/factory-store-551,2026-10-08,"locator label ""Columbia Factory Store"""
Columbia,Columbia Sportswear - Westfield Garden State Plaza,Columbia Sportswear,own-door,as listed,One Garden State Plaza Boulevard,Paramus,NJ,07652,US,(908) 728-8700,Westfield Garden State Plaza,https://stores.columbia.com/nj/paramus/columbia-westfield-garden-state-plaza,2026-10-08,"locator label ""Columbia Sportswear"" (full-price brand store)"
Columbia,Columbia Factory Store - Jersey Shore Premium Outlets,Columbia Factory Store,outlet,as listed,1 Premium Outlet Boulevard,Tinton Falls,NJ,07753,US,(732) 493-2057,Jersey Shore Premium Outlets,https://stores.columbia.com/nj/tinton-falls/factory-store-482,2026-10-08,"locator label ""Columbia Factory Store"""
Columbia,Columbia Factory Store - Las Vegas South Premium Outlets,Columbia Factory Store,outlet,as listed,7400 South Las Vegas Boulevard,Las Vegas,NV,89123,US,(702) 266-9886,Las Vegas South Premium Outlets,https://stores.columbia.com/nv/las-vegas/factory-store-421,2026-10-08,"locator label ""Columbia Factory Store"""
Columbia,Columbia Factory Store - Las Vegas North Premium Outlets,Columbia Factory Store,outlet,as listed,755 South Grand Central Parkway,Las Vegas,NV,89106,US,(702) 366-0729,Las Vegas North Premium Outlets,https://stores.columbia.com/nv/las-vegas/factory-store-447,2026-10-08,"locator label ""Columbia Factory Store"""
Columbia,Columbia Factory Store - Woodbury Common Premium Outlets,Columbia Factory Store,outlet,as listed,173 Niagara,Central Valley,NY,10917,US,(845) 928-1530,Woodbury Common Premium Outlets,https://stores.columbia.com/ny/central-valley/factory-store-479,2026-10-08,"locator label ""Columbia Factory Store"""
Columbia,Columbia Factory Store - Tanger Outlets Deer Park,Columbia Factory Store,outlet,as listed,152 The Arches Circle,Deer Park,NY,11729,US,(631) 274-6091,Tanger Outlets Deer Park,https://stores.columbia.com/ny/deer-park/factory-store-596,2026-10-08,"locator label ""Columbia Factory Store"""
Columbia,Columbia Sportswear - Roosevelt Field,Columbia Sportswear,own-door,as listed,630 Old Country Road,Garden City,NY,11530,US,(516) 570-8013,Roosevelt Field,https://stores.columbia.com/ny/garden-city/columbia-roosevelt-field,2026-10-08,"locator label ""Columbia Sportswear"" (full-price brand store); locator shows ""NOW OPEN"""
Columbia,Columbia Factory Store - Outlets of Lake George,Columbia Factory Store,outlet,as listed,1424 State Route 9,Lake George,NY,12845,US,(518) 317-2008,Outlets of Lake George,https://stores.columbia.com/ny/lake-george/factory-store-524,2026-10-08,"locator label ""Columbia Factory Store"""
Columbia,Columbia Factory Store - Fashion Outlets of Niagara,Columbia Factory Store,outlet,as listed,1927 Fashion Outlets Boulevard,Niagara Falls,NY,14304,US,(716) 205-3808,Fashion Outlets of Niagara,https://stores.columbia.com/ny/niagara-falls/factory-store-585,2026-10-08,"locator label ""Columbia Factory Store"""
Columbia,Columbia Factory Store - Tanger Outlets Riverhead,Columbia Factory Store,outlet,as listed,200 Tanger Mall Drive,Riverhead,NY,11901,US,(631) 727-7078,Tanger Outlets Riverhead,https://stores.columbia.com/ny/riverhead/factory-store-439,2026-10-08,"locator label ""Columbia Factory Store"""
Columbia,Columbia Factory Store - Pittsford Plaza Shopping Center,Columbia Factory Store,outlet,as listed,3349 Monroe Ave,Rochester,NY,14618,US,(585) 537-1897,Pittsford Plaza Shopping Center,https://stores.columbia.com/ny/rochester/factory-store-520,2026-10-08,"locator label ""Columbia Factory Store"""
Columbia,Columbia Factory Store - Finger Lakes Premium Outlets,Columbia Factory Store,outlet,as listed,655 New York 318,Waterloo,NY,13165,US,(315) 539-3126,Finger Lakes Premium Outlets,https://stores.columbia.com/ny/waterloo/factory-store-471,2026-10-08,"locator label ""Columbia Factory Store"""
Columbia,Columbia Factory Store - Aurora Farms Premium Outlets,Columbia Factory Store,outlet,as listed,549 South Chillicothe Road,Aurora,OH,44202,US,(234) 781-6010,Aurora Farms Premium Outlets,https://stores.columbia.com/oh/aurora/factory-store-536,2026-10-08,"locator label ""Columbia Factory Store"""
Columbia,Columbia Factory Store - Cincinnati Premium Outlets,Columbia Factory Store,outlet,as listed,400 Premium Outlets Drive,Monroe,OH,45050,US,(513) 539-8015,Cincinnati Premium Outlets,https://stores.columbia.com/oh/monroe/factory-store-478,2026-10-08,"locator label ""Columbia Factory Store"""
Columbia,Columbia Factory Store - Tanger Outlets Columbus,Columbia Factory Store,outlet,as listed,400 South Wilson Road,Sunbury,OH,43074,US,(740) 936-6059,Tanger Outlets Columbus,https://stores.columbia.com/oh/sunbury/factory-store-578,2026-10-08,"locator label ""Columbia Factory Store"""
Columbia,Columbia Factory Store - Tulsa Premium Outlets,Columbia Factory Store,outlet,as listed,801 E Outlet Drive Suite 4100,Jenks,OK,74037,US,(918) 995-3186,Tulsa Premium Outlets,https://stores.columbia.com/ok/jenks/factory-store-521,2026-10-08,"locator label ""Columbia Factory Store"""
Columbia,Columbia Factory Store - OKC Outlets,Columbia Factory Store,outlet,as listed,7624 West Reno Avenue,Oklahoma City,OK,73127,US,(405) 506-7599,OKC Outlets,https://stores.columbia.com/ok/oklahoma-city/factory-store-448,2026-10-08,"locator label ""Columbia Factory Store"""
Columbia,Columbia Factory Store - Bend Factory Stores,Columbia Factory Store,outlet,as listed,61334 South Highway 97,Bend,OR,97702,US,(541) 382-4593,Bend Factory Stores,https://stores.columbia.com/or/bend/factory-store-475,2026-10-08,"locator label ""Columbia Factory Store"""
Columbia,Columbia Factory Store - Oswego Towne Square,Columbia Factory Store,outlet,as listed,3 Monroe Parkway,Lake Oswego,OR,97035,US,(503) 636-6593,Oswego Towne Square,https://stores.columbia.com/or/lake-oswego/factory-store-440,2026-10-08,"locator label ""Columbia Factory Store"""
Columbia,Columbia Factory Store - Lincoln City Outlets,Columbia Factory Store,outlet,as listed,1500 Southeast East Devils Lake Road,Lincoln City,OR,97367,US,(541) 994-7840,Lincoln City Outlets,https://stores.columbia.com/or/lincoln-city/factory-store-480,2026-10-08,"locator label ""Columbia Factory Store"""
Columbia,Columbia Sportswear - Downtown Portland,Columbia Sportswear,own-door,as listed,911 Southwest Broadway,Portland,OR,97205,US,(503) 226-6800,-,https://stores.columbia.com/or/portland/columbia-downtown-portland,2026-10-08,"locator label ""Columbia Sportswear"" (full-price brand store); downtown flagship street store"
Columbia,Columbia Sportswear - Portland International Airport (PDX),Columbia Sportswear,own-door,as listed,7000 Northeast Airport Way,Portland,OR,97218,US,(503) 287-3318,Portland International Airport (PDX),https://stores.columbia.com/or/portland/columbia-portland-intl-airport,2026-10-08,"locator label ""Columbia Sportswear"" (full-price brand store)"
Columbia,Columbia Factory Store - Historic Old Sellwood,Columbia Factory Store,outlet,as listed,1323 Southeast Tacoma Street,Portland,OR,97202,US,(503) 238-0118,Historic Old Sellwood,https://stores.columbia.com/or/portland/factory-store-430,2026-10-08,"locator label ""Columbia Factory Store"""
Columbia,Columbia Factory Store - Columbia Gorge Outlets,Columbia Factory Store,outlet,as listed,450 Northwest 257th Way,Troutdale,OR,97060,US,(503) 405-3255,Columbia Gorge Outlets,https://stores.columbia.com/or/troutdale/factory-store-549,2026-10-08,"locator label ""Columbia Factory Store"""
Columbia,Columbia Factory Store - Woodburn Premium Outlets,Columbia Factory Store,outlet,as listed,1001 North Arney Road,Woodburn,OR,97071,US,(503) 981-4886,Woodburn Premium Outlets,https://stores.columbia.com/or/woodburn/factory-store-435,2026-10-08,"locator label ""Columbia Factory Store"""
Columbia,Columbia Factory Store - The Outlets Shoppes at Gettysburg,Columbia Factory Store,outlet,as listed,1863 Gettysburg Village Drive,Gettysburg,PA,17325,US,(717) 549-4310,The Outlets Shoppes at Gettysburg,https://stores.columbia.com/pa/gettysburg/factory-store-597,2026-10-08,"locator label ""Columbia Factory Store"""
Columbia,Columbia Factory Store - Grove City Premium Outlets,Columbia Factory Store,outlet,as listed,1911 Leesburg Grove City Road,Grove City,PA,16127,US,(724) 748-0135,Grove City Premium Outlets,https://stores.columbia.com/pa/grove-city/factory-store-483,2026-10-08,"locator label ""Columbia Factory Store"""
Columbia,Columbia Factory Store - Tanger Outlets Hershey,Columbia Factory Store,outlet,as listed,134 Outlet Square,Hershey,PA,17033,US,(717) 489-3379,Tanger Outlets Hershey,https://stores.columbia.com/pa/hershey/factory-store-527,2026-10-08,"locator label ""Columbia Factory Store"""
Columbia,Columbia Sportswear - King of Prussia,Columbia Sportswear,own-door,as listed,160 North Gulph Road,King of Prussia,PA,19406,US,(610) 735-7006,King of Prussia,https://stores.columbia.com/pa/king-of-prussia/columbia-king-of-prussia,2026-10-08,"locator label ""Columbia Sportswear"" (full-price brand store)"
Columbia,Columbia Factory Store - Tanger Outlets Lancaster,Columbia Factory Store,outlet,as listed,1500 Stanley K Tanger Drive,Lancaster,PA,17602,US,(717) 874-2035,Tanger Outlets Lancaster,https://stores.columbia.com/pa/lancaster/factory-store-593,2026-10-08,"locator label ""Columbia Factory Store"""
Columbia,Columbia Factory Store - Philadelphia Premium Outlets,Columbia Factory Store,outlet,as listed,18 Lightcap Road,Pottstown,PA,19464,US,(610) 326-8482,Philadelphia Premium Outlets,https://stores.columbia.com/pa/pottstown/factory-store-470,2026-10-08,"locator label ""Columbia Factory Store"""
Columbia,Columbia Factory Store - Pocono Premium Outlets,Columbia Factory Store,outlet,as listed,1000 Premium Outlets Drive,Tannersville,PA,18372,US,(570) 234-2629,Pocono Premium Outlets,https://stores.columbia.com/pa/tannersville/factory-store-592,2026-10-08,"locator label ""Columbia Factory Store"""
Columbia,Columbia Factory Store - Tanger Outlets Pittsburgh,Columbia Factory Store,outlet,as listed,2200 Tanger Boulevard,Washington,PA,15301,US,(724) 228-2143,Tanger Outlets Pittsburgh,https://stores.columbia.com/pa/washington/factory-store-474,2026-10-08,"locator label ""Columbia Factory Store"""
Columbia,Columbia Factory Store - Outlets Hitlon Head,Columbia Factory Store,outlet,as listed,1414 Fording Island Road,Bluffton,SC,29910,US,(843) 837-1911,Outlets Hitlon Head,https://stores.columbia.com/sc/bluffton/factory-store-456,2026-10-08,"locator label ""Columbia Factory Store"""
Columbia,Columbia Factory Store - Tanger Outlets South Myrtle Beach,Columbia Factory Store,outlet,as listed,4635 Factory Stores Boulevard,Myrtle Beach,SC,29579,US,(843) 903-0031,Tanger Outlets South Myrtle Beach,https://stores.columbia.com/sc/myrtle-beach/factory-store-455,2026-10-08,"locator label ""Columbia Factory Store"""
Columbia,Columbia Factory Store - Tanger Outlets North Myrtle Beach,Columbia Factory Store,outlet,as listed,10835 Kings Road,Myrtle Beach,SC,29572,US,(843) 213-3084,Tanger Outlets North Myrtle Beach,https://stores.columbia.com/sc/myrtle-beach/factory-store-552,2026-10-08,"locator label ""Columbia Factory Store"""
Columbia,Columbia Factory Store - Tanger Outlets Charleston,Columbia Factory Store,outlet,as listed,4840 Tanger Outlet Boulevard,North Charleston,SC,29418,US,(843) 872-3142,Tanger Outlets Charleston,https://stores.columbia.com/sc/north-charleston/factory-store-533,2026-10-08,"locator label ""Columbia Factory Store"""
Columbia,Columbia Factory Store - Tanger Outlets Nashville,Columbia Factory Store,outlet,as listed,4060 Cane Ridge Parkway,Antioch,TN,37013,US,(629) 895-0564,Tanger Outlets Nashville,https://stores.columbia.com/tn/antioch/factory-store-523,2026-10-08,"locator label ""Columbia Factory Store"""
Columbia,Columbia Factory Store - Opry Mills,Columbia Factory Store,outlet,as listed,Opry Mills Drive,Nashville,TN,37214,US,(615) 238-2650,Opry Mills,https://stores.columbia.com/tn/nashville/factory-store-540,2026-10-08,"locator label ""Columbia Factory Store"""
Columbia,Columbia Factory Store - Tanger Outlets Sevierville,Columbia Factory Store,outlet,as listed,1645 Parkway,Sevierville,TN,37862,US,(865) 868-3165,Tanger Outlets Sevierville,https://stores.columbia.com/tn/sevierville/factory-store-433,2026-10-08,"locator label ""Columbia Factory Store"""
Columbia,Columbia Factory Store - Allen Premium Outlets,Columbia Factory Store,outlet,as listed,820 West Stacy Road,Allen,TX,75013,US,(972) 678-2803,Allen Premium Outlets,https://stores.columbia.com/tx/allen/factory-store-466,2026-10-08,"locator label ""Columbia Factory Store"""
Columbia,Columbia Factory Store - Outlet Shoppes at El Paso,Columbia Factory Store,outlet,as listed,7051 South Desert Boulevard,Canutillo,TX,79835,US,(915) 642-5821,Outlet Shoppes at El Paso,https://stores.columbia.com/tx/canutillo/factory-store-579,2026-10-08,"locator label ""Columbia Factory Store"""
Columbia,Columbia Factory Store - Houston Premium Outlets,Columbia Factory Store,outlet,as listed,29300 Hempstead Road,Cypress,TX,77433,US,(281) 256-9906,Houston Premium Outlets,https://stores.columbia.com/tx/cypress/factory-store-463,2026-10-08,"locator label ""Columbia Factory Store"""
Columbia,Columbia Factory Store - Tanger Outlets Fort Worth,Columbia Factory Store,outlet,as listed,15841 North Freeway,Fort Worth,TX,76177,US,(817) 854-5097,Tanger Outlets Fort Worth,https://stores.columbia.com/tx/fort-worth/factory-store-562,2026-10-08,"locator label ""Columbia Factory Store"""
Columbia,Columbia Factory Store - Grand Prairie Premium Outlets,Columbia Factory Store,outlet,as listed,2950 West Interstate 20,Grand Prairie,TX,75052,US,(214) 516-6547,Grand Prairie Premium Outlets,https://stores.columbia.com/tx/grand-prairie/factory-store-468,2026-10-08,"locator label ""Columbia Factory Store"""
Columbia,Columbia Factory Store - Grapevine Mills,Columbia Factory Store,outlet,as listed,3000 Grapevine Mills Parkway,Grapevine,TX,76051,US,(682) 271-0715,Grapevine Mills,https://stores.columbia.com/tx/grapevine/factory-store-399,2026-10-08,"locator label ""Columbia Factory Store"""
Columbia,Columbia Factory Store - Outlet Shoppes at Laredo,Columbia Factory Store,outlet,as listed,1600 Water Street,Laredo,TX,78040,US,(956) 898-3856,Outlet Shoppes at Laredo,https://stores.columbia.com/tx/laredo/factory-store-580,2026-10-08,"locator label ""Columbia Factory Store"""
Columbia,Columbia Factory Store - Rio Grande Valley Premium Outlets,Columbia Factory Store,outlet,as listed,5001 East Expressway 83,Mercedes,TX,78570,US,(956) 903-3254,Rio Grande Valley Premium Outlets,https://stores.columbia.com/tx/mercedes/factory-store-575,2026-10-08,"locator label ""Columbia Factory Store"""
Columbia,Columbia Factory Store - Round Rock Premium Outlets,Columbia Factory Store,outlet,as listed,4401 North Interstate Highway 35,Round Rock,TX,78664,US,(512) 942-6448,Round Rock Premium Outlets,https://stores.columbia.com/tx/round-rock/factory-store-560,2026-10-08,"locator label ""Columbia Factory Store"""
Columbia,Columbia Sportswear - Alamo Quarry Market,Columbia Sportswear,own-door,as listed,255 East Basse Road,San Antonio,TX,78209,US,(210) 881-8007,Alamo Quarry Market,https://stores.columbia.com/tx/san-antonio/columbia-alamo-quarry-market,2026-10-08,"locator label ""Columbia Sportswear"" (full-price brand store)"
Columbia,Columbia Factory Store - San Marcos Premium Outlets,Columbia Factory Store,outlet,as listed,3939 IH-35 South,San Marcos,TX,78666,US,(512) 353-0127,San Marcos Premium Outlets,https://stores.columbia.com/tx/san-marcos/factory-store-464,2026-10-08,"locator label ""Columbia Factory Store"""
Columbia,Columbia Factory Store - Tanger Outlets Houston,Columbia Factory Store,outlet,as listed,5885 Gulf Freeway,Texas City,TX,77591,US,(832) 226-5283,Tanger Outlets Houston,https://stores.columbia.com/tx/texas-city/factory-store-469,2026-10-08,"locator label ""Columbia Factory Store"""
Columbia,Columbia Factory Store - Outlets at Traverse Mountain,Columbia Factory Store,outlet,as listed,3700 Cabela's Boulevard,Lehi,UT,84048,US,(801) 407-5415,Outlets at Traverse Mountain,https://stores.columbia.com/ut/lehi/factory-store-437,2026-10-08,"locator label ""Columbia Factory Store"""
Columbia,Columbia Factory Store - Junction Commons,Columbia Factory Store,outlet,as listed,6699 North Landmark Drive,Park City,UT,84098,US,(435) 615-6574,Junction Commons,https://stores.columbia.com/ut/park-city/factory-store-467,2026-10-08,"locator label ""Columbia Factory Store"""
Columbia,Columbia Factory Store - Leesburg Premium Outlets,Columbia Factory Store,outlet,as listed,241 Fort Evans Road Northeast,Leesburg,VA,20176,US,(571) 293-3086,Leesburg Premium Outlets,https://stores.columbia.com/va/leesburg/factory-store-438,2026-10-08,"locator label ""Columbia Factory Store"""
Columbia,Columbia Factory Store - Norfolk Premium Outlets,Columbia Factory Store,outlet,as listed,1600 Premium Outlets Boulevard,Norfolk,VA,23502,US,(757) 278-5350,Norfolk Premium Outlets,https://stores.columbia.com/va/norfolk/factory-store-565,2026-10-08,"locator label ""Columbia Factory Store"""
Columbia,Columbia Factory Store - Williamsburg Premium Outlets,Columbia Factory Store,outlet,as listed,5715 Richmond Road,Williamsburg,VA,23188,US,(757) 564-7604,Williamsburg Premium Outlets,https://stores.columbia.com/va/williamsburg/factory-store-472,2026-10-08,"locator label ""Columbia Factory Store"""
Columbia,Columbia Factory Store - Mall at Pontiac,Columbia Factory Store,outlet,as listed,2700 Potomac Mills Circle,Woodbridge,VA,22192,US,(571) 492-3173,Mall at Pontiac,https://stores.columbia.com/va/woodbridge/factory-store-432,2026-10-08,"locator label ""Columbia Factory Store"""
Columbia,Columbia Factory Store - The Outlet Collection Seattle,Columbia Factory Store,outlet,as listed,1101 Outlet Collection Way,Auburn,WA,98001,US,(253) 258-3481,The Outlet Collection Seattle,https://stores.columbia.com/wa/auburn/factory-store-558,2026-10-08,"locator label ""Columbia Factory Store"""
Columbia,Columbia Clearance Store - The Centralia Outlets,Columbia Clearance Store,outlet,as listed,140 West High Street,Centralia,WA,98531,US,(564) 216-1844,The Centralia Outlets,https://stores.columbia.com/wa/centralia/clearance-store-525,2026-10-08,"locator label ""Columbia Clearance Store"""
Columbia,Columbia Factory Store - North Bend Premium Outlets,Columbia Factory Store,outlet,as listed,461 South Fork Avenue Southwest,North Bend,WA,98045,US,(425) 363-1099,North Bend Premium Outlets,https://stores.columbia.com/wa/north-bend/factory-store-529,2026-10-08,"locator label ""Columbia Factory Store"""
Columbia,Columbia Factory Store - Seattle Premium Outlets,Columbia Factory Store,outlet,as listed,10600 Scho Hallem Way,Tulalip,WA,98271,US,(360) 651-1382,Seattle Premium Outlets,https://stores.columbia.com/wa/tulalip/factory-store-431,2026-10-08,"locator label ""Columbia Factory Store"""
Columbia,Columbia Factory Store - Outlets at the Dells,Columbia Factory Store,outlet,as listed,210 North Gasser Road,Baraboo,WI,53913,US,(608) 844-8438,Outlets at the Dells,https://stores.columbia.com/wi/baraboo/factory-store-556,2026-10-08,"locator label ""Columbia Factory Store"""
Columbia,Columbia Factory Store - Johnson Creek Premium Outlets,Columbia Factory Store,outlet,as listed,575 Linmar Lane,Johnson Creek,WI,53038,US,(920) 699-3450,Johnson Creek Premium Outlets,https://stores.columbia.com/wi/johnson-creek/factory-store-489,2026-10-08,"locator label ""Columbia Factory Store"""
Columbia,Columbia Factory Store - Outlet Shoppes at Oshkosh,Columbia Factory Store,outlet,as listed,3001 South Washburn Street,Oshkosh,WI,54904,US,(920) 252-8124,Outlet Shoppes at Oshkosh,https://stores.columbia.com/wi/oshkosh/factory-store-570,2026-10-08,"locator label ""Columbia Factory Store"""
Columbia,Columbia Factory Store - Pleasant Prairie Premium Outlets,Columbia Factory Store,outlet,as listed,11211 120th Avenue,Pleasant Prairie,WI,53158,US,(262) 857-3536,Pleasant Prairie Premium Outlets,https://stores.columbia.com/wi/pleasant-prairie/factory-store-490,2026-10-08,"locator label ""Columbia Factory Store"""
G/FORE,G/FORE SUPPLY Palm Beach,G/FORE SUPPLY,own-door,as listed,225 Worth Avenue Suite A,Palm Beach,FL,33480,US,+1 561.366.7969,-,https://www.gfore.com/f/stores/gfore-supply-palm-beach-fl.html,2026-10-08,"locator category ""G/FORE""; zip from store locator (store page omits zip); operator not stated"
G/FORE,G/FORE SUPPLY Scottsdale,G/FORE SUPPLY,own-door,as listed,15125 N. Scottsdale Road Unit L1-108,Scottsdale,AZ,85254,US,+1 480.590.7969,-,https://www.gfore.com/f/stores/gfore-supply-scottsdale-az.html,2026-10-08,"locator category ""G/FORE""; operator not stated"
G/FORE,G/FORE SUPPLY New York,G/FORE SUPPLY,own-door,as listed,536 Madison Ave,New York,NY,10022,US,+1 646.289.3721,-,https://www.gfore.com/stores/gfore-supply-new-york-ny.html,2026-10-08,"locator category ""G/FORE""; operator not stated"
G/FORE,G/FORE SUPPLY Beverly Hills,G/FORE SUPPLY,own-door,as listed,401 N Canon Drive,Beverly Hills,CA,90210,US,+1 424.777.0849,-,https://www.gfore.com/stores/gfore-supply-beverly-hills-ca.html,2026-10-08,"locator category ""G/FORE""; operator not stated"
G/FORE,G/FORE Pebble Beach,G/FORE PEBBLE BEACH,own-door,held,"1700 17 Mile Drive, Pebble Beach Lodge Arcade (D)",Pebble Beach,CA,93953,US,+1 800.877.0597,Pebble Beach Lodge,https://www.gfore.com/f/stores/gfore-supply-pebble-beach.html,2026-10-08,"listed among the 5 stores on gfore.com/f/stores.html but NOT tagged G/FORE in the Storemapper locator; operator not stated (resort-arcade shop, may be resort-operated); held until the operator is known (ruling 10 Oct)"
Hoka,"HOKA Store Orlando, FL",HOKA Store,own-door,as listed,"8225 Vineland Ave, Space 2091",Orlando,FL,32821,US,(321) 235-6986,-,https://stores.hoka.com/store/279938,2026-10-08,"locator label ""HOKA Store""; address is in the Vineland Ave outlet corridor but locator gives no venue or outlet label; listed under HOKA brand account (company-managed listing) on stores.hoka.com; kept as listed (own-door), flagged: address looks like an outlet centre (ruling 8 Oct, confirmed 10 Oct)"
Hoka,HOKA Store Miami,HOKA Store,own-door,as listed,701 Lincoln Road,Miami Beach,FL,33139,US,(786) 361-7660,-,https://stores.hoka.com/store/336825,2026-10-08,"locator label ""HOKA Store""; listed under HOKA brand account (company-managed listing) on stores.hoka.com"
Hoka,"HOKA Store Melrose, CA",HOKA Store,own-door,as listed,8551 Melrose Ave Space A,West Hollywood,CA,90069,US,(424) 551-9580,-,https://stores.hoka.com/store/223487,2026-10-08,"locator label ""HOKA Store""; listed under HOKA brand account (company-managed listing) on stores.hoka.com"
Hoka,"HOKA Store Boston, MA",HOKA Store,own-door,as listed,337 Newbury Street Suite #161,Boston,MA,02115,US,(617) 580-2060,-,https://stores.hoka.com/store/381992,2026-10-08,"locator label ""HOKA Store""; locator also lists a duplicate entry ""HOKA Newbury"" (id 466196) at the same address - counted once; listed under HOKA brand account (company-managed listing) on stores.hoka.com"
Hoka,"HOKA Store Las Vegas, NV",HOKA Store,own-door,as listed,855 S Grand Central Pkwy Unit 1890,Las Vegas,NV,89106,US,(702) 625-6020,-,https://stores.hoka.com/store/420966,2026-10-08,"locator label ""HOKA Store""; address is the Las Vegas North Premium Outlets address block but locator gives no venue or outlet label; listed under HOKA brand account (company-managed listing) on stores.hoka.com; kept as listed (own-door), flagged: address looks like an outlet centre (ruling 8 Oct, confirmed 10 Oct)"
Hoka,"HOKA Store Chicago, IL",HOKA Store,own-door,as listed,746 N Michigan Ave Space #3,Chicago,IL,60611,US,(773) 373-1230,-,https://stores.hoka.com/store/260660,2026-10-08,"locator label ""HOKA Store""; listed under HOKA brand account (company-managed listing) on stores.hoka.com"
Hoka,"HOKA Store Ala Moana, HI",HOKA Store,own-door,as listed,1450 Ala Moana Blvd #3039,Honolulu,HI,96814,US,(808) 470-8010,Ala Moana,https://stores.hoka.com/store/373351,2026-10-08,"locator label ""HOKA Store""; listed under HOKA brand account (company-managed listing) on stores.hoka.com"
Hoka,"HOKA Store Studio City, CA",HOKA Store,own-door,as listed,12833 Ventura Blvd #113,Studio City,CA,91604,US,(213) 838-1380,-,https://stores.hoka.com/store/378972,2026-10-08,"locator label ""HOKA Store""; listed under HOKA brand account (company-managed listing) on stores.hoka.com"
Hoka,HOKA Northpark,HOKA,own-door,as listed,"8687 N Central Expy, Space 1020",Dallas,TX,75225,US,(469) 364-4292,Northpark,https://stores.hoka.com/store/453725,2026-10-08,"locator name ""HOKA Northpark""; listed under HOKA brand account (company-managed listing) on stores.hoka.com"
Hoka,"HOKA Store Venice, CA",HOKA Store,own-door,as listed,1329 Abbot Kinney Blvd,Venice,CA,90291,US,(310) 256-2245,-,https://stores.hoka.com/store/259200,2026-10-08,"locator label ""HOKA Store""; listed under HOKA brand account (company-managed listing) on stores.hoka.com"
Hoka,"HOKA Store Costa Mesa, CA",HOKA Store,own-door,as listed,3333 Bear St Suite 347,Costa Mesa,CA,92626,US,(714) 716-2295,-,https://stores.hoka.com/store/282400,2026-10-08,"locator label ""HOKA Store""; listed under HOKA brand account (company-managed listing) on stores.hoka.com"
Hoka,HOKA Woodbury Outlet,HOKA Outlet,outlet,as listed,498 Red Apple Court #435,Central Valley,NY,10917,US,(845) 827-9001,-,https://stores.hoka.com/store/450980,2026-10-08,"locator label ""Outlet""; listed under HOKA brand account (company-managed listing) on stores.hoka.com"
Hoka,HOKA Ventura Outlet,HOKA Outlet,outlet,as listed,4115 E Main St,Ventura,CA,93003,US,(805) 728-1660,-,https://stores.hoka.com/store/453629,2026-10-08,"locator label ""Outlet""; listed under HOKA brand account (company-managed listing) on stores.hoka.com"
Hoka,HOKA Garden State Plaza,HOKA,own-door,as listed,"1 Garden State Plaza, Unit C8A",Paramus,NJ,07652,US,(201) 843-2121,Garden State Plaza,https://stores.hoka.com/store/466131,2026-10-08,"locator name ""HOKA Garden State Plaza""; listed under HOKA brand account (company-managed listing) on stores.hoka.com"
Hoka,"HOKA Store Flatiron, NY",HOKA Store,own-door,as listed,172 5th Ave,New York,NY,10010,US,(347) 983-5020,-,https://stores.hoka.com/store/223488,2026-10-08,"locator label ""HOKA Store""; listed under HOKA brand account (company-managed listing) on stores.hoka.com"
Hoka,"HOKA Flagship Store, NY",HOKA Flagship Store,own-door,as listed,579 5th Ave,New York,NY,10017,US,(347) 218-8100,-,https://stores.hoka.com/store/326148,2026-10-08,"locator label ""HOKA Flagship Store""; listed under HOKA brand account (company-managed listing) on stores.hoka.com"
Greyson,Greyson Detroit,Greyson,own-door,as listed,1500 Woodward Ave,Detroit,MI,48226,US,NC,Wright-Kay Building,https://greysonclothiers.com/pages/greyson-detroit-flagship,2026-10-08,operator not stated: neither Greyson-operated nor licensed/partner is stated on the locations page or store page; no phone listed; URL slug calls it flagship
Greyson,Greyson Southampton,Greyson,own-door,as listed,30 Jobs Lane,Southampton,NY,11968,US,NC,-,https://greysonclothiers.com/pages/greyson-southampton,2026-10-08,operator not stated: neither Greyson-operated nor licensed/partner is stated on the locations page or store page; no phone listed
Greyson,Greyson Charleston,Greyson,own-door,as listed,529 King Street,Charleston,SC,29403,US,NC,-,https://greysonclothiers.com/pages/greyson-charleston,2026-10-08,operator not stated: neither Greyson-operated nor licensed/partner is stated on the locations page or store page; no phone listed
Greyson,Greyson Harbor Springs,Greyson,own-door,as listed,117 W Main Street,Harbor Springs,MI,49740,US,NC,-,https://greysonclothiers.com/pages/greyson-harbor-springs,2026-10-08,operator not stated: neither Greyson-operated nor licensed/partner is stated on the locations page or store page; no phone listed
Greyson,Greyson Tampa,Greyson,own-door,as listed,1624 W. Snow Avenue,Tampa,FL,33606,US,NC,Hyde Park Village,https://greysonclothiers.com/pages/greyson-tampa,2026-10-08,operator not stated: neither Greyson-operated nor licensed/partner is stated on the locations page or store page; no phone listed
Greyson,Greyson Grand Rapids,Greyson,own-door,as listed,"40 Monroe Center St NW, Suite 101",Grand Rapids,MI,49503,US,NC,-,https://greysonclothiers.com/pages/greyson-grand-rapids,2026-10-08,operator not stated: neither Greyson-operated nor licensed/partner is stated on the locations page or store page; no phone listed
Greyson,Greyson New Orleans,Greyson,own-door,as listed,3900 Magazine Street,New Orleans,LA,70115,US,NC,-,https://greysonclothiers.com/pages/greyson-new-orleans,2026-10-08,operator not stated: neither Greyson-operated nor licensed/partner is stated on the locations page or store page; no phone listed
Greyson,Greyson West Palm Beach,Greyson,own-door,as listed,700 S Rosemary Ave Suite 126,West Palm Beach,FL,NC,US,NC,The Square,https://greysonclothiers.com/pages/greyson-west-palm-beach,2026-10-08,operator not stated: neither Greyson-operated nor licensed/partner is stated on the locations page or store page; no phone listed; zip not stated
Greyson,Greyson Denver,Greyson,own-door,as listed,2432 E 3rd Ave,Denver,CO,80206,US,NC,-,https://greysonclothiers.com/pages/greyson-denver,2026-10-08,operator not stated: neither Greyson-operated nor licensed/partner is stated on the locations page or store page; no phone listed
Greyson,Greyson Atlanta,Greyson,own-door,as listed,1170 Howell Mill Rd,Atlanta,GA,30318,US,NC,-,https://greysonclothiers.com/pages/greyson-atlanta,2026-10-08,operator not stated: neither Greyson-operated nor licensed/partner is stated on the locations page or store page; no phone listed
Clarks,Clarks Outlet - A898,Clarks Outlet,outlet,as listed,Suite F490 8925 Marketplace Drive,BIRCH RUN,MI,48415,US,9896245974,Birch Run Premium Outlets,https://www.clarks.com/en-us/store-locator/UnitedStates/BIRCH%20RUN/A898,2026-10-08,-
Clarks,Clarks Outlet - A897,Clarks Outlet,outlet,as listed,"2200 Tanger Blve, Suite 815",WASHINGTON,PA,15301,US,7242226209,Tanger Pittsburgh,https://www.clarks.com/en-us/store-locator/UnitedStates/WASHINGTON/A897,2026-10-08,-
Clarks,Clarks Outlet - A895,Clarks Outlet,outlet,as listed,65 Outlet Square,HERSHEY,PA,17033,US,7175201408,Outlets At Hershey,https://www.clarks.com/en-us/store-locator/UnitedStates/HERSHEY/A895,2026-10-08,-
Clarks,Clarks Outlet - A894,Clarks Outlet,outlet,as listed,Suite 410 29300 Hempstead Road,CYPRESS,TX,77433,US,2817580553,Houston Premium Outlets,https://www.clarks.com/en-us/store-locator/UnitedStates/CYPRESS/A894,2026-10-08,-
Clarks,Clarks Outlet - A892,Clarks Outlet,outlet,as listed,"18 Lightcap Road, Suite 729",POTTSTOWN,PA,19464,US,6103271595,Philadelphia Premium,https://www.clarks.com/en-us/store-locator/UnitedStates/POTTSTOWN/A892,2026-10-08,-
Clarks,Clarks Outlet - A891,Clarks Outlet,outlet,as listed,2025 Arctic Avenue,ATLANTIC CITY,NJ,08401,US,6095721200,Atlantic City Walk,https://www.clarks.com/en-us/store-locator/UnitedStates/ATLANTIC%20CITY/A891,2026-10-08,-
Clarks,Clarks Outlet - A890,Clarks Outlet,outlet,as listed,4965 International Dr. #2D-13,ORLANDO,FL,32819,US,4079035012,Orlando Premium International Outle,https://www.clarks.com/en-us/store-locator/UnitedStates/ORLANDO/A890,2026-10-08,-
Clarks,Clarks Outlet - A889,Clarks Outlet,outlet,as listed,410 Outlet Center Dr Ste B-034,QUEENSTOWN,MD,21658,US,4108274457,Queenstown Outlets,https://www.clarks.com/en-us/store-locator/UnitedStates/QUEENSTOWN/A889,2026-10-08,-
Clarks,Clarks Outlet - A887,Clarks Outlet,outlet,as listed,Suite C130 4633 Factory Stores Blvd.,MYRTLE BEACH,SC,29579,US,8432363472,Myrtle Beach Outlets,https://www.clarks.com/en-us/store-locator/UnitedStates/MYRTLE%20BEACH/A887,2026-10-08,-
Clarks,Clarks Outlet - A885,Clarks Outlet,outlet,as listed,"100 Citadel Drive, Suite 307",COMMERCE,CA,90040,US,3238871181,Citadel Outlets,https://www.clarks.com/en-us/store-locator/UnitedStates/COMMERCE/A885,2026-10-08,-
Clarks,Clarks Outlet - A884,Clarks Outlet,outlet,as listed,"655 Route 318, Suite B-56",WATERLOO,NY,13165,US,3155394901,Finger Lakes Premium Outlets,https://www.clarks.com/en-us/store-locator/UnitedStates/WATERLOO/A884,2026-10-08,-
Clarks,Clarks Outlet - A883,Clarks Outlet,outlet,as listed,4840 Tanger Outlet BVD St1082,NORTH CHARLESTON,SC,29418,US,8439746100,Charleston Outlet,https://www.clarks.com/en-us/store-locator/UnitedStates/NORTH%20CHARLESTON/A883,2026-10-08,-
Clarks,Clarks Outlet - A878,Clarks Outlet,outlet,as listed,1751 94th Drive,VERO BEACH,FL,32966,US,7722990435,Outlets at Vero Beach,https://www.clarks.com/en-us/store-locator/UnitedStates/VERO%20BEACH/A878,2026-10-08,-
Clarks,Clarks Outlet - A877,Clarks Outlet,outlet,as listed,"11401 NW 12 Street, Suite E-306",MIAMI,FL,33172,US,3056391904,Dolphin Mall,https://www.clarks.com/en-us/store-locator/UnitedStates/MIAMI/A877,2026-10-08,-
Clarks,Clarks Outlet - A876,Clarks Outlet,outlet,as listed,11805 N.E. Executive Drive,EDINBURGH,IN,46124,US,8125266300,Indiana Premium,https://www.clarks.com/en-us/store-locator/UnitedStates/EDINBURGH/A876,2026-10-08,-
Clarks,Clarks Outlet - A875,Clarks Outlet,outlet,as listed,Suite A150 1414 Fording Isle road,BLUFFTON,SC,29910,US,8438369943,Hilton Head ll,https://www.clarks.com/en-us/store-locator/UnitedStates/BLUFFTON/A875,2026-10-08,-
Clarks,Clarks Outlet - A874,Clarks Outlet,outlet,as listed,Suite 459 1 Premium Outlet Blvd,TINTON,NJ,07753,US,7324930833,Jersey Shore Outlets,https://www.clarks.com/en-us/store-locator/UnitedStates/TINTON/A874,2026-10-08,-
Clarks,Clarks Outlet - A873,Clarks Outlet,outlet,as listed,"4401 North Hwy 35, Suite 455",ROUND ROCK,TX,78664,US,5128693046,Round Rock Outlets,https://www.clarks.com/en-us/store-locator/UnitedStates/ROUND%20ROCK/A873,2026-10-08,-
Clarks,Clarks Outlet - A872,Clarks Outlet,outlet,as listed,"537 Monmouth Road, Suite 202",JACKSON,NJ,08527,US,7328331104,Jackson Prem Outlets,https://www.clarks.com/en-us/store-locator/UnitedStates/JACKSON/A872,2026-10-08,-
Clarks,Clarks Outlet - A871,Clarks Outlet,outlet,as listed,Comerio Ave & Expreso De Diego,BAYAMON,PR,00961,US,7875239836,Plaza Rio Hondo,https://www.clarks.com/en-us/store-locator/UnitedStates/BAYAMON/A871,2026-10-08,Puerto Rico; locator country US
Clarks,Clarks Outlet - A869,Clarks Outlet,outlet,as listed,"10600 Quil Ceda Blvd, Suite 624",TULALIP,WA,98271,US,3607162399,Seattle Premium Outlets,https://www.clarks.com/en-us/store-locator/UnitedStates/TULALIP/A869,2026-10-08,-
Clarks,Clarks Outlet - A868,Clarks Outlet,outlet,as listed,Suite 424 7000 Arundel Mills Circle,HANOVER,MD,21076,US,4437558727,Arundel Mills,https://www.clarks.com/en-us/store-locator/UnitedStates/HANOVER/A868,2026-10-08,-
Clarks,Clarks Outlet - A867,Clarks Outlet,outlet,as listed,"94-792 Lumiaina Street, Ste 208",WAIPAHU,HI,96797,US,8086783482,Waikele Premium Outlets,https://www.clarks.com/en-us/store-locator/UnitedStates/WAIPAHU/A867,2026-10-08,-
Clarks,Clarks Outlet - A866,Clarks Outlet,outlet,as listed,Route7 and L-90 17 Premium Outlets Blvd,LEE,MA,01238,US,4132436470,Lee Outlet,https://www.clarks.com/en-us/store-locator/UnitedStates/LEE/A866,2026-10-08,-
Clarks,Clarks Outlet - A863,Clarks Outlet,outlet,as listed,"11211 120th Avenue, SP A018",PLEASANT PRAIRIE,WI,53158,US,2628576645,Pleasant Prarie Outlet,https://www.clarks.com/en-us/store-locator/UnitedStates/PLEASANT%20PRAIRIE/A863,2026-10-08,-
Clarks,Clarks Outlet - A862,Clarks Outlet,outlet,as listed,#1215 1215 Outlet Center Dr,SMITHFIELD,NC,27577,US,9199340615,Carolina Premium Outlets,https://www.clarks.com/en-us/store-locator/UnitedStates/SMITHFIELD/A862,2026-10-08,-
Clarks,Clarks Outlet - A861,Clarks Outlet,outlet,as listed,211 Lighthouse Place,MICHIGAN CITY,IN,46360,US,2198794280,Lighthouse Place,https://www.clarks.com/en-us/store-locator/UnitedStates/MICHIGAN%20CITY/A861,2026-10-08,-
Clarks,Clarks Outlet - A860,Clarks Outlet,outlet,as listed,301-F Nut Tree Road,VACAVILLE,CA,95687,US,7074467188,Vacaville Outlets,https://www.clarks.com/en-us/store-locator/UnitedStates/VACAVILLE/A860,2026-10-08,-
Clarks,Clarks Outlet - A859,Clarks Outlet,outlet,as listed,Tanger Outlet Center 10843 Kings Road Suite 620,MYRTLE BEACH,SC,29572,US,8434491431,Tanger Outlet Center,https://www.clarks.com/en-us/store-locator/UnitedStates/MYRTLE%20BEACH/A859,2026-10-08,-
Clarks,Clarks Outlet - A857,Clarks Outlet,outlet,as listed,Suite 104-D 5630 Paseo Del Norte,CARLSBAD,CA,92008,US,7606038252,Carlsbad Co Stores,https://www.clarks.com/en-us/store-locator/UnitedStates/CARLSBAD/A857,2026-10-08,-
Clarks,Clarks Outlet - A856,Clarks Outlet,outlet,as listed,"Ste. B-240, Albertville Outlets 6415 Labeaux Ne Ave.",ALBERTVILLE,MN,55301,US,7634972857,Albertville Outlets,https://www.clarks.com/en-us/store-locator/UnitedStates/ALBERTVILLE/A856,2026-10-08,-
Clarks,Clarks Outlet - A855,Clarks Outlet,outlet,as listed,"1001 Arney Road, Suite 217",WOODBURN,OR,97071,US,5039820573,Woodburn Premium Outlets,https://www.clarks.com/en-us/store-locator/UnitedStates/WOODBURN/A855,2026-10-08,-
Clarks,Clarks Outlet - A854,Clarks Outlet,outlet,as listed,Suite 1825 36445 Seaside Outlet Dr,REHOBOTH BEACH,DE,19971,US,3022278290,Tanger Outlet Center,https://www.clarks.com/en-us/store-locator/UnitedStates/REHOBOTH%20BEACH/A854,2026-10-08,-
Clarks,Clarks Outlet - A852,Clarks Outlet,outlet,as listed,Suite 1250 1911 Leesburg Grove City Rd,GROVE CITY,PA,16127,US,7247484929,Grove City Outlet,https://www.clarks.com/en-us/store-locator/UnitedStates/GROVE%20CITY/A852,2026-10-08,-
Clarks,Clarks Outlet - A851,Clarks Outlet,outlet,as listed,1650 Premium Outlets Blvd,AURORA,IL,60502,US,6304997090,Chicago Prem Outlets,https://www.clarks.com/en-us/store-locator/UnitedStates/AURORA/A851,2026-10-08,-
Clarks,Clarks Outlet - A850,Clarks Outlet,outlet,as listed,SP 430 4155 Camino De La Plaza,SAN DIEGO,CA,92173,US,6194283589,Las Americas Outlet,https://www.clarks.com/en-us/store-locator/UnitedStates/SAN%20DIEGO/A850,2026-10-08,-
Clarks,Clarks Outlet - A849,Clarks Outlet,outlet,as listed,Suite 371 5000 Katy Mills Circle,KATY,TX,77494,US,2813927186,Katy Mills,https://www.clarks.com/en-us/store-locator/UnitedStates/KATY/A849,2026-10-08,-
Clarks,Clarks Outlet - A848,Clarks Outlet,outlet,as listed,1 Premium Outlets Blvd,BARCELONETA,PR,00617,US,787-650-6993,Puerto Rico Premium Outlets,https://www.clarks.com/en-us/store-locator/UnitedStates/BARCELONETA/A848,2026-10-08,Puerto Rico; locator country US
Clarks,Clarks Outlet - A847,Clarks Outlet,outlet,as listed,Suite 420 4164 Baldwin Road,AUBURN HILLS,MI,48326,US,2483342834,Great Lakes Crossing Outlet,https://www.clarks.com/en-us/store-locator/UnitedStates/AUBURN%20HILLS/A847,2026-10-08,-
Clarks,Clarks Outlet - A846,Clarks Outlet,outlet,as listed,Suite 620 48400 Seminole Drive,CABAZON,CA,92230,US,9518496660,Cabazon Outlet,https://www.clarks.com/en-us/store-locator/UnitedStates/CABAZON/A846,2026-10-08,-
Clarks,Clarks Outlet - A845,Clarks Outlet,outlet,as listed,"1645 Parkway, Suite 640",SEVIERVILLE,TN,37862,US,8654295044,Sevierville Outlet,https://www.clarks.com/en-us/store-locator/UnitedStates/SEVIERVILLE/A845,2026-10-08,-
Clarks,Clarks Outlet - A844,Clarks Outlet,outlet,as listed,"SP 918, Camarillo Premium Outlet",CAMARILLO,CA,93010,US,8054452942,950 Camarillo Center Drive,https://www.clarks.com/en-us/store-locator/UnitedStates/CAMARILLO/A844,2026-10-08,-
Clarks,Clarks Outlet - A843,Clarks Outlet,outlet,as listed,8325 Arroyo Circle,GILROY,CA,95020,US,4088484518,Gilroy Premium Outlets,https://www.clarks.com/en-us/store-locator/UnitedStates/GILROY/A843,2026-10-08,-
Clarks,Clarks Outlet - A842,Clarks Outlet,outlet,as listed,839 Factory Stores Drive,NAPA,CA,94558,US,7072261546,Napa Premium,https://www.clarks.com/en-us/store-locator/UnitedStates/NAPA/A842,2026-10-08,-
Clarks,Clarks Outlet - A841,Clarks Outlet,outlet,as listed,10801 Corkscrew Road,ESTERO,FL,33928,US,2393903241,Miromar Outlets,https://www.clarks.com/en-us/store-locator/UnitedStates/ESTERO/A841,2026-10-08,-
Clarks,Clarks Outlet - A840,Clarks Outlet,outlet,as listed,Las Vegas Premium Outlet N 855 S.Grand Central Pkwy,LAS VEGAS,NV,89106,US,7023801390,Las Vegas Premium Outlet N,https://www.clarks.com/en-us/store-locator/UnitedStates/LAS%20VEGAS/A840,2026-10-08,-
Clarks,Clarks Outlet - A839,Clarks Outlet,outlet,as listed,10562 Emerald Coast Prkwy #123,DESTIN,FL,32550,US,8508376279,Silver Sands,https://www.clarks.com/en-us/store-locator/UnitedStates/DESTIN/A839,2026-10-08,-
Clarks,Clarks Outlet - A838,Clarks Outlet,outlet,as listed,3939 Highway l-35 South,SAN MARCOS,TX,78666,US,5128059370,San Marcos Outlet,https://www.clarks.com/en-us/store-locator/UnitedStates/SAN%20MARCOS/A838,2026-10-08,-
Clarks,Clarks Outlet - A837,Clarks Outlet,outlet,as listed,"2950 W Interstate 20, Suite460",GRAND PRAIRIE,TX,75052,US,9726066720,Grand Prairie,https://www.clarks.com/en-us/store-locator/UnitedStates/GRAND%20PRAIRIE/A837,2026-10-08,-
Clarks,Clarks Outlet - A836,Clarks Outlet,outlet,as listed,"Suite 440, Allen Premium Outlet 440 820 W Stacy Road",ALLEN,TX,75013,US,9726782205,Allen Premium Outlet,https://www.clarks.com/en-us/store-locator/UnitedStates/ALLEN/A836,2026-10-08,-
Clarks,Clarks Outlet - A835,Clarks Outlet,outlet,as listed,"5629 Factory Shops, Suite 108",ELLENTON,FL,34222,US,9417222828,Ellenton Outlet,https://www.clarks.com/en-us/store-locator/UnitedStates/ELLENTON/A835,2026-10-08,-
Clarks,Clarks Outlet - A834,Clarks Outlet,outlet,as listed,Suite 412 2601 S McKenzie Street,FOLEY,AL,36535,US,2519433702,Foley Outlet,https://www.clarks.com/en-us/store-locator/UnitedStates/FOLEY/A834,2026-10-08,-
Clarks,Clarks Outlet - A833,Clarks Outlet,outlet,as listed,20-A Killingworth Turnpike,CLINTON,CT,06413,US,8606697225,Clinton Crossing,https://www.clarks.com/en-us/store-locator/UnitedStates/CLINTON/A833,2026-10-08,-
Clarks,Clarks Outlet - A832,Clarks Outlet,outlet,as listed,Suite 1155 2200 Petaluma Blvd N,PETALUMA,CA,94952,US,7077815221,Petaluma Village,https://www.clarks.com/en-us/store-locator/UnitedStates/PETALUMA/A832,2026-10-08,-
Clarks,Clarks Outlet - A831,Clarks Outlet,outlet,as listed,"375 US Route 1, SP T-110",KITTERY,ME,03904,US,2074394300,Kittery Outlet,https://www.clarks.com/en-us/store-locator/UnitedStates/KITTERY/A831,2026-10-08,-
Clarks,Clarks Outlet - A830,Clarks Outlet,outlet,as listed,Suite 1319 241 Fort Evens Road NE,LEESBURG,VA,20176,US,7036691931,Leesburg Premium Outlets,https://www.clarks.com/en-us/store-locator/UnitedStates/LEESBURG/A830,2026-10-08,-
Clarks,Clarks Outlet - A829,Clarks Outlet,outlet,as listed,5711-35 Richmond Road,WILLIAMSBURG,VA,23188,US,7575652924,Williamsburg Prime Outlet,https://www.clarks.com/en-us/store-locator/UnitedStates/WILLIAMSBURG/A829,2026-10-08,-
Clarks,Clarks Outlet - A828,Clarks Outlet,outlet,as listed,209 Red Apple Court,CENTRAL VALLEY,NY,10917,US,8459285248,Woodbury Commons Premium,https://www.clarks.com/en-us/store-locator/UnitedStates/CENTRAL%20VALLEY/A828,2026-10-08,-
Clarks,Clarks Outlet - A826,Clarks Outlet,outlet,as listed,"8200 Vineland Avenue, SP450",ORLANDO,FL,32821,US,4072387966,Orlando Premium Outlet,https://www.clarks.com/en-us/store-locator/UnitedStates/ORLANDO/A826,2026-10-08,-
Clarks,Clarks Outlet - A825,Clarks Outlet,outlet,as listed,800 Hwy. 400 South Suite 985,DAWSONVILLE,GA,30534,US,7062164391,Dawsonville Outlet,https://www.clarks.com/en-us/store-locator/UnitedStates/DAWSONVILLE/A825,2026-10-08,-
Clarks,Clarks Outlet - A824,Clarks Outlet,outlet,as listed,"651 Kapkowski road, SP 2070",ELIZABETH,NJ,07201,US,9083534760,Jersey Gardens,https://www.clarks.com/en-us/store-locator/UnitedStates/ELIZABETH/A824,2026-10-08,-
Clarks,Clarks Outlet - A823,Clarks Outlet,outlet,as listed,Suite 420 1 Premium Outlet Blvd,WRENTHAM,MA,02093,US,5083842949,Wrentham Village Outlet,https://www.clarks.com/en-us/store-locator/UnitedStates/WRENTHAM/A823,2026-10-08,-
Clarks,Clarks Outlet - A822,Clarks Outlet,outlet,as listed,"1 Mills Circle, Suite 510",ONTARIO,CA,91764,US,9099807701,Ontario Mills,https://www.clarks.com/en-us/store-locator/UnitedStates/ONTARIO/A822,2026-10-08,-
Clarks,Clarks Outlet - A819,Clarks Outlet,outlet,as listed,1306 Tanger Drive,RIVERHEAD,NY,11901,US,6317273554,Riverhead Outlet,https://www.clarks.com/en-us/store-locator/UnitedStates/RIVERHEAD/A819,2026-10-08,-
Clarks,Clarks Outlet - A817,Clarks Outlet,outlet,as listed,12801 West Sunrise Blvd,SUNRISE,FL,33323,US,9548468382,Sawgrass Mill,https://www.clarks.com/en-us/store-locator/UnitedStates/SUNRISE/A817,2026-10-08,-
Clarks,Clarks Outlet - A816,Clarks Outlet,outlet,as listed,7400 S.Las Vegas Blvd,LAS VEGAS,NV,89123,US,7022696730,Las Vegas Prem Out S,https://www.clarks.com/en-us/store-locator/UnitedStates/LAS%20VEGAS/A816,2026-10-08,-
Clarks,Clarks Outlet - A814,Clarks Outlet,outlet,as listed,Suite 254 2700 Potomac Mills Circle,WOODBRIDGE,VA,22192,US,7034909955,Potomac Mills,https://www.clarks.com/en-us/store-locator/UnitedStates/WOODBRIDGE/A814,2026-10-08,-
Clarks,Clarks Outlet - A813,Clarks Outlet,outlet,as listed,Suite 545 165 Opry Mills Drive,NASHVILLE,TN,37214,US,6158003931,Opry Mills,https://www.clarks.com/en-us/store-locator/UnitedStates/NASHVILLE/A813,2026-10-08,-
Clarks,Clarks Outlet - A812,Clarks Outlet,outlet,as listed,Suite 550 550 Great Mall Drive,MILPITAS,CA,95035,US,4082638214,Great Mall,https://www.clarks.com/en-us/store-locator/UnitedStates/MILPITAS/A812,2026-10-08,-
Clarks,Clarks Outlet - A810,Clarks Outlet,outlet,as listed,14500 West Colfax Ave. Ste#231,LAKEWOOD,CO,80401,US,3032160637,Colorado Mills,https://www.clarks.com/en-us/store-locator/UnitedStates/LAKEWOOD/A810,2026-10-08,-
Clarks,Clarks Outlet - A809,Clarks Outlet,outlet,as listed,"300 Tanger Blvd, Suite 111",BRANSON,MO,65616,US,4173341113,Branson Tanger Outlet,https://www.clarks.com/en-us/store-locator/UnitedStates/BRANSON/A809,2026-10-08,-
Clarks,Clarks Outlet - A808,Clarks Outlet,outlet,as listed,"4000 Arrowhead Blvd, Suite 536",MEBANE,NC,27302,US,9193045110,Tanger Mebane,https://www.clarks.com/en-us/store-locator/UnitedStates/MEBANE/A808,2026-10-08,-
Clarks,Clarks Outlet - A806,Clarks Outlet,outlet,as listed,2700 FL-16 #308,ST AUGUSTINE,FL,32092,US,9048249836,St Augustine Premium,https://www.clarks.com/en-us/store-locator/UnitedStates/ST%20AUGUSTINE/A806,2026-10-08,-
Clarks,Clarks Outlet - A805,Clarks Outlet,outlet,as listed,127 Premium Outlet Dr Ste #127,MONROE,OH,45050,US,5135397990,Cincinnati Premium,https://www.clarks.com/en-us/store-locator/UnitedStates/MONROE/A805,2026-10-08,-
Clarks,Clarks Outlet - A803,Clarks Outlet,outlet,as listed,Suite B14 2 Common Court,NORTH CONWAY,NH,03860,US,6033566788,Settlers Green,https://www.clarks.com/en-us/store-locator/UnitedStates/NORTH%20CONWAY/A803,2026-10-08,-
Clarks,Clarks Outlet - A802,Clarks Outlet,outlet,as listed,304 Stanley K. Tanger Drive,LANCASTER,PA,17602,US,7173904820,Tanger Outlet Center,https://www.clarks.com/en-us/store-locator/UnitedStates/LANCASTER/A802,2026-10-08,-
Clarks,Clarks Outlet - A801,Clarks Outlet,outlet,as listed,"1000 Route 611, Suite G04",TANNERSVILLE,PA,18372,US,570-620-2191,Pocono Premium Outlets,https://www.clarks.com/en-us/store-locator/UnitedStates/TANNERSVILLE/A801,2026-10-08,-
Clarks,Clarks - A794,Clarks,own-door,as listed,1 Crossgates Mall Rd Ste#B-206,ALBANY,NY,12203,US,5188622047,Crossgates Mall,https://www.clarks.com/en-us/store-locator/UnitedStates/ALBANY/A794,2026-10-08,-
Clarks,Clarks - A767,Clarks,own-door,as listed,1302 Glendale Galleria,GLENDALE,CA,91210,US,8185459524,Glendale Galleria,https://www.clarks.com/en-us/store-locator/UnitedStates/GLENDALE/A767,2026-10-08,-
Clarks,Clarks - A758,Clarks,own-door,as listed,Suite 1019 4325 Glenwood Avenue,RALEIGH,NC,27612,US,9197859555,Crabtree Valley Mall,https://www.clarks.com/en-us/store-locator/UnitedStates/RALEIGH/A758,2026-10-08,-
Clarks,Clarks - A748,Clarks,own-door,as listed,"7 Backus Avenue, Suite B-210",DANBURY,CT,06810,US,2032050072,Danbury Fair Mall,https://www.clarks.com/en-us/store-locator/UnitedStates/DANBURY/A748,2026-10-08,-
Clarks,Clarks - A746,Clarks,own-door,as listed,294 Westfarms Mall Rd Ste F205,FARMINGTON,CT,06032,US,8605612896,Westfarms Mall,https://www.clarks.com/en-us/store-locator/UnitedStates/FARMINGTON/A746,2026-10-08,-
Clarks,Clarks - A743,Clarks,own-door,as listed,993 3rd Ave,NEW YORK,NY,10022,US,2122074115,Third Avenue,https://www.clarks.com/en-us/store-locator/UnitedStates/NEW%20YORK/A743,2026-10-08,-
Clarks,Clarks - A731,Clarks,own-door,as listed,"27672 Novi Road, Suite C-177",NOVI,MI,48377,US,2483055799,Twelve Oaks,https://www.clarks.com/en-us/store-locator/UnitedStates/NOVI/A731,2026-10-08,-
Clarks,Clarks - A728,Clarks,own-door,as listed,5364 Kings Plaza Sp#1730,BROOKLYN,NY,11234,US,7183382841,Kings Plaza,https://www.clarks.com/en-us/store-locator/UnitedStates/BROOKLYN/A728,2026-10-08,-
Clarks,Clarks - A723,Clarks,own-door,as listed,89 Market Street,YONKERS,NY,10710,US,9143774836,Ridge Hill,https://www.clarks.com/en-us/store-locator/UnitedStates/YONKERS/A723,2026-10-08,-
Clarks,Clarks - A720,Clarks,own-door,as listed,2035 Stoneridge Mall Rd A214,PLEASANTON,CA,94588,US,9259240151,Stoneridge Mall,https://www.clarks.com/en-us/store-locator/UnitedStates/PLEASANTON/A720,2026-10-08,-
Clarks,Clarks - A717,Clarks,own-door,as listed,11928 U Fair Oaks Sp M222,FAIRFAX,VA,22033,US,7035910305,Fair Oaks Mall,https://www.clarks.com/en-us/store-locator/UnitedStates/FAIRFAX/A717,2026-10-08,-
Clarks,Clarks - A714,Clarks,own-door,as listed,"2800 N. Main Street, Space 248",SANTA ANA,CA,92705,US,7145501104,Westfield Mainplace,https://www.clarks.com/en-us/store-locator/UnitedStates/SANTA%20ANA/A714,2026-10-08,-
Clarks,Clarks - A706,Clarks,own-door,as listed,56 Infantry Hwy & Fragaso,CAROLINA,PR,00983,US,7874183915,Plaza Carolinas,https://www.clarks.com/en-us/store-locator/UnitedStates/CAROLINA/A706,2026-10-08,Puerto Rico; locator country US
Clarks,Clarks - A702,Clarks,own-door,as listed,Space 0008L 1961 Chain Bridge Road,McLean,VA,22102,US,7039403020,Tysons Corner Center,https://www.clarks.com/en-us/store-locator/UnitedStates/McLean/A702,2026-10-08,-
Clarks,Clarks - A701,Clarks,own-door,as listed,Suite D124 1 American Dream Way,East Rutherford,NJ,07073,US,2018423699,American Dream,https://www.clarks.com/en-us/store-locator/UnitedStates/East%20Rutherford/A701,2026-10-08,-
Clarks,Clarks - A592,Clarks,own-door,as listed,Suite 136 1455 NW 107th Avenue,MIAMI,FL,33172,US,3055914713,Miami International,https://www.clarks.com/en-us/store-locator/UnitedStates/MIAMI/A592,2026-10-08,-
Clarks,Clarks - A540,Clarks,own-door,as listed,Suite 214 14006 Riverside Drive,SHERMAN OAKS,CA,91423,US,8187837889,Westfield Fashion Square,https://www.clarks.com/en-us/store-locator/UnitedStates/SHERMAN%20OAKS/A540,2026-10-08,-
Clarks,Clarks - A538,Clarks,own-door,as listed,"400 Commons Way, Suite 230",BRIDGEWATER,NJ,08807,US,9089279779,Bridgewater Commons,https://www.clarks.com/en-us/store-locator/UnitedStates/BRIDGEWATER/A538,2026-10-08,-
Clarks,Clarks - A531,Clarks,own-door,as listed,"975 Avenida Hostos, Suite 730",MAYAGUEZ,PR,00680,US,7876526992,Mayaguez Mall,https://www.clarks.com/en-us/store-locator/UnitedStates/MAYAGUEZ/A531,2026-10-08,Puerto Rico; locator country US
Clarks,Clarks - A530,Clarks,own-door,as listed,2000-159 Riverchase Galleria,BIRMINGHAM,AL,35244,US,2056827980,Riverchase Galleria,https://www.clarks.com/en-us/store-locator/UnitedStates/BIRMINGHAM/A530,2026-10-08,-
Clarks,Clarks - A529,Clarks,own-door,as listed,Suite 1073 160 North Gulph Road,KING OF PRUSSIA,PA,19406,US,6102657409,King of Prussia,https://www.clarks.com/en-us/store-locator/UnitedStates/KING%20OF%20PRUSSIA/A529,2026-10-08,-
Clarks,Clarks - A527,Clarks,own-door,as listed,90-15 Queens Blvd.,ELMHURST,NY,11373,US,7182717505,Queens Center,https://www.clarks.com/en-us/store-locator/UnitedStates/ELMHURST/A527,2026-10-08,-
Clarks,Clarks - A525,Clarks,own-door,as listed,Ste 2116 8687 North Central Expressway,DALLAS,TX,75225,US,2146913900,NorthPark Center,https://www.clarks.com/en-us/store-locator/UnitedStates/DALLAS/A525,2026-10-08,-
Clarks,Clarks - A524,Clarks,own-door,as listed,Suite E-7 4999 Old Orchard Center,SKOKIE,IL,60077,US,8473299898,Westfield Old Orchard,https://www.clarks.com/en-us/store-locator/UnitedStates/SKOKIE/A524,2026-10-08,-
Clarks,Clarks - A523,Clarks,own-door,as listed,Suite 1019 1 Garden State Plaza,PARAMUS,NJ,07652,US,2018431721,Westfield Garden State Plaza,https://www.clarks.com/en-us/store-locator/UnitedStates/PARAMUS/A523,2026-10-08,-
Clarks,Clarks - A522,Clarks,own-door,as listed,"2050 Ponce Bypass, Suite 155",PONCE,PR,00716,US,7874995211,Plaza Del Caribe,https://www.clarks.com/en-us/store-locator/UnitedStates/PONCE/A522,2026-10-08,Puerto Rico; locator country US
Clarks,Clarks - A516,Clarks,own-door,as listed,2855 Stevens Creek Blvd.,SANTA CLARA,CA,95050,US,4089851355,Valley Fair Mall,https://www.clarks.com/en-us/store-locator/UnitedStates/SANTA%20CLARA/A516,2026-10-08,-
Clarks,Clarks - A514,Clarks,own-door,as listed,8001 S. Orange Blossom Trail,ORLANDO,FL,32809,US,4078268617,Florida Mall,https://www.clarks.com/en-us/store-locator/UnitedStates/ORLANDO/A514,2026-10-08,-
Clarks,Clarks - A513,Clarks,own-door,as listed,525 AVE FD ROOSEVELT STE 63,SAN JUAN,PR,00918,US,7873023081,Plaza Las Americas,https://www.clarks.com/en-us/store-locator/UnitedStates/SAN%20JUAN/A513,2026-10-08,Puerto Rico; locator country US
Clarks,Clarks - A507,Clarks,own-door,as listed,Suite 1095 3333 Buford Drive NE,BUFORD,GA,30519,US,6784827433,Mall of Georgia,https://www.clarks.com/en-us/store-locator/UnitedStates/BUFORD/A507,2026-10-08,-
Clarks,Clarks - A502,Clarks,own-door,as listed,146 East Broadway,BLOOMINGTON,MN,55425,US,9528544462,Mall of America,https://www.clarks.com/en-us/store-locator/UnitedStates/BLOOMINGTON/A502,2026-10-08,-
Clarks,Clarks - A501,Clarks,own-door,as listed,200 STATE ST SPACE A6/7,BOSTON,MA,02109,US,6172612320,Marketplace Center,https://www.clarks.com/en-us/store-locator/UnitedStates/BOSTON/A501,2026-10-08,-
Clarks,Clarks - A472,Clarks,own-door,as listed,Suite 26 3301 Veterans Memorial Blvd,METAIRIE,LA,70002,US,5042937695,Lakeside Shopping Center,https://www.clarks.com/en-us/store-locator/UnitedStates/METAIRIE/A472,2026-10-08,-
Clarks,Clarks - A471,Clarks,outlet,as listed,Suite 2025 700 Haywood Road,GREENVILLE,SC,29607,US,8644775679,Haywood Mall,https://www.clarks.com/en-us/store-locator/UnitedStates/GREENVILLE/A471,2026-10-08,locator storeType OUTLET; display name lacks Outlet
Clarks,Clarks - A470,Clarks,own-door,as listed,Suite 103 23191 Fashion Drive,ESTERO,FL,33928,US,2393015066,Coconut Point Mall,https://www.clarks.com/en-us/store-locator/UnitedStates/ESTERO/A470,2026-10-08,-
Clarks,Clarks - A285,Clarks,own-door,as listed,Space No. 2000 100 N. Water Street,NORWALK,CT,06854,US,4752839328,SoNo Collection,https://www.clarks.com/en-us/store-locator/UnitedStates/NORWALK/A285,2026-10-08,-
Clarks,Clarks - A275,Clarks,own-door,as listed,Suite 145 200 Baychester Avenue,BRONX,NY,10475,US,7183790671,The Mall at Bay Plaza,https://www.clarks.com/en-us/store-locator/UnitedStates/BRONX/A275,2026-10-08,-
Clarks,Clarks - A219,Clarks,own-door,as listed,30 Mall Drive West Sp.B31,JERSEY CITY,NJ,07310,US,2012227537,Newport Centre,https://www.clarks.com/en-us/store-locator/UnitedStates/JERSEY%20CITY/A219,2026-10-08,-
Clarks,Clarks Outlet - A187,Clarks Outlet,outlet,as listed,Unit K5 450 Greece Ridge Center Drive,ROCHESTER,NY,14626,US,5852956562,The Mall at Greece Ridge,https://www.clarks.com/en-us/store-locator/UnitedStates/ROCHESTER/A187,2026-10-08,-
Clarks,Clarks Outlet - A186,Clarks Outlet,outlet,as listed,Suite 510 5701 Outlets at Tejon Pkwy,TEJON RANCH,CA,93203,US,6615352870,Outlets at Tejon,https://www.clarks.com/en-us/store-locator/UnitedStates/TEJON%20RANCH/A186,2026-10-08,-
Clarks,Clarks Outlet - A185,Clarks Outlet,outlet,as listed,Suite 230 200 Bass Pro Drive,PEARL,MS,39208,US,6017093500,Outlets of Mississippi,https://www.clarks.com/en-us/store-locator/UnitedStates/PEARL/A185,2026-10-08,-
Clarks,Clarks Outlet - A184,Clarks Outlet,outlet,as listed,Suite 322 6200 Grand River Blvd East,LEEDS,AL,35094,US,2059055611,The Shops of Grand River,https://www.clarks.com/en-us/store-locator/UnitedStates/LEEDS/A184,2026-10-08,-
Clarks,Clarks Outlet - A183,Clarks Outlet,outlet,as listed,Unit E-129 21317 Nebraska Crossing Drive,GRETNA,NE,68028,US,4025075658,Nebraska Crossing,https://www.clarks.com/en-us/store-locator/UnitedStates/GRETNA/A183,2026-10-08,-
Clarks,Clarks Outlet - A182,Clarks Outlet,outlet,as listed,Suite O-111 1811 Village West Parkway,KANSAS CITY,KS,66111,US,9132202185,Tanger Kansas City at Legends,https://www.clarks.com/en-us/store-locator/UnitedStates/KANSAS%20CITY/A182,2026-10-08,-
Clarks,Clarks Outlet - A181,Clarks Outlet,outlet,as listed,Suite 826 4976 Premium Outlets Way,CHANDLER,AZ,85226,US,6028423408,Phoenix Premium Outlets,https://www.clarks.com/en-us/store-locator/UnitedStates/CHANDLER/A181,2026-10-08,-
Clarks,Clarks Outlet - A180,Clarks Outlet,outlet,as listed,Suite 350E 1 Freeport Village Station,FREEPORT,ME,04032,US,2078691006,Freeport Village Station Outlets,https://www.clarks.com/en-us/store-locator/UnitedStates/FREEPORT/A180,2026-10-08,-
Clarks,Clarks Outlet - A179,Clarks Outlet,outlet,as listed,227-P Blue River Parkway,SILVERTHORNE,CO,80498,US,9704862788,Outlets at Silverthorne,https://www.clarks.com/en-us/store-locator/UnitedStates/SILVERTHORNE/A179,2026-10-08,-
Clarks,Clarks Outlet - A178,Clarks Outlet,outlet,as listed,Suite 104 2796 Tanger Way,BARSTOW,CA,92311,US,7603078006,Outlets at Barstow,https://www.clarks.com/en-us/store-locator/UnitedStates/BARSTOW/A178,2026-10-08,-
Clarks,Clarks Outlet - A177,Clarks Outlet,outlet,as listed,Suite 710 3905 Eagan Outlets Parkway,EAGAN,MN,55122,US,6122778076,Twin Cities Premium Outlets,https://www.clarks.com/en-us/store-locator/UnitedStates/EAGAN/A177,2026-10-08,-
Clarks,Clarks Outlet - A176,Clarks Outlet,outlet,as listed,Suite F608 1155 Buck Creek Road,SIMPSONVILLE,KY,40067,US,5024054101,The Outlet Shoppes of the Bluegrass,https://www.clarks.com/en-us/store-locator/UnitedStates/SIMPSONVILLE/A176,2026-10-08,-
Clarks,Clarks Outlet - A175,Clarks Outlet,outlet,as listed,Suite 119 333 Five Cities Drive,PISMO BEACH,CA,93449,US,8052954207,Pismo Beach Premium Outlets,https://www.clarks.com/en-us/store-locator/UnitedStates/PISMO%20BEACH/A175,2026-10-08,-
Clarks,Clarks Outlet - A174,Clarks Outlet,outlet,as listed,Suite 423 5001 East Us Expressway 83,MERCEDES,TX,78570,US,9569984123,Rio Grande Valley Premium Outlets,https://www.clarks.com/en-us/store-locator/UnitedStates/MERCEDES/A174,2026-10-08,-
Clarks,Clarks Outlet - A173,Clarks Outlet,outlet,as listed,Suite 885 1600 Premium Outlets Blvd,NORFOLK,VA,23502,US,7572172856,Norfolk Premium Outlets,https://www.clarks.com/en-us/store-locator/UnitedStates/NORFOLK/A173,2026-10-08,-
Clarks,Clarks Outlet - A172,Clarks Outlet,outlet,as listed,Unit 432 3000 Grapevine Mills Parkw,GRAPEVINE,TX,76051,US,4694443215,Grapevine Mills,https://www.clarks.com/en-us/store-locator/UnitedStates/GRAPEVINE/A172,2026-10-08,-
Clarks,Clarks Outlet - A171,Clarks Outlet,outlet,as listed,Suite 152 2400 South Tanger Blvd,GONZALES,LA,70737,US,2252581016,Tanger Gonzales,https://www.clarks.com/en-us/store-locator/UnitedStates/GONZALES/A171,2026-10-08,-
Clarks,Clarks Outlet - A170,Clarks Outlet,outlet,as listed,Suite 1202 1101 Outlet Collection Way,AUBURN,WA,98001,US,2533940003,The Outlet Collection Seattle,https://www.clarks.com/en-us/store-locator/UnitedStates/AUBURN/A170,2026-10-08,-
Clarks,Clarks Outlet - A169,Clarks Outlet,outlet,as listed,Suite 940 15853 North Freeway,FORT WORTH,TX,76177,US,8177676075,Tanger Outlets Fort Worth,https://www.clarks.com/en-us/store-locator/UnitedStates/FORT%20WORTH/A169,2026-10-08,-
Clarks,Clarks Outlet - A168,Clarks Outlet,outlet,as listed,Suite D138 1350 Scheels Drive,SPARKS,NV,89434,US,7755021595,Legends at Sparks Marina,https://www.clarks.com/en-us/store-locator/UnitedStates/SPARKS/A168,2026-10-08,-
Clarks,Clarks Outlet - A167,Clarks Outlet,outlet,as listed,Space #003 1424 State Route 9,LAKE GEORGE,NY,12845,US,5186158015,The Outlets at Lake George,https://www.clarks.com/en-us/store-locator/UnitedStates/LAKE%20GEORGE/A167,2026-10-08,-
Clarks,Clarks Outlet - A166,Clarks Outlet,outlet,as listed,Suite 1215 152 The Arches Circle,DEER PARK,NY,11729,US,631-782-1044,Tanger Outlets Deer Park,https://www.clarks.com/en-us/store-locator/UnitedStates/DEER%20PARK/A166,2026-10-08,-
Clarks,Clarks Outlet - A165,Clarks Outlet,outlet,as listed,350 84th Street SW,BYRON CENTER,MI,49315,US,6167304002,Tanger Outlets Grand Rapids,https://www.clarks.com/en-us/store-locator/UnitedStates/BYRON%20CENTER/A165,2026-10-08,-
Clarks,Clarks Outlet - A164,Clarks Outlet,outlet,as listed,Suite 355 3136 Fashion Center Blvd,NEWARK,DE,19702,US,3023562071,Christiana Fashion Center,https://www.clarks.com/en-us/store-locator/UnitedStates/NEWARK/A164,2026-10-08,-
Clarks,Clarks Outlet - A163,Clarks Outlet,outlet,as listed,Space #97 18400 State Road #3,CANOVANAS,PR,00729,US,7872563497,"Canovanas, PR",https://www.clarks.com/en-us/store-locator/UnitedStates/CANOVANAS/A163,2026-10-08,Puerto Rico; locator country US
Clarks,Clarks Outlet - A162,Clarks Outlet,outlet,as listed,Suite 1065 1100 Cornerstone Blvd,DAYTONA BEACH,FL,32117,US,3862743298,Tanger Daytona Beach,https://www.clarks.com/en-us/store-locator/UnitedStates/DAYTONA%20BEACH/A162,2026-10-08,-
Clarks,Clarks Outlet - A161,Clarks Outlet,outlet,as listed,Suite 1060 400 South Wilson Road,SUNBURY,OH,43074,US,7409650543,Tanger Columbus,https://www.clarks.com/en-us/store-locator/UnitedStates/SUNBURY/A161,2026-10-08,-
Clarks,Clarks Outlet - A160,Clarks Outlet,outlet,as listed,Suite 528 22705 Clarksburg Rd,CLARKSBURG,MD,20871,US,3019440016,Clarksburg Premium,https://www.clarks.com/en-us/store-locator/UnitedStates/CLARKSBURG/A160,2026-10-08,-
Clarks,Clarks Outlet - A157,Clarks Outlet,outlet,as listed,Suite 920 5205 Airways Blvd,SOUTHAVEN,MS,38671,US,6627725942,Tanger Memphis,https://www.clarks.com/en-us/store-locator/UnitedStates/SOUTHAVEN/A157,2026-10-08,-
Clarks,Clarks Outlet - A156,Clarks Outlet,outlet,as listed,Suite 401 800 Brevard Road,ASHEVILLE,NC,28806,US,8286674055,Asheville Outlets,https://www.clarks.com/en-us/store-locator/UnitedStates/ASHEVILLE/A156,2026-10-08,-
Clarks,Clarks Outlet - A155,Clarks Outlet,outlet,as listed,Suite 735 100 Premium Outlets Drive,GLOUCESTER,NJ,08012,US,8564799379,Gloucester Premium Outlets,https://www.clarks.com/en-us/store-locator/UnitedStates/GLOUCESTER/A155,2026-10-08,-
Clarks,Clarks Outlet - A154,Clarks Outlet,outlet,as listed,Charlotte Premium Suite 920,CHARLOTTE,NC,28278,US,7045875449,5404 New Fashion Way,https://www.clarks.com/en-us/store-locator/UnitedStates/CHARLOTTE/A154,2026-10-08,-
Clarks,Clarks Outlet - A152,Clarks Outlet,outlet,as listed,Suite 609 200 Tanger Outlets Blvd,POOLER,GA,31322,US,9129885056,Outlet Mall of Georgia,https://www.clarks.com/en-us/store-locator/UnitedStates/POOLER/A152,2026-10-08,-
Clarks,Clarks Outlet - A151,Clarks Outlet,outlet,as listed,Suite 528 101 West Avenida Vista Hermosa,SAN CLEMENTE,CA,92672,US,9494982673,Plaza San Clemente,https://www.clarks.com/en-us/store-locator/UnitedStates/SAN%20CLEMENTE/A151,2026-10-08,-
Clarks,Clarks Outlet - A149,Clarks Outlet,outlet,as listed,715 6800 N 95TH AVE,GLENDALE,AZ,85305,US,6238773651,Tanger Westgate Outlet,https://www.clarks.com/en-us/store-locator/UnitedStates/GLENDALE/A149,2026-10-08,-
Clarks,Clarks Outlet - A147,Clarks Outlet,outlet,as listed,Suite 630 455 Trolley Line Blvd,MASHANTUCKET,CT,06338,US,8602135003,Tanger Foxwoods,https://www.clarks.com/en-us/store-locator/UnitedStates/MASHANTUCKET/A147,2026-10-08,-
Clarks,Clarks Outlet - A146,Clarks Outlet,outlet,as listed,"6800 Oxon Hill Road, Suite 872",OXON HILL,MD,20745,US,3016860675,Tanger National Harbor,https://www.clarks.com/en-us/store-locator/UnitedStates/OXON%20HILL/A146,2026-10-08,-
Clarks,Clarks Outlet - A145,Clarks Outlet,outlet,as listed,Suite 905 2382 Grand Cypress Drive,LUTZ,FL,33559,US,8139488537,Outlets of Tampa,https://www.clarks.com/en-us/store-locator/UnitedStates/LUTZ/A145,2026-10-08,-
Clarks,Clarks Outlet - A144,Clarks Outlet,outlet,as listed,Space 412 18505 Outlet Blvd,CHESTERFIELD,MO,63005,US,6367781378,St. Louis Premium Outlets,https://www.clarks.com/en-us/store-locator/UnitedStates/CHESTERFIELD/A144,2026-10-08,-
Clarks,Clarks Outlet - A143,Clarks Outlet,outlet,as listed,Suite W-241 1781 Palm Beach Lakes Blvd,W. PALM BEACH,FL,33401,US,5616168669,Palm Beach Outlets,https://www.clarks.com/en-us/store-locator/UnitedStates/W.%20PALM%20BEACH/A143,2026-10-08,-
Clarks,Clarks Outlet - A142,Clarks Outlet,outlet,as listed,Suite E-580 915 Ridgewalk Parkway,WOODSTOCK,GA,30188,US,7705929362,The Shoppes at Atlanta,https://www.clarks.com/en-us/store-locator/UnitedStates/WOODSTOCK/A142,2026-10-08,-
Clarks,Clarks Outlet - A141,Clarks Outlet,outlet,as listed,1889 Fashion Outlet Blvd,NIAGARA FALLS,NY,14304,US,7162970412,Niagara Falls Outlet,https://www.clarks.com/en-us/store-locator/UnitedStates/NIAGARA%20FALLS/A141,2026-10-08,-
Clarks,Clarks Outlet - A138,Clarks Outlet,outlet,as listed,3700 N. Cabelas Blvd. Ste 416,LEHI,UT,84048,US,8019011330,Traverse Mountain,https://www.clarks.com/en-us/store-locator/UnitedStates/LEHI/A138,2026-10-08,-
Clarks,Clarks Outlet - A136,Clarks Outlet,outlet,as listed,5050 Factory Shop Blvd,CASTLE ROCK,CO,80108,US,3038146940,Outlets at Castle Rock,https://www.clarks.com/en-us/store-locator/UnitedStates/CASTLE%20ROCK/A136,2026-10-08,-
Clarks,Clarks Outlet - A135,Clarks Outlet,outlet,as listed,Suite 1175 5220 Fashion Outlets Way,ROSEMONT,IL,60018,US,8472339066,Fashion Outlets of Chicago,https://www.clarks.com/en-us/store-locator/UnitedStates/ROSEMONT/A135,2026-10-08,-
Clarks,Clarks Outlet - A133,Clarks Outlet,outlet,as listed,5885 Gulf Freeway Suite 830,TEXAS CITY,TX,77591,US,281-337-8905,Tanger Outlets Houston,https://www.clarks.com/en-us/store-locator/UnitedStates/TEXAS%20CITY/A133,2026-10-08,-
Clarks,Clarks Outlet - A132,Clarks Outlet,outlet,as listed,2930 Livermore Outlets Drive,LIVERMORE,CA,94551,US,9256061036,San Francisco Premium Outlets,https://www.clarks.com/en-us/store-locator/UnitedStates/LIVERMORE/A132,2026-10-08,-
Clarks,Clarks Outlet - A131,Clarks Outlet,outlet,as listed,Oklahoma City Shops Suite H-830,OKLAHOMA CITY,OK,73127,US,4057872800,7624 West Reno Avenue,https://www.clarks.com/en-us/store-locator/UnitedStates/OKLAHOMA%20CITY/A131,2026-10-08,-
Clarks,Clarks Outlet - A130,Clarks Outlet,outlet,as listed,SP G758 7051 South Desert Blvd,CANUTILLO,TX,79835,US,9158777314,Shoppes At El Paso,https://www.clarks.com/en-us/store-locator/UnitedStates/CANUTILLO/A130,2026-10-08,-
Clarks,Clarks Outlet - A129,Clarks Outlet,outlet,as listed,"1000 Tanger Drive, Suite 503",LOCUST GROVE,GA,30248,US,7708982596,Locust Grove,https://www.clarks.com/en-us/store-locator/UnitedStates/LOCUST%20GROVE/A129,2026-10-08,-
Clarks,Clarks Outlet - A128,Clarks Outlet,outlet,as listed,800 Steven B. Tanger Blvd #411,COMMERCE,GA,30529,US,7063350714,Commerce ll,https://www.clarks.com/en-us/store-locator/UnitedStates/COMMERCE/A128,2026-10-08,-
Clarks,Clarks Outlet - A126,Clarks Outlet,outlet,as listed,549 South Chillicothe Rd #368,AURORA,OH,44202,US,3309541969,Aurora Farms Premium,https://www.clarks.com/en-us/store-locator/UnitedStates/AURORA/A126,2026-10-08,-
Clarks,Clarks Outlet - A125,Clarks Outlet,outlet,as listed,"13000 Folsom Blvd, Suite 406",FOLSOM,CA,95630,US,9166080864,Folsom Premium,https://www.clarks.com/en-us/store-locator/UnitedStates/FOLSOM/A125,2026-10-08,-
Clarks,Clarks Outlet - A124,Clarks Outlet,outlet,as listed,Suite 363 80 Premium Outlet Blvd,MERRIMACK,NH,03054,US,6034247430,Merrimack Premium,https://www.clarks.com/en-us/store-locator/UnitedStates/MERRIMACK/A124,2026-10-08,-
Clarks,Clarks Outlet - A123,Clarks Outlet,outlet,as listed,"575 West Linmar Lane, SP A-150",JOHNSON CREEK,WI,53038,US,9207994695,Johnson Creek Premium,https://www.clarks.com/en-us/store-locator/UnitedStates/JOHNSON%20CREEK/A123,2026-10-08,-
Clarks,Clarks Outlet - A121,Clarks Outlet,outlet,as listed,Suite 561E 561 S. Fork Avenue SW,NORTH BEND,WA,98045,US,4258880079,North Bend Premium,https://www.clarks.com/en-us/store-locator/UnitedStates/NORTH%20BEND/A121,2026-10-08,-
Clarks,Clarks Outlet - A035,Clarks Outlet,outlet,as listed,30 Center Square,HANOVER,PA,17331,US,7176379157,Broadway and Center Square,https://www.clarks.com/en-us/store-locator/UnitedStates/HANOVER/A035,2026-10-08,-
Sperry,SPERRY TANGER OUTLETS MYRTLE B,SPERRY,outlet,as listed,10839 KINGS ROAD SUITE 735,MYRTLE BEACH,SC,29572,US,+1 854 588 6383,Tanger Outlets Myrtle Beach,https://www.sperry.com/pages/store-locator,2026-10-08,operator: The Aldo Group (sperry.com footer); locator storeType Classic; outlet inferred from venue name; store name truncated by locator
Sperry,SPERRY TANGER OUTLETS LANCASTE,SPERRY,outlet,as listed,311 STANLEY K. TANGER BOULEVAR SUITE 1120,LANCASTER,PA,17602,US,+1 717 208 4321,Tanger Outlets Lancaster,https://www.sperry.com/pages/store-locator,2026-10-08,operator: The Aldo Group (sperry.com footer); locator storeType Classic; outlet inferred from venue name; store name truncated by locator
Sperry,SPERRY TANGER OUTLETS CHARLEST,SPERRY,outlet,as listed,4840 TANGER OUTLET BLVD SUITE 904,NORTH CHARLESTON,SC,29418,US,+1 854 200 1539,Tanger Outlets Charleston,https://www.sperry.com/pages/store-locator,2026-10-08,operator: The Aldo Group (sperry.com footer); locator storeType Classic; outlet inferred from venue name; store name truncated by locator
Sperry,SPERRY DISNEY SPRINGS,SPERRY,own-door,as listed,1520 E BUENA VISTA DRIVE N B06S-111,LAKE BUENA VISTA,FL,32830,US,+1 689 284 0999,Disney Springs,https://www.sperry.com/pages/store-locator,2026-10-08,operator: The Aldo Group (sperry.com footer); locator storeType Classic
Lucchese,Arlington - Arlington,Lucchese,own-door,as listed,1091 Nolan Ryan Expressway,Arlington,TX,76011,US,817-662-7956,-,https://www.lucchese.com/pages/store-locator,2026-10-08,-
Lucchese,Atlanta - Buckhead Village,Lucchese,own-door,open,239 Buckhead Avenue,Atlanta,GA,30305,US,(404) 566-9892,Buckhead Village,https://www.lucchese.com/pages/store-locator,2026-10-08,locator tag: Newly opened
Lucchese,Austin - South Congress,Lucchese,own-door,as listed,1508 South Congress Ave,Austin,TX,78704,US,512-368-8625,-,https://www.lucchese.com/pages/store-locator,2026-10-08,-
Lucchese,Austin - The Domain,Lucchese,own-door,as listed,11401 Century Oaks Terrace Suite 101,Austin,TX,78758,US,(512) 368-8605,The Domain,https://www.lucchese.com/pages/store-locator,2026-10-08,-
Lucchese,Bozeman - Bozeman,Lucchese,own-door,as listed,131 E Main St,Bozeman,MT,59715,US,406-233-0010,-,https://www.lucchese.com/pages/store-locator,2026-10-08,-
Lucchese,Charlotte - Charlotte,Lucchese,own-door,as listed,1711 Commonwealth Ave Suite 160,Charlotte,NC,28205,US,704-251-4852,-,https://www.lucchese.com/pages/store-locator,2026-10-08,-
Lucchese,College Station - Century Square,Lucchese,own-door,as listed,"166 Century Court Building G, Suite #60",College Station,TX,77840,US,979-599-5602,Century Square,https://www.lucchese.com/pages/store-locator,2026-10-08,-
Lucchese,Dallas - Showroom & Retail Store,Lucchese,own-door,as listed,1621 Dragon St.,Dallas,TX,75207,US,469-262-1869,-,https://www.lucchese.com/pages/store-locator,2026-10-08,-
Lucchese,Dallas - Thompson,Lucchese,own-door,as listed,205 N. Akard St.,Dallas,TX,75202,US,469-998-1723,Thompson,https://www.lucchese.com/pages/store-locator,2026-10-08,-
Lucchese,Dallas - NorthPark Center,Lucchese,own-door,open,8687 North Central Expressway Suite 1444,Dallas,TX,75225,US,(469) 305-1057,NorthPark Center,https://www.lucchese.com/pages/store-locator,2026-10-08,locator tag: Newly opened
Lucchese,Denver - Union Station,Lucchese,own-door,as listed,1883 16th St.,Denver,CO,80202,US,720-680-0574,Union Station,https://www.lucchese.com/pages/store-locator,2026-10-08,-
Lucchese,El Paso - Pioneer Plaza,Lucchese,own-door,as listed,127 West Mills,El Paso,TX,79901,US,915-400-7394,Pioneer Plaza,https://www.lucchese.com/pages/store-locator,2026-10-08,-
Lucchese,El Paso - Lucchese Outlet,Lucchese Outlet,outlet,as listed,11751 Gateway Blvd. W.,El Paso,TX,79936,US,915-594-7100,-,https://www.lucchese.com/pages/store-locator,2026-10-08,-
Lucchese,El Paso - Lucchese Outlet,Lucchese Outlet,outlet,as listed,6601 Montana Ave.,El Paso,TX,79925,US,915-778-8060,-,https://www.lucchese.com/pages/store-locator,2026-10-08,-
Lucchese,Fort Worth - Exchange Ave,Lucchese,own-door,as listed,128 East Exchange Avenue #500,Fort Worth,TX,76164,US,817-918-7999,-,https://www.lucchese.com/pages/store-locator,2026-10-08,-
Lucchese,Fort Worth - The Drover Hotel,Lucchese,own-door,as listed,200 Mule Alley,Fort Worth,TX,76164,US,469-998-1667,The Drover Hotel,https://www.lucchese.com/pages/store-locator,2026-10-08,-
Lucchese,Friendswood - Baybrook Mall,Lucchese,own-door,as listed,700 Baybrook Mall Dr Suite F121,Friendswood,TX,77546,US,346-384-8169,Baybrook Mall,https://www.lucchese.com/pages/store-locator,2026-10-08,-
Lucchese,Frisco - The Star,Lucchese,own-door,as listed,6635 Cowboys Way Suite 125,Frisco,TX,75034,US,214-872-4966,The Star,https://www.lucchese.com/pages/store-locator,2026-10-08,-
Lucchese,Houston - Highland Village,Lucchese,own-door,as listed,4051 Westheimer Rd.,Houston,TX,77027,US,832-281-5422,Highland Village,https://www.lucchese.com/pages/store-locator,2026-10-08,-
Lucchese,Las Vegas - Lucchese Premium Outlet,Lucchese Premium Outlet,outlet,open,"785 S. Grand Central Pkwy, #2143",Las Vegas,NV,89106,US,725-209-7966,-,https://www.lucchese.com/pages/store-locator,2026-10-08,locator tag: Newly opened
Lucchese,Mercedes - Rio Grande Valley,Lucchese,outlet,as listed,5001 E. Expressway 83 Suite 832,Mercedes,TX,78570,US,956-597-3010,Rio Grande Valley,https://www.lucchese.com/pages/store-locator,2026-10-08,outlet inferred from venue name (address is Rio Grande Valley Premium Outlets)
Lucchese,Midland - Midland County,Lucchese,own-door,as listed,2705 N. Big Spring Street,Midland,TX,79705,US,432-247-1229,-,https://www.lucchese.com/pages/store-locator,2026-10-08,-
Lucchese,Nashville - The Gulch,Lucchese,own-door,as listed,503 12th Avenue South,Nashville,TN,37203,US,615-242-1161,The Gulch,https://www.lucchese.com/pages/store-locator,2026-10-08,-
Lucchese,Oklahoma City - The National,Lucchese,own-door,as listed,120 Park Ave,Oklahoma City,OK,73102,US,(405) 768-3514,The National,https://www.lucchese.com/pages/store-locator,2026-10-08,-
Lucchese,San Antonio - La Cantera,Lucchese,own-door,as listed,15900 La Cantera Pkwy #3335,San Antonio,TX,78256,US,210-890-8039,La Cantera,https://www.lucchese.com/pages/store-locator,2026-10-08,-
Lucchese,San Antonio - Alamo Quarry Market,Lucchese,own-door,as listed,255 East Basse Rd #800,San Antonio,TX,78209,US,210-343-1101,Alamo Quarry Market,https://www.lucchese.com/pages/store-locator,2026-10-08,-
Lucchese,Santa Fe - The Plaza,Lucchese,own-door,as listed,57 Old Santa Fe Trail,Santa Fe,NM,87501,US,505-820-1883,The Plaza,https://www.lucchese.com/pages/store-locator,2026-10-08,-
Lucchese,Steamboat Springs - Steamboat Springs,Lucchese,own-door,as listed,822 Lincoln Avenue,Steamboat Springs,CO,80487,US,970-200-8140,-,https://www.lucchese.com/pages/store-locator,2026-10-08,-
Lucchese,Sugar Land - First Colony,Lucchese,own-door,as listed,16535 Southwest Fwy Suite 1016,Sugar Land,TX,77479,US,346-341-2005,First Colony,https://www.lucchese.com/pages/store-locator,2026-10-08,-
Lucchese,Telluride - The Madeline,Lucchese,own-door,as listed,568 Mountain Village Blvd. Unit 146,Telluride,CO,81435,US,970-500-6889,The Madeline,https://www.lucchese.com/pages/store-locator,2026-10-08,-
Lucchese,The Woodlands - The Woodlands Mall,Lucchese,own-door,as listed,1201 Lake Woodlands Drive Suite #3021,The Woodlands,TX,77380,US,281-640-0321,The Woodlands Mall,https://www.lucchese.com/pages/store-locator,2026-10-08,-
Lucchese,Willow Park - Parker County,Lucchese,own-door,open,460 Shops Blvd Suite #100,Willow Park,TX,76087,US,817-766-5701,-,https://www.lucchese.com/pages/store-locator,2026-10-08,locator tag: Newly opened
Thursday Boot,Flatiron,Thursday Boot Company,own-door,as listed,"48 W 21st, 2nd Floor",New York,NY,NC,US,(917) 261-6911,-,https://thursdayboots.com/pages/locations,2026-10-08,zip not stated on locations page; banner from page title
Thursday Boot,Wicker Park,Thursday Boot Company,own-door,as listed,1525 N. Milwaukee Ave,Chicago,IL,NC,US,(773) 799-8352,-,https://thursdayboots.com/pages/locations,2026-10-08,zip not stated on locations page; banner from page title
Thursday Boot,Garden State Plaza,Thursday Boot Company,own-door,as listed,1 Garden State Plaza,Paramus,NJ,NC,US,(908) 936-6888,Garden State Plaza,https://thursdayboots.com/pages/locations,2026-10-08,zip not stated on locations page; banner from page title
Thursday Boot,SoHo,Thursday Boot Company,own-door,as listed,45 Crosby St,New York,NY,NC,US,(917) 451-3336,-,https://thursdayboots.com/pages/locations,2026-10-08,zip not stated on locations page; banner from page title
Thursday Boot,San Francisco,Thursday Boot Company,own-door,as listed,449 Octavia Street,San Francisco,CA,NC,US,(415) 374-7591,-,https://thursdayboots.com/pages/locations,2026-10-08,zip not stated on locations page; banner from page title
True Classic,Mission Viejo (South Orange County),TRUE CLASSIC,own-door,as listed,"555 Shops at Mission Viejo, Suite 502A",Mission Viejo,CA,92691,US,949-539-8980,The Shops at Mission Viejo,https://www.trueclassictees.com/pages/stores/mission-viejo,2026-10-08,phone from store page
True Classic,Fashion Valley (San Diego),TRUE CLASSIC,own-door,as listed,"7007 Friars Rd, Suite 651",San Diego,CA,92108,US,(858) 285-1260,Fashion Valley,https://www.trueclassictees.com/pages/stores/fashion-valley,2026-10-08,phone from store page
True Classic,City Creek Center (Salt Lake City),TRUE CLASSIC,own-door,as listed,51 S Main St. STE 155A,Salt Lake City,UT,84101,US,385-622-8905,City Creek Center,https://www.trueclassictees.com/pages/stores/city-creek-center,2026-10-08,phone from store page
True Classic,Florida Mall (Orlando),TRUE CLASSIC,own-door,as listed,8001 S. Orange Blossom Trl suite 1266,Orlando,FL,32809,US,407-664- 1760,Florida Mall,https://www.trueclassictees.com/pages/stores/florida-mall,2026-10-08,phone from store page
True Classic,Southlake (TX) (Dallas area),TRUE CLASSIC,own-door,as listed,116 State Street Unit 116,Southlake,TX,76092,US,(682) 428-7260,-,https://www.trueclassictees.com/pages/stores/southlake-tx,2026-10-08,phone from store page
True Classic,King of Prussia (KOP) (Greater Philadelphia),TRUE CLASSIC,own-door,as listed,160 N Gulph Road Suite 2088B,King of Prussia,PA,19406,US,6105106396,King of Prussia,https://www.trueclassictees.com/pages/stores/king-of-prussia-kop,2026-10-08,phone from store page
True Classic,The Galleria (Houston area),TRUE CLASSIC,own-door,as listed,5135 W. Alabama St.,Houston,TX,77056,US,(346) 319-3976,The Galleria,https://www.trueclassictees.com/pages/stores/the-galleria,2026-10-08,phone from store page
True Classic,Boca Raton (South Florida),TRUE CLASSIC,own-door,as listed,"6000 Glades Road, Suite 1226",Boca Raton,FL,33431,US,561-961-0092,-,https://www.trueclassictees.com/pages/stores/boca-raton,2026-10-08,phone from store page
True Classic,Stonebriar (Dallas area),TRUE CLASSIC,own-door,as listed,"2601 Preston Road, Suite #1088",Frisco,TX,75034,US,945-297-0127,Stonebriar,https://www.trueclassictees.com/pages/stores/stonebriar,2026-10-08,phone from store page
True Classic,Mall of America (Minnesota),TRUE CLASSIC,own-door,as listed,"130 South Avenue, Suite S130",Bloomington,MN,55425,US,952-977-9788,Mall of America,https://www.trueclassictees.com/pages/stores/mall-of-america,2026-10-08,phone from store page
True Classic,"Glendale Galleria (Downtown Glendale, California)",TRUE CLASSIC,own-door,as listed,"1115 Galleria Way, Space #E001",Glendale,CA,91210,US,747-331-4901,Glendale Galleria,https://www.trueclassictees.com/pages/stores/glendale-galleria,2026-10-08,phone from store page
True Classic,Las Vegas (Strip),TRUE CLASSIC,own-door,as listed,3200 Las Vegas Blvd S Space #2350,Las Vegas,NV,89109,US,725-334-3384,-,https://www.trueclassictees.com/pages/stores/las-vegas,2026-10-08,phone from store page
True Classic,Westfield Valley Fair (Bay Area),TRUE CLASSIC,own-door,as listed,2855 Stevens Creek Blvd. Space 1033,Santa Clara,CA,95050,US,669-259-7510,Westfield Valley Fair,https://www.trueclassictees.com/pages/stores/westfield-valley-fair,2026-10-08,phone from store page
Aether Apparel,AETHERla,AETHER,own-door,as listed,149 S La Brea,Los Angeles,CA,90036,US,(323) 272-3519,La Brea District,https://aetherapparel.com/stores/los-angeles,2026-10-10,flagship per page; near brand HQ
Aether Apparel,AETHERnyc,AETHER,own-door,as listed,81 Grand St,New York,NY,10013,US,(646) 682-7416,SoHo (between Wooster and Greene),https://aetherapparel.com/stores/new-york-city,2026-10-10,page describes a return to NYC with a new 1800 sq ft store
Aether Apparel,AETHERsf,AETHER,own-door,as listed,489 Hayes St,San Francisco,CA,94102,US,415-437-2345,"The Proxy, Hayes Valley",https://aetherapparel.com/stores/san-francisco,2026-10-10,shipping-container store; the brand calls it its original standalone store
Aether Apparel,AETHERaspen,AETHER,own-door,as listed,405 E Cooper Ave,Aspen,CO,81611,US,(970) 429-4773,-,https://aetherapparel.com/stores/aspen,2026-10-10,opened 2015; moved to this address in 2023 per page
Aether Apparel,AETHERparkcity,AETHER,own-door,as listed,419 Main Street,Park City,UT,84060,US,(435) 200-8050,-,https://aetherapparel.com/stores/park-city,2026-10-10,"not in worklist claim; site config carries a seasonal notice ""Closed for shoulder season Oct 15 - Nov 25"" (still a standing store)"
Aether Apparel,AETHERstream,AETHER,pop-up,held,NONE,NONE,NONE,NONE,US,NONE,roving Airstream trailer,https://aetherapparel.com/stores/aetherstream,2026-10-10,"listed on the locator; mobile pop-up with no current stop (""Stay Tuned For Upcoming Stops""); rebuilt as AETHERstream 2.0 after a 2024 collision; held, not counted"
Aether Apparel,AETHERoutpost,AETHER,pop-up,closed,80 S. Cache St.,Jackson,WY,83001,US,(307) 203-2430,-,https://aetherapparel.com/stores/outpost,2026-10-10,page marked PERMANENTLY CLOSED; packable mobile-store concept; page is in the sitemap but not linked from /stores
Ariat,Ariat Outlet,Ariat Outlet,outlet,as listed,4976 Premium Outlets Way Suite 822A,Chandler,AZ,85226,US,(480) 569-1224,Phoenix Premium Outlets,https://stores.ariat.com/phoenix,2026-10-10,listed under Phoenix AZ on ariat.com/stores; locally id 174746
Ariat,Ariat,Ariat Store,own-door,as listed,15279 N. Scottsdale Road Suite B105,Scottsdale,AZ,85254,US,+14803201202,NC,https://stores.ariat.com/scottsdale,2026-10-10,locally id 378981
Ariat,Ariat Outlet,Ariat Outlet,outlet,as listed,2796 Tanger Way Suite 330,Barstow,CA,92311,US,(760) 979-1774,Tanger Outlets Barstow,https://stores.ariat.com/barstow,2026-10-10,locally id 378982
Ariat,Ariat Outlet,Ariat Outlet,outlet,as listed,"48750 Seminole Dr, Ste 110",Cabazon,CA,92230,US,(951) 394-4060,Desert Hills Premium Outlets,https://stores.ariat.com/cabazon,2026-10-10,locally id 515778
Ariat,Ariat,Ariat Store,own-door,as listed,714 W. Shaw Avenue Space 45,Fresno,CA,93704,US,+15592363140,NC,https://stores.ariat.com/fresno,2026-10-10,locally id 123660
Ariat,Ariat Work,Ariat Work Store,own-door,as listed,5084 N. Palm Avenue Space 24,Fresno,CA,93704,US,(559) 666-1720,NC,https://stores.ariat.com/fresno-work,2026-10-10,Ariat Work banner (workwear store); locally id 301307
Ariat,Ariat Outlet,Ariat Outlet,outlet,as listed,8300 Arroyo Circle Unit B010,Gilroy,CA,95020,US,(408) 752-4440,Gilroy Premium Outlets,https://stores.ariat.com/gilroy,2026-10-10,locally id 217975
Ariat,Ariat Work,Ariat Work Store,own-door,as listed,9044 Corbin Ave,Northridge,CA,91324,US,(213) 878-2140,NC,https://stores.ariat.com/losangeles-work,2026-10-10,listed as Los Angeles CA on ariat.com/stores; Ariat Work banner; locally id 325892
Ariat,Ariat,Ariat Store,own-door,as listed,12482 North Mainstreet Suite 3310,Rancho Cucamonga,CA,91739,US,+19096898519,NC,https://stores.ariat.com/ranchocucamonga,2026-10-10,locally id 461387
Ariat,Ariat Outlet,Ariat Outlet,outlet,as listed,4125 Camino De La Plaza Suite 418,San Diego,CA,92173,US,(619) 220-2436,Las Americas Premium Outlets,https://stores.ariat.com/sandiego,2026-10-10,locally id 348330
Ariat,Ariat,Ariat Store,own-door,as listed,12202 Ventura Blvd,Studio City,CA,91604,US,(818) 230-6912,NC,https://stores.ariat.com/studiocity,2026-10-10,locally id 404934
Ariat,Ariat Outlet,Ariat Outlet,outlet,as listed,5701 Outlets at Tejon Parkway Suite 955,Arvin,CA,93203,US,(661) 863-9060,Outlets at Tejon,https://stores.ariat.com/tejonranch,2026-10-10,listed as Tejon Ranch CA; locally id 284441
Ariat,Ariat,Ariat Store,own-door,as listed,1460 Larimer Street,Denver,CO,80202,US,+13034073937,NC,https://stores.ariat.com/denver,2026-10-10,locally id 404935
Ariat,Ariat,Ariat Store,own-door,as listed,8232 NW 17th Place Arena 1,Ocala,FL,34482,US,(352) 280-7075,NC,https://stores.ariat.com/ocala,2026-10-10,locally id 223147
Ariat,Ariat Outlet,Ariat Outlet,outlet,as listed,10562 Emerald Coast Parkway West Unit 94,Miramar Beach,FL,32550,US,+18502798677,Silver Sands Premium Outlets,https://stores.ariat.com/silversands,2026-10-10,listed as Silver Sands FL; locally id 378983
Ariat,Ariat Outlet,Ariat Outlet,outlet,as listed,2612 Sawgrass Mills Circle Unit 1513,Sunrise,FL,33323,US,(754) 203-0900,Sawgrass Mills,https://stores.ariat.com/sunrise,2026-10-10,locally id 132912
Ariat,Ariat Outlet,Ariat Outlet,outlet,as listed,200 Tanger Outlet Boulevard Suite 727,Pooler,GA,31322,US,(912) 988-8658,Tanger Outlets Savannah,https://stores.ariat.com/savannah,2026-10-10,listed as Savannah GA; locally id 348329
Ariat,Ariat,Ariat Store,own-door,as listed,120 Summit At Fritz Farm Suite 130,Lexington,KY,40517,US,(859) 479-1920,The Summit at Fritz Farm,https://stores.ariat.com/lexington,2026-10-10,locally id 123659
Ariat,Ariat,Ariat Store,own-door,as listed,103 South Avenue Suite S103,Bloomington,MN,55425,US,+19522485008,Mall of America,https://stores.ariat.com/minneapolis-mallofamerica,2026-10-10,listed as Minneapolis MN; locally id 513786
Ariat,Ariat,Ariat Store,outlet,as listed,"21215 Nebraska Crossing Drive, Suite D109",Gretna,NE,68028,US,(402) 509-9099,Nebraska Crossing Outlets,https://stores.ariat.com/gretna,2026-10-10,locator labels it Ariat Store (full price); coded outlet by the venue rule (named outlet centre); flag for ruling; locally id 426892
Ariat,Ariat,Ariat Store,own-door,as listed,3716 So Las Vegas Blvd Suite 2.05,Las Vegas,NV,89109,US,(702) 462-5787,NC,https://stores.ariat.com/lasvegas,2026-10-10,locally id 349086
Ariat,Ariat,Ariat Store,own-door,as listed,2261 Q Street Northeast Suite 2A,Albuquerque,NM,87110,US,(505) 631-9044,NC,https://stores.ariat.com/albuquerque,2026-10-10,locally id 440069
Ariat,Ariat Work,Ariat Work Store,own-door,as listed,2065 NW 185th Ave,Hillsboro,OR,97124,US,(503) 530-4398,NC,https://stores.ariat.com/hillsboro-work,2026-10-10,Ariat Work banner; locally id 362660
Ariat,Ariat,Ariat Store,own-door,as listed,10013 NE Cascades Parkway Suite S-4B0,Portland,OR,97220,US,(971) 358-3819,NC,https://stores.ariat.com/shop/portland,2026-10-10,locally id 344929
Ariat,Ariat,Ariat Store,own-door,as listed,5034 Broadway Place C107,Nashville,TN,37203,US,+16157016445,NC,https://stores.ariat.com/nashville,2026-10-10,locally id 217974
Ariat,Ariat Outlet,Ariat Outlet,outlet,as listed,4060 Cane Ridge Parkway Suite 520,Antioch,TN,37013,US,(629) 236-6186,Nashville Premium Outlets,https://stores.ariat.com/antioch,2026-10-10,listed as Nashville TN on ariat.com/stores; locally id 344928
Ariat,Ariat,Ariat Store,own-door,as listed,1323 South Congress Avenue,Austin,TX,78704,US,(512) 200-8075,NC,https://stores.ariat.com/austin,2026-10-10,locally id 458555
Ariat,Ariat Outlet,Ariat Outlet,outlet,as listed,1319 George Dieter Dr,El Paso,TX,79936,US,(915) 257-8146,NC,https://stores.ariat.com/elpaso,2026-10-10,locally id 198733
Ariat,Ariat,Ariat Store,own-door,as listed,128 East Exchange Avenue Suite 600,Fort Worth,TX,76164,US,+16822679390,Fort Worth Stockyards,https://stores.ariat.com/fortworth,2026-10-10,locally id 244960
Ariat,Ariat,Ariat Store,own-door,as listed,78 East 11400 South Suite B,Draper,UT,84020,US,(801) 849-3344,NC,https://stores.ariat.com/draper,2026-10-10,locally id 368079
Ariat,Ariat Outlet,Ariat Outlet,outlet,as listed,3700 N. Cabelas Boulevard Suite 339,Lehi,UT,84048,US,(801) 980-7170,Outlets at Traverse Mountain,https://stores.ariat.com/lehi,2026-10-10,locally id 174745
Ariat,Stages West,Stages West,own-door,held,2765 Parkway,Pigeon Forge,TN,37863,US,(865) 453-8086,NC,https://stores.ariat.com/pigeonforge,2026-10-10,listed among Ariat Stores on ariat.com/stores and in the Locally own-store map (id 65228) but under the Stages West banner; ownership/operator not stated on the locator; held pending ruling
Ariat,Ariat Outlet (Castle Rock),Ariat Outlet,outlet,held,NC,Castle Rock,CO,NC,US,NC,NC,https://www.ariat.com/stores,2026-10-10,"listed on ariat.com/stores as Ariat Outlet, Castle Rock CO, but stores.ariat.com/castlerock returns an error page (Error in exception handler) and the store is absent from the Locally own-store map; address unpublished; possibly closed or not yet open"
Belstaff,New York,Belstaff,own-door,as listed,62 Gansevoort St,New York,NY,10014,US,+1 917 410 7079,-,https://belstaff.com/en-us/pages/customer-service-our-stores,2026-10-10,only US entry on the brand's Our Stores page (23 stores worldwide); state not printed on the locator (NY inferred from New York + ZIP 10014); Meatpacking District address; operator not stated
Bogner,BOGNER Store New York,BOGNER Store,own-door,as listed,755A Madison Avenue,New York,NY,10065,US,+1 212-219-2757,street-front (Madison Avenue),https://www.bogner.com/en-us/s/stores/116.html,2026-10-10,"operator not stated; bogner.com news (Nov 2021) says Madison Ave began as a winter pop-up run with FlagshipRTL, now listed as a BOGNER Store"
Carhartt WIP,Los Angeles,Carhartt WIP,own-door,as listed,136 South La Brea Ave,Los Angeles,CA,90036,US,+1 323-917-5150,NONE,https://us.carhartt-wip.com/en-us/stores/los-angeles,2026-10-10,US store page lists it under market-us; operator not stated on the locator
Carhartt WIP,Brooklyn,Carhartt WIP,own-door,as listed,132 Bedford Ave,Brooklyn,NY,11249,US,+1 718-576-3885,NONE,https://us.carhartt-wip.com/en-us/stores/brooklyn,2026-10-10,US store page lists it under market-us; operator not stated on the locator
Carhartt WIP,New York,Carhartt WIP,own-door,as listed,286 Lafayette Street,New York,NY,10012,US,+1 929-209-0014,NONE,https://us.carhartt-wip.com/en-us/stores/new-york,2026-10-10,US store page lists it under market-us; operator not stated on the locator
Chubbies,MIRAMAR BEACH,Chubbies,own-door,as listed,560 Grand Blvd L-107,Miramar Beach,FL,32550,US,(850) 275-9450,Grand Boulevard (Sandestin),https://www.chubbiesshorts.com/pages/stores,2026-10-10,"venue inferred from address, not named by locator; operator not stated (brand-run per locator)"
Chubbies,TAMPA,Chubbies,own-door,as listed,2223 N Westshore Blvd STE 184,Tampa,FL,33607,US,(813) 667-6669,International Plaza,https://www.chubbiesshorts.com/pages/stores,2026-10-10,"venue inferred from address, not named by locator; operator not stated (brand-run per locator)"
Chubbies,MALL OF AMERICA,Chubbies,own-door,as listed,116 South Ave Space S116,Bloomington,MN,55425,US,(210) 759-2295,Mall of America,https://www.chubbiesshorts.com/pages/stores,2026-10-10,venue named by locator; operator not stated (brand-run per locator)
Chubbies,RALEIGH,Chubbies,own-door,as listed,4325 Glenwood Ave #2093,Raleigh,NC,27612,US,(682) 688-8825,Crabtree Valley Mall,https://www.chubbiesshorts.com/pages/stores,2026-10-10,"venue inferred from address, not named by locator; operator not stated (brand-run per locator)"
Chubbies,CHARLESTON,Chubbies,own-door,as listed,333 King St,Charleston,SC,29401,US,(843) 405-4867,King Street (street front),https://www.chubbiesshorts.com/pages/stores,2026-10-10,"venue inferred from address, not named by locator; operator not stated (brand-run per locator)"
Chubbies,ALLEN - OUTLET,Chubbies,outlet,as listed,820 W Stacy Rd #178,Allen,TX,75013,US,(214) 495-1905,Allen Premium Outlets,https://www.chubbiesshorts.com/pages/stores,2026-10-10,locator labels it OUTLET; address is Allen Premium Outlets (inferred); operator not stated (brand-run per locator)
Chubbies,HOUSTON,Chubbies,own-door,as listed,"303 Memorial City Mall, #253",Houston,TX,77024,US,(713) 929-9593,Memorial City Mall,https://www.chubbiesshorts.com/pages/stores,2026-10-10,venue in listed address; locator Get Directions link still points to a Google Maps place at 645 Heights Blvd Suite D (likely the former Heights store) - counted once at the listed address; operator not stated (brand-run per locator)
Chubbies,SOUTHLAKE,Chubbies,own-door,as listed,323 Grand Ave E,Southlake,TX,76092,US,(817) 305-7051,Southlake Town Square,https://www.chubbiesshorts.com/pages/stores,2026-10-10,"venue inferred from address, not named by locator; operator not stated (brand-run per locator)"
Chubbies,STONEBRIAR,Chubbies,own-door,as listed,2601 Preston Rd #1036,Frisco,TX,75034,US,(972) 987-0704,Stonebriar Centre,https://www.chubbiesshorts.com/pages/stores,2026-10-10,locator names it STONEBRIAR; full venue name inferred; operator not stated (brand-run per locator)
Chubbies,WOODLANDS,Chubbies,own-door,as listed,1201 Lake Woodlands Dr Ste #1178,The Woodlands,TX,77380,US,(713) 322-9248,The Woodlands Mall,https://www.chubbiesshorts.com/pages/stores,2026-10-10,locator names it WOODLANDS; full venue name inferred; operator not stated (brand-run per locator)
